gob_offset,flag,uncomp_size,crc32,name,path,method
0x0,122,671,0x327a56c7,.\common\audio\arena1_2devents.csv,gfc_extracted\./common/audio/arena1_2devents.csv,crc
0x800,122,1722,0x6a8b9e07,.\common\audio\teknee1_2devents.csv,gfc_extracted\./common/audio/teknee1_2devents.csv,crc
0x1000,122,2522,0xbf644f5,.\common\audio\voicegroups.csv,gfc_extracted\./common/audio/voicegroups.csv,crc
0x1800,122,123,0xce57fe59,.\common\audio\voices.csv,gfc_extracted\./common/audio/voices.csv,crc
0x2000,122,512,0xe9450156,.\ps2\audio\voodrum1.vag,gfc_extracted\./ps2/audio/voodrum1.vag,crc
0x2800,122,7509,0xf6430438,.\ps2\controls\deadzonemaps.csv,gfc_extracted\./ps2/controls/deadzonemaps.csv,crc
0x3000,122,2899,0xa3bbbe2c,.\ps2\controls\tactile.csv,gfc_extracted\./ps2/controls/tactile.csv,crc
0x3800,122,547,0x17f87696,.\ps2\gfx\chars\barinboss.igb,gfc_extracted\./ps2/gfx/chars/barinboss.igb,crc
0x4000,122,311,0xe10a4dba,.\common\gameprogression\adventurehistory.csv,gfc_extracted\./common/gameprogression/adventurehistory.csv,crc
0x4800,122,3035,0x75cca258,.\common\gameprogression\adventuretracksmanager.csv,gfc_extracted\./common/gameprogression/adventuretracksmanager.csv,crc
0x5000,122,2459,0xf3d5c18f,.\common\gameprogression\arcadehistory.csv,gfc_extracted\./common/gameprogression/arcadehistory.csv,crc
0x5800,122,188,0xa6e798f2,.\common\gameprogression\crystaltimes.csv,gfc_extracted\./common/gameprogression/crystaltimes.csv,crc
0x6000,122,447,0x4aa0ea72,.\common\gameprogression\ctfconfig.csv,gfc_extracted\./common/gameprogression/ctfconfig.csv,crc
0x6800,122,1110,0xa365045e,.\common\gameprogression\cuppoints.csv,gfc_extracted\./common/gameprogression/cuppoints.csv,crc
0x7000,122,430,0x74b84dcd,.\common\gameprogression\domconfig.csv,gfc_extracted\./common/gameprogression/domconfig.csv,crc
0x7800,122,241,0x7f91ca61,.\common\gameprogression\fmvhistory.csv,gfc_extracted\./common/gameprogression/fmvhistory.csv,crc
0x8000,122,674,0xd34e9582,.\common\gameprogression\goalstorewardsconverter.csv,gfc_extracted\./common/gameprogression/goalstorewardsconverter.csv,crc
0x8800,122,1438,0x4e87212b,.\common\gameprogression\hinthistory.csv,gfc_extracted\./common/gameprogression/hinthistory.csv,crc
0x9000,122,1122,0x4848025f,.\common\gameprogression\hiscores.csv,gfc_extracted\./common/gameprogression/hiscores.csv,crc
0x9800,122,9342,0x894eeb0c,.\common\gameprogression\ntropyghostunlocktimes.csv,gfc_extracted\./common/gameprogression/ntropyghostunlocktimes.csv,crc
0xa000,122,769,0x4a18720c,.\common\gameprogression\percentcomplete.csv,gfc_extracted\./common/gameprogression/percentcomplete.csv,crc
0xa800,122,159,0x56d1dc8,.\common\gameprogression\relictimes.csv,gfc_extracted\./common/gameprogression/relictimes.csv,crc
0xb000,122,1115,0x3f75e773,.\common\gameprogression\unlockables.csv,gfc_extracted\./common/gameprogression/unlockables.csv,crc
0xb800,122,2187,0x9178878b,.\common\gameprogression\warppadinfo.csv,gfc_extracted\./common/gameprogression/warppadinfo.csv,crc
0xc000,122,4486,0x216b8f73,.\common\gfx\extanim\barin1-anim-cam.igb,gfc_extracted\./common/gfx/extanim/barin1-anim-cam.igb,crc
0xc800,122,398,0x816694f3,.\common\hints\aku370.rcf,gfc_extracted\./common/hints/aku370.rcf,crc
0xd000,122,7029,0xdd5bffeb,.\common\hud\spectator.csv,gfc_extracted\./common/hud/spectator.csv,crc
0xe000,122,14587,0x4c7521fa,.\common\physics\kartrepel.csv,gfc_extracted\./common/physics/kartrepel.csv,crc
0xf000,122,15662,0x3707080b,.\common\physics\kpcoco.csv,gfc_extracted\./common/physics/kpcoco.csv,crc
0x10800,122,2277,0x79ba2fee,.\common\physics\kpcortex.csv,gfc_extracted\./common/physics/kpcortex.csv,crc
0x11000,122,2272,0x50c5b0c1,.\common\physics\kpcrash.csv,gfc_extracted\./common/physics/kpcrash.csv,crc
0x11800,122,2272,0x50c5b0c1,.\common\physics\kpcrash.csv,gfc_extracted\./common/physics/kpcrash.csv,crc
0x12000,122,2271,0x5ec2f257,.\common\physics\kpdingodile.csv,gfc_extracted\./common/physics/kpdingodile.csv,crc
0x12800,122,2137,0x3f6185c1,.\common\physics\kpfakecrash.csv,gfc_extracted\./common/physics/kpfakecrash.csv,crc
0x13000,122,2279,0xd2473aae,.\common\physics\kpngin.csv,gfc_extracted\./common/physics/kpngin.csv,crc
0x13800,122,2277,0x79ba2fee,.\common\physics\kpcortex.csv,gfc_extracted\./common/physics/kpcortex.csv,crc
0x14000,122,2270,0x2a827b9e,.\common\physics\kpntrance.csv,gfc_extracted\./common/physics/kpntrance.csv,crc
0x14800,122,2270,0x2a827b9e,.\common\physics\kpntrance.csv,gfc_extracted\./common/physics/kpntrance.csv,crc
0x15000,122,2273,0xc4b239f9,.\common\physics\kppolar.csv,gfc_extracted\./common/physics/kppolar.csv,crc
0x15800,122,2191,0x76e02594,.\common\physics\kppura.csv,gfc_extracted\./common/physics/kppura.csv,crc
0x16000,122,2191,0x76e02594,.\common\physics\kppura.csv,gfc_extracted\./common/physics/kppura.csv,crc
0x16800,122,2119,0x98ba8224,.\common\physics\kptiny.csv,gfc_extracted\./common/physics/kptiny.csv,crc
0x17000,122,2271,0x5ec2f257,.\common\physics\kpdingodile.csv,gfc_extracted\./common/physics/kpdingodile.csv,crc
0x17800,122,2191,0x76e02594,.\common\physics\kppura.csv,gfc_extracted\./common/physics/kppura.csv,crc
0x18000,122,2139,0x80e77fe3,.\common\physics\surfparm.csv,gfc_extracted\./common/physics/surfparm.csv,crc
0x18800,122,1103,0x75e40fa4,.\common\ui\dut\credits.csv,gfc_extracted\./common/ui/dut/credits.csv,crc
0x19000,122,1893,0xa6d18ffa,.\common\ui\feobjspool.csv,gfc_extracted\./common/ui/feobjspool.csv,crc
0x19800,122,74,0x83134789,.\common\ui\igigb_hb.csv,gfc_extracted\./common/ui/igigb_hb.csv,crc
0x1a000,122,779,0x5270c86f,.\common\ui\igobjspool.csv,gfc_extracted\./common/ui/igobjspool.csv,crc
0x1a800,122,153,0x8516447f,.\ps2\ui\introdsc.dat,gfc_extracted\./ps2/ui/introdsc.dat,crc
0x1b000,48,2043,0x1cb8564,,gfc_extracted\block_00050\block_00050.csv,content
0x1b800,122,504,0x49325caa,.\common\ui\spa\credits.csv,gfc_extracted\./common/ui/spa/credits.csv,crc
0x1c000,122,452,0x44cf8b12,.\common\weapons\bossweapons.csv,gfc_extracted\./common/weapons/bossweapons.csv,crc
0x1c800,122,65536,0xb06be294,,gfc_extracted\block_00053\block_00053.bin,content
0x22800,122,15276,0x8d09b862,,gfc_extracted\block_00054\block_00054.bin,content
0x24800,122,4029,0xa89664b5,.\ps2\ui\introtxr.igb,gfc_extracted\./ps2/ui/introtxr.igb,crc
0x25000,122,1041,0xf9ecc789,.\common\ui\ita\credits.csv,gfc_extracted\./common/ui/ita/credits.csv,crc
0x25800,122,4248,0xfa3ba8eb,.\ps2\gfx\ui\buttons\bar.igb,gfc_extracted\./ps2/gfx/ui/buttons/bar.igb,crc
0x26000,122,65536,0x3fbb86e9,,gfc_extracted\block_00058\block_00058.bin,content
0x27800,122,65536,0x9fde4511,,gfc_extracted\block_00059\block_00059.bin,content
0x29800,122,65536,0x371accdb,,gfc_extracted\block_00060\block_00060.bin,content
0x2a800,122,65536,0x436207fb,,gfc_extracted\block_00061\block_00061.bin,content
0x2c000,122,65536,0x8bb6be67,,gfc_extracted\block_00062\block_00062.bin,content
0x2c800,122,65536,0xba9038a4,,gfc_extracted\block_00063\block_00063.bin,content
0x2d800,122,7221,0x787797df,,gfc_extracted\block_00064\block_00064.bin,content
0x2e000,122,42398,0xa3f699eb,.\ps2\ui\fetextur.igb,gfc_extracted\./ps2/ui/fetextur.igb,crc
0x32800,48,67579,0x43196c5f,,gfc_extracted\block_00066\block_00066.png,content
0x43000,48,67579,0xc405412f,,gfc_extracted\block_00067\block_00067.bin,content
0x53800,48,67579,0x4b1fedb8,,gfc_extracted\block_00068\block_00068.bin,content
0x64000,48,67579,0x2679776b,,gfc_extracted\block_00069\block_00069.bin,content
0x74800,48,67579,0x5f136a8a,,gfc_extracted\block_00070\block_00070.bin,content
0x85000,48,67579,0xaa9186b1,,gfc_extracted\block_00071\block_00071.bin,content
0x95800,48,10235,0xabdb9df8,,gfc_extracted\block_00072\block_00072.bin,content
0x98000,122,1833,0x3c09c522,.\ps2\audio\ukadrm2.vag,gfc_extracted\./ps2/audio/ukadrm2.vag,crc
0x98800,122,35784,0x92749d62,.\common\camera\allmodes_earth1.csv,gfc_extracted\./common/camera/allmodes_earth1.csv,crc
0x9a000,122,16336,0xa2264b82,.\common\ui\feigb.csv,gfc_extracted\./common/ui/feigb.csv,crc
0x9b000,122,65536,0xae267e2f,,gfc_extracted\block_00076\block_00076.bin,content
0x9d800,122,65536,0x1922fc84,,gfc_extracted\block_00077\block_00077.bin,content
0x9f000,122,65536,0x888fccec,,gfc_extracted\block_00078\block_00078.bin,content
0xa0800,122,65536,0x173f5d54,,gfc_extracted\block_00079\block_00079.bin,content
0xa2000,122,31229,0x7bbf46ee,,gfc_extracted\block_00080\block_00080.bin,content
0xa3800,122,1064,0xe92286af,.\common\ui\fre\credits.csv,gfc_extracted\./common/ui/fre/credits.csv,crc
0xa4000,122,7662,0xc334bd88,.\ps2\gfx\ui\buttons\btn_10.igb,gfc_extracted\./ps2/gfx/ui/buttons/btn_10.igb,crc
0xa4800,122,13022,0x8fb0823,.\ps2\gfx\ui\buttons\btn_12.igb,gfc_extracted\./ps2/gfx/ui/buttons/btn_12.igb,crc
0xa5800,122,13030,0xa07b44d,.\ps2\gfx\ui\buttons\btn_14.igb,gfc_extracted\./ps2/gfx/ui/buttons/btn_14.igb,crc
0xa6800,122,13030,0xb5c3eec8,.\ps2\gfx\ui\buttons\btn_2.igb,gfc_extracted\./ps2/gfx/ui/buttons/btn_2.igb,crc
0xa7800,122,13026,0xda195561,.\ps2\gfx\ui\buttons\btn_4.igb,gfc_extracted\./ps2/gfx/ui/buttons/btn_4.igb,crc
0xa8800,122,13026,0x2f2b7c90,.\ps2\gfx\ui\buttons\btn_6.igb,gfc_extracted\./ps2/gfx/ui/buttons/btn_6.igb,crc
0xa9800,122,13026,0x42b4125f,.\ps2\gfx\ui\buttons\btn_8.igb,gfc_extracted\./ps2/gfx/ui/buttons/btn_8.igb,crc
0xaa800,122,13026,0xf524f3a,.\ps2\gfx\ui\buttons\focus_btn_10.igb,gfc_extracted\./ps2/gfx/ui/buttons/focus_btn_10.igb,crc
0xab800,122,19922,0x4149a0f9,.\ps2\gfx\ui\buttons\focus_btn_12.igb,gfc_extracted\./ps2/gfx/ui/buttons/focus_btn_12.igb,crc
0xad000,122,19922,0x28816fd9,.\ps2\gfx\ui\buttons\focus_btn_14.igb,gfc_extracted\./ps2/gfx/ui/buttons/focus_btn_14.igb,crc
0xae800,122,19922,0x27e00db,.\ps2\gfx\ui\buttons\focus_btn_2.igb,gfc_extracted\./ps2/gfx/ui/buttons/focus_btn_2.igb,crc
0xb0000,122,19922,0xeea5f18f,.\ps2\gfx\ui\buttons\focus_btn_4.igb,gfc_extracted\./ps2/gfx/ui/buttons/focus_btn_4.igb,crc
0xb1800,122,19922,0x725601b0,.\ps2\gfx\ui\buttons\focus_btn_6.igb,gfc_extracted\./ps2/gfx/ui/buttons/focus_btn_6.igb,crc
0xb3000,122,19922,0xed5757f,.\ps2\gfx\ui\buttons\focus_btn_8.igb,gfc_extracted\./ps2/gfx/ui/buttons/focus_btn_8.igb,crc
0xb4800,122,19922,0xbdaf80ae,.\ps2\gfx\ui\b_flag.igb,gfc_extracted\./ps2/gfx/ui/b_flag.igb,crc
0xb6000,122,30568,0x6c427f08,.\ps2\gfx\ui\trkrbns\trkrbn_brn2.igb,gfc_extracted\./ps2/gfx/ui/trkrbns/trkrbn_brn2.igb,crc
0xb9800,122,25980,0x786e5a11,.\ps2\gfx\ui\trkrbns\trkrbn_brn3.igb,gfc_extracted\./ps2/gfx/ui/trkrbns/trkrbn_brn3.igb,crc
0xbc800,122,34220,0x9eb7823c,.\ps2\gfx\ui\trkrbns\trkrbn_eth1.igb,gfc_extracted\./ps2/gfx/ui/trkrbns/trkrbn_eth1.igb,crc
0xc1000,122,23484,0x5006152d,.\ps2\gfx\ui\trkrbns\trkrbn_eth2.igb,gfc_extracted\./ps2/gfx/ui/trkrbns/trkrbn_eth2.igb,crc
0xc3800,122,30572,0x34be187c,.\ps2\gfx\ui\trkrbns\trkrbn_eth3.igb,gfc_extracted\./ps2/gfx/ui/trkrbns/trkrbn_eth3.igb,crc
0xc7000,122,29524,0x2e564504,.\ps2\gfx\ui\trkrbns\trkrbn_fen1.igb,gfc_extracted\./ps2/gfx/ui/trkrbns/trkrbn_fen1.igb,crc
0xca800,122,31116,0xc9968082,.\ps2\gfx\ui\trkrbns\trkrbn_fen2.igb,gfc_extracted\./ps2/gfx/ui/trkrbns/trkrbn_fen2.igb,crc
0xce000,122,21488,0xa948b6ec,.\ps2\gfx\ui\trkrbns\trkrbn_fen3.igb,gfc_extracted\./ps2/gfx/ui/trkrbns/trkrbn_fen3.igb,crc
0xd0800,122,33872,0x48352eb4,.\ps2\gfx\ui\trkrbns\trkrbn_tek1.igb,gfc_extracted\./ps2/gfx/ui/trkrbns/trkrbn_tek1.igb,crc
0xd4000,122,33704,0x272ae7ad,.\ps2\gfx\ui\trkrbns\trkrbn_tek2.igb,gfc_extracted\./ps2/gfx/ui/trkrbns/trkrbn_tek2.igb,crc
0xd7800,122,30424,0xa1facb9c,.\ps2\gfx\ui\trkrbns\trkrbn_tek3.igb,gfc_extracted\./ps2/gfx/ui/trkrbns/trkrbn_tek3.igb,crc
0xdb000,122,36748,0xf6fef1ab,.\ps2\gfx\ui\trkrbns\trkrbn_velo.igb,gfc_extracted\./ps2/gfx/ui/trkrbns/trkrbn_velo.igb,crc
0xdf000,122,23492,0xe7f3da6c,.\ps2\gfx\ui\trophy\b_flag.igb,gfc_extracted\./ps2/gfx/ui/trophy/b_flag.igb,crc
0xe1800,122,13944,0x22883c63,.\ps2\gfx\ui\background.igb,gfc_extracted\./ps2/gfx/ui/background.igb,crc
0xe2800,122,5836,0x23fe22f0,.\common\gfx\ui\pedecam.igb,gfc_extracted\./common/gfx/ui/pedecam.igb,crc
0xe3000,122,65536,0x9f641e6a,,gfc_extracted\block_00112\block_00112.bin,content
0xe6000,122,65536,0x1d98599d,,gfc_extracted\block_00113\block_00113.bin,content
0xf0000,122,65536,0xc58009ed,,gfc_extracted\block_00114\block_00114.bin,content
0xfa800,122,65536,0xcd818265,,gfc_extracted\block_00115\block_00115.bin,content
0x104800,122,65536,0x33efd148,,gfc_extracted\block_00116\block_00116.bin,content
0x10d000,122,65536,0xecfdd29,,gfc_extracted\block_00117\block_00117.bin,content
0x115800,122,65536,0x983cf23c,,gfc_extracted\block_00118\block_00118.bin,content
0x11f800,122,65536,0x89adc4b7,,gfc_extracted\block_00119\block_00119.bin,content
0x129000,122,65536,0x6745c288,,gfc_extracted\block_00120\block_00120.bin,content
0x132800,122,65536,0x167689a5,,gfc_extracted\block_00121\block_00121.bin,content
0x13f800,122,52316,0x233efd0f,,gfc_extracted\block_00122\block_00122.bin,content
0x147000,122,6040,0x8ccace2f,.\ps2\gfx\ui\cam_tocortex.igb,gfc_extracted\./ps2/gfx/ui/cam_tocortex.igb,crc
0x148000,122,6032,0xfb149695,.\ps2\gfx\ui\cam_tocrash.igb,gfc_extracted\./ps2/gfx/ui/cam_tocrash.igb,crc
0x149000,122,6024,0x338a3534,.\ps2\gfx\ui\charmodels\coco.igb,gfc_extracted\./ps2/gfx/ui/charmodels/coco.igb,crc
0x14a000,122,65536,0x480c0051,,gfc_extracted\block_00126\block_00126.bin,content
0x14f800,122,65536,0xe6093957,,gfc_extracted\block_00127\block_00127.bin,content
0x156000,122,65536,0xa1e213ce,,gfc_extracted\block_00128\block_00128.bin,content
0x15d000,122,23142,0xabc8beff,,gfc_extracted\block_00129\block_00129.bin,content
0x15e800,122,65536,0xfeae3f88,,gfc_extracted\block_00130\block_00130.bin,content
0x163800,122,65536,0xe719122b,,gfc_extracted\block_00131\block_00131.bin,content
0x169000,122,65536,0x31fb2c7,,gfc_extracted\block_00132\block_00132.bin,content
0x170000,122,16124,0x508d8f0e,,gfc_extracted\block_00133\block_00133.bin,content
0x172800,122,65536,0xda5716d1,,gfc_extracted\block_00134\block_00134.bin,content
0x176000,122,65536,0x7df4688a,,gfc_extracted\block_00135\block_00135.bin,content
0x17d800,122,65536,0x2bde50fe,,gfc_extracted\block_00136\block_00136.bin,content
0x185800,122,20772,0xb68d360e,,gfc_extracted\block_00137\block_00137.bin,content
0x187800,122,65536,0x9d2c7c12,,gfc_extracted\block_00138\block_00138.bin,content
0x18c800,122,65536,0xf4a19642,,gfc_extracted\block_00139\block_00139.bin,content
0x193000,122,44856,0xf420c32e,,gfc_extracted\block_00140\block_00140.bin,content
0x198000,122,65536,0x8e88e476,,gfc_extracted\block_00141\block_00141.bin,content
0x19c800,122,65536,0x58ff51ed,,gfc_extracted\block_00142\block_00142.bin,content
0x1a3000,122,65536,0xc5d5176a,,gfc_extracted\block_00143\block_00143.bin,content
0x1a9800,122,22012,0xb5c1c7b4,,gfc_extracted\block_00144\block_00144.bin,content
0x1ac800,122,65536,0xe5751490,,gfc_extracted\block_00145\block_00145.bin,content
0x1b1800,122,65536,0xb8bd087,,gfc_extracted\block_00146\block_00146.bin,content
0x1ba000,122,65536,0xa0c09e66,,gfc_extracted\block_00147\block_00147.bin,content
0x1bf800,122,35728,0x1354c435,,gfc_extracted\block_00148\block_00148.bin,content
0x1c3000,122,65536,0x89edaaef,,gfc_extracted\block_00149\block_00149.bin,content
0x1ca000,122,65536,0xd95e7a5f,,gfc_extracted\block_00150\block_00150.bin,content
0x1d1000,122,65536,0x126804ee,,gfc_extracted\block_00151\block_00151.bin,content
0x1d7800,122,24236,0xfa603b66,,gfc_extracted\block_00152\block_00152.bin,content
0x1da000,122,65536,0x2c50c7ef,,gfc_extracted\block_00153\block_00153.bin,content
0x1de800,122,65536,0xcc883cb1,,gfc_extracted\block_00154\block_00154.bin,content
0x1e5800,122,65536,0x445b608e,,gfc_extracted\block_00155\block_00155.bin,content
0x1ec000,122,21378,0x88d13933,,gfc_extracted\block_00156\block_00156.bin,content
0x1ee800,122,65536,0x79f139e0,,gfc_extracted\block_00157\block_00157.bin,content
0x1f4000,122,65536,0xe80c507f,,gfc_extracted\block_00158\block_00158.bin,content
0x1f9800,122,63968,0x6fe991b0,,gfc_extracted\block_00159\block_00159.bin,content
0x201000,122,65536,0x1f78f787,,gfc_extracted\block_00160\block_00160.bin,content
0x206800,122,65536,0xbd6a9589,,gfc_extracted\block_00161\block_00161.bin,content
0x20e000,122,64468,0x199e9f2,,gfc_extracted\block_00162\block_00162.bin,content
0x214000,122,65536,0x53b58a03,,gfc_extracted\block_00163\block_00163.bin,content
0x21a000,122,65536,0x6d62f63c,,gfc_extracted\block_00164\block_00164.bin,content
0x220800,122,59176,0xc37f6ca9,,gfc_extracted\block_00165\block_00165.bin,content
0x226000,122,65536,0x34ad3db7,,gfc_extracted\block_00166\block_00166.bin,content
0x22c000,122,65536,0x8e6924ee,,gfc_extracted\block_00167\block_00167.bin,content
0x233000,122,65536,0x44527abc,,gfc_extracted\block_00168\block_00168.bin,content
0x238800,122,5560,0xd930b885,,gfc_extracted\block_00169\block_00169.bin,content
0x239000,122,65536,0xa13d47a3,,gfc_extracted\block_00170\block_00170.bin,content
0x23e800,122,65536,0xfa202b7a,,gfc_extracted\block_00171\block_00171.bin,content
0x245000,122,65536,0xa1b23a4e,,gfc_extracted\block_00172\block_00172.bin,content
0x24b800,122,12140,0x90174ee2,,gfc_extracted\block_00173\block_00173.bin,content
0x24d000,122,65536,0x9c0e0e96,,gfc_extracted\block_00174\block_00174.bin,content
0x252000,122,65536,0xdec3a9d9,,gfc_extracted\block_00175\block_00175.bin,content
0x257000,122,65536,0x6fa6f0f0,,gfc_extracted\block_00176\block_00176.bin,content
0x25e000,122,15388,0x9e318b46,,gfc_extracted\block_00177\block_00177.bin,content
0x260800,122,38548,0x2313790a,.\ps2\gfx\ui\charmodels\zam.igb,gfc_extracted\./ps2/gfx/ui/charmodels/zam.igb,crc
0x264800,122,65536,0x812e8c6f,,gfc_extracted\block_00179\block_00179.bin,content
0x26a000,122,65536,0x64ff2f5c,,gfc_extracted\block_00180\block_00180.bin,content
0x271800,122,65536,0xa5afba8c,,gfc_extracted\block_00181\block_00181.bin,content
0x278000,122,18120,0x301acc1a,,gfc_extracted\block_00182\block_00182.bin,content
0x278800,122,65536,0x776fd948,,gfc_extracted\block_00183\block_00183.bin,content
0x27e000,122,65536,0x3a793a3a,,gfc_extracted\block_00184\block_00184.bin,content
0x286000,122,65536,0x1527d977,,gfc_extracted\block_00185\block_00185.bin,content
0x28c800,122,13632,0xe0d48488,,gfc_extracted\block_00186\block_00186.bin,content
0x28d000,122,65536,0x2d0cdf20,,gfc_extracted\block_00187\block_00187.bin,content
0x293800,122,65536,0xfd347339,,gfc_extracted\block_00188\block_00188.csv,content
0x299000,122,65536,0xf6e2d9d8,,gfc_extracted\block_00189\block_00189.bin,content
0x29f000,122,65536,0xde7bf140,,gfc_extracted\block_00190\block_00190.bin,content
0x2a8000,122,36648,0x1dd0161e,,gfc_extracted\block_00191\block_00191.bin,content
0x2ad000,122,65536,0x38b6d749,,gfc_extracted\block_00192\block_00192.bin,content
0x2b6800,122,65536,0xc96208ff,,gfc_extracted\block_00193\block_00193.bin,content
0x2c1000,122,65536,0x77e2bb51,,gfc_extracted\block_00194\block_00194.bin,content
0x2cc000,122,65536,0x3908f977,,gfc_extracted\block_00195\block_00195.bin,content
0x2d8000,122,65536,0xfde773f2,,gfc_extracted\block_00196\block_00196.bin,content
0x2df000,122,65536,0x7f5f1b4b,,gfc_extracted\block_00197\block_00197.bin,content
0x2ed000,122,9746,0x67d756d0,,gfc_extracted\block_00198\block_00198.bin,content
0x2ef800,122,65536,0xa458cd45,,gfc_extracted\block_00199\block_00199.bin,content
0x2f5000,122,65536,0xe44cf105,,gfc_extracted\block_00200\block_00200.bin,content
0x2ff000,122,65536,0x4c1ddf59,,gfc_extracted\block_00201\block_00201.bin,content
0x30b000,122,65536,0x1516396f,,gfc_extracted\block_00202\block_00202.bin,content
0x316000,122,65536,0x61375123,,gfc_extracted\block_00203\block_00203.bin,content
0x321000,122,65536,0xff0f8613,,gfc_extracted\block_00204\block_00204.bin,content
0x32c800,122,65536,0xe46694f2,,gfc_extracted\block_00205\block_00205.bin,content
0x336800,122,65536,0x32e30e4b,,gfc_extracted\block_00206\block_00206.bin,content
0x342000,122,65536,0x1c66c402,,gfc_extracted\block_00207\block_00207.bin,content
0x34f800,122,65536,0x3280331c,,gfc_extracted\block_00208\block_00208.bin,content
0x35c800,122,4142,0x172814af,,gfc_extracted\block_00209\block_00209.bin,content
0x35d800,122,65536,0x77ab1128,,gfc_extracted\block_00210\block_00210.bin,content
0x360800,122,65536,0x818cf3b,,gfc_extracted\block_00211\block_00211.bin,content
0x368800,122,65536,0x60238a85,,gfc_extracted\block_00212\block_00212.bin,content
0x372000,122,65536,0xb42c6e2b,,gfc_extracted\block_00213\block_00213.bin,content
0x377000,122,65536,0x8d24412f,,gfc_extracted\block_00214\block_00214.bin,content
0x37f800,122,24936,0x730aa675,,gfc_extracted\block_00215\block_00215.bin,content
0x382800,122,65536,0xb784321b,,gfc_extracted\block_00216\block_00216.bin,content
0x385000,122,65536,0x86f7ae93,,gfc_extracted\block_00217\block_00217.bin,content
0x38d800,122,65536,0x208517d6,,gfc_extracted\block_00218\block_00218.bin,content
0x396000,122,65536,0x387a7da6,,gfc_extracted\block_00219\block_00219.bin,content
0x39e000,122,65536,0x362d66c4,,gfc_extracted\block_00220\block_00220.bin,content
0x3a6000,122,49302,0xf25501ff,,gfc_extracted\block_00221\block_00221.bin,content
0x3aa000,122,65536,0x5237ec,,gfc_extracted\block_00222\block_00222.bin,content
0x3ad000,122,65536,0xff228fae,,gfc_extracted\block_00223\block_00223.bin,content
0x3b3800,122,65536,0x73777b66,,gfc_extracted\block_00224\block_00224.bin,content
0x3bd000,122,65536,0x8e60e17f,,gfc_extracted\block_00225\block_00225.bin,content
0x3c5800,122,37258,0xbdc7aad3,,gfc_extracted\block_00226\block_00226.csv,content
0x3c9800,122,65536,0xdcdb7207,,gfc_extracted\block_00227\block_00227.bin,content
0x3cc800,122,65536,0x4ba0d118,,gfc_extracted\block_00228\block_00228.bin,content
0x3d5000,122,65536,0x9a195be2,,gfc_extracted\block_00229\block_00229.bin,content
0x3db800,122,65536,0xe884206e,,gfc_extracted\block_00230\block_00230.bin,content
0x3e4800,122,65536,0x1734096,,gfc_extracted\block_00231\block_00231.bin,content
0x3e9800,122,65536,0x660a37fc,,gfc_extracted\block_00232\block_00232.bin,content
0x3f0800,122,7564,0x3b2b2d96,,gfc_extracted\block_00233\block_00233.bin,content
0x3f1800,122,65536,0x916ff390,,gfc_extracted\block_00234\block_00234.bin,content
0x3f4800,122,65536,0x789c6a25,,gfc_extracted\block_00235\block_00235.bin,content
0x3fc800,122,65536,0xecbf0cdc,,gfc_extracted\block_00236\block_00236.bin,content
0x402800,122,65536,0x126b7f1a,,gfc_extracted\block_00237\block_00237.bin,content
0x409800,122,46364,0x1c8ae10f,,gfc_extracted\block_00238\block_00238.bin,content
0x410800,122,65536,0x138ddd72,,gfc_extracted\block_00239\block_00239.bin,content
0x413000,122,65536,0xc726bfcf,,gfc_extracted\block_00240\block_00240.bin,content
0x41a000,122,65536,0xf5cf4950,,gfc_extracted\block_00241\block_00241.bin,content
0x420000,122,65536,0xf8300afe,,gfc_extracted\block_00242\block_00242.bin,content
0x428800,122,65536,0x292297b3,,gfc_extracted\block_00243\block_00243.bin,content
0x430000,122,65536,0xa7825ef4,,gfc_extracted\block_00244\block_00244.bin,content
0x438000,122,65536,0xfa518fd7,,gfc_extracted\block_00245\block_00245.bin,content
0x43e800,122,8522,0x647d121b,,gfc_extracted\block_00246\block_00246.bin,content
0x43f000,122,14080,0x7ecaee42,.\ps2\gfx\ui\gemb.igb,gfc_extracted\./ps2/gfx/ui/gemb.igb,crc
0x440000,122,38240,0x9f6c8521,.\ps2\gfx\ui\lables\flbtn_10.igb,gfc_extracted\./ps2/gfx/ui/lables/flbtn_10.igb,crc
0x443800,122,20144,0xeea5bdff,.\ps2\gfx\ui\lables\flbtn_12.igb,gfc_extracted\./ps2/gfx/ui/lables/flbtn_12.igb,crc
0x445000,122,20144,0xb79671bd,.\ps2\gfx\ui\lables\flbtn_14.igb,gfc_extracted\./ps2/gfx/ui/lables/flbtn_14.igb,crc
0x446800,122,20144,0x80e83b12,.\ps2\gfx\ui\lables\flbtn_2.igb,gfc_extracted\./ps2/gfx/ui/lables/flbtn_2.igb,crc
0x448000,122,20144,0xe493e79a,.\ps2\gfx\ui\lables\flbtn_4.igb,gfc_extracted\./ps2/gfx/ui/lables/flbtn_4.igb,crc
0x449800,122,20144,0xd5b7c765,.\ps2\gfx\ui\lables\flbtn_6.igb,gfc_extracted\./ps2/gfx/ui/lables/flbtn_6.igb,crc
0x44b000,122,20144,0xf52226a7,.\ps2\gfx\ui\lables\flbtn_8.igb,gfc_extracted\./ps2/gfx/ui/lables/flbtn_8.igb,crc
0x44c800,122,20144,0x915fb846,.\ps2\gfx\ui\lables\lbtn_10.igb,gfc_extracted\./ps2/gfx/ui/lables/lbtn_10.igb,crc
0x44e000,122,6978,0x855604fe,.\ps2\gfx\ui\lables\lbtn_12.igb,gfc_extracted\./ps2/gfx/ui/lables/lbtn_12.igb,crc
0x44e800,122,6966,0xe3e36bdc,.\ps2\gfx\ui\lables\lbtn_14.igb,gfc_extracted\./ps2/gfx/ui/lables/lbtn_14.igb,crc
0x44f000,122,6966,0xbc8eab7f,.\ps2\gfx\ui\lables\lbtn_18.igb,gfc_extracted\./ps2/gfx/ui/lables/lbtn_18.igb,crc
0x44f800,122,6966,0xda852a5f,.\ps2\gfx\ui\lables\lbtn_4.igb,gfc_extracted\./ps2/gfx/ui/lables/lbtn_4.igb,crc
0x450000,122,6966,0x2b065ed8,.\ps2\gfx\ui\lables\lbtn_6.igb,gfc_extracted\./ps2/gfx/ui/lables/lbtn_6.igb,crc
0x450800,122,6966,0xc768329d,.\ps2\gfx\ui\lables\lbtn_8.igb,gfc_extracted\./ps2/gfx/ui/lables/lbtn_8.igb,crc
0x451000,122,6966,0x310e35b4,.\ps2\gfx\ui\pedestal.igb,gfc_extracted\./ps2/gfx/ui/pedestal.igb,crc
0x451800,122,17244,0xa8d529f5,.\ps2\gfx\ui\saphire2.igb,gfc_extracted\./ps2/gfx/ui/saphire2.igb,crc
0x453800,122,50872,0x4d378b9c,.\ps2\gfx\ui\trophychars\cocol1.igb,gfc_extracted\./ps2/gfx/ui/trophychars/cocol1.igb,crc
0x458000,122,65536,0x6b645bb,,gfc_extracted\block_00265\block_00265.bin,content
0x45c000,122,65536,0x8225cbe3,,gfc_extracted\block_00266\block_00266.bin,content
0x464000,122,65536,0x2c8c8d82,,gfc_extracted\block_00267\block_00267.bin,content
0x46a800,122,65536,0xff077fd0,,gfc_extracted\block_00268\block_00268.bin,content
0x476800,122,65536,0x24d86f46,,gfc_extracted\block_00269\block_00269.bin,content
0x483000,122,65536,0xe49a3aa1,,gfc_extracted\block_00270\block_00270.bin,content
0x490000,122,65536,0x47f5514d,,gfc_extracted\block_00271\block_00271.bin,content
0x49c800,122,65536,0x8b8c7bff,,gfc_extracted\block_00272\block_00272.csv,content
0x4a8800,122,65536,0x77953276,,gfc_extracted\block_00273\block_00273.bin,content
0x4aa800,122,29857,0xa43dde24,,gfc_extracted\block_00274\block_00274.bin,content
0x4ab000,122,5408,0xdd25b73a,.\ps2\audio\uicursr4.vag,gfc_extracted\./ps2/audio/uicursr4.vag,crc
0x4ac800,122,3392,0x9d05d691,.\ps2\audio\feui0042.vag,gfc_extracted\./ps2/audio/feui0042.vag,crc
0x4ad800,122,4784,0xaa74cc76,.\ps2\audio\ui_2devents.csv,gfc_extracted\./ps2/audio/ui_2devents.csv,crc
0x4ae800,122,2080,0xf2833912,.\ps2\audio\firebrst.vag,gfc_extracted\./ps2/audio/firebrst.vag,crc
0x4af000,122,27280,0x9fb9eb51,.\ps2\audio\crash2fx.vag,gfc_extracted\./ps2/audio/crash2fx.vag,crc
0x4b2800,122,12656,0xb44a7dad,.\ps2\audio\coco2fx.vag,gfc_extracted\./ps2/audio/coco2fx.vag,crc
0x4b4800,122,17776,0xe11e74c5,.\ps2\audio\ncrtx2fx.vag,gfc_extracted\./ps2/audio/ncrtx2fx.vag,crc
0x4b7000,122,14464,0x78d956c7,.\ps2\audio\nginfx2.vag,gfc_extracted\./ps2/audio/nginfx2.vag,crc
0x4b9000,122,36928,0x302dd05c,.\ps2\audio\tinyfx2.vag,gfc_extracted\./ps2/audio/tinyfx2.vag,crc
0x4c0800,122,65536,0x9e82ddf2,,gfc_extracted\block_00284\block_00284.bin,content
0x4ca000,122,64,0xce6f041,,gfc_extracted\block_00285\block_00285.bin,content
0x4ca800,122,30720,0x34a41d52,.\ps2\audio\coco3fx.vag,gfc_extracted\./ps2/audio/coco3fx.vag,crc
0x4d1000,122,31376,0xce423c5e,.\ps2\audio\crnch2fx.vag,gfc_extracted\./ps2/audio/crnch2fx.vag,crc
0x4d5000,122,36352,0x2528c6a8,.\ps2\audio\ncrtxc.vag,gfc_extracted\./ps2/audio/ncrtxc.vag,crc
0x4d8000,122,23040,0xc041bacb,.\ps2\audio\ngini1.vag,gfc_extracted\./ps2/audio/ngini1.vag,crc
0x4db800,122,24864,0xd2f7faa8,.\ps2\audio\tinyfx3.vag,gfc_extracted\./ps2/audio/tinyfx3.vag,crc
0x4e1000,122,13232,0x87323db4,.\ps2\audio\coco4fx.vag,gfc_extracted\./ps2/audio/coco4fx.vag,crc
0x4e3000,122,38976,0xa3d8736f,.\ps2\audio\crnchc.vag,gfc_extracted\./ps2/audio/crnchc.vag,crc
0x4e6000,122,38976,0x782afeef,.\ps2\audio\tinyfx4.vag,gfc_extracted\./ps2/audio/tinyfx4.vag,crc
0x4ec800,122,13120,0xbaf1ef1e,.\ps2\audio\wallheat.vag,gfc_extracted\./ps2/audio/wallheat.vag,crc
0x4ef800,48,67579,0x544e0756,,gfc_extracted\block_00295\block_00295.png,content
0x500000,48,67579,0xcc2d1263,,gfc_extracted\block_00296\block_00296.bin,content
0x510800,48,67579,0xde923450,,gfc_extracted\block_00297\block_00297.bin,content
0x521000,48,67579,0x83ab5bb0,,gfc_extracted\block_00298\block_00298.bin,content
0x531800,48,67579,0x6e0c5df1,,gfc_extracted\block_00299\block_00299.bin,content
0x542000,48,36859,0x4e6d8098,,gfc_extracted\block_00300\block_00300.bin,content
0x54b000,122,65536,0x5394838d,,gfc_extracted\block_00301\block_00301.png,content
0x55b000,122,32982,0x8fc35ab3,,gfc_extracted\block_00302\block_00302.bin,content
0x563800,122,171,0x8fda1564,.\ps2\gfx\hud\hangtime.igb,gfc_extracted\./ps2/gfx/hud/hangtime.igb,crc
0x564000,122,294,0x94c5be47,.\common\animations\earth2_anims.csv,gfc_extracted\./common/animations/earth2_anims.csv,crc
0x564800,122,207,0x611dc5b2,.\common\audio\earth1_3devents.csv,gfc_extracted\./common/audio/earth1_3devents.csv,crc
0x565000,122,300,0x53c2c508,.\common\audio\earth1_envpointsounds.csv,gfc_extracted\./common/audio/earth1_envpointsounds.csv,crc
0x565800,122,3157,0xb5be7d42,.\common\audio\earth1_envtubesounds.csv,gfc_extracted\./common/audio/earth1_envtubesounds.csv,crc
0x566000,122,2060,0xe2933956,.\common\audio\earth1_listenerregions.csv,gfc_extracted\./common/audio/earth1_listenerregions.csv,crc
0x566800,48,2043,0xf8ef4e70,,gfc_extracted\block_00309\block_00309.csv,content
0x567000,122,1963,0x156dff8d,.\common\audio\tracks_3devents.csv,gfc_extracted\./common/audio/tracks_3devents.csv,crc
0x567800,122,8259,0x43028930,.\common\audio\velorace_2devents.csv,gfc_extracted\./common/audio/velorace_2devents.csv,crc
0x568000,122,381,0xe53860bc,.\ps2\controls\buttonmaps.csv,gfc_extracted\./ps2/controls/buttonmaps.csv,crc
0x568800,122,361,0xd63524e3,.\common\camera\autocam.csv,gfc_extracted\./common/camera/autocam.csv,crc
0x569000,122,1028,0xb4944bd4,.\common\camera\chasecam.csv,gfc_extracted\./common/camera/chasecam.csv,crc
0x569800,122,9715,0xbd0b40d2,.\common\camera\chasecam2p.csv,gfc_extracted\./common/camera/chasecam2p.csv,crc
0x56a800,122,9716,0x3f3e74e6,.\common\camera\chasecamfar.csv,gfc_extracted\./common/camera/chasecamfar.csv,crc
0x56b800,122,9676,0xbf676549,.\common\camera\chasecamfar2p.csv,gfc_extracted\./common/camera/chasecamfar2p.csv,crc
0x56c800,122,9679,0xac626ee5,.\common\camera\chasecamreverse.csv,gfc_extracted\./common/camera/chasecamreverse.csv,crc
0x56d800,122,9671,0xa06a1e0,.\common\camera\chasecamreverse2p.csv,gfc_extracted\./common/camera/chasecamreverse2p.csv,crc
0x56e800,122,9672,0x8e85ddc8,.\common\camera\chasecamreversefar.csv,gfc_extracted\./common/camera/chasecamreversefar.csv,crc
0x56f800,122,9671,0x4cfc2ca1,.\common\camera\chasecamreversefar2p.csv,gfc_extracted\./common/camera/chasecamreversefar2p.csv,crc
0x570800,122,9672,0xa02f143e,.\common\camera\staticcam.csv,gfc_extracted\./common/camera/staticcam.csv,crc
0x571800,122,285,0x48f8f11e,.\common\dda\adviser1_pathselection.csv,gfc_extracted\./common/dda/adviser1_pathselection.csv,crc
0x572000,122,785,0x88d289af,.\common\dda\aiweaponselection.csv,gfc_extracted\./common/dda/aiweaponselection.csv,crc
0x572800,122,8798,0xa367544b,.\common\dda\aiweaponusage.csv,gfc_extracted\./common/dda/aiweaponusage.csv,crc
0x573000,122,834,0x48e12e92,.\common\dda\aiwumpadispenser.csv,gfc_extracted\./common/dda/aiwumpadispenser.csv,crc
0x573800,122,830,0xc9b44208,.\common\dda\bignorm_pathselection.csv,gfc_extracted\./common/dda/bignorm_pathselection.csv,crc
0x574000,122,1028,0x9956028d,.\common\dda\difficulty.csv,gfc_extracted\./common/dda/difficulty.csv,crc
0x574800,122,2924,0xf74c87f,.\common\dda\dispersion.csv,gfc_extracted\./common/dda/dispersion.csv,crc
0x575000,122,477,0xa5936038,.\common\dda\disturbance.csv,gfc_extracted\./common/dda/disturbance.csv,crc
0x575800,122,1166,0xd7b089b5,.\common\dda\eventslog.csv,gfc_extracted\./common/dda/eventslog.csv,crc
0x576000,122,753,0xeaf22913,.\common\dda\playerweaponselection.csv,gfc_extracted\./common/dda/playerweaponselection.csv,crc
0x576800,122,18799,0x56b9e094,.\common\dda\playerweaponselection_battle.csv,gfc_extracted\./common/dda/playerweaponselection_battle.csv,crc
0x577800,122,1949,0x779b0fb1,.\common\dda\scrubber1_pathselection.csv,gfc_extracted\./common/dda/scrubber1_pathselection.csv,crc
0x578000,122,1630,0x9bd5ede0,.\common\fonts\all_fonts.png,gfc_extracted\./common/fonts/all_fonts.png,crc
0x578800,122,1766,0x479378e2,.\ps2\gfx\hud\8-bit_hud.png,gfc_extracted\./ps2/gfx/hud/8-bit_hud.png,crc
0x579000,122,379,0xbe7d7634,.\common\gfx\sfx\hub1_hhf.csv,gfc_extracted\./common/gfx/sfx/hub1_hhf.csv,crc
0x579800,122,65536,0x9a04c42b,,gfc_extracted\block_00338\block_00338.bin,content
0x583000,122,55393,0xd2f1acdd,,gfc_extracted\block_00339\block_00339.bin,content
0x589800,122,1746,0xaf7d935e,.\common\hud\arcade2.csv,gfc_extracted\./common/hud/arcade2.csv,crc
0x58a000,122,3418,0x86d26b1d,.\common\hud\postrace_base.csv,gfc_extracted\./common/hud/postrace_base.csv,crc
0x58a800,122,1441,0x6205017a,.\common\load\arena1.png,gfc_extracted\./common/load/arena1.png,crc
0x58b000,122,262,0x8cb7837d,.\common\physics\kpbase.csv,gfc_extracted\./common/physics/kpbase.csv,crc
0x58b800,122,2649,0xb76555a6,.\common\ui\backconf.csv,gfc_extracted\./common/ui/backconf.csv,crc
0x58c000,122,65536,0xbe6dab03,,gfc_extracted\block_00345\block_00345.bin,content
0x58e000,122,60908,0x2922294e,,gfc_extracted\block_00346\block_00346.bin,content
0x58f800,122,1061,0x6dbe799e,.\common\ui\introigb.csv,gfc_extracted\./common/ui/introigb.csv,crc
0x590000,122,2147,0xa9978969,.\common\weapons\bowlingbomb.csv,gfc_extracted\./common/weapons/bowlingbomb.csv,crc
0x590800,122,1728,0x54b51490,.\common\weapons\cleaningfluid.csv,gfc_extracted\./common/weapons/cleaningfluid.csv,crc
0x591000,122,98,0xd93bc91e,.\common\weapons\freezingmine.csv,gfc_extracted\./common/weapons/freezingmine.csv,crc
0x591800,122,678,0x571e029c,.\common\weapons\fx.csv,gfc_extracted\./common/weapons/fx.csv,crc
0x592000,122,1635,0x913cbe78,.\common\weapons\homingmissile.csv,gfc_extracted\./common/weapons/homingmissile.csv,crc
0x592800,122,2802,0x558d2045,.\common\weapons\invincibilitymask.csv,gfc_extracted\./common/weapons/invincibilitymask.csv,crc
0x593000,122,798,0x9db9c3ab,.\common\weapons\mimecube.csv,gfc_extracted\./common/weapons/mimecube.csv,crc
0x593800,122,91,0x104f9f7d,.\common\weapons\powershield.csv,gfc_extracted\./common/weapons/powershield.csv,crc
0x594000,122,244,0xbfa32559,.\common\weapons\redeye.csv,gfc_extracted\./common/weapons/redeye.csv,crc
0x594800,122,542,0x3db92545,.\common\weapons\rollingbrush.csv,gfc_extracted\./common/weapons/rollingbrush.csv,crc
0x595000,122,1421,0x751ed7b0,.\common\weapons\spikeyfruit.csv,gfc_extracted\./common/weapons/spikeyfruit.csv,crc
0x595800,122,374,0x81547cd2,.\common\weapons\staticshock.csv,gfc_extracted\./common/weapons/staticshock.csv,crc
0x596000,122,474,0x5127c9dc,.\common\weapons\team.csv,gfc_extracted\./common/weapons/team.csv,crc
0x596800,122,1000,0x18755d6,.\common\weapons\teethstrip.csv,gfc_extracted\./common/weapons/teethstrip.csv,crc
0x597000,122,239,0x8d60aec8,.\common\weapons\timebubble.csv,gfc_extracted\./common/weapons/timebubble.csv,crc
0x597800,122,391,0xeb2824af,.\common\weapons\tntcrate.csv,gfc_extracted\./common/weapons/tntcrate.csv,crc
0x598000,122,584,0xa0333003,.\common\weapons\tornado.csv,gfc_extracted\./common/weapons/tornado.csv,crc
0x598800,122,2664,0xf05cc319,.\common\weapons\turboboost.csv,gfc_extracted\./common/weapons/turboboost.csv,crc
0x599000,122,145,0xcc297d08,.\common\weapons\voodoodoll.csv,gfc_extracted\./common/weapons/voodoodoll.csv,crc
0x599800,122,724,0x57599c1,.\common\weapons\windupjaw.csv,gfc_extracted\./common/weapons/windupjaw.csv,crc
0x59a000,122,1628,0xbd7fb7a1,.\gob-prof.dat,gfc_extracted\./gob-prof.dat,crc
0x59a800,122,65536,0xb221c63a,,gfc_extracted\block_00369\block_00369.bin,content
0x59c800,122,65536,0xb2e057d5,,gfc_extracted\block_00370\block_00370.bin,content
0x59f800,122,65536,0xd239a2fa,,gfc_extracted\block_00371\block_00371.bin,content
0x5a4800,122,65536,0xd65dc734,,gfc_extracted\block_00372\block_00372.csv,content
0x5aa800,122,65536,0x40a2573a,,gfc_extracted\block_00373\block_00373.bin,content
0x5b2000,122,65536,0x7558a07,,gfc_extracted\block_00374\block_00374.bin,content
0x5b8800,122,65536,0xc2116c72,,gfc_extracted\block_00375\block_00375.bin,content
0x5c2000,122,65536,0x53e9003c,,gfc_extracted\block_00376\block_00376.bin,content
0x5c9000,122,65536,0xf794c670,,gfc_extracted\block_00377\block_00377.bin,content
0x5ce000,122,65536,0x46c96428,,gfc_extracted\block_00378\block_00378.bin,content
0x5d6000,122,65536,0x53051377,,gfc_extracted\block_00379\block_00379.bin,content
0x5de000,122,65536,0x5a9cd8fa,,gfc_extracted\block_00380\block_00380.bin,content
0x5e7800,122,65536,0xcc61098d,,gfc_extracted\block_00381\block_00381.bin,content
0x5ef800,122,65536,0xec26ae51,,gfc_extracted\block_00382\block_00382.bin,content
0x5f5000,122,65536,0x7d8c695,,gfc_extracted\block_00383\block_00383.bin,content
0x5fb000,122,65536,0xff361373,,gfc_extracted\block_00384\block_00384.bin,content
0x604000,122,65536,0xb2e29bdd,,gfc_extracted\block_00385\block_00385.bin,content
0x60b000,122,65536,0x201c3f1,,gfc_extracted\block_00386\block_00386.bin,content
0x612000,122,65536,0xad9192bf,,gfc_extracted\block_00387\block_00387.bin,content
0x619800,122,65536,0xf55c173f,,gfc_extracted\block_00388\block_00388.bin,content
0x61e000,122,65536,0x4f45a959,,gfc_extracted\block_00389\block_00389.bin,content
0x623800,122,65536,0xe3628890,,gfc_extracted\block_00390\block_00390.bin,content
0x62c800,122,65536,0x35e3fe8f,,gfc_extracted\block_00391\block_00391.bin,content
0x636000,122,65536,0xefe44041,,gfc_extracted\block_00392\block_00392.bin,content
0x63d000,122,65536,0xd8603378,,gfc_extracted\block_00393\block_00393.bin,content
0x641000,122,65536,0xf7c7f822,,gfc_extracted\block_00394\block_00394.bin,content
0x648800,122,65536,0x41cf4140,,gfc_extracted\block_00395\block_00395.bin,content
0x650000,122,65536,0xcb507314,,gfc_extracted\block_00396\block_00396.bin,content
0x659800,122,65536,0xa50ae997,,gfc_extracted\block_00397\block_00397.bin,content
0x661000,122,65536,0xc51fb5af,,gfc_extracted\block_00398\block_00398.bin,content
0x666800,122,65536,0x44a33436,,gfc_extracted\block_00399\block_00399.bin,content
0x66c800,122,65536,0x77a3bfc5,,gfc_extracted\block_00400\block_00400.bin,content
0x674800,122,65536,0xb80514c5,,gfc_extracted\block_00401\block_00401.bin,content
0x67b800,122,65536,0xce66d277,,gfc_extracted\block_00402\block_00402.bin,content
0x682000,122,65536,0x89249b7f,,gfc_extracted\block_00403\block_00403.bin,content
0x687800,122,65536,0xf0eb8d93,,gfc_extracted\block_00404\block_00404.bin,content
0x68f800,122,65536,0x34e6d772,,gfc_extracted\block_00405\block_00405.bin,content
0x696800,122,62444,0x666cb83b,,gfc_extracted\block_00406\block_00406.bin,content
0x69d000,122,22232,0x5a2ab1af,.\common\gfx\tracks\earth1_levelinfo_ranking.csv,gfc_extracted\./common/gfx/tracks/earth1_levelinfo_ranking.csv,crc
0x6a0800,122,65536,0xb726ee32,,gfc_extracted\block_00408\block_00408.bin,content
0x6a2800,122,65536,0xf4935299,,gfc_extracted\block_00409\block_00409.bin,content
0x6a5800,122,65536,0x7d0c0917,,gfc_extracted\block_00410\block_00410.bin,content
0x6aa800,122,65536,0x209912ca,,gfc_extracted\block_00411\block_00411.bin,content
0x6b2800,122,65536,0x34354891,,gfc_extracted\block_00412\block_00412.bin,content
0x6b9800,122,65536,0xc916665,,gfc_extracted\block_00413\block_00413.bin,content
0x6c0000,122,18746,0xc10269ce,,gfc_extracted\block_00414\block_00414.bin,content
0x6c2800,122,65536,0x5154163c,,gfc_extracted\block_00415\block_00415.bin,content
0x6c4800,122,65536,0x6fa8121d,,gfc_extracted\block_00416\block_00416.bin,content
0x6c7800,122,65536,0xac019fb7,,gfc_extracted\block_00417\block_00417.bin,content
0x6cb800,122,65536,0xc4d63fdf,,gfc_extracted\block_00418\block_00418.bin,content
0x6d3800,122,65536,0x7cb5670,,gfc_extracted\block_00419\block_00419.bin,content
0x6d9000,122,65536,0x7e989067,,gfc_extracted\block_00420\block_00420.bin,content
0x6e1000,122,29782,0xc6787238,,gfc_extracted\block_00421\block_00421.bin,content
0x6e4800,122,65536,0x5b25656b,,gfc_extracted\block_00422\block_00422.bin,content
0x6e7000,122,65536,0xa14bde9f,,gfc_extracted\block_00423\block_00423.bin,content
0x6eb800,122,65536,0x4a23d0ba,,gfc_extracted\block_00424\block_00424.bin,content
0x6f1800,122,65536,0x8d288efc,,gfc_extracted\block_00425\block_00425.bin,content
0x6f9000,122,39106,0xc3325395,,gfc_extracted\block_00426\block_00426.bin,content
0x6fd000,122,63752,0xc5d91911,.\ps2\gfx\chars\ncortex.igb,gfc_extracted\./ps2/gfx/chars/ncortex.igb,crc
0x701000,122,65536,0x7264ec7c,,gfc_extracted\block_00428\block_00428.bin,content
0x703800,122,65536,0x1ed35bf1,,gfc_extracted\block_00429\block_00429.bin,content
0x706800,122,65536,0x50a4e463,,gfc_extracted\block_00430\block_00430.bin,content
0x70e800,122,65536,0x65713da7,,gfc_extracted\block_00431\block_00431.bin,content
0x713000,122,65536,0xed8833c3,,gfc_extracted\block_00432\block_00432.bin,content
0x71b800,122,12142,0xcb46b1fa,,gfc_extracted\block_00433\block_00433.bin,content
0x71d000,122,65536,0xc0a14f7,,gfc_extracted\block_00434\block_00434.bin,content
0x71f800,122,65536,0x6c80b1ca,,gfc_extracted\block_00435\block_00435.bin,content
0x724800,122,65536,0x1db50dc3,,gfc_extracted\block_00436\block_00436.bin,content
0x72b800,122,65536,0x88cabff9,,gfc_extracted\block_00437\block_00437.bin,content
0x733800,122,30214,0xe4108a23,,gfc_extracted\block_00438\block_00438.bin,content
0x735000,122,5968,0xefb8c091,.\ps2\gfx\chars\tekneeboss.igb,gfc_extracted\./ps2/gfx/chars/tekneeboss.igb,crc
0x735800,122,65536,0xa11e64cf,,gfc_extracted\block_00440\block_00440.bin,content
0x738000,122,65536,0x75fd9b3b,,gfc_extracted\block_00441\block_00441.bin,content
0x73b000,122,65536,0xd24d4a16,,gfc_extracted\block_00442\block_00442.bin,content
0x741800,122,65536,0x8d303000,,gfc_extracted\block_00443\block_00443.bin,content
0x747800,122,65536,0xec5b39c7,,gfc_extracted\block_00444\block_00444.bin,content
0x74e000,122,24450,0x6d047d16,,gfc_extracted\block_00445\block_00445.bin,content
0x751000,122,65536,0x49ef9e9a,,gfc_extracted\block_00446\block_00446.bin,content
0x753000,122,65536,0xc890dcbf,,gfc_extracted\block_00447\block_00447.bin,content
0x756000,122,65536,0x2b76328c,,gfc_extracted\block_00448\block_00448.bin,content
0x75c800,122,65536,0x4353683d,,gfc_extracted\block_00449\block_00449.bin,content
0x765000,122,65536,0x75beb2b9,,gfc_extracted\block_00450\block_00450.bin,content
0x76a000,122,49702,0x1025fb23,,gfc_extracted\block_00451\block_00451.bin,content
0x76f000,122,65536,0x117be52,,gfc_extracted\block_00452\block_00452.bin,content
0x771000,122,65536,0x3752d579,,gfc_extracted\block_00453\block_00453.bin,content
0x774000,122,65536,0x5ae9bbc9,,gfc_extracted\block_00454\block_00454.bin,content
0x77a800,122,65536,0x28a0c14f,,gfc_extracted\block_00455\block_00455.bin,content
0x782000,122,65536,0x6f809864,,gfc_extracted\block_00456\block_00456.bin,content
0x788800,122,53126,0xff97d90d,,gfc_extracted\block_00457\block_00457.bin,content
0x78f000,122,14198,0x3c328e19,.\ps2\gfx\karts\boss.igb,gfc_extracted\./ps2/gfx/karts/boss.igb,crc
0x790800,122,65536,0x3e9a28fc,,gfc_extracted\block_00459\block_00459.bin,content
0x794800,122,65536,0x7758f0f6,,gfc_extracted\block_00460\block_00460.bin,content
0x79b800,122,48516,0x3cf54061,,gfc_extracted\block_00461\block_00461.bin,content
0x79f800,122,65536,0x50212406,,gfc_extracted\block_00462\block_00462.bin,content
0x7a4000,122,65536,0x8e6431bf,,gfc_extracted\block_00463\block_00463.bin,content
0x7a9800,122,60772,0x7c93dbf6,,gfc_extracted\block_00464\block_00464.bin,content
0x7af000,122,65536,0xd8438e61,,gfc_extracted\block_00465\block_00465.bin,content
0x7b4000,122,65536,0x74e290d9,,gfc_extracted\block_00466\block_00466.bin,content
0x7bb000,122,54028,0xc3900fe1,,gfc_extracted\block_00467\block_00467.bin,content
0x7c0000,122,65536,0x59ab6780,,gfc_extracted\block_00468\block_00468.bin,content
0x7c4800,122,65536,0xbf43e849,,gfc_extracted\block_00469\block_00469.csv,content
0x7ca800,122,42780,0x25f66787,,gfc_extracted\block_00470\block_00470.bin,content
0x7ce800,122,20226,0x64db34db,.\ps2\gfx\karts\sfx\boost_boss.igb,gfc_extracted\./ps2/gfx/karts/sfx/boost_boss.igb,crc
0x7d1000,122,42846,0x18becbd1,.\ps2\gfx\karts\sfx\maglev_crash.igb,gfc_extracted\./ps2/gfx/karts/sfx/maglev_crash.igb,crc
0x7d4800,122,31810,0x9b213beb,.\ps2\gfx\mptracks\arena1.igb,gfc_extracted\./ps2/gfx/mptracks/arena1.igb,crc
0x7d8800,122,63784,0x4ac66ade,.\ps2\gfx\powerups\crate_nitro.igb,gfc_extracted\./ps2/gfx/powerups/crate_nitro.igb,crc
0x7dd800,122,53556,0xba5f651d,.\ps2\gfx\powerups\crate_question.igb,gfc_extracted\./ps2/gfx/powerups/crate_question.igb,crc
0x7e1800,122,53556,0x513d285b,.\ps2\gfx\powerups\crate_switch.igb,gfc_extracted\./ps2/gfx/powerups/crate_switch.igb,crc
0x7e6000,122,63784,0xf69c60b7,.\ps2\gfx\powerups\crate_tnt.igb,gfc_extracted\./ps2/gfx/powerups/crate_tnt.igb,crc
0x7eb000,122,65536,0x30e0e663,,gfc_extracted\block_00478\block_00478.bin,content
0x7f0000,122,27216,0xa41cd48b,,gfc_extracted\block_00479\block_00479.bin,content
0x7f2000,122,63780,0x632ccf7b,.\ps2\gfx\powerups\icecube.igb,gfc_extracted\./ps2/gfx/powerups/icecube.igb,crc
0x7f7000,122,12524,0x7bc5bfe7,.\ps2\gfx\powerups\mask_aku.igb,gfc_extracted\./ps2/gfx/powerups/mask_aku.igb,crc
0x7f8800,122,37516,0x473c0760,.\ps2\gfx\powerups\mask_uka.igb,gfc_extracted\./ps2/gfx/powerups/mask_uka.igb,crc
0x7fc000,122,37082,0xbfb0bfd5,.\ps2\gfx\powerups\mask_velo.igb,gfc_extracted\./ps2/gfx/powerups/mask_velo.igb,crc
0x7ff800,122,39648,0x9dec0e06,.\ps2\gfx\powerups\shield.igb,gfc_extracted\./ps2/gfx/powerups/shield.igb,crc
0x803800,122,28612,0xe42705bf,.\ps2\gfx\powerups\shield_juiced.igb,gfc_extracted\./ps2/gfx/powerups/shield_juiced.igb,crc
0x807800,122,28612,0x4b79cf19,.\ps2\gfx\powerups\shield_team.igb,gfc_extracted\./ps2/gfx/powerups/shield_team.igb,crc
0x80b800,122,63184,0xa0c7958d,.\ps2\gfx\powerups\voodoo_cur_particles.igb,gfc_extracted\./ps2/gfx/powerups/voodoo_cur_particles.igb,crc
0x80e800,122,12550,0x48499dbe,.\ps2\gfx\powerups\voodoo_stars.igb,gfc_extracted\./ps2/gfx/powerups/voodoo_stars.igb,crc
0x80f800,122,16634,0x9a9671b3,.\ps2\gfx\powerups\windupjaw.igb,gfc_extracted\./ps2/gfx/powerups/windupjaw.igb,crc
0x811000,122,11504,0x8c507c6,.\ps2\gfx\sfx\b1_snow.png,gfc_extracted\./ps2/gfx/sfx/b1_snow.png,crc
0x812000,122,18572,0x6e4f05ac,.\ps2\gfx\sfx\expl.igb,gfc_extracted\./ps2/gfx/sfx/expl.igb,crc
0x814000,122,65536,0xfb9063e6,,gfc_extracted\block_00492\block_00492.bin,content
0x818000,122,12682,0x269ad4a9,,gfc_extracted\block_00493\block_00493.bin,content
0x819000,122,34558,0xd8b9b7e6,.\ps2\gfx\sfx\expl2.igb,gfc_extracted\./ps2/gfx/sfx/expl2.igb,crc
0x81c000,122,34534,0xaf06e69,.\ps2\gfx\sfx\explfreeze.igb,gfc_extracted\./ps2/gfx/sfx/explfreeze.igb,crc
0x81f000,122,42226,0xb1615f74,.\ps2\gfx\sfx\f3_rain.png,gfc_extracted\./ps2/gfx/sfx/f3_rain.png,crc
0x823000,122,22768,0x5f5e5e12,.\ps2\gfx\sfx\grass.igb,gfc_extracted\./ps2/gfx/sfx/grass.igb,crc
0x825000,122,22726,0x7496c317,.\ps2\gfx\sfx\grass_particles.igb,gfc_extracted\./ps2/gfx/sfx/grass_particles.igb,crc
0x827000,122,21630,0x937116a8,.\ps2\gfx\sfx\snow.igb,gfc_extracted\./ps2/gfx/sfx/snow.igb,crc
0x829800,122,12412,0xa1bc04c6,.\ps2\gfx\sfx\sparks.igb,gfc_extracted\./ps2/gfx/sfx/sparks.igb,crc
0x82a800,122,11732,0xe8869a87,.\ps2\gfx\sfx\spikyfruit.igb,gfc_extracted\./ps2/gfx/sfx/spikyfruit.igb,crc
0x82b800,122,13084,0x1642b627,.\ps2\gfx\sfx\water.igb,gfc_extracted\./ps2/gfx/sfx/water.igb,crc
0x82d000,122,15558,0x8be7ed1c,.\ps2\gfx\sfx\wripple.png,gfc_extracted\./ps2/gfx/sfx/wripple.png,crc
0x82e800,122,45384,0x6aec2dc9,.\ps2\gfx\weapons\freezingmine_juiced.igb,gfc_extracted\./ps2/gfx/weapons/freezingmine_juiced.igb,crc
0x833800,122,45388,0x2dc1f2cf,.\ps2\gfx\weapons\rocket.igb,gfc_extracted\./ps2/gfx/weapons/rocket.igb,crc
0x838800,122,26944,0x996bae89,.\ps2\gfx\weapons\rocket_crosshair.igb,gfc_extracted\./ps2/gfx/weapons/rocket_crosshair.igb,crc
0x83a800,122,12010,0x89768d8c,.\ps2\gfx\weapons\rocket_crosshair_arrow.igb,gfc_extracted\./ps2/gfx/weapons/rocket_crosshair_arrow.igb,crc
0x83b800,122,20676,0xcc7a60d9,.\ps2\gfx\weapons\rocket_redeemer.igb,gfc_extracted\./ps2/gfx/weapons/rocket_redeemer.igb,crc
0x83d000,122,19206,0x5dba46f6,.\ps2\gfx\weapons\rollingbomb_spark.igb,gfc_extracted\./ps2/gfx/weapons/rollingbomb_spark.igb,crc
0x83f000,122,12018,0x89838e7d,.\ps2\gfx\weapons\sshock_crosshair_arrow.igb,gfc_extracted\./ps2/gfx/weapons/sshock_crosshair_arrow.igb,crc
0x840000,122,20676,0xac1b99da,.\ps2\gfx\weapons\staticshock.igb,gfc_extracted\./ps2/gfx/weapons/staticshock.igb,crc
0x841800,122,65536,0x2333cd1a,,gfc_extracted\block_00512\block_00512.bin,content
0x847000,122,2008,0x2ec92653,,gfc_extracted\block_00513\block_00513.bin,content
0x847800,122,65536,0xd7430a3e,,gfc_extracted\block_00514\block_00514.bin,content
0x84d000,122,2040,0xe8454e09,,gfc_extracted\block_00515\block_00515.bin,content
0x84d800,122,31210,0xc1f83ea9,.\ps2\gfx\weapons\staticshockpj.igb,gfc_extracted\./ps2/gfx/weapons/staticshockpj.igb,crc
0x850000,122,31234,0xf6243cd3,.\ps2\gfx\weapons\staticshock_juiced.igb,gfc_extracted\./ps2/gfx/weapons/staticshock_juiced.igb,crc
0x852800,122,39814,0xc1c3f12d,.\ps2\gfx\weapons\twister_dust.igb,gfc_extracted\./ps2/gfx/weapons/twister_dust.igb,crc
0x856000,122,37765,0xedac0a40,.\ps2\ui\spa\desc.dat,gfc_extracted\./ps2/ui/spa/desc.dat,crc
0x858800,48,2043,0x9b5d985a,,gfc_extracted\block_00520\block_00520.png,content
0x859000,122,437,0x69d99b48,.\common\hud\lobby1.csv,gfc_extracted\./common/hud/lobby1.csv,crc
0x859800,122,65536,0xae9fdf04,,gfc_extracted\block_00522\block_00522.bin,content
0x85f000,122,7422,0x623ad940,,gfc_extracted\block_00523\block_00523.bin,content
0x860000,122,20156,0xd0133320,.\common\gfx\extanim\earth2-anim-cam.igb,gfc_extracted\./common/gfx/extanim/earth2-anim-cam.igb,crc
0x862800,122,65536,0x5fc8576e,,gfc_extracted\block_00525\block_00525.bin,content
0x866800,122,65536,0x9f3eff6a,,gfc_extracted\block_00526\block_00526.bin,content
0x86a000,122,23054,0xdfb7d8c5,,gfc_extracted\block_00527\block_00527.bin,content
0x86a800,122,12126,0xdef54761,.\ps2\gfx\hud\positionnumbers\1.igb,gfc_extracted\./ps2/gfx/hud/positionnumbers/1.igb,crc
0x86b800,122,14586,0xb85b6897,.\ps2\gfx\hud\positionnumbers\2.igb,gfc_extracted\./ps2/gfx/hud/positionnumbers/2.igb,crc
0x86d000,122,15906,0x5dbe6705,.\ps2\gfx\hud\positionnumbers\3.igb,gfc_extracted\./ps2/gfx/hud/positionnumbers/3.igb,crc
0x86e800,122,17422,0x73a4b96f,.\ps2\gfx\hud\positionnumbers\4.igb,gfc_extracted\./ps2/gfx/hud/positionnumbers/4.igb,crc
0x870000,122,16254,0x5643367f,.\ps2\gfx\hud\positionnumbers\5.igb,gfc_extracted\./ps2/gfx/hud/positionnumbers/5.igb,crc
0x871800,122,19662,0x92e36d1a,.\ps2\gfx\hud\positionnumbers\6.igb,gfc_extracted\./ps2/gfx/hud/positionnumbers/6.igb,crc
0x873000,122,17626,0xa84085f8,.\ps2\gfx\hud\positionnumbers\7.igb,gfc_extracted\./ps2/gfx/hud/positionnumbers/7.igb,crc
0x874800,122,14506,0xef3cfafe,.\ps2\gfx\hud\positionnumbers\8.igb,gfc_extracted\./ps2/gfx/hud/positionnumbers/8.igb,crc
0x876000,122,22478,0x9eca54c2,.\ps2\gfx\hud\powerslide.igb,gfc_extracted\./ps2/gfx/hud/powerslide.igb,crc
0x878000,122,30272,0x2de40efb,.\ps2\gfx\hud\rod.igb,gfc_extracted\./ps2/gfx/hud/rod.igb,crc
0x879800,122,33970,0x134b7004,.\ps2\gfx\hud\startsignal.igb,gfc_extracted\./ps2/gfx/hud/startsignal.igb,crc
0x87c000,122,12080,0xa779a08a,.\ps2\gfx\hud\wumpa.igb,gfc_extracted\./ps2/gfx/hud/wumpa.igb,crc
0x87d000,122,17240,0x1368b89d,.\ps2\gfx\items\c.igb,gfc_extracted\./ps2/gfx/items/c.igb,crc
0x87e800,122,7258,0x9c0027d6,.\common\hud\maps\earth1.png,gfc_extracted\./common/hud/maps/earth1.png,crc
0x880000,48,2043,0x3d8e2514,,gfc_extracted\block_00542\block_00542.png,content
0x880800,122,2150,0x3e6cf2d8,.\ps2\gfx\sfx\warp.igb,gfc_extracted\./ps2/gfx/sfx/warp.igb,crc
0x881000,122,3231,0xc22be50f,.\ps2\gfx\sfx\carsmokeb.png,gfc_extracted\./ps2/gfx/sfx/carsmokeb.png,crc
0x882000,48,2043,0x650ea3aa,,gfc_extracted\block_00545\block_00545.png,content
0x882800,48,6139,0x1f8abb4a,,gfc_extracted\block_00546\block_00546.png,content
0x884000,48,2043,0x5287456f,,gfc_extracted\block_00547\block_00547.png,content
0x884800,122,10688,0xf105b9a,.\ps2\audio\cnvyrblt.vag,gfc_extracted\./ps2/audio/cnvyrblt.vag,crc
0x887000,122,4416,0x781a0804,.\ps2\audio\countdn7.vag,gfc_extracted\./ps2/audio/countdn7.vag,crc
0x888000,122,7712,0x194b9599,.\ps2\audio\countdn8.vag,gfc_extracted\./ps2/audio/countdn8.vag,crc
0x88a000,122,8224,0x4029abbf,.\ps2\audio\cranclk.vag,gfc_extracted\./ps2/audio/cranclk.vag,crc
0x88c000,122,21536,0x24400acf,.\ps2\audio\itemwon1.vag,gfc_extracted\./ps2/audio/itemwon1.vag,crc
0x890800,122,9008,0x71f417b3,.\ps2\audio\kartbrak.vag,gfc_extracted\./ps2/audio/kartbrak.vag,crc
0x892800,122,9264,0x375442b7,.\ps2\audio\kartburn.vag,gfc_extracted\./ps2/audio/kartburn.vag,crc
0x894800,122,7392,0x9e46cb76,.\ps2\audio\krtflat2.vag,gfc_extracted\./ps2/audio/krtflat2.vag,crc
0x896800,122,11728,0x8b989fb0,.\ps2\audio\lavabub1.vag,gfc_extracted\./ps2/audio/lavabub1.vag,crc
0x899000,122,8848,0xa9e6caf5,.\ps2\audio\litefly.vag,gfc_extracted\./ps2/audio/litefly.vag,crc
0x89b000,122,8560,0xcc52666b,.\ps2\audio\litespin.vag,gfc_extracted\./ps2/audio/litespin.vag,crc
0x89d000,122,2128,0xe51184bd,.\ps2\audio\missfir2.vag,gfc_extracted\./ps2/audio/missfir2.vag,crc
0x89d800,122,768,0xcc3b4ca0,.\ps2\audio\pupget4.vag,gfc_extracted\./ps2/audio/pupget4.vag,crc
0x89e000,122,7648,0xb279319,.\ps2\audio\purafx1.vag,gfc_extracted\./ps2/audio/purafx1.vag,crc
0x8a0000,122,9216,0xadbeb615,.\ps2\audio\teamup1.vag,gfc_extracted\./ps2/audio/teamup1.vag,crc
0x8a2000,122,10144,0x765e12f5,.\ps2\audio\tinyc.vag,gfc_extracted\./ps2/audio/tinyc.vag,crc
0x8a4000,122,3008,0x9e33d519,.\ps2\audio\wfmax.vag,gfc_extracted\./ps2/audio/wfmax.vag,crc
0x8a5000,122,4672,0x558f3c14,.\ps2\audio\wfup.vag,gfc_extracted\./ps2/audio/wfup.vag,crc
0x8a6000,122,2256,0x40422122,.\ps2\audio\whistle1.vag,gfc_extracted\./ps2/audio/whistle1.vag,crc
0x8a6800,122,10736,0xf57d30cb,.\ps2\audio\firewrk2.vag,gfc_extracted\./ps2/audio/firewrk2.vag,crc
0x8a9000,122,6304,0x1e154673,.\ps2\audio\firewrk3.vag,gfc_extracted\./ps2/audio/firewrk3.vag,crc
0x8aa800,122,11424,0x322927fe,.\ps2\audio\flagcptr.vag,gfc_extracted\./ps2/audio/flagcptr.vag,crc
0x8ad000,122,7248,0xd88a5508,.\ps2\audio\crclsrvo.vag,gfc_extracted\./ps2/audio/crclsrvo.vag,crc
0x8af000,122,7232,0xdc944c65,.\ps2\audio\crystobt.vag,gfc_extracted\./ps2/audio/crystobt.vag,crc
0x8b0800,122,9856,0x3fc34982,.\ps2\audio\cubedis.vag,gfc_extracted\./ps2/audio/cubedis.vag,crc
0x8b3000,122,9392,0x368a7a97,.\ps2\audio\flagobt.vag,gfc_extracted\./ps2/audio/flagobt.vag,crc
0x8b5000,122,7648,0xf5704eff,.\ps2\audio\flagtoss.vag,gfc_extracted\./ps2/audio/flagtoss.vag,crc
0x8b6800,122,9616,0x72a9f678,.\ps2\audio\flaglost.vag,gfc_extracted\./ps2/audio/flaglost.vag,crc
0x8b8800,122,14912,0x5ce774d6,.\ps2\audio\flame1.vag,gfc_extracted\./ps2/audio/flame1.vag,crc
0x8bb800,122,1984,0x81a8c7ee,.\ps2\audio\frutdur1.vag,gfc_extracted\./ps2/audio/frutdur1.vag,crc
0x8bc000,122,12512,0x44482e36,.\ps2\audio\booststy.vag,gfc_extracted\./ps2/audio/booststy.vag,crc
0x8bf000,122,8320,0x8ca6e152,.\ps2\audio\magfld.vag,gfc_extracted\./ps2/audio/magfld.vag,crc
0x8c1000,122,5024,0xaa4aac38,.\ps2\audio\kartbmis.vag,gfc_extracted\./ps2/audio/kartbmis.vag,crc
0x8c2800,122,14048,0xb33fe60e,.\ps2\audio\kartbrv3.vag,gfc_extracted\./ps2/audio/kartbrv3.vag,crc
0x8c5800,122,8656,0x40854075,.\ps2\audio\kartfal2.vag,gfc_extracted\./ps2/audio/kartfal2.vag,crc
0x8c7800,122,1648,0xac65007f,.\ps2\audio\crash3fx.vag,gfc_extracted\./ps2/audio/crash3fx.vag,crc
0x8c8000,122,4480,0xf97c4454,.\ps2\audio\brshdtn8.vag,gfc_extracted\./ps2/audio/brshdtn8.vag,crc
0x8c9000,122,4752,0xbc403069,.\ps2\audio\blastpad.vag,gfc_extracted\./ps2/audio/blastpad.vag,crc
0x8ca000,122,4976,0xd706a341,.\ps2\audio\magslide.vag,gfc_extracted\./ps2/audio/magslide.vag,crc
0x8cb000,122,10768,0xeb18cb45,.\ps2\audio\magtran2.vag,gfc_extracted\./ps2/audio/magtran2.vag,crc
0x8cd000,122,12560,0x9245e0af,.\ps2\audio\fluidlnd.vag,gfc_extracted\./ps2/audio/fluidlnd.vag,crc
0x8d0000,122,6816,0xa964b619,.\ps2\audio\crtxmot1.vag,gfc_extracted\./ps2/audio/crtxmot1.vag,crc
0x8d1800,122,9008,0xeb4a0fe5,.\ps2\audio\oxidew1.vag,gfc_extracted\./ps2/audio/oxidew1.vag,crc
0x8d3800,122,4496,0x4e21c32a,.\ps2\audio\exhaust.vag,gfc_extracted\./ps2/audio/exhaust.vag,crc
0x8d4800,122,10944,0xf47ded73,.\ps2\audio\karthop3.vag,gfc_extracted\./ps2/audio/karthop3.vag,crc
0x8d7000,122,4864,0xc3c97a6,.\ps2\audio\hndswep.vag,gfc_extracted\./ps2/audio/hndswep.vag,crc
0x8d8800,122,8720,0xd8ba77cc,.\ps2\audio\hitbarrr.vag,gfc_extracted\./ps2/audio/hitbarrr.vag,crc
0x8da800,122,2800,0x3834dd03,.\ps2\audio\kartpop.vag,gfc_extracted\./ps2/audio/kartpop.vag,crc
0x8db800,122,4176,0xb6d90d47,.\ps2\audio\machine1.vag,gfc_extracted\./ps2/audio/machine1.vag,crc
0x8dc800,122,3360,0x80eef118,.\ps2\audio\landhop2.vag,gfc_extracted\./ps2/audio/landhop2.vag,crc
0x8dd800,122,3744,0xbe8b467e,.\ps2\audio\lapcros1.vag,gfc_extracted\./ps2/audio/lapcros1.vag,crc
0x8de800,122,5040,0x82c9397,.\ps2\audio\magmot1.vag,gfc_extracted\./ps2/audio/magmot1.vag,crc
0x8e0000,122,11152,0xeeb696eb,.\ps2\audio\sprkhum1.vag,gfc_extracted\./ps2/audio/sprkhum1.vag,crc
0x8e2800,122,5904,0x5c80db2b,.\ps2\audio\metlclok.vag,gfc_extracted\./ps2/audio/metlclok.vag,crc
0x8e4000,122,18576,0xfe4a9b79,.\ps2\audio\krtsnow.vag,gfc_extracted\./ps2/audio/krtsnow.vag,crc
0x8e8000,122,6992,0xe1d9f21a,.\ps2\audio\magspin.vag,gfc_extracted\./ps2/audio/magspin.vag,crc
0x8e9800,122,9952,0x1cca1b3a,.\ps2\audio\kartspin.vag,gfc_extracted\./ps2/audio/kartspin.vag,crc
0x8ec000,122,3808,0x5b44c31c,.\ps2\audio\kartscrp.vag,gfc_extracted\./ps2/audio/kartscrp.vag,crc
0x8ed000,122,3760,0xa2b23fad,.\ps2\audio\krtgrass.vag,gfc_extracted\./ps2/audio/krtgrass.vag,crc
0x8ee000,122,3584,0x9d5730e3,.\ps2\audio\magsprk2.vag,gfc_extracted\./ps2/audio/magsprk2.vag,crc
0x8ef000,122,4272,0xf29e21fe,.\ps2\audio\kartwood.vag,gfc_extracted\./ps2/audio/kartwood.vag,crc
0x8f0000,122,10736,0xec248391,.\ps2\audio\krtgravl.vag,gfc_extracted\./ps2/audio/krtgravl.vag,crc
0x8f2800,122,11920,0x6b7f2548,.\ps2\audio\krtice.vag,gfc_extracted\./ps2/audio/krtice.vag,crc
0x8f5000,122,6944,0xde019285,.\ps2\audio\krtmud1.vag,gfc_extracted\./ps2/audio/krtmud1.vag,crc
0x8f6800,122,14160,0x56eb0094,.\ps2\audio\krtsand.vag,gfc_extracted\./ps2/audio/krtsand.vag,crc
0x8f9800,122,12400,0xd2e78512,.\ps2\audio\krtscrp2.vag,gfc_extracted\./ps2/audio/krtscrp2.vag,crc
0x8fc000,122,9216,0x770b425b,.\ps2\audio\krtwater.vag,gfc_extracted\./ps2/audio/krtwater.vag,crc
0x8fe000,122,12976,0x8e4a4c93,.\ps2\audio\kukubig.vag,gfc_extracted\./ps2/audio/kukubig.vag,crc
0x901000,122,13744,0xbab62ba2,.\ps2\audio\kilpoint.vag,gfc_extracted\./ps2/audio/kilpoint.vag,crc
0x904000,122,65536,0x6e7b6f7a,,gfc_extracted\block_00617\block_00617.bin,content
0x911000,122,16720,0xd5bc613c,,gfc_extracted\block_00618\block_00618.bin,content
0x914800,122,5280,0x7dfefc32,.\ps2\audio\akuout.vag,gfc_extracted\./ps2/audio/akuout.vag,crc
0x916000,122,2016,0x94d650d,.\ps2\audio\cratdrp1.vag,gfc_extracted\./ps2/audio/cratdrp1.vag,crc
0x916800,122,3408,0xee772b50,.\ps2\audio\cratland.vag,gfc_extracted\./ps2/audio/cratland.vag,crc
0x917800,122,5408,0xbe9ebec9,.\ps2\audio\cratsmsh.vag,gfc_extracted\./ps2/audio/cratsmsh.vag,crc
0x919000,122,2256,0x1ea74985,.\ps2\audio\misxpl3.vag,gfc_extracted\./ps2/audio/misxpl3.vag,crc
0x919800,122,1696,0x65394fa2,.\ps2\audio\shokend.vag,gfc_extracted\./ps2/audio/shokend.vag,crc
0x91a000,122,8880,0x300bc1e5,.\ps2\audio\dingol1.vag,gfc_extracted\./ps2/audio/dingol1.vag,crc
0x91c000,122,11280,0xfe71d8b6,.\ps2\audio\vovolume.vag,gfc_extracted\./ps2/audio/vovolume.vag,crc
0x91e800,122,11952,0x58c93458,.\ps2\audio\minetoss.vag,gfc_extracted\./ps2/audio/minetoss.vag,crc
0x921000,122,5600,0x9a14efa2,.\ps2\audio\itemhud.vag,gfc_extracted\./ps2/audio/itemhud.vag,crc
0x922800,122,17888,0xa94eb53f,.\ps2\audio\invstrig.vag,gfc_extracted\./ps2/audio/invstrig.vag,crc
0x926800,122,9440,0x13b0bde3,.\ps2\audio\invsxhst.vag,gfc_extracted\./ps2/audio/invsxhst.vag,crc
0x928800,122,5088,0x99e3fe09,.\ps2\audio\shldloop.vag,gfc_extracted\./ps2/audio/shldloop.vag,crc
0x92a000,122,12976,0xc988977c,.\ps2\audio\shldtrig.vag,gfc_extracted\./ps2/audio/shldtrig.vag,crc
0x92d000,122,5840,0x97c51fa9,.\ps2\audio\shokbeep.vag,gfc_extracted\./ps2/audio/shokbeep.vag,crc
0x92e800,122,5792,0x3648a1cc,.\ps2\audio\shokhit.vag,gfc_extracted\./ps2/audio/shokhit.vag,crc
0x930000,122,12336,0x3c1c93f,.\ps2\audio\shoktoss.vag,gfc_extracted\./ps2/audio/shoktoss.vag,crc
0x932800,122,5392,0x69bbd749,.\ps2\audio\tclktrig.vag,gfc_extracted\./ps2/audio/tclktrig.vag,crc
0x934000,122,65536,0xe22b5025,,gfc_extracted\block_00637\block_00637.bin,content
0x940800,122,16720,0x6ebb832f,,gfc_extracted\block_00638\block_00638.bin,content
0x944000,122,7280,0x9b3ee1f8,.\ps2\audio\underwtr.vag,gfc_extracted\./ps2/audio/underwtr.vag,crc
0x945800,122,65536,0x7ba8adc3,,gfc_extracted\block_00640\block_00640.bin,content
0x952000,122,16720,0xf08e249d,,gfc_extracted\block_00641\block_00641.bin,content
0x955800,122,36432,0xe1a3f0d8,.\ps2\audio\velovox3.vag,gfc_extracted\./ps2/audio/velovox3.vag,crc
0x95d000,122,6544,0x976f9ecb,.\ps2\audio\teamup2.vag,gfc_extracted\./ps2/audio/teamup2.vag,crc
0x95e800,122,8640,0x2f1cfd95,.\ps2\audio\frnzloop.vag,gfc_extracted\./ps2/audio/frnzloop.vag,crc
0x960800,122,11216,0xc9d6d804,.\ps2\audio\frogs.vag,gfc_extracted\./ps2/audio/frogs.vag,crc
0x963000,122,9072,0x39b5990,.\ps2\audio\teamup3.vag,gfc_extracted\./ps2/audio/teamup3.vag,crc
0x965000,122,2256,0x3a9cfb35,.\ps2\audio\thunder2.vag,gfc_extracted\./ps2/audio/thunder2.vag,crc
0x965800,122,5264,0x37ecf8c4,.\ps2\audio\bombxpl2.vag,gfc_extracted\./ps2/audio/bombxpl2.vag,crc
0x967000,122,7664,0x1c2644cc,.\ps2\audio\crathead.vag,gfc_extracted\./ps2/audio/crathead.vag,crc
0x969000,122,9264,0xdaf7dc23,.\ps2\audio\boostpad.vag,gfc_extracted\./ps2/audio/boostpad.vag,crc
0x96b000,122,13248,0x1a81d0f8,.\ps2\audio\topfire.vag,gfc_extracted\./ps2/audio/topfire.vag,crc
0x96e000,122,10448,0x4d9abd78,.\ps2\audio\monkey.vag,gfc_extracted\./ps2/audio/monkey.vag,crc
0x970800,122,14784,0x34c0dbee,.\ps2\audio\misping1.vag,gfc_extracted\./ps2/audio/misping1.vag,crc
0x974000,122,3488,0xb4103609,.\ps2\audio\minelop3.vag,gfc_extracted\./ps2/audio/minelop3.vag,crc
0x975000,122,8288,0x1b564df1,.\ps2\audio\missfly5.vag,gfc_extracted\./ps2/audio/missfly5.vag,crc
0x977000,122,4144,0x607e11eb,.\ps2\audio\misstrk3.vag,gfc_extracted\./ps2/audio/misstrk3.vag,crc
0x978000,122,3952,0xf636880f,.\ps2\audio\misping2.vag,gfc_extracted\./ps2/audio/misping2.vag,crc
0x979000,122,10848,0xfa2770a5,.\ps2\audio\shokloop.vag,gfc_extracted\./ps2/audio/shokloop.vag,crc
0x97b800,122,9792,0x6034d042,.\ps2\audio\toplift.vag,gfc_extracted\./ps2/audio/toplift.vag,crc
0x97e000,122,22512,0x7cd21aab,.\ps2\audio\topspin2.vag,gfc_extracted\./ps2/audio/topspin2.vag,crc
0x983000,122,7008,0xc2f640f,.\ps2\audio\tower1.vag,gfc_extracted\./ps2/audio/tower1.vag,crc
0x984800,122,4400,0x9022a6b5,.\ps2\audio\seagull2.vag,gfc_extracted\./ps2/audio/seagull2.vag,crc
0x985800,122,4128,0x94dc46f,.\ps2\audio\shlddtn8.vag,gfc_extracted\./ps2/audio/shlddtn8.vag,crc
0x986800,122,3632,0x74bcfe7e,.\ps2\audio\buoy2.vag,gfc_extracted\./ps2/audio/buoy2.vag,crc
0x987800,122,7824,0xac4db206,.\ps2\audio\burp1.vag,gfc_extracted\./ps2/audio/burp1.vag,crc
0x989800,122,12496,0x7e148bda,.\ps2\audio\lavabub4.vag,gfc_extracted\./ps2/audio/lavabub4.vag,crc
0x98c800,122,3920,0x22032ec2,.\ps2\audio\lavabub5.vag,gfc_extracted\./ps2/audio/lavabub5.vag,crc
0x98d800,122,4864,0xbb43d7db,.\ps2\audio\lavabub6.vag,gfc_extracted\./ps2/audio/lavabub6.vag,crc
0x98f000,122,6928,0x832965d2,.\ps2\audio\lifelost.vag,gfc_extracted\./ps2/audio/lifelost.vag,crc
0x990800,122,8592,0x862dd659,.\ps2\audio\cblsprk1.vag,gfc_extracted\./ps2/audio/cblsprk1.vag,crc
0x992800,122,6464,0x643377a8,.\ps2\audio\cavedrp2.vag,gfc_extracted\./ps2/audio/cavedrp2.vag,crc
0x994000,122,5104,0xaeeca2d7,.\ps2\audio\cavedrp3.vag,gfc_extracted\./ps2/audio/cavedrp3.vag,crc
0x995800,122,7264,0x421370e2,.\ps2\audio\cavedrp4.vag,gfc_extracted\./ps2/audio/cavedrp4.vag,crc
0x997000,122,5200,0x6a58c683,.\ps2\audio\cavrmbl2.vag,gfc_extracted\./ps2/audio/cavrmbl2.vag,crc
0x998800,122,17392,0x74728ff3,.\ps2\audio\steem4.vag,gfc_extracted\./ps2/audio/steem4.vag,crc
0x99c800,122,11072,0x7c4be8a8,.\ps2\audio\watfall3.vag,gfc_extracted\./ps2/audio/watfall3.vag,crc
0x99f000,122,15376,0xc0b4a2a3,.\ps2\audio\watfall4.vag,gfc_extracted\./ps2/audio/watfall4.vag,crc
0x9a2800,122,20000,0x5793e431,.\ps2\audio\oilboil.vag,gfc_extracted\./ps2/audio/oilboil.vag,crc
0x9a7000,122,14768,0x658fdde7,.\ps2\audio\wfdown.vag,gfc_extracted\./ps2/audio/wfdown.vag,crc
0x9aa800,122,7648,0xe6c4c8e1,.\ps2\audio\jnglbrd7.vag,gfc_extracted\./ps2/audio/jnglbrd7.vag,crc
0x9ac800,122,2560,0xc911e7c1,.\ps2\audio\jungle5.vag,gfc_extracted\./ps2/audio/jungle5.vag,crc
0x9ad800,122,7312,0x5d68f4c3,.\ps2\audio\jungle7.vag,gfc_extracted\./ps2/audio/jungle7.vag,crc
0x9af800,48,67579,0x26057b84,,gfc_extracted\block_00683\block_00683.png,content
0x9c0000,48,67579,0x3b981d2,,gfc_extracted\block_00684\block_00684.bin,content
0x9d0800,48,67579,0xa353fe03,,gfc_extracted\block_00685\block_00685.bin,content
0x9e1000,48,67579,0x5740230d,,gfc_extracted\block_00686\block_00686.bin,content
0x9f1800,48,51195,0x1a7e9f9f,,gfc_extracted\block_00687\block_00687.bin,content
0x9fe000,48,67579,0x9ce446af,,gfc_extracted\block_00688\block_00688.png,content
0xa0e800,48,67579,0xadac7638,,gfc_extracted\block_00689\block_00689.bin,content
0xa1f000,48,67579,0x760baf01,,gfc_extracted\block_00690\block_00690.bin,content
0xa2f800,48,67579,0x371ec68d,,gfc_extracted\block_00691\block_00691.bin,content
0xa40000,48,67579,0x24f9c33e,,gfc_extracted\block_00692\block_00692.bin,content
0xa50800,48,67579,0x55b5805,,gfc_extracted\block_00693\block_00693.bin,content
0xa61000,48,14331,0x5a0cd7c2,,gfc_extracted\block_00694\block_00694.bin,content
0xa64800,122,220,0x151a9cfb,.\common\animations\earth3_anims.csv,gfc_extracted\./common/animations/earth3_anims.csv,crc
0xa65000,122,207,0x6040e363,.\common\audio\earth2_3devents.csv,gfc_extracted\./common/audio/earth2_3devents.csv,crc
0xa65800,122,620,0x9b3f8331,.\common\audio\earth2_envpointsounds.csv,gfc_extracted\./common/audio/earth2_envpointsounds.csv,crc
0xa66000,122,2768,0xb84c8116,.\common\audio\earth2_envtubesounds.csv,gfc_extracted\./common/audio/earth2_envtubesounds.csv,crc
0xa66800,122,318,0x4d95e4fe,.\common\audio\earth2_listenerregions.csv,gfc_extracted\./common/audio/earth2_listenerregions.csv,crc
0xa67000,48,2043,0x7cb70112,,gfc_extracted\block_00700\block_00700.csv,content
0xa67800,122,298,0x699a53fa,.\common\gfx\sfx\arena2_hhf.csv,gfc_extracted\./common/gfx/sfx/arena2_hhf.csv,crc
0xa68000,122,65536,0x9e1aa56b,,gfc_extracted\block_00702\block_00702.bin,content
0xa72800,122,59173,0x84991170,,gfc_extracted\block_00703\block_00703.bin,content
0xa79000,122,65536,0x5abc7ca,,gfc_extracted\block_00704\block_00704.bin,content
0xa7b000,122,65536,0xb1485de1,,gfc_extracted\block_00705\block_00705.bin,content
0xa7c800,122,65536,0x562e384f,,gfc_extracted\block_00706\block_00706.bin,content
0xa81000,122,65536,0x7f65ddea,,gfc_extracted\block_00707\block_00707.bin,content
0xa85800,122,65536,0xedbaf14,,gfc_extracted\block_00708\block_00708.bin,content
0xa8d800,122,65536,0x99668546,,gfc_extracted\block_00709\block_00709.bin,content
0xa92800,122,65536,0x98185288,,gfc_extracted\block_00710\block_00710.bin,content
0xa97800,122,65536,0xf4986d3c,,gfc_extracted\block_00711\block_00711.bin,content
0xa9e800,122,65536,0x72120c8c,,gfc_extracted\block_00712\block_00712.bin,content
0xaa3800,122,65536,0xab1cb148,,gfc_extracted\block_00713\block_00713.bin,content
0xaa8000,122,65536,0xbe78d327,,gfc_extracted\block_00714\block_00714.bin,content
0xaac800,122,65536,0x7e5060fe,,gfc_extracted\block_00715\block_00715.bin,content
0xab5800,122,65536,0x6850eff7,,gfc_extracted\block_00716\block_00716.bin,content
0xaba000,122,65536,0x74a6dc5b,,gfc_extracted\block_00717\block_00717.bin,content
0xabf800,122,65536,0x4d11716,,gfc_extracted\block_00718\block_00718.bin,content
0xac7000,122,65536,0x820b94ec,,gfc_extracted\block_00719\block_00719.csv,content
0xad1000,122,65536,0xa8cba864,,gfc_extracted\block_00720\block_00720.bin,content
0xadb000,122,65536,0xef54ce4e,,gfc_extracted\block_00721\block_00721.bin,content
0xae4800,122,65536,0xde9ce754,,gfc_extracted\block_00722\block_00722.bin,content
0xaec800,122,65536,0x393b956c,,gfc_extracted\block_00723\block_00723.bin,content
0xaf3800,122,65536,0xe3c28ca3,,gfc_extracted\block_00724\block_00724.bin,content
0xafa800,122,65536,0x55d59acf,,gfc_extracted\block_00725\block_00725.bin,content
0xb01800,122,65536,0xa35278e2,,gfc_extracted\block_00726\block_00726.csv,content
0xb08800,122,65536,0xca42d4ea,,gfc_extracted\block_00727\block_00727.csv,content
0xb13000,122,65536,0x6906673a,,gfc_extracted\block_00728\block_00728.bin,content
0xb1c000,122,65536,0x86cb63c1,,gfc_extracted\block_00729\block_00729.bin,content
0xb20800,122,65536,0x11b848ae,,gfc_extracted\block_00730\block_00730.bin,content
0xb25800,122,65536,0x8e57af0d,,gfc_extracted\block_00731\block_00731.bin,content
0xb2a800,122,65536,0xfc2d592f,,gfc_extracted\block_00732\block_00732.bin,content
0xb33000,122,65536,0xd95f5337,,gfc_extracted\block_00733\block_00733.bin,content
0xb39800,122,65536,0x5a04a484,,gfc_extracted\block_00734\block_00734.bin,content
0xb40000,122,65536,0xdcbb676d,,gfc_extracted\block_00735\block_00735.bin,content
0xb45000,122,65536,0xb19514bd,,gfc_extracted\block_00736\block_00736.bin,content
0xb49000,122,65536,0xaf46fb3e,,gfc_extracted\block_00737\block_00737.bin,content
0xb4f000,122,65536,0x3991cd68,,gfc_extracted\block_00738\block_00738.bin,content
0xb53800,122,65536,0x68eb6ea7,,gfc_extracted\block_00739\block_00739.bin,content
0xb59000,122,65536,0xa0bfcdf4,,gfc_extracted\block_00740\block_00740.bin,content
0xb5b800,122,65536,0x7e2bf502,,gfc_extracted\block_00741\block_00741.bin,content
0xb62000,122,65536,0xe520f9cf,,gfc_extracted\block_00742\block_00742.bin,content
0xb68800,122,65536,0xee8fc800,,gfc_extracted\block_00743\block_00743.bin,content
0xb6e000,122,65536,0x50e56ffa,,gfc_extracted\block_00744\block_00744.bin,content
0xb72000,122,65536,0x617a375d,,gfc_extracted\block_00745\block_00745.bin,content
0xb77000,122,65536,0x75eb4ff5,,gfc_extracted\block_00746\block_00746.bin,content
0xb7c800,122,65536,0x21982144,,gfc_extracted\block_00747\block_00747.bin,content
0xb83000,122,65536,0xab55256d,,gfc_extracted\block_00748\block_00748.bin,content
0xb88000,122,21864,0xe35de32b,,gfc_extracted\block_00749\block_00749.bin,content
0xb8a800,122,24416,0x8acefc87,.\common\gfx\tracks\earth2_levelinfo_ranking.csv,gfc_extracted\./common/gfx/tracks/earth2_levelinfo_ranking.csv,crc
0xb8e000,122,65536,0x59955332,,gfc_extracted\block_00751\block_00751.bin,content
0xb90000,122,65536,0x71eb49ab,,gfc_extracted\block_00752\block_00752.bin,content
0xb93000,122,65536,0xa1eef94d,,gfc_extracted\block_00753\block_00753.bin,content
0xb96800,122,65536,0x7d70efba,,gfc_extracted\block_00754\block_00754.bin,content
0xb9e800,122,65536,0xc9f0a4f2,,gfc_extracted\block_00755\block_00755.bin,content
0xba6000,122,65536,0xbad35692,,gfc_extracted\block_00756\block_00756.bin,content
0xbae000,122,4034,0x9fe18a0d,,gfc_extracted\block_00757\block_00757.bin,content
0xbaf000,122,65536,0x20a85b5c,,gfc_extracted\block_00758\block_00758.bin,content
0xbb1800,122,65536,0xad981f09,,gfc_extracted\block_00759\block_00759.bin,content
0xbb4000,122,65536,0x1c60ed55,,gfc_extracted\block_00760\block_00760.bin,content
0xbba800,122,65536,0x453e0c3,,gfc_extracted\block_00761\block_00761.bin,content
0xbc2800,122,47394,0x76c5fcbf,,gfc_extracted\block_00762\block_00762.bin,content
0xbc7800,48,2043,0x1bc35891,,gfc_extracted\block_00763\block_00763.png,content
0xbc8000,122,20156,0x9dc4449e,.\common\gfx\extanim\earth3-anim-cam.igb,gfc_extracted\./common/gfx/extanim/earth3-anim-cam.igb,crc
0xbca800,122,5548,0x2bc2e892,.\common\hud\maps\earth2.png,gfc_extracted\./common/hud/maps/earth2.png,crc
0xbcb800,122,4400,0x6c6d6953,.\ps2\audio\frutleav.vag,gfc_extracted\./ps2/audio/frutleav.vag,crc
0xbcc800,122,4544,0x70dd6991,.\ps2\audio\frutland.vag,gfc_extracted\./ps2/audio/frutland.vag,crc
0xbcd800,122,44544,0x9058d54e,.\ps2\audio\frutdur2.vag,gfc_extracted\./ps2/audio/frutdur2.vag,crc
0xbd7000,122,4656,0x63d9541b,.\ps2\audio\fruthit.vag,gfc_extracted\./ps2/audio/fruthit.vag,crc
0xbd8000,122,5616,0xe1f0140a,.\ps2\audio\furnace.vag,gfc_extracted\./ps2/audio/furnace.vag,crc
0xbd9800,122,16048,0xc4273184,.\ps2\audio\jnglcall.vag,gfc_extracted\./ps2/audio/jnglcall.vag,crc
0xbdd000,122,2144,0x4b49693d,.\ps2\audio\jnglbrd2.vag,gfc_extracted\./ps2/audio/jnglbrd2.vag,crc
0xbdd800,122,9504,0x8999d936,.\ps2\audio\jungle4.vag,gfc_extracted\./ps2/audio/jungle4.vag,crc
0xbdf800,122,3744,0x887d7dc8,.\ps2\audio\jungle6.vag,gfc_extracted\./ps2/audio/jungle6.vag,crc
0xbe0800,122,12816,0x9be69646,.\ps2\audio\jungle8.vag,gfc_extracted\./ps2/audio/jungle8.vag,crc
0xbe3000,122,11936,0xcc00848a,.\ps2\audio\jungle9.vag,gfc_extracted\./ps2/audio/jungle9.vag,crc
0xbe5800,122,8768,0x46c0e4e0,.\ps2\audio\msfire.vag,gfc_extracted\./ps2/audio/msfire.vag,crc
0xbe7800,122,8736,0x6f910aed,.\ps2\audio\jungle2.vag,gfc_extracted\./ps2/audio/jungle2.vag,crc
0xbe9000,122,4784,0xedeec73e,.\ps2\audio\jungle3.vag,gfc_extracted\./ps2/audio/jungle3.vag,crc
0xbea800,122,5872,0xaae24420,.\ps2\audio\jnglbug1.vag,gfc_extracted\./ps2/audio/jnglbug1.vag,crc
0xbec000,122,5968,0x6ae2c05c,.\ps2\audio\kartbget.vag,gfc_extracted\./ps2/audio/kartbget.vag,crc
0xbed800,122,11008,0xe1d615fb,.\ps2\audio\scrnchng.vag,gfc_extracted\./ps2/audio/scrnchng.vag,crc
0xbf0000,122,11088,0xee6e2172,.\ps2\audio\ropecrk2.vag,gfc_extracted\./ps2/audio/ropecrk2.vag,crc
0xbf2800,48,67579,0x39a7dd1b,,gfc_extracted\block_00784\block_00784.png,content
0xc03000,48,67579,0x67bea417,,gfc_extracted\block_00785\block_00785.bin,content
0xc13800,48,67579,0x2f994173,,gfc_extracted\block_00786\block_00786.bin,content
0xc24000,48,67579,0xfcbc553a,,gfc_extracted\block_00787\block_00787.bin,content
0xc34800,48,67579,0x751c4fc5,,gfc_extracted\block_00788\block_00788.bin,content
0xc45000,48,32763,0x9ddddb5d,,gfc_extracted\block_00789\block_00789.bin,content
0xc4d000,48,67579,0x75eddf8e,,gfc_extracted\block_00790\block_00790.png,content
0xc5d800,48,67579,0x2a0c53a7,,gfc_extracted\block_00791\block_00791.bin,content
0xc6e000,48,67579,0xf8d9a9dc,,gfc_extracted\block_00792\block_00792.bin,content
0xc7e800,48,67579,0xcbcedbe9,,gfc_extracted\block_00793\block_00793.bin,content
0xc8f000,48,67579,0x7ccd9416,,gfc_extracted\block_00794\block_00794.bin,content
0xc9f800,48,24571,0xe2d3d27d,,gfc_extracted\block_00795\block_00795.bin,content
0xca5800,122,956,0x5ff86729,.\common\animations\earth3_anim_sounds.csv,gfc_extracted\./common/animations/earth3_anim_sounds.csv,crc
0xca6000,122,207,0xd65b0313,.\common\audio\earth3_3devents.csv,gfc_extracted\./common/audio/earth3_3devents.csv,crc
0xca6800,122,769,0x7c8c26eb,.\common\audio\earth3_envpointsounds.csv,gfc_extracted\./common/audio/earth3_envpointsounds.csv,crc
0xca7000,122,1429,0xe4f91199,.\common\audio\earth3_envtubesounds.csv,gfc_extracted\./common/audio/earth3_envtubesounds.csv,crc
0xca7800,122,421,0xb396e910,.\common\audio\earth3_listenerregions.csv,gfc_extracted\./common/audio/earth3_listenerregions.csv,crc
0xca8000,48,2043,0xb65039f3,,gfc_extracted\block_00801\block_00801.csv,content
0xca8800,122,298,0x699a53fa,.\common\gfx\sfx\arena2_hhf.csv,gfc_extracted\./common/gfx/sfx/arena2_hhf.csv,crc
0xca9000,122,65536,0x49509d0f,,gfc_extracted\block_00803\block_00803.bin,content
0xcb3000,122,42154,0x95a2e598,,gfc_extracted\block_00804\block_00804.bin,content
0xcb8000,122,2860,0x8fdc27f1,.\common\obstacles\earth3_phantoms.csv,gfc_extracted\./common/obstacles/earth3_phantoms.csv,crc
0xcb8800,122,1401,0x85819233,.\common\obstacles\earth3_timers.csv,gfc_extracted\./common/obstacles/earth3_timers.csv,crc
0xcb9000,122,772,0x8f9553be,.\common\obstacles\fenom1_actions.csv,gfc_extracted\./common/obstacles/fenom1_actions.csv,crc
0xcb9800,122,65536,0x97568e0b,,gfc_extracted\block_00808\block_00808.bin,content
0xcbb800,122,65536,0x3ccad78e,,gfc_extracted\block_00809\block_00809.bin,content
0xcbc800,122,65536,0x1eb35071,,gfc_extracted\block_00810\block_00810.bin,content
0xcbd800,122,65536,0x4c496ff2,,gfc_extracted\block_00811\block_00811.bin,content
0xcbf000,122,65536,0xb1127032,,gfc_extracted\block_00812\block_00812.bin,content
0xcc3000,122,65536,0x645a249b,,gfc_extracted\block_00813\block_00813.bin,content
0xcc6800,122,65536,0xe9183f58,,gfc_extracted\block_00814\block_00814.bin,content
0xcca800,122,65536,0x3e1a7c7c,,gfc_extracted\block_00815\block_00815.bin,content
0xccf800,122,65536,0x4c822e49,,gfc_extracted\block_00816\block_00816.bin,content
0xcd4800,122,65536,0x54fb5c2e,,gfc_extracted\block_00817\block_00817.bin,content
0xcdb000,122,65536,0x19496b21,,gfc_extracted\block_00818\block_00818.bin,content
0xce2000,122,65536,0xbcba6913,,gfc_extracted\block_00819\block_00819.bin,content
0xceb800,122,65536,0xc880129,,gfc_extracted\block_00820\block_00820.bin,content
0xcf5800,122,65536,0xe14b5622,,gfc_extracted\block_00821\block_00821.bin,content
0xcfe800,122,65536,0x448b7bb7,,gfc_extracted\block_00822\block_00822.bin,content
0xd06000,122,65536,0x68fc9c12,,gfc_extracted\block_00823\block_00823.bin,content
0xd0d800,122,65536,0xa4e6dcb3,,gfc_extracted\block_00824\block_00824.bin,content
0xd15000,122,65536,0xcffe9756,,gfc_extracted\block_00825\block_00825.bin,content
0xd1d800,122,65536,0x58c9148e,,gfc_extracted\block_00826\block_00826.bin,content
0xd24000,122,65536,0x4b98f63d,,gfc_extracted\block_00827\block_00827.bin,content
0xd28000,122,65536,0x476fbd2a,,gfc_extracted\block_00828\block_00828.bin,content
0xd2f800,122,65536,0xc41e725d,,gfc_extracted\block_00829\block_00829.bin,content
0xd38000,122,65536,0x837d4b4b,,gfc_extracted\block_00830\block_00830.bin,content
0xd40800,122,65536,0x13653f3f,,gfc_extracted\block_00831\block_00831.bin,content
0xd44000,122,65536,0xf5d244a9,,gfc_extracted\block_00832\block_00832.bin,content
0xd4d800,122,65536,0x9851dceb,,gfc_extracted\block_00833\block_00833.bin,content
0xd56000,122,65536,0x71703d0f,,gfc_extracted\block_00834\block_00834.bin,content
0xd5e800,122,65536,0xa2ce5672,,gfc_extracted\block_00835\block_00835.bin,content
0xd69000,122,65536,0xda04744e,,gfc_extracted\block_00836\block_00836.bin,content
0xd70000,122,65536,0xb84914e5,,gfc_extracted\block_00837\block_00837.bin,content
0xd76800,122,65536,0x80bf45df,,gfc_extracted\block_00838\block_00838.bin,content
0xd7c800,122,65536,0x44d3de93,,gfc_extracted\block_00839\block_00839.bin,content
0xd82800,122,65536,0x3b65913,,gfc_extracted\block_00840\block_00840.bin,content
0xd8b000,122,65536,0x1797fc24,,gfc_extracted\block_00841\block_00841.bin,content
0xd93000,122,65536,0xb7ea727b,,gfc_extracted\block_00842\block_00842.bin,content
0xd99800,122,65536,0xe87acb89,,gfc_extracted\block_00843\block_00843.bin,content
0xda0000,122,65536,0x4c55e376,,gfc_extracted\block_00844\block_00844.bin,content
0xda8800,122,65536,0xf399f6c6,,gfc_extracted\block_00845\block_00845.bin,content
0xdaf800,122,65536,0xc92d2123,,gfc_extracted\block_00846\block_00846.bin,content
0xdb4000,122,65536,0x369fdace,,gfc_extracted\block_00847\block_00847.bin,content
0xdba000,122,65536,0xd9b74f70,,gfc_extracted\block_00848\block_00848.bin,content
0xdc1800,122,65536,0xdfadbe13,,gfc_extracted\block_00849\block_00849.bin,content
0xdc7800,122,65536,0xc0d4c732,,gfc_extracted\block_00850\block_00850.bin,content
0xdcc800,122,65536,0xbffd1926,,gfc_extracted\block_00851\block_00851.bin,content
0xdd1800,122,65536,0x832e4d9d,,gfc_extracted\block_00852\block_00852.bin,content
0xdd8800,122,65536,0x6cc5ff5c,,gfc_extracted\block_00853\block_00853.bin,content
0xddf800,122,65536,0x9c103d5b,,gfc_extracted\block_00854\block_00854.bin,content
0xde5000,122,65536,0x3ae03d19,,gfc_extracted\block_00855\block_00855.bin,content
0xde9000,122,65536,0x2d366f23,,gfc_extracted\block_00856\block_00856.bin,content
0xdee800,122,65536,0xfafb7efc,,gfc_extracted\block_00857\block_00857.bin,content
0xdf5800,122,65536,0xbdbcb37b,,gfc_extracted\block_00858\block_00858.bin,content
0xdfb000,122,65536,0xc6082fb9,,gfc_extracted\block_00859\block_00859.bin,content
0xe01800,122,65536,0xb577df0e,,gfc_extracted\block_00860\block_00860.bin,content
0xe09000,122,65536,0x3b9648cb,,gfc_extracted\block_00861\block_00861.bin,content
0xe11000,122,65536,0xf9945b10,,gfc_extracted\block_00862\block_00862.bin,content
0xe17800,122,65536,0x2f5b7a7d,,gfc_extracted\block_00863\block_00863.bin,content
0xe1e000,122,65536,0x20615862,,gfc_extracted\block_00864\block_00864.bin,content
0xe23000,122,7550,0x924cfe61,,gfc_extracted\block_00865\block_00865.bin,content
0xe24000,122,30626,0x4fc763ac,.\common\gfx\tracks\earth3_levelinfo_ranking.csv,gfc_extracted\./common/gfx/tracks/earth3_levelinfo_ranking.csv,crc
0xe28800,122,65536,0xceff03bb,,gfc_extracted\block_00867\block_00867.bin,content
0xe2a800,122,65536,0xc484ef82,,gfc_extracted\block_00868\block_00868.bin,content
0xe2d800,122,65536,0xb85f0bc1,,gfc_extracted\block_00869\block_00869.bin,content
0xe34800,122,65536,0x5d0bbd55,,gfc_extracted\block_00870\block_00870.bin,content
0xe3a800,122,65536,0xcb74ed6a,,gfc_extracted\block_00871\block_00871.bin,content
0xe41800,122,65536,0xae2c28b9,,gfc_extracted\block_00872\block_00872.bin,content
0xe49000,122,5918,0x5ae4f61f,,gfc_extracted\block_00873\block_00873.bin,content
0xe49800,48,2043,0xc5aa992,,gfc_extracted\block_00874\block_00874.png,content
0xe4a000,122,1113,0x121c745e,.\common\animations\fenom1_anims.csv,gfc_extracted\./common/animations/fenom1_anims.csv,crc
0xe4a800,122,33056,0x80110e9b,.\ps2\gfx\extanim\bouncepad.igb,gfc_extracted\./ps2/gfx/extanim/bouncepad.igb,crc
0xe4d800,122,30106,0xc00fdc06,.\ps2\gfx\extanim\crane.igb,gfc_extracted\./ps2/gfx/extanim/crane.igb,crc
0xe50800,122,17490,0x58d23da7,.\ps2\gfx\extanim\e1_startbanner.igb,gfc_extracted\./ps2/gfx/extanim/e1_startbanner.igb,crc
0xe52000,122,20156,0x8c081927,.\common\gfx\extanim\fenom1-anim-cam.igb,gfc_extracted\./common/gfx/extanim/fenom1-anim-cam.igb,crc
0xe54800,122,32624,0x6af4a4f3,.\ps2\gfx\extanim\jumpramp.igb,gfc_extracted\./ps2/gfx/extanim/jumpramp.igb,crc
0xe57000,122,30980,0x28de102c,.\ps2\gfx\extanim\rotatespout.igb,gfc_extracted\./ps2/gfx/extanim/rotatespout.igb,crc
0xe59800,122,32224,0x4255fb38,.\ps2\gfx\fonts\alphadance.igb,gfc_extracted\./ps2/gfx/fonts/alphadance.igb,crc
0xe5c800,122,4788,0xbeb9aaf9,.\common\hud\maps\earth3.png,gfc_extracted\./common/hud/maps/earth3.png,crc
0xe5d800,122,11456,0x35b12012,.\ps2\audio\landhop1.vag,gfc_extracted\./ps2/audio/landhop1.vag,crc
0xe60000,122,5024,0xe1a9a635,.\ps2\audio\cblswsh2.vag,gfc_extracted\./ps2/audio/cblswsh2.vag,crc
0xe61800,122,3872,0xf20eb114,.\ps2\audio\cicada.vag,gfc_extracted\./ps2/audio/cicada.vag,crc
0xe62800,122,20288,0x664c21ff,.\ps2\audio\cblswsh1.vag,gfc_extracted\./ps2/audio/cblswsh1.vag,crc
0xe66800,122,12704,0x7e327cac,.\ps2\audio\flame2.vag,gfc_extracted\./ps2/audio/flame2.vag,crc
0xe69800,122,8400,0x82556811,.\ps2\audio\flipspin.vag,gfc_extracted\./ps2/audio/flipspin.vag,crc
0xe6b800,122,15984,0x3479f23,.\ps2\audio\cricket3.vag,gfc_extracted\./ps2/audio/cricket3.vag,crc
0xe6f000,122,11504,0xa92e32e2,.\ps2\audio\frutchmp.vag,gfc_extracted\./ps2/audio/frutchmp.vag,crc
0xe71800,122,4864,0x4b8039aa,.\ps2\audio\crnch1fx.vag,gfc_extracted\./ps2/audio/crnch1fx.vag,crc
0xe73000,122,5840,0x5e9ae16f,.\ps2\audio\jungle1.vag,gfc_extracted\./ps2/audio/jungle1.vag,crc
0xe74800,122,4816,0x9a251303,.\ps2\audio\owl2.vag,gfc_extracted\./ps2/audio/owl2.vag,crc
0xe75800,122,5088,0xabc81fe5,.\ps2\audio\oxidefx1.vag,gfc_extracted\./ps2/audio/oxidefx1.vag,crc
0xe77000,122,12432,0x817bb342,.\ps2\audio\sparkyin.vag,gfc_extracted\./ps2/audio/sparkyin.vag,crc
0xe7a000,122,21904,0x80552e5c,.\ps2\audio\bombrol2.vag,gfc_extracted\./ps2/audio/bombrol2.vag,crc
0xe7f000,48,67579,0x196be714,,gfc_extracted\block_00898\block_00898.png,content
0xe8f800,48,67579,0xd063101b,,gfc_extracted\block_00899\block_00899.bin,content
0xea0000,48,67579,0xe0fc55a4,,gfc_extracted\block_00900\block_00900.bin,content
0xeb0800,48,67579,0x1acdf519,,gfc_extracted\block_00901\block_00901.bin,content
0xec1000,48,67579,0x486eb97e,,gfc_extracted\block_00902\block_00902.bin,content
0xed1800,48,26619,0x331e7823,,gfc_extracted\block_00903\block_00903.bin,content
0xed8000,122,416,0xcb4ec96a,.\common\animations\barin1_anim_sounds.csv,gfc_extracted\./common/animations/barin1_anim_sounds.csv,crc
0xed8800,122,207,0xaf721000,.\common\audio\barin1_3devents.csv,gfc_extracted\./common/audio/barin1_3devents.csv,crc
0xed9000,122,963,0x6192029c,.\common\audio\barin1_envpointsounds.csv,gfc_extracted\./common/audio/barin1_envpointsounds.csv,crc
0xed9800,122,2394,0xe119569,.\common\audio\barin1_envtubesounds.csv,gfc_extracted\./common/audio/barin1_envtubesounds.csv,crc
0xeda000,122,424,0xe084276d,.\common\audio\barin1_listenerregions.csv,gfc_extracted\./common/audio/barin1_listenerregions.csv,crc
0xeda800,48,2043,0x676e4e67,,gfc_extracted\block_00909\block_00909.csv,content
0xedb000,122,298,0x699a53fa,.\common\gfx\sfx\arena2_hhf.csv,gfc_extracted\./common/gfx/sfx/arena2_hhf.csv,crc
0xedb800,122,195,0x558886d0,.\common\gfx\sfx\barin2_hhf.csv,gfc_extracted\./common/gfx/sfx/barin2_hhf.csv,crc
0xedc000,122,65536,0x8715ef0d,,gfc_extracted\block_00912\block_00912.bin,content
0xee6800,122,65536,0x762a5d43,,gfc_extracted\block_00913\block_00913.bin,content
0xef0000,122,38589,0x122e4098,,gfc_extracted\block_00914\block_00914.bin,content
0xef4000,122,527,0x6c1dd68,.\common\obstacles\barin1_phantoms.csv,gfc_extracted\./common/obstacles/barin1_phantoms.csv,crc
0xef4800,122,202,0x1b2a8cf1,.\common\obstacles\barin2_actions.csv,gfc_extracted\./common/obstacles/barin2_actions.csv,crc
0xef5000,122,65536,0x3c2d61eb,,gfc_extracted\block_00917\block_00917.bin,content
0xef7000,122,65536,0x4214949e,,gfc_extracted\block_00918\block_00918.bin,content
0xef8800,122,65536,0x50112f28,,gfc_extracted\block_00919\block_00919.bin,content
0xefc800,122,65536,0xa46b34c6,,gfc_extracted\block_00920\block_00920.bin,content
0xf01000,122,65536,0x9cb799d7,,gfc_extracted\block_00921\block_00921.bin,content
0xf06800,122,65536,0x508b3669,,gfc_extracted\block_00922\block_00922.bin,content
0xf10000,122,65536,0xe94b8e88,,gfc_extracted\block_00923\block_00923.bin,content
0xf19800,122,65536,0x81e765d5,,gfc_extracted\block_00924\block_00924.bin,content
0xf20800,122,65536,0x31ec27cd,,gfc_extracted\block_00925\block_00925.bin,content
0xf28800,122,65536,0x461e9ddb,,gfc_extracted\block_00926\block_00926.bin,content
0xf2f800,122,65536,0xc58f30c8,,gfc_extracted\block_00927\block_00927.bin,content
0xf37000,122,65536,0xbf555d4a,,gfc_extracted\block_00928\block_00928.bin,content
0xf41000,122,65536,0xda9f8306,,gfc_extracted\block_00929\block_00929.bin,content
0xf48000,122,65536,0x44e701c8,,gfc_extracted\block_00930\block_00930.bin,content
0xf4f800,122,65536,0xa2af1ca5,,gfc_extracted\block_00931\block_00931.bin,content
0xf56000,122,65536,0x4fb53c47,,gfc_extracted\block_00932\block_00932.bin,content
0xf5d000,122,65536,0x4f75fe78,,gfc_extracted\block_00933\block_00933.bin,content
0xf66000,122,65536,0x80928307,,gfc_extracted\block_00934\block_00934.bin,content
0xf6c000,122,65536,0x494a71e7,,gfc_extracted\block_00935\block_00935.bin,content
0xf72800,122,65536,0xf626dea9,,gfc_extracted\block_00936\block_00936.bin,content
0xf7a000,122,65536,0xe17e7a0,,gfc_extracted\block_00937\block_00937.bin,content
0xf82800,122,65536,0x1a91635b,,gfc_extracted\block_00938\block_00938.bin,content
0xf8a800,122,65536,0x19568ec8,,gfc_extracted\block_00939\block_00939.bin,content
0xf91000,122,65536,0xdfabb9c8,,gfc_extracted\block_00940\block_00940.bin,content
0xf98800,122,65536,0xd8cc4693,,gfc_extracted\block_00941\block_00941.bin,content
0xfa1800,122,65536,0xca79809b,,gfc_extracted\block_00942\block_00942.csv,content
0xfa9800,122,65536,0x56e5670e,,gfc_extracted\block_00943\block_00943.bin,content
0xfb0800,122,65536,0x9f8cc1c7,,gfc_extracted\block_00944\block_00944.bin,content
0xfb5000,122,65536,0x86451abc,,gfc_extracted\block_00945\block_00945.bin,content
0xfbc000,122,65536,0x52c1e3d7,,gfc_extracted\block_00946\block_00946.bin,content
0xfc2800,122,65536,0xc2f12215,,gfc_extracted\block_00947\block_00947.bin,content
0xfc9800,122,65536,0xa6a74639,,gfc_extracted\block_00948\block_00948.bin,content
0xfd2800,122,65536,0xb7a6691b,,gfc_extracted\block_00949\block_00949.bin,content
0xfda000,122,65536,0xd6757120,,gfc_extracted\block_00950\block_00950.bin,content
0xfe1000,122,65536,0x62627dc8,,gfc_extracted\block_00951\block_00951.bin,content
0xfe7800,122,65536,0xf78916a5,,gfc_extracted\block_00952\block_00952.csv,content
0xff0800,122,65536,0x5f19313e,,gfc_extracted\block_00953\block_00953.bin,content
0xffb000,122,65536,0xefe1cc1b,,gfc_extracted\block_00954\block_00954.bin,content
0x1002800,122,65536,0xb000690c,,gfc_extracted\block_00955\block_00955.bin,content
0x1009000,122,65536,0x964b89b,,gfc_extracted\block_00956\block_00956.bin,content
0x100f800,122,65536,0x7225218b,,gfc_extracted\block_00957\block_00957.bin,content
0x1018000,122,65536,0x1d6f2cfe,,gfc_extracted\block_00958\block_00958.bin,content
0x101d800,122,65536,0xfb4f2fda,,gfc_extracted\block_00959\block_00959.bin,content
0x1024800,122,65536,0x2dd0cbe7,,gfc_extracted\block_00960\block_00960.bin,content
0x102d800,122,65536,0x13504c3b,,gfc_extracted\block_00961\block_00961.bin,content
0x1034800,122,65536,0x1e5d95a4,,gfc_extracted\block_00962\block_00962.bin,content
0x103b800,122,65536,0x98f07f78,,gfc_extracted\block_00963\block_00963.bin,content
0x1042800,122,17456,0x33c676ab,,gfc_extracted\block_00964\block_00964.bin,content
0x1043800,122,26388,0xb46f332f,.\common\gfx\tracks\barin1_levelinfo_ranking.csv,gfc_extracted\./common/gfx/tracks/barin1_levelinfo_ranking.csv,crc
0x1047800,48,4091,0x4ad1d408,,gfc_extracted\block_00966\block_00966.png,content
0x1048800,122,756,0x7d4f9034,.\common\animations\barin2_anims.csv,gfc_extracted\./common/animations/barin2_anims.csv,crc
0x1049000,122,20156,0x91ac22f6,.\common\gfx\extanim\barin2-anim-cam.igb,gfc_extracted\./common/gfx/extanim/barin2-anim-cam.igb,crc
0x104b800,122,65536,0x67327e15,,gfc_extracted\block_00969\block_00969.bin,content
0x1051000,122,8460,0xc702ec0d,,gfc_extracted\block_00970\block_00970.bin,content
0x1052000,122,64292,0x48676a1b,.\ps2\gfx\extanim\crusher.igb,gfc_extracted\./ps2/gfx/extanim/crusher.igb,crc
0x1057000,122,25258,0x560214a7,.\ps2\gfx\extanim\magnetexport.igb,gfc_extracted\./ps2/gfx/extanim/magnetexport.igb,crc
0x1059800,122,12024,0x84316317,.\common\hud\maps\barin1.png,gfc_extracted\./common/hud/maps/barin1.png,crc
0x105c000,122,16384,0xa334bc8,.\ps2\audio\dsrtbrd1.vag,gfc_extracted\./ps2/audio/dsrtbrd1.vag,crc
0x105f800,122,13152,0x7971590a,.\ps2\audio\doorcrk1.vag,gfc_extracted\./ps2/audio/doorcrk1.vag,crc
0x1062800,122,7664,0xb3aad08a,.\ps2\audio\doorcrk2.vag,gfc_extracted\./ps2/audio/doorcrk2.vag,crc
0x1064800,122,24544,0x9aee8e92,.\ps2\audio\dooropn.vag,gfc_extracted\./ps2/audio/dooropn.vag,crc
0x1069800,122,5360,0xd3ad00d7,.\ps2\audio\rokroll2.vag,gfc_extracted\./ps2/audio/rokroll2.vag,crc
0x106b000,122,5360,0x88368106,.\ps2\audio\ropecrk1.vag,gfc_extracted\./ps2/audio/ropecrk1.vag,crc
0x106c800,122,7840,0xf6caf950,.\ps2\audio\rokroll1.vag,gfc_extracted\./ps2/audio/rokroll1.vag,crc
0x106e800,122,10400,0x75f3a48e,.\ps2\audio\polarl1.vag,gfc_extracted\./ps2/audio/polarl1.vag,crc
0x1071000,122,6352,0xf29e2e44,.\ps2\audio\boil.vag,gfc_extracted\./ps2/audio/boil.vag,crc
0x1072800,122,8960,0xa824c578,.\ps2\audio\bncepad2.vag,gfc_extracted\./ps2/audio/bncepad2.vag,crc
0x1074800,122,35024,0x165d01c1,.\ps2\audio\windcld4.vag,gfc_extracted\./ps2/audio/windcld4.vag,crc
0x107c000,122,46032,0x4f031ce0,.\ps2\audio\windgst5.vag,gfc_extracted\./ps2/audio/windgst5.vag,crc
0x1085800,122,12208,0x704f949,.\ps2\audio\volthum.vag,gfc_extracted\./ps2/audio/volthum.vag,crc
0x1088000,122,9808,0xbf5c881e,.\ps2\audio\hamrhit.vag,gfc_extracted\./ps2/audio/hamrhit.vag,crc
0x108a000,122,7248,0xaf5c1b69,.\ps2\audio\coco1fx.vag,gfc_extracted\./ps2/audio/coco1fx.vag,crc
0x108c000,122,5232,0x1c9110e,.\ps2\audio\bubble2.vag,gfc_extracted\./ps2/audio/bubble2.vag,crc
0x108d800,122,4432,0xa8c26654,.\ps2\audio\bubble3.vag,gfc_extracted\./ps2/audio/bubble3.vag,crc
0x108e800,122,4256,0x113a3592,.\ps2\audio\bubbpop.vag,gfc_extracted\./ps2/audio/bubbpop.vag,crc
0x108f800,122,55713,0x8d1961f5,.\ps2\gfx\sfx\carsmoke.png,gfc_extracted\./ps2/gfx/sfx/carsmoke.png,crc
0x109d800,122,48795,0x6b24ed02,.\ps2\gfx\sfx\b1_snowback.png,gfc_extracted\./ps2/gfx/sfx/b1_snowback.png,crc
0x10a9800,48,67579,0x5aff2f77,,gfc_extracted\block_00994\block_00994.png,content
0x10ba000,48,67579,0xc1bcae9b,,gfc_extracted\block_00995\block_00995.bin,content
0x10ca800,48,67579,0xb0e6e33e,,gfc_extracted\block_00996\block_00996.bin,content
0x10db000,48,67579,0xd0e5f37,,gfc_extracted\block_00997\block_00997.bin,content
0x10eb800,48,67579,0x176eeaef,,gfc_extracted\block_00998\block_00998.bin,content
0x10fc000,48,14331,0x3030fe42,,gfc_extracted\block_00999\block_00999.bin,content
0x10ff800,48,67579,0x6c3b488c,,gfc_extracted\block_01000\block_01000.png,content
0x1110000,48,67579,0x3ead505e,,gfc_extracted\block_01001\block_01001.bin,content
0x1120800,48,67579,0xe494c12a,,gfc_extracted\block_01002\block_01002.bin,content
0x1131000,48,67579,0xf73b4835,,gfc_extracted\block_01003\block_01003.bin,content
0x1141800,48,67579,0xed285647,,gfc_extracted\block_01004\block_01004.bin,content
0x1152000,48,67579,0x416c2346,,gfc_extracted\block_01005\block_01005.bin,content
0x1162800,48,10235,0x6051d,,gfc_extracted\block_01006\block_01006.bin,content
0x1165000,122,613,0x5c01bc00,.\common\animations\barin2_anim_sounds.csv,gfc_extracted\./common/animations/barin2_anim_sounds.csv,crc
0x1165800,122,207,0xae2f36d1,.\common\audio\barin2_3devents.csv,gfc_extracted\./common/audio/barin2_3devents.csv,crc
0x1166000,122,1348,0xaef8150d,.\common\audio\barin2_envpointsounds.csv,gfc_extracted\./common/audio/barin2_envpointsounds.csv,crc
0x1166800,122,2673,0xc2b768c,.\common\audio\barin2_envtubesounds.csv,gfc_extracted\./common/audio/barin2_envtubesounds.csv,crc
0x1167000,122,987,0xa6079d0a,.\common\audio\barin2_listenerregions.csv,gfc_extracted\./common/audio/barin2_listenerregions.csv,crc
0x1167800,48,2043,0xe3360105,,gfc_extracted\block_01012\block_01012.csv,content
0x1168000,122,298,0x699a53fa,.\common\gfx\sfx\arena2_hhf.csv,gfc_extracted\./common/gfx/sfx/arena2_hhf.csv,crc
0x1168800,122,65536,0x155af3b5,,gfc_extracted\block_01014\block_01014.bin,content
0x1172800,122,65536,0x937392eb,,gfc_extracted\block_01015\block_01015.bin,content
0x117b000,122,1910,0x6c885c93,,gfc_extracted\block_01016\block_01016.bin,content
0x117b800,122,322,0x173f6e5c,.\common\obstacles\barin2_phantoms.csv,gfc_extracted\./common/obstacles/barin2_phantoms.csv,crc
0x117c000,122,375,0x69b765f2,.\common\obstacles\barin3_actions.csv,gfc_extracted\./common/obstacles/barin3_actions.csv,crc
0x117c800,122,65536,0xe5f683a7,,gfc_extracted\block_01019\block_01019.bin,content
0x117e800,122,65536,0x5e6b39ff,,gfc_extracted\block_01020\block_01020.bin,content
0x117f800,122,65536,0x56dab783,,gfc_extracted\block_01021\block_01021.bin,content
0x1181000,122,65536,0x2fac538d,,gfc_extracted\block_01022\block_01022.bin,content
0x1185800,122,65536,0x57e0e048,,gfc_extracted\block_01023\block_01023.bin,content
0x1189800,122,65536,0x5c7be877,,gfc_extracted\block_01024\block_01024.bin,content
0x1190000,122,65536,0x8f5a1bc0,,gfc_extracted\block_01025\block_01025.bin,content
0x1198800,122,65536,0xc4c2f8b3,,gfc_extracted\block_01026\block_01026.bin,content
0x11a2800,122,65536,0x43261c9f,,gfc_extracted\block_01027\block_01027.bin,content
0x11ab800,122,65536,0x96230429,,gfc_extracted\block_01028\block_01028.bin,content
0x11b4000,122,65536,0xb1c2937a,,gfc_extracted\block_01029\block_01029.bin,content
0x11bd000,122,65536,0xe8df7a66,,gfc_extracted\block_01030\block_01030.bin,content
0x11c7800,122,65536,0x37eeda41,,gfc_extracted\block_01031\block_01031.bin,content
0x11d2000,122,65536,0x1297dd95,,gfc_extracted\block_01032\block_01032.bin,content
0x11da800,122,65536,0x46964d35,,gfc_extracted\block_01033\block_01033.bin,content
0x11e6000,122,65536,0x4e0be286,,gfc_extracted\block_01034\block_01034.bin,content
0x11ef000,122,65536,0x1b8885f0,,gfc_extracted\block_01035\block_01035.bin,content
0x11f6800,122,65536,0x5f01c6ff,,gfc_extracted\block_01036\block_01036.bin,content
0x11fe000,122,65536,0x86388a5f,,gfc_extracted\block_01037\block_01037.bin,content
0x1206000,122,65536,0xdaa47d65,,gfc_extracted\block_01038\block_01038.bin,content
0x120d800,122,65536,0x3852b5aa,,gfc_extracted\block_01039\block_01039.bin,content
0x1213800,122,65536,0x50548ccb,,gfc_extracted\block_01040\block_01040.bin,content
0x121b800,122,65536,0x58f306ce,,gfc_extracted\block_01041\block_01041.bin,content
0x1222800,122,65536,0x59d1daf,,gfc_extracted\block_01042\block_01042.bin,content
0x122b000,122,65536,0x6bf13386,,gfc_extracted\block_01043\block_01043.bin,content
0x1232000,122,65536,0xe9c39926,,gfc_extracted\block_01044\block_01044.bin,content
0x1238800,122,65536,0xd45653b8,,gfc_extracted\block_01045\block_01045.bin,content
0x1242800,122,65536,0x252830ec,,gfc_extracted\block_01046\block_01046.csv,content
0x124a000,122,65536,0x2110abab,,gfc_extracted\block_01047\block_01047.bin,content
0x1250800,122,65536,0x5ef68896,,gfc_extracted\block_01048\block_01048.bin,content
0x1257800,122,65536,0x8f4b0008,,gfc_extracted\block_01049\block_01049.bin,content
0x125e800,122,65536,0xc10c435e,,gfc_extracted\block_01050\block_01050.bin,content
0x1266000,122,65536,0x375fb2aa,,gfc_extracted\block_01051\block_01051.bin,content
0x126f000,122,65536,0xd976ab6b,,gfc_extracted\block_01052\block_01052.bin,content
0x1279800,122,65536,0x5ff68a40,,gfc_extracted\block_01053\block_01053.bin,content
0x127f000,122,65536,0x25d1f67b,,gfc_extracted\block_01054\block_01054.bin,content
0x1285800,122,65536,0xe4f85a11,,gfc_extracted\block_01055\block_01055.bin,content
0x128b000,122,65536,0x9f709d0f,,gfc_extracted\block_01056\block_01056.bin,content
0x128f800,122,65536,0x95ab1e1c,,gfc_extracted\block_01057\block_01057.bin,content
0x1296800,122,65536,0x63a002fb,,gfc_extracted\block_01058\block_01058.bin,content
0x129d800,122,65536,0x585a84d6,,gfc_extracted\block_01059\block_01059.bin,content
0x12a3000,122,65536,0x454f7add,,gfc_extracted\block_01060\block_01060.bin,content
0x12a9000,122,65536,0xc1cfbcfe,,gfc_extracted\block_01061\block_01061.bin,content
0x12b1800,122,16142,0xc9850e5e,,gfc_extracted\block_01062\block_01062.bin,content
0x12b3000,122,31118,0xf320b1b7,.\common\gfx\tracks\barin2_levelinfo_ranking.csv,gfc_extracted\./common/gfx/tracks/barin2_levelinfo_ranking.csv,crc
0x12b7800,48,2043,0x51369fde,,gfc_extracted\block_01064\block_01064.png,content
0x12b8000,122,2128,0xb46920aa,.\common\animations\barin3_anims.csv,gfc_extracted\./common/animations/barin3_anims.csv,crc
0x12b8800,122,20156,0xd9df3847,.\common\gfx\extanim\barin3-anim-cam.igb,gfc_extracted\./common/gfx/extanim/barin3-anim-cam.igb,crc
0x12bb000,122,65536,0x880484f5,,gfc_extracted\block_01067\block_01067.bin,content
0x12c0800,122,65536,0x10aea625,,gfc_extracted\block_01068\block_01068.bin,content
0x12c8000,122,60990,0x27687bd5,,gfc_extracted\block_01069\block_01069.bin,content
0x12d2000,122,65536,0x6ae7c3ce,,gfc_extracted\block_01070\block_01070.bin,content
0x12d5800,122,65536,0xe05bad5c,,gfc_extracted\block_01071\block_01071.bin,content
0x12dc800,122,65536,0x2952a0c3,,gfc_extracted\block_01072\block_01072.bin,content
0x12e1800,122,4448,0x1b2745e4,,gfc_extracted\block_01073\block_01073.bin,content
0x12e2000,122,8964,0xf0e93d58,.\ps2\gfx\extanim\worker_dummy01.igb,gfc_extracted\./ps2/gfx/extanim/worker_dummy01.igb,crc
0x12e3000,122,8964,0xac3a7b32,.\ps2\gfx\extanim\worker_dummy02.igb,gfc_extracted\./ps2/gfx/extanim/worker_dummy02.igb,crc
0x12e4000,122,9636,0x85e5f18f,.\ps2\gfx\extanim\yellowcable.igb,gfc_extracted\./ps2/gfx/extanim/yellowcable.igb,crc
0x12e5000,122,6212,0x30fa4abb,.\common\hud\maps\barin2.png,gfc_extracted\./common/hud/maps/barin2.png,crc
0x12e6000,122,11856,0xcfe66028,.\ps2\audio\ballroll.vag,gfc_extracted\./ps2/audio/ballroll.vag,crc
0x12e8800,122,13232,0x92faa9b8,.\ps2\audio\bandmot1.vag,gfc_extracted\./ps2/audio/bandmot1.vag,crc
0x12eb800,122,4912,0x5b9b9b63,.\ps2\audio\cranserv.vag,gfc_extracted\./ps2/audio/cranserv.vag,crc
0x12ed000,122,9984,0xd244a9cf,.\ps2\audio\crash1fx.vag,gfc_extracted\./ps2/audio/crash1fx.vag,crc
0x12ef800,122,4720,0x5f58b8e6,.\ps2\audio\cranclk1.vag,gfc_extracted\./ps2/audio/cranclk1.vag,crc
0x12f0800,122,5984,0xf335fe30,.\ps2\audio\crane1.vag,gfc_extracted\./ps2/audio/crane1.vag,crc
0x12f2000,122,5712,0xe26353eb,.\ps2\audio\robo2.vag,gfc_extracted\./ps2/audio/robo2.vag,crc
0x12f3800,122,13616,0x9487e5a,.\ps2\audio\robo3.vag,gfc_extracted\./ps2/audio/robo3.vag,crc
0x12f6800,122,3024,0x38407316,.\ps2\audio\robo4.vag,gfc_extracted\./ps2/audio/robo4.vag,crc
0x12f7800,122,7152,0xf344f30f,.\ps2\audio\robo5.vag,gfc_extracted\./ps2/audio/robo5.vag,crc
0x12f9000,122,2208,0xa5baf2f9,.\ps2\audio\rocksmsh.vag,gfc_extracted\./ps2/audio/rocksmsh.vag,crc
0x12f9800,122,21168,0x1992b292,.\ps2\audio\watrpump.vag,gfc_extracted\./ps2/audio/watrpump.vag,crc
0x12fe000,122,16480,0x34533a45,.\ps2\audio\windgst2.vag,gfc_extracted\./ps2/audio/windgst2.vag,crc
0x1301800,122,65536,0x8573611b,,gfc_extracted\block_01091\block_01091.bin,content
0x130f000,122,2944,0x10f76f8a,,gfc_extracted\block_01092\block_01092.bin,content
0x1310000,48,67579,0xaaf93979,,gfc_extracted\block_01093\block_01093.png,content
0x1320800,48,67579,0x24c47cdb,,gfc_extracted\block_01094\block_01094.bin,content
0x1331000,48,67579,0x33d956fb,,gfc_extracted\block_01095\block_01095.bin,content
0x1341800,48,67579,0xbd43c617,,gfc_extracted\block_01096\block_01096.bin,content
0x1352000,48,67579,0x7cf77b7,,gfc_extracted\block_01097\block_01097.bin,content
0x1362800,48,28667,0x5029ca42,,gfc_extracted\block_01098\block_01098.bin,content
0x1369800,48,67579,0x8f0f513f,,gfc_extracted\block_01099\block_01099.png,content
0x137a000,48,67579,0x956d57ad,,gfc_extracted\block_01100\block_01100.bin,content
0x138a800,48,67579,0xd4f28508,,gfc_extracted\block_01101\block_01101.bin,content
0x139b000,48,67579,0x9c0dfdce,,gfc_extracted\block_01102\block_01102.bin,content
0x13ab800,48,67579,0x56d3e278,,gfc_extracted\block_01103\block_01103.bin,content
0x13bc000,48,6139,0x2f1f2629,,gfc_extracted\block_01104\block_01104.bin,content
0x13bd800,122,758,0x1a0af905,.\common\animations\barin3_anim_sounds.csv,gfc_extracted\./common/animations/barin3_anim_sounds.csv,crc
0x13be000,122,207,0x1834d6a1,.\common\audio\barin3_3devents.csv,gfc_extracted\./common/audio/barin3_3devents.csv,crc
0x13be800,122,1087,0xc067fbfb,.\common\audio\barin3_envpointsounds.csv,gfc_extracted\./common/audio/barin3_envpointsounds.csv,crc
0x13bf000,122,5092,0x64e1b907,.\common\audio\barin3_envtubesounds.csv,gfc_extracted\./common/audio/barin3_envtubesounds.csv,crc
0x13bf800,122,334,0xb95235bd,.\common\audio\barin3_listenerregions.csv,gfc_extracted\./common/audio/barin3_listenerregions.csv,crc
0x13c0000,48,2043,0x29d139e4,,gfc_extracted\block_01110\block_01110.csv,content
0x13c0800,122,298,0x699a53fa,.\common\gfx\sfx\arena2_hhf.csv,gfc_extracted\./common/gfx/sfx/arena2_hhf.csv,crc
0x13c1000,122,65536,0xbe214d87,,gfc_extracted\block_01112\block_01112.bin,content
0x13ca000,122,38487,0x17580016,,gfc_extracted\block_01113\block_01113.bin,content
0x13cf000,122,285,0x93425e5c,.\common\obstacles\barin3_phantoms.csv,gfc_extracted\./common/obstacles/barin3_phantoms.csv,crc
0x13cf800,122,565,0xdba1b2e6,.\common\obstacles\earth3_actions.csv,gfc_extracted\./common/obstacles/earth3_actions.csv,crc
0x13d0000,122,65536,0x7ab69a36,,gfc_extracted\block_01116\block_01116.bin,content
0x13d2000,122,65536,0xf146dae,,gfc_extracted\block_01117\block_01117.bin,content
0x13d3800,122,65536,0x8de9751,,gfc_extracted\block_01118\block_01118.bin,content
0x13d5000,122,65536,0xc281052,,gfc_extracted\block_01119\block_01119.bin,content
0x13d9000,122,65536,0x8965f729,,gfc_extracted\block_01120\block_01120.bin,content
0x13de000,122,65536,0x359afc25,,gfc_extracted\block_01121\block_01121.bin,content
0x13e3800,122,65536,0xf79f8185,,gfc_extracted\block_01122\block_01122.bin,content
0x13e9800,122,65536,0xdcccc911,,gfc_extracted\block_01123\block_01123.bin,content
0x13f3800,122,65536,0xbb3149bd,,gfc_extracted\block_01124\block_01124.bin,content
0x13fa800,122,65536,0x9052ab14,,gfc_extracted\block_01125\block_01125.bin,content
0x1402800,122,65536,0x84aa5ea0,,gfc_extracted\block_01126\block_01126.bin,content
0x140a000,122,65536,0x23ed3dd,,gfc_extracted\block_01127\block_01127.bin,content
0x1413000,122,65536,0xb3d3dce6,,gfc_extracted\block_01128\block_01128.bin,content
0x141c000,122,65536,0xd70bd8be,,gfc_extracted\block_01129\block_01129.bin,content
0x1422000,122,65536,0xd3222422,,gfc_extracted\block_01130\block_01130.bin,content
0x1428000,122,65536,0xddd4dcef,,gfc_extracted\block_01131\block_01131.bin,content
0x142f800,122,65536,0x5af67ec0,,gfc_extracted\block_01132\block_01132.bin,content
0x1437800,122,65536,0xd85e2088,,gfc_extracted\block_01133\block_01133.bin,content
0x143e000,122,65536,0x6ad4590a,,gfc_extracted\block_01134\block_01134.bin,content
0x1443000,122,65536,0x556a7447,,gfc_extracted\block_01135\block_01135.bin,content
0x144b000,122,65536,0x52a689f4,,gfc_extracted\block_01136\block_01136.bin,content
0x1452800,122,65536,0x902e94e9,,gfc_extracted\block_01137\block_01137.bin,content
0x1459000,122,65536,0x4d7f08bd,,gfc_extracted\block_01138\block_01138.bin,content
0x1460000,122,65536,0x23299c1a,,gfc_extracted\block_01139\block_01139.bin,content
0x1467000,122,65536,0xa8b94e24,,gfc_extracted\block_01140\block_01140.bin,content
0x146e000,122,65536,0xa583edb8,,gfc_extracted\block_01141\block_01141.bin,content
0x1475000,122,65536,0x4168ea8f,,gfc_extracted\block_01142\block_01142.bin,content
0x147a800,122,65536,0x1c9c6261,,gfc_extracted\block_01143\block_01143.bin,content
0x147f800,122,65536,0xcba15650,,gfc_extracted\block_01144\block_01144.bin,content
0x1485800,122,65536,0x6ac31d8c,,gfc_extracted\block_01145\block_01145.bin,content
0x148d000,122,65536,0x874cddd9,,gfc_extracted\block_01146\block_01146.bin,content
0x1495000,122,65536,0x92ea4763,,gfc_extracted\block_01147\block_01147.bin,content
0x149b800,122,65536,0xe40853b2,,gfc_extracted\block_01148\block_01148.bin,content
0x14a2000,122,65536,0x90af84e2,,gfc_extracted\block_01149\block_01149.bin,content
0x14ab000,122,65536,0xa7606183,,gfc_extracted\block_01150\block_01150.bin,content
0x14b2800,122,65536,0xc490af80,,gfc_extracted\block_01151\block_01151.bin,content
0x14b8000,122,65536,0x14fbb6f5,,gfc_extracted\block_01152\block_01152.bin,content
0x14bd800,122,65536,0xdf4acbd7,,gfc_extracted\block_01153\block_01153.bin,content
0x14c3800,122,65536,0xf255af4b,,gfc_extracted\block_01154\block_01154.bin,content
0x14ca800,122,65536,0xbbe3cd18,,gfc_extracted\block_01155\block_01155.bin,content
0x14d1000,122,65536,0x52f391cf,,gfc_extracted\block_01156\block_01156.bin,content
0x14d8000,122,65536,0xc33c1aa6,,gfc_extracted\block_01157\block_01157.bin,content
0x14df000,122,65536,0x6d12cbd2,,gfc_extracted\block_01158\block_01158.bin,content
0x14e5800,122,65536,0x3ce0bceb,,gfc_extracted\block_01159\block_01159.bin,content
0x14ef800,122,65536,0x28937232,,gfc_extracted\block_01160\block_01160.bin,content
0x14f6800,122,65536,0xb71afef5,,gfc_extracted\block_01161\block_01161.bin,content
0x14fc800,122,65536,0x6475cb9d,,gfc_extracted\block_01162\block_01162.bin,content
0x1502800,122,65536,0xf99ea813,,gfc_extracted\block_01163\block_01163.bin,content
0x1508000,122,65536,0xda8994d7,,gfc_extracted\block_01164\block_01164.bin,content
0x150e800,122,65536,0x303fb1b3,,gfc_extracted\block_01165\block_01165.bin,content
0x1515000,122,65536,0x16d5fd82,,gfc_extracted\block_01166\block_01166.bin,content
0x151a800,122,65536,0x7bb8db03,,gfc_extracted\block_01167\block_01167.bin,content
0x1524000,122,65536,0xd3316ed1,,gfc_extracted\block_01168\block_01168.bin,content
0x152c000,122,65536,0x387fe800,,gfc_extracted\block_01169\block_01169.bin,content
0x1532800,122,65536,0xbe2655cd,,gfc_extracted\block_01170\block_01170.bin,content
0x1538000,122,65536,0x88a629ae,,gfc_extracted\block_01171\block_01171.bin,content
0x153c800,122,15146,0x13d0bfa7,,gfc_extracted\block_01172\block_01172.bin,content
0x153e800,122,39360,0xddd8bde,.\common\gfx\tracks\barin3_levelinfo_ranking.csv,gfc_extracted\./common/gfx/tracks/barin3_levelinfo_ranking.csv,crc
0x1544800,48,4091,0x374a2907,,gfc_extracted\block_01174\block_01174.png,content
0x1545800,122,1238,0x1c79fbe8,.\common\animations\citadelui_anims.csv,gfc_extracted\./common/animations/citadelui_anims.csv,crc
0x1546000,122,20156,0xa4fa7b69,.\common\gfx\extanim\citadelui-anim-cam.igb,gfc_extracted\./common/gfx/extanim/citadelui-anim-cam.igb,crc
0x1548800,122,65536,0xe670ccf2,,gfc_extracted\block_01177\block_01177.bin,content
0x154f000,122,1018,0x429a954,,gfc_extracted\block_01178\block_01178.bin,content
0x154f800,122,29402,0x56f79f92,.\ps2\gfx\extanim\smasher.igb,gfc_extracted\./ps2/gfx/extanim/smasher.igb,crc
0x1553000,122,6452,0xca30b74d,.\common\hud\maps\barin3.png,gfc_extracted\./common/hud/maps/barin3.png,crc
0x1554000,122,18864,0x5dcce8f2,.\ps2\audio\striphit.vag,gfc_extracted\./ps2/audio/striphit.vag,crc
0x1558000,122,6672,0x71e4a916,.\ps2\audio\jawhit.vag,gfc_extracted\./ps2/audio/jawhit.vag,crc
0x1559800,122,6432,0x23e5b233,.\ps2\audio\jnglbrd1.vag,gfc_extracted\./ps2/audio/jnglbrd1.vag,crc
0x155b000,122,3072,0xa88f24ea,.\ps2\audio\jawland.vag,gfc_extracted\./ps2/audio/jawland.vag,crc
0x155c000,122,6768,0x847794ee,.\ps2\audio\striplnd.vag,gfc_extracted\./ps2/audio/striplnd.vag,crc
0x155d800,122,9200,0x80e03821,.\ps2\audio\fanblad2.vag,gfc_extracted\./ps2/audio/fanblad2.vag,crc
0x155f800,122,13744,0xa7d02635,.\ps2\audio\fanblade1.vag,gfc_extracted\./ps2/audio/fanblade1.vag,crc
0x1562800,122,10592,0xeee3ec48,.\ps2\audio\feui0010.vag,gfc_extracted\./ps2/audio/feui0010.vag,crc
0x1565000,122,13744,0x6a8ac224,.\ps2\audio\fansteady.vag,gfc_extracted\./ps2/audio/fansteady.vag,crc
0x1568000,122,9696,0xb9fd629e,.\ps2\audio\cavedrp1.vag,gfc_extracted\./ps2/audio/cavedrp1.vag,crc
0x156a000,122,12176,0x184d2a2e,.\ps2\audio\velodrum.vag,gfc_extracted\./ps2/audio/velodrum.vag,crc
0x156c800,122,9568,0xe9e5e7ce,.\ps2\audio\caveamb2.vag,gfc_extracted\./ps2/audio/caveamb2.vag,crc
0x156e800,122,7936,0xdadfb97d,.\ps2\audio\steam2.vag,gfc_extracted\./ps2/audio/steam2.vag,crc
0x1570800,122,8800,0xea74275d,.\ps2\audio\steem3.vag,gfc_extracted\./ps2/audio/steem3.vag,crc
0x1572800,48,67579,0x63ebf0b4,,gfc_extracted\block_01195\block_01195.png,content
0x1583000,48,67579,0xd5c2e2d1,,gfc_extracted\block_01196\block_01196.bin,content
0x1593800,48,67579,0xf969e029,,gfc_extracted\block_01197\block_01197.bin,content
0x15a4000,48,67579,0x7d26efc5,,gfc_extracted\block_01198\block_01198.bin,content
0x15b4800,48,67579,0xd8f5f00e,,gfc_extracted\block_01199\block_01199.bin,content
0x15c5000,48,55291,0x50313bac,,gfc_extracted\block_01200\block_01200.bin,content
0x15d2800,48,67579,0x1104d36d,,gfc_extracted\block_01201\block_01201.png,content
0x15e3000,48,67579,0x1e3e4a5d,,gfc_extracted\block_01202\block_01202.bin,content
0x15f3800,48,67579,0x26ae331d,,gfc_extracted\block_01203\block_01203.bin,content
0x1604000,48,67579,0x8ce8291b,,gfc_extracted\block_01204\block_01204.bin,content
0x1614800,48,67579,0xd7a46ab2,,gfc_extracted\block_01205\block_01205.bin,content
0x1625000,48,8187,0x649d5dc0,,gfc_extracted\block_01206\block_01206.bin,content
0x1627000,122,1303,0x2e47d69e,.\common\animations\fenom1_anim_sounds.csv,gfc_extracted\./common/animations/fenom1_anim_sounds.csv,crc
0x1627800,122,207,0xbf6ea7c6,.\common\audio\fenom1_3devents.csv,gfc_extracted\./common/audio/fenom1_3devents.csv,crc
0x1628000,122,1490,0xc362cd11,.\common\audio\fenom1_envpointsounds.csv,gfc_extracted\./common/audio/fenom1_envpointsounds.csv,crc
0x1628800,122,1279,0xf4230294,.\common\audio\fenom1_envtubesounds.csv,gfc_extracted\./common/audio/fenom1_envtubesounds.csv,crc
0x1629000,122,529,0x29807d72,.\common\audio\fenom1_listenerregions.csv,gfc_extracted\./common/audio/fenom1_listenerregions.csv,crc
0x1629800,48,2043,0x902cbf22,,gfc_extracted\block_01212\block_01212.csv,content
0x162a000,122,65536,0xa4938800,,gfc_extracted\block_01213\block_01213.bin,content
0x1634800,122,65536,0xf0ff9a00,,gfc_extracted\block_01214\block_01214.bin,content
0x163e800,122,36402,0xc06abfa1,,gfc_extracted\block_01215\block_01215.bin,content
0x1641800,122,1954,0xff3b3e0a,.\common\obstacles\fenom1_phantoms.csv,gfc_extracted\./common/obstacles/fenom1_phantoms.csv,crc
0x1642000,122,602,0xf30cfb8f,.\common\obstacles\fenom2_actions.csv,gfc_extracted\./common/obstacles/fenom2_actions.csv,crc
0x1642800,122,65536,0xa59c53f5,,gfc_extracted\block_01218\block_01218.bin,content
0x1644800,122,65536,0xe0430904,,gfc_extracted\block_01219\block_01219.bin,content
0x1646000,122,65536,0xf97f63f,,gfc_extracted\block_01220\block_01220.bin,content
0x164b000,122,65536,0x88e618f0,,gfc_extracted\block_01221\block_01221.bin,content
0x1650800,122,65536,0x14ad12fd,,gfc_extracted\block_01222\block_01222.bin,content
0x1659000,122,65536,0x85a1c038,,gfc_extracted\block_01223\block_01223.bin,content
0x1663000,122,65536,0x51e399f6,,gfc_extracted\block_01224\block_01224.bin,content
0x166c000,122,65536,0x20357105,,gfc_extracted\block_01225\block_01225.bin,content
0x1674000,122,65536,0x4ca9fd47,,gfc_extracted\block_01226\block_01226.bin,content
0x167c000,122,65536,0xadf92ee9,,gfc_extracted\block_01227\block_01227.bin,content
0x1683000,122,65536,0x46bedacc,,gfc_extracted\block_01228\block_01228.bin,content
0x168a000,122,65536,0x62fab320,,gfc_extracted\block_01229\block_01229.bin,content
0x1691000,122,65536,0xa3296f3e,,gfc_extracted\block_01230\block_01230.bin,content
0x1697800,122,65536,0x7b130fe,,gfc_extracted\block_01231\block_01231.bin,content
0x169e800,122,65536,0xd867f566,,gfc_extracted\block_01232\block_01232.bin,content
0x16a5000,122,65536,0x39d9905f,,gfc_extracted\block_01233\block_01233.bin,content
0x16ac800,122,65536,0x7a082257,,gfc_extracted\block_01234\block_01234.bin,content
0x16b5000,122,65536,0xcfa7ac31,,gfc_extracted\block_01235\block_01235.bin,content
0x16bd000,122,65536,0x905fe012,,gfc_extracted\block_01236\block_01236.bin,content
0x16c4000,122,65536,0x32c736ba,,gfc_extracted\block_01237\block_01237.bin,content
0x16cc000,122,65536,0x4523bcaf,,gfc_extracted\block_01238\block_01238.bin,content
0x16d2800,122,65536,0x1d758919,,gfc_extracted\block_01239\block_01239.bin,content
0x16db800,122,65536,0x16efc15b,,gfc_extracted\block_01240\block_01240.bin,content
0x16e5800,122,65536,0x3ff56b37,,gfc_extracted\block_01241\block_01241.bin,content
0x16ec800,122,65536,0x1cff6eda,,gfc_extracted\block_01242\block_01242.bin,content
0x16f4000,122,65536,0x42ab773c,,gfc_extracted\block_01243\block_01243.bin,content
0x16fc800,122,65536,0x41f53642,,gfc_extracted\block_01244\block_01244.csv,content
0x1706000,122,65536,0x36c71983,,gfc_extracted\block_01245\block_01245.bin,content
0x170f800,122,65536,0x7112d955,,gfc_extracted\block_01246\block_01246.csv,content
0x1718000,122,65536,0x7b5d6ae9,,gfc_extracted\block_01247\block_01247.bin,content
0x1721000,122,65536,0xeb502887,,gfc_extracted\block_01248\block_01248.bin,content
0x1728800,122,49424,0x8e46c91f,,gfc_extracted\block_01249\block_01249.bin,content
0x172d800,122,35410,0xb2dd8f2b,.\common\gfx\tracks\fenom1_levelinfo_ranking.csv,gfc_extracted\./common/gfx/tracks/fenom1_levelinfo_ranking.csv,crc
0x1732800,48,4091,0xe77f3804,,gfc_extracted\block_01251\block_01251.png,content
0x1733800,122,2001,0xbb4a203e,.\common\animations\fenom2_anims.csv,gfc_extracted\./common/animations/fenom2_anims.csv,crc
0x1734000,122,65536,0xe4b41bad,,gfc_extracted\block_01253\block_01253.bin,content
0x173e000,122,65536,0xc582457a,,gfc_extracted\block_01254\block_01254.bin,content
0x174a000,122,54594,0x8b2177a0,,gfc_extracted\block_01255\block_01255.bin,content
0x1753000,122,13660,0x7f005500,.\ps2\gfx\extanim\bluecable.igb,gfc_extracted\./ps2/gfx/extanim/bluecable.igb,crc
0x1754800,122,20156,0xa0d1dcd4,.\common\gfx\extanim\fenom2-anim-cam.igb,gfc_extracted\./common/gfx/extanim/fenom2-anim-cam.igb,crc
0x1757000,122,65536,0x7fb26ef1,,gfc_extracted\block_01258\block_01258.bin,content
0x175d800,122,6892,0x726ca891,,gfc_extracted\block_01259\block_01259.bin,content
0x175e800,122,4966,0xeafba4f0,.\common\hud\maps\fenom1.png,gfc_extracted\./common/hud/maps/fenom1.png,crc
0x175f800,122,10512,0x86e27df0,.\ps2\audio\evilmot2.vag,gfc_extracted\./ps2/audio/evilmot2.vag,crc
0x1761800,122,16736,0x70efc11b,.\ps2\audio\yell1.vag,gfc_extracted\./ps2/audio/yell1.vag,crc
0x1765000,122,6736,0xd9ab2698,.\ps2\audio\wrmgrwl3.vag,gfc_extracted\./ps2/audio/wrmgrwl3.vag,crc
0x1766800,122,6608,0x7b223a4a,.\ps2\audio\wrmmvmt.vag,gfc_extracted\./ps2/audio/wrmmvmt.vag,crc
0x1768000,122,16192,0x9bd85317,.\ps2\audio\intamb.vag,gfc_extracted\./ps2/audio/intamb.vag,crc
0x176b800,122,6864,0x470fc7fa,.\ps2\audio\curstrig.vag,gfc_extracted\./ps2/audio/curstrig.vag,crc
0x176d000,122,32832,0x69e2dfed,.\ps2\audio\cubeland.vag,gfc_extracted\./ps2/audio/cubeland.vag,crc
0x1772800,122,14736,0xe77ff14d,.\ps2\audio\bubbhit.vag,gfc_extracted\./ps2/audio/bubbhit.vag,crc
0x1775800,122,6816,0xa939bfe8,.\ps2\audio\bubble1.vag,gfc_extracted\./ps2/audio/bubble1.vag,crc
0x1777000,122,5792,0xeb036d17,.\ps2\audio\buoy1.vag,gfc_extracted\./ps2/audio/buoy1.vag,crc
0x1778800,122,17744,0x98b8cce1,.\ps2\audio\cubehit.vag,gfc_extracted\./ps2/audio/cubehit.vag,crc
0x177c800,122,8000,0xc109e241,.\ps2\audio\carhorn1.vag,gfc_extracted\./ps2/audio/carhorn1.vag,crc
0x177e800,122,11248,0x6151b3cc,.\ps2\audio\wodclok1.vag,gfc_extracted\./ps2/audio/wodclok1.vag,crc
0x1781000,122,12192,0x9b4989ef,.\ps2\audio\millswsh.vag,gfc_extracted\./ps2/audio/millswsh.vag,crc
0x1784000,122,2912,0xa08b49ee,.\ps2\audio\windmstd.vag,gfc_extracted\./ps2/audio/windmstd.vag,crc
0x1785000,122,47968,0x774bd949,.\ps2\audio\minehit.vag,gfc_extracted\./ps2/audio/minehit.vag,crc
0x178e800,122,14048,0x8a61adc5,.\ps2\audio\birdsqak.vag,gfc_extracted\./ps2/audio/birdsqak.vag,crc
0x1791800,122,9280,0x592b5f4a,.\ps2\audio\belltwer.vag,gfc_extracted\./ps2/audio/belltwer.vag,crc
0x1793800,122,4480,0x96104ab0,.\ps2\audio\clktick3.vag,gfc_extracted\./ps2/audio/clktick3.vag,crc
0x1794800,122,5152,0x145c52d3,.\ps2\audio\cnklettr.vag,gfc_extracted\./ps2/audio/cnklettr.vag,crc
0x1795800,122,9408,0x4af32fc2,.\ps2\audio\clktick2.vag,gfc_extracted\./ps2/audio/clktick2.vag,crc
0x1797800,122,10608,0x6c4dd44d,.\ps2\audio\bkart7.vag,gfc_extracted\./ps2/audio/bkart7.vag,crc
0x179a000,122,7504,0x96f28b8c,.\ps2\audio\dsrtbrd2.vag,gfc_extracted\./ps2/audio/dsrtbrd2.vag,crc
0x179c000,122,26176,0x3087d816,.\ps2\audio\windfly1.vag,gfc_extracted\./ps2/audio/windfly1.vag,crc
0x17a1800,48,67579,0x6d4371bc,,gfc_extracted\block_01285\block_01285.png,content
0x17b2000,48,67579,0x46b35b98,,gfc_extracted\block_01286\block_01286.bin,content
0x17c2800,48,67579,0x1cbd11f6,,gfc_extracted\block_01287\block_01287.bin,content
0x17d3000,48,67579,0xdf6ed2da,,gfc_extracted\block_01288\block_01288.bin,content
0x17e3800,48,67579,0xc9a5bb69,,gfc_extracted\block_01289\block_01289.bin,content
0x17f4000,48,47099,0x10ae7457,,gfc_extracted\block_01290\block_01290.bin,content
0x17ff800,122,828,0xbae8fa78,.\common\animations\fenom2_anim_sounds.csv,gfc_extracted\./common/animations/fenom2_anim_sounds.csv,crc
0x1800000,122,207,0xbe338117,.\common\audio\fenom2_3devents.csv,gfc_extracted\./common/audio/fenom2_3devents.csv,crc
0x1800800,122,588,0x5e054c4d,.\common\audio\fenom2_envpointsounds.csv,gfc_extracted\./common/audio/fenom2_envpointsounds.csv,crc
0x1801000,122,1995,0x59d9b752,.\common\audio\fenom2_envtubesounds.csv,gfc_extracted\./common/audio/fenom2_envtubesounds.csv,crc
0x1801800,122,318,0x85695513,.\common\audio\fenom2_listenerregions.csv,gfc_extracted\./common/audio/fenom2_listenerregions.csv,crc
0x1802000,48,2043,0x1474f040,,gfc_extracted\block_01296\block_01296.csv,content
0x1802800,122,298,0x699a53fa,.\common\gfx\sfx\arena2_hhf.csv,gfc_extracted\./common/gfx/sfx/arena2_hhf.csv,crc
0x1803000,122,48666,0xf1fffa26,.\common\hke\tracks\fenom3.hke,gfc_extracted\./common/hke/tracks/fenom3.hke,crc
0x1809800,122,676,0x7cb0bbcf,.\common\obstacles\fenom2_phantoms.csv,gfc_extracted\./common/obstacles/fenom2_phantoms.csv,crc
0x180a000,122,948,0x93623ba0,.\common\obstacles\fenom3_actions.csv,gfc_extracted\./common/obstacles/fenom3_actions.csv,crc
0x180a800,122,65536,0x5a24f5ea,,gfc_extracted\block_01301\block_01301.bin,content
0x180c800,122,65536,0x396c3dd9,,gfc_extracted\block_01302\block_01302.bin,content
0x180e000,122,65536,0x2ede4818,,gfc_extracted\block_01303\block_01303.bin,content
0x1811800,122,65536,0x3c12d382,,gfc_extracted\block_01304\block_01304.bin,content
0x1816000,122,65536,0x1091e3b9,,gfc_extracted\block_01305\block_01305.bin,content
0x181b800,122,65536,0xf4d8579,,gfc_extracted\block_01306\block_01306.bin,content
0x1822800,122,65536,0xedbb761e,,gfc_extracted\block_01307\block_01307.bin,content
0x182d000,122,65536,0x95b2dac1,,gfc_extracted\block_01308\block_01308.bin,content
0x1835000,122,65536,0xdd15b891,,gfc_extracted\block_01309\block_01309.bin,content
0x183d800,122,65536,0xf84f2eba,,gfc_extracted\block_01310\block_01310.bin,content
0x1845800,122,65536,0xb657310,,gfc_extracted\block_01311\block_01311.bin,content
0x184d800,122,65536,0x8cd752d3,,gfc_extracted\block_01312\block_01312.bin,content
0x1852800,122,65536,0x12b1dc8a,,gfc_extracted\block_01313\block_01313.bin,content
0x1858800,122,65536,0x60dee3a5,,gfc_extracted\block_01314\block_01314.bin,content
0x185e000,122,65536,0x212263dc,,gfc_extracted\block_01315\block_01315.bin,content
0x1865800,122,65536,0xf69068b8,,gfc_extracted\block_01316\block_01316.bin,content
0x186e000,122,65536,0xd170e257,,gfc_extracted\block_01317\block_01317.bin,content
0x1873000,122,65536,0x3a1e8ac3,,gfc_extracted\block_01318\block_01318.bin,content
0x187a800,122,65536,0xefc45f39,,gfc_extracted\block_01319\block_01319.bin,content
0x1880000,122,65536,0x499fa7bd,,gfc_extracted\block_01320\block_01320.bin,content
0x1884800,122,65536,0x8a9651fc,,gfc_extracted\block_01321\block_01321.bin,content
0x188e800,122,65536,0x63c35aa0,,gfc_extracted\block_01322\block_01322.bin,content
0x1892800,122,65536,0x8391a46d,,gfc_extracted\block_01323\block_01323.bin,content
0x1898800,122,65536,0x5dc4d37a,,gfc_extracted\block_01324\block_01324.bin,content
0x189f800,122,65536,0x90153537,,gfc_extracted\block_01325\block_01325.bin,content
0x18a4800,122,65536,0xda280e90,,gfc_extracted\block_01326\block_01326.bin,content
0x18ac000,122,65536,0xe4344e1f,,gfc_extracted\block_01327\block_01327.bin,content
0x18b3000,122,65536,0x5888bfce,,gfc_extracted\block_01328\block_01328.bin,content
0x18b9000,122,65536,0xb832e381,,gfc_extracted\block_01329\block_01329.bin,content
0x18be000,122,65536,0xc842aa9b,,gfc_extracted\block_01330\block_01330.bin,content
0x18c4800,122,65536,0x12a5b367,,gfc_extracted\block_01331\block_01331.bin,content
0x18cb800,122,65536,0x27a81239,,gfc_extracted\block_01332\block_01332.bin,content
0x18cf800,122,65536,0xd7b375a,,gfc_extracted\block_01333\block_01333.bin,content
0x18d7800,122,65536,0xc8077c3d,,gfc_extracted\block_01334\block_01334.bin,content
0x18dd000,122,65536,0xfb041848,,gfc_extracted\block_01335\block_01335.bin,content
0x18e1000,122,65536,0xca258233,,gfc_extracted\block_01336\block_01336.bin,content
0x18e1800,122,65536,0xce3bcb28,,gfc_extracted\block_01337\block_01337.bin,content
0x18e6000,122,65536,0x2bbd856e,,gfc_extracted\block_01338\block_01338.bin,content
0x18ec000,122,65536,0x51914da1,,gfc_extracted\block_01339\block_01339.bin,content
0x18f5800,122,65536,0xcb7fb0d,,gfc_extracted\block_01340\block_01340.bin,content
0x18fc000,122,65536,0x46448f2b,,gfc_extracted\block_01341\block_01341.bin,content
0x1901000,122,65536,0x829156e0,,gfc_extracted\block_01342\block_01342.bin,content
0x1907800,122,65536,0x57a7bde1,,gfc_extracted\block_01343\block_01343.csv,content
0x1911000,122,65536,0x2c4b6e66,,gfc_extracted\block_01344\block_01344.bin,content
0x1919800,122,9688,0x5b1f49cf,,gfc_extracted\block_01345\block_01345.bin,content
0x191a800,122,29965,0x1603af92,.\common\gfx\tracks\fenom2_levelinfo_ranking.csv,gfc_extracted\./common/gfx/tracks/fenom2_levelinfo_ranking.csv,crc
0x191f000,48,2043,0xf4bb4cb0,,gfc_extracted\block_01347\block_01347.png,content
0x191f800,122,481,0xc27d6fb5,.\common\animations\fenom3_anims.csv,gfc_extracted\./common/animations/fenom3_anims.csv,crc
0x1920000,122,20156,0x190940c4,.\common\gfx\extanim\fenom3-anim-cam.igb,gfc_extracted\./common/gfx/extanim/fenom3-anim-cam.igb,crc
0x1922800,122,65536,0x3975ad44,,gfc_extracted\block_01350\block_01350.bin,content
0x192b000,122,23608,0x23ac62e3,,gfc_extracted\block_01351\block_01351.bin,content
0x192f000,122,65536,0x5750d5f3,,gfc_extracted\block_01352\block_01352.bin,content
0x1939000,122,23684,0x76197c01,,gfc_extracted\block_01353\block_01353.bin,content
0x193b800,122,65536,0x4df4f1f8,,gfc_extracted\block_01354\block_01354.bin,content
0x1945800,122,8536,0x3b1da030,,gfc_extracted\block_01355\block_01355.bin,content
0x1947000,122,45046,0xae8d360d,.\ps2\gfx\extanim\turboz.igb,gfc_extracted\./ps2/gfx/extanim/turboz.igb,crc
0x194c800,122,6654,0x36d670a4,.\common\hud\maps\fenom2.png,gfc_extracted\./common/hud/maps/fenom2.png,crc
0x194d800,122,7312,0x5d74e7c,.\ps2\audio\trbomove.vag,gfc_extracted\./ps2/audio/trbomove.vag,crc
0x194f800,122,6384,0x4007c84e,.\ps2\audio\trapopen.vag,gfc_extracted\./ps2/audio/trapopen.vag,crc
0x1951000,122,7344,0x1d9c5747,.\ps2\audio\pendtock.vag,gfc_extracted\./ps2/audio/pendtock.vag,crc
0x1953000,122,5280,0xb92de07f,.\ps2\audio\pendwhsh.vag,gfc_extracted\./ps2/audio/pendwhsh.vag,crc
0x1954800,122,15520,0x4068731d,.\ps2\audio\piston.vag,gfc_extracted\./ps2/audio/piston.vag,crc
0x1958000,122,15888,0xa8f37fc3,.\ps2\audio\giantmag.vag,gfc_extracted\./ps2/audio/giantmag.vag,crc
0x195b800,122,10400,0xbdf35369,.\ps2\audio\millsqek.vag,gfc_extracted\./ps2/audio/millsqek.vag,crc
0x195e000,122,15184,0x81e359e9,.\ps2\audio\wrmgrwl1.vag,gfc_extracted\./ps2/audio/wrmgrwl1.vag,crc
0x1961800,122,11312,0x98d6957d,.\ps2\audio\wodclok3.vag,gfc_extracted\./ps2/audio/wodclok3.vag,crc
0x1964000,122,8480,0x82fa32ac,.\ps2\audio\hourglas.vag,gfc_extracted\./ps2/audio/hourglas.vag,crc
0x1966000,122,12096,0x3c2e596,.\ps2\audio\wodclok2.vag,gfc_extracted\./ps2/audio/wodclok2.vag,crc
0x1968800,122,19504,0x8738e9e4,.\ps2\audio\firewrk1.vag,gfc_extracted\./ps2/audio/firewrk1.vag,crc
0x196c800,122,21200,0x9dcb43d4,.\ps2\audio\bigbird.vag,gfc_extracted\./ps2/audio/bigbird.vag,crc
0x1971000,48,67579,0xf925acf6,,gfc_extracted\block_01371\block_01371.png,content
0x1981800,48,67579,0x33c763d1,,gfc_extracted\block_01372\block_01372.bin,content
0x1992000,48,67579,0x3a2a6904,,gfc_extracted\block_01373\block_01373.bin,content
0x19a2800,48,67579,0x14127545,,gfc_extracted\block_01374\block_01374.bin,content
0x19b3000,48,67579,0xa729b9a1,,gfc_extracted\block_01375\block_01375.bin,content
0x19c3800,48,16379,0x99e6d46c,,gfc_extracted\block_01376\block_01376.bin,content
0x19c7800,48,67579,0xaa9b2a84,,gfc_extracted\block_01377\block_01377.png,content
0x19d8000,48,67579,0x478cbe4f,,gfc_extracted\block_01378\block_01378.bin,content
0x19e8800,48,67579,0xaf355d11,,gfc_extracted\block_01379\block_01379.bin,content
0x19f9000,48,67579,0x4a6a8c89,,gfc_extracted\block_01380\block_01380.bin,content
0x1a09800,48,47099,0xf3124c8b,,gfc_extracted\block_01381\block_01381.bin,content
0x1a15000,122,902,0x361c8705,.\common\animations\fenom3_anim_sounds.csv,gfc_extracted\./common/animations/fenom3_anim_sounds.csv,crc
0x1a15800,122,207,0x8286167,.\common\audio\fenom3_3devents.csv,gfc_extracted\./common/audio/fenom3_3devents.csv,crc
0x1a16000,122,449,0xc16d05c7,.\common\audio\fenom3_envpointsounds.csv,gfc_extracted\./common/audio/fenom3_envpointsounds.csv,crc
0x1a16800,122,371,0x3f68eea3,.\common\audio\fenom3_envtubesounds.csv,gfc_extracted\./common/audio/fenom3_envtubesounds.csv,crc
0x1a17000,122,626,0x404396fb,.\common\audio\fenom3_listenerregions.csv,gfc_extracted\./common/audio/fenom3_listenerregions.csv,crc
0x1a17800,48,2043,0xde93c8a1,,gfc_extracted\block_01387\block_01387.csv,content
0x1a18000,122,298,0x699a53fa,.\common\gfx\sfx\arena2_hhf.csv,gfc_extracted\./common/gfx/sfx/arena2_hhf.csv,crc
0x1a18800,122,195,0x423847bc,.\common\gfx\sfx\fireworks.csv,gfc_extracted\./common/gfx/sfx/fireworks.csv,crc
0x1a19000,122,65536,0x37fb1157,,gfc_extracted\block_01390\block_01390.bin,content
0x1a22000,122,36793,0x93b11fa1,,gfc_extracted\block_01391\block_01391.bin,content
0x1a27800,122,894,0xd56c4aa2,.\common\obstacles\fenom3_phantoms.csv,gfc_extracted\./common/obstacles/fenom3_phantoms.csv,crc
0x1a28000,122,470,0x624641bb,.\common\obstacles\teknee1_actions.csv,gfc_extracted\./common/obstacles/teknee1_actions.csv,crc
0x1a28800,122,65536,0x37652569,,gfc_extracted\block_01394\block_01394.bin,content
0x1a2a800,122,65536,0xbf839a73,,gfc_extracted\block_01395\block_01395.bin,content
0x1a2e800,122,65536,0x15452b6c,,gfc_extracted\block_01396\block_01396.bin,content
0x1a37800,122,65536,0xc5cb1624,,gfc_extracted\block_01397\block_01397.bin,content
0x1a3a000,122,65536,0x9c2776b9,,gfc_extracted\block_01398\block_01398.bin,content
0x1a40800,122,65536,0xd255ffbc,,gfc_extracted\block_01399\block_01399.bin,content
0x1a47800,122,65536,0xb558800b,,gfc_extracted\block_01400\block_01400.bin,content
0x1a4d000,122,65536,0x30527ae,,gfc_extracted\block_01401\block_01401.bin,content
0x1a57000,122,65536,0x16790219,,gfc_extracted\block_01402\block_01402.bin,content
0x1a5a800,122,65536,0xbbdd4829,,gfc_extracted\block_01403\block_01403.bin,content
0x1a60800,122,65536,0xa69ac6d5,,gfc_extracted\block_01404\block_01404.bin,content
0x1a66000,122,65536,0x606bf089,,gfc_extracted\block_01405\block_01405.bin,content
0x1a6a800,122,65536,0x650c01b9,,gfc_extracted\block_01406\block_01406.bin,content
0x1a6c000,122,65536,0x1f13d3d6,,gfc_extracted\block_01407\block_01407.bin,content
0x1a73000,122,65536,0x43b42263,,gfc_extracted\block_01408\block_01408.bin,content
0x1a78000,122,65536,0x99f03781,,gfc_extracted\block_01409\block_01409.bin,content
0x1a7e800,122,65536,0x77b18748,,gfc_extracted\block_01410\block_01410.bin,content
0x1a83000,122,65536,0x4f65a39f,,gfc_extracted\block_01411\block_01411.bin,content
0x1a8a800,122,65536,0x98b43c7f,,gfc_extracted\block_01412\block_01412.bin,content
0x1a8e000,122,65536,0x12151e55,,gfc_extracted\block_01413\block_01413.bin,content
0x1a92000,122,65536,0x47fb6c32,,gfc_extracted\block_01414\block_01414.bin,content
0x1a94000,122,65536,0x46152747,,gfc_extracted\block_01415\block_01415.bin,content
0x1a99800,122,65536,0xff5d5184,,gfc_extracted\block_01416\block_01416.bin,content
0x1a9e000,122,65536,0x616be41,,gfc_extracted\block_01417\block_01417.bin,content
0x1aa3000,122,65536,0x382c5661,,gfc_extracted\block_01418\block_01418.bin,content
0x1aa6000,122,65536,0x43196a76,,gfc_extracted\block_01419\block_01419.bin,content
0x1aaa800,122,65536,0x893876be,,gfc_extracted\block_01420\block_01420.bin,content
0x1aac800,122,65536,0xffc0b054,,gfc_extracted\block_01421\block_01421.bin,content
0x1ab1000,122,65536,0x7945fa85,,gfc_extracted\block_01422\block_01422.bin,content
0x1ab7000,122,65536,0x46f9f195,,gfc_extracted\block_01423\block_01423.bin,content
0x1abe800,122,65536,0x7a7985e5,,gfc_extracted\block_01424\block_01424.bin,content
0x1ac5000,122,65536,0x8795929b,,gfc_extracted\block_01425\block_01425.bin,content
0x1acc800,122,65536,0xb72bbca0,,gfc_extracted\block_01426\block_01426.bin,content
0x1ad2800,122,65536,0x84681c75,,gfc_extracted\block_01427\block_01427.bin,content
0x1ad9800,122,65536,0x1f59f663,,gfc_extracted\block_01428\block_01428.bin,content
0x1ae0800,122,65536,0x58248e12,,gfc_extracted\block_01429\block_01429.bin,content
0x1ae6800,122,65536,0x9ec027bd,,gfc_extracted\block_01430\block_01430.bin,content
0x1aeb800,122,65536,0x7df3ca0f,,gfc_extracted\block_01431\block_01431.bin,content
0x1aef800,122,65536,0x832ac3ac,,gfc_extracted\block_01432\block_01432.bin,content
0x1af4800,122,65536,0xb569c7f2,,gfc_extracted\block_01433\block_01433.bin,content
0x1af9000,122,65536,0x50773c95,,gfc_extracted\block_01434\block_01434.bin,content
0x1b00800,122,65536,0xb1c35537,,gfc_extracted\block_01435\block_01435.bin,content
0x1b06800,122,65536,0xa4ce8edc,,gfc_extracted\block_01436\block_01436.bin,content
0x1b09800,122,65536,0x3ab2ccf5,,gfc_extracted\block_01437\block_01437.bin,content
0x1b10000,122,65536,0x1699427b,,gfc_extracted\block_01438\block_01438.bin,content
0x1b13800,122,65536,0xaa710563,,gfc_extracted\block_01439\block_01439.bin,content
0x1b16000,122,65536,0x4994282d,,gfc_extracted\block_01440\block_01440.bin,content
0x1b1b800,122,65536,0x829ebe04,,gfc_extracted\block_01441\block_01441.bin,content
0x1b24800,122,65536,0xeb8ccb34,,gfc_extracted\block_01442\block_01442.bin,content
0x1b29000,122,65536,0x6272bf7d,,gfc_extracted\block_01443\block_01443.bin,content
0x1b2d800,122,65536,0xef08b31c,,gfc_extracted\block_01444\block_01444.bin,content
0x1b36000,122,65536,0xf60e3c9d,,gfc_extracted\block_01445\block_01445.bin,content
0x1b3d800,122,65536,0x1ec5d938,,gfc_extracted\block_01446\block_01446.bin,content
0x1b43800,122,65536,0x629a66a,,gfc_extracted\block_01447\block_01447.bin,content
0x1b46800,122,65536,0x53b51b45,,gfc_extracted\block_01448\block_01448.bin,content
0x1b4c000,122,61078,0xc6ff7a6f,,gfc_extracted\block_01449\block_01449.bin,content
0x1b52000,122,43242,0xa9843d3d,.\common\gfx\tracks\fenom3_levelinfo_ranking.csv,gfc_extracted\./common/gfx/tracks/fenom3_levelinfo_ranking.csv,crc
0x1b59000,48,4091,0x624c040,,gfc_extracted\block_01451\block_01451.png,content
0x1b5a000,122,592,0xe63a572b,.\common\animations\teknee1_anims.csv,gfc_extracted\./common/animations/teknee1_anims.csv,crc
0x1b5a800,122,20156,0xc2ba79e7,.\common\gfx\extanim\teknee1-anim-cam.igb,gfc_extracted\./common/gfx/extanim/teknee1-anim-cam.igb,crc
0x1b5d000,122,65536,0xa830a9a6,,gfc_extracted\block_01454\block_01454.bin,content
0x1b61800,122,9908,0xc5b9e2c,,gfc_extracted\block_01455\block_01455.bin,content
0x1b63000,122,65536,0x53228965,,gfc_extracted\block_01456\block_01456.bin,content
0x1b67800,122,9908,0x6590b7b7,,gfc_extracted\block_01457\block_01457.bin,content
0x1b69800,122,65536,0x66859f3d,,gfc_extracted\block_01458\block_01458.bin,content
0x1b6f800,122,36830,0xf4070ea1,,gfc_extracted\block_01459\block_01459.bin,content
0x1b73800,122,6394,0x852fbdb6,.\common\hud\maps\fenom3.png,gfc_extracted\./common/hud/maps/fenom3.png,crc
0x1b74800,122,7152,0xb5c12fd3,.\ps2\audio\hitbar2.vag,gfc_extracted\./ps2/audio/hitbar2.vag,crc
0x1b76000,122,18304,0x8aee8ca0,.\ps2\audio\gears.vag,gfc_extracted\./ps2/audio/gears.vag,crc
0x1b7a000,122,4496,0xdcba886c,.\ps2\audio\hitkart.vag,gfc_extracted\./ps2/audio/hitkart.vag,crc
0x1b7b000,122,30640,0x8cbb1e8e,.\ps2\audio\thunder4.vag,gfc_extracted\./ps2/audio/thunder4.vag,crc
0x1b81800,122,25968,0xacbfd3e8,.\ps2\audio\thunder5.vag,gfc_extracted\./ps2/audio/thunder5.vag,crc
0x1b87000,122,32560,0x9a971862,.\ps2\audio\timecrat.vag,gfc_extracted\./ps2/audio/timecrat.vag,crc
0x1b8e000,122,45716,0xcacaa2e5,.\ps2\gfx\sfx\firewrk.png,gfc_extracted\./ps2/gfx/sfx/firewrk.png,crc
0x1b99800,122,42641,0xc123efa3,.\ps2\gfx\sfx\f3_rainback.png,gfc_extracted\./ps2/gfx/sfx/f3_rainback.png,crc
0x1ba4000,48,67579,0xf1166fe9,,gfc_extracted\block_01469\block_01469.png,content
0x1bb4800,48,67579,0x9f562a3f,,gfc_extracted\block_01470\block_01470.bin,content
0x1bc5000,48,67579,0xb2f9f33,,gfc_extracted\block_01471\block_01471.bin,content
0x1bd5800,48,67579,0x1f523f83,,gfc_extracted\block_01472\block_01472.bin,content
0x1be6000,48,67579,0x4893a439,,gfc_extracted\block_01473\block_01473.bin,content
0x1bf6800,48,10235,0xa31db040,,gfc_extracted\block_01474\block_01474.bin,content
0x1bf9000,122,379,0x1f4dc0ac,.\common\animations\teknee1_anim_sounds.csv,gfc_extracted\./common/animations/teknee1_anim_sounds.csv,crc
0x1bf9800,122,208,0xbec2b71,.\common\audio\teknee1_3devents.csv,gfc_extracted\./common/audio/teknee1_3devents.csv,crc
0x1bfa000,122,750,0x18793fbf,.\common\audio\teknee1_envpointsounds.csv,gfc_extracted\./common/audio/teknee1_envpointsounds.csv,crc
0x1bfa800,122,4960,0x2c2ee9c1,.\common\audio\teknee1_envtubesounds.csv,gfc_extracted\./common/audio/teknee1_envtubesounds.csv,crc
0x1bfb000,122,603,0x128400b2,.\common\audio\teknee1_listenerregions.csv,gfc_extracted\./common/audio/teknee1_listenerregions.csv,crc
0x1bfb800,48,2043,0x344f4c6d,,gfc_extracted\block_01480\block_01480.csv,content
0x1bfc000,122,298,0x699a53fa,.\common\gfx\sfx\arena2_hhf.csv,gfc_extracted\./common/gfx/sfx/arena2_hhf.csv,crc
0x1bfc800,122,65536,0x872149d7,,gfc_extracted\block_01482\block_01482.bin,content
0x1c05800,122,65536,0x42efcbb,,gfc_extracted\block_01483\block_01483.bin,content
0x1c0c800,122,24887,0x9dde18e1,,gfc_extracted\block_01484\block_01484.bin,content
0x1c0f000,122,537,0xdd3e125e,.\common\obstacles\teknee1_phantoms.csv,gfc_extracted\./common/obstacles/teknee1_phantoms.csv,crc
0x1c0f800,122,234,0x1f081547,.\common\obstacles\teknee2_actions.csv,gfc_extracted\./common/obstacles/teknee2_actions.csv,crc
0x1c10000,122,65536,0x776559b4,,gfc_extracted\block_01487\block_01487.bin,content
0x1c12000,122,65536,0x3258f1a0,,gfc_extracted\block_01488\block_01488.bin,content
0x1c13800,122,65536,0x2379b433,,gfc_extracted\block_01489\block_01489.bin,content
0x1c15000,122,65536,0xe0340a4c,,gfc_extracted\block_01490\block_01490.bin,content
0x1c19000,122,65536,0x304e9a64,,gfc_extracted\block_01491\block_01491.bin,content
0x1c1d800,122,65536,0xfe9de52e,,gfc_extracted\block_01492\block_01492.bin,content
0x1c22800,122,65536,0xf96f4a29,,gfc_extracted\block_01493\block_01493.bin,content
0x1c2d000,122,65536,0xa99d68b2,,gfc_extracted\block_01494\block_01494.bin,content
0x1c3a800,122,65536,0xda8750b3,,gfc_extracted\block_01495\block_01495.bin,content
0x1c43800,122,65536,0xa33b33c6,,gfc_extracted\block_01496\block_01496.bin,content
0x1c49000,122,65536,0xfa6e08e1,,gfc_extracted\block_01497\block_01497.bin,content
0x1c4d800,122,65536,0xef742625,,gfc_extracted\block_01498\block_01498.bin,content
0x1c52800,122,65536,0xfd96f7f,,gfc_extracted\block_01499\block_01499.bin,content
0x1c5d000,122,65536,0x9e2daa0f,,gfc_extracted\block_01500\block_01500.bin,content
0x1c65000,122,65536,0x2a8b1b22,,gfc_extracted\block_01501\block_01501.bin,content
0x1c6f800,122,65536,0xfd9698b,,gfc_extracted\block_01502\block_01502.bin,content
0x1c79800,122,65536,0x151a4e17,,gfc_extracted\block_01503\block_01503.bin,content
0x1c81000,122,65536,0x41e6bdc4,,gfc_extracted\block_01504\block_01504.bin,content
0x1c85800,122,65536,0x496a4c2d,,gfc_extracted\block_01505\block_01505.bin,content
0x1c89800,122,65536,0x94052ec6,,gfc_extracted\block_01506\block_01506.bin,content
0x1c90800,122,65536,0x4d4f5e46,,gfc_extracted\block_01507\block_01507.bin,content
0x1c95000,122,65536,0x77d93851,,gfc_extracted\block_01508\block_01508.bin,content
0x1c9a000,122,65536,0xb53704e2,,gfc_extracted\block_01509\block_01509.bin,content
0x1ca1000,122,65536,0xbd25cd38,,gfc_extracted\block_01510\block_01510.csv,content
0x1ca8000,122,65536,0xf89dff65,,gfc_extracted\block_01511\block_01511.bin,content
0x1cad800,122,65536,0x7c0e71d2,,gfc_extracted\block_01512\block_01512.bin,content
0x1cb2800,122,65536,0x455f37fa,,gfc_extracted\block_01513\block_01513.bin,content
0x1cb8800,122,65536,0xe7432383,,gfc_extracted\block_01514\block_01514.bin,content
0x1cbe800,122,65536,0x3f5cd4b3,,gfc_extracted\block_01515\block_01515.bin,content
0x1cc3800,122,65536,0xbdd29c52,,gfc_extracted\block_01516\block_01516.bin,content
0x1cc8800,122,65536,0x70f3cdb7,,gfc_extracted\block_01517\block_01517.bin,content
0x1ccd800,122,65536,0x2b155cdf,,gfc_extracted\block_01518\block_01518.bin,content
0x1cd2800,122,65536,0x767fe086,,gfc_extracted\block_01519\block_01519.bin,content
0x1cd8800,122,65536,0x2503ed08,,gfc_extracted\block_01520\block_01520.bin,content
0x1cdf000,122,65536,0x54fc3d1a,,gfc_extracted\block_01521\block_01521.bin,content
0x1ce5000,122,65536,0x416997ee,,gfc_extracted\block_01522\block_01522.bin,content
0x1cea800,122,65536,0xdbcbd5a0,,gfc_extracted\block_01523\block_01523.bin,content
0x1cf0000,122,65536,0x68564669,,gfc_extracted\block_01524\block_01524.bin,content
0x1cf7000,122,65536,0xea53b7f6,,gfc_extracted\block_01525\block_01525.bin,content
0x1cfd800,122,65536,0xc6edf1c8,,gfc_extracted\block_01526\block_01526.bin,content
0x1d02800,122,65536,0x3790eaba,,gfc_extracted\block_01527\block_01527.bin,content
0x1d06800,122,65536,0xd66f2257,,gfc_extracted\block_01528\block_01528.bin,content
0x1d0c000,122,65536,0xc3f15866,,gfc_extracted\block_01529\block_01529.bin,content
0x1d11800,122,65536,0xfe4097c3,,gfc_extracted\block_01530\block_01530.bin,content
0x1d16800,122,65536,0x1b39cc1f,,gfc_extracted\block_01531\block_01531.bin,content
0x1d1c000,122,65536,0x9525f3c3,,gfc_extracted\block_01532\block_01532.bin,content
0x1d20000,122,65536,0xf98674c3,,gfc_extracted\block_01533\block_01533.bin,content
0x1d25000,122,65536,0x361e092f,,gfc_extracted\block_01534\block_01534.bin,content
0x1d29800,122,65536,0x1b9e550f,,gfc_extracted\block_01535\block_01535.bin,content
0x1d2e000,122,65536,0xd879c1a9,,gfc_extracted\block_01536\block_01536.bin,content
0x1d33800,122,65536,0xe1841312,,gfc_extracted\block_01537\block_01537.bin,content
0x1d38800,122,65536,0x6782bf52,,gfc_extracted\block_01538\block_01538.bin,content
0x1d3c800,122,47266,0xe515970e,,gfc_extracted\block_01539\block_01539.bin,content
0x1d3f800,122,40958,0x8ea44392,.\common\gfx\tracks\teknee1_levelinfo_ranking.csv,gfc_extracted\./common/gfx/tracks/teknee1_levelinfo_ranking.csv,crc
0x1d45000,122,65536,0x43a7691a,,gfc_extracted\block_01541\block_01541.bin,content
0x1d47800,122,65536,0xa1ce9087,,gfc_extracted\block_01542\block_01542.bin,content
0x1d4a800,122,65536,0xb7a6a0a0,,gfc_extracted\block_01543\block_01543.bin,content
0x1d50000,122,65536,0xd6daa29f,,gfc_extracted\block_01544\block_01544.bin,content
0x1d57000,122,65536,0x510ae0c4,,gfc_extracted\block_01545\block_01545.bin,content
0x1d5f000,122,21214,0x4633b21c,,gfc_extracted\block_01546\block_01546.bin,content
0x1d61800,48,4091,0x8cace1c2,,gfc_extracted\block_01547\block_01547.png,content
0x1d62800,122,775,0x48152038,.\common\animations\teknee2_anims.csv,gfc_extracted\./common/animations/teknee2_anims.csv,crc
0x1d63000,122,48940,0xd4c9b652,.\ps2\gfx\extanim\pendanim.igb,gfc_extracted\./ps2/gfx/extanim/pendanim.igb,crc
0x1d67000,122,53180,0x3b1a6186,.\ps2\gfx\extanim\smasher2.igb,gfc_extracted\./ps2/gfx/extanim/smasher2.igb,crc
0x1d6b000,122,53180,0xde053cf3,.\ps2\gfx\extanim\smasheranim.igb,gfc_extracted\./ps2/gfx/extanim/smasheranim.igb,crc
0x1d6f000,122,20156,0xb9d4a1ea,.\common\gfx\extanim\teknee2-anim-cam.igb,gfc_extracted\./common/gfx/extanim/teknee2-anim-cam.igb,crc
0x1d71800,122,5314,0x4b82f78c,.\common\hud\maps\teknee1.png,gfc_extracted\./common/hud/maps/teknee1.png,crc
0x1d72800,122,14768,0x4cb26fc,.\ps2\audio\glascrsh.vag,gfc_extracted\./ps2/audio/glascrsh.vag,crc
0x1d76000,122,12288,0x6a50413a,.\ps2\audio\magland.vag,gfc_extracted\./ps2/audio/magland.vag,crc
0x1d79000,122,14880,0x176a72bd,.\ps2\audio\spacebg1.vag,gfc_extracted\./ps2/audio/spacebg1.vag,crc
0x1d7c800,122,6752,0x76e9a224,.\ps2\audio\smshupdn.vag,gfc_extracted\./ps2/audio/smshupdn.vag,crc
0x1d7e000,122,17632,0x8629b113,.\ps2\audio\smshmid.vag,gfc_extracted\./ps2/audio/smshmid.vag,crc
0x1d82000,122,13088,0xdd905f30,.\ps2\audio\volumegroups.csv,gfc_extracted\./ps2/audio/volumegroups.csv,crc
0x1d85000,122,13856,0xc6539cce,.\ps2\audio\oilglug1.vag,gfc_extracted\./ps2/audio/oilglug1.vag,crc
0x1d88000,122,21728,0x1c3c6317,.\ps2\audio\gateactv.vag,gfc_extracted\./ps2/audio/gateactv.vag,crc
0x1d8c800,122,5520,0x700d5108,.\ps2\audio\oilglug2.vag,gfc_extracted\./ps2/audio/oilglug2.vag,crc
0x1d8e000,122,1728,0xf2d5944e,.\ps2\audio\oilglug3.vag,gfc_extracted\./ps2/audio/oilglug3.vag,crc
0x1d8e800,122,2128,0x60c33b33,.\ps2\audio\oilglug4.vag,gfc_extracted\./ps2/audio/oilglug4.vag,crc
0x1d8f000,122,2416,0xf682462b,.\ps2\audio\oilpour.vag,gfc_extracted\./ps2/audio/oilpour.vag,crc
0x1d90000,122,17264,0x5d1d5f9a,.\ps2\audio\outsdamb.vag,gfc_extracted\./ps2/audio/outsdamb.vag,crc
0x1d93800,122,7872,0xc408340c,.\ps2\audio\sprkhum2.vag,gfc_extracted\./ps2/audio/sprkhum2.vag,crc
0x1d95800,122,8864,0x95ac7f6d,.\ps2\audio\sprkwav.vag,gfc_extracted\./ps2/audio/sprkwav.vag,crc
0x1d97800,122,8288,0xd4fd508,.\ps2\audio\steamglp.vag,gfc_extracted\./ps2/audio/steamglp.vag,crc
0x1d99800,122,29728,0x47a1912b,.\ps2\audio\stemhiss.vag,gfc_extracted\./ps2/audio/stemhiss.vag,crc
0x1d9f800,122,10832,0x4a9e156d,.\ps2\audio\ufongin.vag,gfc_extracted\./ps2/audio/ufongin.vag,crc
0x1da2000,122,12752,0x32d69f3b,.\ps2\audio\steam3.vag,gfc_extracted\./ps2/audio/steam3.vag,crc
0x1da5000,122,15840,0xd1522520,.\ps2\audio\firelow.vag,gfc_extracted\./ps2/audio/firelow.vag,crc
0x1da8800,122,9424,0xc1a7ed54,.\ps2\audio\sign3.vag,gfc_extracted\./ps2/audio/sign3.vag,crc
0x1daa800,122,2912,0x8b12c554,.\ps2\audio\carmotr3.vag,gfc_extracted\./ps2/audio/carmotr3.vag,crc
0x1dab800,122,15840,0x4983e06c,.\ps2\audio\invsdur1.vag,gfc_extracted\./ps2/audio/invsdur1.vag,crc
0x1daf000,48,67579,0x547822cb,,gfc_extracted\block_01577\block_01577.png,content
0x1dbf800,48,67579,0x1156c8f0,,gfc_extracted\block_01578\block_01578.bin,content
0x1dd0000,48,67579,0x626a2b65,,gfc_extracted\block_01579\block_01579.bin,content
0x1de0800,48,67579,0xd98e61c6,,gfc_extracted\block_01580\block_01580.bin,content
0x1df1000,48,67579,0x9a725be1,,gfc_extracted\block_01581\block_01581.bin,content
0x1e01800,48,22523,0x990e5ce3,,gfc_extracted\block_01582\block_01582.bin,content
0x1e07000,122,587,0xc47a3104,.\common\animations\teknee2_anim_sounds.csv,gfc_extracted\./common/animations/teknee2_anim_sounds.csv,crc
0x1e07800,122,208,0x7cb1d628,.\common\audio\teknee2_3devents.csv,gfc_extracted\./common/audio/teknee2_3devents.csv,crc
0x1e08000,122,827,0x923b8684,.\common\audio\teknee2_envpointsounds.csv,gfc_extracted\./common/audio/teknee2_envpointsounds.csv,crc
0x1e08800,122,1800,0x61efe4f8,.\common\audio\teknee2_envtubesounds.csv,gfc_extracted\./common/audio/teknee2_envtubesounds.csv,crc
0x1e09000,122,547,0x27e8898f,.\common\audio\teknee2_listenerregions.csv,gfc_extracted\./common/audio/teknee2_listenerregions.csv,crc
0x1e09800,48,2043,0xd241f07e,,gfc_extracted\block_01588\block_01588.csv,content
0x1e0a000,122,65536,0x89f8643c,,gfc_extracted\block_01589\block_01589.bin,content
0x1e12800,122,65536,0xba77c70d,,gfc_extracted\block_01590\block_01590.bin,content
0x1e1b800,122,28318,0x5e24c7ca,,gfc_extracted\block_01591\block_01591.bin,content
0x1e1e800,122,504,0xcdd3ed70,.\common\obstacles\teknee2_phantoms.csv,gfc_extracted\./common/obstacles/teknee2_phantoms.csv,crc
0x1e1f000,122,468,0x79dae54a,.\common\obstacles\teknee3_actions.csv,gfc_extracted\./common/obstacles/teknee3_actions.csv,crc
0x1e1f800,122,65536,0xfb8925c3,,gfc_extracted\block_01594\block_01594.bin,content
0x1e21800,122,65536,0x44a4c7fb,,gfc_extracted\block_01595\block_01595.bin,content
0x1e23000,122,65536,0x6b6dab7,,gfc_extracted\block_01596\block_01596.bin,content
0x1e24000,122,65536,0x9341043,,gfc_extracted\block_01597\block_01597.bin,content
0x1e28000,122,65536,0x51141593,,gfc_extracted\block_01598\block_01598.bin,content
0x1e2d000,122,65536,0xcc79ea46,,gfc_extracted\block_01599\block_01599.bin,content
0x1e31000,122,65536,0x958e0b6e,,gfc_extracted\block_01600\block_01600.bin,content
0x1e37800,122,65536,0x4cee88e4,,gfc_extracted\block_01601\block_01601.bin,content
0x1e3e000,122,65536,0x54668241,,gfc_extracted\block_01602\block_01602.bin,content
0x1e44000,122,65536,0x5d5bce76,,gfc_extracted\block_01603\block_01603.bin,content
0x1e48800,122,65536,0x60c296e,,gfc_extracted\block_01604\block_01604.bin,content
0x1e4d000,122,65536,0xd4aec02b,,gfc_extracted\block_01605\block_01605.bin,content
0x1e55800,122,65536,0xbd1793c0,,gfc_extracted\block_01606\block_01606.bin,content
0x1e5b000,122,65536,0x39f61824,,gfc_extracted\block_01607\block_01607.bin,content
0x1e5f800,122,65536,0xc856f56,,gfc_extracted\block_01608\block_01608.bin,content
0x1e66000,122,65536,0x9bc47cae,,gfc_extracted\block_01609\block_01609.bin,content
0x1e67800,122,65536,0xde9b2a36,,gfc_extracted\block_01610\block_01610.bin,content
0x1e69800,122,65536,0x91d2c127,,gfc_extracted\block_01611\block_01611.bin,content
0x1e6d000,122,65536,0x99d3afa2,,gfc_extracted\block_01612\block_01612.bin,content
0x1e75000,122,65536,0xe5c1d43a,,gfc_extracted\block_01613\block_01613.bin,content
0x1e7a800,122,65536,0xf3bd1fbc,,gfc_extracted\block_01614\block_01614.bin,content
0x1e7f800,122,65536,0x2eccb893,,gfc_extracted\block_01615\block_01615.bin,content
0x1e85000,122,65536,0x74db78d9,,gfc_extracted\block_01616\block_01616.bin,content
0x1e89000,122,65536,0x74d2088d,,gfc_extracted\block_01617\block_01617.bin,content
0x1e8f800,122,65536,0xe73be497,,gfc_extracted\block_01618\block_01618.bin,content
0x1e95800,122,65536,0x9bd1f7d4,,gfc_extracted\block_01619\block_01619.bin,content
0x1e9e000,122,65536,0xcd10b000,,gfc_extracted\block_01620\block_01620.bin,content
0x1ea2800,122,65536,0x23ee4d1e,,gfc_extracted\block_01621\block_01621.bin,content
0x1ea8800,122,65536,0x3a8af70b,,gfc_extracted\block_01622\block_01622.bin,content
0x1ead000,122,65536,0xbe6807ed,,gfc_extracted\block_01623\block_01623.bin,content
0x1eb1800,122,65536,0x52fb49b1,,gfc_extracted\block_01624\block_01624.bin,content
0x1eb8000,122,65536,0xe031bd19,,gfc_extracted\block_01625\block_01625.bin,content
0x1ebb800,122,65536,0x72d4e962,,gfc_extracted\block_01626\block_01626.bin,content
0x1ec1800,122,65536,0x5b321918,,gfc_extracted\block_01627\block_01627.bin,content
0x1ec7000,122,65536,0x6c441fac,,gfc_extracted\block_01628\block_01628.bin,content
0x1ecd800,122,65536,0x4dc1c0b1,,gfc_extracted\block_01629\block_01629.bin,content
0x1ed1800,122,65536,0x7c475586,,gfc_extracted\block_01630\block_01630.bin,content
0x1ed6000,122,65536,0x4dcc2ec,,gfc_extracted\block_01631\block_01631.bin,content
0x1edb800,122,65536,0xbdfa22a7,,gfc_extracted\block_01632\block_01632.bin,content
0x1ee5800,122,65536,0x36e5270b,,gfc_extracted\block_01633\block_01633.bin,content
0x1eeb000,122,65536,0xd9c8757e,,gfc_extracted\block_01634\block_01634.bin,content
0x1ef2000,122,65536,0x2e647153,,gfc_extracted\block_01635\block_01635.bin,content
0x1ef7000,122,65536,0xc7b84d71,,gfc_extracted\block_01636\block_01636.bin,content
0x1efa000,122,65536,0x755cff5e,,gfc_extracted\block_01637\block_01637.bin,content
0x1eff000,122,65536,0x17e0376b,,gfc_extracted\block_01638\block_01638.bin,content
0x1f05000,122,65536,0xcb5e1b1d,,gfc_extracted\block_01639\block_01639.bin,content
0x1f0b800,122,65536,0x2e214a34,,gfc_extracted\block_01640\block_01640.bin,content
0x1f12000,122,65536,0x473f7de6,,gfc_extracted\block_01641\block_01641.bin,content
0x1f18800,122,65536,0xbccb101,,gfc_extracted\block_01642\block_01642.bin,content
0x1f1e800,122,65536,0x1f146445,,gfc_extracted\block_01643\block_01643.bin,content
0x1f26800,122,65536,0x90209a37,,gfc_extracted\block_01644\block_01644.bin,content
0x1f2c800,122,65536,0x9a632527,,gfc_extracted\block_01645\block_01645.bin,content
0x1f32000,122,42922,0xfb101376,,gfc_extracted\block_01646\block_01646.bin,content
0x1f37000,122,42034,0xfc64a51b,.\common\gfx\tracks\teknee2_levelinfo_ranking.csv,gfc_extracted\./common/gfx/tracks/teknee2_levelinfo_ranking.csv,crc
0x1f3d000,48,2043,0x582bb62d,,gfc_extracted\block_01648\block_01648.png,content
0x1f3d800,122,821,0xf41a443d,.\common\animations\teknee3_anims.csv,gfc_extracted\./common/animations/teknee3_anims.csv,crc
0x1f3e000,122,65536,0x57589a73,,gfc_extracted\block_01650\block_01650.bin,content
0x1f41800,122,52004,0x891d89b9,,gfc_extracted\block_01651\block_01651.bin,content
0x1f46000,122,65536,0x647ec397,,gfc_extracted\block_01652\block_01652.bin,content
0x1f4a000,122,46712,0x3a0bccde,,gfc_extracted\block_01653\block_01653.bin,content
0x1f4e000,122,20156,0x5cb3d716,.\common\gfx\extanim\teknee3-anim-cam.igb,gfc_extracted\./common/gfx/extanim/teknee3-anim-cam.igb,crc
0x1f50800,122,65536,0xa399e1b2,,gfc_extracted\block_01655\block_01655.bin,content
0x1f55000,122,54336,0x4beda1e2,,gfc_extracted\block_01656\block_01656.bin,content
0x1f5a800,122,65536,0x6099c4e5,,gfc_extracted\block_01657\block_01657.bin,content
0x1f5f000,122,54336,0xba49493,,gfc_extracted\block_01658\block_01658.bin,content
0x1f64800,122,65536,0xa09ce1b5,,gfc_extracted\block_01659\block_01659.bin,content
0x1f6a800,122,65536,0xb571154a,,gfc_extracted\block_01660\block_01660.bin,content
0x1f75000,122,65536,0x4cd0de9a,,gfc_extracted\block_01661\block_01661.bin,content
0x1f7f800,122,65536,0x81ba36b8,,gfc_extracted\block_01662\block_01662.bin,content
0x1f87000,122,65536,0x422f220c,,gfc_extracted\block_01663\block_01663.bin,content
0x1f8f000,122,34094,0xd98f24b7,,gfc_extracted\block_01664\block_01664.bin,content
0x1f92800,122,6996,0x5b4e8cf2,.\common\hud\maps\teknee2.png,gfc_extracted\./common/hud/maps/teknee2.png,crc
0x1f93800,122,6464,0xf2241ff4,.\ps2\audio\fluidsqt2.vag,gfc_extracted\./ps2/audio/fluidsqt2.vag,crc
0x1f95000,122,7984,0xf19b7d3d,.\ps2\audio\bubbdur.vag,gfc_extracted\./ps2/audio/bubbdur.vag,crc
0x1f97000,122,33280,0xb973dbc,.\ps2\audio\brushrol.vag,gfc_extracted\./ps2/audio/brushrol.vag,crc
0x1f9d800,122,9312,0x4927b845,.\ps2\audio\tclktick.vag,gfc_extracted\./ps2/audio/tclktick.vag,crc
0x1f9f800,122,11296,0x94085733,.\ps2\audio\subtrak.vag,gfc_extracted\./ps2/audio/subtrak.vag,crc
0x1fa2000,122,9248,0xf5d93510,.\ps2\audio\gracloop.vag,gfc_extracted\./ps2/audio/gracloop.vag,crc
0x1fa4000,122,51280,0xbc9a291d,.\ps2\audio\armservo.vag,gfc_extracted\./ps2/audio/armservo.vag,crc
0x1fae800,122,39712,0xa2363545,.\ps2\audio\pendtick.vag,gfc_extracted\./ps2/audio/pendtick.vag,crc
0x1fb7000,122,11856,0xa4562671,.\ps2\audio\tower2.vag,gfc_extracted\./ps2/audio/tower2.vag,crc
0x1fb9800,122,6336,0xbcf574b1,.\ps2\audio\tower3.vag,gfc_extracted\./ps2/audio/tower3.vag,crc
0x1fbb000,122,8224,0x506c3a1d,.\ps2\audio\tower4.vag,gfc_extracted\./ps2/audio/tower4.vag,crc
0x1fbd000,122,13232,0x7819ec45,.\ps2\audio\sign2.vag,gfc_extracted\./ps2/audio/sign2.vag,crc
0x1fc0000,122,9056,0x271b5bc6,.\ps2\audio\subway1.vag,gfc_extracted\./ps2/audio/subway1.vag,crc
0x1fc2000,48,67579,0x74fa8eed,,gfc_extracted\block_01679\block_01679.png,content
0x1fd2800,48,67579,0xfb815be0,,gfc_extracted\block_01680\block_01680.bin,content
0x1fe3000,48,67579,0x5a04575a,,gfc_extracted\block_01681\block_01681.bin,content
0x1ff3800,48,67579,0x8091cad4,,gfc_extracted\block_01682\block_01682.bin,content
0x2004000,48,65531,0xfc884ce4,,gfc_extracted\block_01683\block_01683.bin,content
0x2014000,122,661,0x64313a8,.\common\animations\teknee3_anim_sounds.csv,gfc_extracted\./common/animations/teknee3_anim_sounds.csv,crc
0x2014800,122,208,0xcaaa3658,.\common\audio\teknee3_3devents.csv,gfc_extracted\./common/audio/teknee3_3devents.csv,crc
0x2015000,122,528,0x44359541,.\common\audio\teknee3_envpointsounds.csv,gfc_extracted\./common/audio/teknee3_envpointsounds.csv,crc
0x2015800,122,1136,0xd73bb9b8,.\common\audio\teknee3_envtubesounds.csv,gfc_extracted\./common/audio/teknee3_envtubesounds.csv,crc
0x2016000,122,585,0x1555a5be,.\common\audio\teknee3_listenerregions.csv,gfc_extracted\./common/audio/teknee3_listenerregions.csv,crc
0x2016800,48,2043,0x8fbb9b8f,,gfc_extracted\block_01689\block_01689.csv,content
0x2017000,122,65536,0xbe42e740,,gfc_extracted\block_01690\block_01690.bin,content
0x2020800,122,64899,0x214ba7e7,,gfc_extracted\block_01691\block_01691.bin,content
0x2029000,122,820,0x4995ca17,.\common\obstacles\teknee3_phantoms.csv,gfc_extracted\./common/obstacles/teknee3_phantoms.csv,crc
0x2029800,122,546,0xc4568b0c,.\common\obstacles\teknee3_timers.csv,gfc_extracted\./common/obstacles/teknee3_timers.csv,crc
0x202a000,122,334,0xafa5a6b7,.\common\obstacles\velorace_actions.csv,gfc_extracted\./common/obstacles/velorace_actions.csv,crc
0x202a800,122,65536,0x5de2fc0c,,gfc_extracted\block_01695\block_01695.bin,content
0x202c800,122,65536,0xa17b0711,,gfc_extracted\block_01696\block_01696.bin,content
0x202f000,122,65536,0x8b4e9069,,gfc_extracted\block_01697\block_01697.bin,content
0x2033800,122,65536,0x6db3290b,,gfc_extracted\block_01698\block_01698.bin,content
0x203a000,122,65536,0x54856316,,gfc_extracted\block_01699\block_01699.csv,content
0x2040000,122,65536,0x2267495a,,gfc_extracted\block_01700\block_01700.bin,content
0x2046800,122,65536,0x2d39585,,gfc_extracted\block_01701\block_01701.bin,content
0x204f800,122,65536,0x964b330a,,gfc_extracted\block_01702\block_01702.bin,content
0x2051000,122,65536,0x6d8d9c8b,,gfc_extracted\block_01703\block_01703.bin,content
0x2058000,122,65536,0x3dca107d,,gfc_extracted\block_01704\block_01704.bin,content
0x205e000,122,65536,0x6528a2e3,,gfc_extracted\block_01705\block_01705.bin,content
0x2064800,122,65536,0x9a90e51,,gfc_extracted\block_01706\block_01706.bin,content
0x206e000,122,65536,0xca52350c,,gfc_extracted\block_01707\block_01707.bin,content
0x2076800,122,65536,0xb2bfff90,,gfc_extracted\block_01708\block_01708.bin,content
0x207e000,122,65536,0x16f9c653,,gfc_extracted\block_01709\block_01709.bin,content
0x2087800,122,65536,0x3bd9c2e6,,gfc_extracted\block_01710\block_01710.bin,content
0x2092000,122,65536,0xd677c067,,gfc_extracted\block_01711\block_01711.bin,content
0x209a800,122,65536,0xd9f9cf11,,gfc_extracted\block_01712\block_01712.bin,content
0x20a0000,122,65536,0x38f5f8e9,,gfc_extracted\block_01713\block_01713.bin,content
0x20a6000,122,65536,0x38232f80,,gfc_extracted\block_01714\block_01714.bin,content
0x20ac800,122,65536,0x23e70558,,gfc_extracted\block_01715\block_01715.bin,content
0x20b4800,122,65536,0x710f167,,gfc_extracted\block_01716\block_01716.bin,content
0x20bc000,122,65536,0xd76aa197,,gfc_extracted\block_01717\block_01717.bin,content
0x20c1800,122,65536,0xca3622a8,,gfc_extracted\block_01718\block_01718.bin,content
0x20c8000,122,65536,0x18c1ec1a,,gfc_extracted\block_01719\block_01719.bin,content
0x20ce800,122,65536,0x7c159181,,gfc_extracted\block_01720\block_01720.bin,content
0x20d5000,122,65536,0x993b680c,,gfc_extracted\block_01721\block_01721.bin,content
0x20db000,122,65536,0x919aef74,,gfc_extracted\block_01722\block_01722.bin,content
0x20e0800,122,65536,0xf3eeb678,,gfc_extracted\block_01723\block_01723.bin,content
0x20e6800,122,65536,0xcc3aa439,,gfc_extracted\block_01724\block_01724.bin,content
0x20ed800,122,65536,0xa3784a05,,gfc_extracted\block_01725\block_01725.bin,content
0x20f3800,122,65536,0x5ee73fa9,,gfc_extracted\block_01726\block_01726.bin,content
0x20f8000,122,65536,0x12709543,,gfc_extracted\block_01727\block_01727.bin,content
0x20fd800,122,65536,0x4f0bc090,,gfc_extracted\block_01728\block_01728.bin,content
0x2102800,122,65536,0x684c46c7,,gfc_extracted\block_01729\block_01729.bin,content
0x2108800,122,65536,0xa0e1243e,,gfc_extracted\block_01730\block_01730.bin,content
0x210e000,122,65536,0x2ece4ab1,,gfc_extracted\block_01731\block_01731.bin,content
0x2113000,122,65536,0x8fef37bb,,gfc_extracted\block_01732\block_01732.bin,content
0x2119000,122,65536,0x97859c7c,,gfc_extracted\block_01733\block_01733.bin,content
0x211f000,122,20554,0x990e8109,,gfc_extracted\block_01734\block_01734.bin,content
0x2120000,122,43100,0x75a2f405,.\common\gfx\tracks\teknee3_levelinfo_ranking.csv,gfc_extracted\./common/gfx/tracks/teknee3_levelinfo_ranking.csv,crc
0x2126800,48,4091,0x316e38a4,,gfc_extracted\block_01736\block_01736.png,content
0x2127800,122,1547,0x70a6b8f8,.\common\animations\velorace_anims.csv,gfc_extracted\./common/animations/velorace_anims.csv,crc
0x2128000,122,48666,0xb641b478,.\ps2\gfx\extanim\deadbluecable.igb,gfc_extracted\./ps2/gfx/extanim/deadbluecable.igb,crc
0x212a000,122,65536,0x432dacdc,,gfc_extracted\block_01739\block_01739.bin,content
0x212e800,122,27558,0x60b0c657,,gfc_extracted\block_01740\block_01740.bin,content
0x212f800,122,65536,0xbf0390ee,,gfc_extracted\block_01741\block_01741.bin,content
0x2133800,122,27558,0x83cc39d2,,gfc_extracted\block_01742\block_01742.bin,content
0x2135000,122,65536,0xf35e9efb,,gfc_extracted\block_01743\block_01743.bin,content
0x213a000,122,53108,0x8a6125f7,,gfc_extracted\block_01744\block_01744.bin,content
0x213c800,122,5806,0xc56e6fc1,.\common\hud\maps\teknee3.png,gfc_extracted\./common/hud/maps/teknee3.png,crc
0x213d800,122,9616,0x9d29e715,.\ps2\audio\trophy-l.vag,gfc_extracted\./ps2/audio/trophy-l.vag,crc
0x213f800,122,7600,0x571c28a,.\ps2\audio\bluorb.vag,gfc_extracted\./ps2/audio/bluorb.vag,crc
0x2141800,122,18368,0x792e32dc,.\ps2\audio\gatwarp2.vag,gfc_extracted\./ps2/audio/gatwarp2.vag,crc
0x2145800,122,8704,0x1d0a2377,.\ps2\audio\trapclos.vag,gfc_extracted\./ps2/audio/trapclos.vag,crc
0x2147800,122,9984,0xc123772f,.\ps2\audio\tubetrain.vag,gfc_extracted\./ps2/audio/tubetrain.vag,crc
0x2149800,122,29120,0xdd590e08,.\ps2\audio\windfly3.vag,gfc_extracted\./ps2/audio/windfly3.vag,crc
0x214f800,122,65536,0x85f1bbe3,,gfc_extracted\block_01752\block_01752.bin,content
0x215d000,122,3440,0x3dbdd419,,gfc_extracted\block_01753\block_01753.bin,content
0x215e000,48,67579,0xae24679d,,gfc_extracted\block_01754\block_01754.png,content
0x216e800,48,67579,0x498feb7a,,gfc_extracted\block_01755\block_01755.bin,content
0x217f000,48,67579,0x9366ca37,,gfc_extracted\block_01756\block_01756.bin,content
0x218f800,48,67579,0xd5ceabc9,,gfc_extracted\block_01757\block_01757.bin,content
0x21a0000,48,53243,0xc5fe8258,,gfc_extracted\block_01758\block_01758.bin,content
0x21ad000,122,447,0xb337ce20,.\common\audio\hub1_3devents.csv,gfc_extracted\./common/audio/hub1_3devents.csv,crc
0x21ad800,122,904,0xf598539,.\common\audio\citadel_envpointsounds.csv,gfc_extracted\./common/audio/citadel_envpointsounds.csv,crc
0x21ae000,122,1359,0xbfc44cca,.\common\audio\hub1_envtubesounds.csv,gfc_extracted\./common/audio/hub1_envtubesounds.csv,crc
0x21ae800,122,466,0xbdaf10,.\common\audio\hub1_listenerregions.csv,gfc_extracted\./common/audio/hub1_listenerregions.csv,crc
0x21af000,48,2043,0x27c86e28,,gfc_extracted\block_01763\block_01763.csv,content
0x21af800,122,3423,0x92df0dbc,.\common\hints\aku380.rcf,gfc_extracted\./common/hints/aku380.rcf,crc
0x21b0000,122,1417,0xd255a424,.\common\hints\aku390.rcf,gfc_extracted\./common/hints/aku390.rcf,crc
0x21b0800,122,957,0xa84ae802,.\common\hints\aku400.rcf,gfc_extracted\./common/hints/aku400.rcf,crc
0x21b1000,122,2538,0x4cfc2866,.\common\hints\aku410.rcf,gfc_extracted\./common/hints/aku410.rcf,crc
0x21b1800,122,2611,0xc8b152f3,.\common\hints\aku430.rcf,gfc_extracted\./common/hints/aku430.rcf,crc
0x21b2000,122,1983,0xc59b39f5,.\common\hints\aku440.rcf,gfc_extracted\./common/hints/aku440.rcf,crc
0x21b2800,122,1235,0x5509c48a,.\common\hints\aku450.rcf,gfc_extracted\./common/hints/aku450.rcf,crc
0x21b3000,122,941,0x3d9a2f6f,.\common\hints\aku460.rcf,gfc_extracted\./common/hints/aku460.rcf,crc
0x21b3800,122,631,0x990b8fff,.\common\hints\aku470.rcf,gfc_extracted\./common/hints/aku470.rcf,crc
0x21b4000,122,694,0x4d5b7895,.\common\hints\aku480.rcf,gfc_extracted\./common/hints/aku480.rcf,crc
0x21b4800,122,667,0x747c9201,.\common\hints\aku490.rcf,gfc_extracted\./common/hints/aku490.rcf,crc
0x21b5000,122,3171,0x103a5182,.\common\hints\aku500.rcf,gfc_extracted\./common/hints/aku500.rcf,crc
0x21b5800,122,1908,0x7ecd35b6,.\common\hints\aku510.rcf,gfc_extracted\./common/hints/aku510.rcf,crc
0x21b6000,122,1878,0x62072edb,.\common\hints\aku530.rcf,gfc_extracted\./common/hints/aku530.rcf,crc
0x21b6800,122,1437,0x806d96fe,.\common\hints\aku540.rcf,gfc_extracted\./common/hints/aku540.rcf,crc
0x21b7000,122,2525,0xa52f2650,.\common\hints\aku550.rcf,gfc_extracted\./common/hints/aku550.rcf,crc
0x21b7800,122,2371,0x4bebb537,.\common\hints\aku560.rcf,gfc_extracted\./common/hints/aku560.rcf,crc
0x21b8000,122,3033,0xb012788c,.\common\hints\aku570.rcf,gfc_extracted\./common/hints/aku570.rcf,crc
0x21b8800,122,2456,0x3b45de26,.\common\hints\aku580.rcf,gfc_extracted\./common/hints/aku580.rcf,crc
0x21b9000,122,1906,0x638717dc,.\common\hints\aku590.rcf,gfc_extracted\./common/hints/aku590.rcf,crc
0x21b9800,122,1939,0xe58375f5,.\common\hints\aku600.rcf,gfc_extracted\./common/hints/aku600.rcf,crc
0x21ba000,122,2131,0xbf1cdded,.\common\hints\aku610.rcf,gfc_extracted\./common/hints/aku610.rcf,crc
0x21ba800,122,2153,0xc49101e,.\common\hints\aku620.rcf,gfc_extracted\./common/hints/aku620.rcf,crc
0x21bb000,122,1543,0xa802d765,.\common\hints\aku630.rcf,gfc_extracted\./common/hints/aku630.rcf,crc
0x21bb800,122,1788,0x2f3f1f43,.\common\hints\aku640.rcf,gfc_extracted\./common/hints/aku640.rcf,crc
0x21bc000,122,990,0x5480cbfd,.\common\hints\aku650.rcf,gfc_extracted\./common/hints/aku650.rcf,crc
0x21bc800,122,1370,0xa25b7936,.\common\hints\aku660.rcf,gfc_extracted\./common/hints/aku660.rcf,crc
0x21bd000,122,1548,0x3536145a,.\common\hints\aku670.rcf,gfc_extracted\./common/hints/aku670.rcf,crc
0x21bd800,122,987,0x4c7886f1,.\common\hints\aku680.rcf,gfc_extracted\./common/hints/aku680.rcf,crc
0x21be000,122,2203,0x22fa6af7,.\common\hints\aku690.rcf,gfc_extracted\./common/hints/aku690.rcf,crc
0x21be800,122,1745,0xbb4d57b2,.\common\hints\aku700.rcf,gfc_extracted\./common/hints/aku700.rcf,crc
0x21bf000,122,2000,0x6968054,.\common\hints\aku710.rcf,gfc_extracted\./common/hints/aku710.rcf,crc
0x21bf800,122,457,0x19b17fdc,.\common\hints\aku720.rcf,gfc_extracted\./common/hints/aku720.rcf,crc
0x21c0000,122,340,0xf148a18b,.\common\hints\aku730.rcf,gfc_extracted\./common/hints/aku730.rcf,crc
0x21c0800,122,424,0x5de16a63,.\common\hints\aku740.rcf,gfc_extracted\./common/hints/aku740.rcf,crc
0x21c1000,122,445,0xf31a8633,.\common\hints\aku750.rcf,gfc_extracted\./common/hints/aku750.rcf,crc
0x21c1800,122,527,0x4568efd1,.\common\hints\config.csv,gfc_extracted\./common/hints/config.csv,crc
0x21c2000,122,343,0xdc1b70cb,.\common\hints\uka370.rcf,gfc_extracted\./common/hints/uka370.rcf,crc
0x21c2800,122,298,0x699a53fa,.\common\gfx\sfx\arena2_hhf.csv,gfc_extracted\./common/gfx/sfx/arena2_hhf.csv,crc
0x21c3000,122,54615,0x16b436cd,.\common\hke\tracks\hub2.hke,gfc_extracted\./common/hke/tracks/hub2.hke,crc
0x21c9000,122,980,0x81d197b7,.\common\hud\adv-relic.csv,gfc_extracted\./common/hud/adv-relic.csv,crc
0x21c9800,122,65536,0x309f3366,,gfc_extracted\block_01805\block_01805.bin,content
0x21cb000,122,65536,0xe454af38,,gfc_extracted\block_01806\block_01806.bin,content
0x21cd800,122,65536,0xc3cb1d92,,gfc_extracted\block_01807\block_01807.bin,content
0x21d0800,122,65536,0x69502a32,,gfc_extracted\block_01808\block_01808.bin,content
0x21d7000,122,65536,0x17fb4233,,gfc_extracted\block_01809\block_01809.bin,content
0x21de800,122,65536,0x351f153f,,gfc_extracted\block_01810\block_01810.bin,content
0x21e6000,122,65536,0xfbced8f,,gfc_extracted\block_01811\block_01811.bin,content
0x21ed000,122,65536,0xf1478062,,gfc_extracted\block_01812\block_01812.bin,content
0x21f6000,122,65536,0xdb057b0e,,gfc_extracted\block_01813\block_01813.bin,content
0x21fd000,122,65536,0x45abec5,,gfc_extracted\block_01814\block_01814.bin,content
0x2201800,122,65536,0xb2102110,,gfc_extracted\block_01815\block_01815.bin,content
0x2208800,122,65536,0xa9c7533d,,gfc_extracted\block_01816\block_01816.bin,content
0x2211800,122,65536,0x1bfd73af,,gfc_extracted\block_01817\block_01817.bin,content
0x2217800,122,65536,0xc8a1b31c,,gfc_extracted\block_01818\block_01818.bin,content
0x221e800,122,65536,0xd7aa7e19,,gfc_extracted\block_01819\block_01819.bin,content
0x2224000,122,65536,0x27147308,,gfc_extracted\block_01820\block_01820.bin,content
0x222c000,122,65536,0xbe50720a,,gfc_extracted\block_01821\block_01821.bin,content
0x222f000,122,65536,0xfdf030c1,,gfc_extracted\block_01822\block_01822.bin,content
0x2232800,122,65536,0xb6d0cf9a,,gfc_extracted\block_01823\block_01823.bin,content
0x223c800,122,65536,0x82894ba2,,gfc_extracted\block_01824\block_01824.bin,content
0x2243000,122,65536,0x86bd916f,,gfc_extracted\block_01825\block_01825.bin,content
0x2248800,122,31966,0xc49eb928,,gfc_extracted\block_01826\block_01826.bin,content
0x224a000,122,8018,0xf14cec2c,.\common\gfx\tracks\hub2_levelinfo.igb,gfc_extracted\./common/gfx/tracks/hub2_levelinfo.igb,crc
0x224b000,122,65536,0xeecfa163,,gfc_extracted\block_01828\block_01828.bin,content
0x224d800,122,65536,0xc4813210,,gfc_extracted\block_01829\block_01829.bin,content
0x2256000,122,6174,0xa6aaff9a,,gfc_extracted\block_01830\block_01830.bin,content
0x2257000,122,25462,0xa69130cd,.\common\gfx\sfx\arena1_hhf.csv,gfc_extracted\./common/gfx/sfx/arena1_hhf.csv,crc
0x2259800,122,9884,0x242c7e35,.\ps2\gfx\hints\uka.igb,gfc_extracted\./ps2/gfx/hints/uka.igb,crc
0x225a800,122,12050,0xac39eb86,.\ps2\gfx\hubworld\1.igb,gfc_extracted\./ps2/gfx/hubworld/1.igb,crc
0x225b800,122,10174,0xf50a507f,.\ps2\gfx\hubworld\2.igb,gfc_extracted\./ps2/gfx/hubworld/2.igb,crc
0x225c800,122,10526,0xf4f6f5de,.\ps2\gfx\hubworld\3.igb,gfc_extracted\./ps2/gfx/hubworld/3.igb,crc
0x225d800,122,10626,0xbe58c79d,.\ps2\gfx\hubworld\4.igb,gfc_extracted\./ps2/gfx/hubworld/4.igb,crc
0x225e800,122,10386,0x54df8ee8,.\ps2\gfx\hubworld\5.igb,gfc_extracted\./ps2/gfx/hubworld/5.igb,crc
0x225f800,122,10574,0xbb3eff2d,.\ps2\gfx\hubworld\6.igb,gfc_extracted\./ps2/gfx/hubworld/6.igb,crc
0x2260800,122,11542,0x1eedd415,.\ps2\gfx\hubworld\7.igb,gfc_extracted\./ps2/gfx/hubworld/7.igb,crc
0x2261800,122,10118,0xa9aa0b21,.\ps2\gfx\hubworld\8.igb,gfc_extracted\./ps2/gfx/hubworld/8.igb,crc
0x2262800,122,14018,0xb9441e15,.\ps2\gfx\hubworld\9.igb,gfc_extracted\./ps2/gfx/hubworld/9.igb,crc
0x2264000,122,11470,0xc2a73e62,.\ps2\gfx\hubworld\bars.igb,gfc_extracted\./ps2/gfx/hubworld/bars.igb,crc
0x2265000,122,47240,0x6f129150,.\ps2\gfx\hubworld\bosshead1.igb,gfc_extracted\./ps2/gfx/hubworld/bosshead1.igb,crc
0x2268000,122,65536,0x9ed66ff0,,gfc_extracted\block_01844\block_01844.bin,content
0x2270000,122,6216,0x439781ff,,gfc_extracted\block_01845\block_01845.bin,content
0x2270800,122,65536,0xc52ca45a,,gfc_extracted\block_01846\block_01846.bin,content
0x2277800,122,16664,0x1ba8b063,,gfc_extracted\block_01847\block_01847.bin,content
0x2279800,122,62860,0xb5088483,.\ps2\gfx\hubworld\bosshead4.igb,gfc_extracted\./ps2/gfx/hubworld/bosshead4.igb,crc
0x2280800,122,42548,0x69d53b3a,.\ps2\gfx\hubworld\carousel.igb,gfc_extracted\./ps2/gfx/hubworld/carousel.igb,crc
0x2285800,122,21100,0x5c820ee4,.\ps2\gfx\hubworld\gate.igb,gfc_extracted\./ps2/gfx/hubworld/gate.igb,crc
0x2286800,122,65536,0x39149f36,,gfc_extracted\block_01851\block_01851.bin,content
0x228a800,122,498,0x927c912,,gfc_extracted\block_01852\block_01852.bin,content
0x228b000,122,65536,0x61505265,,gfc_extracted\block_01853\block_01853.bin,content
0x228f000,122,356,0x8296796d,,gfc_extracted\block_01854\block_01854.bin,content
0x228f800,122,25044,0x4ea46053,.\ps2\gfx\hubworld\gems\gem_green.igb,gfc_extracted\./ps2/gfx/hubworld/gems/gem_green.igb,crc
0x2291000,122,25048,0x84c95c11,.\ps2\gfx\hubworld\gems\gem_purple.igb,gfc_extracted\./ps2/gfx/hubworld/gems/gem_purple.igb,crc
0x2292800,122,25048,0x2fe0b81f,.\ps2\gfx\hubworld\gems\gem_red.igb,gfc_extracted\./ps2/gfx/hubworld/gems/gem_red.igb,crc
0x2294000,122,25040,0xf20e84fb,.\ps2\gfx\hubworld\key\key.igb,gfc_extracted\./ps2/gfx/hubworld/key/key.igb,crc
0x2295800,122,29348,0x34753477,.\ps2\gfx\hubworld\relics\relic_gold.igb,gfc_extracted\./ps2/gfx/hubworld/relics/relic_gold.igb,crc
0x2298800,122,20072,0xc3bd4d68,.\ps2\gfx\hubworld\relics\relic_platinum.igb,gfc_extracted\./ps2/gfx/hubworld/relics/relic_platinum.igb,crc
0x229a800,122,20076,0xf2450bcf,.\ps2\gfx\hubworld\relics\relic_sapphire.igb,gfc_extracted\./ps2/gfx/hubworld/relics/relic_sapphire.igb,crc
0x229c800,122,20072,0x28d6c459,.\ps2\gfx\hubworld\scepter.igb,gfc_extracted\./ps2/gfx/hubworld/scepter.igb,crc
0x229e800,122,35998,0x55de3ba7,.\ps2\gfx\hubworld\teleporter.igb,gfc_extracted\./ps2/gfx/hubworld/teleporter.igb,crc
0x22a2000,122,65536,0x3401f4bf,,gfc_extracted\block_01864\block_01864.bin,content
0x22a7000,122,14070,0x1f212541,,gfc_extracted\block_01865\block_01865.bin,content
0x22a8800,122,15882,0xa680b6e9,.\ps2\gfx\hubworld\tokens\token_blue.igb,gfc_extracted\./ps2/gfx/hubworld/tokens/token_blue.igb,crc
0x22aa000,122,22862,0x2e07ebda,.\ps2\gfx\hubworld\tokens\token_green.igb,gfc_extracted\./ps2/gfx/hubworld/tokens/token_green.igb,crc
0x22ad000,122,22862,0xf149922b,.\ps2\gfx\hubworld\tokens\token_purple.igb,gfc_extracted\./ps2/gfx/hubworld/tokens/token_purple.igb,crc
0x22b0000,122,22866,0x797e14c1,.\ps2\gfx\hubworld\tokens\token_red.igb,gfc_extracted\./ps2/gfx/hubworld/tokens/token_red.igb,crc
0x22b3000,122,22858,0xfc8b1139,.\ps2\gfx\hubworld\trophy\trophy.igb,gfc_extracted\./ps2/gfx/hubworld/trophy/trophy.igb,crc
0x22b6000,122,41972,0xd7a5c8a6,.\ps2\gfx\hubworld\veloteleport.igb,gfc_extracted\./ps2/gfx/hubworld/veloteleport.igb,crc
0x22ba000,122,65536,0x807be192,,gfc_extracted\block_01872\block_01872.bin,content
0x22c1000,122,322,0xf1014a27,,gfc_extracted\block_01873\block_01873.bin,content
0x22c1800,122,10194,0x32a5a457,.\ps2\gfx\hud\8-bit_hud.csv,gfc_extracted\./ps2/gfx/hud/8-bit_hud.csv,crc
0x22c2800,122,65536,0xe2a3eb04,,gfc_extracted\block_01875\block_01875.bin,content
0x22cb000,122,63028,0x5815b314,,gfc_extracted\block_01876\block_01876.bin,content
0x22d1800,122,65536,0x386ea9d1,,gfc_extracted\block_01877\block_01877.bin,content
0x22da000,122,65536,0xa36e9a4,,gfc_extracted\block_01878\block_01878.bin,content
0x22e1000,122,436,0x6e1c1509,,gfc_extracted\block_01879\block_01879.bin,content
0x22e1800,122,65536,0x89ff91f1,,gfc_extracted\block_01880\block_01880.bin,content
0x22ea800,122,65536,0xe92289d2,,gfc_extracted\block_01881\block_01881.bin,content
0x22f1800,122,2704,0xd617e53f,,gfc_extracted\block_01882\block_01882.bin,content
0x22f2000,122,65536,0x2690390d,,gfc_extracted\block_01883\block_01883.bin,content
0x22fa800,122,65536,0xe81e7600,,gfc_extracted\block_01884\block_01884.bin,content
0x2301800,122,5468,0xc03cc4d2,,gfc_extracted\block_01885\block_01885.bin,content
0x2302800,122,65536,0x80a23185,,gfc_extracted\block_01886\block_01886.bin,content
0x230b800,122,65536,0x604796b2,,gfc_extracted\block_01887\block_01887.bin,content
0x2312800,122,688,0xcdb4c967,,gfc_extracted\block_01888\block_01888.bin,content
0x2313000,122,65536,0x1d93bb2f,,gfc_extracted\block_01889\block_01889.bin,content
0x231b800,122,65536,0xe3e8209a,,gfc_extracted\block_01890\block_01890.bin,content
0x2322800,122,4468,0x39afbfb4,,gfc_extracted\block_01891\block_01891.bin,content
0x2323000,122,21814,0xa904b52d,.\ps2\gfx\ui\gemg.igb,gfc_extracted\./ps2/gfx/ui/gemg.igb,crc
0x2324800,122,33952,0xacbd4b9b,.\ps2\gfx\ui\gemp.igb,gfc_extracted\./ps2/gfx/ui/gemp.igb,crc
0x2326000,122,21826,0x90351406,.\ps2\gfx\ui\gemr.igb,gfc_extracted\./ps2/gfx/ui/gemr.igb,crc
0x2327800,122,22942,0xbfc384d6,.\ps2\gfx\ui\key.igb,gfc_extracted\./ps2/gfx/ui/key.igb,crc
0x2329000,122,14640,0xbe0206a,.\ps2\gfx\ui\lables\lbtn_2.igb,gfc_extracted\./ps2/gfx/ui/lables/lbtn_2.igb,crc
0x232a000,122,6002,0xe4c291de,.\ps2\gfx\ui\saphire.igb,gfc_extracted\./ps2/gfx/ui/saphire.igb,crc
0x232a800,122,17244,0x8b53e644,.\ps2\gfx\ui\saphire3.igb,gfc_extracted\./ps2/gfx/ui/saphire3.igb,crc
0x232c800,122,17866,0x8903cc22,.\ps2\gfx\ui\scepter.igb,gfc_extracted\./ps2/gfx/ui/scepter.igb,crc
0x232e800,122,58730,0x4969dea9,.\ps2\gfx\ui\small_flag.igb,gfc_extracted\./ps2/gfx/ui/small_flag.igb,crc
0x2333800,122,33900,0x4db9ee7c,.\ps2\gfx\ui\sparky_header.igb,gfc_extracted\./ps2/gfx/ui/sparky_header.igb,crc
0x2338000,122,15762,0x2b52fabb,.\ps2\gfx\ui\sparky\key_blk.igb,gfc_extracted\./ps2/gfx/ui/sparky/key_blk.igb,crc
0x2339000,122,23978,0x5efe7a42,.\ps2\gfx\ui\sparky\saphire_blk.igb,gfc_extracted\./ps2/gfx/ui/sparky/saphire_blk.igb,crc
0x233b000,122,18008,0xdd34b378,.\ps2\gfx\ui\sparky\scepter_blk.igb,gfc_extracted\./ps2/gfx/ui/sparky/scepter_blk.igb,crc
0x233c800,122,32258,0xd737c427,.\ps2\gfx\ui\sparky\token_blk.igb,gfc_extracted\./ps2/gfx/ui/sparky/token_blk.igb,crc
0x233f000,122,12922,0x5d6a7fab,.\ps2\gfx\ui\sparky\trophy_blk.igb,gfc_extracted\./ps2/gfx/ui/sparky/trophy_blk.igb,crc
0x2340000,122,54730,0xe0d4a6f6,.\ps2\gfx\ui\sparky.igb,gfc_extracted\./ps2/gfx/ui/sparky.igb,crc
0x2343800,122,14440,0x28f4ee25,.\ps2\gfx\ui\sparky_header2.igb,gfc_extracted\./ps2/gfx/ui/sparky_header2.igb,crc
0x2344800,122,14440,0xc0bc0f65,.\ps2\gfx\ui\tokenb.igb,gfc_extracted\./ps2/gfx/ui/tokenb.igb,crc
0x2345800,122,44370,0xd3d03ad9,.\ps2\gfx\ui\tokeng.igb,gfc_extracted\./ps2/gfx/ui/tokeng.igb,crc
0x234b800,122,44370,0xf137446b,.\ps2\gfx\ui\tokenp.igb,gfc_extracted\./ps2/gfx/ui/tokenp.igb,crc
0x2352000,122,44370,0x55f16cf5,.\ps2\gfx\ui\tokenr.igb,gfc_extracted\./ps2/gfx/ui/tokenr.igb,crc
0x2358800,122,44370,0xccd88aae,.\ps2\gfx\ui\trkrbns\trkrbn_brn1.igb,gfc_extracted\./ps2/gfx/ui/trkrbns/trkrbn_brn1.igb,crc
0x235f000,122,9280,0xbf4f958a,.\ps2\audio\spcship1.vag,gfc_extracted\./ps2/audio/spcship1.vag,crc
0x2361000,122,7520,0xe1fbe842,.\ps2\audio\steam1.vag,gfc_extracted\./ps2/audio/steam1.vag,crc
0x2363000,122,6896,0x5745a93c,.\ps2\audio\jawdrop.vag,gfc_extracted\./ps2/audio/jawdrop.vag,crc
0x2364800,122,3680,0x28370f06,.\ps2\audio\itemunlk.vag,gfc_extracted\./ps2/audio/itemunlk.vag,crc
0x2365800,122,13792,0xabac577,.\ps2\audio\gatebars.vag,gfc_extracted\./ps2/audio/gatebars.vag,crc
0x2368800,122,13360,0x67ef80e8,.\ps2\audio\warpaway.vag,gfc_extracted\./ps2/audio/warpaway.vag,crc
0x236b800,122,9152,0x31f84a30,.\ps2\audio\gatewarp.vag,gfc_extracted\./ps2/audio/gatewarp.vag,crc
0x236d800,122,16048,0xf7bf47ef,.\ps2\audio\watfall1.vag,gfc_extracted\./ps2/audio/watfall1.vag,crc
0x2371000,122,11664,0xc757c65e,.\ps2\audio\akumsk2.vag,gfc_extracted\./ps2/audio/akumsk2.vag,crc
0x2373800,122,11824,0xdc3a8635,.\ps2\audio\akupoof.vag,gfc_extracted\./ps2/audio/akupoof.vag,crc
0x2376000,122,22848,0x4e8449ff,.\ps2\audio\warpbep1.vag,gfc_extracted\./ps2/audio/warpbep1.vag,crc
0x237b000,122,31600,0xf90fc1cf,.\ps2\audio\gatezap.vag,gfc_extracted\./ps2/audio/gatezap.vag,crc
0x2381800,122,19936,0x6c659c81,.\ps2\audio\gatebeep.vag,gfc_extracted\./ps2/audio/gatebeep.vag,crc
0x2386000,48,67579,0x44eeab31,,gfc_extracted\block_01927\block_01927.png,content
0x2396800,48,67579,0xfb9a39dc,,gfc_extracted\block_01928\block_01928.bin,content
0x23a7000,48,67579,0x860a383,,gfc_extracted\block_01929\block_01929.bin,content
0x23b7800,48,67579,0xde25f486,,gfc_extracted\block_01930\block_01930.bin,content
0x23c8000,48,67579,0x83391ea1,,gfc_extracted\block_01931\block_01931.bin,content
0x23d8800,48,43003,0x49585ca4,,gfc_extracted\block_01932\block_01932.bin,content
0x23e3000,122,3721,0x536baa58,.\common\hints\uka380.rcf,gfc_extracted\./common/hints/uka380.rcf,crc
0x23e4000,122,1403,0xfdfdff8d,.\common\hints\uka390.rcf,gfc_extracted\./common/hints/uka390.rcf,crc
0x23e4800,122,1154,0x7f4689c5,.\common\hints\uka400.rcf,gfc_extracted\./common/hints/uka400.rcf,crc
0x23e5000,122,2466,0xc6221c3e,.\common\hints\uka410.rcf,gfc_extracted\./common/hints/uka410.rcf,crc
0x23e5800,122,2390,0xe6790df7,.\common\hints\uka430.rcf,gfc_extracted\./common/hints/uka430.rcf,crc
0x23e6000,122,1975,0x556fe937,.\common\hints\uka440.rcf,gfc_extracted\./common/hints/uka440.rcf,crc
0x23e6800,122,1060,0x1c2c0285,.\common\hints\uka450.rcf,gfc_extracted\./common/hints/uka450.rcf,crc
0x23e7000,122,867,0xaeaef661,.\common\hints\uka460.rcf,gfc_extracted\./common/hints/uka460.rcf,crc
0x23e7800,122,721,0x442628b6,.\common\hints\uka470.rcf,gfc_extracted\./common/hints/uka470.rcf,crc
0x23e8000,122,679,0x4e658e98,.\common\hints\uka480.rcf,gfc_extracted\./common/hints/uka480.rcf,crc
0x23e8800,122,652,0x244b57f8,.\common\hints\uka490.rcf,gfc_extracted\./common/hints/uka490.rcf,crc
0x23e9000,122,3018,0xc07ab27d,.\common\hints\uka500.rcf,gfc_extracted\./common/hints/uka500.rcf,crc
0x23e9800,122,1893,0xd2eaefbd,.\common\hints\uka510.rcf,gfc_extracted\./common/hints/uka510.rcf,crc
0x23ea000,122,1812,0x789f0e2d,.\common\hints\uka530.rcf,gfc_extracted\./common/hints/uka530.rcf,crc
0x23ea800,122,1407,0x81481d9a,.\common\hints\uka540.rcf,gfc_extracted\./common/hints/uka540.rcf,crc
0x23eb000,122,2525,0xcd129519,.\common\hints\uka550.rcf,gfc_extracted\./common/hints/uka550.rcf,crc
0x23eb800,122,2327,0x3396c83b,.\common\hints\uka560.rcf,gfc_extracted\./common/hints/uka560.rcf,crc
0x23ec000,122,2898,0x597685a2,.\common\hints\uka570.rcf,gfc_extracted\./common/hints/uka570.rcf,crc
0x23ec800,122,2455,0x6404c041,.\common\hints\uka580.rcf,gfc_extracted\./common/hints/uka580.rcf,crc
0x23ed000,122,1888,0x923f9d65,.\common\hints\uka590.rcf,gfc_extracted\./common/hints/uka590.rcf,crc
0x23ed800,122,1938,0xce871d94,.\common\hints\uka600.rcf,gfc_extracted\./common/hints/uka600.rcf,crc
0x23ee000,122,2117,0x198f0887,.\common\hints\uka610.rcf,gfc_extracted\./common/hints/uka610.rcf,crc
0x23ee800,122,2064,0xb4385590,.\common\hints\uka620.rcf,gfc_extracted\./common/hints/uka620.rcf,crc
0x23ef000,122,1619,0x27ab3d0b,.\common\hints\uka630.rcf,gfc_extracted\./common/hints/uka630.rcf,crc
0x23ef800,122,1773,0x2407c316,.\common\hints\uka640.rcf,gfc_extracted\./common/hints/uka640.rcf,crc
0x23f0000,122,900,0x9d0a0929,.\common\hints\uka650.rcf,gfc_extracted\./common/hints/uka650.rcf,crc
0x23f0800,122,1431,0xad74f094,.\common\hints\uka660.rcf,gfc_extracted\./common/hints/uka660.rcf,crc
0x23f1000,122,1504,0xbf467253,.\common\hints\uka670.rcf,gfc_extracted\./common/hints/uka670.rcf,crc
0x23f1800,122,1018,0x55896d7f,.\common\hints\uka680.rcf,gfc_extracted\./common/hints/uka680.rcf,crc
0x23f2000,122,2023,0x62e79ec6,.\common\hints\uka690.rcf,gfc_extracted\./common/hints/uka690.rcf,crc
0x23f2800,122,1657,0xf87350ee,.\common\hints\uka700.rcf,gfc_extracted\./common/hints/uka700.rcf,crc
0x23f3000,122,1970,0x2d8c8f01,.\common\hints\uka710.rcf,gfc_extracted\./common/hints/uka710.rcf,crc
0x23f3800,122,373,0x5c06634e,.\common\hints\uka720.rcf,gfc_extracted\./common/hints/uka720.rcf,crc
0x23f4000,122,331,0x3aa3befc,.\common\hints\uka730.rcf,gfc_extracted\./common/hints/uka730.rcf,crc
0x23f4800,122,530,0x4cc6a0a8,.\common\hints\uka740.rcf,gfc_extracted\./common/hints/uka740.rcf,crc
0x23f5000,122,354,0x26ef80f2,.\common\hints\uka750.rcf,gfc_extracted\./common/hints/uka750.rcf,crc
0x23f5800,122,251,0xe5b4ea22,.\common\hke\tracks\arena1.hke,gfc_extracted\./common/hke/tracks/arena1.hke,crc
0x23f6000,122,65536,0x6c4f2d69,,gfc_extracted\block_01970\block_01970.bin,content
0x23f9000,122,65536,0xb66c71ce,,gfc_extracted\block_01971\block_01971.bin,content
0x2401000,122,21574,0x93c9f11,,gfc_extracted\block_01972\block_01972.bin,content
0x2403800,48,67579,0xbfed57db,,gfc_extracted\block_01973\block_01973.png,content
0x2414000,48,67579,0x4df7f77c,,gfc_extracted\block_01974\block_01974.bin,content
0x2424800,48,67579,0xb5545e99,,gfc_extracted\block_01975\block_01975.bin,content
0x2435000,48,67579,0x1b04f10b,,gfc_extracted\block_01976\block_01976.bin,content
0x2445800,48,67579,0x13ae5802,,gfc_extracted\block_01977\block_01977.bin,content
0x2456000,48,10235,0x2c8ef47,,gfc_extracted\block_01978\block_01978.bin,content
0x2458800,122,463,0x23af710c,.\common\animations\arena3_anims.csv,gfc_extracted\./common/animations/arena3_anims.csv,crc
0x2459000,122,132,0x2b5b13b0,.\common\animations\arena4_anims.csv,gfc_extracted\./common/animations/arena4_anims.csv,crc
0x2459800,122,177,0x7eda2c7e,.\common\animations\arena5_anims.csv,gfc_extracted\./common/animations/arena5_anims.csv,crc
0x245a000,122,181,0x9bebdc62,.\common\animations\barin1_anims.csv,gfc_extracted\./common/animations/barin1_anims.csv,crc
0x245a800,122,109,0x7a15e1f0,.\common\animations\earth1_anims.csv,gfc_extracted\./common/animations/earth1_anims.csv,crc
0x245b000,122,894,0xb8f2edeb,.\common\animations\velorace_anim_sounds.csv,gfc_extracted\./common/animations/velorace_anim_sounds.csv,crc
0x245b800,122,631,0x7b73e07e,.\common\arenaeditor\itemssettings.csv,gfc_extracted\./common/arenaeditor/itemssettings.csv,crc
0x245c000,122,207,0xb0a238fc,.\common\audio\arena1_3devents.csv,gfc_extracted\./common/audio/arena1_3devents.csv,crc
0x245c800,122,300,0x1f6e3b33,.\common\audio\arena1_envpointsounds.csv,gfc_extracted\./common/audio/arena1_envpointsounds.csv,crc
0x245d000,122,299,0x876cf58,.\common\audio\arena1_envtubesounds.csv,gfc_extracted\./common/audio/arena1_envtubesounds.csv,crc
0x245d800,122,318,0xcf588c1b,.\common\audio\arena1_listenerregions.csv,gfc_extracted\./common/audio/arena1_listenerregions.csv,crc
0x245e000,48,2043,0x50c8e6a0,,gfc_extracted\block_01990\block_01990.csv,content
0x245e800,122,207,0xb1ff1e2d,.\common\audio\arena2_3devents.csv,gfc_extracted\./common/audio/arena2_3devents.csv,crc
0x245f000,122,300,0xb0289355,.\common\audio\arena2_envpointsounds.csv,gfc_extracted\./common/audio/arena2_envpointsounds.csv,crc
0x245f800,122,299,0x92be989,.\common\audio\arena2_envtubesounds.csv,gfc_extracted\./common/audio/arena2_envtubesounds.csv,crc
0x2460000,122,318,0x490f5b5a,.\common\audio\arena2_listenerregions.csv,gfc_extracted\./common/audio/arena2_listenerregions.csv,crc
0x2460800,48,2043,0xd490a9c2,,gfc_extracted\block_01995\block_01995.csv,content
0x2461000,122,207,0x7e4fe5d,.\common\audio\arena3_3devents.csv,gfc_extracted\./common/audio/arena3_3devents.csv,crc
0x2461800,122,300,0xd5150b77,.\common\audio\arena3_envpointsounds.csv,gfc_extracted\./common/audio/arena3_envpointsounds.csv,crc
0x2462000,122,299,0xbf3009f9,.\common\audio\arena3_envtubesounds.csv,gfc_extracted\./common/audio/arena3_envtubesounds.csv,crc
0x2462800,122,318,0x34c21665,.\common\audio\arena3_listenerregions.csv,gfc_extracted\./common/audio/arena3_listenerregions.csv,crc
0x2463000,48,2043,0x1e779123,,gfc_extracted\block_02000\block_02000.csv,content
0x2463800,122,207,0xb345538f,.\common\audio\arena4_3devents.csv,gfc_extracted\./common/audio/arena4_3devents.csv,crc
0x2464000,122,300,0x35d4c5d8,.\common\audio\arena4_envpointsounds.csv,gfc_extracted\./common/audio/arena4_envpointsounds.csv,crc
0x2464800,122,299,0xb91a42b,.\common\audio\arena4_envtubesounds.csv,gfc_extracted\./common/audio/arena4_envtubesounds.csv,crc
0x2465000,122,318,0x9ed1f399,.\common\audio\arena4_listenerregions.csv,gfc_extracted\./common/audio/arena4_listenerregions.csv,crc
0x2465800,48,2043,0x7513147,,gfc_extracted\block_02005\block_02005.csv,content
0x2466000,122,207,0x55eb3ff,.\common\audio\arena5_3devents.csv,gfc_extracted\./common/audio/arena5_3devents.csv,crc
0x2466800,122,355,0xda8fdaf7,.\common\audio\arena5_envpointsounds.csv,gfc_extracted\./common/audio/arena5_envpointsounds.csv,crc
0x2467000,122,299,0xbd8a445b,.\common\audio\arena5_envtubesounds.csv,gfc_extracted\./common/audio/arena5_envtubesounds.csv,crc
0x2467800,122,318,0xe31cbea6,.\common\audio\arena5_listenerregions.csv,gfc_extracted\./common/audio/arena5_listenerregions.csv,crc
0x2468000,48,2043,0xcdb609a6,,gfc_extracted\block_02010\block_02010.csv,content
0x2468800,122,207,0x403952e,.\common\audio\arena6_3devents.csv,gfc_extracted\./common/audio/arena6_3devents.csv,crc
0x2469000,122,300,0xffaff59c,.\common\audio\arena6_envpointsounds.csv,gfc_extracted\./common/audio/arena6_envpointsounds.csv,crc
0x2469800,122,299,0xbcd7628a,.\common\audio\arena6_envtubesounds.csv,gfc_extracted\./common/audio/arena6_envtubesounds.csv,crc
0x246a000,122,318,0x654b69e7,.\common\audio\arena6_listenerregions.csv,gfc_extracted\./common/audio/arena6_listenerregions.csv,crc
0x246a800,48,2043,0x49ee46c4,,gfc_extracted\block_02015\block_02015.csv,content
0x246b000,122,207,0xb218755e,.\common\audio\arena7_3devents.csv,gfc_extracted\./common/audio/arena7_3devents.csv,crc
0x246b800,122,300,0x9a926dbe,.\common\audio\arena7_envpointsounds.csv,gfc_extracted\./common/audio/arena7_envpointsounds.csv,crc
0x246c000,122,299,0xacc82fa,.\common\audio\arena7_envtubesounds.csv,gfc_extracted\./common/audio/arena7_envtubesounds.csv,crc
0x246c800,122,318,0x188624d8,.\common\audio\arena7_listenerregions.csv,gfc_extracted\./common/audio/arena7_listenerregions.csv,crc
0x246d000,48,2043,0x83097e25,,gfc_extracted\block_02020\block_02020.csv,content
0x246d800,122,367,0x42612727,.\common\audio\barin1_2devents.csv,gfc_extracted\./common/audio/barin1_2devents.csv,crc
0x246e000,122,446,0x5a309bf0,.\common\audio\citadel_3devents.csv,gfc_extracted\./common/audio/citadel_3devents.csv,crc
0x246e800,122,904,0xf598539,.\common\audio\citadel_envpointsounds.csv,gfc_extracted\./common/audio/citadel_envpointsounds.csv,crc
0x246f000,122,3388,0x37ded24e,.\common\audio\citadel_envtubesounds.csv,gfc_extracted\./common/audio/citadel_envtubesounds.csv,crc
0x246f800,122,319,0x5416f8f9,.\common\audio\citadel_listenerregions.csv,gfc_extracted\./common/audio/citadel_listenerregions.csv,crc
0x2470000,48,2043,0x9c4609cc,,gfc_extracted\block_02026\block_02026.csv,content
0x2470800,122,447,0xb337ce20,.\common\audio\hub1_3devents.csv,gfc_extracted\./common/audio/hub1_3devents.csv,crc
0x2471000,122,904,0xf598539,.\common\audio\citadel_envpointsounds.csv,gfc_extracted\./common/audio/citadel_envpointsounds.csv,crc
0x2471800,122,837,0x5ad8e089,.\common\audio\hub2_envtubesounds.csv,gfc_extracted\./common/audio/hub2_envtubesounds.csv,crc
0x2472000,122,316,0xcea199b3,.\common\audio\hub2_listenerregions.csv,gfc_extracted\./common/audio/hub2_listenerregions.csv,crc
0x2472800,48,2043,0x9660bf54,,gfc_extracted\block_02031\block_02031.csv,content
0x2473000,122,447,0xa0125cbb,.\common\audio\hub3_3devents.csv,gfc_extracted\./common/audio/hub3_3devents.csv,crc
0x2473800,122,904,0xc31e301,.\common\audio\hub3_envpointsounds.csv,gfc_extracted\./common/audio/hub3_envpointsounds.csv,crc
0x2474000,122,537,0x57de85fe,.\common\audio\hub3_envtubesounds.csv,gfc_extracted\./common/audio/hub3_envtubesounds.csv,crc
0x2474800,122,725,0xfcab8b18,.\common\audio\hub3_listenerregions.csv,gfc_extracted\./common/audio/hub3_listenerregions.csv,crc
0x2475000,48,2043,0xf9070f80,,gfc_extracted\block_02036\block_02036.csv,content
0x2475800,122,447,0xa0125cbb,.\common\audio\hub3_3devents.csv,gfc_extracted\./common/audio/hub3_3devents.csv,crc
0x2476000,122,904,0xc31e301,.\common\audio\hub3_envpointsounds.csv,gfc_extracted\./common/audio/hub3_envpointsounds.csv,crc
0x2476800,122,1377,0x7783a40a,.\common\audio\hub4_envtubesounds.csv,gfc_extracted\./common/audio/hub4_envtubesounds.csv,crc
0x2477000,122,316,0x197f3170,.\common\audio\hub4_listenerregions.csv,gfc_extracted\./common/audio/hub4_listenerregions.csv,crc
0x2477800,48,2043,0x2e401bed,,gfc_extracted\block_02041\block_02041.csv,content
0x2478000,122,453,0x71c5325f,.\common\audio\lobby_3devents.csv,gfc_extracted\./common/audio/lobby_3devents.csv,crc
0x2478800,122,904,0xc31e301,.\common\audio\hub3_envpointsounds.csv,gfc_extracted\./common/audio/hub3_envpointsounds.csv,crc
0x2479000,122,299,0x876cf58,.\common\audio\arena1_envtubesounds.csv,gfc_extracted\./common/audio/arena1_envtubesounds.csv,crc
0x2479800,122,318,0xcf588c1b,.\common\audio\arena1_listenerregions.csv,gfc_extracted\./common/audio/arena1_listenerregions.csv,crc
0x247a000,48,2043,0x50c8e6a0,,gfc_extracted\block_02046\block_02046.csv,content
0x247a800,122,208,0xcaaa3658,.\common\audio\teknee3_3devents.csv,gfc_extracted\./common/audio/teknee3_3devents.csv,crc
0x247b000,122,593,0x854ecbab,.\common\audio\velorace_envpointsounds.csv,gfc_extracted\./common/audio/velorace_envpointsounds.csv,crc
0x247b800,122,4055,0xeeb8d83c,.\common\audio\velorace_envtubesounds.csv,gfc_extracted\./common/audio/velorace_envtubesounds.csv,crc
0x247c000,122,319,0x690e47bc,.\common\audio\velorace_listenerregions.csv,gfc_extracted\./common/audio/velorace_listenerregions.csv,crc
0x247c800,48,2043,0x8fbb9b8f,,gfc_extracted\block_02051\block_02051.csv,content
0x247d000,122,325,0x4fb43456,.\common\dda\adviser1_rubberbanding.csv,gfc_extracted\./common/dda/adviser1_rubberbanding.csv,crc
0x247d800,122,2414,0x39373927,.\common\dda\adviser1_weaponselectionandusage.csv,gfc_extracted\./common/dda/adviser1_weaponselectionandusage.csv,crc
0x247e000,122,1068,0xf2b7963a,.\common\dda\adviser2_pathselection.csv,gfc_extracted\./common/dda/adviser2_pathselection.csv,crc
0x247e800,122,322,0x7f9c9f2c,.\common\dda\adviser2_rubberbanding.csv,gfc_extracted\./common/dda/adviser2_rubberbanding.csv,crc
0x247f000,122,2414,0x39373927,.\common\dda\adviser1_weaponselectionandusage.csv,gfc_extracted\./common/dda/adviser1_weaponselectionandusage.csv,crc
0x247f800,122,1003,0xb768be0e,.\common\dda\aikartsettings.csv,gfc_extracted\./common/dda/aikartsettings.csv,crc
0x2480000,122,324,0xa3b2508b,.\common\dda\bignorm_rubberbanding.csv,gfc_extracted\./common/dda/bignorm_rubberbanding.csv,crc
0x2480800,122,2415,0xb7fb4f76,.\common\dda\bignorm_weaponselectionandusage.csv,gfc_extracted\./common/dda/bignorm_weaponselectionandusage.csv,crc
0x2481000,122,1741,0xa903f535,.\common\dda\buddyrubberbanding.csv,gfc_extracted\./common/dda/buddyrubberbanding.csv,crc
0x2481800,122,107,0xf69e5f0f,.\common\dda\kongo_pathselection.csv,gfc_extracted\./common/dda/kongo_pathselection.csv,crc
0x2482000,122,323,0x224298d1,.\common\dda\kongo_rubberbanding.csv,gfc_extracted\./common/dda/kongo_rubberbanding.csv,crc
0x2482800,122,2443,0xf64c03df,.\common\dda\kongo_weaponselectionandusage.csv,gfc_extracted\./common/dda/kongo_weaponselectionandusage.csv,crc
0x2483000,122,1998,0xa57b82ae,.\common\dda\nash_pathselection.csv,gfc_extracted\./common/dda/nash_pathselection.csv,crc
0x2483800,122,323,0x9d2c6853,.\common\dda\nash_rubberbanding.csv,gfc_extracted\./common/dda/nash_rubberbanding.csv,crc
0x2484000,122,2443,0x12bd8999,.\common\dda\nash_weaponselectionandusage.csv,gfc_extracted\./common/dda/nash_weaponselectionandusage.csv,crc
0x2484800,122,2901,0x825b2afe,.\common\dda\norm_pathselection.csv,gfc_extracted\./common/dda/norm_pathselection.csv,crc
0x2485000,122,322,0x78247682,.\common\dda\norm_rubberbanding.csv,gfc_extracted\./common/dda/norm_rubberbanding.csv,crc
0x2485800,122,2443,0xd5703e28,.\common\dda\norm_weaponselectionandusage.csv,gfc_extracted\./common/dda/norm_weaponselectionandusage.csv,crc
0x2486000,122,839,0xea47a152,.\common\dda\otto_pathselection.csv,gfc_extracted\./common/dda/otto_pathselection.csv,crc
0x2486800,122,322,0x78247682,.\common\dda\norm_rubberbanding.csv,gfc_extracted\./common/dda/norm_rubberbanding.csv,crc
0x2487000,122,2443,0xec0220b6,.\common\dda\otto_weaponselectionandusage.csv,gfc_extracted\./common/dda/otto_weaponselectionandusage.csv,crc
0x2487800,122,832,0x83da23f5,.\common\dda\pathselection.csv,gfc_extracted\./common/dda/pathselection.csv,crc
0x2488000,122,18757,0x9d715d89,.\common\dda\playerweaponselection_boss.csv,gfc_extracted\./common/dda/playerweaponselection_boss.csv,crc
0x2488800,122,19156,0xa3efda15,.\common\dda\rubberbanding.csv,gfc_extracted\./common/dda/rubberbanding.csv,crc
0x2489000,122,325,0x4fb43456,.\common\dda\adviser1_rubberbanding.csv,gfc_extracted\./common/dda/adviser1_rubberbanding.csv,crc
0x2489800,122,2414,0xf3ccce42,.\common\dda\scrubber1_weaponselectionandusage.csv,gfc_extracted\./common/dda/scrubber1_weaponselectionandusage.csv,crc
0x248a000,122,1099,0x7cf67c23,.\common\dda\scrubber2_pathselection.csv,gfc_extracted\./common/dda/scrubber2_pathselection.csv,crc
0x248a800,122,322,0x7f9c9f2c,.\common\dda\adviser2_rubberbanding.csv,gfc_extracted\./common/dda/adviser2_rubberbanding.csv,crc
0x248b000,122,2414,0x94debfdf,.\common\dda\scrubber2_weaponselectionandusage.csv,gfc_extracted\./common/dda/scrubber2_weaponselectionandusage.csv,crc
0x248b800,122,937,0xf04fcbd5,.\common\dda\velo_pathselection.csv,gfc_extracted\./common/dda/velo_pathselection.csv,crc
0x248c000,122,322,0x78247682,.\common\dda\norm_rubberbanding.csv,gfc_extracted\./common/dda/norm_rubberbanding.csv,crc
0x248c800,122,2443,0x7185b009,.\common\dda\velo_weaponselectionandusage.csv,gfc_extracted\./common/dda/velo_weaponselectionandusage.csv,crc
0x248d000,122,890,0x6e93ebd5,.\common\dda\wumpacrateai.csv,gfc_extracted\./common/dda/wumpacrateai.csv,crc
0x248d800,122,28211,0x6a667ffd,.\common\fonts\alphadance.csv,gfc_extracted\./common/fonts/alphadance.csv,crc
0x2494800,122,4152,0xdfa06418,.\common\fonts\bane.csv,gfc_extracted\./common/fonts/bane.csv,crc
0x2495000,122,4336,0x26e6d97b,.\common\gameprogression\adventurecup.csv,gfc_extracted\./common/gameprogression/adventurecup.csv,crc
0x2495800,122,37796,0x40788b8a,.\common\gfx\extanim\earth1-anim-cam.igb,gfc_extracted\./common/gfx/extanim/earth1-anim-cam.igb,crc
0x249b000,122,20140,0x4dc90770,.\common\gfx\extanim\velorace-anim-cam.igb,gfc_extracted\./common/gfx/extanim/velorace-anim-cam.igb,crc
0x249d800,122,19140,0xb56fe640,.\common\gfx\hints\boom.igb,gfc_extracted\./common/gfx/hints/boom.igb,crc
0x24a0000,122,298,0x699a53fa,.\common\gfx\sfx\arena2_hhf.csv,gfc_extracted\./common/gfx/sfx/arena2_hhf.csv,crc
0x24a0800,122,298,0x699a53fa,.\common\gfx\sfx\arena2_hhf.csv,gfc_extracted\./common/gfx/sfx/arena2_hhf.csv,crc
0x24a1000,122,298,0x699a53fa,.\common\gfx\sfx\arena2_hhf.csv,gfc_extracted\./common/gfx/sfx/arena2_hhf.csv,crc
0x24a1800,122,298,0x699a53fa,.\common\gfx\sfx\arena2_hhf.csv,gfc_extracted\./common/gfx/sfx/arena2_hhf.csv,crc
0x24a2000,122,298,0x699a53fa,.\common\gfx\sfx\arena2_hhf.csv,gfc_extracted\./common/gfx/sfx/arena2_hhf.csv,crc
0x24a2800,122,296,0x5e711df0,.\common\gfx\sfx\hub3_hhf.csv,gfc_extracted\./common/gfx/sfx/hub3_hhf.csv,crc
0x24a3000,122,298,0x699a53fa,.\common\gfx\sfx\arena2_hhf.csv,gfc_extracted\./common/gfx/sfx/arena2_hhf.csv,crc
0x24a3800,122,298,0x699a53fa,.\common\gfx\sfx\arena2_hhf.csv,gfc_extracted\./common/gfx/sfx/arena2_hhf.csv,crc
0x24a4000,122,298,0x699a53fa,.\common\gfx\sfx\arena2_hhf.csv,gfc_extracted\./common/gfx/sfx/arena2_hhf.csv,crc
0x24a4800,122,1148,0x9d8187c3,.\common\gfx\shaders\additivebillboard.int,gfc_extracted\./common/gfx/shaders/additivebillboard.int,crc
0x24a5000,122,779,0x826509e1,.\common\gfx\shaders\commonshaderobjects.ini,gfc_extracted\./common/gfx/shaders/commonshaderobjects.ini,crc
0x24a5800,122,6190,0x667a8bbb,.\common\gfx\shaders\ether.vim,gfc_extracted\./common/gfx/shaders/ether.vim,crc
0x24a6000,122,3348,0x4d993c23,.\common\gfx\shaders\interpolateimage.psh,gfc_extracted\./common/gfx/shaders/interpolateimage.psh,crc
0x24a6800,122,89,0x71a4e748,.\common\gfx\shaders\interpolateimage1-4.psh,gfc_extracted\./common/gfx/shaders/interpolateimage1-4.psh,crc
0x24a7000,122,89,0xd4ac6e,.\common\gfx\shaders\interpolateimage2-0.psh,gfc_extracted\./common/gfx/shaders/interpolateimage2-0.psh,crc
0x24a7800,122,150,0xef4d3145,.\common\gfx\shaders\texturetransformmovie.asd,gfc_extracted\./common/gfx/shaders/texturetransformmovie.asd,crc
0x24a8000,122,6907,0x6ac8503,.\common\gfx\shaders\texturetransformmovie.cfg,gfc_extracted\./common/gfx/shaders/texturetransformmovie.cfg,crc
0x24a8800,122,1435,0x2483985c,.\common\gfx\shaders\texturetransformmovie.int,gfc_extracted\./common/gfx/shaders/texturetransformmovie.int,crc
0x24a9000,122,858,0x183b7392,.\common\gfx\tracks\advcry_arena1_levelinfo.igb,gfc_extracted\./common/gfx/tracks/advcry_arena1_levelinfo.igb,crc
0x24a9800,122,6976,0x49c46d5c,.\common\gfx\tracks\advcry_arena2_levelinfo.igb,gfc_extracted\./common/gfx/tracks/advcry_arena2_levelinfo.igb,crc
0x24aa800,122,13388,0xdb806739,.\common\gfx\tracks\advcry_arena3_levelinfo.igb,gfc_extracted\./common/gfx/tracks/advcry_arena3_levelinfo.igb,crc
0x24ac000,122,11778,0x89bdb4c8,.\common\gfx\tracks\advcry_arena4_levelinfo.igb,gfc_extracted\./common/gfx/tracks/advcry_arena4_levelinfo.igb,crc
0x24ad000,122,12984,0xad8b832b,.\common\gfx\tracks\advcry_arena5_levelinfo.igb,gfc_extracted\./common/gfx/tracks/advcry_arena5_levelinfo.igb,crc
0x24ae800,122,14964,0xd37a917a,.\common\gfx\tracks\arena1_levelinfo.igb,gfc_extracted\./common/gfx/tracks/arena1_levelinfo.igb,crc
0x24b0000,122,9452,0xf1c44b3d,.\common\gfx\tracks\arena2_levelinfo.igb,gfc_extracted\./common/gfx/tracks/arena2_levelinfo.igb,crc
0x24b1000,122,14418,0xab8485fe,.\common\gfx\tracks\arena3_levelinfo.igb,gfc_extracted\./common/gfx/tracks/arena3_levelinfo.igb,crc
0x24b2800,122,11330,0xffb8abb8,.\common\gfx\tracks\arena4_levelinfo.igb,gfc_extracted\./common/gfx/tracks/arena4_levelinfo.igb,crc
0x24b3800,122,12684,0x2e03054,.\common\gfx\tracks\arena5_levelinfo.igb,gfc_extracted\./common/gfx/tracks/arena5_levelinfo.igb,crc
0x24b4800,122,15640,0x22888ea5,.\common\gfx\tracks\barin1_levelinfo.igb,gfc_extracted\./common/gfx/tracks/barin1_levelinfo.igb,crc
0x24b6000,122,1438,0x621bd02a,.\common\gfx\tracks\barin2_levelinfo.igb,gfc_extracted\./common/gfx/tracks/barin2_levelinfo.igb,crc
0x24b6800,122,1428,0xe51e7cb2,.\common\gfx\tracks\barin3_levelinfo.igb,gfc_extracted\./common/gfx/tracks/barin3_levelinfo.igb,crc
0x24b7000,122,1952,0xc5d9d12b,.\common\gfx\tracks\boss_barin3_levelinfo.igb,gfc_extracted\./common/gfx/tracks/boss_barin3_levelinfo.igb,crc
0x24b7800,122,39396,0x152edcda,.\common\gfx\tracks\boss_barin3_levelinfo_ranking.csv,gfc_extracted\./common/gfx/tracks/boss_barin3_levelinfo_ranking.csv,crc
0x24bd800,122,1952,0xc5d9d12b,.\common\gfx\tracks\boss_barin3_levelinfo.igb,gfc_extracted\./common/gfx/tracks/boss_barin3_levelinfo.igb,crc
0x24be000,122,24416,0x764d309c,.\common\gfx\tracks\boss_earth2_levelinfo_ranking.csv,gfc_extracted\./common/gfx/tracks/boss_earth2_levelinfo_ranking.csv,crc
0x24c1800,122,1179,0xbb33eaa0,.\common\gfx\tracks\boss_fenom1_levelinfo.igb,gfc_extracted\./common/gfx/tracks/boss_fenom1_levelinfo.igb,crc
0x24c2000,122,34490,0xfd3c2345,.\common\gfx\tracks\boss_fenom1_levelinfo_ranking.csv,gfc_extracted\./common/gfx/tracks/boss_fenom1_levelinfo_ranking.csv,crc
0x24c7000,122,1772,0x17fa593f,.\common\gfx\tracks\boss_teknee2_levelinfo.igb,gfc_extracted\./common/gfx/tracks/boss_teknee2_levelinfo.igb,crc
0x24c7800,122,41866,0x2b2eafe0,.\common\gfx\tracks\boss_teknee2_levelinfo_ranking.csv,gfc_extracted\./common/gfx/tracks/boss_teknee2_levelinfo_ranking.csv,crc
0x24cd800,122,2542,0x11dd485b,.\common\gfx\tracks\boss_velorace_levelinfo.igb,gfc_extracted\./common/gfx/tracks/boss_velorace_levelinfo.igb,crc
0x24ce000,122,46476,0xda2d84a9,.\common\gfx\tracks\boss_velorace_levelinfo_ranking.csv,gfc_extracted\./common/gfx/tracks/boss_velorace_levelinfo_ranking.csv,crc
0x24d5000,122,2988,0x867dc1f8,.\common\gfx\tracks\citadel_levelinfo.igb,gfc_extracted\./common/gfx/tracks/citadel_levelinfo.igb,crc
0x24d5800,122,8506,0xa38e5f96,.\common\gfx\tracks\earth1_levelinfo.igb,gfc_extracted\./common/gfx/tracks/earth1_levelinfo.igb,crc
0x24d6800,122,1223,0x63e79140,.\common\gfx\tracks\earth2_levelinfo.igb,gfc_extracted\./common/gfx/tracks/earth2_levelinfo.igb,crc
0x24d7000,122,1182,0xc8557b71,.\common\gfx\tracks\earth3_levelinfo.igb,gfc_extracted\./common/gfx/tracks/earth3_levelinfo.igb,crc
0x24d7800,122,1278,0xcea326d7,.\common\gfx\tracks\fenom1_levelinfo.igb,gfc_extracted\./common/gfx/tracks/fenom1_levelinfo.igb,crc
0x24d8000,122,1774,0x49075598,.\common\gfx\tracks\fenom2_levelinfo.igb,gfc_extracted\./common/gfx/tracks/fenom2_levelinfo.igb,crc
0x24d8800,122,1767,0xb704ae03,.\common\gfx\tracks\fenom3_levelinfo.igb,gfc_extracted\./common/gfx/tracks/fenom3_levelinfo.igb,crc
0x24d9000,122,2491,0x102fbb5f,.\common\gfx\tracks\hub1_levelinfo.igb,gfc_extracted\./common/gfx/tracks/hub1_levelinfo.igb,crc
0x24d9800,122,8360,0x34597ca2,.\common\gfx\tracks\hub3_levelinfo.igb,gfc_extracted\./common/gfx/tracks/hub3_levelinfo.igb,crc
0x24da800,122,7584,0x714bd609,.\common\gfx\tracks\hub4_levelinfo.igb,gfc_extracted\./common/gfx/tracks/hub4_levelinfo.igb,crc
0x24db800,122,7806,0x7525babc,.\common\gfx\tracks\hub5_levelinfo.igb,gfc_extracted\./common/gfx/tracks/hub5_levelinfo.igb,crc
0x24dc800,122,4812,0x22fe006a,.\common\gfx\tracks\lobby_levelinfo.igb,gfc_extracted\./common/gfx/tracks/lobby_levelinfo.igb,crc
0x24dd000,122,4460,0x7b70eafb,.\common\gfx\tracks\teknee1_levelinfo.igb,gfc_extracted\./common/gfx/tracks/teknee1_levelinfo.igb,crc
0x24dd800,122,1532,0xde4cf67d,.\common\gfx\tracks\teknee2_levelinfo.igb,gfc_extracted\./common/gfx/tracks/teknee2_levelinfo.igb,crc
0x24de000,122,2542,0x11dd485b,.\common\gfx\tracks\boss_velorace_levelinfo.igb,gfc_extracted\./common/gfx/tracks/boss_velorace_levelinfo.igb,crc
0x24de800,122,2992,0x3cd8cdb,.\common\gfx\tracks\test0_levelinfo.igb,gfc_extracted\./common/gfx/tracks/test0_levelinfo.igb,crc
0x24df000,122,5233,0xf5a048d1,.\common\gfx\tracks\velorace_levelinfo.igb,gfc_extracted\./common/gfx/tracks/velorace_levelinfo.igb,crc
0x24df800,122,46476,0xaed79cda,.\common\gfx\tracks\velorace_levelinfo_ranking.csv,gfc_extracted\./common/gfx/tracks/velorace_levelinfo_ranking.csv,crc
0x24e6800,122,2988,0x867dc1f8,.\common\gfx\tracks\citadel_levelinfo.igb,gfc_extracted\./common/gfx/tracks/citadel_levelinfo.igb,crc
0x24e7000,122,16404,0xe7b6c945,.\common\ghost\ghost10-ntropy.gst,gfc_extracted\./common/ghost/ghost10-ntropy.gst,crc
0x24e9800,122,65536,0x9e86e631,,gfc_extracted\block_02152\block_02152.bin,content
0x24ef800,122,65536,0xdf6205c1,,gfc_extracted\block_02153\block_02153.bin,content
0x24f7000,122,65536,0x37200eb6,,gfc_extracted\block_02154\block_02154.bin,content
0x24ff000,122,65536,0x3d226698,,gfc_extracted\block_02155\block_02155.bin,content
0x2506000,122,65536,0xd7978eeb,,gfc_extracted\block_02156\block_02156.bin,content
0x2506800,122,56332,0x32f91f35,,gfc_extracted\block_02157\block_02157.bin,content
0x2507000,122,65536,0x8b31c3a7,,gfc_extracted\block_02158\block_02158.bin,content
0x250c800,122,65536,0xa6138ee2,,gfc_extracted\block_02159\block_02159.bin,content
0x2514000,122,65536,0x36ac9d0a,,gfc_extracted\block_02160\block_02160.bin,content
0x251c000,122,65536,0x2de460d9,,gfc_extracted\block_02161\block_02161.bin,content
0x2521000,122,65536,0xd7978eeb,,gfc_extracted\block_02162\block_02162.bin,content
0x2521800,122,56332,0x32f91f35,,gfc_extracted\block_02163\block_02163.bin,content
0x2522000,122,65536,0x10e5c2b7,,gfc_extracted\block_02164\block_02164.bin,content
0x2527000,122,65536,0x959813b1,,gfc_extracted\block_02165\block_02165.bin,content
0x252e000,122,65536,0xe7e6cd99,,gfc_extracted\block_02166\block_02166.bin,content
0x2536000,122,65536,0x6a16003a,,gfc_extracted\block_02167\block_02167.bin,content
0x2539000,122,65536,0xd7978eeb,,gfc_extracted\block_02168\block_02168.bin,content
0x2539800,122,56332,0x32f91f35,,gfc_extracted\block_02169\block_02169.bin,content
0x253a000,122,65536,0x6d2f34f4,,gfc_extracted\block_02170\block_02170.bin,content
0x253e000,122,65536,0x335f9be0,,gfc_extracted\block_02171\block_02171.bin,content
0x2545000,122,65536,0x2bcba88d,,gfc_extracted\block_02172\block_02172.bin,content
0x254d000,122,65536,0x80d6822a,,gfc_extracted\block_02173\block_02173.bin,content
0x254d800,122,65536,0xd7978eeb,,gfc_extracted\block_02174\block_02174.bin,content
0x254e000,122,56332,0x32f91f35,,gfc_extracted\block_02175\block_02175.bin,content
0x254e800,122,65536,0xe84f88f6,,gfc_extracted\block_02176\block_02176.bin,content
0x2554800,122,65536,0x6e561c3c,,gfc_extracted\block_02177\block_02177.bin,content
0x255b800,122,65536,0x9f191dd4,,gfc_extracted\block_02178\block_02178.bin,content
0x2563800,122,65536,0x7f8b2457,,gfc_extracted\block_02179\block_02179.bin,content
0x256a800,122,65536,0xd7978eeb,,gfc_extracted\block_02180\block_02180.bin,content
0x256b000,122,56332,0x32f91f35,,gfc_extracted\block_02181\block_02181.bin,content
0x256b800,122,65536,0xfc54ca8b,,gfc_extracted\block_02182\block_02182.bin,content
0x2570800,122,65536,0x1b1cef71,,gfc_extracted\block_02183\block_02183.bin,content
0x2577800,122,65536,0xddce7adf,,gfc_extracted\block_02184\block_02184.bin,content
0x257f800,122,65536,0x26a5b8d4,,gfc_extracted\block_02185\block_02185.bin,content
0x2583800,122,65536,0xd7978eeb,,gfc_extracted\block_02186\block_02186.bin,content
0x2584000,122,56332,0x32f91f35,,gfc_extracted\block_02187\block_02187.bin,content
0x2584800,122,65536,0xa5822155,,gfc_extracted\block_02188\block_02188.bin,content
0x258b800,122,65536,0xb806edf2,,gfc_extracted\block_02189\block_02189.bin,content
0x2593000,122,65536,0x3787cb1a,,gfc_extracted\block_02190\block_02190.bin,content
0x259b000,122,65536,0x4a5dd275,,gfc_extracted\block_02191\block_02191.bin,content
0x25a3000,122,65536,0x7970249d,,gfc_extracted\block_02192\block_02192.bin,content
0x25a7000,122,56332,0x32f91f35,,gfc_extracted\block_02193\block_02193.bin,content
0x25a7800,122,65536,0xdefc895f,,gfc_extracted\block_02194\block_02194.bin,content
0x25ad800,122,65536,0xd89649a2,,gfc_extracted\block_02195\block_02195.bin,content
0x25b5000,122,65536,0x402f099a,,gfc_extracted\block_02196\block_02196.bin,content
0x25bd800,122,65536,0x7b07e833,,gfc_extracted\block_02197\block_02197.bin,content
0x25c5800,122,65536,0x276169d4,,gfc_extracted\block_02198\block_02198.bin,content
0x25c6000,122,56332,0x32f91f35,,gfc_extracted\block_02199\block_02199.bin,content
0x25c6800,122,65536,0x64aa61e1,,gfc_extracted\block_02200\block_02200.bin,content
0x25ca000,122,65536,0x5a4fee9a,,gfc_extracted\block_02201\block_02201.bin,content
0x25d1000,122,65536,0xad86927d,,gfc_extracted\block_02202\block_02202.bin,content
0x25d5800,122,65536,0xd7978eeb,,gfc_extracted\block_02203\block_02203.bin,content
0x25d6000,122,65536,0xd7978eeb,,gfc_extracted\block_02204\block_02204.bin,content
0x25d6800,122,56332,0x32f91f35,,gfc_extracted\block_02205\block_02205.bin,content
0x25d7000,122,65536,0x6510299,,gfc_extracted\block_02206\block_02206.bin,content
0x25da000,122,65536,0xd196fa15,,gfc_extracted\block_02207\block_02207.bin,content
0x25e1800,122,65536,0x60b22087,,gfc_extracted\block_02208\block_02208.bin,content
0x25e5000,122,65536,0xd7978eeb,,gfc_extracted\block_02209\block_02209.bin,content
0x25e5800,122,65536,0xd7978eeb,,gfc_extracted\block_02210\block_02210.bin,content
0x25e6000,122,56332,0x32f91f35,,gfc_extracted\block_02211\block_02211.bin,content
0x25e6800,122,65536,0xd2d4ae11,,gfc_extracted\block_02212\block_02212.bin,content
0x25ee800,122,65536,0x9504ef05,,gfc_extracted\block_02213\block_02213.bin,content
0x25f6000,122,65536,0x85f3598d,,gfc_extracted\block_02214\block_02214.bin,content
0x25fe000,122,65536,0xf392caa0,,gfc_extracted\block_02215\block_02215.bin,content
0x2605800,122,65536,0x96bdfd6f,,gfc_extracted\block_02216\block_02216.bin,content
0x260d800,122,56332,0x32f91f35,,gfc_extracted\block_02217\block_02217.bin,content
0x260e000,122,65536,0x635bceb6,,gfc_extracted\block_02218\block_02218.bin,content
0x2615800,122,65536,0xed69d108,,gfc_extracted\block_02219\block_02219.bin,content
0x261d000,122,65536,0x9e7b3507,,gfc_extracted\block_02220\block_02220.bin,content
0x2625800,122,65536,0xdd6f667f,,gfc_extracted\block_02221\block_02221.bin,content
0x262d800,122,65536,0x2bf19f3c,,gfc_extracted\block_02222\block_02222.bin,content
0x2632800,122,56332,0x32f91f35,,gfc_extracted\block_02223\block_02223.bin,content
0x2633000,122,65536,0x5aeaf2f5,,gfc_extracted\block_02224\block_02224.bin,content
0x2636800,122,65536,0x2f9889d4,,gfc_extracted\block_02225\block_02225.bin,content
0x263e000,122,65536,0x328080cd,,gfc_extracted\block_02226\block_02226.bin,content
0x2643000,122,65536,0xd7978eeb,,gfc_extracted\block_02227\block_02227.bin,content
0x2643800,122,65536,0xd7978eeb,,gfc_extracted\block_02228\block_02228.bin,content
0x2644000,122,56332,0x32f91f35,,gfc_extracted\block_02229\block_02229.bin,content
0x2644800,122,65536,0xa35678e6,,gfc_extracted\block_02230\block_02230.bin,content
0x2647000,122,65536,0x52066bc7,,gfc_extracted\block_02231\block_02231.bin,content
0x264e800,122,65536,0xcd4d0809,,gfc_extracted\block_02232\block_02232.bin,content
0x2651000,122,65536,0xd7978eeb,,gfc_extracted\block_02233\block_02233.bin,content
0x2651800,122,65536,0xd7978eeb,,gfc_extracted\block_02234\block_02234.bin,content
0x2652000,122,56332,0x32f91f35,,gfc_extracted\block_02235\block_02235.bin,content
0x2652800,122,65536,0x7e85b52d,,gfc_extracted\block_02236\block_02236.bin,content
0x2657000,122,65536,0xfe525532,,gfc_extracted\block_02237\block_02237.bin,content
0x265e800,122,65536,0x459d1a3f,,gfc_extracted\block_02238\block_02238.bin,content
0x2666800,122,65536,0xb052187,,gfc_extracted\block_02239\block_02239.bin,content
0x2667000,122,65536,0xd7978eeb,,gfc_extracted\block_02240\block_02240.bin,content
0x2667800,122,56332,0x32f91f35,,gfc_extracted\block_02241\block_02241.bin,content
0x2668000,122,65536,0xe0908613,,gfc_extracted\block_02242\block_02242.bin,content
0x266c000,122,65536,0x596fedf4,,gfc_extracted\block_02243\block_02243.bin,content
0x2673800,122,65536,0xfbeff5b0,,gfc_extracted\block_02244\block_02244.bin,content
0x267a800,122,65536,0xd7978eeb,,gfc_extracted\block_02245\block_02245.bin,content
0x267b000,122,65536,0xd7978eeb,,gfc_extracted\block_02246\block_02246.bin,content
0x267b800,122,56332,0x32f91f35,,gfc_extracted\block_02247\block_02247.bin,content
0x267c000,122,65536,0xd7fa99a8,,gfc_extracted\block_02248\block_02248.bin,content
0x2680000,122,65536,0x5c9c954e,,gfc_extracted\block_02249\block_02249.bin,content
0x2687800,122,65536,0xc36efc63,,gfc_extracted\block_02250\block_02250.bin,content
0x268f800,122,65536,0xd7978eeb,,gfc_extracted\block_02251\block_02251.bin,content
0x2690000,122,65536,0xd7978eeb,,gfc_extracted\block_02252\block_02252.bin,content
0x2690800,122,56332,0x32f91f35,,gfc_extracted\block_02253\block_02253.bin,content
0x2691000,122,65536,0xc97f5268,,gfc_extracted\block_02254\block_02254.bin,content
0x2694800,122,65536,0xe8e42a7c,,gfc_extracted\block_02255\block_02255.bin,content
0x269c000,122,65536,0xcf39e3a8,,gfc_extracted\block_02256\block_02256.bin,content
0x26a1800,122,65536,0xd7978eeb,,gfc_extracted\block_02257\block_02257.bin,content
0x26a2000,122,65536,0xd7978eeb,,gfc_extracted\block_02258\block_02258.bin,content
0x26a2800,122,56332,0x32f91f35,,gfc_extracted\block_02259\block_02259.bin,content
0x26a3000,122,65536,0xa275c506,,gfc_extracted\block_02260\block_02260.bin,content
0x26a7800,122,65536,0xf04c10fa,,gfc_extracted\block_02261\block_02261.bin,content
0x26af000,122,65536,0x95e2f5a8,,gfc_extracted\block_02262\block_02262.bin,content
0x26b7000,122,65536,0x5f3a1ea6,,gfc_extracted\block_02263\block_02263.bin,content
0x26b8000,122,65536,0xd7978eeb,,gfc_extracted\block_02264\block_02264.bin,content
0x26b8800,122,56332,0x32f91f35,,gfc_extracted\block_02265\block_02265.bin,content
0x26b9000,122,65536,0xdd906e38,,gfc_extracted\block_02266\block_02266.bin,content
0x26bc800,122,65536,0xf9a941f6,,gfc_extracted\block_02267\block_02267.bin,content
0x26c4000,122,65536,0xbe65ba98,,gfc_extracted\block_02268\block_02268.bin,content
0x26c9800,122,65536,0xd7978eeb,,gfc_extracted\block_02269\block_02269.bin,content
0x26ca000,122,65536,0xd7978eeb,,gfc_extracted\block_02270\block_02270.bin,content
0x26ca800,122,56332,0x32f91f35,,gfc_extracted\block_02271\block_02271.bin,content
0x26cb000,122,65536,0xfc64b3a7,,gfc_extracted\block_02272\block_02272.bin,content
0x26d0000,122,65536,0x47cd0d88,,gfc_extracted\block_02273\block_02273.bin,content
0x26d7800,122,65536,0x528f32dd,,gfc_extracted\block_02274\block_02274.bin,content
0x26e0000,122,65536,0x868550ed,,gfc_extracted\block_02275\block_02275.bin,content
0x26e3800,122,65536,0xd7978eeb,,gfc_extracted\block_02276\block_02276.bin,content
0x26e4000,122,56332,0x32f91f35,,gfc_extracted\block_02277\block_02277.bin,content
0x26e4800,122,65536,0xd4189783,,gfc_extracted\block_02278\block_02278.bin,content
0x26e9000,122,65536,0x606cb3d7,,gfc_extracted\block_02279\block_02279.bin,content
0x26f0800,122,65536,0xa562364b,,gfc_extracted\block_02280\block_02280.bin,content
0x26f9000,122,65536,0xf8427b28,,gfc_extracted\block_02281\block_02281.bin,content
0x26fa000,122,65536,0xd7978eeb,,gfc_extracted\block_02282\block_02282.bin,content
0x26fa800,122,56332,0x32f91f35,,gfc_extracted\block_02283\block_02283.bin,content
0x26fb000,122,65536,0x67ca6c01,,gfc_extracted\block_02284\block_02284.bin,content
0x2700000,122,65536,0x4f759bc5,,gfc_extracted\block_02285\block_02285.bin,content
0x2707800,122,65536,0x21bb3d32,,gfc_extracted\block_02286\block_02286.bin,content
0x270f800,122,65536,0x65e85612,,gfc_extracted\block_02287\block_02287.bin,content
0x2713000,122,65536,0xd7978eeb,,gfc_extracted\block_02288\block_02288.bin,content
0x2713800,122,56332,0x32f91f35,,gfc_extracted\block_02289\block_02289.bin,content
0x2714000,122,65536,0x8c21e501,,gfc_extracted\block_02290\block_02290.bin,content
0x2718000,122,65536,0xf5d1f05,,gfc_extracted\block_02291\block_02291.bin,content
0x271f800,122,65536,0x4ce67fc9,,gfc_extracted\block_02292\block_02292.bin,content
0x2728000,122,65536,0x17e24fe4,,gfc_extracted\block_02293\block_02293.bin,content
0x2728800,122,65536,0xd7978eeb,,gfc_extracted\block_02294\block_02294.bin,content
0x2729000,122,56332,0x32f91f35,,gfc_extracted\block_02295\block_02295.bin,content
0x2729800,122,65536,0xe4357fa8,,gfc_extracted\block_02296\block_02296.bin,content
0x272e800,122,65536,0x276e82ab,,gfc_extracted\block_02297\block_02297.bin,content
0x2735800,122,65536,0x80a50a58,,gfc_extracted\block_02298\block_02298.bin,content
0x273d000,122,65536,0xe7e6df5d,,gfc_extracted\block_02299\block_02299.bin,content
0x2740800,122,65536,0xd7978eeb,,gfc_extracted\block_02300\block_02300.bin,content
0x2741000,122,56332,0x32f91f35,,gfc_extracted\block_02301\block_02301.bin,content
0x2741800,122,65536,0x7ffacfb1,,gfc_extracted\block_02302\block_02302.bin,content
0x2746000,122,65536,0x4cb926f,,gfc_extracted\block_02303\block_02303.bin,content
0x274d000,122,65536,0xb1d37040,,gfc_extracted\block_02304\block_02304.bin,content
0x2755000,122,65536,0x350fc9c7,,gfc_extracted\block_02305\block_02305.bin,content
0x2756800,122,65536,0xd7978eeb,,gfc_extracted\block_02306\block_02306.bin,content
0x2757000,122,56332,0x32f91f35,,gfc_extracted\block_02307\block_02307.bin,content
0x2757800,122,59650,0xa9b09339,.\common\hke\tracks\arena2.hke,gfc_extracted\./common/hke/tracks/arena2.hke,crc
0x275e000,122,65536,0x36334f37,,gfc_extracted\block_02309\block_02309.bin,content
0x2767000,122,5790,0x619ebbaa,,gfc_extracted\block_02310\block_02310.bin,content
0x2768000,122,65536,0xe4d9c06f,,gfc_extracted\block_02311\block_02311.bin,content
0x2770800,122,10870,0x6b3ee6f6,,gfc_extracted\block_02312\block_02312.bin,content
0x2771800,122,19930,0xa1bb3ff3,.\common\hke\tracks\arena5.hke,gfc_extracted\./common/hke/tracks/arena5.hke,crc
0x2774000,122,23206,0x74aa4e6a,.\common\hke\tracks\barin1.hke,gfc_extracted\./common/hke/tracks/barin1.hke,crc
0x2777000,122,65536,0xaa487ba7,,gfc_extracted\block_02315\block_02315.bin,content
0x2780000,122,20942,0xb8c759d2,,gfc_extracted\block_02316\block_02316.bin,content
0x2781800,122,61107,0xc525b2cd,.\common\hke\tracks\hub3.hke,gfc_extracted\./common/hke/tracks/hub3.hke,crc
0x2789000,122,39099,0x3586dd59,.\common\hke\tracks\hub4.hke,gfc_extracted\./common/hke/tracks/hub4.hke,crc
0x278d000,122,52051,0xb088ec0c,.\common\hke\tracks\hub5.hke,gfc_extracted\./common/hke/tracks/hub5.hke,crc
0x2793000,122,38286,0x21d072e6,.\common\hke\tracks\lobby.hke,gfc_extracted\./common/hke/tracks/lobby.hke,crc
0x2796800,122,65536,0x34bace87,,gfc_extracted\block_02321\block_02321.bin,content
0x279f000,122,2330,0x699b9bd3,,gfc_extracted\block_02322\block_02322.bin,content
0x279f800,122,65536,0xa7381ddb,,gfc_extracted\block_02323\block_02323.bin,content
0x27a7800,122,65536,0xd20de091,,gfc_extracted\block_02324\block_02324.bin,content
0x27b0000,122,65536,0xdc54b9b6,,gfc_extracted\block_02325\block_02325.bin,content
0x27bb000,122,65536,0xf6e14adb,,gfc_extracted\block_02326\block_02326.bin,content
0x27c0000,122,65536,0xf15515e,,gfc_extracted\block_02327\block_02327.bin,content
0x27c9000,122,49069,0x5db0991d,,gfc_extracted\block_02328\block_02328.bin,content
0x27cc800,122,65536,0x86d1f223,,gfc_extracted\block_02329\block_02329.bin,content
0x27d6800,122,65536,0x6d37e6c6,,gfc_extracted\block_02330\block_02330.bin,content
0x27de800,122,39925,0x9dc73f6d,,gfc_extracted\block_02331\block_02331.bin,content
0x27e4000,122,1598,0xe2775704,.\common\hud\adv-crystal.csv,gfc_extracted\./common/hud/adv-crystal.csv,crc
0x27e4800,122,648,0x2790eec2,.\common\hud\adv-ctr.csv,gfc_extracted\./common/hud/adv-ctr.csv,crc
0x27e5000,122,1932,0xfcd024f7,.\common\hud\adv-gem.csv,gfc_extracted\./common/hud/adv-gem.csv,crc
0x27e5800,122,1836,0xd2c09b31,.\common\hud\adv-hub.csv,gfc_extracted\./common/hud/adv-hub.csv,crc
0x27e6000,122,1327,0xc011fd6a,.\common\hud\adv-trophy.csv,gfc_extracted\./common/hud/adv-trophy.csv,crc
0x27e6800,122,1877,0x5cc571c7,.\common\hud\arcade1.csv,gfc_extracted\./common/hud/arcade1.csv,crc
0x27e7000,122,2435,0x56e9f615,.\common\hud\arcade2_ffa.csv,gfc_extracted\./common/hud/arcade2_ffa.csv,crc
0x27e7800,122,2039,0x153018b,.\common\hud\arenaeditor.csv,gfc_extracted\./common/hud/arenaeditor.csv,crc
0x27e8000,122,1100,0xd03b77e0,.\common\hud\attract.csv,gfc_extracted\./common/hud/attract.csv,crc
0x27e8800,122,102,0x3f75e1bd,.\common\hud\batl_crc1.csv,gfc_extracted\./common/hud/batl_crc1.csv,crc
0x27e9000,122,1520,0x91901952,.\common\hud\batl_crc1_ffa.csv,gfc_extracted\./common/hud/batl_crc1_ffa.csv,crc
0x27e9800,122,1180,0x4b092c5b,.\common\hud\batl_crc2.csv,gfc_extracted\./common/hud/batl_crc2.csv,crc
0x27ea000,122,2769,0xf9a5f5f8,.\common\hud\batl_crc2_ffa.csv,gfc_extracted\./common/hud/batl_crc2_ffa.csv,crc
0x27ea800,122,2251,0x2279fbe8,.\common\hud\batl_ctf1.csv,gfc_extracted\./common/hud/batl_ctf1.csv,crc
0x27eb000,122,1372,0x9c1ecaab,.\common\hud\batl_ctf2.csv,gfc_extracted\./common/hud/batl_ctf2.csv,crc
0x27eb800,122,2847,0xc86ab5d4,.\common\hud\batl_life1.csv,gfc_extracted\./common/hud/batl_life1.csv,crc
0x27ec000,122,1514,0xa585dccb,.\common\hud\batl_life1_ffa.csv,gfc_extracted\./common/hud/batl_life1_ffa.csv,crc
0x27ec800,122,1177,0xe7bf1199,.\common\hud\batl_life2.csv,gfc_extracted\./common/hud/batl_life2.csv,crc
0x27ed000,122,2790,0xbad05f4c,.\common\hud\batl_life2_ffa.csv,gfc_extracted\./common/hud/batl_life2_ffa.csv,crc
0x27ed800,122,2239,0xe324237,.\common\hud\batl_pnt1.csv,gfc_extracted\./common/hud/batl_pnt1.csv,crc
0x27ee000,122,1516,0x9f00cc77,.\common\hud\batl_pnt1_ffa.csv,gfc_extracted\./common/hud/batl_pnt1_ffa.csv,crc
0x27ee800,122,1178,0x7713f10e,.\common\hud\batl_pnt2.csv,gfc_extracted\./common/hud/batl_pnt2.csv,crc
0x27ef000,122,2765,0x2e902f12,.\common\hud\batl_pnt2_ffa.csv,gfc_extracted\./common/hud/batl_pnt2_ffa.csv,crc
0x27ef800,122,2241,0x67a64e5a,.\common\hud\batnl_crc2.csv,gfc_extracted\./common/hud/batnl_crc2.csv,crc
0x27f0000,122,1967,0xaa9e9fa7,.\common\hud\batnl_crc2_ffa.csv,gfc_extracted\./common/hud/batnl_crc2_ffa.csv,crc
0x27f0800,122,1745,0xf719978b,.\common\hud\batnl_crc3.csv,gfc_extracted\./common/hud/batnl_crc3.csv,crc
0x27f1000,122,3947,0x8dc05524,.\common\hud\batnl_crc3_ffa.csv,gfc_extracted\./common/hud/batnl_crc3_ffa.csv,crc
0x27f1800,122,2613,0x933e2569,.\common\hud\batnl_crc4.csv,gfc_extracted\./common/hud/batnl_crc4.csv,crc
0x27f2000,122,5104,0xa73d4f34,.\common\hud\batnl_crc4_ffa.csv,gfc_extracted\./common/hud/batnl_crc4_ffa.csv,crc
0x27f2800,122,3298,0xf164837b,.\common\hud\batnl_ctf2.csv,gfc_extracted\./common/hud/batnl_ctf2.csv,crc
0x27f3000,122,2273,0x4bff0c97,.\common\hud\batnl_ctf3.csv,gfc_extracted\./common/hud/batnl_ctf3.csv,crc
0x27f3800,122,3505,0x5b84ad63,.\common\hud\batnl_ctf4.csv,gfc_extracted\./common/hud/batnl_ctf4.csv,crc
0x27f4000,122,4483,0x8798b9ce,.\common\hud\batnl_life2.csv,gfc_extracted\./common/hud/batnl_life2.csv,crc
0x27f4800,122,1964,0x80729a51,.\common\hud\batnl_life2_ffa.csv,gfc_extracted\./common/hud/batnl_life2_ffa.csv,crc
0x27f5000,122,1743,0xccab2ba5,.\common\hud\batnl_life3.csv,gfc_extracted\./common/hud/batnl_life3.csv,crc
0x27f5800,122,3938,0x213aef2,.\common\hud\batnl_life3_ffa.csv,gfc_extracted\./common/hud/batnl_life3_ffa.csv,crc
0x27f6000,122,2604,0x732c5e74,.\common\hud\batnl_life4.csv,gfc_extracted\./common/hud/batnl_life4.csv,crc
0x27f6800,122,5096,0xb9ed820f,.\common\hud\batnl_life4_ffa.csv,gfc_extracted\./common/hud/batnl_life4_ffa.csv,crc
0x27f7000,122,3290,0xd97ede74,.\common\hud\batnl_pnt2.csv,gfc_extracted\./common/hud/batnl_pnt2.csv,crc
0x27f7800,122,1966,0x21874bce,.\common\hud\batnl_pnt2_ffa.csv,gfc_extracted\./common/hud/batnl_pnt2_ffa.csv,crc
0x27f8000,122,1743,0xcab661dd,.\common\hud\batnl_pnt3.csv,gfc_extracted\./common/hud/batnl_pnt3.csv,crc
0x27f8800,122,3941,0xbcfe19a8,.\common\hud\batnl_pnt3_ffa.csv,gfc_extracted\./common/hud/batnl_pnt3_ffa.csv,crc
0x27f9000,122,2607,0x862ef657,.\common\hud\batnl_pnt4.csv,gfc_extracted\./common/hud/batnl_pnt4.csv,crc
0x27f9800,122,5098,0xabeee2f0,.\common\hud\batnl_pnt4_ffa.csv,gfc_extracted\./common/hud/batnl_pnt4_ffa.csv,crc
0x27fa000,122,3292,0xc6e925ab,.\common\hud\battle1.csv,gfc_extracted\./common/hud/battle1.csv,crc
0x27fa800,122,667,0x18dcc353,.\common\hud\battle2.csv,gfc_extracted\./common/hud/battle2.csv,crc
0x27fb000,122,1358,0x7424d25,.\common\hud\battle3.csv,gfc_extracted\./common/hud/battle3.csv,crc
0x27fb800,122,2152,0xb922e3b7,.\common\hud\battle4.csv,gfc_extracted\./common/hud/battle4.csv,crc
0x27fc000,122,2724,0xaf8aa230,.\common\hud\default.csv,gfc_extracted\./common/hud/default.csv,crc
0x27fc800,122,1041,0xbcc9b4a8,.\common\hud\dotcolors.csv,gfc_extracted\./common/hud/dotcolors.csv,crc
0x27fd000,122,2571,0x316e48f,.\common\hud\lobby2.csv,gfc_extracted\./common/hud/lobby2.csv,crc
0x27fd800,122,3302,0xd7a4690b,.\common\hud\maps\barin1.igb,gfc_extracted\./common/hud/maps/barin1.igb,crc
0x27fe000,122,8159,0xd5a74f87,.\common\hud\maps\hub1.png,gfc_extracted\./common/hud/maps/hub1.png,crc
0x27ff800,48,2043,0x3d20124,,gfc_extracted\block_02385\block_02385.png,content
0x2800000,122,8159,0xd5a74f87,.\common\hud\maps\hub1.png,gfc_extracted\./common/hud/maps/hub1.png,crc
0x2801800,48,2043,0x3d20124,,gfc_extracted\block_02387\block_02387.png,content
0x2802000,122,8159,0xd5a74f87,.\common\hud\maps\hub1.png,gfc_extracted\./common/hud/maps/hub1.png,crc
0x2803800,48,2043,0x3d20124,,gfc_extracted\block_02389\block_02389.png,content
0x2804000,122,8159,0xd5a74f87,.\common\hud\maps\hub1.png,gfc_extracted\./common/hud/maps/hub1.png,crc
0x2805800,48,2043,0x3d20124,,gfc_extracted\block_02391\block_02391.png,content
0x2806000,122,6608,0x11c70420,.\common\hud\maps\velorace.png,gfc_extracted\./common/hud/maps/velorace.png,crc
0x2807000,48,4091,0x3390c258,,gfc_extracted\block_02393\block_02393.png,content
0x2808000,122,107,0x6805d7e1,.\common\hud\timetrial.csv,gfc_extracted\./common/hud/timetrial.csv,crc
0x2808800,122,1010,0x68ee5e81,.\common\hud\timetriallap.csv,gfc_extracted\./common/hud/timetriallap.csv,crc
0x2809000,122,1003,0x99df7b36,.\common\hud\vs1.csv,gfc_extracted\./common/hud/vs1.csv,crc
0x2809800,122,1293,0x25431376,.\common\hud\vs2.csv,gfc_extracted\./common/hud/vs2.csv,crc
0x280a000,122,2521,0x3c56c75f,.\common\hud\vs3.csv,gfc_extracted\./common/hud/vs3.csv,crc
0x280a800,122,3808,0x419ad9d7,.\common\hud\vs4.csv,gfc_extracted\./common/hud/vs4.csv,crc
0x280b000,122,4772,0xf122ddc4,.\common\hud\vscr1.csv,gfc_extracted\./common/hud/vscr1.csv,crc
0x280b800,122,1117,0xc99d65e6,.\common\hud\vscr2.csv,gfc_extracted\./common/hud/vscr2.csv,crc
0x280c000,122,1991,0x2494b23e,.\common\hud\vscr3.csv,gfc_extracted\./common/hud/vscr3.csv,crc
0x280c800,122,2895,0x637db561,.\common\hud\vscr4.csv,gfc_extracted\./common/hud/vscr4.csv,crc
0x280d000,122,3694,0xd91f67d5,.\common\items\itemscfg.csv,gfc_extracted\./common/items/itemscfg.csv,crc
0x280d800,48,67579,0x78c10bf0,,gfc_extracted\block_02405\block_02405.png,content
0x281e000,48,67579,0xee6868ba,,gfc_extracted\block_02406\block_02406.bin,content
0x282e800,48,67579,0xef73243e,,gfc_extracted\block_02407\block_02407.bin,content
0x283f000,48,67579,0xa4fc92e7,,gfc_extracted\block_02408\block_02408.bin,content
0x284f800,48,61435,0x17dfad5c,,gfc_extracted\block_02409\block_02409.bin,content
0x285e800,48,67579,0x89445837,,gfc_extracted\block_02410\block_02410.png,content
0x286f000,48,67579,0xb33b401f,,gfc_extracted\block_02411\block_02411.bin,content
0x287f800,48,67579,0x195dce33,,gfc_extracted\block_02412\block_02412.bin,content
0x2890000,48,67579,0x7f3e3bbf,,gfc_extracted\block_02413\block_02413.bin,content
0x28a0800,48,59387,0x9945a231,,gfc_extracted\block_02414\block_02414.bin,content
0x28af000,48,67579,0x795b1c44,,gfc_extracted\block_02415\block_02415.png,content
0x28bf800,48,67579,0x4084d80b,,gfc_extracted\block_02416\block_02416.bin,content
0x28d0000,48,67579,0x863be6a6,,gfc_extracted\block_02417\block_02417.bin,content
0x28e0800,48,67579,0xb9a2451a,,gfc_extracted\block_02418\block_02418.bin,content
0x28f1000,48,67579,0xa2c42a04,,gfc_extracted\block_02419\block_02419.bin,content
0x2901800,48,38907,0x453881b4,,gfc_extracted\block_02420\block_02420.bin,content
0x290b000,48,67579,0x8ed00814,,gfc_extracted\block_02421\block_02421.png,content
0x291b800,48,67579,0x20e81d5b,,gfc_extracted\block_02422\block_02422.bin,content
0x292c000,48,67579,0xe1ca38e9,,gfc_extracted\block_02423\block_02423.bin,content
0x293c800,48,67579,0x48bc4910,,gfc_extracted\block_02424\block_02424.bin,content
0x294d000,48,67579,0xc4d604ad,,gfc_extracted\block_02425\block_02425.bin,content
0x295d800,48,2043,0x133d9df6,,gfc_extracted\block_02426\block_02426.bin,content
0x295e000,48,67579,0x1d747d62,,gfc_extracted\block_02427\block_02427.png,content
0x296e800,48,67579,0xc434c6aa,,gfc_extracted\block_02428\block_02428.bin,content
0x297f000,48,67579,0x55b31b7c,,gfc_extracted\block_02429\block_02429.bin,content
0x298f800,48,67579,0x1086d352,,gfc_extracted\block_02430\block_02430.bin,content
0x29a0000,48,53243,0x2b2b6a8a,,gfc_extracted\block_02431\block_02431.bin,content
0x29ad000,48,67579,0x1e1be06e,,gfc_extracted\block_02432\block_02432.png,content
0x29bd800,48,67579,0x10681d5e,,gfc_extracted\block_02433\block_02433.bin,content
0x29ce000,48,67579,0x53f5a366,,gfc_extracted\block_02434\block_02434.bin,content
0x29de800,48,67579,0x42f99753,,gfc_extracted\block_02435\block_02435.bin,content
0x29ef000,48,67579,0x99f57d8e,,gfc_extracted\block_02436\block_02436.bin,content
0x29ff800,48,12283,0x38e37252,,gfc_extracted\block_02437\block_02437.bin,content
0x2a02800,48,67579,0x1c878d78,,gfc_extracted\block_02438\block_02438.png,content
0x2a13000,48,67579,0xdfcbfaa9,,gfc_extracted\block_02439\block_02439.bin,content
0x2a23800,48,67579,0x7e7ed1c0,,gfc_extracted\block_02440\block_02440.bin,content
0x2a34000,48,67579,0xbc7135b1,,gfc_extracted\block_02441\block_02441.bin,content
0x2a44800,48,67579,0xc7f07aac,,gfc_extracted\block_02442\block_02442.bin,content
0x2a55000,48,12283,0x8267e7db,,gfc_extracted\block_02443\block_02443.bin,content
0x2a58000,48,67579,0xbed1e184,,gfc_extracted\block_02444\block_02444.png,content
0x2a68800,48,67579,0xb9f2b78f,,gfc_extracted\block_02445\block_02445.bin,content
0x2a79000,48,67579,0x56732a5b,,gfc_extracted\block_02446\block_02446.bin,content
0x2a89800,48,67579,0x161ca2e8,,gfc_extracted\block_02447\block_02447.bin,content
0x2a9a000,48,67579,0x67eb6ffd,,gfc_extracted\block_02448\block_02448.bin,content
0x2aaa800,48,4091,0x74ce6439,,gfc_extracted\block_02449\block_02449.bin,content
0x2aab800,48,67579,0xe2372a3,,gfc_extracted\block_02450\block_02450.png,content
0x2abc000,48,67579,0x40430268,,gfc_extracted\block_02451\block_02451.bin,content
0x2acc800,48,67579,0x9fe2a974,,gfc_extracted\block_02452\block_02452.bin,content
0x2add000,48,67579,0x82ef73c3,,gfc_extracted\block_02453\block_02453.bin,content
0x2aed800,48,67579,0x946e848b,,gfc_extracted\block_02454\block_02454.bin,content
0x2afe000,48,22523,0x4312b994,,gfc_extracted\block_02455\block_02455.bin,content
0x2b03800,48,67579,0x71a8af84,,gfc_extracted\block_02456\block_02456.png,content
0x2b14000,48,67579,0xbafb66ae,,gfc_extracted\block_02457\block_02457.bin,content
0x2b24800,48,67579,0x5fb26dba,,gfc_extracted\block_02458\block_02458.bin,content
0x2b35000,48,67579,0x7b68baa0,,gfc_extracted\block_02459\block_02459.bin,content
0x2b45800,48,67579,0x49f0615e,,gfc_extracted\block_02460\block_02460.bin,content
0x2b56000,48,12283,0x8c96dc68,,gfc_extracted\block_02461\block_02461.bin,content
0x2b59000,48,67579,0x637791de,,gfc_extracted\block_02462\block_02462.png,content
0x2b69800,48,67579,0xc5ae9194,,gfc_extracted\block_02463\block_02463.bin,content
0x2b7a000,48,67579,0x7600148,,gfc_extracted\block_02464\block_02464.bin,content
0x2b8a800,48,67579,0xd77acd1a,,gfc_extracted\block_02465\block_02465.bin,content
0x2b9b000,48,67579,0xc3eb92de,,gfc_extracted\block_02466\block_02466.bin,content
0x2bab800,48,63483,0x5d28c743,,gfc_extracted\block_02467\block_02467.bin,content
0x2bbb000,48,67579,0x68a94259,,gfc_extracted\block_02468\block_02468.png,content
0x2bcb800,48,67579,0x83038408,,gfc_extracted\block_02469\block_02469.bin,content
0x2bdc000,48,67579,0xf91e3e6b,,gfc_extracted\block_02470\block_02470.bin,content
0x2bec800,48,67579,0xcbf5ce0f,,gfc_extracted\block_02471\block_02471.bin,content
0x2bfd000,48,67579,0x69c2a4e2,,gfc_extracted\block_02472\block_02472.bin,content
0x2c0d800,48,4091,0xa17097e4,,gfc_extracted\block_02473\block_02473.bin,content
0x2c0e800,48,67579,0x5db3c9f2,,gfc_extracted\block_02474\block_02474.png,content
0x2c1f000,48,67579,0xefd68f6,,gfc_extracted\block_02475\block_02475.bin,content
0x2c2f800,48,67579,0x3ee52233,,gfc_extracted\block_02476\block_02476.bin,content
0x2c40000,48,67579,0x3d58f87b,,gfc_extracted\block_02477\block_02477.bin,content
0x2c50800,48,55291,0x7a52ea26,,gfc_extracted\block_02478\block_02478.bin,content
0x2c5e000,48,67579,0xfda2f219,,gfc_extracted\block_02479\block_02479.png,content
0x2c6e800,48,67579,0x620817c2,,gfc_extracted\block_02480\block_02480.bin,content
0x2c7f000,48,67579,0xf3abde76,,gfc_extracted\block_02481\block_02481.bin,content
0x2c8f800,48,67579,0xd31a35ec,,gfc_extracted\block_02482\block_02482.bin,content
0x2ca0000,48,57339,0x5e5a46ea,,gfc_extracted\block_02483\block_02483.bin,content
0x2cae000,48,67579,0x8f46215a,,gfc_extracted\block_02484\block_02484.png,content
0x2cbe800,48,67579,0xcf3af22d,,gfc_extracted\block_02485\block_02485.bin,content
0x2ccf000,48,67579,0xccd78005,,gfc_extracted\block_02486\block_02486.bin,content
0x2cdf800,48,67579,0x22464a00,,gfc_extracted\block_02487\block_02487.bin,content
0x2cf0000,48,67579,0x46769894,,gfc_extracted\block_02488\block_02488.bin,content
0x2d00800,48,38907,0xb85288bf,,gfc_extracted\block_02489\block_02489.bin,content
0x2d0a000,48,67579,0x1e2e855e,,gfc_extracted\block_02490\block_02490.png,content
0x2d1a800,48,67579,0xb853989c,,gfc_extracted\block_02491\block_02491.bin,content
0x2d2b000,48,67579,0xb3b53c62,,gfc_extracted\block_02492\block_02492.bin,content
0x2d3b800,48,67579,0xb0128dab,,gfc_extracted\block_02493\block_02493.bin,content
0x2d4c000,48,67579,0x469a658b,,gfc_extracted\block_02494\block_02494.bin,content
0x2d5c800,48,43003,0xc05bb39,,gfc_extracted\block_02495\block_02495.bin,content
0x2d67000,122,143,0x81910703,.\common\obstacles\arena2_phantoms.csv,gfc_extracted\./common/obstacles/arena2_phantoms.csv,crc
0x2d67800,122,258,0xa08997db,.\common\obstacles\arena3_actions.csv,gfc_extracted\./common/obstacles/arena3_actions.csv,crc
0x2d68000,122,313,0xa7dfa635,.\common\obstacles\arena3_phantoms.csv,gfc_extracted\./common/obstacles/arena3_phantoms.csv,crc
0x2d68800,122,265,0x2f0673d4,.\common\obstacles\arena4_actions.csv,gfc_extracted\./common/obstacles/arena4_actions.csv,crc
0x2d69000,122,310,0xb5004cee,.\common\obstacles\arena4_phantoms.csv,gfc_extracted\./common/obstacles/arena4_phantoms.csv,crc
0x2d69800,122,658,0xe2091613,.\common\obstacles\arena5_actions.csv,gfc_extracted\./common/obstacles/arena5_actions.csv,crc
0x2d6a000,122,1136,0xaae5b002,.\common\obstacles\arena5_phantoms.csv,gfc_extracted\./common/obstacles/arena5_phantoms.csv,crc
0x2d6a800,122,1208,0xa28f0491,.\common\obstacles\barin1_actions.csv,gfc_extracted\./common/obstacles/barin1_actions.csv,crc
0x2d6b000,122,524,0xe00f6a5,.\common\obstacles\velorace_phantoms.csv,gfc_extracted\./common/obstacles/velorace_phantoms.csv,crc
0x2d6b800,122,1263,0xf791a70f,.\common\obstacles\velorace_timers.csv,gfc_extracted\./common/obstacles/velorace_timers.csv,crc
0x2d6c000,122,477,0xe6b73525,.\common\physics\kabase.csv,gfc_extracted\./common/physics/kabase.csv,crc
0x2d6c800,48,2043,0xa0b6fd64,,gfc_extracted\block_02507\block_02507.bin,content
0x2d6d000,122,402,0x84b5911e,.\common\ui\eng\credits.csv,gfc_extracted\./common/ui/eng/credits.csv,crc
0x2d6d800,122,402,0x84b5911e,.\common\ui\eng\credits.csv,gfc_extracted\./common/ui/eng/credits.csv,crc
0x2d6e000,122,402,0x84b5911e,.\common\ui\eng\credits.csv,gfc_extracted\./common/ui/eng/credits.csv,crc
0x2d6e800,122,402,0x84b5911e,.\common\ui\eng\credits.csv,gfc_extracted\./common/ui/eng/credits.csv,crc
0x2d6f000,122,402,0x84b5911e,.\common\ui\eng\credits.csv,gfc_extracted\./common/ui/eng/credits.csv,crc
0x2d6f800,122,65536,0x9f49ac89,,gfc_extracted\block_02513\block_02513.csv,content
0x2d71000,122,65536,0xcc4c600b,,gfc_extracted\block_02514\block_02514.bin,content
0x2d72800,122,42857,0xe97a76a4,,gfc_extracted\block_02515\block_02515.csv,content
0x2d73800,122,1598,0xe2775704,.\common\hud\adv-crystal.csv,gfc_extracted\./common/hud/adv-crystal.csv,crc
0x2d74000,122,648,0x2790eec2,.\common\hud\adv-ctr.csv,gfc_extracted\./common/hud/adv-ctr.csv,crc
0x2d74800,122,1932,0xfcd024f7,.\common\hud\adv-gem.csv,gfc_extracted\./common/hud/adv-gem.csv,crc
0x2d75000,122,1836,0xd2c09b31,.\common\hud\adv-hub.csv,gfc_extracted\./common/hud/adv-hub.csv,crc
0x2d75800,122,980,0x81d197b7,.\common\hud\adv-relic.csv,gfc_extracted\./common/hud/adv-relic.csv,crc
0x2d76000,122,1327,0xc011fd6a,.\common\hud\adv-trophy.csv,gfc_extracted\./common/hud/adv-trophy.csv,crc
0x2d76800,122,1877,0x5cc571c7,.\common\hud\arcade1.csv,gfc_extracted\./common/hud/arcade1.csv,crc
0x2d77000,122,1746,0xaf7d935e,.\common\hud\arcade2.csv,gfc_extracted\./common/hud/arcade2.csv,crc
0x2d77800,122,2587,0x5250268d,.\hud\arcade2_ffa.csv,gfc_extracted\./hud/arcade2_ffa.csv,crc
0x2d78000,122,2189,0x903854ae,.\hud\arenaeditor.csv,gfc_extracted\./hud/arenaeditor.csv,crc
0x2d78800,122,1100,0xd03b77e0,.\common\hud\attract.csv,gfc_extracted\./common/hud/attract.csv,crc
0x2d79000,122,102,0x3f75e1bd,.\common\hud\batl_crc1.csv,gfc_extracted\./common/hud/batl_crc1.csv,crc
0x2d79800,122,1520,0x91901952,.\common\hud\batl_crc1_ffa.csv,gfc_extracted\./common/hud/batl_crc1_ffa.csv,crc
0x2d7a000,122,1180,0x4b092c5b,.\common\hud\batl_crc2.csv,gfc_extracted\./common/hud/batl_crc2.csv,crc
0x2d7a800,122,2917,0xd33e438,.\hud\batl_crc2_ffa.csv,gfc_extracted\./hud/batl_crc2_ffa.csv,crc
0x2d7b000,122,2399,0x59def08,.\hud\batl_ctf1.csv,gfc_extracted\./hud/batl_ctf1.csv,crc
0x2d7b800,122,1372,0x9c1ecaab,.\common\hud\batl_ctf2.csv,gfc_extracted\./common/hud/batl_ctf2.csv,crc
0x2d7c000,122,2995,0xb5f2064d,.\hud\batl_life1.csv,gfc_extracted\./hud/batl_life1.csv,crc
0x2d7c800,122,1514,0xa585dccb,.\common\hud\batl_life1_ffa.csv,gfc_extracted\./common/hud/batl_life1_ffa.csv,crc
0x2d7d000,122,1177,0xe7bf1199,.\common\hud\batl_life2.csv,gfc_extracted\./common/hud/batl_life2.csv,crc
0x2d7d800,122,2938,0x4b2f7853,.\hud\batl_life2_ffa.csv,gfc_extracted\./hud/batl_life2_ffa.csv,crc
0x2d7e000,122,2387,0xabcfadaa,.\hud\batl_pnt1.csv,gfc_extracted\./hud/batl_pnt1.csv,crc
0x2d7e800,122,1516,0x9f00cc77,.\common\hud\batl_pnt1_ffa.csv,gfc_extracted\./common/hud/batl_pnt1_ffa.csv,crc
0x2d7f000,122,1178,0x7713f10e,.\common\hud\batl_pnt2.csv,gfc_extracted\./common/hud/batl_pnt2.csv,crc
0x2d7f800,122,2913,0x545a6182,.\hud\batl_pnt2_ffa.csv,gfc_extracted\./hud/batl_pnt2_ffa.csv,crc
0x2d80000,122,2389,0xb6d8d9e,.\hud\batnl_crc2.csv,gfc_extracted\./hud/batnl_crc2.csv,crc
0x2d80800,122,2115,0xb7686279,.\hud\batnl_crc2_ffa.csv,gfc_extracted\./hud/batnl_crc2_ffa.csv,crc
0x2d81000,122,1893,0xd7416ccb,.\hud\batnl_crc3.csv,gfc_extracted\./hud/batnl_crc3.csv,crc
0x2d81800,122,4169,0xcfa74dc5,.\hud\batnl_crc3_ffa.csv,gfc_extracted\./hud/batnl_crc3_ffa.csv,crc
0x2d82000,122,2837,0x803b5ea5,.\hud\batnl_crc4.csv,gfc_extracted\./hud/batnl_crc4.csv,crc
0x2d82800,122,5404,0xa4033337,.\hud\batnl_crc4_ffa.csv,gfc_extracted\./hud/batnl_crc4_ffa.csv,crc
0x2d83000,122,3600,0x9d619870,.\hud\batnl_ctf2.csv,gfc_extracted\./hud/batnl_ctf2.csv,crc
0x2d83800,122,2421,0x9ff06d47,.\hud\batnl_ctf3.csv,gfc_extracted\./hud/batnl_ctf3.csv,crc
0x2d84000,122,3727,0x6e781501,.\hud\batnl_ctf4.csv,gfc_extracted\./hud/batnl_ctf4.csv,crc
0x2d84800,122,4783,0x335dc869,.\hud\batnl_life2.csv,gfc_extracted\./hud/batnl_life2.csv,crc
0x2d85000,122,2112,0x6677bc31,.\hud\batnl_life2_ffa.csv,gfc_extracted\./hud/batnl_life2_ffa.csv,crc
0x2d85800,122,1891,0x97019c06,.\hud\batnl_life3.csv,gfc_extracted\./hud/batnl_life3.csv,crc
0x2d86000,122,4160,0x8077fba8,.\hud\batnl_life3_ffa.csv,gfc_extracted\./hud/batnl_life3_ffa.csv,crc
0x2d86800,122,2828,0x581f7c65,.\hud\batnl_life4.csv,gfc_extracted\./hud/batnl_life4.csv,crc
0x2d87000,122,5396,0xeef78ff3,.\hud\batnl_life4_ffa.csv,gfc_extracted\./hud/batnl_life4_ffa.csv,crc
0x2d87800,122,3592,0x91761698,.\hud\batnl_pnt2.csv,gfc_extracted\./hud/batnl_pnt2.csv,crc
0x2d88000,122,2114,0xecbf14ea,.\hud\batnl_pnt2_ffa.csv,gfc_extracted\./hud/batnl_pnt2_ffa.csv,crc
0x2d88800,122,1891,0xd80a87e,.\hud\batnl_pnt3.csv,gfc_extracted\./hud/batnl_pnt3.csv,crc
0x2d89000,122,4163,0xe64eaa3e,.\hud\batnl_pnt3_ffa.csv,gfc_extracted\./hud/batnl_pnt3_ffa.csv,crc
0x2d89800,122,2831,0xf0de8d91,.\hud\batnl_pnt4.csv,gfc_extracted\./hud/batnl_pnt4.csv,crc
0x2d8a000,122,5398,0x41be3822,.\hud\batnl_pnt4_ffa.csv,gfc_extracted\./hud/batnl_pnt4_ffa.csv,crc
0x2d8a800,122,3594,0x31f675b0,.\hud\battle1.csv,gfc_extracted\./hud/battle1.csv,crc
0x2d8b000,122,667,0x18dcc353,.\common\hud\battle2.csv,gfc_extracted\./common/hud/battle2.csv,crc
0x2d8b800,122,1501,0x1dd18dff,.\hud\battle3.csv,gfc_extracted\./hud/battle3.csv,crc
0x2d8c000,122,2375,0xc428084b,.\hud\battle4.csv,gfc_extracted\./hud/battle4.csv,crc
0x2d8c800,122,3024,0x57ff44dc,.\hud\default.csv,gfc_extracted\./hud/default.csv,crc
0x2d8d000,122,1041,0xbcc9b4a8,.\common\hud\dotcolors.csv,gfc_extracted\./common/hud/dotcolors.csv,crc
0x2d8d800,122,437,0x69d99b48,.\common\hud\lobby1.csv,gfc_extracted\./common/hud/lobby1.csv,crc
0x2d8e000,122,2571,0x316e48f,.\common\hud\lobby2.csv,gfc_extracted\./common/hud/lobby2.csv,crc
0x2d8e800,122,3445,0x659e0deb,.\hud\maps\barin1.igb,gfc_extracted\./hud/maps/barin1.igb,crc
0x2d8f000,122,12024,0x84316317,.\common\hud\maps\barin1.png,gfc_extracted\./common/hud/maps/barin1.png,crc
0x2d91800,48,4091,0x4ad1d408,,gfc_extracted\block_02572\block_02572.png,content
0x2d92800,122,6212,0x30fa4abb,.\common\hud\maps\barin2.png,gfc_extracted\./common/hud/maps/barin2.png,crc
0x2d93800,48,2043,0x51369fde,,gfc_extracted\block_02574\block_02574.png,content
0x2d94000,122,6452,0xca30b74d,.\common\hud\maps\barin3.png,gfc_extracted\./common/hud/maps/barin3.png,crc
0x2d95000,48,4091,0x374a2907,,gfc_extracted\block_02576\block_02576.png,content
0x2d96000,122,7258,0x9c0027d6,.\common\hud\maps\earth1.png,gfc_extracted\./common/hud/maps/earth1.png,crc
0x2d97800,48,2043,0x9b5d985a,,gfc_extracted\block_02578\block_02578.png,content
0x2d98000,122,5548,0x2bc2e892,.\common\hud\maps\earth2.png,gfc_extracted\./common/hud/maps/earth2.png,crc
0x2d99000,48,2043,0x1bc35891,,gfc_extracted\block_02580\block_02580.png,content
0x2d99800,122,4788,0xbeb9aaf9,.\common\hud\maps\earth3.png,gfc_extracted\./common/hud/maps/earth3.png,crc
0x2d9a800,48,2043,0xc5aa992,,gfc_extracted\block_02582\block_02582.png,content
0x2d9b000,122,4966,0xeafba4f0,.\common\hud\maps\fenom1.png,gfc_extracted\./common/hud/maps/fenom1.png,crc
0x2d9c000,48,4091,0xe77f3804,,gfc_extracted\block_02584\block_02584.png,content
0x2d9d000,122,6654,0x36d670a4,.\common\hud\maps\fenom2.png,gfc_extracted\./common/hud/maps/fenom2.png,crc
0x2d9e000,48,2043,0xf4bb4cb0,,gfc_extracted\block_02586\block_02586.png,content
0x2d9e800,122,6394,0x852fbdb6,.\common\hud\maps\fenom3.png,gfc_extracted\./common/hud/maps/fenom3.png,crc
0x2d9f800,48,4091,0x624c040,,gfc_extracted\block_02588\block_02588.png,content
0x2da0800,122,8159,0xd5a74f87,.\common\hud\maps\hub1.png,gfc_extracted\./common/hud/maps/hub1.png,crc
0x2da2000,48,2043,0x3d20124,,gfc_extracted\block_02590\block_02590.png,content
0x2da2800,122,8159,0xd5a74f87,.\common\hud\maps\hub1.png,gfc_extracted\./common/hud/maps/hub1.png,crc
0x2da4000,48,2043,0x3d20124,,gfc_extracted\block_02592\block_02592.png,content
0x2da4800,122,8159,0xd5a74f87,.\common\hud\maps\hub1.png,gfc_extracted\./common/hud/maps/hub1.png,crc
0x2da6000,48,2043,0x3d20124,,gfc_extracted\block_02594\block_02594.png,content
0x2da6800,122,8159,0xd5a74f87,.\common\hud\maps\hub1.png,gfc_extracted\./common/hud/maps/hub1.png,crc
0x2da8000,48,2043,0x3d20124,,gfc_extracted\block_02596\block_02596.png,content
0x2da8800,122,5314,0x4b82f78c,.\common\hud\maps\teknee1.png,gfc_extracted\./common/hud/maps/teknee1.png,crc
0x2da9800,48,4091,0x8cace1c2,,gfc_extracted\block_02598\block_02598.png,content
0x2daa800,122,6996,0x5b4e8cf2,.\common\hud\maps\teknee2.png,gfc_extracted\./common/hud/maps/teknee2.png,crc
0x2dab800,48,2043,0x582bb62d,,gfc_extracted\block_02600\block_02600.png,content
0x2dac000,122,5806,0xc56e6fc1,.\common\hud\maps\teknee3.png,gfc_extracted\./common/hud/maps/teknee3.png,crc
0x2dad000,48,4091,0x316e38a4,,gfc_extracted\block_02602\block_02602.png,content
0x2dae000,122,6608,0x11c70420,.\common\hud\maps\velorace.png,gfc_extracted\./common/hud/maps/velorace.png,crc
0x2daf000,48,4091,0x3390c258,,gfc_extracted\block_02604\block_02604.png,content
0x2db0000,122,3418,0x86d26b1d,.\common\hud\postrace_base.csv,gfc_extracted\./common/hud/postrace_base.csv,crc
0x2db0800,122,7029,0xdd5bffeb,.\common\hud\spectator.csv,gfc_extracted\./common/hud/spectator.csv,crc
0x2db1800,122,107,0x6805d7e1,.\common\hud\timetrial.csv,gfc_extracted\./common/hud/timetrial.csv,crc
0x2db2000,122,1010,0x68ee5e81,.\common\hud\timetriallap.csv,gfc_extracted\./common/hud/timetriallap.csv,crc
0x2db2800,122,1003,0x99df7b36,.\common\hud\vs1.csv,gfc_extracted\./common/hud/vs1.csv,crc
0x2db3000,122,1293,0x25431376,.\common\hud\vs2.csv,gfc_extracted\./common/hud/vs2.csv,crc
0x2db3800,122,2669,0xd6952322,.\hud\vs3.csv,gfc_extracted\./hud/vs3.csv,crc
0x2db4000,122,4032,0x6bd21670,.\hud\vs4.csv,gfc_extracted\./hud/vs4.csv,crc
0x2db4800,122,5072,0x7438f630,.\hud\vscr1.csv,gfc_extracted\./hud/vscr1.csv,crc
0x2db5000,122,1117,0xc99d65e6,.\common\hud\vscr2.csv,gfc_extracted\./common/hud/vscr2.csv,crc
0x2db5800,122,2141,0x30cbc0e5,.\hud\vscr3.csv,gfc_extracted\./hud/vscr3.csv,crc
0x2db6000,122,3120,0x83a861ee,.\hud\vscr4.csv,gfc_extracted\./hud/vscr4.csv,crc
0x2db6800,122,3994,0xd3d979d6,.\ps2\audio\airrelease1.vag,gfc_extracted\./ps2/audio/airrelease1.vag,crc
0x2db7000,122,9120,0x1a5bcc63,.\ps2\audio\airrelease2.vag,gfc_extracted\./ps2/audio/airrelease2.vag,crc
0x2db9000,122,5104,0x1a3da826,.\ps2\audio\akudrum.vag,gfc_extracted\./ps2/audio/akudrum.vag,crc
0x2dba800,122,7776,0xccc2b28a,.\ps2\audio\arcing.vag,gfc_extracted\./ps2/audio/arcing.vag,crc
0x2dbc800,122,15680,0x8d7bed50,.\ps2\audio\armservo2.vag,gfc_extracted\./ps2/audio/armservo2.vag,crc
0x2dc0000,122,18016,0xca81d1cc,.\ps2\audio\balldrop.vag,gfc_extracted\./ps2/audio/balldrop.vag,crc
0x2dc4000,122,6144,0x74251520,.\ps2\audio\bclkstd.vag,gfc_extracted\./ps2/audio/bclkstd.vag,crc
0x2dc5800,122,10912,0x195c4076,.\ps2\audio\bigclockwhoosh.vag,gfc_extracted\./ps2/audio/bigclockwhoosh.vag,crc
0x2dc8000,122,10928,0x25727232,.\ps2\audio\bigtick.vag,gfc_extracted\./ps2/audio/bigtick.vag,crc
0x2dca800,122,11200,0xb6744306,.\ps2\audio\bluorb3.vag,gfc_extracted\./ps2/audio/bluorb3.vag,crc
0x2dcd000,122,15632,0x3f71e231,.\ps2\audio\bncepad1.vag,gfc_extracted\./ps2/audio/bncepad1.vag,crc
0x2dd0800,122,16864,0xaf2e07c3,.\ps2\audio\bombxpl3.vag,gfc_extracted\./ps2/audio/bombxpl3.vag,crc
0x2dd4000,122,8976,0xa08812e6,.\ps2\audio\bombxpl4.vag,gfc_extracted\./ps2/audio/bombxpl4.vag,crc
0x2dd6000,122,12576,0xf808711f,.\ps2\audio\boostpd2.vag,gfc_extracted\./ps2/audio/boostpd2.vag,crc
0x2dd9000,122,17760,0x99498819,.\ps2\audio\carhorn2.vag,gfc_extracted\./ps2/audio/carhorn2.vag,crc
0x2ddc800,122,6592,0x89c85570,.\ps2\audio\carhorn3.vag,gfc_extracted\./ps2/audio/carhorn3.vag,crc
0x2dde000,122,6480,0x58f12874,.\ps2\audio\carhorn4.vag,gfc_extracted\./ps2/audio/carhorn4.vag,crc
0x2ddf800,122,3984,0x7b0ba6d5,.\ps2\audio\carhorn5.vag,gfc_extracted\./ps2/audio/carhorn5.vag,crc
0x2de0800,122,7712,0x77495d7f,.\ps2\audio\carmotr1.vag,gfc_extracted\./ps2/audio/carmotr1.vag,crc
0x2de2800,122,3552,0x52d68f97,.\ps2\audio\carmotr2.vag,gfc_extracted\./ps2/audio/carmotr2.vag,crc
0x2de3800,122,8256,0x9dfc877a,.\ps2\audio\carmotr4.vag,gfc_extracted\./ps2/audio/carmotr4.vag,crc
0x2de5800,122,1760,0x28bc9f7a,.\ps2\audio\carmotr5.vag,gfc_extracted\./ps2/audio/carmotr5.vag,crc
0x2de6000,122,3840,0xbc9fe716,.\ps2\audio\carmotr6.vag,gfc_extracted\./ps2/audio/carmotr6.vag,crc
0x2de7000,122,8432,0x6a2c79e2,.\ps2\audio\carmotr7.vag,gfc_extracted\./ps2/audio/carmotr7.vag,crc
0x2de9000,122,8800,0x6a6de6e4,.\ps2\audio\caveamb1.vag,gfc_extracted\./ps2/audio/caveamb1.vag,crc
0x2deb000,122,38144,0xf1be7f22,.\ps2\audio\cococ.vag,gfc_extracted\./ps2/audio/cococ.vag,crc
0x2df3000,122,19968,0x34a88f5d,.\ps2\audio\cocoi1.vag,gfc_extracted\./ps2/audio/cocoi1.vag,crc
0x2df7000,122,30720,0xad4836c4,.\ps2\audio\cocoi2.vag,gfc_extracted\./ps2/audio/cocoi2.vag,crc
0x2dfd800,122,13232,0xc7a0e10e,.\ps2\audio\cocol1.vag,gfc_extracted\./ps2/audio/cocol1.vag,crc
0x2dff000,122,19104,0x415c23b6,.\ps2\audio\countdn5.vag,gfc_extracted\./ps2/audio/countdn5.vag,crc
0x2e03000,122,65536,0x770bdaa6,,gfc_extracted\block_02647\block_02647.bin,content
0x2e07800,122,65536,0x12b871ab,,gfc_extracted\block_02648\block_02648.bin,content
0x2e0d800,122,65536,0x33d92e7,,gfc_extracted\block_02649\block_02649.bin,content
0x2e14800,122,4272,0xe7139e4f,,gfc_extracted\block_02650\block_02650.bin,content
0x2e15800,122,27280,0xba53e03a,.\ps2\audio\crashi1.vag,gfc_extracted\./ps2/audio/crashi1.vag,crc
0x2e19800,122,65536,0xe389b448,,gfc_extracted\block_02652\block_02652.bin,content
0x2e22800,122,64,0xca3b5300,,gfc_extracted\block_02653\block_02653.bin,content
0x2e23000,122,23184,0x9385e6a5,.\ps2\audio\crashw1.vag,gfc_extracted\./ps2/audio/crashw1.vag,crc
0x2e28000,122,65536,0x44dfc09a,,gfc_extracted\block_02655\block_02655.bin,content
0x2e2d000,122,34944,0xce55b8c,,gfc_extracted\block_02656\block_02656.bin,content
0x2e31000,122,9952,0x5181cc43,.\ps2\audio\cratdrp2.vag,gfc_extracted\./ps2/audio/cratdrp2.vag,crc
0x2e33800,122,6704,0xccef35b1,.\ps2\audio\cricket1.vag,gfc_extracted\./ps2/audio/cricket1.vag,crc
0x2e35000,122,23152,0xc6315af7,.\ps2\audio\crnchi1.vag,gfc_extracted\./ps2/audio/crnchi1.vag,crc
0x2e37800,122,31376,0x61d642d4,.\ps2\audio\crnchi2.vag,gfc_extracted\./ps2/audio/crnchi2.vag,crc
0x2e3b800,122,38976,0xa1d3b6e5,.\ps2\audio\crnchl1.vag,gfc_extracted\./ps2/audio/crnchl1.vag,crc
0x2e3e000,122,9568,0xdfae3f11,.\ps2\audio\crnchl2.vag,gfc_extracted\./ps2/audio/crnchl2.vag,crc
0x2e40000,122,56752,0x8755d8c5,.\ps2\audio\crnchw1.vag,gfc_extracted\./ps2/audio/crnchw1.vag,crc
0x2e44800,122,38400,0xed7064bd,.\ps2\audio\crnchw2.vag,gfc_extracted\./ps2/audio/crnchw2.vag,crc
0x2e4a000,122,25072,0x7e3168e0,.\ps2\audio\crowd1.vag,gfc_extracted\./ps2/audio/crowd1.vag,crc
0x2e4e000,122,27248,0xd764fa9b,.\ps2\audio\crowd2.vag,gfc_extracted\./ps2/audio/crowd2.vag,crc
0x2e54000,122,30992,0xac585000,.\ps2\audio\crowd3.vag,gfc_extracted\./ps2/audio/crowd3.vag,crc
0x2e5a800,122,27712,0x2865024a,.\ps2\audio\crowd4.vag,gfc_extracted\./ps2/audio/crowd4.vag,crc
0x2e60800,122,33376,0x293e3f40,.\ps2\audio\crsheng3.vag,gfc_extracted\./ps2/audio/crsheng3.vag,crc
0x2e67800,122,1968,0x18f805d4,.\ps2\audio\crtxeng8.vag,gfc_extracted\./ps2/audio/crtxeng8.vag,crc
0x2e68000,122,2464,0x7a3ade7a,.\ps2\audio\crystinc.vag,gfc_extracted\./ps2/audio/crystinc.vag,crc
0x2e69000,122,3936,0xf8c3233c,.\ps2\audio\crystlos.vag,gfc_extracted\./ps2/audio/crystlos.vag,crc
0x2e6a000,122,6992,0x663413c0,.\ps2\audio\cubedrop.vag,gfc_extracted\./ps2/audio/cubedrop.vag,crc
0x2e6b800,122,6816,0x3edfb647,.\ps2\audio\cubedur3.vag,gfc_extracted\./ps2/audio/cubedur3.vag,crc
0x2e6d000,122,25968,0x5ec3ab9,.\ps2\audio\dingol2.vag,gfc_extracted\./ps2/audio/dingol2.vag,crc
0x2e72000,122,60992,0x2dbb1a3c,.\ps2\audio\dingow1.vag,gfc_extracted\./ps2/audio/dingow1.vag,crc
0x2e78000,122,10640,0xbed374cc,.\ps2\audio\doorcls.vag,gfc_extracted\./ps2/audio/doorcls.vag,crc
0x2e7a800,122,21264,0x58335ef,.\ps2\audio\dsrtbrd3.vag,gfc_extracted\./ps2/audio/dsrtbrd3.vag,crc
0x2e7e800,122,10048,0x699ee09d,.\ps2\audio\evilmot6.vag,gfc_extracted\./ps2/audio/evilmot6.vag,crc
0x2e81000,122,11248,0xa79f8b7a,.\ps2\audio\fakec1fx.vag,gfc_extracted\./ps2/audio/fakec1fx.vag,crc
0x2e83800,122,65536,0x3fe9828,,gfc_extracted\block_02681\block_02681.bin,content
0x2e85000,122,20544,0x7efa73d0,,gfc_extracted\block_02682\block_02682.bin,content
0x2e85800,122,44400,0x5234e436,.\ps2\audio\fakecl2.vag,gfc_extracted\./ps2/audio/fakecl2.vag,crc
0x2e8c000,122,43072,0xec5682aa,.\ps2\audio\fakecw1.vag,gfc_extracted\./ps2/audio/fakecw1.vag,crc
0x2e8e000,122,55072,0x4b5210e1,.\ps2\audio\fakecw2.vag,gfc_extracted\./ps2/audio/fakecw2.vag,crc
0x2e96800,122,48368,0xe46f07ea,.\ps2\audio\fanblad1.vag,gfc_extracted\./ps2/audio/fanblad1.vag,crc
0x2e9d000,122,9200,0x29b9186f,.\ps2\audio\fanblade2.vag,gfc_extracted\./ps2/audio/fanblade2.vag,crc
0x2e9f000,122,3936,0x97f0f693,.\ps2\audio\feui0020.vag,gfc_extracted\./ps2/audio/feui0020.vag,crc
0x2ea0000,122,7136,0x55169143,.\ps2\audio\feui0030.vag,gfc_extracted\./ps2/audio/feui0030.vag,crc
0x2ea1800,122,18352,0x232b3d32,.\ps2\audio\floatdsc.vag,gfc_extracted\./ps2/audio/floatdsc.vag,crc
0x2ea5800,122,9088,0x58fb1ad0,.\ps2\audio\fluidsqt.vag,gfc_extracted\./ps2/audio/fluidsqt.vag,crc
0x2ea7800,122,6144,0x96ad7cff,.\ps2\audio\foo.vag,gfc_extracted\./ps2/audio/foo.vag,crc
0x2ea9000,122,8704,0x127b04fa,.\ps2\audio\frnzend.vag,gfc_extracted\./ps2/audio/frnzend.vag,crc
0x2eab000,122,7840,0x7384d5f6,.\ps2\audio\frutdur3.vag,gfc_extracted\./ps2/audio/frutdur3.vag,crc
0x2ead000,122,8848,0xfd1c6710,.\ps2\audio\fruthead.vag,gfc_extracted\./ps2/audio/fruthead.vag,crc
0x2eaf000,122,10736,0xcb676fab,.\ps2\audio\gateunlk.vag,gfc_extracted\./ps2/audio/gateunlk.vag,crc
0x2eb1800,122,8336,0xbe90bee5,.\ps2\audio\gatwarp3.vag,gfc_extracted\./ps2/audio/gatwarp3.vag,crc
0x2eb3800,122,6784,0x23fae369,.\ps2\audio\gear2.vag,gfc_extracted\./ps2/audio/gear2.vag,crc
0x2eb5000,122,18208,0x5701c55e,.\ps2\audio\gractrig.vag,gfc_extracted\./ps2/audio/gractrig.vag,crc
0x2eb9000,122,10464,0x51da742c,.\ps2\audio\grinder.vag,gfc_extracted\./ps2/audio/grinder.vag,crc
0x2ebb800,122,14240,0xaa61eff4,.\ps2\audio\itemwon2.vag,gfc_extracted\./ps2/audio/itemwon2.vag,crc
0x2ebe800,122,3216,0x93d6dcf4,.\ps2\audio\jawptrol.vag,gfc_extracted\./ps2/audio/jawptrol.vag,crc
0x2ebf800,122,8672,0x17ed59fb,.\ps2\audio\kartslid.vag,gfc_extracted\./ps2/audio/kartslid.vag,crc
0x2ec1800,122,13264,0xb5dbbb9d,.\ps2\audio\krtscrp3.vag,gfc_extracted\./ps2/audio/krtscrp3.vag,crc
0x2ec4800,122,7760,0xbac6db1f,.\ps2\audio\kukuclok.vag,gfc_extracted\./ps2/audio/kukuclok.vag,crc
0x2ec6800,122,5424,0x4d162068,.\ps2\audio\kukudr1.vag,gfc_extracted\./ps2/audio/kukudr1.vag,crc
0x2ec8000,122,6240,0x688c5cca,.\ps2\audio\kukudr2.vag,gfc_extracted\./ps2/audio/kukudr2.vag,crc
0x2ec9800,122,6384,0x9376f843,.\ps2\audio\lampmvmt.vag,gfc_extracted\./ps2/audio/lampmvmt.vag,crc
0x2ecb000,122,9472,0xa7be11fe,.\ps2\audio\litespn2.vag,gfc_extracted\./ps2/audio/litespn2.vag,crc
0x2ecd000,122,14272,0xf4b0216c,.\ps2\audio\litespn3.vag,gfc_extracted\./ps2/audio/litespn3.vag,crc
0x2ed0000,122,18384,0xeefc7c55,.\ps2\audio\litespn6.vag,gfc_extracted\./ps2/audio/litespn6.vag,crc
0x2ed3800,122,14768,0xa8bf106a,.\ps2\audio\lndbgair.vag,gfc_extracted\./ps2/audio/lndbgair.vag,crc
0x2ed6800,122,6304,0x8eae0662,.\ps2\audio\magboost.vag,gfc_extracted\./ps2/audio/magboost.vag,crc
0x2ed8000,122,6416,0x5758ea4a,.\ps2\audio\minehit2.vag,gfc_extracted\./ps2/audio/minehit2.vag,crc
0x2ed9800,122,4000,0xc9a7ff63,.\ps2\audio\misping3.vag,gfc_extracted\./ps2/audio/misping3.vag,crc
0x2eda800,122,1920,0xfacc716b,.\ps2\audio\misscam.vag,gfc_extracted\./ps2/audio/misscam.vag,crc
0x2edb000,122,6352,0x81a353b6,.\ps2\audio\missfir3.vag,gfc_extracted\./ps2/audio/missfir3.vag,crc
0x2edc800,122,6416,0xc231abbd,.\ps2\audio\msthrust.vag,gfc_extracted\./ps2/audio/msthrust.vag,crc
0x2ede000,122,4624,0x4bda64e0,.\ps2\audio\mstrack.vag,gfc_extracted\./ps2/audio/mstrack.vag,crc
0x2edf800,122,3344,0x1850571,.\ps2\audio\ncrtx1fx.vag,gfc_extracted\./ps2/audio/ncrtx1fx.vag,crc
0x2ee0800,122,17776,0x37e9718e,.\ps2\audio\ncrtxi1.vag,gfc_extracted\./ps2/audio/ncrtxi1.vag,crc
0x2ee4800,122,36352,0xb603ac1b,.\ps2\audio\ncrtxl1.vag,gfc_extracted\./ps2/audio/ncrtxl1.vag,crc
0x2ee9800,122,15216,0x88710a5b,.\ps2\audio\ncrtxl2.vag,gfc_extracted\./ps2/audio/ncrtxl2.vag,crc
0x2eec800,122,15520,0x62603569,.\ps2\audio\ncrtxw1.vag,gfc_extracted\./ps2/audio/ncrtxw1.vag,crc
0x2eef800,122,65536,0x8b0cd0a6,,gfc_extracted\block_02725\block_02725.bin,content
0x2efa800,122,65536,0x8d8845d,,gfc_extracted\block_02726\block_02726.bin,content
0x2f07000,122,368,0x22d02b15,,gfc_extracted\block_02727\block_02727.bin,content
0x2f07800,122,18848,0x5148e462,.\ps2\audio\nginfx1.vag,gfc_extracted\./ps2/audio/nginfx1.vag,crc
0x2f0a800,122,14080,0xeb8cb1ee,.\ps2\audio\nginfx3.vag,gfc_extracted\./ps2/audio/nginfx3.vag,crc
0x2f0d800,122,23040,0x85bcc548,.\ps2\audio\nginl1.vag,gfc_extracted\./ps2/audio/nginl1.vag,crc
0x2f11000,122,17824,0x31e0927f,.\ps2\audio\nginw1.vag,gfc_extracted\./ps2/audio/nginw1.vag,crc
0x2f14800,122,65536,0xd95ea088,,gfc_extracted\block_02732\block_02732.bin,content
0x2f15000,122,65536,0x11a4b66a,,gfc_extracted\block_02733\block_02733.bin,content
0x2f1c000,122,208,0x4fab96b0,,gfc_extracted\block_02734\block_02734.bin,content
0x2f1c800,122,65536,0x34abcf88,,gfc_extracted\block_02735\block_02735.bin,content
0x2f2a000,122,12944,0xf1fab129,,gfc_extracted\block_02736\block_02736.bin,content
0x2f2d000,122,65536,0xe597dcf6,,gfc_extracted\block_02737\block_02737.bin,content
0x2f3a000,122,27280,0x796d4bc1,,gfc_extracted\block_02738\block_02738.bin,content
0x2f40000,122,65536,0x6dc4a582,,gfc_extracted\block_02739\block_02739.bin,content
0x2f4b800,122,9296,0x73d38c7b,,gfc_extracted\block_02740\block_02740.bin,content
0x2f4d800,122,39280,0xc205bf6d,.\ps2\audio\ntrncw1.vag,gfc_extracted\./ps2/audio/ntrncw1.vag,crc
0x2f56000,122,46448,0x8a9a6799,.\ps2\audio\ntrncw2.vag,gfc_extracted\./ps2/audio/ntrncw2.vag,crc
0x2f5f800,122,37456,0x7e980b0,.\ps2\audio\ntrpyfx1.vag,gfc_extracted\./ps2/audio/ntrpyfx1.vag,crc
0x2f66800,122,65536,0xedc09a9f,,gfc_extracted\block_02744\block_02744.bin,content
0x2f74000,122,17040,0x3c0b7425,,gfc_extracted\block_02745\block_02745.bin,content
0x2f77800,122,65536,0xeae62b66,,gfc_extracted\block_02746\block_02746.bin,content
0x2f85000,122,25248,0xcbb292eb,,gfc_extracted\block_02747\block_02747.bin,content
0x2f8a800,122,65536,0x480e61eb,,gfc_extracted\block_02748\block_02748.bin,content
0x2f98000,122,30288,0xed93b3bc,,gfc_extracted\block_02749\block_02749.bin,content
0x2f9e800,122,65536,0x3d9040c4,,gfc_extracted\block_02750\block_02750.bin,content
0x2fac000,122,28736,0x7efc9cc1,,gfc_extracted\block_02751\block_02751.bin,content
0x2fb2000,122,41328,0x9808f7de,.\ps2\audio\ntrpyl2.vag,gfc_extracted\./ps2/audio/ntrpyl2.vag,crc
0x2fba800,122,45424,0xe53f7278,.\ps2\audio\ntrpyw1.vag,gfc_extracted\./ps2/audio/ntrpyw1.vag,crc
0x2fc4000,122,47952,0xa4578096,.\ps2\audio\ntrpyw2.vag,gfc_extracted\./ps2/audio/ntrpyw2.vag,crc
0x2fce000,122,47168,0xcd3f27cc,.\ps2\audio\ocean1.vag,gfc_extracted\./ps2/audio/ocean1.vag,crc
0x2fd8000,122,15200,0x519a1340,.\ps2\audio\owl1.vag,gfc_extracted\./ps2/audio/owl1.vag,crc
0x2fdb000,122,65536,0xb2edb4b6,,gfc_extracted\block_02757\block_02757.bin,content
0x2fe3800,122,65536,0xeb3b8930,,gfc_extracted\block_02758\block_02758.bin,content
0x2fe8000,122,65536,0x24ec80b1,,gfc_extracted\block_02759\block_02759.bin,content
0x2fea000,122,8848,0x58bb2ff9,,gfc_extracted\block_02760\block_02760.bin,content
0x2fea800,122,65536,0xe0acdb23,,gfc_extracted\block_02761\block_02761.bin,content
0x2ff8800,122,52736,0xd5885c87,,gfc_extracted\block_02762\block_02762.bin,content
0x3003800,122,65536,0x1e2e9ed0,,gfc_extracted\block_02763\block_02763.bin,content
0x300d800,122,37232,0xae86fe0b,,gfc_extracted\block_02764\block_02764.bin,content
0x3012000,122,59168,0xf231cb34,.\ps2\audio\oxidmot1.vag,gfc_extracted\./ps2/audio/oxidmot1.vag,crc
0x301e800,122,8688,0x5401986,.\ps2\audio\partbeam.vag,gfc_extracted\./ps2/audio/partbeam.vag,crc
0x3020800,122,65536,0xe3b9ffa7,,gfc_extracted\block_02767\block_02767.bin,content
0x3028000,122,12464,0xcfbe14e3,,gfc_extracted\block_02768\block_02768.bin,content
0x3028800,122,65536,0x791a3d01,,gfc_extracted\block_02769\block_02769.bin,content
0x3029000,122,65536,0x5ede73d6,,gfc_extracted\block_02770\block_02770.bin,content
0x302b000,122,47488,0x94f78f7d,,gfc_extracted\block_02771\block_02771.bin,content
0x302d000,122,65536,0xbe670c42,,gfc_extracted\block_02772\block_02772.bin,content
0x3030800,122,65536,0xbdbcb3b9,,gfc_extracted\block_02773\block_02773.bin,content
0x303c800,122,40064,0x5c04d27,,gfc_extracted\block_02774\block_02774.bin,content
0x3040000,122,18224,0x954bb708,.\ps2\audio\puraw1.vag,gfc_extracted\./ps2/audio/puraw1.vag,crc
0x3042000,122,65536,0x667449d3,,gfc_extracted\block_02776\block_02776.bin,content
0x304d000,122,20064,0x1ad4892c,,gfc_extracted\block_02777\block_02777.bin,content
0x304f800,122,47760,0xdb46cde2,.\ps2\audio\realvfx2.vag,gfc_extracted\./ps2/audio/realvfx2.vag,crc
0x3056000,122,65536,0x30c26b1b,,gfc_extracted\block_02779\block_02779.bin,content
0x3058000,122,35472,0xf4881b0e,,gfc_extracted\block_02780\block_02780.bin,content
0x3058800,122,23920,0xfca454df,.\ps2\audio\realvl2.vag,gfc_extracted\./ps2/audio/realvl2.vag,crc
0x305c000,122,58288,0x932a7c63,.\ps2\audio\realvw2.vag,gfc_extracted\./ps2/audio/realvw2.vag,crc
0x305f000,122,46368,0x45c5ceb7,.\ps2\audio\ringbeam.vag,gfc_extracted\./ps2/audio/ringbeam.vag,crc
0x3064800,122,6720,0x7b9c27b8,.\ps2\audio\ringsprk.vag,gfc_extracted\./ps2/audio/ringsprk.vag,crc
0x3066000,122,18512,0x94b7479a,.\ps2\audio\robo1.vag,gfc_extracted\./ps2/audio/robo1.vag,crc
0x306a000,122,4672,0x4f614be6,.\ps2\audio\seagull1.vag,gfc_extracted\./ps2/audio/seagull1.vag,crc
0x306b000,122,8928,0x88a31770,.\ps2\audio\shldlop2.vag,gfc_extracted\./ps2/audio/shldlop2.vag,crc
0x306d000,122,4304,0x5e0c68de,.\ps2\audio\sign1.vag,gfc_extracted\./ps2/audio/sign1.vag,crc
0x306e000,122,9152,0x352cd888,.\ps2\audio\sign5.vag,gfc_extracted\./ps2/audio/sign5.vag,crc
0x3070000,122,1024,0x5ec89884,.\ps2\audio\siren1.vag,gfc_extracted\./ps2/audio/siren1.vag,crc
0x3070800,122,21664,0x3ddb466c,.\ps2\audio\siren2.vag,gfc_extracted\./ps2/audio/siren2.vag,crc
0x3075000,122,9760,0xc4aded45,.\ps2\audio\siren3.vag,gfc_extracted\./ps2/audio/siren3.vag,crc
0x3077800,122,5856,0xa4aa7611,.\ps2\audio\siren4.vag,gfc_extracted\./ps2/audio/siren4.vag,crc
0x3079000,122,19968,0x554c8947,.\ps2\audio\smasher2.vag,gfc_extracted\./ps2/audio/smasher2.vag,crc
0x307d000,122,9264,0xa0c78099,.\ps2\audio\spacship.vag,gfc_extracted\./ps2/audio/spacship.vag,crc
0x307f000,122,2032,0x2ab2e674,.\ps2\audio\spcship2.vag,gfc_extracted\./ps2/audio/spcship2.vag,crc
0x307f800,122,2592,0x34ab0c56,.\ps2\audio\spcship3.vag,gfc_extracted\./ps2/audio/spcship3.vag,crc
0x3080800,122,2336,0x6c750f71,.\ps2\audio\splash.vag,gfc_extracted\./ps2/audio/splash.vag,crc
0x3081800,122,7840,0x4ebbdb95,.\ps2\audio\sprkyrun.vag,gfc_extracted\./ps2/audio/sprkyrun.vag,crc
0x3083800,122,11632,0x312296ad,.\ps2\audio\steampuf.vag,gfc_extracted\./ps2/audio/steampuf.vag,crc
0x3086000,122,11984,0xb26c0c10,.\ps2\audio\stoplit1.vag,gfc_extracted\./ps2/audio/stoplit1.vag,crc
0x3088800,122,10032,0x104d30a2,.\ps2\audio\stoplit2.vag,gfc_extracted\./ps2/audio/stoplit2.vag,crc
0x308a800,122,5888,0x84159e6e,.\ps2\audio\stripdrp.vag,gfc_extracted\./ps2/audio/stripdrp.vag,crc
0x308c000,122,4384,0x30eac19,.\ps2\audio\subhorn.vag,gfc_extracted\./ps2/audio/subhorn.vag,crc
0x308d000,122,36928,0x711156b9,.\ps2\audio\tinyfx1.vag,gfc_extracted\./ps2/audio/tinyfx1.vag,crc
0x3094000,122,34160,0x26e64fc8,.\ps2\audio\tinyi1.vag,gfc_extracted\./ps2/audio/tinyi1.vag,crc
0x3098800,122,36208,0xd8ac2e13,.\ps2\audio\tinyi2.vag,gfc_extracted\./ps2/audio/tinyi2.vag,crc
0x309e800,122,38976,0xf2896bab,.\ps2\audio\tinyl1.vag,gfc_extracted\./ps2/audio/tinyl1.vag,crc
0x30a5000,122,17328,0xeefb16a7,.\ps2\audio\tinyl2.vag,gfc_extracted\./ps2/audio/tinyl2.vag,crc
0x30a8800,122,24384,0xd391ee28,.\ps2\audio\tinyw1.vag,gfc_extracted\./ps2/audio/tinyw1.vag,crc
0x30ad000,122,17120,0x54797948,.\ps2\audio\tinyw2.vag,gfc_extracted\./ps2/audio/tinyw2.vag,crc
0x30b0800,122,40880,0xc560725e,.\ps2\audio\tntxplo.vag,gfc_extracted\./ps2/audio/tntxplo.vag,crc
0x30b7000,122,65536,0xf42a3be4,,gfc_extracted\block_02813\block_02813.bin,content
0x30c4800,122,65536,0x5e6e1a08,,gfc_extracted\block_02814\block_02814.bin,content
0x30d2000,122,65536,0x43d11b33,,gfc_extracted\block_02815\block_02815.bin,content
0x30df800,122,65536,0x53617d0b,,gfc_extracted\block_02816\block_02816.bin,content
0x30ed000,122,65536,0xb2dd40a6,,gfc_extracted\block_02817\block_02817.bin,content
0x30fa800,122,65536,0x2d385101,,gfc_extracted\block_02818\block_02818.bin,content
0x3108000,122,65536,0x84982d47,,gfc_extracted\block_02819\block_02819.bin,content
0x3115800,122,65536,0x843a3f9d,,gfc_extracted\block_02820\block_02820.bin,content
0x3123000,122,65536,0x31618945,,gfc_extracted\block_02821\block_02821.bin,content
0x3130800,122,65536,0xc329cd5c,,gfc_extracted\block_02822\block_02822.bin,content
0x313e000,122,46880,0x9b19a9c1,,gfc_extracted\block_02823\block_02823.bin,content
0x3147800,122,65536,0xd33707e2,,gfc_extracted\block_02824\block_02824.bin,content
0x3155000,122,65536,0xf817c115,,gfc_extracted\block_02825\block_02825.bin,content
0x3162800,122,65536,0x9915cc99,,gfc_extracted\block_02826\block_02826.bin,content
0x3170000,122,65536,0x4962e572,,gfc_extracted\block_02827\block_02827.bin,content
0x317d800,122,65536,0xec4c0d81,,gfc_extracted\block_02828\block_02828.bin,content
0x318b000,122,65536,0xd4dd37f,,gfc_extracted\block_02829\block_02829.bin,content
0x3198800,122,65536,0x162e24e4,,gfc_extracted\block_02830\block_02830.bin,content
0x31a6000,122,65536,0x2e461e81,,gfc_extracted\block_02831\block_02831.bin,content
0x31b3800,122,65536,0x57f2ef8c,,gfc_extracted\block_02832\block_02832.bin,content
0x31c1000,122,65536,0x9e6f79cf,,gfc_extracted\block_02833\block_02833.bin,content
0x31ce800,122,46880,0xcce5f6ef,,gfc_extracted\block_02834\block_02834.bin,content
0x31d8800,122,4687,0x5bbe4afe,.\ps2\audio\tubehum2.vag,gfc_extracted\./ps2/audio/tubehum2.vag,crc
0x31d9000,122,11696,0x442e73f,.\ps2\audio\tunnelfanstdy.vag,gfc_extracted\./ps2/audio/tunnelfanstdy.vag,crc
0x31db800,122,11024,0x513c8729,.\ps2\audio\tunnelfanswish.vag,gfc_extracted\./ps2/audio/tunnelfanswish.vag,crc
0x31de000,122,6304,0x8441ced,.\ps2\audio\turbine.vag,gfc_extracted\./ps2/audio/turbine.vag,crc
0x31df800,122,12064,0xa42d06d3,.\ps2\audio\ui-33k-l.vag,gfc_extracted\./ps2/audio/ui-33k-l.vag,crc
0x31e2000,122,65536,0x681ec29e,,gfc_extracted\block_02840\block_02840.bin,content
0x31ef800,122,65536,0xf1e64548,,gfc_extracted\block_02841\block_02841.bin,content
0x31fd000,122,65536,0x52779941,,gfc_extracted\block_02842\block_02842.bin,content
0x320a800,122,65536,0x234936b8,,gfc_extracted\block_02843\block_02843.bin,content
0x3218000,122,65536,0xb2ff64e2,,gfc_extracted\block_02844\block_02844.bin,content
0x3225800,122,65536,0xc2a72743,,gfc_extracted\block_02845\block_02845.bin,content
0x3233000,122,65536,0x117316ac,,gfc_extracted\block_02846\block_02846.bin,content
0x3240800,122,65536,0xceded903,,gfc_extracted\block_02847\block_02847.bin,content
0x324e000,122,8208,0x9bee50c5,,gfc_extracted\block_02848\block_02848.bin,content
0x3250000,122,65536,0xf85d7464,,gfc_extracted\block_02849\block_02849.bin,content
0x325d800,122,65536,0x22c9d1a3,,gfc_extracted\block_02850\block_02850.bin,content
0x326b000,122,65536,0xe0f384be,,gfc_extracted\block_02851\block_02851.bin,content
0x3278800,122,65536,0x2a6bdddd,,gfc_extracted\block_02852\block_02852.bin,content
0x3286000,122,65536,0x6d19ab12,,gfc_extracted\block_02853\block_02853.bin,content
0x3293800,122,65536,0x62e0eb6a,,gfc_extracted\block_02854\block_02854.bin,content
0x32a1000,122,65536,0xf4681247,,gfc_extracted\block_02855\block_02855.bin,content
0x32ae800,122,65536,0x3ddf5181,,gfc_extracted\block_02856\block_02856.bin,content
0x32bc000,122,8208,0xaab29910,,gfc_extracted\block_02857\block_02857.bin,content
0x32be000,122,8848,0xa7ece23e,.\ps2\audio\uiacpt3.vag,gfc_extracted\./ps2/audio/uiacpt3.vag,crc
0x32c0000,122,4864,0x9dadc0c5,.\ps2\audio\uicursr5.vag,gfc_extracted\./ps2/audio/uicursr5.vag,crc
0x32c1800,122,8544,0xb6e22bc8,.\ps2\audio\ukavox2.vag,gfc_extracted\./ps2/audio/ukavox2.vag,crc
0x32c3800,122,23584,0x82c16a88,.\ps2\audio\velovox1.vag,gfc_extracted\./ps2/audio/velovox1.vag,crc
0x32c8800,122,43456,0xa527ac18,.\ps2\audio\velovox2.vag,gfc_extracted\./ps2/audio/velovox2.vag,crc
0x32d1800,122,38192,0x44b8648d,.\ps2\audio\velovox4.vag,gfc_extracted\./ps2/audio/velovox4.vag,crc
0x32d9800,122,29184,0x3e3d87a9,.\ps2\audio\vent2.vag,gfc_extracted\./ps2/audio/vent2.vag,crc
0x32e0000,122,14640,0xba35eec7,.\ps2\audio\warpactv.vag,gfc_extracted\./ps2/audio/warpactv.vag,crc
0x32e3000,122,10928,0xc2fd383d,.\ps2\audio\warpbep2.vag,gfc_extracted\./ps2/audio/warpbep2.vag,crc
0x32e5800,122,7776,0xb3ad1005,.\ps2\audio\warpbep3.vag,gfc_extracted\./ps2/audio/warpbep3.vag,crc
0x32e7800,122,7376,0x5caf2763,.\ps2\audio\warpgat2.vag,gfc_extracted\./ps2/audio/warpgat2.vag,crc
0x32e9800,122,8832,0x374b546f,.\ps2\audio\warphud1.vag,gfc_extracted\./ps2/audio/warphud1.vag,crc
0x32eb800,122,4880,0x8c9517db,.\ps2\audio\warphud2.vag,gfc_extracted\./ps2/audio/warphud2.vag,crc
0x32ec800,122,7792,0x667f9230,.\ps2\audio\warpunlk.vag,gfc_extracted\./ps2/audio/warpunlk.vag,crc
0x32ee800,122,17488,0x3473802c,.\ps2\audio\watrpipe.vag,gfc_extracted\./ps2/audio/watrpipe.vag,crc
0x32f2000,122,11392,0x49a26593,.\ps2\audio\wave1.vag,gfc_extracted\./ps2/audio/wave1.vag,crc
0x32f4800,122,9840,0x65e8456f,.\ps2\audio\whistle2.vag,gfc_extracted\./ps2/audio/whistle2.vag,crc
0x32f7000,122,15232,0xe07f3460,.\ps2\audio\whitlite.vag,gfc_extracted\./ps2/audio/whitlite.vag,crc
0x32fa800,122,6752,0xf76c8554,.\ps2\audio\windcld1.vag,gfc_extracted\./ps2/audio/windcld1.vag,crc
0x32fc000,122,13568,0x1ab4c2eb,.\ps2\audio\windcld5.vag,gfc_extracted\./ps2/audio/windcld5.vag,crc
0x32ff000,122,18832,0xd0928bc9,.\ps2\audio\windcld6.vag,gfc_extracted\./ps2/audio/windcld6.vag,crc
0x3303000,122,31664,0x895a60ec,.\ps2\audio\windcld7.vag,gfc_extracted\./ps2/audio/windcld7.vag,crc
0x3309800,122,31664,0x7e59318d,.\ps2\audio\winddsrt.vag,gfc_extracted\./ps2/audio/winddsrt.vag,crc
0x3310000,122,14304,0x74172a85,.\ps2\audio\windgst3.vag,gfc_extracted\./ps2/audio/windgst3.vag,crc
0x3313000,122,17184,0xf66b5cbe,.\ps2\audio\windgst4.vag,gfc_extracted\./ps2/audio/windgst4.vag,crc
0x3316800,122,22208,0x6a3d93f4,.\ps2\audio\wrmgrwl2.vag,gfc_extracted\./ps2/audio/wrmgrwl2.vag,crc
0x331b000,122,9328,0x5b6b3567,.\ps2\audio\yell2.vag,gfc_extracted\./ps2/audio/yell2.vag,crc
0x331d000,122,9168,0x4bd33853,.\ps2\audio\yell3.vag,gfc_extracted\./ps2/audio/yell3.vag,crc
0x331f000,122,9856,0xbd99949e,.\ps2\audio\zaml2.vag,gfc_extracted\./ps2/audio/zaml2.vag,crc
0x3321000,122,10368,0x237d02fd,.\ps2\audio\zamw1.vag,gfc_extracted\./ps2/audio/zamw1.vag,crc
0x3323800,122,34880,0xe38ed69e,.\ps2\audio\zamw2.vag,gfc_extracted\./ps2/audio/zamw2.vag,crc
0x332a000,122,47024,0xd77a48c0,.\ps2\audio\zemfx1.vag,gfc_extracted\./ps2/audio/zemfx1.vag,crc
0x3333800,122,65536,0x446aa9a2,,gfc_extracted\block_02890\block_02890.bin,content
0x333e000,122,65536,0x3e40d143,,gfc_extracted\block_02891\block_02891.bin,content
0x333f800,122,3584,0xeadd35bf,,gfc_extracted\block_02892\block_02892.bin,content
0x3340000,122,44832,0x3a39e827,.\ps2\audio\zemfx3.vag,gfc_extracted\./ps2/audio/zemfx3.vag,crc
0x3348000,122,65536,0x905ed3cd,,gfc_extracted\block_02894\block_02894.bin,content
0x334d000,122,22304,0x48e88958,,gfc_extracted\block_02895\block_02895.bin,content
0x334d800,122,21472,0x3c891d24,.\ps2\audio\zeml2.vag,gfc_extracted\./ps2/audio/zeml2.vag,crc
0x3351000,122,65536,0x2101305,,gfc_extracted\block_02897\block_02897.bin,content
0x335c000,122,16160,0x253bb114,,gfc_extracted\block_02898\block_02898.bin,content
0x335d800,122,22448,0x41d717a1,.\ps2\audio\zemw2.vag,gfc_extracted\./ps2/audio/zemw2.vag,crc
0x3362000,122,58176,0xa0b688d6,.\ps2\camera\allmodes.csv,gfc_extracted\./ps2/camera/allmodes.csv,crc
0x3367800,122,65536,0x7a8c817,,gfc_extracted\block_02901\block_02901.bin,content
0x336a000,122,65536,0x5aac7488,,gfc_extracted\block_02902\block_02902.bin,content
0x336f000,122,65536,0x1369551b,,gfc_extracted\block_02903\block_02903.bin,content
0x3376000,122,65536,0xd94369b8,,gfc_extracted\block_02904\block_02904.bin,content
0x337c000,122,47872,0xa9e288cd,,gfc_extracted\block_02905\block_02905.bin,content
0x3381800,122,65536,0xabc8e3ab,,gfc_extracted\block_02906\block_02906.bin,content
0x3383800,122,65536,0x51d828bb,,gfc_extracted\block_02907\block_02907.bin,content
0x3386800,122,65536,0xc678d0f5,,gfc_extracted\block_02908\block_02908.bin,content
0x338b800,122,65536,0xd95aff30,,gfc_extracted\block_02909\block_02909.bin,content
0x3393000,122,65536,0xc78e4beb,,gfc_extracted\block_02910\block_02910.bin,content
0x339b000,122,65536,0x42f85f97,,gfc_extracted\block_02911\block_02911.bin,content
0x33a1000,122,12354,0xd48bcc8d,,gfc_extracted\block_02912\block_02912.csv,content
0x33a2800,122,65536,0x23149183,,gfc_extracted\block_02913\block_02913.bin,content
0x33a5000,122,65536,0xe94dd8d6,,gfc_extracted\block_02914\block_02914.bin,content
0x33aa800,122,65536,0x82412157,,gfc_extracted\block_02915\block_02915.csv,content
0x33b1800,122,65536,0x9505ef19,,gfc_extracted\block_02916\block_02916.bin,content
0x33b8000,122,65536,0xd1e19dec,,gfc_extracted\block_02917\block_02917.bin,content
0x33bd000,122,21478,0x37bdc93f,,gfc_extracted\block_02918\block_02918.bin,content
0x33c0000,122,65536,0x55befdde,,gfc_extracted\block_02919\block_02919.bin,content
0x33c2000,122,65536,0xc8150594,,gfc_extracted\block_02920\block_02920.bin,content
0x33c5000,122,65536,0xc0cdacec,,gfc_extracted\block_02921\block_02921.bin,content
0x33c9800,122,65536,0xfb84a0a5,,gfc_extracted\block_02922\block_02922.bin,content
0x33d1000,122,65536,0x432c7bc9,,gfc_extracted\block_02923\block_02923.bin,content
0x33d7000,122,65536,0x75364785,,gfc_extracted\block_02924\block_02924.bin,content
0x33de800,122,31126,0x3ee76246,,gfc_extracted\block_02925\block_02925.bin,content
0x33e2000,122,65536,0xeb0e3ba7,,gfc_extracted\block_02926\block_02926.bin,content
0x33e4800,122,65536,0xa1f26d3a,,gfc_extracted\block_02927\block_02927.bin,content
0x33e9800,122,65536,0x3de090aa,,gfc_extracted\block_02928\block_02928.bin,content
0x33f1000,122,65536,0x8474052a,,gfc_extracted\block_02929\block_02929.bin,content
0x33fa800,122,65536,0x725791ca,,gfc_extracted\block_02930\block_02930.bin,content
0x3402000,122,2532,0xb162981,,gfc_extracted\block_02931\block_02931.bin,content
0x3402800,122,65536,0x2b194dea,,gfc_extracted\block_02932\block_02932.bin,content
0x3404800,122,65536,0x23d8550a,,gfc_extracted\block_02933\block_02933.bin,content
0x3407800,122,65536,0xb54daabb,,gfc_extracted\block_02934\block_02934.bin,content
0x340f000,122,65536,0xc1d22b21,,gfc_extracted\block_02935\block_02935.bin,content
0x3416800,122,65536,0xfa841629,,gfc_extracted\block_02936\block_02936.bin,content
0x3420000,122,45290,0x71baaf93,,gfc_extracted\block_02937\block_02937.bin,content
0x3425800,122,65536,0xa3755bac,,gfc_extracted\block_02938\block_02938.bin,content
0x3427800,122,65536,0x9312e612,,gfc_extracted\block_02939\block_02939.bin,content
0x342a800,122,65536,0xe2d59102,,gfc_extracted\block_02940\block_02940.bin,content
0x3431800,122,65536,0xe83633a,,gfc_extracted\block_02941\block_02941.bin,content
0x3438800,122,65536,0x689580db,,gfc_extracted\block_02942\block_02942.bin,content
0x343f800,122,8898,0x6fdf3ed2,,gfc_extracted\block_02943\block_02943.bin,content
0x3440800,122,65536,0x409f7be1,,gfc_extracted\block_02944\block_02944.bin,content
0x3443000,122,65536,0xbf1328ae,,gfc_extracted\block_02945\block_02945.bin,content
0x3445800,122,65536,0xe6aac8a0,,gfc_extracted\block_02946\block_02946.bin,content
0x344c800,122,65536,0xc38280b,,gfc_extracted\block_02947\block_02947.bin,content
0x3454000,122,62962,0xaf037679,,gfc_extracted\block_02948\block_02948.bin,content
0x345a800,122,65536,0x800c01c5,,gfc_extracted\block_02949\block_02949.bin,content
0x345d000,122,65536,0x40856796,,gfc_extracted\block_02950\block_02950.bin,content
0x3460000,122,65536,0x3fb00dc9,,gfc_extracted\block_02951\block_02951.bin,content
0x3466800,122,65536,0x4cdf7628,,gfc_extracted\block_02952\block_02952.bin,content
0x346d000,122,65536,0x6fe6dbe,,gfc_extracted\block_02953\block_02953.bin,content
0x3474800,122,8954,0x300a5c46,,gfc_extracted\block_02954\block_02954.bin,content
0x3475800,122,65536,0xfaca434b,,gfc_extracted\block_02955\block_02955.bin,content
0x3478000,122,65536,0xc0c347b4,,gfc_extracted\block_02956\block_02956.bin,content
0x347b000,122,65536,0x1b13c68f,,gfc_extracted\block_02957\block_02957.bin,content
0x3484000,122,65536,0x49bfeb78,,gfc_extracted\block_02958\block_02958.bin,content
0x348b000,122,63398,0xba299812,,gfc_extracted\block_02959\block_02959.bin,content
0x3492800,122,65536,0xdc21d5f9,,gfc_extracted\block_02960\block_02960.bin,content
0x3498000,122,50930,0x3cde250f,,gfc_extracted\block_02961\block_02961.bin,content
0x349d000,122,65536,0x246ef62d,,gfc_extracted\block_02962\block_02962.bin,content
0x34a0000,122,65536,0x559b4f92,,gfc_extracted\block_02963\block_02963.bin,content
0x34a6800,122,65536,0x1252eeb2,,gfc_extracted\block_02964\block_02964.bin,content
0x34ac800,122,32130,0xb2901e1,,gfc_extracted\block_02965\block_02965.bin,content
0x34b0000,122,13092,0xee565ded,.\ps2\gfx\extanim\chandelier.igb,gfc_extracted\./ps2/gfx/extanim/chandelier.igb,crc
0x34b1800,122,65536,0xb55dab39,,gfc_extracted\block_02967\block_02967.bin,content
0x34b7800,122,22712,0x5093cee6,,gfc_extracted\block_02968\block_02968.bin,content
0x34ba000,122,65536,0x74696213,,gfc_extracted\block_02969\block_02969.bin,content
0x34bd000,122,25615,0xc7a7ec77,,gfc_extracted\block_02970\block_02970.bin,content
0x34bf000,122,65536,0x7c626e35,,gfc_extracted\block_02971\block_02971.bin,content
0x34c2800,122,2812,0xe357e2df,,gfc_extracted\block_02972\block_02972.bin,content
0x34c3000,122,65536,0x4343663b,,gfc_extracted\block_02973\block_02973.bin,content
0x34c8800,122,7912,0x2a8946e3,,gfc_extracted\block_02974\block_02974.bin,content
0x34c9800,122,65536,0x8ae8967e,,gfc_extracted\block_02975\block_02975.bin,content
0x34cc000,122,65536,0xac66c5fe,,gfc_extracted\block_02976\block_02976.bin,content
0x34d2800,122,30494,0xda7be312,,gfc_extracted\block_02977\block_02977.bin,content
0x34d5800,122,65376,0xae60f31b,.\ps2\gfx\extanim\flipperstand.igb,gfc_extracted\./ps2/gfx/extanim/flipperstand.igb,crc
0x34db000,122,27266,0x61d22d20,.\ps2\gfx\extanim\sandworm.igb,gfc_extracted\./ps2/gfx/extanim/sandworm.igb,crc
0x34de800,122,65536,0x309ed041,,gfc_extracted\block_02980\block_02980.bin,content
0x34e8800,122,27330,0x43399e7d,,gfc_extracted\block_02981\block_02981.bin,content
0x34eb000,122,65536,0x21fcc624,,gfc_extracted\block_02982\block_02982.bin,content
0x34ee800,122,65536,0xbcbec938,,gfc_extracted\block_02983\block_02983.bin,content
0x34f7800,122,29920,0xf72f81ba,,gfc_extracted\block_02984\block_02984.bin,content
0x34fc800,122,65536,0xb99dc490,,gfc_extracted\block_02985\block_02985.bin,content
0x3500800,122,29186,0x3c4ce339,,gfc_extracted\block_02986\block_02986.bin,content
0x3502800,122,41255,0xdf755d38,.\ps2\gfx\fonts\bane.igb,gfc_extracted\./ps2/gfx/fonts/bane.igb,crc
0x3506000,122,25031,0xb3aa0e5f,.\ps2\gfx\fonts\fonts.igb,gfc_extracted\./ps2/gfx/fonts/fonts.igb,crc
0x3507800,122,16428,0xc2acfc7a,.\ps2\gfx\hud\blacksp2.igb,gfc_extracted\./ps2/gfx/hud/blacksp2.igb,crc
0x3509000,122,5828,0xe61ec257,.\ps2\gfx\hud\blacksp34.igb,gfc_extracted\./ps2/gfx/hud/blacksp34.igb,crc
0x3509800,122,7196,0xcf82dee4,.\ps2\gfx\hud\crystal.igb,gfc_extracted\./ps2/gfx/hud/crystal.igb,crc
0x350a000,122,7001,0xcb8415d6,.\ps2\gfx\hud\cs-horiz.igb,gfc_extracted\./ps2/gfx/hud/cs-horiz.igb,crc
0x350b000,122,4347,0xd60e9a2a,.\ps2\gfx\hud\cshalf.igb,gfc_extracted\./ps2/gfx/hud/cshalf.igb,crc
0x350b800,122,4585,0x4066fcb9,.\ps2\gfx\hud\csquarter.igb,gfc_extracted\./ps2/gfx/hud/csquarter.igb,crc
0x350c000,122,4479,0x975c2e6c,.\ps2\gfx\hud\cup.igb,gfc_extracted\./ps2/gfx/hud/cup.igb,crc
0x350c800,122,12871,0x2b6d1e6c,.\ps2\gfx\hud\dummy.png,gfc_extracted\./ps2/gfx/hud/dummy.png,crc
0x350e000,122,7263,0xe11bab7c,.\ps2\gfx\hud\speedometer.igb,gfc_extracted\./ps2/gfx/hud/speedometer.igb,crc
0x350f000,122,10113,0xcb40c160,.\ps2\gfx\items\crystal.igb,gfc_extracted\./ps2/gfx/items/crystal.igb,crc
0x3510000,122,42212,0x63f6d8ad,.\ps2\gfx\items\ctf_flagbase.igb,gfc_extracted\./ps2/gfx/items/ctf_flagbase.igb,crc
0x3513800,122,36922,0xefc511ed,.\ps2\gfx\items\ctf_flag_b.igb,gfc_extracted\./ps2/gfx/items/ctf_flag_b.igb,crc
0x3515800,122,48724,0x62f68b0c,.\ps2\gfx\items\ctf_flag_g.igb,gfc_extracted\./ps2/gfx/items/ctf_flag_g.igb,crc
0x351b000,122,48728,0x76d67a86,.\ps2\gfx\items\ctf_flag_n.igb,gfc_extracted\./ps2/gfx/items/ctf_flag_n.igb,crc
0x3520800,122,48728,0xa4c4a84b,.\ps2\gfx\items\ctf_flag_r.igb,gfc_extracted\./ps2/gfx/items/ctf_flag_r.igb,crc
0x3526000,122,48724,0x31d2d85,.\ps2\gfx\items\ctf_flag_y.igb,gfc_extracted\./ps2/gfx/items/ctf_flag_y.igb,crc
0x352b800,122,48728,0x619d04e2,.\ps2\gfx\items\dompad.igb,gfc_extracted\./ps2/gfx/items/dompad.igb,crc
0x3531000,122,29944,0x553a69cc,.\ps2\gfx\items\k.igb,gfc_extracted\./ps2/gfx/items/k.igb,crc
0x3534000,122,7663,0x3d217601,.\ps2\gfx\items\kotr.igb,gfc_extracted\./ps2/gfx/items/kotr.igb,crc
0x3535000,122,30818,0x1b3701c7,.\ps2\gfx\items\n.igb,gfc_extracted\./ps2/gfx/items/n.igb,crc
0x3537800,122,7575,0x847c777e,.\ps2\gfx\items\wumpa.igb,gfc_extracted\./ps2/gfx/items/wumpa.igb,crc
0x3538800,122,65536,0x3debe760,,gfc_extracted\block_03010\block_03010.bin,content
0x353d800,122,65536,0x8e5ae441,,gfc_extracted\block_03011\block_03011.bin,content
0x3544800,122,4448,0x4b75c8f,,gfc_extracted\block_03012\block_03012.bin,content
0x3545000,122,65536,0x94658465,,gfc_extracted\block_03013\block_03013.bin,content
0x354a000,122,60668,0x8db262dd,,gfc_extracted\block_03014\block_03014.bin,content
0x354f800,122,65536,0x94658465,,gfc_extracted\block_03015\block_03015.bin,content
0x3554800,122,60668,0x8db262dd,,gfc_extracted\block_03016\block_03016.bin,content
0x355a000,122,65536,0x94658465,,gfc_extracted\block_03017\block_03017.bin,content
0x355f000,122,60668,0x8db262dd,,gfc_extracted\block_03018\block_03018.bin,content
0x3564800,122,65536,0x94658465,,gfc_extracted\block_03019\block_03019.bin,content
0x3569800,122,60668,0x8db262dd,,gfc_extracted\block_03020\block_03020.bin,content
0x356f000,122,65536,0x94658465,,gfc_extracted\block_03021\block_03021.bin,content
0x3574000,122,60668,0x8db262dd,,gfc_extracted\block_03022\block_03022.bin,content
0x3579800,122,65536,0x94658465,,gfc_extracted\block_03023\block_03023.bin,content
0x357e800,122,60668,0x8db262dd,,gfc_extracted\block_03024\block_03024.bin,content
0x3584000,122,23582,0xc70d56c,.\ps2\gfx\karts\sfx\boost_maglev.igb,gfc_extracted\./ps2/gfx/karts/sfx/boost_maglev.igb,crc
0x3586800,122,65536,0xa688df38,,gfc_extracted\block_03026\block_03026.bin,content
0x358a800,122,65536,0xb3ad7fb7,,gfc_extracted\block_03027\block_03027.bin,content
0x3591800,122,65536,0x4216a03c,,gfc_extracted\block_03028\block_03028.bin,content
0x3594000,122,65536,0xa43d04b,,gfc_extracted\block_03029\block_03029.bin,content
0x359b000,122,65536,0x7bd3ee6d,,gfc_extracted\block_03030\block_03030.bin,content
0x35a4800,122,65536,0x60872d80,,gfc_extracted\block_03031\block_03031.bin,content
0x35ac000,122,65536,0xfc7cdace,,gfc_extracted\block_03032\block_03032.bin,content
0x35b3000,122,65536,0xda92f268,,gfc_extracted\block_03033\block_03033.bin,content
0x35b8000,122,65536,0x226497b8,,gfc_extracted\block_03034\block_03034.bin,content
0x35b8800,122,65536,0xcd78e1f5,,gfc_extracted\block_03035\block_03035.bin,content
0x35b9000,122,65536,0xc4d77aa2,,gfc_extracted\block_03036\block_03036.bin,content
0x35b9800,122,65536,0x485b3337,,gfc_extracted\block_03037\block_03037.bin,content
0x35bd000,122,65536,0xdb257347,,gfc_extracted\block_03038\block_03038.bin,content
0x35c7000,122,65536,0x1d61732e,,gfc_extracted\block_03039\block_03039.bin,content
0x35d0800,122,65536,0xcc3fed99,,gfc_extracted\block_03040\block_03040.bin,content
0x35d6800,122,65536,0x6f55e7b8,,gfc_extracted\block_03041\block_03041.bin,content
0x35e1000,122,65536,0x1aa04bdd,,gfc_extracted\block_03042\block_03042.bin,content
0x35ec800,122,46470,0x6b6a97a7,,gfc_extracted\block_03043\block_03043.bin,content
0x35f1800,122,65536,0xc38bb5a3,,gfc_extracted\block_03044\block_03044.bin,content
0x35f5800,122,65536,0x72f6c41d,,gfc_extracted\block_03045\block_03045.bin,content
0x35fe800,122,65536,0xc267f00b,,gfc_extracted\block_03046\block_03046.bin,content
0x3606000,122,65536,0x3e2e77fb,,gfc_extracted\block_03047\block_03047.bin,content
0x360c800,122,65536,0x9a87b7df,,gfc_extracted\block_03048\block_03048.bin,content
0x3617000,122,65536,0xb736071,,gfc_extracted\block_03049\block_03049.bin,content
0x361e800,122,65536,0xc43311a2,,gfc_extracted\block_03050\block_03050.bin,content
0x3628000,122,65536,0x8e7b41ce,,gfc_extracted\block_03051\block_03051.bin,content
0x3633800,122,65536,0x61e08fb,,gfc_extracted\block_03052\block_03052.bin,content
0x363b800,122,65536,0xd0d0a110,,gfc_extracted\block_03053\block_03053.bin,content
0x3646000,122,65536,0x56e83f11,,gfc_extracted\block_03054\block_03054.bin,content
0x364e800,122,65536,0xb803ca48,,gfc_extracted\block_03055\block_03055.bin,content
0x3656800,122,65536,0x2f9bcc71,,gfc_extracted\block_03056\block_03056.bin,content
0x3660800,122,65536,0x2694e4c4,,gfc_extracted\block_03057\block_03057.bin,content
0x366b000,122,7438,0x510cad27,,gfc_extracted\block_03058\block_03058.bin,content
0x366c000,122,65536,0x96af0dd2,,gfc_extracted\block_03059\block_03059.bin,content
0x3671800,122,65536,0xd3f03862,,gfc_extracted\block_03060\block_03060.bin,content
0x3678000,122,65536,0xd77f5018,,gfc_extracted\block_03061\block_03061.bin,content
0x367e000,122,65536,0x5fdca3d0,,gfc_extracted\block_03062\block_03062.bin,content
0x3687800,122,65536,0x3d8d6029,,gfc_extracted\block_03063\block_03063.bin,content
0x368e800,122,65536,0x4278e8cb,,gfc_extracted\block_03064\block_03064.bin,content
0x3697800,122,65536,0x81b3af0a,,gfc_extracted\block_03065\block_03065.bin,content
0x369f800,122,65536,0xbecc926b,,gfc_extracted\block_03066\block_03066.bin,content
0x36a7000,122,65536,0xbd331de,,gfc_extracted\block_03067\block_03067.bin,content
0x36b0000,122,65536,0x667f6b78,,gfc_extracted\block_03068\block_03068.bin,content
0x36bb000,122,65536,0x9292b9fb,,gfc_extracted\block_03069\block_03069.bin,content
0x36c2800,122,65536,0xc7a482d8,,gfc_extracted\block_03070\block_03070.bin,content
0x36c9800,122,65536,0x94bcf794,,gfc_extracted\block_03071\block_03071.bin,content
0x36d1800,122,24112,0xdacdb8d0,,gfc_extracted\block_03072\block_03072.bin,content
0x36d4000,122,65536,0xc171cf8f,,gfc_extracted\block_03073\block_03073.bin,content
0x36d8000,122,65536,0x9ca5f994,,gfc_extracted\block_03074\block_03074.bin,content
0x36e0000,122,65536,0x77a3471f,,gfc_extracted\block_03075\block_03075.bin,content
0x36e5800,122,65536,0x3cc672a5,,gfc_extracted\block_03076\block_03076.bin,content
0x36eb800,122,65536,0x59b65b84,,gfc_extracted\block_03077\block_03077.bin,content
0x36f0800,122,65536,0x807c7b86,,gfc_extracted\block_03078\block_03078.bin,content
0x36f7800,122,65536,0x749c293e,,gfc_extracted\block_03079\block_03079.bin,content
0x36fe000,122,65536,0x51a942c1,,gfc_extracted\block_03080\block_03080.bin,content
0x3704000,122,65536,0x3abec6e6,,gfc_extracted\block_03081\block_03081.bin,content
0x3709800,122,65536,0x9432c441,,gfc_extracted\block_03082\block_03082.bin,content
0x370e800,122,65536,0x4989747e,,gfc_extracted\block_03083\block_03083.bin,content
0x3716800,122,65536,0x40586030,,gfc_extracted\block_03084\block_03084.bin,content
0x371c800,122,13796,0x2a17e62e,,gfc_extracted\block_03085\block_03085.csv,content
0x371e800,122,65536,0xb6f335bd,,gfc_extracted\block_03086\block_03086.bin,content
0x3721800,122,65536,0x98a451b8,,gfc_extracted\block_03087\block_03087.bin,content
0x3727000,122,65536,0x9d5ab46b,,gfc_extracted\block_03088\block_03088.bin,content
0x372e800,122,65536,0x2019b302,,gfc_extracted\block_03089\block_03089.bin,content
0x3734800,122,65536,0x78917c77,,gfc_extracted\block_03090\block_03090.bin,content
0x373c000,122,65536,0xdd914df6,,gfc_extracted\block_03091\block_03091.bin,content
0x3744800,122,65536,0xdbbaed67,,gfc_extracted\block_03092\block_03092.bin,content
0x374d000,122,65536,0x16acf8a7,,gfc_extracted\block_03093\block_03093.bin,content
0x3753800,122,65536,0xfc5fff09,,gfc_extracted\block_03094\block_03094.bin,content
0x375d000,122,65536,0xc8994930,,gfc_extracted\block_03095\block_03095.bin,content
0x3767800,122,65536,0xb35c2b37,,gfc_extracted\block_03096\block_03096.bin,content
0x376e800,122,65536,0x8dbe6aa6,,gfc_extracted\block_03097\block_03097.bin,content
0x3775000,122,65536,0x6cfa2831,,gfc_extracted\block_03098\block_03098.bin,content
0x377c800,122,56592,0x2b486c7e,,gfc_extracted\block_03099\block_03099.bin,content
0x3781800,122,65536,0x7ced0b2c,,gfc_extracted\block_03100\block_03100.bin,content
0x3783800,122,65536,0x5bb462e,,gfc_extracted\block_03101\block_03101.bin,content
0x3785000,122,65536,0x7d12752e,,gfc_extracted\block_03102\block_03102.bin,content
0x3789000,122,65536,0x7b27fe9f,,gfc_extracted\block_03103\block_03103.bin,content
0x378d800,122,65536,0xf84fe6cf,,gfc_extracted\block_03104\block_03104.bin,content
0x3795800,122,65536,0xd4fafc,,gfc_extracted\block_03105\block_03105.bin,content
0x379c800,122,65536,0xd49e1489,,gfc_extracted\block_03106\block_03106.bin,content
0x37a6800,122,65536,0xf9450478,,gfc_extracted\block_03107\block_03107.bin,content
0x37ae800,122,65536,0x1ce95faf,,gfc_extracted\block_03108\block_03108.bin,content
0x37b6800,122,65536,0x59f30f1e,,gfc_extracted\block_03109\block_03109.bin,content
0x37bf000,122,65536,0x2805542e,,gfc_extracted\block_03110\block_03110.bin,content
0x37c5000,122,65536,0xe0717a7d,,gfc_extracted\block_03111\block_03111.bin,content
0x37cc000,122,65536,0x92d5a778,,gfc_extracted\block_03112\block_03112.bin,content
0x37d4800,122,65536,0x91e9ca3a,,gfc_extracted\block_03113\block_03113.bin,content
0x37dd000,122,65536,0x38013e7c,,gfc_extracted\block_03114\block_03114.bin,content
0x37e4000,122,65536,0x612c9e0f,,gfc_extracted\block_03115\block_03115.bin,content
0x37eb000,122,65536,0xbba60bd8,,gfc_extracted\block_03116\block_03116.bin,content
0x37f2800,122,65536,0xa08134fd,,gfc_extracted\block_03117\block_03117.bin,content
0x37fa800,122,65536,0xe727a927,,gfc_extracted\block_03118\block_03118.bin,content
0x3803000,122,65536,0x7f948aa3,,gfc_extracted\block_03119\block_03119.bin,content
0x380b000,122,65536,0x807a977f,,gfc_extracted\block_03120\block_03120.bin,content
0x3812800,122,65536,0x5a96cb3d,,gfc_extracted\block_03121\block_03121.bin,content
0x381a800,122,65536,0x5c0409b1,,gfc_extracted\block_03122\block_03122.bin,content
0x3821000,122,65536,0xa3b14cb1,,gfc_extracted\block_03123\block_03123.bin,content
0x3826800,122,65536,0xc7519f6a,,gfc_extracted\block_03124\block_03124.bin,content
0x382e800,122,65536,0x68d0f459,,gfc_extracted\block_03125\block_03125.bin,content
0x3836800,122,65536,0x39bbd09d,,gfc_extracted\block_03126\block_03126.csv,content
0x383c000,122,65536,0x486736db,,gfc_extracted\block_03127\block_03127.bin,content
0x3841800,122,65536,0xef73c9a0,,gfc_extracted\block_03128\block_03128.bin,content
0x3848000,122,65536,0xf79d8201,,gfc_extracted\block_03129\block_03129.bin,content
0x384f000,122,65536,0xd64a5459,,gfc_extracted\block_03130\block_03130.bin,content
0x3855800,122,65536,0x406ba578,,gfc_extracted\block_03131\block_03131.bin,content
0x385c800,122,65536,0x428cbbba,,gfc_extracted\block_03132\block_03132.csv,content
0x3865000,122,65536,0x7feffb4c,,gfc_extracted\block_03133\block_03133.csv,content
0x386e000,122,65536,0x14107b1b,,gfc_extracted\block_03134\block_03134.bin,content
0x3874000,122,65536,0x26c9d87d,,gfc_extracted\block_03135\block_03135.bin,content
0x3879800,122,65536,0x1a7f685d,,gfc_extracted\block_03136\block_03136.bin,content
0x3880800,122,65536,0xc49b5c07,,gfc_extracted\block_03137\block_03137.bin,content
0x3888800,122,65536,0x9b2d14,,gfc_extracted\block_03138\block_03138.bin,content
0x3892800,122,65536,0x88ba005f,,gfc_extracted\block_03139\block_03139.bin,content
0x389a000,122,65536,0x9dcb622e,,gfc_extracted\block_03140\block_03140.bin,content
0x38a2000,122,9206,0x5b299f57,,gfc_extracted\block_03141\block_03141.bin,content
0x38a3000,122,65536,0x370542fc,,gfc_extracted\block_03142\block_03142.bin,content
0x38a5000,122,65536,0x78e687a3,,gfc_extracted\block_03143\block_03143.bin,content
0x38a7000,122,65536,0xf2e4acf0,,gfc_extracted\block_03144\block_03144.bin,content
0x38ab800,122,65536,0x5eb8cc60,,gfc_extracted\block_03145\block_03145.bin,content
0x38b2000,122,65536,0x9eab5a4b,,gfc_extracted\block_03146\block_03146.bin,content
0x38bb000,122,65536,0xc84afec5,,gfc_extracted\block_03147\block_03147.bin,content
0x38c5000,122,65536,0xcf5cd2e4,,gfc_extracted\block_03148\block_03148.bin,content
0x38ce000,122,65536,0x9ae5d070,,gfc_extracted\block_03149\block_03149.bin,content
0x38d8000,122,65536,0x3870f42a,,gfc_extracted\block_03150\block_03150.bin,content
0x38e1800,122,65536,0x3d078231,,gfc_extracted\block_03151\block_03151.bin,content
0x38ed800,122,65536,0x6b232c28,,gfc_extracted\block_03152\block_03152.csv,content
0x38f5000,122,65536,0x209f5c35,,gfc_extracted\block_03153\block_03153.bin,content
0x38fd800,122,65536,0xc7164ab1,,gfc_extracted\block_03154\block_03154.bin,content
0x3905800,122,65536,0x7b8feb71,,gfc_extracted\block_03155\block_03155.bin,content
0x390b800,122,65536,0xba73b62,,gfc_extracted\block_03156\block_03156.bin,content
0x3913800,122,65536,0x79ae124,,gfc_extracted\block_03157\block_03157.bin,content
0x391a800,122,65536,0x8aad4a16,,gfc_extracted\block_03158\block_03158.bin,content
0x3920800,122,65536,0x30ffcfd9,,gfc_extracted\block_03159\block_03159.bin,content
0x3927000,122,65536,0x9b3ffd0d,,gfc_extracted\block_03160\block_03160.bin,content
0x392f000,122,65536,0x53094e76,,gfc_extracted\block_03161\block_03161.bin,content
0x3939000,122,65536,0x8e946f3d,,gfc_extracted\block_03162\block_03162.bin,content
0x3941800,122,65536,0x883d3cbb,,gfc_extracted\block_03163\block_03163.bin,content
0x3948800,122,65536,0x1f8f03e5,,gfc_extracted\block_03164\block_03164.bin,content
0x394f800,122,65536,0x85c9b465,,gfc_extracted\block_03165\block_03165.bin,content
0x3958800,122,65536,0xc020cf91,,gfc_extracted\block_03166\block_03166.bin,content
0x3960000,122,65536,0xb14bd0f3,,gfc_extracted\block_03167\block_03167.bin,content
0x3969800,122,65536,0x8f396780,,gfc_extracted\block_03168\block_03168.bin,content
0x3972800,122,65536,0xf5bb7106,,gfc_extracted\block_03169\block_03169.bin,content
0x397a800,122,65536,0xef9c005a,,gfc_extracted\block_03170\block_03170.bin,content
0x3982000,122,65536,0x924a286d,,gfc_extracted\block_03171\block_03171.bin,content
0x3988000,122,65536,0x1629eed,,gfc_extracted\block_03172\block_03172.bin,content
0x398e800,122,65536,0x4dacffbc,,gfc_extracted\block_03173\block_03173.bin,content
0x3995800,122,65536,0x2dd94986,,gfc_extracted\block_03174\block_03174.bin,content
0x399c000,122,65536,0x87062342,,gfc_extracted\block_03175\block_03175.bin,content
0x39a3000,122,65536,0x53d56cfe,,gfc_extracted\block_03176\block_03176.bin,content
0x39aa800,122,65536,0xeadcf7c1,,gfc_extracted\block_03177\block_03177.bin,content
0x39b1800,122,65536,0x55624a05,,gfc_extracted\block_03178\block_03178.bin,content
0x39b9800,122,65536,0xf4acb2d2,,gfc_extracted\block_03179\block_03179.bin,content
0x39c3000,122,65536,0xde03af0a,,gfc_extracted\block_03180\block_03180.bin,content
0x39c7800,122,6438,0x605475b6,,gfc_extracted\block_03181\block_03181.bin,content
0x39c8800,122,65536,0xbeb17520,,gfc_extracted\block_03182\block_03182.bin,content
0x39ca800,122,65536,0x8907a52f,,gfc_extracted\block_03183\block_03183.bin,content
0x39cc000,122,65536,0x9073b5d8,,gfc_extracted\block_03184\block_03184.bin,content
0x39cd800,122,65536,0xe0fe4d6a,,gfc_extracted\block_03185\block_03185.bin,content
0x39d2800,122,65536,0x57a06843,,gfc_extracted\block_03186\block_03186.bin,content
0x39d7800,122,65536,0x8c1320b8,,gfc_extracted\block_03187\block_03187.bin,content
0x39dd800,122,65536,0x8ef7d9b8,,gfc_extracted\block_03188\block_03188.bin,content
0x39e5800,122,65536,0x7276617b,,gfc_extracted\block_03189\block_03189.bin,content
0x39ec800,122,65536,0x2edf1662,,gfc_extracted\block_03190\block_03190.bin,content
0x39f5800,122,65536,0x54544ca9,,gfc_extracted\block_03191\block_03191.bin,content
0x39fb000,122,65536,0x989c1263,,gfc_extracted\block_03192\block_03192.bin,content
0x3a02000,122,65536,0xc1370eae,,gfc_extracted\block_03193\block_03193.bin,content
0x3a0b800,122,65536,0xf7078147,,gfc_extracted\block_03194\block_03194.bin,content
0x3a12000,122,65536,0x51ea881f,,gfc_extracted\block_03195\block_03195.bin,content
0x3a1b800,122,65536,0x668d15a1,,gfc_extracted\block_03196\block_03196.bin,content
0x3a24800,122,65536,0xbd67f022,,gfc_extracted\block_03197\block_03197.bin,content
0x3a2c000,122,65536,0xac654b6a,,gfc_extracted\block_03198\block_03198.bin,content
0x3a32000,122,65536,0xd005dc83,,gfc_extracted\block_03199\block_03199.bin,content
0x3a37800,122,65536,0xa14354f5,,gfc_extracted\block_03200\block_03200.bin,content
0x3a40800,122,65536,0x578ca4e6,,gfc_extracted\block_03201\block_03201.bin,content
0x3a48800,122,65536,0x6a044ad4,,gfc_extracted\block_03202\block_03202.bin,content
0x3a4f000,122,65536,0xc5693931,,gfc_extracted\block_03203\block_03203.bin,content
0x3a53000,122,65536,0x16e520d9,,gfc_extracted\block_03204\block_03204.bin,content
0x3a59800,122,65536,0x4907d734,,gfc_extracted\block_03205\block_03205.bin,content
0x3a61800,122,65536,0xd90c6c2b,,gfc_extracted\block_03206\block_03206.bin,content
0x3a68000,122,65536,0x82117dd6,,gfc_extracted\block_03207\block_03207.bin,content
0x3a6d800,122,65536,0xbbeda7c2,,gfc_extracted\block_03208\block_03208.bin,content
0x3a74800,122,65536,0xbadde2c,,gfc_extracted\block_03209\block_03209.bin,content
0x3a7e000,122,65536,0x1ac58b,,gfc_extracted\block_03210\block_03210.bin,content
0x3a85800,122,65536,0xdf142e5e,,gfc_extracted\block_03211\block_03211.bin,content
0x3a8d800,122,65536,0x2703dd63,,gfc_extracted\block_03212\block_03212.bin,content
0x3a94800,122,65536,0x436290f5,,gfc_extracted\block_03213\block_03213.bin,content
0x3a9b000,122,65536,0xe1ac2155,,gfc_extracted\block_03214\block_03214.bin,content
0x3aa3800,122,65536,0xc07763d1,,gfc_extracted\block_03215\block_03215.bin,content
0x3aa8800,122,65536,0x8aec96b9,,gfc_extracted\block_03216\block_03216.bin,content
0x3aaf800,122,65536,0xeda3c5c0,,gfc_extracted\block_03217\block_03217.bin,content
0x3ab5800,122,65536,0xc6de4347,,gfc_extracted\block_03218\block_03218.bin,content
0x3abb000,122,65536,0x16e4302c,,gfc_extracted\block_03219\block_03219.bin,content
0x3ac3800,122,65536,0xf3bcd72c,,gfc_extracted\block_03220\block_03220.bin,content
0x3aca800,122,65536,0xf185218e,,gfc_extracted\block_03221\block_03221.bin,content
0x3ad2000,122,65536,0xf83ac554,,gfc_extracted\block_03222\block_03222.bin,content
0x3ad7800,122,65536,0x28cbc92,,gfc_extracted\block_03223\block_03223.bin,content
0x3ade000,122,65536,0x4fafe080,,gfc_extracted\block_03224\block_03224.bin,content
0x3ae6000,122,65536,0x70af3717,,gfc_extracted\block_03225\block_03225.bin,content
0x3aec800,122,65536,0xb7c9d954,,gfc_extracted\block_03226\block_03226.bin,content
0x3af3800,122,65536,0x7dcfdd18,,gfc_extracted\block_03227\block_03227.bin,content
0x3afa800,122,65536,0x6b541a29,,gfc_extracted\block_03228\block_03228.bin,content
0x3b01000,122,65536,0x6a1e45cd,,gfc_extracted\block_03229\block_03229.bin,content
0x3b07800,122,65536,0x343aa801,,gfc_extracted\block_03230\block_03230.bin,content
0x3b0e000,122,65536,0x275e05f0,,gfc_extracted\block_03231\block_03231.bin,content
0x3b15800,122,65536,0x89c3b440,,gfc_extracted\block_03232\block_03232.bin,content
0x3b1d800,122,65536,0x447bba4f,,gfc_extracted\block_03233\block_03233.bin,content
0x3b20000,122,54072,0x60b61479,,gfc_extracted\block_03234\block_03234.bin,content
0x3b24800,122,65536,0x8b77d771,,gfc_extracted\block_03235\block_03235.bin,content
0x3b26800,122,65536,0xd59bf91e,,gfc_extracted\block_03236\block_03236.bin,content
0x3b29800,122,65536,0xd892bb90,,gfc_extracted\block_03237\block_03237.bin,content
0x3b2f000,122,65536,0x3c8521f1,,gfc_extracted\block_03238\block_03238.bin,content
0x3b37800,122,65536,0xb6c32f46,,gfc_extracted\block_03239\block_03239.bin,content
0x3b3e800,122,65536,0xcef12b6c,,gfc_extracted\block_03240\block_03240.bin,content
0x3b44800,122,65536,0x75ca20d4,,gfc_extracted\block_03241\block_03241.bin,content
0x3b4b000,122,65536,0x3453a7c6,,gfc_extracted\block_03242\block_03242.bin,content
0x3b53800,122,65536,0x7bc7e0a5,,gfc_extracted\block_03243\block_03243.bin,content
0x3b59800,122,65536,0xb9e90a9e,,gfc_extracted\block_03244\block_03244.bin,content
0x3b5e000,122,65536,0x31d5527b,,gfc_extracted\block_03245\block_03245.bin,content
0x3b65000,122,65536,0xbaef1f42,,gfc_extracted\block_03246\block_03246.bin,content
0x3b6d000,122,65536,0xb4232c3b,,gfc_extracted\block_03247\block_03247.bin,content
0x3b73000,122,65536,0x5f2823a0,,gfc_extracted\block_03248\block_03248.bin,content
0x3b7a800,122,65536,0x5f18c05,,gfc_extracted\block_03249\block_03249.bin,content
0x3b82000,122,5546,0x5bb6c5f2,,gfc_extracted\block_03250\block_03250.bin,content
0x3b83000,122,65536,0x8aca6d59,,gfc_extracted\block_03251\block_03251.bin,content
0x3b85000,122,65536,0x13e7e562,,gfc_extracted\block_03252\block_03252.bin,content
0x3b88000,122,65536,0x3d685a67,,gfc_extracted\block_03253\block_03253.bin,content
0x3b8d000,122,65536,0xa2df5b18,,gfc_extracted\block_03254\block_03254.bin,content
0x3b96000,122,65536,0xeff01a3c,,gfc_extracted\block_03255\block_03255.bin,content
0x3b9d800,122,65536,0x20e705cd,,gfc_extracted\block_03256\block_03256.bin,content
0x3ba7800,122,65536,0x2cce035e,,gfc_extracted\block_03257\block_03257.bin,content
0x3baf000,122,65536,0xa3447098,,gfc_extracted\block_03258\block_03258.bin,content
0x3bb6800,122,65536,0x5879bd0a,,gfc_extracted\block_03259\block_03259.bin,content
0x3bbf800,122,65536,0x6ab70c20,,gfc_extracted\block_03260\block_03260.bin,content
0x3bc7800,122,65536,0x60d00390,,gfc_extracted\block_03261\block_03261.bin,content
0x3bce000,122,65536,0x6294e839,,gfc_extracted\block_03262\block_03262.bin,content
0x3bd5000,122,65536,0x80c12918,,gfc_extracted\block_03263\block_03263.bin,content
0x3bdb000,122,65536,0xa40de9ea,,gfc_extracted\block_03264\block_03264.bin,content
0x3be3000,122,65536,0x4d3605b7,,gfc_extracted\block_03265\block_03265.bin,content
0x3bea800,122,65536,0xe3e220f3,,gfc_extracted\block_03266\block_03266.bin,content
0x3bf0800,122,65536,0x3f13518a,,gfc_extracted\block_03267\block_03267.bin,content
0x3bf8000,122,65536,0xd60ea482,,gfc_extracted\block_03268\block_03268.bin,content
0x3bff000,122,65536,0x847c11a8,,gfc_extracted\block_03269\block_03269.bin,content
0x3c04800,122,65536,0xd8c843f9,,gfc_extracted\block_03270\block_03270.bin,content
0x3c0d000,122,65536,0xd8f57343,,gfc_extracted\block_03271\block_03271.bin,content
0x3c11800,122,65536,0x5a956437,,gfc_extracted\block_03272\block_03272.bin,content
0x3c1a000,122,65536,0x26266462,,gfc_extracted\block_03273\block_03273.bin,content
0x3c23000,122,65536,0x8a1c4c77,,gfc_extracted\block_03274\block_03274.bin,content
0x3c29000,122,65536,0x7305b37a,,gfc_extracted\block_03275\block_03275.bin,content
0x3c2b000,122,65536,0x61077064,,gfc_extracted\block_03276\block_03276.bin,content
0x3c31800,122,65536,0x53c99f3f,,gfc_extracted\block_03277\block_03277.bin,content
0x3c39000,122,65536,0x13f7afd8,,gfc_extracted\block_03278\block_03278.bin,content
0x3c3f000,122,65536,0x88e0f197,,gfc_extracted\block_03279\block_03279.bin,content
0x3c48000,122,65536,0x60c381ef,,gfc_extracted\block_03280\block_03280.bin,content
0x3c4d800,122,65536,0xe0790627,,gfc_extracted\block_03281\block_03281.bin,content
0x3c54000,122,65536,0xf2b2a148,,gfc_extracted\block_03282\block_03282.bin,content
0x3c5a800,122,65536,0x29fa04a8,,gfc_extracted\block_03283\block_03283.bin,content
0x3c61800,122,65536,0x58b6ae65,,gfc_extracted\block_03284\block_03284.bin,content
0x3c69000,122,65536,0x17e61a33,,gfc_extracted\block_03285\block_03285.bin,content
0x3c6f800,122,65536,0xa61b1cde,,gfc_extracted\block_03286\block_03286.bin,content
0x3c76000,122,63422,0x7706c4f9,,gfc_extracted\block_03287\block_03287.bin,content
0x3c7d000,122,65536,0xb7c9584a,,gfc_extracted\block_03288\block_03288.bin,content
0x3c7f000,122,65536,0x14582773,,gfc_extracted\block_03289\block_03289.bin,content
0x3c80800,122,65536,0xcd14e3ce,,gfc_extracted\block_03290\block_03290.bin,content
0x3c85800,122,65536,0x5b50818a,,gfc_extracted\block_03291\block_03291.bin,content
0x3c8a800,122,65536,0x47c1de92,,gfc_extracted\block_03292\block_03292.bin,content
0x3c91000,122,65536,0xf692757,,gfc_extracted\block_03293\block_03293.bin,content
0x3c97800,122,65536,0xb017c532,,gfc_extracted\block_03294\block_03294.bin,content
0x3c9d000,122,65536,0x8c37381e,,gfc_extracted\block_03295\block_03295.bin,content
0x3ca3800,122,65536,0xce556133,,gfc_extracted\block_03296\block_03296.bin,content
0x3ca7800,122,65536,0xc7584bf3,,gfc_extracted\block_03297\block_03297.bin,content
0x3cae000,122,65536,0x9cac3972,,gfc_extracted\block_03298\block_03298.bin,content
0x3cb5000,122,65536,0x473d84be,,gfc_extracted\block_03299\block_03299.bin,content
0x3cb7800,122,65536,0x50a253ce,,gfc_extracted\block_03300\block_03300.bin,content
0x3cbf800,122,65536,0x8fbb5966,,gfc_extracted\block_03301\block_03301.bin,content
0x3cc6000,122,65536,0x62680cf8,,gfc_extracted\block_03302\block_03302.bin,content
0x3ccd800,122,65536,0xc08fd61a,,gfc_extracted\block_03303\block_03303.bin,content
0x3cd8000,122,65536,0x896f3968,,gfc_extracted\block_03304\block_03304.bin,content
0x3ce1800,122,65536,0xac89dc21,,gfc_extracted\block_03305\block_03305.bin,content
0x3ce8000,122,65536,0xe9b2d1fb,,gfc_extracted\block_03306\block_03306.csv,content
0x3cf3000,122,65536,0xc42a7b2d,,gfc_extracted\block_03307\block_03307.bin,content
0x3cf8800,122,65536,0x9e7484d8,,gfc_extracted\block_03308\block_03308.bin,content
0x3cfe800,122,65536,0xef323240,,gfc_extracted\block_03309\block_03309.bin,content
0x3d03800,122,65536,0x790a524e,,gfc_extracted\block_03310\block_03310.bin,content
0x3d0a000,122,65536,0x6d588e59,,gfc_extracted\block_03311\block_03311.bin,content
0x3d12000,122,65536,0x4c15d6c6,,gfc_extracted\block_03312\block_03312.bin,content
0x3d1c800,122,65536,0x391485,,gfc_extracted\block_03313\block_03313.bin,content
0x3d21800,122,65536,0x1af8d2d9,,gfc_extracted\block_03314\block_03314.bin,content
0x3d25800,122,65536,0xdc7a7a37,,gfc_extracted\block_03315\block_03315.bin,content
0x3d2c000,122,65536,0xa431b91e,,gfc_extracted\block_03316\block_03316.bin,content
0x3d30000,122,65536,0xc594065,,gfc_extracted\block_03317\block_03317.bin,content
0x3d38800,122,65536,0xe47db54e,,gfc_extracted\block_03318\block_03318.bin,content
0x3d3e800,122,65536,0xf304b0e5,,gfc_extracted\block_03319\block_03319.bin,content
0x3d44800,122,65536,0x24bf55a8,,gfc_extracted\block_03320\block_03320.bin,content
0x3d4a000,122,65536,0xb9ce8790,,gfc_extracted\block_03321\block_03321.bin,content
0x3d50000,122,65536,0x1acb6272,,gfc_extracted\block_03322\block_03322.bin,content
0x3d57000,122,65536,0x5dc78586,,gfc_extracted\block_03323\block_03323.bin,content
0x3d5c000,122,65536,0xdba7730,,gfc_extracted\block_03324\block_03324.bin,content
0x3d60000,122,65536,0xe1027ea,,gfc_extracted\block_03325\block_03325.bin,content
0x3d68000,122,65536,0x325cd67a,,gfc_extracted\block_03326\block_03326.bin,content
0x3d6c800,122,65536,0x3d3b44cf,,gfc_extracted\block_03327\block_03327.bin,content
0x3d71800,122,65536,0x4713bb71,,gfc_extracted\block_03328\block_03328.bin,content
0x3d76800,122,65536,0x7874854f,,gfc_extracted\block_03329\block_03329.bin,content
0x3d7d000,122,65536,0x1e965356,,gfc_extracted\block_03330\block_03330.csv,content
0x3d82800,122,65536,0xa18d1b0d,,gfc_extracted\block_03331\block_03331.bin,content
0x3d87800,122,8734,0xdb23df29,,gfc_extracted\block_03332\block_03332.bin,content
0x3d88800,122,65536,0x902cc263,,gfc_extracted\block_03333\block_03333.bin,content
0x3d8a800,122,65536,0xc4fc8096,,gfc_extracted\block_03334\block_03334.bin,content
0x3d8c000,122,65536,0x451cf391,,gfc_extracted\block_03335\block_03335.bin,content
0x3d8e800,122,65536,0xb023fabe,,gfc_extracted\block_03336\block_03336.bin,content
0x3d93800,122,65536,0xdb912168,,gfc_extracted\block_03337\block_03337.bin,content
0x3d97800,122,65536,0xae8d3a89,,gfc_extracted\block_03338\block_03338.bin,content
0x3d9f000,122,65536,0x7e1e183c,,gfc_extracted\block_03339\block_03339.csv,content
0x3da6800,122,65536,0xa3710238,,gfc_extracted\block_03340\block_03340.bin,content
0x3daf000,122,65536,0xbd5b95d3,,gfc_extracted\block_03341\block_03341.bin,content
0x3db7000,122,65536,0x7dfbba0b,,gfc_extracted\block_03342\block_03342.bin,content
0x3dc0000,122,65536,0x3bfdd32,,gfc_extracted\block_03343\block_03343.bin,content
0x3dc7800,122,65536,0xddd26c84,,gfc_extracted\block_03344\block_03344.bin,content
0x3dd0000,122,65536,0x1732dd6e,,gfc_extracted\block_03345\block_03345.bin,content
0x3dd7800,122,65536,0xceaec2e6,,gfc_extracted\block_03346\block_03346.bin,content
0x3ddf000,122,65536,0xa7d17aad,,gfc_extracted\block_03347\block_03347.bin,content
0x3de6800,122,65536,0x5d20877d,,gfc_extracted\block_03348\block_03348.bin,content
0x3dee800,122,65536,0xe9f1cfdf,,gfc_extracted\block_03349\block_03349.bin,content
0x3df5800,122,65536,0xe2bff8a8,,gfc_extracted\block_03350\block_03350.bin,content
0x3dfd000,122,65536,0x705d979f,,gfc_extracted\block_03351\block_03351.bin,content
0x3e05800,122,65536,0x6ca9b802,,gfc_extracted\block_03352\block_03352.bin,content
0x3e0c800,122,65536,0x42cc7108,,gfc_extracted\block_03353\block_03353.bin,content
0x3e17000,122,65536,0x9126799e,,gfc_extracted\block_03354\block_03354.bin,content
0x3e1f800,122,65536,0xbfa6b3eb,,gfc_extracted\block_03355\block_03355.bin,content
0x3e27800,122,65536,0xf2da3811,,gfc_extracted\block_03356\block_03356.bin,content
0x3e31000,122,65536,0xababd818,,gfc_extracted\block_03357\block_03357.bin,content
0x3e38000,122,65536,0xdc17f72,,gfc_extracted\block_03358\block_03358.bin,content
0x3e3e800,122,65536,0xa7d8bc48,,gfc_extracted\block_03359\block_03359.bin,content
0x3e43800,122,65536,0x71eb0492,,gfc_extracted\block_03360\block_03360.bin,content
0x3e4b800,122,65536,0xd5bbdf47,,gfc_extracted\block_03361\block_03361.bin,content
0x3e53000,122,65536,0x219ccc6,,gfc_extracted\block_03362\block_03362.bin,content
0x3e5b000,122,65536,0xc065aa75,,gfc_extracted\block_03363\block_03363.bin,content
0x3e61000,122,65536,0x780db2c6,,gfc_extracted\block_03364\block_03364.bin,content
0x3e68800,122,65536,0xcb2470fa,,gfc_extracted\block_03365\block_03365.bin,content
0x3e6f000,122,65536,0x1d2b09ac,,gfc_extracted\block_03366\block_03366.bin,content
0x3e76800,122,65536,0x120df76a,,gfc_extracted\block_03367\block_03367.bin,content
0x3e7d000,122,65536,0x47b4af74,,gfc_extracted\block_03368\block_03368.bin,content
0x3e84000,122,65536,0x96862019,,gfc_extracted\block_03369\block_03369.bin,content
0x3e8d000,122,65536,0x65046ab7,,gfc_extracted\block_03370\block_03370.bin,content
0x3e92800,122,65536,0xc2bda43,,gfc_extracted\block_03371\block_03371.bin,content
0x3e99000,122,65536,0x913919d2,,gfc_extracted\block_03372\block_03372.bin,content
0x3e9f000,122,65536,0xb4918e99,,gfc_extracted\block_03373\block_03373.bin,content
0x3ea6000,122,65536,0x5ee3a58d,,gfc_extracted\block_03374\block_03374.bin,content
0x3ead000,122,65536,0xe0f27b6b,,gfc_extracted\block_03375\block_03375.bin,content
0x3eb6000,122,65536,0x4f3a9e07,,gfc_extracted\block_03376\block_03376.bin,content
0x3ec0000,122,65536,0x31066b1e,,gfc_extracted\block_03377\block_03377.bin,content
0x3eca800,122,65536,0x9a932918,,gfc_extracted\block_03378\block_03378.bin,content
0x3ed2800,122,65536,0x21939839,,gfc_extracted\block_03379\block_03379.bin,content
0x3eda000,122,12482,0x3d745ccc,,gfc_extracted\block_03380\block_03380.bin,content
0x3edb800,122,65536,0xe5a99570,,gfc_extracted\block_03381\block_03381.bin,content
0x3edd800,122,65536,0xe9c4c98b,,gfc_extracted\block_03382\block_03382.bin,content
0x3edf000,122,65536,0x7d3d47ff,,gfc_extracted\block_03383\block_03383.bin,content
0x3ee4000,122,65536,0x504b8b29,,gfc_extracted\block_03384\block_03384.bin,content
0x3eea800,122,65536,0x60e38333,,gfc_extracted\block_03385\block_03385.csv,content
0x3ef2000,122,65536,0x74349ef5,,gfc_extracted\block_03386\block_03386.csv,content
0x3efa800,122,65536,0xc12b31a4,,gfc_extracted\block_03387\block_03387.bin,content
0x3f03000,122,65536,0x301f8403,,gfc_extracted\block_03388\block_03388.bin,content
0x3f0b800,122,65536,0x78abdcbb,,gfc_extracted\block_03389\block_03389.bin,content
0x3f13000,122,65536,0xa39698a2,,gfc_extracted\block_03390\block_03390.bin,content
0x3f1a800,122,65536,0x40bd3614,,gfc_extracted\block_03391\block_03391.bin,content
0x3f21000,122,65536,0xa9cb57a7,,gfc_extracted\block_03392\block_03392.bin,content
0x3f28000,122,65536,0xacdf95b3,,gfc_extracted\block_03393\block_03393.bin,content
0x3f2f800,122,65536,0x6357a7ff,,gfc_extracted\block_03394\block_03394.bin,content
0x3f36800,122,65536,0xf4490e6,,gfc_extracted\block_03395\block_03395.bin,content
0x3f3e800,122,65536,0x3c72fef4,,gfc_extracted\block_03396\block_03396.bin,content
0x3f46800,122,65536,0x3d9505c1,,gfc_extracted\block_03397\block_03397.bin,content
0x3f4e800,122,65536,0xd4ad6f8d,,gfc_extracted\block_03398\block_03398.bin,content
0x3f57000,122,65536,0x9d041f85,,gfc_extracted\block_03399\block_03399.bin,content
0x3f5e000,122,65536,0x787cee3e,,gfc_extracted\block_03400\block_03400.bin,content
0x3f65000,122,65536,0xa4b1cba7,,gfc_extracted\block_03401\block_03401.bin,content
0x3f6d000,122,65536,0x4fcfd39d,,gfc_extracted\block_03402\block_03402.bin,content
0x3f74800,122,65536,0xd4f979e8,,gfc_extracted\block_03403\block_03403.bin,content
0x3f7d800,122,65536,0x7d328cb1,,gfc_extracted\block_03404\block_03404.bin,content
0x3f86800,122,65536,0x69b16b37,,gfc_extracted\block_03405\block_03405.bin,content
0x3f8e800,122,65536,0x556bbbf2,,gfc_extracted\block_03406\block_03406.bin,content
0x3f95000,122,65536,0x6e9c199d,,gfc_extracted\block_03407\block_03407.bin,content
0x3f9e000,122,65536,0x7cfb7d0e,,gfc_extracted\block_03408\block_03408.bin,content
0x3fa7800,122,65536,0x1ba6f090,,gfc_extracted\block_03409\block_03409.bin,content
0x3fb1000,122,65536,0xba62b350,,gfc_extracted\block_03410\block_03410.bin,content
0x3fb8000,122,44144,0xe1b640ea,,gfc_extracted\block_03411\block_03411.bin,content
0x3fbe000,122,65536,0x5c47c842,,gfc_extracted\block_03412\block_03412.bin,content
0x3fc0000,122,65536,0xae79e0e9,,gfc_extracted\block_03413\block_03413.bin,content
0x3fc2000,122,65536,0xe2735500,,gfc_extracted\block_03414\block_03414.bin,content
0x3fc6800,122,65536,0xe5babc6,,gfc_extracted\block_03415\block_03415.bin,content
0x3fcc800,122,65536,0x288b759c,,gfc_extracted\block_03416\block_03416.bin,content
0x3fd5000,122,65536,0xe741f124,,gfc_extracted\block_03417\block_03417.bin,content
0x3fde800,122,65536,0xf27e38f8,,gfc_extracted\block_03418\block_03418.bin,content
0x3fe7800,122,65536,0x3cd43735,,gfc_extracted\block_03419\block_03419.bin,content
0x3fee800,122,65536,0xc79c282,,gfc_extracted\block_03420\block_03420.bin,content
0x3ff4000,122,65536,0xf70c129d,,gfc_extracted\block_03421\block_03421.bin,content
0x3ff9000,122,65536,0xa9ee5765,,gfc_extracted\block_03422\block_03422.bin,content
0x3ffe800,122,65536,0x16bce46,,gfc_extracted\block_03423\block_03423.bin,content
0x4005000,122,65536,0xa8797fb0,,gfc_extracted\block_03424\block_03424.bin,content
0x400a800,122,65536,0xa7d6c35f,,gfc_extracted\block_03425\block_03425.bin,content
0x4011800,122,65536,0xaf019cac,,gfc_extracted\block_03426\block_03426.bin,content
0x4018800,122,65536,0xd5e8c31e,,gfc_extracted\block_03427\block_03427.bin,content
0x401e800,122,65536,0x21223ec6,,gfc_extracted\block_03428\block_03428.bin,content
0x4024000,122,65536,0x4476e54,,gfc_extracted\block_03429\block_03429.bin,content
0x4028800,122,65536,0x1f47af94,,gfc_extracted\block_03430\block_03430.bin,content
0x402c000,122,65536,0x7068e1b3,,gfc_extracted\block_03431\block_03431.bin,content
0x4030800,122,65536,0xcea3e783,,gfc_extracted\block_03432\block_03432.bin,content
0x4035000,122,65536,0x7b149348,,gfc_extracted\block_03433\block_03433.bin,content
0x403b000,122,65536,0x532e2464,,gfc_extracted\block_03434\block_03434.bin,content
0x403f800,122,65536,0x6d842c3d,,gfc_extracted\block_03435\block_03435.bin,content
0x4047000,122,65536,0x33a63748,,gfc_extracted\block_03436\block_03436.bin,content
0x404d800,122,65536,0xddba629d,,gfc_extracted\block_03437\block_03437.bin,content
0x4052000,122,65536,0x72e40261,,gfc_extracted\block_03438\block_03438.bin,content
0x4058000,122,65536,0xa1ab63a4,,gfc_extracted\block_03439\block_03439.bin,content
0x405d800,122,65536,0x6cd3c84a,,gfc_extracted\block_03440\block_03440.bin,content
0x405f000,122,65536,0xfad374f5,,gfc_extracted\block_03441\block_03441.bin,content
0x4068000,122,65536,0x86ec4da7,,gfc_extracted\block_03442\block_03442.bin,content
0x406f000,122,65536,0x1e090e3e,,gfc_extracted\block_03443\block_03443.bin,content
0x4076800,122,65536,0xf19cf0b,,gfc_extracted\block_03444\block_03444.bin,content
0x4080000,122,65536,0xd24c9473,,gfc_extracted\block_03445\block_03445.bin,content
0x4088000,122,64770,0x982bcc94,,gfc_extracted\block_03446\block_03446.bin,content
0x408e800,122,65536,0x7441e5fa,,gfc_extracted\block_03447\block_03447.bin,content
0x4090800,122,65536,0x453e8c1c,,gfc_extracted\block_03448\block_03448.bin,content
0x4095000,122,65536,0xcf82df1d,,gfc_extracted\block_03449\block_03449.bin,content
0x4099800,122,65536,0xc574a4df,,gfc_extracted\block_03450\block_03450.bin,content
0x40a2800,122,65536,0x5ad8efc2,,gfc_extracted\block_03451\block_03451.bin,content
0x40ae000,122,65536,0x6d51c7f9,,gfc_extracted\block_03452\block_03452.bin,content
0x40b3800,122,65536,0x36908ea2,,gfc_extracted\block_03453\block_03453.bin,content
0x40bb000,122,65536,0x9bcd6d41,,gfc_extracted\block_03454\block_03454.bin,content
0x40bf800,122,65536,0x2ad43e74,,gfc_extracted\block_03455\block_03455.bin,content
0x40c4000,122,65536,0x96ecf6b7,,gfc_extracted\block_03456\block_03456.bin,content
0x40c5000,122,65536,0xf4bb1245,,gfc_extracted\block_03457\block_03457.bin,content
0x40c9000,122,65536,0xef6fdc26,,gfc_extracted\block_03458\block_03458.bin,content
0x40cf000,122,65536,0xcb0b84bb,,gfc_extracted\block_03459\block_03459.bin,content
0x40d2800,122,65536,0x86ec9fe2,,gfc_extracted\block_03460\block_03460.bin,content
0x40d4800,122,65536,0xa1941c22,,gfc_extracted\block_03461\block_03461.bin,content
0x40da000,122,65536,0x308f13c4,,gfc_extracted\block_03462\block_03462.bin,content
0x40df800,122,65536,0xfae8f927,,gfc_extracted\block_03463\block_03463.bin,content
0x40e8800,122,65536,0x6a710c9b,,gfc_extracted\block_03464\block_03464.bin,content
0x40ed000,122,65536,0x291c2f41,,gfc_extracted\block_03465\block_03465.bin,content
0x40f2000,122,65536,0xb0df2972,,gfc_extracted\block_03466\block_03466.bin,content
0x40f4800,122,65536,0x11a6fefc,,gfc_extracted\block_03467\block_03467.bin,content
0x40f8000,122,65536,0x79914d4e,,gfc_extracted\block_03468\block_03468.bin,content
0x40fb800,122,65536,0xd6f322f8,,gfc_extracted\block_03469\block_03469.bin,content
0x4101000,122,65536,0x1f816e59,,gfc_extracted\block_03470\block_03470.bin,content
0x4106800,122,65536,0xac68f2a6,,gfc_extracted\block_03471\block_03471.bin,content
0x410c000,122,65536,0xa964b0a9,,gfc_extracted\block_03472\block_03472.bin,content
0x4112800,122,65536,0xe2cfbe34,,gfc_extracted\block_03473\block_03473.bin,content
0x4118800,122,65536,0xb94abd6e,,gfc_extracted\block_03474\block_03474.bin,content
0x411d000,122,65536,0x8040ccec,,gfc_extracted\block_03475\block_03475.bin,content
0x4121800,122,65536,0x5cb8b835,,gfc_extracted\block_03476\block_03476.bin,content
0x4128800,122,65536,0x1b66b067,,gfc_extracted\block_03477\block_03477.bin,content
0x412c000,122,65536,0xdb53c51d,,gfc_extracted\block_03478\block_03478.bin,content
0x4132800,122,65536,0x9bdfb2ed,,gfc_extracted\block_03479\block_03479.bin,content
0x4139000,122,65536,0xfddf5c7d,,gfc_extracted\block_03480\block_03480.bin,content
0x413d800,122,65536,0x1dd9303,,gfc_extracted\block_03481\block_03481.bin,content
0x4144000,122,65536,0xc8ada1fb,,gfc_extracted\block_03482\block_03482.bin,content
0x4149800,122,65536,0xc0a307a2,,gfc_extracted\block_03483\block_03483.bin,content
0x4152000,122,65536,0x9abdc473,,gfc_extracted\block_03484\block_03484.bin,content
0x4157800,122,65536,0x3b104a9,,gfc_extracted\block_03485\block_03485.bin,content
0x415b800,122,65536,0xcfff15e1,,gfc_extracted\block_03486\block_03486.bin,content
0x4164000,122,65536,0x67c75bcb,,gfc_extracted\block_03487\block_03487.bin,content
0x416a800,122,65536,0x127e7056,,gfc_extracted\block_03488\block_03488.bin,content
0x416e000,122,65536,0x89cbd913,,gfc_extracted\block_03489\block_03489.bin,content
0x4171000,122,65536,0x328adba0,,gfc_extracted\block_03490\block_03490.bin,content
0x4174000,122,65536,0xe28fb959,,gfc_extracted\block_03491\block_03491.bin,content
0x4178800,122,65536,0x97d3c722,,gfc_extracted\block_03492\block_03492.bin,content
0x417b000,122,65536,0xd959ea0c,,gfc_extracted\block_03493\block_03493.bin,content
0x4183000,122,65536,0xcb5a89b4,,gfc_extracted\block_03494\block_03494.bin,content
0x418a000,122,65536,0x6ff6f973,,gfc_extracted\block_03495\block_03495.bin,content
0x4190800,122,65536,0x80ebe3b,,gfc_extracted\block_03496\block_03496.bin,content
0x4197000,122,65536,0xf1562d98,,gfc_extracted\block_03497\block_03497.bin,content
0x419e000,122,65536,0x3b1adef0,,gfc_extracted\block_03498\block_03498.bin,content
0x41a5000,122,65536,0xcfd34970,,gfc_extracted\block_03499\block_03499.bin,content
0x41aa800,122,65536,0xf6dc2b7,,gfc_extracted\block_03500\block_03500.bin,content
0x41ad800,122,65536,0xf21995f9,,gfc_extracted\block_03501\block_03501.bin,content
0x41b3000,122,30464,0x5d0f2d4e,,gfc_extracted\block_03502\block_03502.bin,content
0x41b6800,122,65536,0xf52babc0,,gfc_extracted\block_03503\block_03503.bin,content
0x41b9000,122,65536,0x9e6153c3,,gfc_extracted\block_03504\block_03504.bin,content
0x41c1000,122,65536,0xab8ab9d9,,gfc_extracted\block_03505\block_03505.bin,content
0x41cb000,122,65536,0x7ad07bd9,,gfc_extracted\block_03506\block_03506.bin,content
0x41d2000,122,65536,0x6e4f76dc,,gfc_extracted\block_03507\block_03507.bin,content
0x41d7000,122,65536,0xff88e5cd,,gfc_extracted\block_03508\block_03508.bin,content
0x41de000,122,65536,0xccd4bc03,,gfc_extracted\block_03509\block_03509.bin,content
0x41e5800,122,65536,0x2e216955,,gfc_extracted\block_03510\block_03510.bin,content
0x41ed800,122,65536,0x1ecc5f7c,,gfc_extracted\block_03511\block_03511.bin,content
0x41f7000,122,65536,0xeb3303f6,,gfc_extracted\block_03512\block_03512.bin,content
0x41fe000,122,65536,0xef02cdfb,,gfc_extracted\block_03513\block_03513.bin,content
0x4205800,122,65536,0x76e021bc,,gfc_extracted\block_03514\block_03514.csv,content
0x420d000,122,65536,0xf19978ad,,gfc_extracted\block_03515\block_03515.bin,content
0x4213800,122,65536,0xffdb3ab1,,gfc_extracted\block_03516\block_03516.bin,content
0x421c800,122,65536,0xfc7e25e0,,gfc_extracted\block_03517\block_03517.bin,content
0x4225000,122,65536,0xaa88b49,,gfc_extracted\block_03518\block_03518.bin,content
0x422b000,122,33708,0xf1f318da,,gfc_extracted\block_03519\block_03519.bin,content
0x422e800,122,65536,0xa76bb407,,gfc_extracted\block_03520\block_03520.bin,content
0x4231800,122,65536,0x2f3b095d,,gfc_extracted\block_03521\block_03521.bin,content
0x4238000,122,65536,0x99dd8ce3,,gfc_extracted\block_03522\block_03522.bin,content
0x423e000,122,65536,0x5b6151b6,,gfc_extracted\block_03523\block_03523.bin,content
0x4247800,122,65536,0x2aafc01d,,gfc_extracted\block_03524\block_03524.bin,content
0x4250000,122,65536,0xc40fac99,,gfc_extracted\block_03525\block_03525.bin,content
0x425a800,122,65536,0xac9bc478,,gfc_extracted\block_03526\block_03526.bin,content
0x4261800,122,65536,0xaceead4e,,gfc_extracted\block_03527\block_03527.bin,content
0x426a000,122,65536,0x1ca78a70,,gfc_extracted\block_03528\block_03528.bin,content
0x4271000,122,65536,0x68bbbe14,,gfc_extracted\block_03529\block_03529.csv,content
0x427a000,122,65536,0x19526e2f,,gfc_extracted\block_03530\block_03530.bin,content
0x4282800,122,65536,0xe9c8b996,,gfc_extracted\block_03531\block_03531.bin,content
0x428b800,122,65536,0x9e174761,,gfc_extracted\block_03532\block_03532.bin,content
0x4290800,122,65536,0xaafb159b,,gfc_extracted\block_03533\block_03533.bin,content
0x4295000,122,65536,0x4887bce0,,gfc_extracted\block_03534\block_03534.bin,content
0x429d800,122,65536,0xef3c18d,,gfc_extracted\block_03535\block_03535.bin,content
0x42a5000,122,65536,0x8d8d5baf,,gfc_extracted\block_03536\block_03536.bin,content
0x42ac800,122,65536,0x9cf09653,,gfc_extracted\block_03537\block_03537.bin,content
0x42b6800,122,65536,0x43fd0649,,gfc_extracted\block_03538\block_03538.bin,content
0x42bf800,122,65536,0xf9bb68d4,,gfc_extracted\block_03539\block_03539.bin,content
0x42c6000,122,46600,0xf781826b,,gfc_extracted\block_03540\block_03540.bin,content
0x42cc800,122,65536,0xd14a7fb7,,gfc_extracted\block_03541\block_03541.bin,content
0x42cf000,122,65536,0x7dff925f,,gfc_extracted\block_03542\block_03542.bin,content
0x42d6000,122,65536,0x52e6fcd5,,gfc_extracted\block_03543\block_03543.bin,content
0x42e1800,122,65536,0x67173577,,gfc_extracted\block_03544\block_03544.bin,content
0x42e7800,122,65536,0x2d131556,,gfc_extracted\block_03545\block_03545.bin,content
0x42ef000,122,65536,0xff0167af,,gfc_extracted\block_03546\block_03546.bin,content
0x42f7000,122,65536,0x3b3ae1fd,,gfc_extracted\block_03547\block_03547.bin,content
0x42fc800,122,65536,0x85a9018c,,gfc_extracted\block_03548\block_03548.bin,content
0x4305000,122,65536,0xcb5a97d,,gfc_extracted\block_03549\block_03549.bin,content
0x430e000,122,65536,0x12145030,,gfc_extracted\block_03550\block_03550.bin,content
0x4316800,122,65536,0x74ca96ce,,gfc_extracted\block_03551\block_03551.bin,content
0x431f000,122,65536,0xdb10ae52,,gfc_extracted\block_03552\block_03552.bin,content
0x4326000,122,65536,0xf928c2eb,,gfc_extracted\block_03553\block_03553.bin,content
0x432c800,122,65536,0xa7394039,,gfc_extracted\block_03554\block_03554.bin,content
0x4335800,122,65536,0xe2e27657,,gfc_extracted\block_03555\block_03555.csv,content
0x4340000,122,65536,0xd853ab2,,gfc_extracted\block_03556\block_03556.bin,content
0x4348000,122,65536,0xf48d6d79,,gfc_extracted\block_03557\block_03557.bin,content
0x434c800,122,53006,0xff51a655,,gfc_extracted\block_03558\block_03558.bin,content
0x4352800,122,65536,0x1b8bc84b,,gfc_extracted\block_03559\block_03559.bin,content
0x4354800,122,65536,0x391fb82b,,gfc_extracted\block_03560\block_03560.bin,content
0x4358800,122,65536,0x844084ad,,gfc_extracted\block_03561\block_03561.bin,content
0x4360800,122,65536,0xe1bec49,,gfc_extracted\block_03562\block_03562.bin,content
0x436b800,122,65536,0x116787b3,,gfc_extracted\block_03563\block_03563.bin,content
0x4374800,122,65536,0x6532ff85,,gfc_extracted\block_03564\block_03564.bin,content
0x437b800,122,65536,0xb02fd77f,,gfc_extracted\block_03565\block_03565.bin,content
0x4381800,122,65536,0xfc1d8452,,gfc_extracted\block_03566\block_03566.bin,content
0x4386800,122,65536,0xc0fcb8e6,,gfc_extracted\block_03567\block_03567.bin,content
0x438b000,122,65536,0xf65992f,,gfc_extracted\block_03568\block_03568.bin,content
0x4390800,122,65536,0xe02e6f20,,gfc_extracted\block_03569\block_03569.bin,content
0x4395000,122,65536,0x8605d6e0,,gfc_extracted\block_03570\block_03570.bin,content
0x439c800,122,65536,0x5dbee8c2,,gfc_extracted\block_03571\block_03571.bin,content
0x43a1000,122,65536,0x5b27cf64,,gfc_extracted\block_03572\block_03572.bin,content
0x43a3800,122,65536,0xf34367e6,,gfc_extracted\block_03573\block_03573.bin,content
0x43a9800,122,65536,0xe24dedea,,gfc_extracted\block_03574\block_03574.bin,content
0x43b2000,122,65536,0x505a9e9a,,gfc_extracted\block_03575\block_03575.bin,content
0x43b8800,122,65536,0x80febff9,,gfc_extracted\block_03576\block_03576.bin,content
0x43be000,122,65536,0x8e36eeb,,gfc_extracted\block_03577\block_03577.bin,content
0x43c6000,122,65536,0x8741aee4,,gfc_extracted\block_03578\block_03578.bin,content
0x43cf800,122,65536,0x9ad15e87,,gfc_extracted\block_03579\block_03579.bin,content
0x43d7800,122,24912,0xe30b3ca1,,gfc_extracted\block_03580\block_03580.bin,content
0x43d9800,122,65536,0x520fdd12,,gfc_extracted\block_03581\block_03581.bin,content
0x43df800,122,65536,0x6e39884c,,gfc_extracted\block_03582\block_03582.bin,content
0x43e7000,122,65536,0x117acd3e,,gfc_extracted\block_03583\block_03583.bin,content
0x43ef800,122,32480,0x5484a8b8,,gfc_extracted\block_03584\block_03584.bin,content
0x43f7000,122,65536,0xe18b0866,,gfc_extracted\block_03585\block_03585.bin,content
0x43f8800,122,65536,0xd8df45e8,,gfc_extracted\block_03586\block_03586.bin,content
0x43f9800,122,65536,0xfc92731f,,gfc_extracted\block_03587\block_03587.bin,content
0x43fd000,122,65536,0xbfb609d,,gfc_extracted\block_03588\block_03588.bin,content
0x4400800,122,65536,0x822e9d7e,,gfc_extracted\block_03589\block_03589.bin,content
0x4408000,122,65536,0xbc8fe9ac,,gfc_extracted\block_03590\block_03590.bin,content
0x440d800,122,65536,0x91006ed3,,gfc_extracted\block_03591\block_03591.bin,content
0x4414000,122,65536,0xe90557b,,gfc_extracted\block_03592\block_03592.bin,content
0x441b800,122,65536,0x6208e1c8,,gfc_extracted\block_03593\block_03593.bin,content
0x4423000,122,65536,0x5105f85,,gfc_extracted\block_03594\block_03594.bin,content
0x4429000,122,65536,0x6961fb39,,gfc_extracted\block_03595\block_03595.bin,content
0x442d000,122,65536,0x5ba09c80,,gfc_extracted\block_03596\block_03596.bin,content
0x4434000,122,65536,0x884e0742,,gfc_extracted\block_03597\block_03597.bin,content
0x443c000,122,65536,0x10ee3ac0,,gfc_extracted\block_03598\block_03598.bin,content
0x4441800,122,65536,0xc9dd5087,,gfc_extracted\block_03599\block_03599.bin,content
0x4448000,122,65536,0xd8f6158b,,gfc_extracted\block_03600\block_03600.bin,content
0x444f000,122,65536,0x888317a1,,gfc_extracted\block_03601\block_03601.bin,content
0x4455000,122,65536,0xa75a41ac,,gfc_extracted\block_03602\block_03602.bin,content
0x445b800,122,65536,0x45c5700,,gfc_extracted\block_03603\block_03603.bin,content
0x4463800,122,21538,0x3f9d2d17,,gfc_extracted\block_03604\block_03604.bin,content
0x4466800,122,65536,0x4bc1f81a,,gfc_extracted\block_03605\block_03605.bin,content
0x4468800,122,65536,0xd159f7c9,,gfc_extracted\block_03606\block_03606.bin,content
0x446a000,122,65536,0x4c03ad8d,,gfc_extracted\block_03607\block_03607.bin,content
0x446d000,122,65536,0x6ebb56a6,,gfc_extracted\block_03608\block_03608.bin,content
0x4471000,122,65536,0xa2d16081,,gfc_extracted\block_03609\block_03609.bin,content
0x4476800,122,65536,0x5a7cad40,,gfc_extracted\block_03610\block_03610.bin,content
0x447f000,122,65536,0x4261dd8,,gfc_extracted\block_03611\block_03611.bin,content
0x4488800,122,65536,0xf3ee24b3,,gfc_extracted\block_03612\block_03612.bin,content
0x448f000,122,65536,0x811b7be3,,gfc_extracted\block_03613\block_03613.bin,content
0x4494800,122,65536,0xeeed1d64,,gfc_extracted\block_03614\block_03614.bin,content
0x449d800,122,65536,0x6a16c36f,,gfc_extracted\block_03615\block_03615.bin,content
0x44a3800,122,65536,0xa5e48ab4,,gfc_extracted\block_03616\block_03616.bin,content
0x44aa800,122,65536,0x575afe5a,,gfc_extracted\block_03617\block_03617.bin,content
0x44b1000,122,65536,0x6a0c3687,,gfc_extracted\block_03618\block_03618.bin,content
0x44b5000,122,65536,0xcbd8a904,,gfc_extracted\block_03619\block_03619.bin,content
0x44b9800,122,65536,0x80bcd1a,,gfc_extracted\block_03620\block_03620.bin,content
0x44c1800,122,65536,0xe7481731,,gfc_extracted\block_03621\block_03621.bin,content
0x44c7800,122,65536,0x9364591c,,gfc_extracted\block_03622\block_03622.bin,content
0x44cc800,122,65536,0x84e5fd33,,gfc_extracted\block_03623\block_03623.bin,content
0x44d7000,122,65536,0x7948086f,,gfc_extracted\block_03624\block_03624.bin,content
0x44dc000,122,65536,0x14cfc7d5,,gfc_extracted\block_03625\block_03625.bin,content
0x44e3000,122,65536,0x326235ed,,gfc_extracted\block_03626\block_03626.bin,content
0x44e9000,122,65536,0x68b17cbb,,gfc_extracted\block_03627\block_03627.bin,content
0x44ee800,122,65536,0x4284fe62,,gfc_extracted\block_03628\block_03628.bin,content
0x44f6800,122,65536,0x30e17359,,gfc_extracted\block_03629\block_03629.bin,content
0x44ff800,122,65536,0xe84cfac3,,gfc_extracted\block_03630\block_03630.bin,content
0x4505800,122,65536,0x2f4fcb0d,,gfc_extracted\block_03631\block_03631.bin,content
0x450b000,122,65536,0xafd7778b,,gfc_extracted\block_03632\block_03632.bin,content
0x4511000,122,65536,0xd33a4001,,gfc_extracted\block_03633\block_03633.bin,content
0x4518000,122,65536,0x8abf89ba,,gfc_extracted\block_03634\block_03634.bin,content
0x451d800,122,65536,0x764f70b2,,gfc_extracted\block_03635\block_03635.bin,content
0x4523000,122,65536,0xa5b3b00b,,gfc_extracted\block_03636\block_03636.bin,content
0x4529000,122,65536,0xf3a60829,,gfc_extracted\block_03637\block_03637.bin,content
0x452f000,122,65536,0x636fbd80,,gfc_extracted\block_03638\block_03638.bin,content
0x4537000,122,65536,0xb07c55a2,,gfc_extracted\block_03639\block_03639.bin,content
0x453c800,122,65536,0x11eb1367,,gfc_extracted\block_03640\block_03640.bin,content
0x4542800,122,65536,0x80860273,,gfc_extracted\block_03641\block_03641.bin,content
0x454a000,122,65536,0xf4303654,,gfc_extracted\block_03642\block_03642.bin,content
0x454f000,122,65536,0x5da93f87,,gfc_extracted\block_03643\block_03643.bin,content
0x4555800,122,65536,0xc5bb22dd,,gfc_extracted\block_03644\block_03644.bin,content
0x455a800,122,8242,0x6af027e5,,gfc_extracted\block_03645\block_03645.bin,content
0x455b800,122,65536,0xfe97b4f8,,gfc_extracted\block_03646\block_03646.bin,content
0x455d800,122,65536,0x155e5f65,,gfc_extracted\block_03647\block_03647.bin,content
0x455f000,122,65536,0x7535e2c7,,gfc_extracted\block_03648\block_03648.bin,content
0x4563000,122,65536,0xcba3a06,,gfc_extracted\block_03649\block_03649.bin,content
0x4567800,122,65536,0x316497a4,,gfc_extracted\block_03650\block_03650.bin,content
0x456d800,122,65536,0x1bf67737,,gfc_extracted\block_03651\block_03651.bin,content
0x4573000,122,65536,0xe0994f7c,,gfc_extracted\block_03652\block_03652.bin,content
0x4579000,122,65536,0x808be5dc,,gfc_extracted\block_03653\block_03653.bin,content
0x457f000,122,65536,0xbe838f3b,,gfc_extracted\block_03654\block_03654.bin,content
0x4584800,122,65536,0x9c67ac95,,gfc_extracted\block_03655\block_03655.bin,content
0x458d800,122,65536,0xfa71eb5a,,gfc_extracted\block_03656\block_03656.bin,content
0x4592000,122,65536,0x3db1698e,,gfc_extracted\block_03657\block_03657.bin,content
0x4598000,122,65536,0x6a69fddf,,gfc_extracted\block_03658\block_03658.bin,content
0x459d800,122,65536,0xf07064c4,,gfc_extracted\block_03659\block_03659.bin,content
0x45a4800,122,65536,0x1f6bacdc,,gfc_extracted\block_03660\block_03660.csv,content
0x45a7800,122,65536,0xc1a07fe1,,gfc_extracted\block_03661\block_03661.bin,content
0x45ad800,122,65536,0x3d70f70,,gfc_extracted\block_03662\block_03662.bin,content
0x45b1800,122,65536,0x13db5e50,,gfc_extracted\block_03663\block_03663.bin,content
0x45b6800,122,65536,0x1cb93d60,,gfc_extracted\block_03664\block_03664.bin,content
0x45bb000,122,65536,0x7a3aa8c6,,gfc_extracted\block_03665\block_03665.bin,content
0x45c1000,122,65536,0x93b84eeb,,gfc_extracted\block_03666\block_03666.bin,content
0x45c7000,122,65536,0x489a0100,,gfc_extracted\block_03667\block_03667.bin,content
0x45cd800,122,65536,0x6c6ea8f2,,gfc_extracted\block_03668\block_03668.bin,content
0x45d3800,122,65536,0x217e4499,,gfc_extracted\block_03669\block_03669.bin,content
0x45d9000,122,65536,0x8823bb00,,gfc_extracted\block_03670\block_03670.bin,content
0x45dd000,122,65536,0xeee6e34e,,gfc_extracted\block_03671\block_03671.bin,content
0x45e0800,122,65536,0x6c66a45b,,gfc_extracted\block_03672\block_03672.bin,content
0x45e3800,122,65536,0x6576dd6f,,gfc_extracted\block_03673\block_03673.bin,content
0x45e9800,122,65536,0xcaf5ad2f,,gfc_extracted\block_03674\block_03674.bin,content
0x45ef800,122,65536,0xc38548d1,,gfc_extracted\block_03675\block_03675.bin,content
0x45f4800,122,65536,0x157a3e7,,gfc_extracted\block_03676\block_03676.bin,content
0x45f9800,122,65536,0x621e58f9,,gfc_extracted\block_03677\block_03677.bin,content
0x45fd800,122,65536,0x6d172fa8,,gfc_extracted\block_03678\block_03678.bin,content
0x4602000,122,65536,0xed03e3b,,gfc_extracted\block_03679\block_03679.bin,content
0x4605800,122,65536,0x6568ea18,,gfc_extracted\block_03680\block_03680.bin,content
0x460f000,122,65536,0x5f30619a,,gfc_extracted\block_03681\block_03681.bin,content
0x4613800,122,65536,0x1414fad8,,gfc_extracted\block_03682\block_03682.bin,content
0x4618000,122,65536,0xad6a1691,,gfc_extracted\block_03683\block_03683.bin,content
0x461c800,122,65536,0xd6a1e412,,gfc_extracted\block_03684\block_03684.bin,content
0x4621000,122,65536,0x1e93c5d5,,gfc_extracted\block_03685\block_03685.bin,content
0x4626800,122,65536,0xd8f13771,,gfc_extracted\block_03686\block_03686.bin,content
0x462c000,122,65536,0x77b1f870,,gfc_extracted\block_03687\block_03687.bin,content
0x4634000,122,65536,0x75fec1cd,,gfc_extracted\block_03688\block_03688.bin,content
0x463b000,122,65536,0xac412f36,,gfc_extracted\block_03689\block_03689.bin,content
0x4642000,122,65536,0x5c91bfbf,,gfc_extracted\block_03690\block_03690.bin,content
0x4648800,122,65536,0x12c57650,,gfc_extracted\block_03691\block_03691.bin,content
0x4650000,122,65536,0xc1b5b46f,,gfc_extracted\block_03692\block_03692.bin,content
0x4655800,122,65536,0xd020c00,,gfc_extracted\block_03693\block_03693.bin,content
0x465d000,122,55646,0xbcd72bf,,gfc_extracted\block_03694\block_03694.bin,content
0x4664000,122,65536,0x149cb7f7,,gfc_extracted\block_03695\block_03695.bin,content
0x4666000,122,65536,0x60504205,,gfc_extracted\block_03696\block_03696.bin,content
0x4669800,122,65536,0xead6a08,,gfc_extracted\block_03697\block_03697.csv,content
0x466e800,122,65536,0xb87cdab,,gfc_extracted\block_03698\block_03698.bin,content
0x4675800,122,65536,0x67694f97,,gfc_extracted\block_03699\block_03699.bin,content
0x467b800,122,65536,0x87650a2a,,gfc_extracted\block_03700\block_03700.bin,content
0x4681000,122,65536,0x2e4c961a,,gfc_extracted\block_03701\block_03701.bin,content
0x4686800,122,65536,0x90d7bc06,,gfc_extracted\block_03702\block_03702.bin,content
0x468d800,122,65536,0x5528d80b,,gfc_extracted\block_03703\block_03703.bin,content
0x4692000,122,65536,0xa057bad3,,gfc_extracted\block_03704\block_03704.bin,content
0x4699800,122,65536,0x94067bbf,,gfc_extracted\block_03705\block_03705.bin,content
0x46a0000,122,65536,0x1c45aaeb,,gfc_extracted\block_03706\block_03706.bin,content
0x46a4000,122,65536,0xa90dfbfd,,gfc_extracted\block_03707\block_03707.bin,content
0x46a8000,122,65536,0x10fc5e80,,gfc_extracted\block_03708\block_03708.bin,content
0x46af800,122,65536,0xe7387460,,gfc_extracted\block_03709\block_03709.bin,content
0x46b6000,122,65536,0x475c3aa7,,gfc_extracted\block_03710\block_03710.bin,content
0x46bd000,122,65536,0x63b912b1,,gfc_extracted\block_03711\block_03711.bin,content
0x46c4800,122,65536,0x3230d40a,,gfc_extracted\block_03712\block_03712.bin,content
0x46c9800,122,65536,0xac335ebc,,gfc_extracted\block_03713\block_03713.bin,content
0x46cf800,122,65536,0xd31cac61,,gfc_extracted\block_03714\block_03714.bin,content
0x46d6800,122,65536,0xf6733afc,,gfc_extracted\block_03715\block_03715.bin,content
0x46df000,122,65536,0xbf146617,,gfc_extracted\block_03716\block_03716.bin,content
0x46e6000,122,65536,0x6b31d2a0,,gfc_extracted\block_03717\block_03717.bin,content
0x46ed800,122,65536,0x3578f031,,gfc_extracted\block_03718\block_03718.bin,content
0x46f2000,122,65536,0xed14ca26,,gfc_extracted\block_03719\block_03719.bin,content
0x46f9000,122,65536,0x246b1100,,gfc_extracted\block_03720\block_03720.bin,content
0x46fe000,122,65536,0x1b69a99e,,gfc_extracted\block_03721\block_03721.bin,content
0x4704000,122,65536,0x339348a1,,gfc_extracted\block_03722\block_03722.bin,content
0x470b000,122,65536,0xb1e02b09,,gfc_extracted\block_03723\block_03723.bin,content
0x4711800,122,65536,0x37c6a350,,gfc_extracted\block_03724\block_03724.bin,content
0x4717000,122,65536,0xc4d6a1f9,,gfc_extracted\block_03725\block_03725.bin,content
0x471d000,122,28766,0x6ff2784,,gfc_extracted\block_03726\block_03726.bin,content
0x471f800,122,65536,0xa8b9d09c,,gfc_extracted\block_03727\block_03727.bin,content
0x4726800,122,65536,0x8e75220f,,gfc_extracted\block_03728\block_03728.bin,content
0x4730800,122,65536,0x3e6fb43f,,gfc_extracted\block_03729\block_03729.bin,content
0x473a800,122,65536,0xccdc7231,,gfc_extracted\block_03730\block_03730.bin,content
0x4745000,122,65536,0x7313aaac,,gfc_extracted\block_03731\block_03731.bin,content
0x474f800,122,65536,0x61aedb74,,gfc_extracted\block_03732\block_03732.bin,content
0x475a000,122,44521,0x4a25c5e,,gfc_extracted\block_03733\block_03733.bin,content
0x4760000,122,65536,0x10f002c6,,gfc_extracted\block_03734\block_03734.bin,content
0x4762000,122,65536,0xbbe13897,,gfc_extracted\block_03735\block_03735.bin,content
0x4764800,122,65536,0xf60b6b45,,gfc_extracted\block_03736\block_03736.bin,content
0x4768800,122,65536,0x10533982,,gfc_extracted\block_03737\block_03737.csv,content
0x476c800,122,65536,0xdc0885b4,,gfc_extracted\block_03738\block_03738.bin,content
0x4771000,122,65536,0xf0b00453,,gfc_extracted\block_03739\block_03739.bin,content
0x477b000,122,65536,0xf472c339,,gfc_extracted\block_03740\block_03740.bin,content
0x4784000,122,65536,0xe1762398,,gfc_extracted\block_03741\block_03741.bin,content
0x478a800,122,65536,0x2b873fda,,gfc_extracted\block_03742\block_03742.bin,content
0x4790800,122,65536,0x2d271fc9,,gfc_extracted\block_03743\block_03743.bin,content
0x4797800,122,65536,0x9dae28d2,,gfc_extracted\block_03744\block_03744.bin,content
0x479e800,122,65536,0x5ce38f23,,gfc_extracted\block_03745\block_03745.bin,content
0x47a5800,122,65536,0x54efa70c,,gfc_extracted\block_03746\block_03746.bin,content
0x47ac800,122,65536,0x188ad4d4,,gfc_extracted\block_03747\block_03747.bin,content
0x47b3800,122,65536,0x5cbd05c6,,gfc_extracted\block_03748\block_03748.bin,content
0x47bb000,122,65536,0xc09513ac,,gfc_extracted\block_03749\block_03749.bin,content
0x47c0800,122,65536,0xf9908fa,,gfc_extracted\block_03750\block_03750.bin,content
0x47c6000,122,65536,0xf1ca5a,,gfc_extracted\block_03751\block_03751.bin,content
0x47cd000,122,65536,0xfdf90dc9,,gfc_extracted\block_03752\block_03752.bin,content
0x47d4000,122,65536,0x3dbe7414,,gfc_extracted\block_03753\block_03753.bin,content
0x47da800,122,65536,0x367b6f2c,,gfc_extracted\block_03754\block_03754.bin,content
0x47e0800,122,65536,0x168ada70,,gfc_extracted\block_03755\block_03755.bin,content
0x47e8000,122,65536,0xc51d6eeb,,gfc_extracted\block_03756\block_03756.bin,content
0x47ee800,122,65536,0x91fdbd29,,gfc_extracted\block_03757\block_03757.bin,content
0x47f6000,122,65536,0xfd7692e3,,gfc_extracted\block_03758\block_03758.bin,content
0x47fd800,122,65536,0xa2d4aa02,,gfc_extracted\block_03759\block_03759.bin,content
0x4804000,122,65536,0xd7c28d29,,gfc_extracted\block_03760\block_03760.bin,content
0x480b000,122,65536,0xccb101ef,,gfc_extracted\block_03761\block_03761.bin,content
0x4810800,122,65536,0x1aa5e4e1,,gfc_extracted\block_03762\block_03762.bin,content
0x4818800,122,65536,0xb4401e54,,gfc_extracted\block_03763\block_03763.bin,content
0x481f000,122,65536,0x9a281a44,,gfc_extracted\block_03764\block_03764.bin,content
0x4824000,122,65536,0xe2409cc,,gfc_extracted\block_03765\block_03765.bin,content
0x4828000,122,65536,0xf408cb5f,,gfc_extracted\block_03766\block_03766.bin,content
0x482e800,122,65536,0x432ce5f0,,gfc_extracted\block_03767\block_03767.bin,content
0x4830800,122,65536,0x606f9af4,,gfc_extracted\block_03768\block_03768.bin,content
0x4838000,122,65536,0xe06efaf1,,gfc_extracted\block_03769\block_03769.bin,content
0x4840800,122,65536,0x734895d0,,gfc_extracted\block_03770\block_03770.bin,content
0x4847800,122,65536,0x6bc57ada,,gfc_extracted\block_03771\block_03771.bin,content
0x484e000,122,65536,0x3d23a472,,gfc_extracted\block_03772\block_03772.bin,content
0x4851000,122,65536,0x8283a816,,gfc_extracted\block_03773\block_03773.bin,content
0x4857000,122,65536,0xe6105026,,gfc_extracted\block_03774\block_03774.bin,content
0x485d800,122,65536,0x2aca71f0,,gfc_extracted\block_03775\block_03775.bin,content
0x4864800,122,65536,0x59b3f3dd,,gfc_extracted\block_03776\block_03776.bin,content
0x4869000,122,65536,0xc1612037,,gfc_extracted\block_03777\block_03777.bin,content
0x486c800,122,65536,0x42b37463,,gfc_extracted\block_03778\block_03778.bin,content
0x4874000,122,65536,0x47b01801,,gfc_extracted\block_03779\block_03779.bin,content
0x487a000,122,65536,0x956e24b3,,gfc_extracted\block_03780\block_03780.bin,content
0x4880800,122,65536,0x72b7f375,,gfc_extracted\block_03781\block_03781.bin,content
0x4888000,122,65536,0x849d08ff,,gfc_extracted\block_03782\block_03782.bin,content
0x488d800,122,3180,0xf72f57a,,gfc_extracted\block_03783\block_03783.bin,content
0x488e000,122,63837,0x4f2301ec,.\ps2\gfx\powerups\crate_2.igb,gfc_extracted\./ps2/gfx/powerups/crate_2.igb,crc
0x4893000,122,63837,0xbbcebb5f,.\ps2\gfx\powerups\crate_3.igb,gfc_extracted\./ps2/gfx/powerups/crate_3.igb,crc
0x4898000,122,63837,0xaf840813,.\ps2\gfx\powerups\crate_fruit.igb,gfc_extracted\./ps2/gfx/powerups/crate_fruit.igb,crc
0x489d000,122,42290,0x7527cb57,.\ps2\gfx\powerups\spikeyfruit.igb,gfc_extracted\./ps2/gfx/powerups/spikeyfruit.igb,crc
0x489f800,122,40452,0xb3848e45,.\ps2\gfx\powerups\teethstrip.igb,gfc_extracted\./ps2/gfx/powerups/teethstrip.igb,crc
0x48a3000,122,13614,0x6b9b6ddc,.\ps2\gfx\powerups\voodoo_bles_particles.igb,gfc_extracted\./ps2/gfx/powerups/voodoo_bles_particles.igb,crc
0x48a4800,122,10066,0x706e2bc6,.\ps2\gfx\powerups\voodoo_clouds.igb,gfc_extracted\./ps2/gfx/powerups/voodoo_clouds.igb,crc
0x48a5800,122,10698,0x89af3f6e,.\ps2\gfx\powerups\voodoo_lightbeams.igb,gfc_extracted\./ps2/gfx/powerups/voodoo_lightbeams.igb,crc
0x48a6800,122,27834,0xeab4dc10,.\ps2\gfx\sfx\ash.igb,gfc_extracted\./ps2/gfx/sfx/ash.igb,crc
0x48a9800,122,18570,0xa5ff24f0,.\ps2\gfx\sfx\dirt.igb,gfc_extracted\./ps2/gfx/sfx/dirt.igb,crc
0x48ab800,122,12270,0x811cc0,.\ps2\gfx\sfx\gravel.igb,gfc_extracted\./ps2/gfx/sfx/gravel.igb,crc
0x48ad000,122,12508,0x66c03eca,.\ps2\gfx\sfx\pstrail.png,gfc_extracted\./ps2/gfx/sfx/pstrail.png,crc
0x48ae000,122,16759,0xdc2eb43e,.\ps2\gfx\sfx\strace.png,gfc_extracted\./ps2/gfx/sfx/strace.png,crc
0x48af800,122,65536,0xc01b0f73,,gfc_extracted\block_03797\block_03797.bin,content
0x48b2000,122,65536,0xec547870,,gfc_extracted\block_03798\block_03798.bin,content
0x48ba000,122,65536,0x8d0b1be6,,gfc_extracted\block_03799\block_03799.bin,content
0x48c1800,122,65536,0xe9e2db22,,gfc_extracted\block_03800\block_03800.bin,content
0x48cc800,122,65536,0xcdd0038a,,gfc_extracted\block_03801\block_03801.bin,content
0x48d6000,122,65536,0x746acf6c,,gfc_extracted\block_03802\block_03802.bin,content
0x48dd000,122,65536,0x9ee40a1f,,gfc_extracted\block_03803\block_03803.bin,content
0x48e4800,122,65536,0xd984d67e,,gfc_extracted\block_03804\block_03804.bin,content
0x48e7800,122,65536,0xb180dbbe,,gfc_extracted\block_03805\block_03805.bin,content
0x48ef000,122,65536,0x9a15ad04,,gfc_extracted\block_03806\block_03806.bin,content
0x48f7000,122,65536,0x158c19dc,,gfc_extracted\block_03807\block_03807.bin,content
0x48fc000,122,65536,0xd503a9be,,gfc_extracted\block_03808\block_03808.bin,content
0x4902000,122,65536,0xbb90fe86,,gfc_extracted\block_03809\block_03809.bin,content
0x4905800,122,65536,0x1fc8d7ba,,gfc_extracted\block_03810\block_03810.bin,content
0x4906000,122,65536,0xc69b4be9,,gfc_extracted\block_03811\block_03811.bin,content
0x4906800,122,65536,0x51de0ad3,,gfc_extracted\block_03812\block_03812.bin,content
0x4907000,122,65536,0x9763c6b0,,gfc_extracted\block_03813\block_03813.bin,content
0x490b800,122,65536,0xcb12e25,,gfc_extracted\block_03814\block_03814.bin,content
0x4914800,122,65536,0xa0a81b5f,,gfc_extracted\block_03815\block_03815.bin,content
0x491b800,122,27972,0xc6c407f,,gfc_extracted\block_03816\block_03816.bin,content
0x491c000,122,65536,0x6fb891e7,,gfc_extracted\block_03817\block_03817.bin,content
0x4921000,122,65536,0x128b925f,,gfc_extracted\block_03818\block_03818.bin,content
0x492b800,122,65536,0x3de1b335,,gfc_extracted\block_03819\block_03819.bin,content
0x4932800,122,65536,0xc8304589,,gfc_extracted\block_03820\block_03820.bin,content
0x493d000,122,65536,0xed6fdb03,,gfc_extracted\block_03821\block_03821.bin,content
0x4945800,122,65536,0x1854b664,,gfc_extracted\block_03822\block_03822.bin,content
0x494d000,122,65536,0xf80a8e54,,gfc_extracted\block_03823\block_03823.bin,content
0x4953800,122,65536,0xac9f36a6,,gfc_extracted\block_03824\block_03824.bin,content
0x495b000,122,65536,0x8c0a43dd,,gfc_extracted\block_03825\block_03825.bin,content
0x4964000,122,65536,0x3923a299,,gfc_extracted\block_03826\block_03826.bin,content
0x496f800,122,65536,0x89a14e8f,,gfc_extracted\block_03827\block_03827.bin,content
0x497a000,122,65536,0x11fc19d,,gfc_extracted\block_03828\block_03828.bin,content
0x4981800,122,65536,0xa48afe49,,gfc_extracted\block_03829\block_03829.bin,content
0x4987000,122,65536,0x81f523f0,,gfc_extracted\block_03830\block_03830.bin,content
0x4991800,122,29268,0xba869383,,gfc_extracted\block_03831\block_03831.bin,content
0x4997000,122,65536,0x54324cfe,,gfc_extracted\block_03832\block_03832.bin,content
0x499c000,122,65536,0x6e94cd3,,gfc_extracted\block_03833\block_03833.bin,content
0x49a6800,122,65536,0x55445ec,,gfc_extracted\block_03834\block_03834.bin,content
0x49af000,122,65536,0xe95864f4,,gfc_extracted\block_03835\block_03835.bin,content
0x49b7000,122,65536,0xcc93420c,,gfc_extracted\block_03836\block_03836.bin,content
0x49be000,122,65536,0xddc3433a,,gfc_extracted\block_03837\block_03837.bin,content
0x49c4000,122,65536,0x89e05684,,gfc_extracted\block_03838\block_03838.csv,content
0x49ce000,122,65536,0x28c26519,,gfc_extracted\block_03839\block_03839.bin,content
0x49d6000,122,65536,0x6300245b,,gfc_extracted\block_03840\block_03840.bin,content
0x49e1000,122,65536,0x93a537b2,,gfc_extracted\block_03841\block_03841.bin,content
0x49e8000,122,65536,0x6e8729b8,,gfc_extracted\block_03842\block_03842.bin,content
0x49ef800,122,65536,0x56b91fc,,gfc_extracted\block_03843\block_03843.bin,content
0x49f6800,122,65536,0xb67a9d6b,,gfc_extracted\block_03844\block_03844.bin,content
0x49fd800,122,65536,0x93f67fae,,gfc_extracted\block_03845\block_03845.bin,content
0x4a05800,122,14444,0x217fbfcf,,gfc_extracted\block_03846\block_03846.bin,content
0x4a07800,122,65536,0x51077dbc,,gfc_extracted\block_03847\block_03847.bin,content
0x4a0b800,122,65536,0x31f7c1d6,,gfc_extracted\block_03848\block_03848.bin,content
0x4a11800,122,65536,0xd6bbc766,,gfc_extracted\block_03849\block_03849.bin,content
0x4a1b000,122,65536,0x45609ba1,,gfc_extracted\block_03850\block_03850.bin,content
0x4a20000,122,65536,0xac290cc0,,gfc_extracted\block_03851\block_03851.bin,content
0x4a27800,122,65536,0x13adfe73,,gfc_extracted\block_03852\block_03852.bin,content
0x4a2b800,122,65536,0xcd807350,,gfc_extracted\block_03853\block_03853.bin,content
0x4a30000,122,65536,0x67e89e6c,,gfc_extracted\block_03854\block_03854.bin,content
0x4a35800,122,65536,0xb7064736,,gfc_extracted\block_03855\block_03855.bin,content
0x4a3d000,122,65536,0x1a4f13fd,,gfc_extracted\block_03856\block_03856.bin,content
0x4a40800,122,65536,0xf0f1ff7d,,gfc_extracted\block_03857\block_03857.bin,content
0x4a48000,122,65536,0xf3fb952f,,gfc_extracted\block_03858\block_03858.bin,content
0x4a51800,122,13796,0xfc7deb08,,gfc_extracted\block_03859\block_03859.bin,content
0x4a53000,122,65536,0x9297d2c7,,gfc_extracted\block_03860\block_03860.bin,content
0x4a55800,122,65536,0xe111bb97,,gfc_extracted\block_03861\block_03861.bin,content
0x4a5c800,122,65536,0x23bcb529,,gfc_extracted\block_03862\block_03862.bin,content
0x4a65000,122,65536,0xff91fb68,,gfc_extracted\block_03863\block_03863.bin,content
0x4a6b000,122,65536,0xe910c464,,gfc_extracted\block_03864\block_03864.bin,content
0x4a70000,122,65536,0x5424bcec,,gfc_extracted\block_03865\block_03865.bin,content
0x4a77000,122,65536,0x3cebfc84,,gfc_extracted\block_03866\block_03866.bin,content
0x4a7d800,122,65536,0x862988f2,,gfc_extracted\block_03867\block_03867.bin,content
0x4a84800,122,65536,0x6647b53a,,gfc_extracted\block_03868\block_03868.bin,content
0x4a8a800,122,65536,0x9e096e94,,gfc_extracted\block_03869\block_03869.bin,content
0x4a8f800,122,65536,0x5c373ee4,,gfc_extracted\block_03870\block_03870.bin,content
0x4a93000,122,65536,0x4151ae8b,,gfc_extracted\block_03871\block_03871.bin,content
0x4a99800,122,65536,0x5805823d,,gfc_extracted\block_03872\block_03872.bin,content
0x4aa4000,122,65536,0x8dfdfa31,,gfc_extracted\block_03873\block_03873.bin,content
0x4ab0800,122,65536,0x417c421a,,gfc_extracted\block_03874\block_03874.bin,content
0x4ab8000,122,17530,0xd17399be,,gfc_extracted\block_03875\block_03875.bin,content
0x4aba000,122,65536,0x7b7b8365,,gfc_extracted\block_03876\block_03876.bin,content
0x4abc000,122,65536,0x629bf8ca,,gfc_extracted\block_03877\block_03877.bin,content
0x4abe000,122,65536,0xa4f41bf7,,gfc_extracted\block_03878\block_03878.bin,content
0x4ac2000,122,65536,0xba01dc08,,gfc_extracted\block_03879\block_03879.bin,content
0x4ac7000,122,65536,0x58ced943,,gfc_extracted\block_03880\block_03880.bin,content
0x4ace000,122,65536,0x23e125b3,,gfc_extracted\block_03881\block_03881.bin,content
0x4ad3000,122,65536,0x8535d853,,gfc_extracted\block_03882\block_03882.bin,content
0x4ad8800,122,65536,0x74a04314,,gfc_extracted\block_03883\block_03883.bin,content
0x4ae0000,122,65536,0xb04c95e2,,gfc_extracted\block_03884\block_03884.bin,content
0x4ae6000,122,65536,0xcbf1e8a8,,gfc_extracted\block_03885\block_03885.bin,content
0x4aed000,122,65536,0x294d37f9,,gfc_extracted\block_03886\block_03886.bin,content
0x4af2800,122,65536,0xf22e6f12,,gfc_extracted\block_03887\block_03887.bin,content
0x4afa000,122,65536,0xfaa9e84b,,gfc_extracted\block_03888\block_03888.bin,content
0x4b00800,122,65536,0x468b4472,,gfc_extracted\block_03889\block_03889.csv,content
0x4b06800,122,65536,0x1e12c91d,,gfc_extracted\block_03890\block_03890.bin,content
0x4b10800,122,65536,0x4beea236,,gfc_extracted\block_03891\block_03891.bin,content
0x4b15800,122,65536,0xba53a2d2,,gfc_extracted\block_03892\block_03892.bin,content
0x4b1b000,122,65536,0xc7f2f59a,,gfc_extracted\block_03893\block_03893.bin,content
0x4b21000,122,38884,0xa5d66675,,gfc_extracted\block_03894\block_03894.bin,content
0x4b24000,122,65536,0xc78fc4e7,,gfc_extracted\block_03895\block_03895.bin,content
0x4b26800,122,65536,0xd660359a,,gfc_extracted\block_03896\block_03896.bin,content
0x4b2c000,122,65536,0x2b8c4b5d,,gfc_extracted\block_03897\block_03897.bin,content
0x4b35800,122,65536,0x6fc8a76a,,gfc_extracted\block_03898\block_03898.bin,content
0x4b3a800,122,65536,0x85eed612,,gfc_extracted\block_03899\block_03899.bin,content
0x4b44800,122,65536,0xd35195c5,,gfc_extracted\block_03900\block_03900.bin,content
0x4b4e800,122,65536,0xd176c32c,,gfc_extracted\block_03901\block_03901.bin,content
0x4b5a000,122,65536,0xb39f2f45,,gfc_extracted\block_03902\block_03902.bin,content
0x4b5f000,122,65536,0x4b8208ca,,gfc_extracted\block_03903\block_03903.bin,content
0x4b63000,122,65536,0x76ca0ede,,gfc_extracted\block_03904\block_03904.bin,content
0x4b69800,122,65536,0x229cdf88,,gfc_extracted\block_03905\block_03905.bin,content
0x4b71000,122,65536,0x5851221f,,gfc_extracted\block_03906\block_03906.bin,content
0x4b77000,122,65536,0xb2229af0,,gfc_extracted\block_03907\block_03907.bin,content
0x4b7e800,122,65536,0x35d3ee9b,,gfc_extracted\block_03908\block_03908.bin,content
0x4b85800,122,65536,0xaf6a97f7,,gfc_extracted\block_03909\block_03909.bin,content
0x4b90000,122,65536,0xd068f977,,gfc_extracted\block_03910\block_03910.bin,content
0x4b96800,122,65536,0xef272905,,gfc_extracted\block_03911\block_03911.bin,content
0x4b9e800,122,65536,0x80312893,,gfc_extracted\block_03912\block_03912.bin,content
0x4ba5000,122,65536,0x9872f814,,gfc_extracted\block_03913\block_03913.bin,content
0x4bae000,122,65536,0x6ad7041c,,gfc_extracted\block_03914\block_03914.bin,content
0x4bb5000,122,65536,0x4bd18fcd,,gfc_extracted\block_03915\block_03915.bin,content
0x4bbc800,122,62842,0xb23457b8,,gfc_extracted\block_03916\block_03916.bin,content
0x4bc4800,122,65536,0xb69616a6,,gfc_extracted\block_03917\block_03917.bin,content
0x4bc7000,122,65536,0xb5bf6784,,gfc_extracted\block_03918\block_03918.bin,content
0x4bcc800,122,65536,0xf660a827,,gfc_extracted\block_03919\block_03919.bin,content
0x4bd4000,122,65536,0xfc05ae72,,gfc_extracted\block_03920\block_03920.bin,content
0x4bdd000,122,65536,0xa4e76fb3,,gfc_extracted\block_03921\block_03921.bin,content
0x4be8000,122,65536,0xa8319ce1,,gfc_extracted\block_03922\block_03922.bin,content
0x4bf0800,122,65536,0xeccdaad2,,gfc_extracted\block_03923\block_03923.bin,content
0x4bf5000,122,65536,0x88f82b03,,gfc_extracted\block_03924\block_03924.bin,content
0x4bfc000,122,65536,0xd86084c9,,gfc_extracted\block_03925\block_03925.bin,content
0x4c02000,122,65536,0x9a7ce771,,gfc_extracted\block_03926\block_03926.bin,content
0x4c0a000,122,65536,0x98585637,,gfc_extracted\block_03927\block_03927.bin,content
0x4c10000,122,65536,0xee71bd9c,,gfc_extracted\block_03928\block_03928.bin,content
0x4c18000,122,65536,0xbe5b108f,,gfc_extracted\block_03929\block_03929.bin,content
0x4c21000,122,65536,0x3f2aec6e,,gfc_extracted\block_03930\block_03930.bin,content
0x4c29000,122,65536,0xdb5ff7fc,,gfc_extracted\block_03931\block_03931.bin,content
0x4c30000,122,65536,0xa70d022f,,gfc_extracted\block_03932\block_03932.bin,content
0x4c39800,122,65536,0xd7f7c588,,gfc_extracted\block_03933\block_03933.csv,content
0x4c42800,122,65536,0x5ca8944e,,gfc_extracted\block_03934\block_03934.bin,content
0x4c4d800,122,48192,0x8e0aa47e,,gfc_extracted\block_03935\block_03935.bin,content
0x4c50000,122,65536,0x9228fff1,,gfc_extracted\block_03936\block_03936.bin,content
0x4c52000,122,65536,0x155cbe21,,gfc_extracted\block_03937\block_03937.bin,content
0x4c55800,122,65536,0x88e6b36f,,gfc_extracted\block_03938\block_03938.bin,content
0x4c5c800,122,65536,0xa1d07e7f,,gfc_extracted\block_03939\block_03939.bin,content
0x4c65800,122,65536,0x20d1180f,,gfc_extracted\block_03940\block_03940.bin,content
0x4c6c800,122,65536,0x625a75d3,,gfc_extracted\block_03941\block_03941.bin,content
0x4c73800,122,65536,0xf6101015,,gfc_extracted\block_03942\block_03942.bin,content
0x4c7c000,122,65536,0x22670911,,gfc_extracted\block_03943\block_03943.bin,content
0x4c82800,122,65536,0x971bb7db,,gfc_extracted\block_03944\block_03944.bin,content
0x4c87800,122,65536,0xe45940c,,gfc_extracted\block_03945\block_03945.bin,content
0x4c8b000,122,65536,0x44003742,,gfc_extracted\block_03946\block_03946.bin,content
0x4c91000,122,65536,0xe7d0049,,gfc_extracted\block_03947\block_03947.bin,content
0x4c94000,122,65536,0x7be96ce4,,gfc_extracted\block_03948\block_03948.bin,content
0x4c9b000,122,65536,0xae5806b1,,gfc_extracted\block_03949\block_03949.bin,content
0x4ca2000,122,65536,0x783c79cf,,gfc_extracted\block_03950\block_03950.bin,content
0x4ca9000,122,65536,0xf803f93a,,gfc_extracted\block_03951\block_03951.bin,content
0x4cac800,122,65536,0xac5e02de,,gfc_extracted\block_03952\block_03952.bin,content
0x4cb0800,122,65536,0xfb5a3098,,gfc_extracted\block_03953\block_03953.bin,content
0x4cb8000,122,65536,0xa97fc205,,gfc_extracted\block_03954\block_03954.bin,content
0x4cbf800,122,65536,0x8a9376a8,,gfc_extracted\block_03955\block_03955.bin,content
0x4cc5000,122,65536,0x9ccba41e,,gfc_extracted\block_03956\block_03956.bin,content
0x4ccc800,122,65536,0xe0c6d5cd,,gfc_extracted\block_03957\block_03957.bin,content
0x4cd4000,122,65536,0x911cd4b,,gfc_extracted\block_03958\block_03958.bin,content
0x4cde800,122,54866,0x6b9bd670,,gfc_extracted\block_03959\block_03959.bin,content
0x4ce3800,122,65536,0xf29868ef,,gfc_extracted\block_03960\block_03960.bin,content
0x4ce6800,122,65536,0x81a43334,,gfc_extracted\block_03961\block_03961.bin,content
0x4cf1800,122,65536,0x26de1e83,,gfc_extracted\block_03962\block_03962.bin,content
0x4cf9000,122,65536,0x9d1b0eaa,,gfc_extracted\block_03963\block_03963.bin,content
0x4d00800,122,38756,0xb699349c,,gfc_extracted\block_03964\block_03964.bin,content
0x4d03800,122,65536,0xe18b0866,,gfc_extracted\block_03965\block_03965.bin,content
0x4d05000,122,65536,0xd8df45e8,,gfc_extracted\block_03966\block_03966.bin,content
0x4d06000,122,65536,0xfc92731f,,gfc_extracted\block_03967\block_03967.bin,content
0x4d09800,122,65536,0xbfb609d,,gfc_extracted\block_03968\block_03968.bin,content
0x4d0d000,122,65536,0x822e9d7e,,gfc_extracted\block_03969\block_03969.bin,content
0x4d14800,122,65536,0xbc8fe9ac,,gfc_extracted\block_03970\block_03970.bin,content
0x4d1a000,122,65536,0x91006ed3,,gfc_extracted\block_03971\block_03971.bin,content
0x4d20800,122,65536,0xe90557b,,gfc_extracted\block_03972\block_03972.bin,content
0x4d28000,122,65536,0x6208e1c8,,gfc_extracted\block_03973\block_03973.bin,content
0x4d2f800,122,65536,0x5105f85,,gfc_extracted\block_03974\block_03974.bin,content
0x4d35800,122,65536,0x6961fb39,,gfc_extracted\block_03975\block_03975.bin,content
0x4d39800,122,65536,0x5ba09c80,,gfc_extracted\block_03976\block_03976.bin,content
0x4d40800,122,65536,0x884e0742,,gfc_extracted\block_03977\block_03977.bin,content
0x4d48800,122,65536,0x10ee3ac0,,gfc_extracted\block_03978\block_03978.bin,content
0x4d4e000,122,65536,0xc9dd5087,,gfc_extracted\block_03979\block_03979.bin,content
0x4d54800,122,65536,0xd8f6158b,,gfc_extracted\block_03980\block_03980.bin,content
0x4d5b800,122,65536,0x888317a1,,gfc_extracted\block_03981\block_03981.bin,content
0x4d61800,122,65536,0xa75a41ac,,gfc_extracted\block_03982\block_03982.bin,content
0x4d68000,122,65536,0x45c5700,,gfc_extracted\block_03983\block_03983.bin,content
0x4d70000,122,21538,0x3f9d2d17,,gfc_extracted\block_03984\block_03984.bin,content
0x4d73000,122,65536,0xa8b9d09c,,gfc_extracted\block_03985\block_03985.bin,content
0x4d7a000,122,65536,0x8e75220f,,gfc_extracted\block_03986\block_03986.bin,content
0x4d84000,122,65536,0x3e6fb43f,,gfc_extracted\block_03987\block_03987.bin,content
0x4d8e000,122,65536,0xccdc7231,,gfc_extracted\block_03988\block_03988.bin,content
0x4d98800,122,65536,0x7313aaac,,gfc_extracted\block_03989\block_03989.bin,content
0x4da3000,122,65536,0x61aedb74,,gfc_extracted\block_03990\block_03990.bin,content
0x4dad800,122,44521,0x4a25c5e,,gfc_extracted\block_03991\block_03991.bin,content
0x4db3800,122,65536,0xf7faeaff,,gfc_extracted\block_03992\block_03992.bin,content
0x4db5000,122,65536,0xb1d9520a,,gfc_extracted\block_03993\block_03993.bin,content
0x4db6000,122,65536,0xf3c7e4d7,,gfc_extracted\block_03994\block_03994.bin,content
0x4db7000,122,65536,0x9e87cd07,,gfc_extracted\block_03995\block_03995.bin,content
0x4db9800,122,65536,0x4cd5da08,,gfc_extracted\block_03996\block_03996.bin,content
0x4dbd000,122,65536,0xe1fafb0e,,gfc_extracted\block_03997\block_03997.bin,content
0x4dc1000,122,65536,0xa872a3bd,,gfc_extracted\block_03998\block_03998.bin,content
0x4dc5000,122,65536,0xa4653c16,,gfc_extracted\block_03999\block_03999.bin,content
0x4dca000,122,65536,0x637a1fab,,gfc_extracted\block_04000\block_04000.bin,content
0x4dd1000,122,65536,0x1a0656ae,,gfc_extracted\block_04001\block_04001.bin,content
0x4dd9800,122,65536,0x373f4327,,gfc_extracted\block_04002\block_04002.bin,content
0x4ddf800,122,65536,0xf8630f2b,,gfc_extracted\block_04003\block_04003.bin,content
0x4dec000,122,65536,0xea4579b2,,gfc_extracted\block_04004\block_04004.csv,content
0x4df5800,122,65536,0xe215d68e,,gfc_extracted\block_04005\block_04005.bin,content
0x4dfd000,122,65536,0xaa9eaa6,,gfc_extracted\block_04006\block_04006.bin,content
0x4e04800,122,65536,0x37de48ab,,gfc_extracted\block_04007\block_04007.bin,content
0x4e0b800,122,65536,0xf3b42c57,,gfc_extracted\block_04008\block_04008.bin,content
0x4e12800,122,65536,0xb821980e,,gfc_extracted\block_04009\block_04009.bin,content
0x4e19800,122,65536,0x77a5a61,,gfc_extracted\block_04010\block_04010.bin,content
0x4e20000,122,65536,0xb63f0ad9,,gfc_extracted\block_04011\block_04011.bin,content
0x4e27000,122,65536,0x8e8d8320,,gfc_extracted\block_04012\block_04012.bin,content
0x4e2f000,122,65536,0xdb5acb8a,,gfc_extracted\block_04013\block_04013.bin,content
0x4e36000,122,65536,0x8a528266,,gfc_extracted\block_04014\block_04014.bin,content
0x4e3b000,122,65536,0x9b1a7956,,gfc_extracted\block_04015\block_04015.bin,content
0x4e42000,122,65536,0xb2bad59,,gfc_extracted\block_04016\block_04016.bin,content
0x4e46800,122,65536,0x38d70810,,gfc_extracted\block_04017\block_04017.bin,content
0x4e4a800,122,65536,0x2c5ab592,,gfc_extracted\block_04018\block_04018.bin,content
0x4e4e000,122,65536,0x1cf3bbaf,,gfc_extracted\block_04019\block_04019.bin,content
0x4e51800,122,65536,0x2a7f6d15,,gfc_extracted\block_04020\block_04020.bin,content
0x4e55800,122,65536,0x3644553c,,gfc_extracted\block_04021\block_04021.bin,content
0x4e5a000,122,65536,0x1244614d,,gfc_extracted\block_04022\block_04022.bin,content
0x4e5e800,122,65536,0xa0e5820f,,gfc_extracted\block_04023\block_04023.bin,content
0x4e62800,122,65536,0x533bd1db,,gfc_extracted\block_04024\block_04024.bin,content
0x4e68800,122,65536,0x3a361691,,gfc_extracted\block_04025\block_04025.bin,content
0x4e6d800,122,65536,0xc1f9c4ec,,gfc_extracted\block_04026\block_04026.bin,content
0x4e72800,122,65536,0x988386e5,,gfc_extracted\block_04027\block_04027.bin,content
0x4e76800,122,65536,0xdb4e4eee,,gfc_extracted\block_04028\block_04028.bin,content
0x4e7c800,122,65536,0x878f83a8,,gfc_extracted\block_04029\block_04029.bin,content
0x4e81800,122,65536,0xae6bb7ea,,gfc_extracted\block_04030\block_04030.bin,content
0x4e88000,122,65536,0x6982940,,gfc_extracted\block_04031\block_04031.bin,content
0x4e8f800,122,65536,0xbbf547b3,,gfc_extracted\block_04032\block_04032.bin,content
0x4e96000,122,65536,0x18db020e,,gfc_extracted\block_04033\block_04033.bin,content
0x4e97800,122,65536,0x81ad58be,,gfc_extracted\block_04034\block_04034.bin,content
0x4e9c000,122,65536,0xb5ec8a6,,gfc_extracted\block_04035\block_04035.bin,content
0x4ea1000,122,65536,0x997fb174,,gfc_extracted\block_04036\block_04036.bin,content
0x4ea4800,122,65536,0xd31f62fd,,gfc_extracted\block_04037\block_04037.bin,content
0x4eaa000,122,65536,0x289bb57f,,gfc_extracted\block_04038\block_04038.bin,content
0x4eaf800,122,65536,0x22f872ca,,gfc_extracted\block_04039\block_04039.bin,content
0x4eb5800,122,65536,0xdd2dd12a,,gfc_extracted\block_04040\block_04040.bin,content
0x4ebc800,122,65536,0x430c9327,,gfc_extracted\block_04041\block_04041.bin,content
0x4ec0800,122,65536,0x3fa06f6f,,gfc_extracted\block_04042\block_04042.bin,content
0x4ec7000,122,65536,0xcb2020c,,gfc_extracted\block_04043\block_04043.bin,content
0x4ecd800,122,65536,0x598c6504,,gfc_extracted\block_04044\block_04044.bin,content
0x4ed5000,122,65536,0x91271df9,,gfc_extracted\block_04045\block_04045.bin,content
0x4edb800,122,65536,0x6851fa14,,gfc_extracted\block_04046\block_04046.bin,content
0x4ee2800,122,65536,0x9136326d,,gfc_extracted\block_04047\block_04047.bin,content
0x4ee8800,122,65536,0x6cd32b11,,gfc_extracted\block_04048\block_04048.bin,content
0x4eee000,122,65536,0xa3add4c8,,gfc_extracted\block_04049\block_04049.bin,content
0x4ef3800,122,65536,0x9e4e525c,,gfc_extracted\block_04050\block_04050.bin,content
0x4ef9800,122,65536,0x91f09eac,,gfc_extracted\block_04051\block_04051.bin,content
0x4f00800,122,15988,0x6341c988,,gfc_extracted\block_04052\block_04052.bin,content
0x4f02800,122,13732,0xe445c24f,.\ps2\gfx\ui\butanim.igb,gfc_extracted\./ps2/gfx/ui/butanim.igb,crc
0x4f03800,122,53744,0x46fb6951,.\ps2\gfx\ui\cam_crashtocortex.igb,gfc_extracted\./ps2/gfx/ui/cam_crashtocortex.igb,crc
0x4f09800,122,65536,0x54ea668c,,gfc_extracted\block_04055\block_04055.bin,content
0x4f0f800,122,3018,0xa86cd9cd,,gfc_extracted\block_04056\block_04056.bin,content
0x4f10000,122,65536,0xfb3f96e1,,gfc_extracted\block_04057\block_04057.bin,content
0x4f17000,122,40462,0xb4e94bf0,,gfc_extracted\block_04058\block_04058.bin,content
0x4f1b800,122,65536,0xf5813bdd,,gfc_extracted\block_04059\block_04059.bin,content
0x4f22000,122,65536,0xbc60ac8c,,gfc_extracted\block_04060\block_04060.bin,content
0x4f2c000,122,19084,0x718c1536,,gfc_extracted\block_04061\block_04061.bin,content
0x4f2e800,122,41104,0xc187f574,.\ps2\gfx\ui\sparky\gem_blk.igb,gfc_extracted\./ps2/gfx/ui/sparky/gem_blk.igb,crc
0x4f33800,122,65536,0xb5f0210b,,gfc_extracted\block_04063\block_04063.bin,content
0x4f3c800,122,19688,0x4bff68ec,,gfc_extracted\block_04064\block_04064.bin,content
0x4f3e800,122,65536,0x1471221,,gfc_extracted\block_04065\block_04065.bin,content
0x4f44000,122,65536,0x4c412479,,gfc_extracted\block_04066\block_04066.bin,content
0x4f50000,122,65536,0x69b1bbd0,,gfc_extracted\block_04067\block_04067.bin,content
0x4f5c000,122,65536,0xfaa81d92,,gfc_extracted\block_04068\block_04068.bin,content
0x4f69000,122,65536,0x4fbd27e4,,gfc_extracted\block_04069\block_04069.bin,content
0x4f76000,122,65536,0xc2b2d7d4,,gfc_extracted\block_04070\block_04070.csv,content
0x4f81800,122,65536,0x17360374,,gfc_extracted\block_04071\block_04071.bin,content
0x4f8d800,122,65536,0x907fcf26,,gfc_extracted\block_04072\block_04072.bin,content
0x4f9a800,122,65536,0xd757577e,,gfc_extracted\block_04073\block_04073.bin,content
0x4fa6800,122,65536,0x2c60368b,,gfc_extracted\block_04074\block_04074.bin,content
0x4fb3800,122,65536,0x5ed1c526,,gfc_extracted\block_04075\block_04075.bin,content
0x4fb9000,122,65536,0x300aecda,,gfc_extracted\block_04076\block_04076.bin,content
0x4fbe000,122,65536,0xd7ada918,,gfc_extracted\block_04077\block_04077.bin,content
0x4fc5000,122,30148,0x77e12151,,gfc_extracted\block_04078\block_04078.bin,content
0x4fc7000,122,65536,0x792fae6a,,gfc_extracted\block_04079\block_04079.bin,content
0x4fcb000,122,65536,0x9f2e1878,,gfc_extracted\block_04080\block_04080.bin,content
0x4fd1000,122,65536,0xe48c4957,,gfc_extracted\block_04081\block_04081.bin,content
0x4fd9800,122,65536,0xcbaf2e5d,,gfc_extracted\block_04082\block_04082.bin,content
0x4fe1000,122,5110,0xbbd0eeb5,,gfc_extracted\block_04083\block_04083.bin,content
0x4fe2000,122,65536,0x18c574ce,,gfc_extracted\block_04084\block_04084.bin,content
0x4fe6000,122,65536,0x4727153b,,gfc_extracted\block_04085\block_04085.bin,content
0x4fec800,122,65536,0x17e6cf69,,gfc_extracted\block_04086\block_04086.bin,content
0x4ff4800,122,65536,0x5d2305cf,,gfc_extracted\block_04087\block_04087.bin,content
0x4ffd000,122,65536,0x9e926a09,,gfc_extracted\block_04088\block_04088.bin,content
0x5005800,122,65536,0x196a1258,,gfc_extracted\block_04089\block_04089.bin,content
0x500d800,122,25894,0x34a752d5,,gfc_extracted\block_04090\block_04090.bin,content
0x500e000,122,65536,0x48442750,,gfc_extracted\block_04091\block_04091.bin,content
0x5013800,122,65536,0x85592df7,,gfc_extracted\block_04092\block_04092.bin,content
0x501b800,122,65536,0xe7be15d9,,gfc_extracted\block_04093\block_04093.bin,content
0x5023800,122,31130,0xeb39f038,,gfc_extracted\block_04094\block_04094.bin,content
0x5025000,122,65536,0xda38d236,,gfc_extracted\block_04095\block_04095.bin,content
0x5028000,122,65536,0xccbf90ce,,gfc_extracted\block_04096\block_04096.bin,content
0x5030800,122,65536,0xc3f08165,,gfc_extracted\block_04097\block_04097.bin,content
0x5036000,122,65536,0xa4bf0ad9,,gfc_extracted\block_04098\block_04098.bin,content
0x503d800,122,65536,0xe2df8988,,gfc_extracted\block_04099\block_04099.bin,content
0x5045000,122,65536,0xa5a70c72,,gfc_extracted\block_04100\block_04100.bin,content
0x504b800,122,65536,0x8e8569da,,gfc_extracted\block_04101\block_04101.bin,content
0x5053000,122,65536,0xf0667f4a,,gfc_extracted\block_04102\block_04102.bin,content
0x5059800,122,65536,0x610d0d7d,,gfc_extracted\block_04103\block_04103.bin,content
0x5060800,122,4208,0x5c2a84e0,,gfc_extracted\block_04104\block_04104.bin,content
0x5061800,122,65536,0x9c2df980,,gfc_extracted\block_04105\block_04105.bin,content
0x5066000,122,65536,0x8c9e15,,gfc_extracted\block_04106\block_04106.bin,content
0x506f000,122,65536,0xe116b2dc,,gfc_extracted\block_04107\block_04107.bin,content
0x5078000,122,65536,0xce9383ea,,gfc_extracted\block_04108\block_04108.bin,content
0x507d800,122,34034,0xc70505c6,,gfc_extracted\block_04109\block_04109.bin,content
0x5082000,122,65536,0xf83a4768,,gfc_extracted\block_04110\block_04110.bin,content
0x5086800,122,65536,0xe4f81145,,gfc_extracted\block_04111\block_04111.bin,content
0x508f000,122,65536,0xcfe547c,,gfc_extracted\block_04112\block_04112.bin,content
0x5097800,122,65536,0x26bcbfb3,,gfc_extracted\block_04113\block_04113.bin,content
0x509d800,122,20218,0x3d63698,,gfc_extracted\block_04114\block_04114.bin,content
0x50a0000,122,65536,0x79cbbc5b,,gfc_extracted\block_04115\block_04115.bin,content
0x50a4800,122,65536,0xabf6bb97,,gfc_extracted\block_04116\block_04116.bin,content
0x50ad000,122,65536,0xb2f19e41,,gfc_extracted\block_04117\block_04117.bin,content
0x50b3800,122,65536,0xb821154d,,gfc_extracted\block_04118\block_04118.bin,content
0x50bb800,122,65536,0x9089a5f9,,gfc_extracted\block_04119\block_04119.bin,content
0x50c4800,122,14236,0x5014dea3,,gfc_extracted\block_04120\block_04120.bin,content
0x50c6000,122,65536,0xdc1be29b,,gfc_extracted\block_04121\block_04121.bin,content
0x50c9800,122,65536,0x7bbba0e9,,gfc_extracted\block_04122\block_04122.bin,content
0x50cf000,122,65536,0xe6061998,,gfc_extracted\block_04123\block_04123.bin,content
0x50d8000,122,65536,0x3cb53d9e,,gfc_extracted\block_04124\block_04124.csv,content
0x50e1000,122,65536,0x856c7ace,,gfc_extracted\block_04125\block_04125.bin,content
0x50e7800,122,62368,0x32467279,,gfc_extracted\block_04126\block_04126.bin,content
0x50ed800,122,65536,0xc3aaaf18,,gfc_extracted\block_04127\block_04127.bin,content
0x50f2800,122,65536,0xe68daae,,gfc_extracted\block_04128\block_04128.bin,content
0x50fc000,122,65536,0x508ab447,,gfc_extracted\block_04129\block_04129.bin,content
0x5102800,122,65536,0x6fd0ad0b,,gfc_extracted\block_04130\block_04130.bin,content
0x510a000,122,23048,0x7c0151ce,,gfc_extracted\block_04131\block_04131.bin,content
0x510d000,122,65536,0x6cf2b846,,gfc_extracted\block_04132\block_04132.bin,content
0x5111800,122,65536,0x676b9cc7,,gfc_extracted\block_04133\block_04133.bin,content
0x511a000,122,65536,0x629ff41d,,gfc_extracted\block_04134\block_04134.bin,content
0x5122800,122,65536,0x18bb550b,,gfc_extracted\block_04135\block_04135.bin,content
0x512c000,122,65536,0x865d92aa,,gfc_extracted\block_04136\block_04136.bin,content
0x5133000,122,36964,0x7b6eb0c8,,gfc_extracted\block_04137\block_04137.bin,content
0x5137800,122,65536,0x2f5ea076,,gfc_extracted\block_04138\block_04138.bin,content
0x513a000,122,65536,0x4fa8b52d,,gfc_extracted\block_04139\block_04139.bin,content
0x5142000,122,65536,0x86d52ec,,gfc_extracted\block_04140\block_04140.bin,content
0x514b800,122,30118,0x3c513c32,,gfc_extracted\block_04141\block_04141.bin,content
0x514f800,122,65536,0x8b197b02,,gfc_extracted\block_04142\block_04142.bin,content
0x5153000,122,65536,0x1e443141,,gfc_extracted\block_04143\block_04143.bin,content
0x515a800,122,65536,0x25bf52f6,,gfc_extracted\block_04144\block_04144.bin,content
0x5162800,122,65536,0x49787246,,gfc_extracted\block_04145\block_04145.bin,content
0x516a800,122,65536,0xa20c8343,,gfc_extracted\block_04146\block_04146.bin,content
0x5173000,122,65536,0x8510e1b6,,gfc_extracted\block_04147\block_04147.bin,content
0x517a000,122,65536,0x381b9656,,gfc_extracted\block_04148\block_04148.bin,content
0x5180800,122,65536,0x9d185b63,,gfc_extracted\block_04149\block_04149.bin,content
0x5189800,122,65536,0x76940802,,gfc_extracted\block_04150\block_04150.bin,content
0x5191000,122,65536,0xd8470615,,gfc_extracted\block_04151\block_04151.bin,content
0x5199000,122,48450,0xcf0310e,,gfc_extracted\block_04152\block_04152.bin,content
0x519f000,122,65536,0xe1f980c9,,gfc_extracted\block_04153\block_04153.bin,content
0x51a4000,122,65536,0x8205c38d,,gfc_extracted\block_04154\block_04154.bin,content
0x51ac800,122,57944,0x55c5a7d0,,gfc_extracted\block_04155\block_04155.bin,content
0x51b1000,122,65536,0xcf9f412f,,gfc_extracted\block_04156\block_04156.bin,content
0x51b4000,122,65536,0xa2d2e20a,,gfc_extracted\block_04157\block_04157.bin,content
0x51bc000,122,65536,0xcef9a5aa,,gfc_extracted\block_04158\block_04158.bin,content
0x51c1800,122,65536,0x884f010a,,gfc_extracted\block_04159\block_04159.bin,content
0x51c7800,122,65536,0x2361d393,,gfc_extracted\block_04160\block_04160.bin,content
0x51cd800,122,65536,0xd0412a3c,,gfc_extracted\block_04161\block_04161.bin,content
0x51d4000,122,65536,0xdce42339,,gfc_extracted\block_04162\block_04162.bin,content
0x51d9800,122,65536,0x84d59965,,gfc_extracted\block_04163\block_04163.bin,content
0x51de000,122,34614,0x26dc29a8,,gfc_extracted\block_04164\block_04164.bin,content
0x51e1800,122,65536,0xa906bd10,,gfc_extracted\block_04165\block_04165.bin,content
0x51e4800,122,65536,0x99405ea2,,gfc_extracted\block_04166\block_04166.bin,content
0x51ec800,122,65536,0x48ceed2,,gfc_extracted\block_04167\block_04167.bin,content
0x51f4800,122,65536,0xbc9ef52a,,gfc_extracted\block_04168\block_04168.bin,content
0x51fd000,122,65536,0x412232b4,,gfc_extracted\block_04169\block_04169.bin,content
0x5206000,122,65536,0xacddccc3,,gfc_extracted\block_04170\block_04170.bin,content
0x520d000,122,10952,0xd2b13453,,gfc_extracted\block_04171\block_04171.bin,content
0x520d800,122,65536,0x559f6df,,gfc_extracted\block_04172\block_04172.bin,content
0x5210800,122,65536,0xdc5b4d2e,,gfc_extracted\block_04173\block_04173.bin,content
0x5219000,122,65536,0x53431593,,gfc_extracted\block_04174\block_04174.bin,content
0x521f000,122,65536,0x7bcfda99,,gfc_extracted\block_04175\block_04175.bin,content
0x5227800,122,65536,0xb38e78a4,,gfc_extracted\block_04176\block_04176.bin,content
0x5230000,122,17732,0xa74223b8,,gfc_extracted\block_04177\block_04177.csv,content
0x5232000,122,65536,0xa4f6e424,,gfc_extracted\block_04178\block_04178.bin,content
0x5237800,122,65536,0x46ee4fe0,,gfc_extracted\block_04179\block_04179.bin,content
0x523f800,122,65536,0x8f3492e8,,gfc_extracted\block_04180\block_04180.bin,content
0x5244000,122,52920,0x5ee73a8d,,gfc_extracted\block_04181\block_04181.bin,content
0x524a000,122,65536,0x7f88b6b2,,gfc_extracted\block_04182\block_04182.bin,content
0x524e800,122,65536,0x9326c618,,gfc_extracted\block_04183\block_04183.bin,content
0x5256800,122,65536,0x96297813,,gfc_extracted\block_04184\block_04184.bin,content
0x525d800,122,65536,0xa4d27d2f,,gfc_extracted\block_04185\block_04185.bin,content
0x5265800,122,65536,0xb9094357,,gfc_extracted\block_04186\block_04186.bin,content
0x526c000,122,11572,0x27ffb5e,,gfc_extracted\block_04187\block_04187.bin,content
0x526d800,122,65536,0x5d12c423,,gfc_extracted\block_04188\block_04188.bin,content
0x5271800,122,65536,0x94317304,,gfc_extracted\block_04189\block_04189.bin,content
0x5275800,122,65536,0x7b991111,,gfc_extracted\block_04190\block_04190.bin,content
0x527d800,122,65536,0x4434714c,,gfc_extracted\block_04191\block_04191.bin,content
0x5286000,122,65536,0x4c78b990,,gfc_extracted\block_04192\block_04192.bin,content
0x528e000,122,11532,0x4a0d2943,,gfc_extracted\block_04193\block_04193.bin,content
0x528f800,122,65536,0xb35c4a90,,gfc_extracted\block_04194\block_04194.bin,content
0x5294000,122,65536,0xaaaeae67,,gfc_extracted\block_04195\block_04195.bin,content
0x529c000,122,65536,0xea7a17d8,,gfc_extracted\block_04196\block_04196.bin,content
0x52a3800,122,65536,0x8b82e813,,gfc_extracted\block_04197\block_04197.bin,content
0x52aa800,122,65536,0x57838d02,,gfc_extracted\block_04198\block_04198.bin,content
0x52b0000,122,53420,0xfb16969d,,gfc_extracted\block_04199\block_04199.bin,content
0x52b5800,122,65536,0x17db4ca3,,gfc_extracted\block_04200\block_04200.bin,content
0x52bb800,122,65536,0x8b7c12d7,,gfc_extracted\block_04201\block_04201.bin,content
0x52c0800,122,56006,0x9cbed3f2,,gfc_extracted\block_04202\block_04202.bin,content
0x52c5800,122,65536,0x737052b4,,gfc_extracted\block_04203\block_04203.bin,content
0x52ca800,122,65536,0xb5843ef1,,gfc_extracted\block_04204\block_04204.bin,content
0x52d2000,122,65536,0x6ae0f7af,,gfc_extracted\block_04205\block_04205.bin,content
0x52d9800,122,65536,0xf80543ff,,gfc_extracted\block_04206\block_04206.bin,content
0x52e0800,122,65536,0x8eef9dc4,,gfc_extracted\block_04207\block_04207.bin,content
0x52e6000,122,65536,0xe19ac3ce,,gfc_extracted\block_04208\block_04208.bin,content
0x52ee000,122,65536,0xcaf01962,,gfc_extracted\block_04209\block_04209.bin,content
0x52f5000,122,62428,0xfc35e6c5,,gfc_extracted\block_04210\block_04210.bin,content
0x52fb800,122,65536,0x6b78f5ee,,gfc_extracted\block_04211\block_04211.bin,content
0x5301800,122,65536,0xa4f871d,,gfc_extracted\block_04212\block_04212.bin,content
0x5308000,122,65536,0xdae31d71,,gfc_extracted\block_04213\block_04213.bin,content
0x530d800,122,2284,0xed86646a,,gfc_extracted\block_04214\block_04214.bin,content
0x530e000,122,65536,0xb2c71824,,gfc_extracted\block_04215\block_04215.bin,content
0x5310800,122,65536,0xeaa251b,,gfc_extracted\block_04216\block_04216.bin,content
0x5317800,122,65536,0x6ac02575,,gfc_extracted\block_04217\block_04217.bin,content
0x5320000,122,65536,0x947f4cfe,,gfc_extracted\block_04218\block_04218.bin,content
0x5328000,122,60062,0x837a6b4f,,gfc_extracted\block_04219\block_04219.bin,content
0x5330800,122,65536,0x8a49afe,,gfc_extracted\block_04220\block_04220.bin,content
0x5336000,122,65536,0x322d7012,,gfc_extracted\block_04221\block_04221.bin,content
0x533c800,122,65536,0x9403ddcb,,gfc_extracted\block_04222\block_04222.bin,content
0x5344800,122,65536,0x347d817,,gfc_extracted\block_04223\block_04223.bin,content
0x534a800,122,46144,0xb2235cac,,gfc_extracted\block_04224\block_04224.bin,content
0x534f800,122,65536,0xd9cd6cbc,,gfc_extracted\block_04225\block_04225.bin,content
0x5353800,122,65536,0xbedf4340,,gfc_extracted\block_04226\block_04226.bin,content
0x535c000,122,65536,0xb99e6f99,,gfc_extracted\block_04227\block_04227.bin,content
0x5363800,122,65536,0x758b1e67,,gfc_extracted\block_04228\block_04228.bin,content
0x5369800,122,65536,0xbdaf3eaa,,gfc_extracted\block_04229\block_04229.bin,content
0x5371800,122,30180,0xcba873c0,,gfc_extracted\block_04230\block_04230.bin,content
0x5374800,122,65536,0x72ff1d22,,gfc_extracted\block_04231\block_04231.bin,content
0x5378000,122,65536,0x72ced730,,gfc_extracted\block_04232\block_04232.bin,content
0x5380000,122,65536,0x3943e6b8,,gfc_extracted\block_04233\block_04233.bin,content
0x5387800,122,65536,0x2cef1e10,,gfc_extracted\block_04234\block_04234.bin,content
0x538e000,122,54054,0x549762ae,,gfc_extracted\block_04235\block_04235.bin,content
0x5394800,122,65536,0xac07f10c,,gfc_extracted\block_04236\block_04236.bin,content
0x5397800,122,65536,0x13fb0f59,,gfc_extracted\block_04237\block_04237.bin,content
0x53a1800,122,65536,0x4d82dae3,,gfc_extracted\block_04238\block_04238.bin,content
0x53aa800,122,65536,0x2227912,,gfc_extracted\block_04239\block_04239.bin,content
0x53af000,122,65536,0xc7c19d33,,gfc_extracted\block_04240\block_04240.bin,content
0x53b7000,122,10784,0x2ec4734c,,gfc_extracted\block_04241\block_04241.bin,content
0x53b8800,122,65536,0xde2cde87,,gfc_extracted\block_04242\block_04242.bin,content
0x53bd800,122,65536,0xb5a6f671,,gfc_extracted\block_04243\block_04243.bin,content
0x53c5000,122,65536,0x6dd0f39c,,gfc_extracted\block_04244\block_04244.bin,content
0x53cd000,122,65536,0x1b195e05,,gfc_extracted\block_04245\block_04245.bin,content
0x53d3000,122,33718,0x42f9da22,,gfc_extracted\block_04246\block_04246.bin,content
0x53d6000,122,65536,0xcc79bbb,,gfc_extracted\block_04247\block_04247.bin,content
0x53dc000,122,65536,0x24e65586,,gfc_extracted\block_04248\block_04248.bin,content
0x53e5000,122,65536,0xbc8b8bb9,,gfc_extracted\block_04249\block_04249.bin,content
0x53ec800,122,65536,0x9f731c1f,,gfc_extracted\block_04250\block_04250.bin,content
0x53f1800,122,65536,0x861968a2,,gfc_extracted\block_04251\block_04251.bin,content
0x53f8000,122,6250,0x84f9721,,gfc_extracted\block_04252\block_04252.bin,content
0x53f9000,122,65536,0x2b1791,,gfc_extracted\block_04253\block_04253.bin,content
0x53fe000,122,65536,0x457666a6,,gfc_extracted\block_04254\block_04254.bin,content
0x5406000,122,65536,0xbe5b4267,,gfc_extracted\block_04255\block_04255.bin,content
0x540f800,122,65536,0x2bac35c5,,gfc_extracted\block_04256\block_04256.bin,content
0x5417000,122,65536,0x36b4c4fd,,gfc_extracted\block_04257\block_04257.bin,content
0x541c000,122,53236,0x3a6865e1,,gfc_extracted\block_04258\block_04258.bin,content
0x5421000,122,65536,0xabe7af10,,gfc_extracted\block_04259\block_04259.bin,content
0x5425000,122,65536,0x6a68524,,gfc_extracted\block_04260\block_04260.bin,content
0x542e800,122,65536,0x63d2dbb1,,gfc_extracted\block_04261\block_04261.bin,content
0x5436000,122,65536,0x7b77fb13,,gfc_extracted\block_04262\block_04262.bin,content
0x543f000,122,65536,0x3b96e8c1,,gfc_extracted\block_04263\block_04263.bin,content
0x5443800,122,39100,0x49058e33,,gfc_extracted\block_04264\block_04264.bin,content
0x5447800,48,2043,0x58edd66b,,gfc_extracted\block_04265\block_04265.png,content
0x5448000,122,18570,0xc7b0e6dd,.\ps2\gfx\weapons\cleaningfluid_bubs.igb,gfc_extracted\./ps2/gfx/weapons/cleaningfluid_bubs.igb,crc
0x544a000,122,9594,0x31cc753c,.\ps2\gfx\weapons\freezingmine.igb,gfc_extracted\./ps2/gfx/weapons/freezingmine.igb,crc
0x544b800,122,28124,0x4e3738f2,.\ps2\gfx\weapons\rollingbomb.igb,gfc_extracted\./ps2/gfx/weapons/rollingbomb.igb,crc
0x544e000,122,13802,0x53b9967,.\ps2\gfx\weapons\rollingbrush.igb,gfc_extracted\./ps2/gfx/weapons/rollingbrush.igb,crc
0x544f800,122,28736,0x127a0255,.\ps2\gfx\weapons\rollingbrush_bubble.igb,gfc_extracted\./ps2/gfx/weapons/rollingbrush_bubble.igb,crc
0x5452800,122,9594,0x31cc753c,.\ps2\gfx\weapons\freezingmine.igb,gfc_extracted\./ps2/gfx/weapons/freezingmine.igb,crc
0x5454000,122,43498,0xb731a9e6,.\ps2\gfx\weapons\sshock_crosshair.igb,gfc_extracted\./ps2/gfx/weapons/sshock_crosshair.igb,crc
0x5455800,122,18268,0xb976fb35,.\ps2\gfx\weapons\timecube.igb,gfc_extracted\./ps2/gfx/weapons/timecube.igb,crc
0x5457800,122,13816,0x36fa6e52,.\ps2\gfx\weapons\twister.igb,gfc_extracted\./ps2/gfx/weapons/twister.igb,crc
0x5458800,122,10298,0x731e841f,.\ps2\mc\view.ico,gfc_extracted\./ps2/mc/view.ico,crc
0x5459800,122,65536,0x4f38c78b,,gfc_extracted\block_04276\block_04276.bin,content
0x545f000,122,10344,0x9662c417,,gfc_extracted\block_04277\block_04277.bin,content
0x5460800,122,65536,0xf8db18a9,,gfc_extracted\block_04278\block_04278.bin,content
0x5463000,122,65536,0xa4fec0b9,,gfc_extracted\block_04279\block_04279.bin,content
0x5464800,122,65536,0x8ae84ffb,,gfc_extracted\block_04280\block_04280.bin,content
0x5466000,122,65536,0x682bf8c3,,gfc_extracted\block_04281\block_04281.bin,content
0x5467800,122,31229,0x7bbf46ee,,gfc_extracted\block_04282\block_04282.bin,content
0x5469000,122,65536,0xcb53f7ab,,gfc_extracted\block_04283\block_04283.bin,content
0x546b000,122,60908,0xe3215fe4,,gfc_extracted\block_04284\block_04284.bin,content
0x546c800,122,38775,0x1d7837a1,.\ps2\ui\eng\desc.dat,gfc_extracted\./ps2/ui/eng/desc.dat,crc
0x5471000,122,65536,0xe8ecaeb8,,gfc_extracted\block_04286\block_04286.bin,content
0x5473800,122,65536,0x366926f9,,gfc_extracted\block_04287\block_04287.bin,content
0x5475000,122,65536,0xededcd18,,gfc_extracted\block_04288\block_04288.bin,content
0x5476800,122,65536,0x3e6e5678,,gfc_extracted\block_04289\block_04289.bin,content
0x5478000,122,31229,0x7bbf46ee,,gfc_extracted\block_04290\block_04290.bin,content
0x5479800,122,65536,0x5f77ce19,,gfc_extracted\block_04291\block_04291.bin,content
0x547b800,122,60908,0xa5ecf686,,gfc_extracted\block_04292\block_04292.bin,content
0x547d000,122,40712,0x190c51cb,.\ps2\ui\ger\desc.dat,gfc_extracted\./ps2/ui/ger/desc.dat,crc
0x5481800,122,65536,0xd5e1fe88,,gfc_extracted\block_04294\block_04294.bin,content
0x5484000,122,65536,0x451765dd,,gfc_extracted\block_04295\block_04295.bin,content
0x5485800,122,65536,0xed29d780,,gfc_extracted\block_04296\block_04296.bin,content
0x5487000,122,65536,0xda2b36f0,,gfc_extracted\block_04297\block_04297.bin,content
0x5488800,122,31229,0x7bbf46ee,,gfc_extracted\block_04298\block_04298.bin,content
0x548a000,122,65536,0xfdb72d10,,gfc_extracted\block_04299\block_04299.bin,content
0x548c000,122,60908,0x520a0bc8,,gfc_extracted\block_04300\block_04300.bin,content
0x548d800,122,41223,0x5c674419,.\ps2\ui\introdct.dct,gfc_extracted\./ps2/ui/introdct.dct,crc
0x5492000,122,65536,0xfe5876f0,,gfc_extracted\block_04302\block_04302.bin,content
0x5494800,122,65536,0xac96a551,,gfc_extracted\block_04303\block_04303.bin,content
0x5496000,122,65536,0x95c28ed9,,gfc_extracted\block_04304\block_04304.bin,content
0x5497800,122,65536,0x5d4aad49,,gfc_extracted\block_04305\block_04305.bin,content
0x5499000,122,31229,0x7bbf46ee,,gfc_extracted\block_04306\block_04306.bin,content
0x549a800,122,65536,0x42e17a93,,gfc_extracted\block_04307\block_04307.bin,content
0x549c800,122,60908,0x7f48bfeb,,gfc_extracted\block_04308\block_04308.bin,content
0x549e000,122,41385,0x6b11744a,.\ps2\ui\itextur.igb,gfc_extracted\./ps2/ui/itextur.igb,crc
0x54a2800,122,65536,0x2f30417a,,gfc_extracted\block_04310\block_04310.bin,content
0x54a5000,122,65536,0xea85a1d7,,gfc_extracted\block_04311\block_04311.bin,content
0x54a6800,122,65536,0xb9d385aa,,gfc_extracted\block_04312\block_04312.bin,content
0x54a8000,122,65536,0x3bad5863,,gfc_extracted\block_04313\block_04313.bin,content
0x54a9800,122,31229,0x7bbf46ee,,gfc_extracted\block_04314\block_04314.bin,content
0x54ab000,122,65536,0xd98d3cec,,gfc_extracted\block_04315\block_04315.bin,content
0x54ad000,122,60908,0x6575b11e,,gfc_extracted\block_04316\block_04316.bin,content
0x54ae800,122,41147,0xb9a704ef,.\ps2-prof.dat,gfc_extracted\./ps2-prof.dat,crc
0x54b3000,122,65536,0x9f49ac89,,gfc_extracted\block_04318\block_04318.csv,content
0x54b4800,122,65536,0xcc4c600b,,gfc_extracted\block_04319\block_04319.bin,content
0x54b6000,122,42857,0xe97a76a4,,gfc_extracted\block_04320\block_04320.csv,content
0x54b7000,122,43520,0xce438c45,.\velocity-win-msvc-dbgopt.opt,gfc_extracted\./velocity-win-msvc-dbgopt.opt,crc
0x54b8000,122,43520,0x17723e2f,.\velocity-win-msvc-dbgopt.sln,gfc_extracted\./velocity-win-msvc-dbgopt.sln,crc
0x54b9000,122,697,0x6e7d46b8,.\xbox-prof.dat,gfc_extracted\./xbox-prof.dat,crc
0x54b9800,122,65536,0xdd463d1a,,gfc_extracted\block_04324\block_04324.csv,content
0x54bb000,122,65536,0x8885ccf7,,gfc_extracted\block_04325\block_04325.csv,content
0x54bc800,122,47600,0xb088345c,,gfc_extracted\block_04326\block_04326.bin,content
