address,raw_name,symbol,module,body_bytes,kind
0x00104cc0,FUN_00104cc0,,,142,real
0x001071e0,FUN_001071e0,memcpy64,core/mem,681,real
0x00108ee8,FUN_00108ee8,,,57,real
0x0010c820,FUN_0010c820,,,276,real
0x0010e780,FUN_0010e780,packed_bits_write,core/bitstream,2045,real
0x0010ee50,FUN_0010ee50,packed_bits_read,core/bitstream,2045,real
0x00114cf0,FUN_00114cf0,,,126,real
0x001153f0,FUN_001153f0,,,142,real
0x00115430,FUN_00115430,,,167,real
0x00115460,FUN_00115460,,,53,real
0x0011c0c0,FUN_0011c0c0,,,142,real
0x0011c7e0,FUN_0011c7e0,,,142,real
0x0011e790,FUN_0011e790,defaults_init_entity,game/entity,868,real
0x001206f0,FUN_001206f0,,,335,real
0x00120720,FUN_00120720,,,363,real
0x00120750,FUN_00120750,,,214,real
0x001207c0,FUN_001207c0,,,214,real
0x001238d0,FUN_001238d0,,core/struct,308,real
0x0012bda0,FUN_0012bda0,collision_support,physics/collision,873,real
0x0012bf60,FUN_0012bf60,,,142,real
0x0012c1f0,FUN_0012c1f0,,,142,real
0x0012c400,FUN_0012c400,,,142,real
0x0012d570,FUN_0012d570,,,142,real
0x00134ec0,FUN_00134ec0,,,298,real
0x00136110,FUN_00136110,,,214,real
0x0013e950,FUN_0013e950,,,263,real
0x00147a30,FUN_00147a30,,,142,real
0x00147cc0,FUN_00147cc0,,,142,real
0x00148aa0,FUN_00148aa0,,,142,real
0x0014b870,FUN_0014b870,,,142,real
0x0014b8d0,FUN_0014b8d0,,,142,real
0x00154d50,FUN_00154d50,,,323,real
0x00157010,FUN_00157010,,,247,real
0x00157070,FUN_00157070,,,312,real
0x00157440,FUN_00157440,,,247,real
0x001574a0,FUN_001574a0,,,312,real
0x0015ba30,FUN_0015ba30,vec3_copy,math/vec,274,real
0x00161de0,FUN_00161de0,,,233,real
0x00165e70,FUN_00165e70,accessor_fields,core/struct,653,real
0x0016a110,FUN_0016a110,,,281,real
0x0016b030,FUN_0016b030,,,193,real
0x0017a230,FUN_0017a230,,,142,real
0x00181500,FUN_00181500,,,142,real
0x00183650,FUN_00183650,,,142,real
0x00184810,FUN_00184810,,,142,real
0x00185250,FUN_00185250,,,142,real
0x00188080,FUN_00188080,,,142,real
0x00189cf0,FUN_00189cf0,,,142,real
0x00189d40,FUN_00189d40,,,142,real
0x0018ae20,FUN_0018ae20,,,142,real
0x0018ae80,FUN_0018ae80,,,142,real
0x0018ddc0,FUN_0018ddc0,,,84,real
0x0018f950,FUN_0018f950,,,142,real
0x00190370,FUN_00190370,transform_point_vu0_f,math/matrix,596,real
0x00194f90,FUN_00194f90,,,142,real
0x00195820,FUN_00195820,kart_speed_ratio,game/kart,417,real
0x00195c80,FUN_00195c80,,,142,real
0x00195cd0,FUN_00195cd0,,,126,real
0x001963d0,FUN_001963d0,,,280,real
0x00197870,FUN_00197870,,,351,real
0x00198de0,FUN_00198de0,,,142,real
0x00198e80,FUN_00198e80,,,142,real
0x00198ed0,FUN_00198ed0,,,142,real
0x0019a560,FUN_0019a560,,,172,real
0x0019c8a0,FUN_0019c8a0,,,142,real
0x0019d240,FUN_0019d240,,,142,real
0x0019d330,FUN_0019d330,,,342,real
0x0019df10,FUN_0019df10,,,142,real
0x0019e030,FUN_0019e030,,,142,real
0x0019e150,FUN_0019e150,tuning_scale,game/tuning,784,real
0x0019e920,FUN_0019e920,,,142,real
0x0019ea30,FUN_0019ea30,tuning_scale_b,game/tuning,532,real
0x0019f020,FUN_0019f020,,,142,real
0x0019f130,FUN_0019f130,tuning_scale_c,game/tuning,391,real
0x0019f6c0,FUN_0019f6c0,,,142,real
0x0019f7f0,FUN_0019f7f0,tuning_scale_d,game/tuning,534,real
0x0019fdd0,FUN_0019fdd0,,,142,real
0x001a1800,FUN_001a1800,kart_state_check,game/kart,456,real
0x001a1bd0,FUN_001a1bd0,sort_assign_rank,game/ranking,1726,real
0x001a82f0,FUN_001a82f0,,,142,real
0x001a8660,FUN_001a8660,,,142,real
0x001a8d10,FUN_001a8d10,,,142,real
0x001a94a0,FUN_001a94a0,,,142,real
0x001ab5b0,FUN_001ab5b0,,,142,real
0x001ab6b0,FUN_001ab6b0,,,142,real
0x001ab880,FUN_001ab880,,,142,real
0x001acde0,FUN_001acde0,,core/struct,274,real
0x001b6340,FUN_001b6340,quat_invert,math/quat,598,real
0x001b82f0,FUN_001b82f0,,core/struct,274,real
0x001c3470,FUN_001c3470,,core/struct,274,real
0x001c3910,FUN_001c3910,object_init,core/struct,562,real
0x001ca130,FUN_001ca130,,core/struct,308,real
0x001ca430,FUN_001ca430,,,142,real
0x001cad90,FUN_001cad90,,core/struct,274,real
0x001cb220,FUN_001cb220,,,142,real
0x001ccb00,FUN_001ccb00,,core/struct,308,real
0x001cf680,FUN_001cf680,,core/struct,274,real
0x001cf6f0,FUN_001cf6f0,,,274,real
0x001dbea0,FUN_001dbea0,,core/struct,308,real
0x001df840,FUN_001df840,,core/struct,308,real
0x001dfdb0,FUN_001dfdb0,,core/struct,308,real
0x001e0050,FUN_001e0050,,core/struct,308,real
0x001ebea0,FUN_001ebea0,,,142,real
0x001f4e00,FUN_001f4e00,,,244,real
0x0022ade0,FUN_0022ade0,layout_viewport,ui/layout,4004,real
0x0022d1a0,FUN_0022d1a0,layout_viewport_b,ui/layout,3280,real
0x002304a0,FUN_002304a0,layout_viewport_c,ui/layout,3267,real
0x002366c0,FUN_002366c0,,,244,real
0x00237bb0,FUN_00237bb0,,,142,real
0x0023e070,FUN_0023e070,,,111,real
0x00240040,FUN_00240040,,,142,real
0x00241210,FUN_00241210,,,142,real
0x00241380,FUN_00241380,,,142,real
0x002414c0,FUN_002414c0,,,142,real
0x002467a0,FUN_002467a0,,,142,real
0x002470e0,FUN_002470e0,,,246,real
0x0026d960,FUN_0026d960,type4cc_check,engine/objects,457,real
0x0026e060,FUN_0026e060,type4cc_check_b,engine/objects,473,real
0x0026e1a0,FUN_0026e1a0,type4cc_check_c,engine/objects,473,real
0x0026e2e0,FUN_0026e2e0,type4cc_check_d,engine/objects,473,real
0x0026e420,FUN_0026e420,type4cc_check_e,engine/objects,473,real
0x0028b3f0,FUN_0028b3f0,,,446,real
0x002b5bf0,FUN_002b5bf0,,,142,real
0x002c33d0,FUN_002c33d0,,,142,real
0x002c48f0,FUN_002c48f0,,,142,real
0x002e7870,FUN_002e7870,,,142,real
0x0031c990,FUN_0031c990,,,298,real
0x003342e0,FUN_003342e0,,,142,real
0x00337690,FUN_00337690,,,57,real
0x00337e10,FUN_00337e10,,,142,real
0x0033a050,FUN_0033a050,,,210,real
0x0033b860,FUN_0033b860,,,142,real
0x0033c170,FUN_0033c170,,,142,real
0x003472f0,FUN_003472f0,transform_point_vu0_b,math/matrix,524,real
0x0034bb20,FUN_0034bb20,,,346,real
0x0035bc40,FUN_0035bc40,transform_point_vu0,math/matrix,605,real
0x0035c3f0,FUN_0035c3f0,transform_point_vu0_c,math/matrix,524,real
0x00363b70,FUN_00363b70,,,56,real
0x00365450,FUN_00365450,,,264,real
0x00365d80,FUN_00365d80,aabb_corners_vu0,math/vu0,2539,real
0x0036d630,FUN_0036d630,,,346,real
0x00377190,FUN_00377190,,,142,real
0x003803c0,FUN_003803c0,interval_check,core/containers,771,real
0x00380560,FUN_00380560,interval_check_b,core/containers,771,real
0x00381030,FUN_00381030,matrix_invert_vu0,math/matrix,1768,real
0x00394050,FUN_00394050,transform_point_vu0_d,math/matrix,524,real
0x003955c0,FUN_003955c0,transform_point_vu0_e,math/matrix,664,real
0x003994a0,FUN_003994a0,,,142,real
0x0039eb60,FUN_0039eb60,,,142,real
0x003a0730,FUN_003a0730,gaussjordan_solve,math/matrix,3568,real
0x003a09f0,FUN_003a09f0,gaussjordan_solve_b,math/matrix,3545,real
0x003ae0e0,FUN_003ae0e0,spline_accum,math/spline,1261,real
0x003bff30,FUN_003bff30,,,243,real
0x003e1300,FUN_003e1300,,,142,real
0x003ebea0,FUN_003ebea0,,,142,real
0x003ec660,FUN_003ec660,index_of_int,core/containers,412,real
0x003eddf0,FUN_003eddf0,,,244,real
0x003ee2e0,FUN_003ee2e0,,,246,real
0x003eea70,FUN_003eea70,,,246,real
0x003ef2b0,FUN_003ef2b0,,,244,real
0x003ef8c0,FUN_003ef8c0,,,244,real
0x003efc30,FUN_003efc30,,,244,real
0x003f00a0,FUN_003f00a0,,,244,real
0x003f0810,FUN_003f0810,,,244,real
0x003f0d60,FUN_003f0d60,,,244,real
0x003f1430,FUN_003f1430,,,244,real
0x003f5b50,FUN_003f5b50,,,275,real
0x003f6840,FUN_003f6840,quat_matrix_vu0,math/quat,1019,real
0x003f6b20,FUN_003f6b20,quat_lerp_vu0,math/quat,1169,real
0x003f9968,FUN_003f9968,,,142,real
0x003fd320,FUN_003fd320,,,142,real
0x00404e80,FUN_00404e80,,,309,real
0x00405d20,FUN_00405d20,bsearch16,core/containers,638,real
0x00405dc0,FUN_00405dc0,bsearch12,core/containers,567,real
0x00407550,FUN_00407550,bsearch16_b,core/containers,638,real
0x004075f0,FUN_004075f0,bsearch12_b,core/containers,567,real
0x0040a820,FUN_0040a820,,,80,real
0x0040b3e0,FUN_0040b3e0,,,243,real
0x0040be00,FUN_0040be00,,,142,real
0x0040f030,FUN_0040f030,,,288,real
0x00417650,FUN_00417650,,,142,real
0x004238c0,FUN_004238c0,,,72,real
0x00423d80,FUN_00423d80,,,214,real
0x004285f0,FUN_004285f0,,,65,real
0x00428630,FUN_00428630,,,144,real
0x00428b18,FUN_00428b18,strcat,core/strings,473,real
0x00428c50,FUN_00428c50,strchr,core/strings,547,real
0x00428f48,FUN_00428f48,strcpy,core/strings,409,real
0x00429708,FUN_00429708,,,214,real
0x00429760,FUN_00429760,,,214,real
0x004297c0,FUN_004297c0,,,214,real
0x00429820,FUN_00429820,,,214,real
0x00429880,FUN_00429880,,,214,real
0x004298e0,FUN_004298e0,,,214,real
0x00429940,FUN_00429940,,,214,real
0x004299a0,FUN_004299a0,,,308,real
0x00429b08,FUN_00429b08,,,214,real
0x00429b80,FUN_00429b80,,,214,real
0x00429c60,FUN_00429c60,,,214,real
0x00429de0,FUN_00429de0,,,298,real
0x00429ef0,FUN_00429ef0,,,144,real
0x00429f10,FUN_00429f10,,,144,real
0x0042a4e0,FUN_0042a4e0,script_step_b,game/script,1398,real
0x0042a5e8,FUN_0042a5e8,,,243,real
0x0042a680,FUN_0042a680,script_step_d,game/script,1170,real
0x0042a7f8,FUN_0042a7f8,,,144,real
0x0042a818,FUN_0042a818,script_step,game/script,1907,real
0x0042a980,FUN_0042a980,,,365,real
0x0042ab60,FUN_0042ab60,,,242,real
0x0042ac48,FUN_0042ac48,script_abort,game/script,464,real
0x0042acb0,FUN_0042acb0,,,144,real
0x0042acd0,FUN_0042acd0,,,214,real
0x0042ae68,FUN_0042ae68,,,304,real
0x0042ba78,FUN_0042ba78,,,198,real
0x0042bb70,FUN_0042bb70,,,214,real
0x0042bc88,FUN_0042bc88,script_step_c,game/script,1230,real
0x0042bd70,FUN_0042bd70,,,134,real
0x0042bd98,FUN_0042bd98,,,144,real
0x0042bdb8,FUN_0042bdb8,,,144,real
0x0042bde0,FUN_0042bde0,,,244,real
0x0042bfa8,FUN_0042bfa8,,,363,real
0x0042c1c8,FUN_0042c1c8,,,242,real
0x0042c1e8,FUN_0042c1e8,,,214,real
0x0042c238,FUN_0042c238,,,214,real
0x0042c280,FUN_0042c280,,,299,real
0x0042c5c0,FUN_0042c5c0,,,214,real
0x0042c620,FUN_0042c620,,,244,real
0x0042c660,FUN_0042c660,,,214,real
0x0042c740,FUN_0042c740,,,363,real
0x0042c848,FUN_0042c848,,,299,real
0x0042cac8,FUN_0042cac8,,,339,real
0x0042cb00,FUN_0042cb00,,,309,real
0x0042cd18,FUN_0042cd18,,,298,real
0x0042ce18,FUN_0042ce18,,,215,real
0x0042cfe0,FUN_0042cfe0,,,243,real
0x0042d3d0,FUN_0042d3d0,,,215,real
0x0042d680,FUN_0042d680,,,242,real
0x0042d6b0,FUN_0042d6b0,,,144,real
0x0042d708,FUN_0042d708,,,260,real
0x0042d770,FUN_0042d770,,,308,real
0x0042f100,FUN_0042f100,,,144,real
0x0042f130,FUN_0042f130,,,162,real
0x0042f158,FUN_0042f158,,,244,real
0x0042f638,FUN_0042f638,,,222,real
0x0042f660,FUN_0042f660,strtok_save_state,core/strings,1314,real
0x0042f750,FUN_0042f750,,,243,real
0x0042fb10,FUN_0042fb10,,,214,real
0x0042fd98,FUN_0042fd98,,,244,real
0x00430000,FUN_00430000,,,308,real
0x00430748,FUN_00430748,,,230,real
0x004311f0,FUN_004311f0,heap_stats,core/mem,677,real
0x004312a0,FUN_004312a0,,,344,real
0x00431390,FUN_00431390,,,344,real
0x00431488,FUN_00431488,,,214,real
0x00431920,FUN_00431920,,,308,real
0x00432588,FUN_00432588,,,308,real
0x004327a0,FUN_004327a0,strrev,core/strings,572,real
0x00432818,FUN_00432818,itoa,core/strings,746,real
0x00432e90,FUN_00432e90,,,144,real
0x00432fc0,FUN_00432fc0,format_scan,core/strings,1154,real
0x00433090,FUN_00433090,,,406,real
0x00433ec0,FUN_00433ec0,,,144,real
0x00433ef0,FUN_00433ef0,,,324,real
0x0043cb00,FUN_0043cb00,,core/struct,53,real
0x0043d2b8,FUN_0043d2b8,,,142,real
0x0043e328,FUN_0043e328,,,142,real
0x0043f5b8,FUN_0043f5b8,,,260,real
0x0043f5e8,FUN_0043f5e8,,,142,real
0x00440890,FUN_00440890,,,142,real
0x004450e0,FUN_004450e0,,core/struct,53,real
0x004450f0,FUN_004450f0,,,142,real
0x00446150,FUN_00446150,,,142,real
0x00446c30,FUN_00446c30,,,142,real
0x00446c68,FUN_00446c68,,,142,real
0x00448d40,FUN_00448d40,,,142,real
0x00449070,FUN_00449070,,,142,real
0x004490b0,FUN_004490b0,,,142,real
0x00449160,FUN_00449160,,,142,real
0x004491c0,FUN_004491c0,,,142,real
0x0044fcb0,FUN_0044fcb0,,,243,real
0x004518d0,FUN_004518d0,blit_palette_image,gfx/image,18266,real
0x0045b778,FUN_0045b778,,,142,real
0x0045d6f0,FUN_0045d6f0,,,172,real
0x00464618,FUN_00464618,,,142,real
0x00467ae8,FUN_00467ae8,,,142,real
0x0046bbc8,FUN_0046bbc8,,,142,real
0x0046c500,FUN_0046c500,,,301,real
0x0046cd48,FUN_0046cd48,,,142,real
0x0046d180,FUN_0046d180,,,142,real
0x0046d2c0,FUN_0046d2c0,,,142,real
0x0046d2f0,FUN_0046d2f0,,,142,real
0x0046d320,FUN_0046d320,,,142,real
0x0046d578,FUN_0046d578,,,142,real
0x0046f330,FUN_0046f330,,,142,real
0x00470980,FUN_00470980,,,142,real
0x00470b88,FUN_00470b88,,,142,real
0x00471298,FUN_00471298,,,142,real
0x00471420,FUN_00471420,,,142,real
0x00474768,FUN_00474768,,,142,real
0x00474790,FUN_00474790,,,142,real
0x00474d70,FUN_00474d70,,,142,real
0x00475320,FUN_00475320,,,142,real
0x00475370,FUN_00475370,,,142,real
0x004753c0,FUN_004753c0,,,142,real
0x00475410,FUN_00475410,,,142,real
0x00475460,FUN_00475460,,,142,real
0x00475568,FUN_00475568,,,142,real
0x00475600,FUN_00475600,,,142,real
0x00475698,FUN_00475698,,,142,real
0x00475720,FUN_00475720,,,142,real
0x004757e0,FUN_004757e0,,,142,real
0x00475810,FUN_00475810,,,142,real
0x00475870,FUN_00475870,,,142,real
0x00475a38,FUN_00475a38,,,142,real
0x00475b80,FUN_00475b80,,,142,real
0x00475bc0,FUN_00475bc0,,,142,real
0x00475bf0,FUN_00475bf0,,,142,real
0x00475c20,FUN_00475c20,,,142,real
0x00475c50,FUN_00475c50,,,142,real
0x00475c80,FUN_00475c80,,,142,real
0x00475de0,FUN_00475de0,,,142,real
0x00475fd0,FUN_00475fd0,,,142,real
0x004779c8,FUN_004779c8,,,142,real
0x00477c40,FUN_00477c40,,,142,real
0x00478908,FUN_00478908,,,142,real
0x00478bb8,FUN_00478bb8,,,142,real
0x00478dc0,FUN_00478dc0,,,142,real
0x004791d0,FUN_004791d0,,,142,real
0x00479468,FUN_00479468,,,142,real
0x00479d20,FUN_00479d20,,,142,real
0x0047ab38,FUN_0047ab38,,,142,real
0x0047ad60,FUN_0047ad60,,,142,real
0x0047ad98,FUN_0047ad98,,,142,real
0x0047c068,FUN_0047c068,,,142,real
0x0047c6a0,FUN_0047c6a0,,,142,real
0x0047c738,FUN_0047c738,,,142,real
0x0047ca18,FUN_0047ca18,,,142,real
0x0047ca58,FUN_0047ca58,,,142,real
0x0047d8c8,FUN_0047d8c8,,,142,real
0x0047e140,FUN_0047e140,,,142,real
0x0047e1d8,FUN_0047e1d8,,,142,real
0x0047e4a8,FUN_0047e4a8,,,142,real
0x0047e4e8,FUN_0047e4e8,,,142,real
0x0047f368,FUN_0047f368,,,142,real
0x0047f3f8,FUN_0047f3f8,,,142,real
0x0047f4a0,FUN_0047f4a0,,,302,real
0x0047f828,FUN_0047f828,,,142,real
0x0047f958,FUN_0047f958,,,142,real
0x0047f9f8,FUN_0047f9f8,,,142,real
0x0047fa28,FUN_0047fa28,,,142,real
0x0047fae8,FUN_0047fae8,,,142,real
0x0047fb80,FUN_0047fb80,,,142,real
0x0047fc18,FUN_0047fc18,,,142,real
0x0047fcb0,FUN_0047fcb0,,,142,real
0x0047fd18,FUN_0047fd18,,,142,real
0x0047fd88,FUN_0047fd88,,,142,real
0x0047fdc0,FUN_0047fdc0,,,142,real
0x00481968,FUN_00481968,,,142,real
0x00481da0,FUN_00481da0,,,142,real
0x00482330,FUN_00482330,,,142,real
0x00482b80,FUN_00482b80,,,142,real
0x0048bbf0,FUN_0048bbf0,,,142,real
0x0048bc20,FUN_0048bc20,,,142,real
0x0048bc48,FUN_0048bc48,,,142,real
0x0048bc70,FUN_0048bc70,,,142,real
0x0048bca0,FUN_0048bca0,,,142,real
0x0048bcc8,FUN_0048bcc8,,,142,real
0x0048bcf0,FUN_0048bcf0,,,142,real
0x0048bd18,FUN_0048bd18,,,142,real
0x0048bd40,FUN_0048bd40,,,142,real
0x0048bd68,FUN_0048bd68,,,142,real
0x0048bd90,FUN_0048bd90,,,142,real
0x0048bdb8,FUN_0048bdb8,,,142,real
0x0048bde0,FUN_0048bde0,,,142,real
0x0048be08,FUN_0048be08,,,142,real
0x0048be30,FUN_0048be30,,,142,real
0x0048be58,FUN_0048be58,,,142,real
0x0048be80,FUN_0048be80,,,142,real
0x0048bea8,FUN_0048bea8,,,142,real
0x0048bed0,FUN_0048bed0,,,142,real
0x0049b7d0,FUN_0049b7d0,,,142,real
0x0049c250,FUN_0049c250,,,142,real
0x0049fcd8,FUN_0049fcd8,,,142,real
0x0049fdf8,FUN_0049fdf8,,,142,real
0x004ac8b8,FUN_004ac8b8,,,142,real
0x004b22a8,FUN_004b22a8,,,142,real
0x004b98e8,FUN_004b98e8,,,142,real
0x004b9928,FUN_004b9928,,,142,real
0x004f9eb0,FUN_004f9eb0,varint_read,core/bitstream,1291,real
0x004fc100,FUN_004fc100,,,142,real
0x004fc150,FUN_004fc150,,,142,real
0x004fc1a0,FUN_004fc1a0,,,142,real
0x004fc1f0,FUN_004fc1f0,,,142,real
0x004fc240,FUN_004fc240,,,142,real
0x004fdc60,FUN_004fdc60,,,142,real
0x00508ec0,FUN_00508ec0,,,142,real
0x0050a380,FUN_0050a380,,,142,real
0x0050cfc0,FUN_0050cfc0,,,142,real
0x0050ecf0,FUN_0050ecf0,,,142,real
0x0050f2d0,FUN_0050f2d0,,,142,real
0x00512da0,FUN_00512da0,,,142,real
0x005137f0,FUN_005137f0,,,142,real
0x00513f30,FUN_00513f30,,,142,real
0x0051d6e0,FUN_0051d6e0,,,142,real
0x00530050,FUN_00530050,swap16,core/endian,181,real
0x00530080,FUN_00530080,swap32,core/endian,362,real
0x00530140,FUN_00530140,,,142,real
0x005301c0,FUN_005301c0,,,142,real
0x00534b60,FUN_00534b60,heap_alloc_block,core/mem,2422,real
0x0053fd80,FUN_0053fd80,,core/struct,117,real
0x00540780,FUN_00540780,,,317,real
0x00540850,FUN_00540850,,,142,real
0x005408e0,FUN_005408e0,,,142,real
0x00551a70,FUN_00551a70,,,222,real
0x00557840,FUN_00557840,,,142,real
0x00557860,FUN_00557860,,,142,real
0x0055a720,FUN_0055a720,,,142,real
0x0055a790,FUN_0055a790,,,142,real
0x00564850,FUN_00564850,,,142,real
0x00564e90,FUN_00564e90,,,142,real
0x0056a060,FUN_0056a060,,,142,real
0x0056a080,FUN_0056a080,,,142,real
0x0056dd40,FUN_0056dd40,,,142,real
0x0056dfb0,FUN_0056dfb0,,,142,real
0x0056ea90,FUN_0056ea90,,,142,real
0x00573f50,FUN_00573f50,,,142,real
0x00575ad0,FUN_00575ad0,,,142,real
0x00575b60,FUN_00575b60,,,142,real
0x00575d70,FUN_00575d70,,,142,real
0x0058ab30,FUN_0058ab30,,,244,real
0x0058d7c0,FUN_0058d7c0,lerp3,math/vec,280,real
0x0058dea0,FUN_0058dea0,pixel_format_convert,gfx/color,1494,real
0x005e8040,FUN_005e8040,,,142,real
0x005e8090,FUN_005e8090,,,142,real
0x005ec0a0,FUN_005ec0a0,list_contains,core/containers,427,real
0x005ed330,FUN_005ed330,list_contains_b,core/containers,427,real
0x005fbe10,FUN_005fbe10,,,142,real
0x005fcb70,FUN_005fcb70,,,142,real
0x005fcbf0,FUN_005fcbf0,,,142,real
0x006588a0,FUN_006588a0,boot_iop_copy,sys/boot,587,real
0x00100070,FUN_00100070,,,0,stub
0x00100140,FUN_00100140,,,0,stub
0x00100260,FUN_00100260,,,0,stub
0x001006f0,FUN_001006f0,,,0,stub
0x00100bc0,FUN_00100bc0,,,0,stub
0x00100f00,FUN_00100f00,,,0,stub
0x00101840,FUN_00101840,,,0,stub
0x00101c20,FUN_00101c20,,,0,stub
0x00101ec0,FUN_00101ec0,,,0,stub
0x00101f40,FUN_00101f40,,,0,stub
0x00102510,FUN_00102510,,,0,stub
0x00102540,FUN_00102540,,,0,stub
0x00102740,FUN_00102740,,,0,stub
0x00102af0,FUN_00102af0,,,0,stub
0x00102e90,FUN_00102e90,,,0,stub
0x001030f0,FUN_001030f0,,,0,stub
0x00103170,FUN_00103170,,,0,stub
0x00103380,FUN_00103380,,,0,stub
0x00103570,FUN_00103570,,,0,stub
0x001036b0,FUN_001036b0,,,0,stub
0x00103da0,FUN_00103da0,,,0,stub
0x00104270,FUN_00104270,,,0,stub
0x00104390,FUN_00104390,,,0,stub
0x00104570,FUN_00104570,,,0,stub
0x00104940,FUN_00104940,,,0,stub
0x00104b90,FUN_00104b90,,,0,stub
0x00105010,FUN_00105010,,,0,stub
0x00105100,FUN_00105100,,,0,stub
0x001053d0,FUN_001053d0,,,0,stub
0x00105530,FUN_00105530,,,0,stub
0x001057e0,FUN_001057e0,,,0,stub
0x00105940,FUN_00105940,,,0,stub
0x00105d30,FUN_00105d30,,,0,stub
0x00106f90,FUN_00106f90,,,0,stub
0x00107050,FUN_00107050,,,0,stub
0x001072a0,FUN_001072a0,,,0,stub
0x00107370,FUN_00107370,,,0,stub
0x00107470,FUN_00107470,,,0,stub
0x00107520,FUN_00107520,,,0,stub
0x00107570,FUN_00107570,,,0,stub
0x00107bd0,FUN_00107bd0,,,0,stub
0x00108000,FUN_00108000,,,0,stub
0x001081f0,FUN_001081f0,,,0,stub
0x00108540,FUN_00108540,,,0,stub
0x00108630,FUN_00108630,,,0,stub
0x00108a80,FUN_00108a80,,,0,stub
0x00108f30,FUN_00108f30,,,0,stub
0x00108f60,FUN_00108f60,,,0,stub
0x00109170,FUN_00109170,,,0,stub
0x001092b0,FUN_001092b0,,,0,stub
0x00109510,FUN_00109510,,,0,stub
0x00109580,FUN_00109580,,,0,stub
0x001095e0,FUN_001095e0,,,0,stub
0x00109630,FUN_00109630,,,0,stub
0x00109680,FUN_00109680,,,0,stub
0x00109800,FUN_00109800,,,0,stub
0x00109f80,FUN_00109f80,,,0,stub
0x0010a110,FUN_0010a110,,,0,stub
0x0010a150,FUN_0010a150,,,0,stub
0x0010b2a0,FUN_0010b2a0,,,0,stub
0x0010b5f0,FUN_0010b5f0,,,0,stub
0x0010b720,FUN_0010b720,,,0,stub
0x0010b900,FUN_0010b900,,,0,stub
0x0010bb50,FUN_0010bb50,,,0,stub
0x0010c470,FUN_0010c470,,,0,stub
0x0010cd70,FUN_0010cd70,,,0,stub
0x0010cdd0,FUN_0010cdd0,,,0,stub
0x0010ce20,FUN_0010ce20,,,0,stub
0x0010ce70,FUN_0010ce70,,,0,stub
0x0010ced0,FUN_0010ced0,,,0,stub
0x0010cf20,FUN_0010cf20,,,0,stub
0x0010cf80,FUN_0010cf80,,,0,stub
0x0010cfc0,FUN_0010cfc0,,,0,stub
0x0010d0c0,FUN_0010d0c0,,,0,stub
0x0010d210,FUN_0010d210,,,0,stub
0x0010d2a0,FUN_0010d2a0,,,0,stub
0x0010d5a0,FUN_0010d5a0,,,0,stub
0x0010d690,FUN_0010d690,,,0,stub
0x0010d6c0,FUN_0010d6c0,,,0,stub
0x0010d730,FUN_0010d730,,,0,stub
0x0010d9d0,FUN_0010d9d0,,,0,stub
0x0010dad0,FUN_0010dad0,,,0,stub
0x0010dc40,FUN_0010dc40,,,0,stub
0x0010dd20,FUN_0010dd20,,,0,stub
0x0010dd90,FUN_0010dd90,,,0,stub
0x0010ddf0,FUN_0010ddf0,,,0,stub
0x0010df80,FUN_0010df80,,,0,stub
0x0010e060,FUN_0010e060,,,0,stub
0x0010e200,FUN_0010e200,,,0,stub
0x0010e250,FUN_0010e250,,,0,stub
0x0010e940,FUN_0010e940,,,0,stub
0x0010f030,FUN_0010f030,,,0,stub
0x0010f1b0,FUN_0010f1b0,,,0,stub
0x0010f2f0,FUN_0010f2f0,,,0,stub
0x0010f420,FUN_0010f420,,,0,stub
0x0010f480,FUN_0010f480,,,0,stub
0x0010f510,FUN_0010f510,,,0,stub
0x0010f560,FUN_0010f560,,,0,stub
0x0010f630,FUN_0010f630,,,0,stub
0x0010f760,FUN_0010f760,,,0,stub
0x0010f820,FUN_0010f820,,,0,stub
0x0010f880,FUN_0010f880,,,0,stub
0x0010fa10,FUN_0010fa10,,,0,stub
0x0010fa60,FUN_0010fa60,,,0,stub
0x0010faf0,FUN_0010faf0,,,0,stub
0x0010fb90,FUN_0010fb90,,,0,stub
0x0010fce0,FUN_0010fce0,,,0,stub
0x0010ff50,FUN_0010ff50,,,0,stub
0x00110100,FUN_00110100,,,0,stub
0x00110260,FUN_00110260,,,0,stub
0x00110340,FUN_00110340,,,0,stub
0x00110460,FUN_00110460,,,0,stub
0x001104d0,FUN_001104d0,,,0,stub
0x00110780,FUN_00110780,,,0,stub
0x001108d0,FUN_001108d0,,,0,stub
0x001109d0,FUN_001109d0,,,0,stub
0x00110ae0,FUN_00110ae0,,,0,stub
0x00110bb0,FUN_00110bb0,,,0,stub
0x00110c80,FUN_00110c80,,,0,stub
0x00110da0,FUN_00110da0,,,0,stub
0x00110e80,FUN_00110e80,,,0,stub
0x00111030,FUN_00111030,,,0,stub
0x001110b0,FUN_001110b0,,,0,stub
0x00111180,FUN_00111180,,,0,stub
0x001111f0,FUN_001111f0,,,0,stub
0x00111260,FUN_00111260,,,0,stub
0x00111480,FUN_00111480,,,0,stub
0x001115c0,FUN_001115c0,,,0,stub
0x00111600,FUN_00111600,,,0,stub
0x00111670,FUN_00111670,,,0,stub
0x00111890,FUN_00111890,,,0,stub
0x001119a0,FUN_001119a0,,,0,stub
0x001119f0,FUN_001119f0,,,0,stub
0x00111ad0,FUN_00111ad0,,,0,stub
0x00111bb0,FUN_00111bb0,,,0,stub
0x00111c20,FUN_00111c20,,,0,stub
0x00111c80,FUN_00111c80,,,0,stub
0x00111cf0,FUN_00111cf0,,,0,stub
0x00111d50,FUN_00111d50,,,0,stub
0x00111da0,FUN_00111da0,,,0,stub
0x00111e10,FUN_00111e10,,,0,stub
0x00111f20,FUN_00111f20,,,0,stub
0x00112050,FUN_00112050,,,0,stub
0x00112160,FUN_00112160,,,0,stub
0x001121d0,FUN_001121d0,,,0,stub
0x00112240,FUN_00112240,,,0,stub
0x00112490,FUN_00112490,,,0,stub
0x001124f0,FUN_001124f0,,,0,stub
0x00112550,FUN_00112550,,,0,stub
0x001125b0,FUN_001125b0,,,0,stub
0x001125f0,FUN_001125f0,,,0,stub
0x00112660,FUN_00112660,,,0,stub
0x001127e0,FUN_001127e0,,,0,stub
0x00112850,FUN_00112850,,,0,stub
0x001128c0,FUN_001128c0,,,0,stub
0x00112930,FUN_00112930,,,0,stub
0x00112990,FUN_00112990,,,0,stub
0x00112ab0,FUN_00112ab0,,,0,stub
0x00112d60,FUN_00112d60,,,0,stub
0x00112e00,FUN_00112e00,,,0,stub
0x00112e60,FUN_00112e60,,,0,stub
0x00112f40,FUN_00112f40,,,0,stub
0x00113030,FUN_00113030,,,0,stub
0x00113660,FUN_00113660,,,0,stub
0x001136d0,FUN_001136d0,,,0,stub
0x00113770,FUN_00113770,,,0,stub
0x001137f0,FUN_001137f0,,,0,stub
0x00113b80,FUN_00113b80,,,0,stub
0x00114290,FUN_00114290,,,0,stub
0x001144a0,FUN_001144a0,,,0,stub
0x00114540,FUN_00114540,,,0,stub
0x00114670,FUN_00114670,,,0,stub
0x00114760,FUN_00114760,,,0,stub
0x001147a0,FUN_001147a0,,,0,stub
0x00114820,FUN_00114820,,,0,stub
0x001148b0,FUN_001148b0,,,0,stub
0x001148e0,FUN_001148e0,,,0,stub
0x00114950,FUN_00114950,,,0,stub
0x001149d0,FUN_001149d0,,,0,stub
0x00114b10,FUN_00114b10,,,0,stub
0x00114b70,FUN_00114b70,,,0,stub
0x00114ba0,FUN_00114ba0,,,0,stub
0x00114be0,FUN_00114be0,,,0,stub
0x00114d10,FUN_00114d10,,,0,stub
0x00114e20,FUN_00114e20,,,0,stub
0x00114eb0,FUN_00114eb0,,,0,stub
0x00114f40,FUN_00114f40,,,0,stub
0x00114fe0,FUN_00114fe0,,,0,stub
0x00115760,FUN_00115760,,,0,stub
0x001157c0,FUN_001157c0,,,0,stub
0x001158c0,FUN_001158c0,,,0,stub
0x00115920,FUN_00115920,,,0,stub
0x001159f0,FUN_001159f0,,,0,stub
0x00115b80,FUN_00115b80,,,0,stub
0x00115c50,FUN_00115c50,,,0,stub
0x00115ca0,FUN_00115ca0,,,0,stub
0x00115d80,FUN_00115d80,,,0,stub
0x00115dc0,FUN_00115dc0,,,0,stub
0x00115e40,FUN_00115e40,,,0,stub
0x00115e90,FUN_00115e90,,,0,stub
0x00115fe0,FUN_00115fe0,,,0,stub
0x00116060,FUN_00116060,,,0,stub
0x001163a0,FUN_001163a0,,,0,stub
0x00116430,FUN_00116430,,,0,stub
0x001165a0,FUN_001165a0,,,0,stub
0x001168e0,FUN_001168e0,,,0,stub
0x00116930,FUN_00116930,,,0,stub
0x001169a0,FUN_001169a0,,,0,stub
0x00116a80,FUN_00116a80,,,0,stub
0x00116be0,FUN_00116be0,,,0,stub
0x001170f0,FUN_001170f0,,,0,stub
0x00117400,FUN_00117400,,,0,stub
0x00117720,FUN_00117720,,,0,stub
0x001177a0,FUN_001177a0,,,0,stub
0x00117820,FUN_00117820,,,0,stub
0x001178a0,FUN_001178a0,,,0,stub
0x00117920,FUN_00117920,,,0,stub
0x00117a20,FUN_00117a20,,,0,stub
0x00117a60,FUN_00117a60,,,0,stub
0x00117aa0,FUN_00117aa0,,,0,stub
0x00117b90,FUN_00117b90,,,0,stub
0x00117c80,FUN_00117c80,,,0,stub
0x00117ce0,FUN_00117ce0,,,0,stub
0x001180f0,FUN_001180f0,,,0,stub
0x00118170,FUN_00118170,,,0,stub
0x001181f0,FUN_001181f0,,,0,stub
0x001182d0,FUN_001182d0,,,0,stub
0x00118470,FUN_00118470,,,0,stub
0x00118540,FUN_00118540,,,0,stub
0x00118760,FUN_00118760,,,0,stub
0x00118800,FUN_00118800,,,0,stub
0x001188d0,FUN_001188d0,,,0,stub
0x001189c0,FUN_001189c0,,,0,stub
0x00118af0,FUN_00118af0,,,0,stub
0x00118bb0,FUN_00118bb0,,,0,stub
0x00118c30,FUN_00118c30,,,0,stub
0x00118cc0,FUN_00118cc0,,,0,stub
0x00118d40,FUN_00118d40,,,0,stub
0x00118e80,FUN_00118e80,,,0,stub
0x00119000,FUN_00119000,,,0,stub
0x00119200,FUN_00119200,,,0,stub
0x001194f0,FUN_001194f0,,,0,stub
0x00119590,FUN_00119590,,,0,stub
0x00119610,FUN_00119610,,,0,stub
0x00119690,FUN_00119690,,,0,stub
0x001197b0,FUN_001197b0,,,0,stub
0x001197e0,FUN_001197e0,,,0,stub
0x00119830,FUN_00119830,,,0,stub
0x00119950,FUN_00119950,,,0,stub
0x00119b40,FUN_00119b40,,,0,stub
0x00119d90,FUN_00119d90,,,0,stub
0x00119f10,FUN_00119f10,,,0,stub
0x0011a400,FUN_0011a400,,,0,stub
0x0011a450,FUN_0011a450,,,0,stub
0x0011a740,FUN_0011a740,,,0,stub
0x0011a7c0,FUN_0011a7c0,,,0,stub
0x0011a8b0,FUN_0011a8b0,,,0,stub
0x0011a8e0,FUN_0011a8e0,,,0,stub
0x0011a990,FUN_0011a990,,,0,stub
0x0011ab00,FUN_0011ab00,,,0,stub
0x0011ab60,FUN_0011ab60,,,0,stub
0x0011ac20,FUN_0011ac20,,,0,stub
0x0011ad50,FUN_0011ad50,,,0,stub
0x0011add0,FUN_0011add0,,,0,stub
0x0011ae50,FUN_0011ae50,,,0,stub
0x0011aec0,FUN_0011aec0,,,0,stub
0x0011af10,FUN_0011af10,,,0,stub
0x0011b030,FUN_0011b030,,,0,stub
0x0011b0e0,FUN_0011b0e0,,,0,stub
0x0011b270,FUN_0011b270,,,0,stub
0x0011b450,FUN_0011b450,,,0,stub
0x0011b4b0,FUN_0011b4b0,,,0,stub
0x0011b770,FUN_0011b770,,,0,stub
0x0011b7f0,FUN_0011b7f0,,,0,stub
0x0011b8c0,FUN_0011b8c0,,,0,stub
0x0011b990,FUN_0011b990,,,0,stub
0x0011b9e0,FUN_0011b9e0,,,0,stub
0x0011ba30,FUN_0011ba30,,,0,stub
0x0011bb20,FUN_0011bb20,,,0,stub
0x0011bb50,FUN_0011bb50,,,0,stub
0x0011bd20,FUN_0011bd20,,,0,stub
0x0011bf00,FUN_0011bf00,,,0,stub
0x0011bf30,FUN_0011bf30,,,0,stub
0x0011c070,FUN_0011c070,,,0,stub
0x0011c0f0,FUN_0011c0f0,,,0,stub
0x0011c1d0,FUN_0011c1d0,,,0,stub
0x0011c260,FUN_0011c260,,,0,stub
0x0011c300,FUN_0011c300,,,0,stub
0x0011c380,FUN_0011c380,,,0,stub
0x0011c400,FUN_0011c400,,,0,stub
0x0011c5b0,FUN_0011c5b0,,,0,stub
0x0011c780,FUN_0011c780,,,0,stub
0x0011c810,FUN_0011c810,,,0,stub
0x0011c870,FUN_0011c870,,,0,stub
0x0011c8e0,FUN_0011c8e0,,,0,stub
0x0011c9a0,FUN_0011c9a0,,,0,stub
0x0011ca80,FUN_0011ca80,,,0,stub
0x0011cb30,FUN_0011cb30,,,0,stub
0x0011cd20,FUN_0011cd20,,,0,stub
0x0011cda0,FUN_0011cda0,,,0,stub
0x0011ce10,FUN_0011ce10,,,0,stub
0x0011cea0,FUN_0011cea0,,,0,stub
0x0011d090,FUN_0011d090,,,0,stub
0x0011d0e0,FUN_0011d0e0,,,0,stub
0x0011d150,FUN_0011d150,,,0,stub
0x0011d1a0,FUN_0011d1a0,,,0,stub
0x0011d310,FUN_0011d310,,,0,stub
0x0011d400,FUN_0011d400,,,0,stub
0x0011d4e0,FUN_0011d4e0,,,0,stub
0x0011d920,FUN_0011d920,,,0,stub
0x0011d970,FUN_0011d970,,,0,stub
0x0011da00,FUN_0011da00,,,0,stub
0x0011da50,FUN_0011da50,,,0,stub
0x0011dab0,FUN_0011dab0,,,0,stub
0x0011dcb0,FUN_0011dcb0,,,0,stub
0x0011dd00,FUN_0011dd00,,,0,stub
0x0011e730,FUN_0011e730,,,0,stub
0x0011e7f0,FUN_0011e7f0,,,0,stub
0x0011e840,FUN_0011e840,,,0,stub
0x0011eac0,FUN_0011eac0,,,0,stub
0x0011ec90,FUN_0011ec90,,,0,stub
0x0011ed30,FUN_0011ed30,,,0,stub
0x0011f2c0,FUN_0011f2c0,,,0,stub
0x0011f670,FUN_0011f670,,,0,stub
0x0011f9a0,FUN_0011f9a0,,,0,stub
0x0011fcd0,FUN_0011fcd0,,,0,stub
0x0011fe60,FUN_0011fe60,,,0,stub
0x0011ff00,FUN_0011ff00,,,0,stub
0x00120810,FUN_00120810,,,0,stub
0x00120b10,FUN_00120b10,,,0,stub
0x00120c40,FUN_00120c40,,,0,stub
0x001215f0,FUN_001215f0,,,0,stub
0x00121710,FUN_00121710,,,0,stub
0x00121b60,FUN_00121b60,,,0,stub
0x00121e70,FUN_00121e70,,,0,stub
0x00122030,FUN_00122030,,,0,stub
0x00122190,FUN_00122190,,,0,stub
0x00122430,FUN_00122430,,,0,stub
0x00122db0,FUN_00122db0,,,0,stub
0x00123850,FUN_00123850,,,0,stub
0x00123930,FUN_00123930,,,0,stub
0x00123ac0,FUN_00123ac0,,,0,stub
0x00123c30,FUN_00123c30,,,0,stub
0x00123da0,FUN_00123da0,,,0,stub
0x00123df0,FUN_00123df0,,,0,stub
0x00123ec0,FUN_00123ec0,,,0,stub
0x00123f30,FUN_00123f30,,,0,stub
0x00123f80,FUN_00123f80,,,0,stub
0x00124080,FUN_00124080,,,0,stub
0x001241d0,FUN_001241d0,,,0,stub
0x001245c0,FUN_001245c0,,,0,stub
0x00124650,FUN_00124650,,,0,stub
0x00124730,FUN_00124730,,,0,stub
0x00124780,FUN_00124780,,,0,stub
0x00124810,FUN_00124810,,,0,stub
0x00124870,FUN_00124870,,,0,stub
0x001249e0,FUN_001249e0,,,0,stub
0x00124a30,FUN_00124a30,,,0,stub
0x00124af0,FUN_00124af0,,,0,stub
0x00124c90,FUN_00124c90,,,0,stub
0x00124dc0,FUN_00124dc0,,,0,stub
0x00124e10,FUN_00124e10,,,0,stub
0x00124e60,FUN_00124e60,,,0,stub
0x00124f00,FUN_00124f00,,,0,stub
0x00124f70,FUN_00124f70,,,0,stub
0x00124fc0,FUN_00124fc0,,,0,stub
0x001252f0,FUN_001252f0,,,0,stub
0x00125340,FUN_00125340,,,0,stub
0x001253a0,FUN_001253a0,,,0,stub
0x00125400,FUN_00125400,,,0,stub
0x00125460,FUN_00125460,,,0,stub
0x00125870,FUN_00125870,,,0,stub
0x001258c0,FUN_001258c0,,,0,stub
0x00125bd0,FUN_00125bd0,,,0,stub
0x00125c20,FUN_00125c20,,,0,stub
0x00125cb0,FUN_00125cb0,,,0,stub
0x00125d10,FUN_00125d10,,,0,stub
0x00126050,FUN_00126050,,,0,stub
0x001260a0,FUN_001260a0,,,0,stub
0x00126160,FUN_00126160,,,0,stub
0x001261b0,FUN_001261b0,,,0,stub
0x00126250,FUN_00126250,,,0,stub
0x001262b0,FUN_001262b0,,,0,stub
0x00126830,FUN_00126830,,,0,stub
0x00126940,FUN_00126940,,,0,stub
0x00126990,FUN_00126990,,,0,stub
0x00126a20,FUN_00126a20,,,0,stub
0x00126a80,FUN_00126a80,,,0,stub
0x00127010,FUN_00127010,,,0,stub
0x001270b0,FUN_001270b0,,,0,stub
0x00127180,FUN_00127180,,,0,stub
0x00127330,FUN_00127330,,,0,stub
0x00127450,FUN_00127450,,,0,stub
0x00127500,FUN_00127500,,,0,stub
0x00127550,FUN_00127550,,,0,stub
0x001275a0,FUN_001275a0,,,0,stub
0x00127600,FUN_00127600,,,0,stub
0x00127660,FUN_00127660,,,0,stub
0x001276c0,FUN_001276c0,,,0,stub
0x00127750,FUN_00127750,,,0,stub
0x001277a0,FUN_001277a0,,,0,stub
0x00127800,FUN_00127800,,,0,stub
0x001278c0,FUN_001278c0,,,0,stub
0x001279f0,FUN_001279f0,,,0,stub
0x00127a70,FUN_00127a70,,,0,stub
0x00127ad0,FUN_00127ad0,,,0,stub
0x00127ca0,FUN_00127ca0,,,0,stub
0x00127d00,FUN_00127d00,,,0,stub
0x00127de0,FUN_00127de0,,,0,stub
0x00127f00,FUN_00127f00,,,0,stub
0x00128070,FUN_00128070,,,0,stub
0x00128140,FUN_00128140,,,0,stub
0x00128240,FUN_00128240,,,0,stub
0x001282a0,FUN_001282a0,,,0,stub
0x00128300,FUN_00128300,,,0,stub
0x001283c0,FUN_001283c0,,,0,stub
0x001284c0,FUN_001284c0,,,0,stub
0x00128540,FUN_00128540,,,0,stub
0x00128780,FUN_00128780,,,0,stub
0x00128800,FUN_00128800,,,0,stub
0x00128880,FUN_00128880,,,0,stub
0x00128900,FUN_00128900,,,0,stub
0x00128aa0,FUN_00128aa0,,,0,stub
0x00128af0,FUN_00128af0,,,0,stub
0x00128bd0,FUN_00128bd0,,,0,stub
0x00128e10,FUN_00128e10,,,0,stub
0x00128e50,FUN_00128e50,,,0,stub
0x00128eb0,FUN_00128eb0,,,0,stub
0x00129190,FUN_00129190,,,0,stub
0x001291c0,FUN_001291c0,,,0,stub
0x00129240,FUN_00129240,,,0,stub
0x00129310,FUN_00129310,,,0,stub
0x00129420,FUN_00129420,,,0,stub
0x00129540,FUN_00129540,,,0,stub
0x00129590,FUN_00129590,,,0,stub
0x001295e0,FUN_001295e0,,,0,stub
0x00129660,FUN_00129660,,,0,stub
0x001296c0,FUN_001296c0,,,0,stub
0x00129930,FUN_00129930,,,0,stub
0x00129a30,FUN_00129a30,,,0,stub
0x00129ad0,FUN_00129ad0,,,0,stub
0x00129b90,FUN_00129b90,,,0,stub
0x00129cb0,FUN_00129cb0,,,0,stub
0x00129d00,FUN_00129d00,,,0,stub
0x0012a360,FUN_0012a360,,,0,stub
0x0012ae20,FUN_0012ae20,,,0,stub
0x0012aef0,FUN_0012aef0,,,0,stub
0x0012b000,FUN_0012b000,,,0,stub
0x0012b090,FUN_0012b090,,,0,stub
0x0012b100,FUN_0012b100,,,0,stub
0x0012b1c0,FUN_0012b1c0,,,0,stub
0x0012b270,FUN_0012b270,,,0,stub
0x0012b560,FUN_0012b560,,,0,stub
0x0012b6b0,FUN_0012b6b0,,,0,stub
0x0012b7a0,FUN_0012b7a0,,,0,stub
0x0012b8f0,FUN_0012b8f0,,,0,stub
0x0012b940,FUN_0012b940,,,0,stub
0x0012bc50,FUN_0012bc50,,,0,stub
0x0012bea0,FUN_0012bea0,,,0,stub
0x0012bf00,FUN_0012bf00,,,0,stub
0x0012bfb0,FUN_0012bfb0,,,0,stub
0x0012c150,FUN_0012c150,,,0,stub
0x0012c220,FUN_0012c220,,,0,stub
0x0012c360,FUN_0012c360,,,0,stub
0x0012c500,FUN_0012c500,,,0,stub
0x0012c800,FUN_0012c800,,,0,stub
0x0012ca80,FUN_0012ca80,,,0,stub
0x0012cad0,FUN_0012cad0,,,0,stub
0x0012cb60,FUN_0012cb60,,,0,stub
0x0012cc60,FUN_0012cc60,,,0,stub
0x0012ccc0,FUN_0012ccc0,,,0,stub
0x0012cd70,FUN_0012cd70,,,0,stub
0x0012ce60,FUN_0012ce60,,,0,stub
0x0012cf50,FUN_0012cf50,,,0,stub
0x0012d040,FUN_0012d040,,,0,stub
0x0012d150,FUN_0012d150,,,0,stub
0x0012d220,FUN_0012d220,,,0,stub
0x0012d270,FUN_0012d270,,,0,stub
0x0012d2d0,FUN_0012d2d0,,,0,stub
0x0012d460,FUN_0012d460,,,0,stub
0x0012d660,FUN_0012d660,,,0,stub
0x0012d7f0,FUN_0012d7f0,,,0,stub
0x0012d8d0,FUN_0012d8d0,,,0,stub
0x0012d950,FUN_0012d950,,,0,stub
0x0012d990,FUN_0012d990,,,0,stub
0x0012d9f0,FUN_0012d9f0,,,0,stub
0x0012da90,FUN_0012da90,,,0,stub
0x0012daf0,FUN_0012daf0,,,0,stub
0x0012dbb0,FUN_0012dbb0,,,0,stub
0x0012dd70,FUN_0012dd70,,,0,stub
0x0012ded0,FUN_0012ded0,,,0,stub
0x0012df60,FUN_0012df60,,,0,stub
0x0012dfc0,FUN_0012dfc0,,,0,stub
0x0012e010,FUN_0012e010,,,0,stub
0x0012e0c0,FUN_0012e0c0,,,0,stub
0x0012e120,FUN_0012e120,,,0,stub
0x0012e1a0,FUN_0012e1a0,,,0,stub
0x0012e230,FUN_0012e230,,,0,stub
0x0012e2c0,FUN_0012e2c0,,,0,stub
0x0012e430,FUN_0012e430,,,0,stub
0x0012e480,FUN_0012e480,,,0,stub
0x0012e4e0,FUN_0012e4e0,,,0,stub
0x0012e600,FUN_0012e600,,,0,stub
0x0012e660,FUN_0012e660,,,0,stub
0x0012e860,FUN_0012e860,,,0,stub
0x0012e8b0,FUN_0012e8b0,,,0,stub
0x0012e920,FUN_0012e920,,,0,stub
0x0012ea30,FUN_0012ea30,,,0,stub
0x0012eb10,FUN_0012eb10,,,0,stub
0x0012eb60,FUN_0012eb60,,,0,stub
0x0012ecc0,FUN_0012ecc0,,,0,stub
0x0012eda0,FUN_0012eda0,,,0,stub
0x0012ee70,FUN_0012ee70,,,0,stub
0x0012eec0,FUN_0012eec0,,,0,stub
0x0012f000,FUN_0012f000,,,0,stub
0x0012f140,FUN_0012f140,,,0,stub
0x0012f1a0,FUN_0012f1a0,,,0,stub
0x0012f570,FUN_0012f570,,,0,stub
0x0012f5b0,FUN_0012f5b0,,,0,stub
0x0012f660,FUN_0012f660,,,0,stub
0x0012f7a0,FUN_0012f7a0,,,0,stub
0x0012fa00,FUN_0012fa00,,,0,stub
0x0012fa80,FUN_0012fa80,,,0,stub
0x0012fb20,FUN_0012fb20,,,0,stub
0x0012ff80,FUN_0012ff80,,,0,stub
0x001300c0,FUN_001300c0,,,0,stub
0x00130180,FUN_00130180,,,0,stub
0x00130200,FUN_00130200,,,0,stub
0x001302f0,FUN_001302f0,,,0,stub
0x00130350,FUN_00130350,,,0,stub
0x001304f0,FUN_001304f0,,,0,stub
0x00130630,FUN_00130630,,,0,stub
0x00130690,FUN_00130690,,,0,stub
0x00130700,FUN_00130700,,,0,stub
0x001308c0,FUN_001308c0,,,0,stub
0x001309b0,FUN_001309b0,,,0,stub
0x00130a10,FUN_00130a10,,,0,stub
0x00130a80,FUN_00130a80,,,0,stub
0x00130ad0,FUN_00130ad0,,,0,stub
0x00130b70,FUN_00130b70,,,0,stub
0x00130be0,FUN_00130be0,,,0,stub
0x00130cd0,FUN_00130cd0,,,0,stub
0x00131020,FUN_00131020,,,0,stub
0x001310a0,FUN_001310a0,,,0,stub
0x00131110,FUN_00131110,,,0,stub
0x001311a0,FUN_001311a0,,,0,stub
0x00131240,FUN_00131240,,,0,stub
0x001312a0,FUN_001312a0,,,0,stub
0x00131310,FUN_00131310,,,0,stub
0x00131390,FUN_00131390,,,0,stub
0x00131430,FUN_00131430,,,0,stub
0x001314a0,FUN_001314a0,,,0,stub
0x001316d0,FUN_001316d0,,,0,stub
0x00131760,FUN_00131760,,,0,stub
0x001317d0,FUN_001317d0,,,0,stub
0x00131830,FUN_00131830,,,0,stub
0x00131aa0,FUN_00131aa0,,,0,stub
0x00131b20,FUN_00131b20,,,0,stub
0x00131b90,FUN_00131b90,,,0,stub
0x00131c30,FUN_00131c30,,,0,stub
0x00131ca0,FUN_00131ca0,,,0,stub
0x00131d30,FUN_00131d30,,,0,stub
0x00131d90,FUN_00131d90,,,0,stub
0x00132120,FUN_00132120,,,0,stub
0x00132180,FUN_00132180,,,0,stub
0x001322a0,FUN_001322a0,,,0,stub
0x00132300,FUN_00132300,,,0,stub
0x00132360,FUN_00132360,,,0,stub
0x001323c0,FUN_001323c0,,,0,stub
0x00132420,FUN_00132420,,,0,stub
0x00132480,FUN_00132480,,,0,stub
0x001324e0,FUN_001324e0,,,0,stub
0x00132540,FUN_00132540,,,0,stub
0x00132730,FUN_00132730,,,0,stub
0x00132780,FUN_00132780,,,0,stub
0x001327f0,FUN_001327f0,,,0,stub
0x00132900,FUN_00132900,,,0,stub
0x001329e0,FUN_001329e0,,,0,stub
0x00132a30,FUN_00132a30,,,0,stub
0x00132b90,FUN_00132b90,,,0,stub
0x00132c70,FUN_00132c70,,,0,stub
0x00132d40,FUN_00132d40,,,0,stub
0x00133100,FUN_00133100,,,0,stub
0x00133340,FUN_00133340,,,0,stub
0x001334d0,FUN_001334d0,,,0,stub
0x00133520,FUN_00133520,,,0,stub
0x00133590,FUN_00133590,,,0,stub
0x001335e0,FUN_001335e0,,,0,stub
0x00133650,FUN_00133650,,,0,stub
0x001336a0,FUN_001336a0,,,0,stub
0x00133710,FUN_00133710,,,0,stub
0x00133760,FUN_00133760,,,0,stub
0x001337e0,FUN_001337e0,,,0,stub
0x00133830,FUN_00133830,,,0,stub
0x001338b0,FUN_001338b0,,,0,stub
0x00133900,FUN_00133900,,,0,stub
0x00133970,FUN_00133970,,,0,stub
0x001339c0,FUN_001339c0,,,0,stub
0x00133a30,FUN_00133a30,,,0,stub
0x00133a80,FUN_00133a80,,,0,stub
0x00133ad0,FUN_00133ad0,,,0,stub
0x00133b40,FUN_00133b40,,,0,stub
0x00133c00,FUN_00133c00,,,0,stub
0x00133c70,FUN_00133c70,,,0,stub
0x00134110,FUN_00134110,,,0,stub
0x00134170,FUN_00134170,,,0,stub
0x00134390,FUN_00134390,,,0,stub
0x00134430,FUN_00134430,,,0,stub
0x00134820,FUN_00134820,,,0,stub
0x00134870,FUN_00134870,,,0,stub
0x001348f0,FUN_001348f0,,,0,stub
0x00134940,FUN_00134940,,,0,stub
0x001349b0,FUN_001349b0,,,0,stub
0x00134f30,FUN_00134f30,,,0,stub
0x001350c0,FUN_001350c0,,,0,stub
0x001352d0,FUN_001352d0,,,0,stub
0x00135320,FUN_00135320,,,0,stub
0x00135520,FUN_00135520,,,0,stub
0x00136050,FUN_00136050,,,0,stub
0x001361f0,FUN_001361f0,,,0,stub
0x00136280,FUN_00136280,,,0,stub
0x00136540,FUN_00136540,,,0,stub
0x00136710,FUN_00136710,,,0,stub
0x00136750,FUN_00136750,,,0,stub
0x00136970,FUN_00136970,,,0,stub
0x00136a00,FUN_00136a00,,,0,stub
0x00136b20,FUN_00136b20,,,0,stub
0x00136bb0,FUN_00136bb0,,,0,stub
0x00136c20,FUN_00136c20,,,0,stub
0x00136fd0,FUN_00136fd0,,,0,stub
0x001370e0,FUN_001370e0,,,0,stub
0x00137330,FUN_00137330,,,0,stub
0x00137410,FUN_00137410,,,0,stub
0x00137490,FUN_00137490,,,0,stub
0x001376b0,FUN_001376b0,,,0,stub
0x00137700,FUN_00137700,,,0,stub
0x001377f0,FUN_001377f0,,,0,stub
0x00137860,FUN_00137860,,,0,stub
0x00137f30,FUN_00137f30,,,0,stub
0x00137fc0,FUN_00137fc0,,,0,stub
0x00138030,FUN_00138030,,,0,stub
0x00138630,FUN_00138630,,,0,stub
0x00138690,FUN_00138690,,,0,stub
0x00138700,FUN_00138700,,,0,stub
0x00138770,FUN_00138770,,,0,stub
0x00138e50,FUN_00138e50,,,0,stub
0x00138ef0,FUN_00138ef0,,,0,stub
0x00138f90,FUN_00138f90,,,0,stub
0x0013a2c0,FUN_0013a2c0,,,0,stub
0x0013a370,FUN_0013a370,,,0,stub
0x0013a3e0,FUN_0013a3e0,,,0,stub
0x0013b860,FUN_0013b860,,,0,stub
0x0013b970,FUN_0013b970,,,0,stub
0x0013b9e0,FUN_0013b9e0,,,0,stub
0x0013ba10,FUN_0013ba10,,,0,stub
0x0013bb30,FUN_0013bb30,,,0,stub
0x0013c130,FUN_0013c130,,,0,stub
0x0013c190,FUN_0013c190,,,0,stub
0x0013c3d0,FUN_0013c3d0,,,0,stub
0x0013c420,FUN_0013c420,,,0,stub
0x0013cc10,FUN_0013cc10,,,0,stub
0x0013d210,FUN_0013d210,,,0,stub
0x0013d7d0,FUN_0013d7d0,,,0,stub
0x0013dd60,FUN_0013dd60,,,0,stub
0x0013ddf0,FUN_0013ddf0,,,0,stub
0x0013df10,FUN_0013df10,,,0,stub
0x0013df80,FUN_0013df80,,,0,stub
0x0013dfd0,FUN_0013dfd0,,,0,stub
0x0013e040,FUN_0013e040,,,0,stub
0x0013e0b0,FUN_0013e0b0,,,0,stub
0x0013e130,FUN_0013e130,,,0,stub
0x0013e1b0,FUN_0013e1b0,,,0,stub
0x0013e310,FUN_0013e310,,,0,stub
0x0013e360,FUN_0013e360,,,0,stub
0x0013e3c0,FUN_0013e3c0,,,0,stub
0x0013e490,FUN_0013e490,,,0,stub
0x0013e9b0,FUN_0013e9b0,,,0,stub
0x0013ea40,FUN_0013ea40,,,0,stub
0x0013ee80,FUN_0013ee80,,,0,stub
0x0013efc0,FUN_0013efc0,,,0,stub
0x0013f060,FUN_0013f060,,,0,stub
0x0013f100,FUN_0013f100,,,0,stub
0x0013f160,FUN_0013f160,,,0,stub
0x0013f190,FUN_0013f190,,,0,stub
0x0013f210,FUN_0013f210,,,0,stub
0x0013f270,FUN_0013f270,,,0,stub
0x0013f310,FUN_0013f310,,,0,stub
0x0013f370,FUN_0013f370,,,0,stub
0x0013f3a0,FUN_0013f3a0,,,0,stub
0x0013f460,FUN_0013f460,,,0,stub
0x0013f500,FUN_0013f500,,,0,stub
0x0013f560,FUN_0013f560,,,0,stub
0x0013f620,FUN_0013f620,,,0,stub
0x0013fe00,FUN_0013fe00,,,0,stub
0x0013fe80,FUN_0013fe80,,,0,stub
0x0013ff00,FUN_0013ff00,,,0,stub
0x00140060,FUN_00140060,,,0,stub
0x00140120,FUN_00140120,,,0,stub
0x00140180,FUN_00140180,,,0,stub
0x001401f0,FUN_001401f0,,,0,stub
0x00140240,FUN_00140240,,,0,stub
0x001404a0,FUN_001404a0,,,0,stub
0x001406f0,FUN_001406f0,,,0,stub
0x00140790,FUN_00140790,,,0,stub
0x001407f0,FUN_001407f0,,,0,stub
0x001408b0,FUN_001408b0,,,0,stub
0x00140910,FUN_00140910,,,0,stub
0x00140ac0,FUN_00140ac0,,,0,stub
0x00140d00,FUN_00140d00,,,0,stub
0x00140ee0,FUN_00140ee0,,,0,stub
0x00141060,FUN_00141060,,,0,stub
0x001410b0,FUN_001410b0,,,0,stub
0x001410e0,FUN_001410e0,,,0,stub
0x00141130,FUN_00141130,,,0,stub
0x001411b0,FUN_001411b0,,,0,stub
0x001414a0,FUN_001414a0,,,0,stub
0x00141520,FUN_00141520,,,0,stub
0x001415d0,FUN_001415d0,,,0,stub
0x00141600,FUN_00141600,,,0,stub
0x00141bd0,FUN_00141bd0,,,0,stub
0x00141ec0,FUN_00141ec0,,,0,stub
0x00141f20,FUN_00141f20,,,0,stub
0x00142050,FUN_00142050,,,0,stub
0x001421a0,FUN_001421a0,,,0,stub
0x00142210,FUN_00142210,,,0,stub
0x00142280,FUN_00142280,,,0,stub
0x001426b0,FUN_001426b0,,,0,stub
0x00142730,FUN_00142730,,,0,stub
0x00142a20,FUN_00142a20,,,0,stub
0x00142cc0,FUN_00142cc0,,,0,stub
0x00143040,FUN_00143040,,,0,stub
0x00143bc0,FUN_00143bc0,,,0,stub
0x00143cd0,FUN_00143cd0,,,0,stub
0x00143f10,FUN_00143f10,,,0,stub
0x00144090,FUN_00144090,,,0,stub
0x00144120,FUN_00144120,,,0,stub
0x00144170,FUN_00144170,,,0,stub
0x00144260,FUN_00144260,,,0,stub
0x001444e0,FUN_001444e0,,,0,stub
0x00144540,FUN_00144540,,,0,stub
0x001445a0,FUN_001445a0,,,0,stub
0x001445d0,FUN_001445d0,,,0,stub
0x00144600,FUN_00144600,,,0,stub
0x00144830,FUN_00144830,,,0,stub
0x00144880,FUN_00144880,,,0,stub
0x001448e0,FUN_001448e0,,,0,stub
0x00144a30,FUN_00144a30,,,0,stub
0x00144bb0,FUN_00144bb0,,,0,stub
0x00144cb0,FUN_00144cb0,,,0,stub
0x00144d30,FUN_00144d30,,,0,stub
0x00144dc0,FUN_00144dc0,,,0,stub
0x00144e50,FUN_00144e50,,,0,stub
0x00144e90,FUN_00144e90,,,0,stub
0x00144fe0,FUN_00144fe0,,,0,stub
0x00145080,FUN_00145080,,,0,stub
0x001450d0,FUN_001450d0,,,0,stub
0x00145230,FUN_00145230,,,0,stub
0x001453a0,FUN_001453a0,,,0,stub
0x00145420,FUN_00145420,,,0,stub
0x00145630,FUN_00145630,,,0,stub
0x001456d0,FUN_001456d0,,,0,stub
0x00145740,FUN_00145740,,,0,stub
0x00145aa0,FUN_00145aa0,,,0,stub
0x00145b90,FUN_00145b90,,,0,stub
0x00145c50,FUN_00145c50,,,0,stub
0x00145d80,FUN_00145d80,,,0,stub
0x00146310,FUN_00146310,,,0,stub
0x00146390,FUN_00146390,,,0,stub
0x00146410,FUN_00146410,,,0,stub
0x00146490,FUN_00146490,,,0,stub
0x00146550,FUN_00146550,,,0,stub
0x001469b0,FUN_001469b0,,,0,stub
0x00146a30,FUN_00146a30,,,0,stub
0x00146ab0,FUN_00146ab0,,,0,stub
0x00146b30,FUN_00146b30,,,0,stub
0x00146f30,FUN_00146f30,,,0,stub
0x00146fb0,FUN_00146fb0,,,0,stub
0x00147030,FUN_00147030,,,0,stub
0x00147080,FUN_00147080,,,0,stub
0x00147190,FUN_00147190,,,0,stub
0x001471d0,FUN_001471d0,,,0,stub
0x00147270,FUN_00147270,,,0,stub
0x001472b0,FUN_001472b0,,,0,stub
0x00147320,FUN_00147320,,,0,stub
0x00147380,FUN_00147380,,,0,stub
0x00147400,FUN_00147400,,,0,stub
0x00147430,FUN_00147430,,,0,stub
0x00147460,FUN_00147460,,,0,stub
0x001478a0,FUN_001478a0,,,0,stub
0x001478f0,FUN_001478f0,,,0,stub
0x00147b20,FUN_00147b20,,,0,stub
0x00147c60,FUN_00147c60,,,0,stub
0x00147d20,FUN_00147d20,,,0,stub
0x00147e60,FUN_00147e60,,,0,stub
0x00147eb0,FUN_00147eb0,,,0,stub
0x00148010,FUN_00148010,,,0,stub
0x00148080,FUN_00148080,,,0,stub
0x001480b0,FUN_001480b0,,,0,stub
0x00148210,FUN_00148210,,,0,stub
0x00148270,FUN_00148270,,,0,stub
0x001483d0,FUN_001483d0,,,0,stub
0x00148410,FUN_00148410,,,0,stub
0x00148450,FUN_00148450,,,0,stub
0x001485b0,FUN_001485b0,,,0,stub
0x001485e0,FUN_001485e0,,,0,stub
0x00148680,FUN_00148680,,,0,stub
0x001486e0,FUN_001486e0,,,0,stub
0x001487b0,FUN_001487b0,,,0,stub
0x00148840,FUN_00148840,,,0,stub
0x00148910,FUN_00148910,,,0,stub
0x00148ae0,FUN_00148ae0,,,0,stub
0x00148c30,FUN_00148c30,,,0,stub
0x00148c60,FUN_00148c60,,,0,stub
0x00148ca0,FUN_00148ca0,,,0,stub
0x00148cd0,FUN_00148cd0,,,0,stub
0x00148fa0,FUN_00148fa0,,,0,stub
0x00149310,FUN_00149310,,,0,stub
0x001494a0,FUN_001494a0,,,0,stub
0x001494d0,FUN_001494d0,,,0,stub
0x001495e0,FUN_001495e0,,,0,stub
0x00149670,FUN_00149670,,,0,stub
0x00149c80,FUN_00149c80,,,0,stub
0x00149cd0,FUN_00149cd0,,,0,stub
0x0014a020,FUN_0014a020,,,0,stub
0x0014a5f0,FUN_0014a5f0,,,0,stub
0x0014a7c0,FUN_0014a7c0,,,0,stub
0x0014a920,FUN_0014a920,,,0,stub
0x0014ab00,FUN_0014ab00,,,0,stub
0x0014ac80,FUN_0014ac80,,,0,stub
0x0014aef0,FUN_0014aef0,,,0,stub
0x0014afb0,FUN_0014afb0,,,0,stub
0x0014b010,FUN_0014b010,,,0,stub
0x0014b050,FUN_0014b050,,,0,stub
0x0014b080,FUN_0014b080,,,0,stub
0x0014b130,FUN_0014b130,,,0,stub
0x0014b1d0,FUN_0014b1d0,,,0,stub
0x0014b260,FUN_0014b260,,,0,stub
0x0014b300,FUN_0014b300,,,0,stub
0x0014b410,FUN_0014b410,,,0,stub
0x0014b490,FUN_0014b490,,,0,stub
0x0014b540,FUN_0014b540,,,0,stub
0x0014b5c0,FUN_0014b5c0,,,0,stub
0x0014b650,FUN_0014b650,,,0,stub
0x0014b760,FUN_0014b760,,,0,stub
0x0014b930,FUN_0014b930,,,0,stub
0x0014bb60,FUN_0014bb60,,,0,stub
0x0014bdc0,FUN_0014bdc0,,,0,stub
0x0014be20,FUN_0014be20,,,0,stub
0x0014bef0,FUN_0014bef0,,,0,stub
0x0014c0e0,FUN_0014c0e0,,,0,stub
0x0014c140,FUN_0014c140,,,0,stub
0x0014c170,FUN_0014c170,,,0,stub
0x0014c220,FUN_0014c220,,,0,stub
0x0014c320,FUN_0014c320,,,0,stub
0x0014c450,FUN_0014c450,,,0,stub
0x0014c4b0,FUN_0014c4b0,,,0,stub
0x0014c510,FUN_0014c510,,,0,stub
0x0014c580,FUN_0014c580,,,0,stub
0x0014c6c0,FUN_0014c6c0,,,0,stub
0x0014c710,FUN_0014c710,,,0,stub
0x0014ccf0,FUN_0014ccf0,,,0,stub
0x0014cfa0,FUN_0014cfa0,,,0,stub
0x0014d000,FUN_0014d000,,,0,stub
0x0014d0f0,FUN_0014d0f0,,,0,stub
0x0014d350,FUN_0014d350,,,0,stub
0x0014d3f0,FUN_0014d3f0,,,0,stub
0x0014d550,FUN_0014d550,,,0,stub
0x0014d680,FUN_0014d680,,,0,stub
0x0014d710,FUN_0014d710,,,0,stub
0x0014d780,FUN_0014d780,,,0,stub
0x0014d830,FUN_0014d830,,,0,stub
0x0014d8b0,FUN_0014d8b0,,,0,stub
0x0014d970,FUN_0014d970,,,0,stub
0x0014dbe0,FUN_0014dbe0,,,0,stub
0x0014dcc0,FUN_0014dcc0,,,0,stub
0x0014ddc0,FUN_0014ddc0,,,0,stub
0x0014de80,FUN_0014de80,,,0,stub
0x0014df90,FUN_0014df90,,,0,stub
0x0014e040,FUN_0014e040,,,0,stub
0x0014e220,FUN_0014e220,,,0,stub
0x0014e250,FUN_0014e250,,,0,stub
0x0014e3c0,FUN_0014e3c0,,,0,stub
0x0014e540,FUN_0014e540,,,0,stub
0x0014ec90,FUN_0014ec90,,,0,stub
0x0014ed40,FUN_0014ed40,,,0,stub
0x0014eff0,FUN_0014eff0,,,0,stub
0x0014f090,FUN_0014f090,,,0,stub
0x0014f0d0,FUN_0014f0d0,,,0,stub
0x0014f150,FUN_0014f150,,,0,stub
0x0014f1f0,FUN_0014f1f0,,,0,stub
0x0014f2d0,FUN_0014f2d0,,,0,stub
0x0014f350,FUN_0014f350,,,0,stub
0x0014f4b0,FUN_0014f4b0,,,0,stub
0x0014f5f0,FUN_0014f5f0,,,0,stub
0x0014f730,FUN_0014f730,,,0,stub
0x0014f870,FUN_0014f870,,,0,stub
0x0014f9b0,FUN_0014f9b0,,,0,stub
0x0014fcd0,FUN_0014fcd0,,,0,stub
0x0014ffa0,FUN_0014ffa0,,,0,stub
0x0014ffe0,FUN_0014ffe0,,,0,stub
0x001500c0,FUN_001500c0,,,0,stub
0x00150240,FUN_00150240,,,0,stub
0x00150410,FUN_00150410,,,0,stub
0x001505b0,FUN_001505b0,,,0,stub
0x001505f0,FUN_001505f0,,,0,stub
0x00150630,FUN_00150630,,,0,stub
0x001507c0,FUN_001507c0,,,0,stub
0x00150890,FUN_00150890,,,0,stub
0x00150a50,FUN_00150a50,,,0,stub
0x00150ae0,FUN_00150ae0,,,0,stub
0x00150c30,FUN_00150c30,,,0,stub
0x00150ca0,FUN_00150ca0,,,0,stub
0x00150ce0,FUN_00150ce0,,,0,stub
0x00150d60,FUN_00150d60,,,0,stub
0x00150ea0,FUN_00150ea0,,,0,stub
0x00150fd0,FUN_00150fd0,,,0,stub
0x00151160,FUN_00151160,,,0,stub
0x00151310,FUN_00151310,,,0,stub
0x001514f0,FUN_001514f0,,,0,stub
0x001516c0,FUN_001516c0,,,0,stub
0x001518e0,FUN_001518e0,,,0,stub
0x00151930,FUN_00151930,,,0,stub
0x00151980,FUN_00151980,,,0,stub
0x00151b70,FUN_00151b70,,,0,stub
0x00151d40,FUN_00151d40,,,0,stub
0x00151e90,FUN_00151e90,,,0,stub
0x00151f10,FUN_00151f10,,,0,stub
0x00152040,FUN_00152040,,,0,stub
0x001520f0,FUN_001520f0,,,0,stub
0x00152180,FUN_00152180,,,0,stub
0x001521e0,FUN_001521e0,,,0,stub
0x00152260,FUN_00152260,,,0,stub
0x001522d0,FUN_001522d0,,,0,stub
0x001525b0,FUN_001525b0,,,0,stub
0x00152600,FUN_00152600,,,0,stub
0x001526e0,FUN_001526e0,,,0,stub
0x00152780,FUN_00152780,,,0,stub
0x001528d0,FUN_001528d0,,,0,stub
0x00153610,FUN_00153610,,,0,stub
0x00153670,FUN_00153670,,,0,stub
0x00153790,FUN_00153790,,,0,stub
0x001537f0,FUN_001537f0,,,0,stub
0x00153850,FUN_00153850,,,0,stub
0x00153c30,FUN_00153c30,,,0,stub
0x00153d50,FUN_00153d50,,,0,stub
0x00153dc0,FUN_00153dc0,,,0,stub
0x00153ed0,FUN_00153ed0,,,0,stub
0x00153fa0,FUN_00153fa0,,,0,stub
0x00153ff0,FUN_00153ff0,,,0,stub
0x001540d0,FUN_001540d0,,,0,stub
0x001542b0,FUN_001542b0,,,0,stub
0x00154350,FUN_00154350,,,0,stub
0x00154580,FUN_00154580,,,0,stub
0x001545c0,FUN_001545c0,,,0,stub
0x00154aa0,FUN_00154aa0,,,0,stub
0x00154e30,FUN_00154e30,,,0,stub
0x00155130,FUN_00155130,,,0,stub
0x00155280,FUN_00155280,,,0,stub
0x00155350,FUN_00155350,,,0,stub
0x00155410,FUN_00155410,,,0,stub
0x001555a0,FUN_001555a0,,,0,stub
0x00155610,FUN_00155610,,,0,stub
0x00155670,FUN_00155670,,,0,stub
0x00155710,FUN_00155710,,,0,stub
0x00155780,FUN_00155780,,,0,stub
0x00155810,FUN_00155810,,,0,stub
0x00155880,FUN_00155880,,,0,stub
0x001558e0,FUN_001558e0,,,0,stub
0x00155ad0,FUN_00155ad0,,,0,stub
0x00155b40,FUN_00155b40,,,0,stub
0x00155c30,FUN_00155c30,,,0,stub
0x00155cc0,FUN_00155cc0,,,0,stub
0x00155d80,FUN_00155d80,,,0,stub
0x00155e00,FUN_00155e00,,,0,stub
0x00155e60,FUN_00155e60,,,0,stub
0x00155fb0,FUN_00155fb0,,,0,stub
0x00156800,FUN_00156800,,,0,stub
0x001568e0,FUN_001568e0,,,0,stub
0x001569e0,FUN_001569e0,,,0,stub
0x00156a50,FUN_00156a50,,,0,stub
0x00156c10,FUN_00156c10,,,0,stub
0x00156c70,FUN_00156c70,,,0,stub
0x00156fc0,FUN_00156fc0,,,0,stub
0x00157110,FUN_00157110,,,0,stub
0x00157140,FUN_00157140,,,0,stub
0x00157210,FUN_00157210,,,0,stub
0x001572a0,FUN_001572a0,,,0,stub
0x00157360,FUN_00157360,,,0,stub
0x001576a0,FUN_001576a0,,,0,stub
0x00157760,FUN_00157760,,,0,stub
0x001577a0,FUN_001577a0,,,0,stub
0x00157810,FUN_00157810,,,0,stub
0x00157960,FUN_00157960,,,0,stub
0x00157a50,FUN_00157a50,,,0,stub
0x00157b00,FUN_00157b00,,,0,stub
0x00157f70,FUN_00157f70,,,0,stub
0x00157fd0,FUN_00157fd0,,,0,stub
0x00158910,FUN_00158910,,,0,stub
0x00158d00,FUN_00158d00,,,0,stub
0x00158d80,FUN_00158d80,,,0,stub
0x00159030,FUN_00159030,,,0,stub
0x00159640,FUN_00159640,,,0,stub
0x00159b70,FUN_00159b70,,,0,stub
0x0015b970,FUN_0015b970,,,0,stub
0x0015ba70,FUN_0015ba70,,,0,stub
0x0015baa0,FUN_0015baa0,,,0,stub
0x0015bc70,FUN_0015bc70,,,0,stub
0x0015be40,FUN_0015be40,,,0,stub
0x0015c2e0,FUN_0015c2e0,,,0,stub
0x0015c320,FUN_0015c320,,,0,stub
0x0015c400,FUN_0015c400,,,0,stub
0x0015c8d0,FUN_0015c8d0,,,0,stub
0x0015cad0,FUN_0015cad0,,,0,stub
0x0015cc30,FUN_0015cc30,,,0,stub
0x0015ced0,FUN_0015ced0,,,0,stub
0x0015d5d0,FUN_0015d5d0,,,0,stub
0x0015d610,FUN_0015d610,,,0,stub
0x0015d670,FUN_0015d670,,,0,stub
0x0015d700,FUN_0015d700,,,0,stub
0x0015d910,FUN_0015d910,,,0,stub
0x0015db70,FUN_0015db70,,,0,stub
0x0015dd20,FUN_0015dd20,,,0,stub
0x0015df20,FUN_0015df20,,,0,stub
0x0015df80,FUN_0015df80,,,0,stub
0x0015dff0,FUN_0015dff0,,,0,stub
0x0015e090,FUN_0015e090,,,0,stub
0x0015e100,FUN_0015e100,,,0,stub
0x0015e580,FUN_0015e580,,,0,stub
0x0015ef40,FUN_0015ef40,,,0,stub
0x0015efc0,FUN_0015efc0,,,0,stub
0x0015f090,FUN_0015f090,,,0,stub
0x0015ff60,FUN_0015ff60,,,0,stub
0x00160080,FUN_00160080,,,0,stub
0x001604f0,FUN_001604f0,,,0,stub
0x00160610,FUN_00160610,,,0,stub
0x00160860,FUN_00160860,,,0,stub
0x00160890,FUN_00160890,,,0,stub
0x00160b90,FUN_00160b90,,,0,stub
0x00160d40,FUN_00160d40,,,0,stub
0x001610f0,FUN_001610f0,,,0,stub
0x001614d0,FUN_001614d0,,,0,stub
0x00161590,FUN_00161590,,,0,stub
0x00161730,FUN_00161730,,,0,stub
0x00161800,FUN_00161800,,,0,stub
0x00161c80,FUN_00161c80,,,0,stub
0x00161f90,FUN_00161f90,,,0,stub
0x00162020,FUN_00162020,,,0,stub
0x001621f0,FUN_001621f0,,,0,stub
0x001627a0,FUN_001627a0,,,0,stub
0x00162ae0,FUN_00162ae0,,,0,stub
0x001633a0,FUN_001633a0,,,0,stub
0x001637a0,FUN_001637a0,,,0,stub
0x00163b80,FUN_00163b80,,,0,stub
0x00164170,FUN_00164170,,,0,stub
0x00164420,FUN_00164420,,,0,stub
0x00164560,FUN_00164560,,,0,stub
0x001658f0,FUN_001658f0,,,0,stub
0x00165ab0,FUN_00165ab0,,,0,stub
0x00165f60,FUN_00165f60,,,0,stub
0x00166040,FUN_00166040,,,0,stub
0x00166610,FUN_00166610,,,0,stub
0x00166870,FUN_00166870,,,0,stub
0x00166e20,FUN_00166e20,,,0,stub
0x00166fe0,FUN_00166fe0,,,0,stub
0x00167100,FUN_00167100,,,0,stub
0x00167220,FUN_00167220,,,0,stub
0x00167340,FUN_00167340,,,0,stub
0x001673e0,FUN_001673e0,,,0,stub
0x001675d0,FUN_001675d0,,,0,stub
0x00167780,FUN_00167780,,,0,stub
0x001677e0,FUN_001677e0,,,0,stub
0x00167830,FUN_00167830,,,0,stub
0x00167900,FUN_00167900,,,0,stub
0x00167c50,FUN_00167c50,,,0,stub
0x00167cb0,FUN_00167cb0,,,0,stub
0x00167d20,FUN_00167d20,,,0,stub
0x00169100,FUN_00169100,,,0,stub
0x00169250,FUN_00169250,,,0,stub
0x00169780,FUN_00169780,,,0,stub
0x001698c0,FUN_001698c0,,,0,stub
0x00169930,FUN_00169930,,,0,stub
0x00169d30,FUN_00169d30,,,0,stub
0x00169d90,FUN_00169d90,,,0,stub
0x00169e50,FUN_00169e50,,,0,stub
0x00169e80,FUN_00169e80,,,0,stub
0x00169eb0,FUN_00169eb0,,,0,stub
0x00169f60,FUN_00169f60,,,0,stub
0x0016a270,FUN_0016a270,,,0,stub
0x0016a350,FUN_0016a350,,,0,stub
0x0016a6e0,FUN_0016a6e0,,,0,stub
0x0016ab70,FUN_0016ab70,,,0,stub
0x0016add0,FUN_0016add0,,,0,stub
0x0016af40,FUN_0016af40,,,0,stub
0x0016b1b0,FUN_0016b1b0,,,0,stub
0x0016b3c0,FUN_0016b3c0,,,0,stub
0x0016b4d0,FUN_0016b4d0,,,0,stub
0x0016b5d0,FUN_0016b5d0,,,0,stub
0x0016b620,FUN_0016b620,,,0,stub
0x0016b740,FUN_0016b740,,,0,stub
0x0016bc70,FUN_0016bc70,,,0,stub
0x0016bfc0,FUN_0016bfc0,,,0,stub
0x0016c010,FUN_0016c010,,,0,stub
0x0016c0c0,FUN_0016c0c0,,,0,stub
0x0016c170,FUN_0016c170,,,0,stub
0x0016c230,FUN_0016c230,,,0,stub
0x0016c2b0,FUN_0016c2b0,,,0,stub
0x0016c3a0,FUN_0016c3a0,,,0,stub
0x0016c3e0,FUN_0016c3e0,,,0,stub
0x0016c6d0,FUN_0016c6d0,,,0,stub
0x0016c920,FUN_0016c920,,,0,stub
0x0016ca40,FUN_0016ca40,,,0,stub
0x0016cba0,FUN_0016cba0,,,0,stub
0x0016cbf0,FUN_0016cbf0,,,0,stub
0x0016cc30,FUN_0016cc30,,,0,stub
0x0016ccd0,FUN_0016ccd0,,,0,stub
0x0016cd30,FUN_0016cd30,,,0,stub
0x0016cdd0,FUN_0016cdd0,,,0,stub
0x0016ce60,FUN_0016ce60,,,0,stub
0x0016cf30,FUN_0016cf30,,,0,stub
0x0016cf70,FUN_0016cf70,,,0,stub
0x0016d210,FUN_0016d210,,,0,stub
0x0016d3b0,FUN_0016d3b0,,,0,stub
0x0016d510,FUN_0016d510,,,0,stub
0x0016d6c0,FUN_0016d6c0,,,0,stub
0x0016d950,FUN_0016d950,,,0,stub
0x0016d9a0,FUN_0016d9a0,,,0,stub
0x0016de60,FUN_0016de60,,,0,stub
0x0016e340,FUN_0016e340,,,0,stub
0x0016e610,FUN_0016e610,,,0,stub
0x0016e840,FUN_0016e840,,,0,stub
0x0016e890,FUN_0016e890,,,0,stub
0x0016e9a0,FUN_0016e9a0,,,0,stub
0x0016eaa0,FUN_0016eaa0,,,0,stub
0x0016ef90,FUN_0016ef90,,,0,stub
0x0016f170,FUN_0016f170,,,0,stub
0x0016f240,FUN_0016f240,,,0,stub
0x0016f390,FUN_0016f390,,,0,stub
0x001704f0,FUN_001704f0,,,0,stub
0x00170ad0,FUN_00170ad0,,,0,stub
0x00170b90,FUN_00170b90,,,0,stub
0x00170be0,FUN_00170be0,,,0,stub
0x00170c60,FUN_00170c60,,,0,stub
0x00170d10,FUN_00170d10,,,0,stub
0x00170d60,FUN_00170d60,,,0,stub
0x00170e40,FUN_00170e40,,,0,stub
0x00171530,FUN_00171530,,,0,stub
0x00171580,FUN_00171580,,,0,stub
0x001716d0,FUN_001716d0,,,0,stub
0x00171790,FUN_00171790,,,0,stub
0x001718b0,FUN_001718b0,,,0,stub
0x00171930,FUN_00171930,,,0,stub
0x00171b60,FUN_00171b60,,,0,stub
0x00171bc0,FUN_00171bc0,,,0,stub
0x00171cf0,FUN_00171cf0,,,0,stub
0x00171e10,FUN_00171e10,,,0,stub
0x00171e90,FUN_00171e90,,,0,stub
0x00171ee0,FUN_00171ee0,,,0,stub
0x00171f70,FUN_00171f70,,,0,stub
0x00172000,FUN_00172000,,,0,stub
0x00172090,FUN_00172090,,,0,stub
0x00172100,FUN_00172100,,,0,stub
0x001722c0,FUN_001722c0,,,0,stub
0x00172e00,FUN_00172e00,,,0,stub
0x00172e90,FUN_00172e90,,,0,stub
0x00172f00,FUN_00172f00,,,0,stub
0x00172fb0,FUN_00172fb0,,,0,stub
0x00173250,FUN_00173250,,,0,stub
0x001732e0,FUN_001732e0,,,0,stub
0x00173350,FUN_00173350,,,0,stub
0x001733a0,FUN_001733a0,,,0,stub
0x00173500,FUN_00173500,,,0,stub
0x00173590,FUN_00173590,,,0,stub
0x00173600,FUN_00173600,,,0,stub
0x00173680,FUN_00173680,,,0,stub
0x00173c20,FUN_00173c20,,,0,stub
0x00173cc0,FUN_00173cc0,,,0,stub
0x00173d20,FUN_00173d20,,,0,stub
0x00173db0,FUN_00173db0,,,0,stub
0x00174130,FUN_00174130,,,0,stub
0x001741c0,FUN_001741c0,,,0,stub
0x00174230,FUN_00174230,,,0,stub
0x00174290,FUN_00174290,,,0,stub
0x00174570,FUN_00174570,,,0,stub
0x00174600,FUN_00174600,,,0,stub
0x00174670,FUN_00174670,,,0,stub
0x001747e0,FUN_001747e0,,,0,stub
0x00176640,FUN_00176640,,,0,stub
0x001766d0,FUN_001766d0,,,0,stub
0x00176740,FUN_00176740,,,0,stub
0x001767a0,FUN_001767a0,,,0,stub
0x00176a00,FUN_00176a00,,,0,stub
0x00176a90,FUN_00176a90,,,0,stub
0x00176b00,FUN_00176b00,,,0,stub
0x00176bb0,FUN_00176bb0,,,0,stub
0x00177170,FUN_00177170,,,0,stub
0x00177200,FUN_00177200,,,0,stub
0x00177270,FUN_00177270,,,0,stub
0x00177450,FUN_00177450,,,0,stub
0x001786d0,FUN_001786d0,,,0,stub
0x00178760,FUN_00178760,,,0,stub
0x001787d0,FUN_001787d0,,,0,stub
0x00178870,FUN_00178870,,,0,stub
0x00178d20,FUN_00178d20,,,0,stub
0x00178db0,FUN_00178db0,,,0,stub
0x00178e20,FUN_00178e20,,,0,stub
0x00178e70,FUN_00178e70,,,0,stub
0x00178ff0,FUN_00178ff0,,,0,stub
0x00179080,FUN_00179080,,,0,stub
0x001790f0,FUN_001790f0,,,0,stub
0x00179150,FUN_00179150,,,0,stub
0x00179370,FUN_00179370,,,0,stub
0x00179400,FUN_00179400,,,0,stub
0x00179470,FUN_00179470,,,0,stub
0x001794d0,FUN_001794d0,,,0,stub
0x00179770,FUN_00179770,,,0,stub
0x00179800,FUN_00179800,,,0,stub
0x00179870,FUN_00179870,,,0,stub
0x001798c0,FUN_001798c0,,,0,stub
0x00179aa0,FUN_00179aa0,,,0,stub
0x00179b30,FUN_00179b30,,,0,stub
0x00179ba0,FUN_00179ba0,,,0,stub
0x00179c20,FUN_00179c20,,,0,stub
0x00179f70,FUN_00179f70,,,0,stub
0x00179ff0,FUN_00179ff0,,,0,stub
0x0017a370,FUN_0017a370,,,0,stub
0x0017a3d0,FUN_0017a3d0,,,0,stub
0x0017a4e0,FUN_0017a4e0,,,0,stub
0x0017a520,FUN_0017a520,,,0,stub
0x0017a570,FUN_0017a570,,,0,stub
0x0017a5d0,FUN_0017a5d0,,,0,stub
0x0017a710,FUN_0017a710,,,0,stub
0x0017a9c0,FUN_0017a9c0,,,0,stub
0x0017aa80,FUN_0017aa80,,,0,stub
0x0017ab10,FUN_0017ab10,,,0,stub
0x0017ab70,FUN_0017ab70,,,0,stub
0x0017af20,FUN_0017af20,,,0,stub
0x0017b590,FUN_0017b590,,,0,stub
0x0017b730,FUN_0017b730,,,0,stub
0x0017ba30,FUN_0017ba30,,,0,stub
0x0017bac0,FUN_0017bac0,,,0,stub
0x0017bb50,FUN_0017bb50,,,0,stub
0x0017bbb0,FUN_0017bbb0,,,0,stub
0x0017bdb0,FUN_0017bdb0,,,0,stub
0x0017c110,FUN_0017c110,,,0,stub
0x0017c170,FUN_0017c170,,,0,stub
0x0017c220,FUN_0017c220,,,0,stub
0x0017c280,FUN_0017c280,,,0,stub
0x0017c320,FUN_0017c320,,,0,stub
0x0017c530,FUN_0017c530,,,0,stub
0x0017c800,FUN_0017c800,,,0,stub
0x0017c880,FUN_0017c880,,,0,stub
0x0017c990,FUN_0017c990,,,0,stub
0x0017ca00,FUN_0017ca00,,,0,stub
0x0017ca60,FUN_0017ca60,,,0,stub
0x0017cbe0,FUN_0017cbe0,,,0,stub
0x0017cdb0,FUN_0017cdb0,,,0,stub
0x0017cea0,FUN_0017cea0,,,0,stub
0x0017cf00,FUN_0017cf00,,,0,stub
0x0017d1d0,FUN_0017d1d0,,,0,stub
0x0017d7a0,FUN_0017d7a0,,,0,stub
0x0017d860,FUN_0017d860,,,0,stub
0x0017d8c0,FUN_0017d8c0,,,0,stub
0x0017d970,FUN_0017d970,,,0,stub
0x0017da80,FUN_0017da80,,,0,stub
0x0017daf0,FUN_0017daf0,,,0,stub
0x0017db50,FUN_0017db50,,,0,stub
0x0017dd00,FUN_0017dd00,,,0,stub
0x0017dfb0,FUN_0017dfb0,,,0,stub
0x0017e020,FUN_0017e020,,,0,stub
0x0017e080,FUN_0017e080,,,0,stub
0x0017e2e0,FUN_0017e2e0,,,0,stub
0x0017e3d0,FUN_0017e3d0,,,0,stub
0x0017e750,FUN_0017e750,,,0,stub
0x0017e800,FUN_0017e800,,,0,stub
0x0017ea30,FUN_0017ea30,,,0,stub
0x0017ead0,FUN_0017ead0,,,0,stub
0x0017eb30,FUN_0017eb30,,,0,stub
0x0017ed00,FUN_0017ed00,,,0,stub
0x0017f560,FUN_0017f560,,,0,stub
0x0017f5a0,FUN_0017f5a0,,,0,stub
0x0017f600,FUN_0017f600,,,0,stub
0x0017f730,FUN_0017f730,,,0,stub
0x0017f7a0,FUN_0017f7a0,,,0,stub
0x0017f800,FUN_0017f800,,,0,stub
0x0017fa00,FUN_0017fa00,,,0,stub
0x0017fcf0,FUN_0017fcf0,,,0,stub
0x0017fd40,FUN_0017fd40,,,0,stub
0x0017fda0,FUN_0017fda0,,,0,stub
0x0017fee0,FUN_0017fee0,,,0,stub
0x00180310,FUN_00180310,,,0,stub
0x00180360,FUN_00180360,,,0,stub
0x001803c0,FUN_001803c0,,,0,stub
0x00180470,FUN_00180470,,,0,stub
0x001804d0,FUN_001804d0,,,0,stub
0x00180560,FUN_00180560,,,0,stub
0x00180770,FUN_00180770,,,0,stub
0x00180b30,FUN_00180b30,,,0,stub
0x00180c50,FUN_00180c50,,,0,stub
0x00180f70,FUN_00180f70,,,0,stub
0x00181060,FUN_00181060,,,0,stub
0x001810e0,FUN_001810e0,,,0,stub
0x00181540,FUN_00181540,,,0,stub
0x00181670,FUN_00181670,,,0,stub
0x001819e0,FUN_001819e0,,,0,stub
0x00181c70,FUN_00181c70,,,0,stub
0x00181f80,FUN_00181f80,,,0,stub
0x001820c0,FUN_001820c0,,,0,stub
0x00182160,FUN_00182160,,,0,stub
0x00182200,FUN_00182200,,,0,stub
0x00182250,FUN_00182250,,,0,stub
0x001822e0,FUN_001822e0,,,0,stub
0x00182440,FUN_00182440,,,0,stub
0x001824b0,FUN_001824b0,,,0,stub
0x00182520,FUN_00182520,,,0,stub
0x00182590,FUN_00182590,,,0,stub
0x00182710,FUN_00182710,,,0,stub
0x00182ae0,FUN_00182ae0,,,0,stub
0x00182ba0,FUN_00182ba0,,,0,stub
0x00182d50,FUN_00182d50,,,0,stub
0x00182f10,FUN_00182f10,,,0,stub
0x001836a0,FUN_001836a0,,,0,stub
0x00183720,FUN_00183720,,,0,stub
0x001837b0,FUN_001837b0,,,0,stub
0x00183a30,FUN_00183a30,,,0,stub
0x00183ee0,FUN_00183ee0,,,0,stub
0x00183f70,FUN_00183f70,,,0,stub
0x00183fe0,FUN_00183fe0,,,0,stub
0x00184030,FUN_00184030,,,0,stub
0x001840c0,FUN_001840c0,,,0,stub
0x00184180,FUN_00184180,,,0,stub
0x001843d0,FUN_001843d0,,,0,stub
0x00184570,FUN_00184570,,,0,stub
0x00184670,FUN_00184670,,,0,stub
0x00184850,FUN_00184850,,,0,stub
0x00185120,FUN_00185120,,,0,stub
0x001851a0,FUN_001851a0,,,0,stub
0x001858a0,FUN_001858a0,,,0,stub
0x00185b80,FUN_00185b80,,,0,stub
0x00185ed0,FUN_00185ed0,,,0,stub
0x00185f50,FUN_00185f50,,,0,stub
0x001863c0,FUN_001863c0,,,0,stub
0x001865c0,FUN_001865c0,,,0,stub
0x00186680,FUN_00186680,,,0,stub
0x00186710,FUN_00186710,,,0,stub
0x00186890,FUN_00186890,,,0,stub
0x00186af0,FUN_00186af0,,,0,stub
0x00186db0,FUN_00186db0,,,0,stub
0x00186e70,FUN_00186e70,,,0,stub
0x001874d0,FUN_001874d0,,,0,stub
0x00187600,FUN_00187600,,,0,stub
0x001876e0,FUN_001876e0,,,0,stub
0x00187b20,FUN_00187b20,,,0,stub
0x00187d30,FUN_00187d30,,,0,stub
0x00187e40,FUN_00187e40,,,0,stub
0x001886f0,FUN_001886f0,,,0,stub
0x001888a0,FUN_001888a0,,,0,stub
0x00188950,FUN_00188950,,,0,stub
0x001889a0,FUN_001889a0,,,0,stub
0x00188fc0,FUN_00188fc0,,,0,stub
0x00189030,FUN_00189030,,,0,stub
0x00189130,FUN_00189130,,,0,stub
0x00189170,FUN_00189170,,,0,stub
0x001892e0,FUN_001892e0,,,0,stub
0x001893f0,FUN_001893f0,,,0,stub
0x00189450,FUN_00189450,,,0,stub
0x001894f0,FUN_001894f0,,,0,stub
0x00189720,FUN_00189720,,,0,stub
0x00189790,FUN_00189790,,,0,stub
0x00189830,FUN_00189830,,,0,stub
0x00189900,FUN_00189900,,,0,stub
0x00189aa0,FUN_00189aa0,,,0,stub
0x00189c30,FUN_00189c30,,,0,stub
0x00189c60,FUN_00189c60,,,0,stub
0x00189d90,FUN_00189d90,,,0,stub
0x00189dd0,FUN_00189dd0,,,0,stub
0x00189e20,FUN_00189e20,,,0,stub
0x00189e90,FUN_00189e90,,,0,stub
0x00189fc0,FUN_00189fc0,,,0,stub
0x0018a100,FUN_0018a100,,,0,stub
0x0018a480,FUN_0018a480,,,0,stub
0x0018a4c0,FUN_0018a4c0,,,0,stub
0x0018a510,FUN_0018a510,,,0,stub
0x0018a570,FUN_0018a570,,,0,stub
0x0018a970,FUN_0018a970,,,0,stub
0x0018ab80,FUN_0018ab80,,,0,stub
0x0018ad20,FUN_0018ad20,,,0,stub
0x0018aee0,FUN_0018aee0,,,0,stub
0x0018af00,FUN_0018af00,,,0,stub
0x0018af40,FUN_0018af40,,,0,stub
0x0018af80,FUN_0018af80,,,0,stub
0x0018b000,FUN_0018b000,,,0,stub
0x0018b0a0,FUN_0018b0a0,,,0,stub
0x0018b120,FUN_0018b120,,,0,stub
0x0018b1f0,FUN_0018b1f0,,,0,stub
0x0018b290,FUN_0018b290,,,0,stub
0x0018b540,FUN_0018b540,,,0,stub
0x0018b580,FUN_0018b580,,,0,stub
0x0018b5d0,FUN_0018b5d0,,,0,stub
0x0018b620,FUN_0018b620,,,0,stub
0x0018b6e0,FUN_0018b6e0,,,0,stub
0x0018b730,FUN_0018b730,,,0,stub
0x0018b9f0,FUN_0018b9f0,,,0,stub
0x0018bb20,FUN_0018bb20,,,0,stub
0x0018bd40,FUN_0018bd40,,,0,stub
0x0018bd80,FUN_0018bd80,,,0,stub
0x0018bdd0,FUN_0018bdd0,,,0,stub
0x0018be40,FUN_0018be40,,,0,stub
0x0018bf70,FUN_0018bf70,,,0,stub
0x0018bfd0,FUN_0018bfd0,,,0,stub
0x0018c050,FUN_0018c050,,,0,stub
0x0018c090,FUN_0018c090,,,0,stub
0x0018c0e0,FUN_0018c0e0,,,0,stub
0x0018c2a0,FUN_0018c2a0,,,0,stub
0x0018c360,FUN_0018c360,,,0,stub
0x0018c3e0,FUN_0018c3e0,,,0,stub
0x0018c4b0,FUN_0018c4b0,,,0,stub
0x0018c4d0,FUN_0018c4d0,,,0,stub
0x0018c570,FUN_0018c570,,,0,stub
0x0018c750,FUN_0018c750,,,0,stub
0x0018cb10,FUN_0018cb10,,,0,stub
0x0018cb60,FUN_0018cb60,,,0,stub
0x0018ccb0,FUN_0018ccb0,,,0,stub
0x0018d5f0,FUN_0018d5f0,,,0,stub
0x0018d690,FUN_0018d690,,,0,stub
0x0018d6d0,FUN_0018d6d0,,,0,stub
0x0018d730,FUN_0018d730,,,0,stub
0x0018dc20,FUN_0018dc20,,,0,stub
0x0018dc60,FUN_0018dc60,,,0,stub
0x0018dcb0,FUN_0018dcb0,,,0,stub
0x0018dd10,FUN_0018dd10,,,0,stub
0x0018ddd0,FUN_0018ddd0,,,0,stub
0x0018dfa0,FUN_0018dfa0,,,0,stub
0x0018dff0,FUN_0018dff0,,,0,stub
0x0018e030,FUN_0018e030,,,0,stub
0x0018e080,FUN_0018e080,,,0,stub
0x0018e0f0,FUN_0018e0f0,,,0,stub
0x0018e3e0,FUN_0018e3e0,,,0,stub
0x0018e480,FUN_0018e480,,,0,stub
0x0018e530,FUN_0018e530,,,0,stub
0x0018e570,FUN_0018e570,,,0,stub
0x0018e5e0,FUN_0018e5e0,,,0,stub
0x0018e650,FUN_0018e650,,,0,stub
0x0018e700,FUN_0018e700,,,0,stub
0x0018e760,FUN_0018e760,,,0,stub
0x0018e7e0,FUN_0018e7e0,,,0,stub
0x0018e820,FUN_0018e820,,,0,stub
0x0018e870,FUN_0018e870,,,0,stub
0x0018e8e0,FUN_0018e8e0,,,0,stub
0x0018eac0,FUN_0018eac0,,,0,stub
0x0018eb20,FUN_0018eb20,,,0,stub
0x0018eb60,FUN_0018eb60,,,0,stub
0x0018ebb0,FUN_0018ebb0,,,0,stub
0x0018ec20,FUN_0018ec20,,,0,stub
0x0018ecf0,FUN_0018ecf0,,,0,stub
0x0018ed50,FUN_0018ed50,,,0,stub
0x0018ed90,FUN_0018ed90,,,0,stub
0x0018ede0,FUN_0018ede0,,,0,stub
0x0018ee80,FUN_0018ee80,,,0,stub
0x0018f100,FUN_0018f100,,,0,stub
0x0018f230,FUN_0018f230,,,0,stub
0x0018f460,FUN_0018f460,,,0,stub
0x0018f4c0,FUN_0018f4c0,,,0,stub
0x0018f5b0,FUN_0018f5b0,,,0,stub
0x0018f800,FUN_0018f800,,,0,stub
0x0018f880,FUN_0018f880,,,0,stub
0x0018f8d0,FUN_0018f8d0,,,0,stub
0x0018f980,FUN_0018f980,,,0,stub
0x0018fbb0,FUN_0018fbb0,,,0,stub
0x0018fcd0,FUN_0018fcd0,,,0,stub
0x0018fe40,FUN_0018fe40,,,0,stub
0x0018fed0,FUN_0018fed0,,,0,stub
0x00190280,FUN_00190280,,,0,stub
0x001904c0,FUN_001904c0,,,0,stub
0x00190540,FUN_00190540,,,0,stub
0x00190670,FUN_00190670,,,0,stub
0x00190f60,FUN_00190f60,,,0,stub
0x001911b0,FUN_001911b0,,,0,stub
0x001911f0,FUN_001911f0,,,0,stub
0x00191bc0,FUN_00191bc0,,,0,stub
0x00191f60,FUN_00191f60,,,0,stub
0x00192220,FUN_00192220,,,0,stub
0x00192650,FUN_00192650,,,0,stub
0x00192840,FUN_00192840,,,0,stub
0x00192960,FUN_00192960,,,0,stub
0x00192c80,FUN_00192c80,,,0,stub
0x00192d40,FUN_00192d40,,,0,stub
0x00192d70,FUN_00192d70,,,0,stub
0x00192e80,FUN_00192e80,,,0,stub
0x00192fc0,FUN_00192fc0,,,0,stub
0x001936b0,FUN_001936b0,,,0,stub
0x001938d0,FUN_001938d0,,,0,stub
0x00194280,FUN_00194280,,,0,stub
0x001944c0,FUN_001944c0,,,0,stub
0x00194720,FUN_00194720,,,0,stub
0x00194850,FUN_00194850,,,0,stub
0x001948d0,FUN_001948d0,,,0,stub
0x001949b0,FUN_001949b0,,,0,stub
0x00194bc0,FUN_00194bc0,,,0,stub
0x00194d20,FUN_00194d20,,,0,stub
0x00194dd0,FUN_00194dd0,,,0,stub
0x00194fd0,FUN_00194fd0,,,0,stub
0x00195410,FUN_00195410,,,0,stub
0x00195900,FUN_00195900,,,0,stub
0x00195e50,FUN_00195e50,,,0,stub
0x00196280,FUN_00196280,,,0,stub
0x00196690,FUN_00196690,,,0,stub
0x00196700,FUN_00196700,,,0,stub
0x00196800,FUN_00196800,,,0,stub
0x00196890,FUN_00196890,,,0,stub
0x00196b40,FUN_00196b40,,,0,stub
0x001972a0,FUN_001972a0,,,0,stub
0x00197300,FUN_00197300,,,0,stub
0x00197510,FUN_00197510,,,0,stub
0x001979d0,FUN_001979d0,,,0,stub
0x00197d50,FUN_00197d50,,,0,stub
0x00197e30,FUN_00197e30,,,0,stub
0x00198720,FUN_00198720,,,0,stub
0x00198ac0,FUN_00198ac0,,,0,stub
0x00198b60,FUN_00198b60,,,0,stub
0x00198bf0,FUN_00198bf0,,,0,stub
0x00198d50,FUN_00198d50,,,0,stub
0x00198f80,FUN_00198f80,,,0,stub
0x00199120,FUN_00199120,,,0,stub
0x00199220,FUN_00199220,,,0,stub
0x00199330,FUN_00199330,,,0,stub
0x00199c90,FUN_00199c90,,,0,stub
0x0019a440,FUN_0019a440,,,0,stub
0x0019a780,FUN_0019a780,,,0,stub
0x0019a890,FUN_0019a890,,,0,stub
0x0019a8e0,FUN_0019a8e0,,,0,stub
0x0019a9e0,FUN_0019a9e0,,,0,stub
0x0019bf40,FUN_0019bf40,,,0,stub
0x0019c420,FUN_0019c420,,,0,stub
0x0019c850,FUN_0019c850,,,0,stub
0x0019c8d0,FUN_0019c8d0,,,0,stub
0x0019cb20,FUN_0019cb20,,,0,stub
0x0019cb90,FUN_0019cb90,,,0,stub
0x0019d000,FUN_0019d000,,,0,stub
0x0019d1b0,FUN_0019d1b0,,,0,stub
0x0019d450,FUN_0019d450,,,0,stub
0x0019d5d0,FUN_0019d5d0,,,0,stub
0x0019d700,FUN_0019d700,,,0,stub
0x0019d780,FUN_0019d780,,,0,stub
0x0019daf0,FUN_0019daf0,,,0,stub
0x0019dc10,FUN_0019dc10,,,0,stub
0x0019df40,FUN_0019df40,,,0,stub
0x0019dfb0,FUN_0019dfb0,,,0,stub
0x0019e060,FUN_0019e060,,,0,stub
0x0019e0d0,FUN_0019e0d0,,,0,stub
0x0019e280,FUN_0019e280,,,0,stub
0x0019e410,FUN_0019e410,,,0,stub
0x0019e8b0,FUN_0019e8b0,,,0,stub
0x0019e950,FUN_0019e950,,,0,stub
0x0019e9b0,FUN_0019e9b0,,,0,stub
0x0019eb20,FUN_0019eb20,,,0,stub
0x0019ec70,FUN_0019ec70,,,0,stub
0x0019efb0,FUN_0019efb0,,,0,stub
0x0019f050,FUN_0019f050,,,0,stub
0x0019f0b0,FUN_0019f0b0,,,0,stub
0x0019f1f0,FUN_0019f1f0,,,0,stub
0x0019f310,FUN_0019f310,,,0,stub
0x0019f650,FUN_0019f650,,,0,stub
0x0019f6f0,FUN_0019f6f0,,,0,stub
0x0019f770,FUN_0019f770,,,0,stub
0x0019f8e0,FUN_0019f8e0,,,0,stub
0x0019fa30,FUN_0019fa30,,,0,stub
0x0019fd90,FUN_0019fd90,,,0,stub
0x0019fe00,FUN_0019fe00,,,0,stub
0x0019fe40,FUN_0019fe40,,,0,stub
0x0019feb0,FUN_0019feb0,,,0,stub
0x001a08d0,FUN_001a08d0,,,0,stub
0x001a0930,FUN_001a0930,,,0,stub
0x001a0a40,FUN_001a0a40,,,0,stub
0x001a0ae0,FUN_001a0ae0,,,0,stub
0x001a0b20,FUN_001a0b20,,,0,stub
0x001a0ca0,FUN_001a0ca0,,,0,stub
0x001a0d50,FUN_001a0d50,,,0,stub
0x001a0da0,FUN_001a0da0,,,0,stub
0x001a0ed0,FUN_001a0ed0,,,0,stub
0x001a0f30,FUN_001a0f30,,,0,stub
0x001a1150,FUN_001a1150,,,0,stub
0x001a1220,FUN_001a1220,,,0,stub
0x001a13d0,FUN_001a13d0,,,0,stub
0x001a1a40,FUN_001a1a40,,,0,stub
0x001a1d40,FUN_001a1d40,,,0,stub
0x001a1d90,FUN_001a1d90,,,0,stub
0x001a1e20,FUN_001a1e20,,,0,stub
0x001a1e80,FUN_001a1e80,,,0,stub
0x001a1ee0,FUN_001a1ee0,,,0,stub
0x001a1f20,FUN_001a1f20,,,0,stub
0x001a1fa0,FUN_001a1fa0,,,0,stub
0x001a20c0,FUN_001a20c0,,,0,stub
0x001a2110,FUN_001a2110,,,0,stub
0x001a2220,FUN_001a2220,,,0,stub
0x001a23f0,FUN_001a23f0,,,0,stub
0x001a2810,FUN_001a2810,,,0,stub
0x001a2850,FUN_001a2850,,,0,stub
0x001a28b0,FUN_001a28b0,,,0,stub
0x001a29f0,FUN_001a29f0,,,0,stub
0x001a2d90,FUN_001a2d90,,,0,stub
0x001a2dc0,FUN_001a2dc0,,,0,stub
0x001a2e10,FUN_001a2e10,,,0,stub
0x001a2e50,FUN_001a2e50,,,0,stub
0x001a32d0,FUN_001a32d0,,,0,stub
0x001a33d0,FUN_001a33d0,,,0,stub
0x001a34d0,FUN_001a34d0,,,0,stub
0x001a3530,FUN_001a3530,,,0,stub
0x001a36b0,FUN_001a36b0,,,0,stub
0x001a3810,FUN_001a3810,,,0,stub
0x001a38a0,FUN_001a38a0,,,0,stub
0x001a3b90,FUN_001a3b90,,,0,stub
0x001a3c30,FUN_001a3c30,,,0,stub
0x001a3d90,FUN_001a3d90,,,0,stub
0x001a3eb0,FUN_001a3eb0,,,0,stub
0x001a3fb0,FUN_001a3fb0,,,0,stub
0x001a4040,FUN_001a4040,,,0,stub
0x001a4140,FUN_001a4140,,,0,stub
0x001a4200,FUN_001a4200,,,0,stub
0x001a43a0,FUN_001a43a0,,,0,stub
0x001a4470,FUN_001a4470,,,0,stub
0x001a4520,FUN_001a4520,,,0,stub
0x001a4630,FUN_001a4630,,,0,stub
0x001a46b0,FUN_001a46b0,,,0,stub
0x001a4720,FUN_001a4720,,,0,stub
0x001a4790,FUN_001a4790,,,0,stub
0x001a4800,FUN_001a4800,,,0,stub
0x001a4870,FUN_001a4870,,,0,stub
0x001a48e0,FUN_001a48e0,,,0,stub
0x001a4950,FUN_001a4950,,,0,stub
0x001a49c0,FUN_001a49c0,,,0,stub
0x001a4a30,FUN_001a4a30,,,0,stub
0x001a4aa0,FUN_001a4aa0,,,0,stub
0x001a4b10,FUN_001a4b10,,,0,stub
0x001a4b80,FUN_001a4b80,,,0,stub
0x001a4bf0,FUN_001a4bf0,,,0,stub
0x001a4c60,FUN_001a4c60,,,0,stub
0x001a4cd0,FUN_001a4cd0,,,0,stub
0x001a4d40,FUN_001a4d40,,,0,stub
0x001a4db0,FUN_001a4db0,,,0,stub
0x001a4e20,FUN_001a4e20,,,0,stub
0x001a4e90,FUN_001a4e90,,,0,stub
0x001a4f00,FUN_001a4f00,,,0,stub
0x001a4f70,FUN_001a4f70,,,0,stub
0x001a4ff0,FUN_001a4ff0,,,0,stub
0x001a5060,FUN_001a5060,,,0,stub
0x001a50d0,FUN_001a50d0,,,0,stub
0x001a5150,FUN_001a5150,,,0,stub
0x001a51d0,FUN_001a51d0,,,0,stub
0x001a5250,FUN_001a5250,,,0,stub
0x001a52c0,FUN_001a52c0,,,0,stub
0x001a5330,FUN_001a5330,,,0,stub
0x001a53a0,FUN_001a53a0,,,0,stub
0x001a5410,FUN_001a5410,,,0,stub
0x001a5480,FUN_001a5480,,,0,stub
0x001a54f0,FUN_001a54f0,,,0,stub
0x001a5570,FUN_001a5570,,,0,stub
0x001a55e0,FUN_001a55e0,,,0,stub
0x001a5840,FUN_001a5840,,,0,stub
0x001a58e0,FUN_001a58e0,,,0,stub
0x001a59c0,FUN_001a59c0,,,0,stub
0x001a5a00,FUN_001a5a00,,,0,stub
0x001a5ab0,FUN_001a5ab0,,,0,stub
0x001a5b40,FUN_001a5b40,,,0,stub
0x001a5cf0,FUN_001a5cf0,,,0,stub
0x001a5ef0,FUN_001a5ef0,,,0,stub
0x001a6110,FUN_001a6110,,,0,stub
0x001a61d0,FUN_001a61d0,,,0,stub
0x001a6330,FUN_001a6330,,,0,stub
0x001a63a0,FUN_001a63a0,,,0,stub
0x001a6440,FUN_001a6440,,,0,stub
0x001a64b0,FUN_001a64b0,,,0,stub
0x001a66f0,FUN_001a66f0,,,0,stub
0x001a6900,FUN_001a6900,,,0,stub
0x001a6970,FUN_001a6970,,,0,stub
0x001a6af0,FUN_001a6af0,,,0,stub
0x001a6b70,FUN_001a6b70,,,0,stub
0x001a6c20,FUN_001a6c20,,,0,stub
0x001a6ca0,FUN_001a6ca0,,,0,stub
0x001a6cf0,FUN_001a6cf0,,,0,stub
0x001a73d0,FUN_001a73d0,,,0,stub
0x001a76a0,FUN_001a76a0,,,0,stub
0x001a7890,FUN_001a7890,,,0,stub
0x001a7900,FUN_001a7900,,,0,stub
0x001a7980,FUN_001a7980,,,0,stub
0x001a7ad0,FUN_001a7ad0,,,0,stub
0x001a7c00,FUN_001a7c00,,,0,stub
0x001a8330,FUN_001a8330,,,0,stub
0x001a8430,FUN_001a8430,,,0,stub
0x001a84c0,FUN_001a84c0,,,0,stub
0x001a8580,FUN_001a8580,,,0,stub
0x001a8690,FUN_001a8690,,,0,stub
0x001a8730,FUN_001a8730,,,0,stub
0x001a8780,FUN_001a8780,,,0,stub
0x001a87e0,FUN_001a87e0,,,0,stub
0x001a8840,FUN_001a8840,,,0,stub
0x001a8890,FUN_001a8890,,,0,stub
0x001a8960,FUN_001a8960,,,0,stub
0x001a89c0,FUN_001a89c0,,,0,stub
0x001a8a30,FUN_001a8a30,,,0,stub
0x001a8aa0,FUN_001a8aa0,,,0,stub
0x001a8b00,FUN_001a8b00,,,0,stub
0x001a8c40,FUN_001a8c40,,,0,stub
0x001a8cb0,FUN_001a8cb0,,,0,stub
0x001a8d50,FUN_001a8d50,,,0,stub
0x001a8dc0,FUN_001a8dc0,,,0,stub
0x001a8e20,FUN_001a8e20,,,0,stub
0x001a8fa0,FUN_001a8fa0,,,0,stub
0x001a9010,FUN_001a9010,,,0,stub
0x001a9070,FUN_001a9070,,,0,stub
0x001a90a0,FUN_001a90a0,,,0,stub
0x001a90f0,FUN_001a90f0,,,0,stub
0x001a91c0,FUN_001a91c0,,,0,stub
0x001a9220,FUN_001a9220,,,0,stub
0x001a93d0,FUN_001a93d0,,,0,stub
0x001a9440,FUN_001a9440,,,0,stub
0x001a94e0,FUN_001a94e0,,,0,stub
0x001a9530,FUN_001a9530,,,0,stub
0x001a95c0,FUN_001a95c0,,,0,stub
0x001a9620,FUN_001a9620,,,0,stub
0x001a9710,FUN_001a9710,,,0,stub
0x001a9760,FUN_001a9760,,,0,stub
0x001a98c0,FUN_001a98c0,,,0,stub
0x001a9950,FUN_001a9950,,,0,stub
0x001a9990,FUN_001a9990,,,0,stub
0x001a99f0,FUN_001a99f0,,,0,stub
0x001a9a80,FUN_001a9a80,,,0,stub
0x001a9ac0,FUN_001a9ac0,,,0,stub
0x001a9b20,FUN_001a9b20,,,0,stub
0x001a9ba0,FUN_001a9ba0,,,0,stub
0x001a9be0,FUN_001a9be0,,,0,stub
0x001a9c40,FUN_001a9c40,,,0,stub
0x001a9cc0,FUN_001a9cc0,,,0,stub
0x001a9d10,FUN_001a9d10,,,0,stub
0x001a9d60,FUN_001a9d60,,,0,stub
0x001a9db0,FUN_001a9db0,,,0,stub
0x001a9e90,FUN_001a9e90,,,0,stub
0x001a9ef0,FUN_001a9ef0,,,0,stub
0x001a9fb0,FUN_001a9fb0,,,0,stub
0x001aa000,FUN_001aa000,,,0,stub
0x001aa090,FUN_001aa090,,,0,stub
0x001aa0f0,FUN_001aa0f0,,,0,stub
0x001aa290,FUN_001aa290,,,0,stub
0x001aa2e0,FUN_001aa2e0,,,0,stub
0x001aa4c0,FUN_001aa4c0,,,0,stub
0x001aa5a0,FUN_001aa5a0,,,0,stub
0x001aa7c0,FUN_001aa7c0,,,0,stub
0x001aa8a0,FUN_001aa8a0,,,0,stub
0x001aaa80,FUN_001aaa80,,,0,stub
0x001aaad0,FUN_001aaad0,,,0,stub
0x001aac70,FUN_001aac70,,,0,stub
0x001aacd0,FUN_001aacd0,,,0,stub
0x001aad40,FUN_001aad40,,,0,stub
0x001aad90,FUN_001aad90,,,0,stub
0x001aae20,FUN_001aae20,,,0,stub
0x001aae80,FUN_001aae80,,,0,stub
0x001aaf20,FUN_001aaf20,,,0,stub
0x001aaf90,FUN_001aaf90,,,0,stub
0x001aaff0,FUN_001aaff0,,,0,stub
0x001ab1a0,FUN_001ab1a0,,,0,stub
0x001ab1f0,FUN_001ab1f0,,,0,stub
0x001ab230,FUN_001ab230,,,0,stub
0x001ab2e0,FUN_001ab2e0,,,0,stub
0x001ab320,FUN_001ab320,,,0,stub
0x001ab3d0,FUN_001ab3d0,,,0,stub
0x001ab420,FUN_001ab420,,,0,stub
0x001ab470,FUN_001ab470,,,0,stub
0x001ab550,FUN_001ab550,,,0,stub
0x001ab5e0,FUN_001ab5e0,,,0,stub
0x001ab650,FUN_001ab650,,,0,stub
0x001ab6f0,FUN_001ab6f0,,,0,stub
0x001ab740,FUN_001ab740,,,0,stub
0x001ab820,FUN_001ab820,,,0,stub
0x001ab8d0,FUN_001ab8d0,,,0,stub
0x001ab920,FUN_001ab920,,,0,stub
0x001ab970,FUN_001ab970,,,0,stub
0x001abae0,FUN_001abae0,,,0,stub
0x001abc40,FUN_001abc40,,,0,stub
0x001abd80,FUN_001abd80,,,0,stub
0x001abdd0,FUN_001abdd0,,,0,stub
0x001abe70,FUN_001abe70,,,0,stub
0x001abed0,FUN_001abed0,,,0,stub
0x001abf20,FUN_001abf20,,,0,stub
0x001abf70,FUN_001abf70,,,0,stub
0x001ac050,FUN_001ac050,,,0,stub
0x001ac0b0,FUN_001ac0b0,,,0,stub
0x001ac100,FUN_001ac100,,,0,stub
0x001ac150,FUN_001ac150,,,0,stub
0x001ac1f0,FUN_001ac1f0,,,0,stub
0x001ac250,FUN_001ac250,,,0,stub
0x001ac2a0,FUN_001ac2a0,,,0,stub
0x001ac2f0,FUN_001ac2f0,,,0,stub
0x001ac3a0,FUN_001ac3a0,,,0,stub
0x001ac470,FUN_001ac470,,,0,stub
0x001ac530,FUN_001ac530,,,0,stub
0x001ac6a0,FUN_001ac6a0,,,0,stub
0x001ace20,FUN_001ace20,,,0,stub
0x001acee0,FUN_001acee0,,,0,stub
0x001acf80,FUN_001acf80,,,0,stub
0x001ad0b0,FUN_001ad0b0,,,0,stub
0x001ad1a0,FUN_001ad1a0,,,0,stub
0x001ad3f0,FUN_001ad3f0,,,0,stub
0x001ad4b0,FUN_001ad4b0,,,0,stub
0x001ad680,FUN_001ad680,,,0,stub
0x001ad860,FUN_001ad860,,,0,stub
0x001ad950,FUN_001ad950,,,0,stub
0x001ad980,FUN_001ad980,,,0,stub
0x001adb50,FUN_001adb50,,,0,stub
0x001adcc0,FUN_001adcc0,,,0,stub
0x001add50,FUN_001add50,,,0,stub
0x001ade50,FUN_001ade50,,,0,stub
0x001ae340,FUN_001ae340,,,0,stub
0x001ae9d0,FUN_001ae9d0,,,0,stub
0x001aeb90,FUN_001aeb90,,,0,stub
0x001aec10,FUN_001aec10,,,0,stub
0x001aec60,FUN_001aec60,,,0,stub
0x001aecd0,FUN_001aecd0,,,0,stub
0x001aed90,FUN_001aed90,,,0,stub
0x001aeef0,FUN_001aeef0,,,0,stub
0x001aefc0,FUN_001aefc0,,,0,stub
0x001af290,FUN_001af290,,,0,stub
0x001af570,FUN_001af570,,,0,stub
0x001af8f0,FUN_001af8f0,,,0,stub
0x001af930,FUN_001af930,,,0,stub
0x001af9b0,FUN_001af9b0,,,0,stub
0x001afb50,FUN_001afb50,,,0,stub
0x001afba0,FUN_001afba0,,,0,stub
0x001afc30,FUN_001afc30,,,0,stub
0x001b0740,FUN_001b0740,,,0,stub
0x001b07c0,FUN_001b07c0,,,0,stub
0x001b0840,FUN_001b0840,,,0,stub
0x001b0b50,FUN_001b0b50,,,0,stub
0x001b0d10,FUN_001b0d10,,,0,stub
0x001b0d50,FUN_001b0d50,,,0,stub
0x001b0f40,FUN_001b0f40,,,0,stub
0x001b0f80,FUN_001b0f80,,,0,stub
0x001b1000,FUN_001b1000,,,0,stub
0x001b10c0,FUN_001b10c0,,,0,stub
0x001b1120,FUN_001b1120,,,0,stub
0x001b11a0,FUN_001b11a0,,,0,stub
0x001b11f0,FUN_001b11f0,,,0,stub
0x001b1420,FUN_001b1420,,,0,stub
0x001b1b00,FUN_001b1b00,,,0,stub
0x001b1d80,FUN_001b1d80,,,0,stub
0x001b1e10,FUN_001b1e10,,,0,stub
0x001b2330,FUN_001b2330,,,0,stub
0x001b28e0,FUN_001b28e0,,,0,stub
0x001b3080,FUN_001b3080,,,0,stub
0x001b3510,FUN_001b3510,,,0,stub
0x001b3940,FUN_001b3940,,,0,stub
0x001b3b70,FUN_001b3b70,,,0,stub
0x001b46e0,FUN_001b46e0,,,0,stub
0x001b5320,FUN_001b5320,,,0,stub
0x001b5580,FUN_001b5580,,,0,stub
0x001b59b0,FUN_001b59b0,,,0,stub
0x001b5ce0,FUN_001b5ce0,,,0,stub
0x001b6010,FUN_001b6010,,,0,stub
0x001b6500,FUN_001b6500,,,0,stub
0x001b68c0,FUN_001b68c0,,,0,stub
0x001b6fe0,FUN_001b6fe0,,,0,stub
0x001b7030,FUN_001b7030,,,0,stub
0x001b7140,FUN_001b7140,,,0,stub
0x001b71a0,FUN_001b71a0,,,0,stub
0x001b71e0,FUN_001b71e0,,,0,stub
0x001b7260,FUN_001b7260,,,0,stub
0x001b7330,FUN_001b7330,,,0,stub
0x001b7400,FUN_001b7400,,,0,stub
0x001b75b0,FUN_001b75b0,,,0,stub
0x001b7620,FUN_001b7620,,,0,stub
0x001b7720,FUN_001b7720,,,0,stub
0x001b7780,FUN_001b7780,,,0,stub
0x001b77e0,FUN_001b77e0,,,0,stub
0x001b7ac0,FUN_001b7ac0,,,0,stub
0x001b7b30,FUN_001b7b30,,,0,stub
0x001b7dd0,FUN_001b7dd0,,,0,stub
0x001b8270,FUN_001b8270,,,0,stub
0x001b8380,FUN_001b8380,,,0,stub
0x001b83e0,FUN_001b83e0,,,0,stub
0x001b8440,FUN_001b8440,,,0,stub
0x001b8600,FUN_001b8600,,,0,stub
0x001b8990,FUN_001b8990,,,0,stub
0x001b8b60,FUN_001b8b60,,,0,stub
0x001b8bc0,FUN_001b8bc0,,,0,stub
0x001b8c00,FUN_001b8c00,,,0,stub
0x001b8cc0,FUN_001b8cc0,,,0,stub
0x001b8d30,FUN_001b8d30,,,0,stub
0x001b8da0,FUN_001b8da0,,,0,stub
0x001b8e90,FUN_001b8e90,,,0,stub
0x001b8ed0,FUN_001b8ed0,,,0,stub
0x001b8f20,FUN_001b8f20,,,0,stub
0x001b8f60,FUN_001b8f60,,,0,stub
0x001b8fc0,FUN_001b8fc0,,,0,stub
0x001b9010,FUN_001b9010,,,0,stub
0x001b9050,FUN_001b9050,,,0,stub
0x001b9110,FUN_001b9110,,,0,stub
0x001b9180,FUN_001b9180,,,0,stub
0x001b91f0,FUN_001b91f0,,,0,stub
0x001b94d0,FUN_001b94d0,,,0,stub
0x001b9680,FUN_001b9680,,,0,stub
0x001b9b10,FUN_001b9b10,,,0,stub
0x001ba060,FUN_001ba060,,,0,stub
0x001ba0b0,FUN_001ba0b0,,,0,stub
0x001ba0f0,FUN_001ba0f0,,,0,stub
0x001ba150,FUN_001ba150,,,0,stub
0x001ba1a0,FUN_001ba1a0,,,0,stub
0x001ba210,FUN_001ba210,,,0,stub
0x001ba400,FUN_001ba400,,,0,stub
0x001ba4b0,FUN_001ba4b0,,,0,stub
0x001ba650,FUN_001ba650,,,0,stub
0x001ba6f0,FUN_001ba6f0,,,0,stub
0x001ba920,FUN_001ba920,,,0,stub
0x001ba9d0,FUN_001ba9d0,,,0,stub
0x001baca0,FUN_001baca0,,,0,stub
0x001bad00,FUN_001bad00,,,0,stub
0x001bb020,FUN_001bb020,,,0,stub
0x001bb070,FUN_001bb070,,,0,stub
0x001bb0f0,FUN_001bb0f0,,,0,stub
0x001bb130,FUN_001bb130,,,0,stub
0x001bb2f0,FUN_001bb2f0,,,0,stub
0x001bb5d0,FUN_001bb5d0,,,0,stub
0x001bb8b0,FUN_001bb8b0,,,0,stub
0x001bb950,FUN_001bb950,,,0,stub
0x001bb9b0,FUN_001bb9b0,,,0,stub
0x001bba00,FUN_001bba00,,,0,stub
0x001bba80,FUN_001bba80,,,0,stub
0x001bbc00,FUN_001bbc00,,,0,stub
0x001bbce0,FUN_001bbce0,,,0,stub
0x001bbe70,FUN_001bbe70,,,0,stub
0x001bc350,FUN_001bc350,,,0,stub
0x001bc3b0,FUN_001bc3b0,,,0,stub
0x001bc5e0,FUN_001bc5e0,,,0,stub
0x001bca80,FUN_001bca80,,,0,stub
0x001bcb20,FUN_001bcb20,,,0,stub
0x001bcb90,FUN_001bcb90,,,0,stub
0x001bccd0,FUN_001bccd0,,,0,stub
0x001bcd20,FUN_001bcd20,,,0,stub
0x001bcea0,FUN_001bcea0,,,0,stub
0x001bcf40,FUN_001bcf40,,,0,stub
0x001bcfc0,FUN_001bcfc0,,,0,stub
0x001bd100,FUN_001bd100,,,0,stub
0x001bd320,FUN_001bd320,,,0,stub
0x001bd380,FUN_001bd380,,,0,stub
0x001bd540,FUN_001bd540,,,0,stub
0x001bd620,FUN_001bd620,,,0,stub
0x001bd690,FUN_001bd690,,,0,stub
0x001bd780,FUN_001bd780,,,0,stub
0x001bd830,FUN_001bd830,,,0,stub
0x001bd8b0,FUN_001bd8b0,,,0,stub
0x001bd9a0,FUN_001bd9a0,,,0,stub
0x001bda50,FUN_001bda50,,,0,stub
0x001bdbc0,FUN_001bdbc0,,,0,stub
0x001bdc60,FUN_001bdc60,,,0,stub
0x001be1b0,FUN_001be1b0,,,0,stub
0x001be700,FUN_001be700,,,0,stub
0x001be8c0,FUN_001be8c0,,,0,stub
0x001be970,FUN_001be970,,,0,stub
0x001be9c0,FUN_001be9c0,,,0,stub
0x001bea60,FUN_001bea60,,,0,stub
0x001beb70,FUN_001beb70,,,0,stub
0x001bebc0,FUN_001bebc0,,,0,stub
0x001bec10,FUN_001bec10,,,0,stub
0x001bed80,FUN_001bed80,,,0,stub
0x001bee70,FUN_001bee70,,,0,stub
0x001bf050,FUN_001bf050,,,0,stub
0x001bf0f0,FUN_001bf0f0,,,0,stub
0x001bf2b0,FUN_001bf2b0,,,0,stub
0x001bf2f0,FUN_001bf2f0,,,0,stub
0x001bf5f0,FUN_001bf5f0,,,0,stub
0x001bf650,FUN_001bf650,,,0,stub
0x001bf9f0,FUN_001bf9f0,,,0,stub
0x001bfa50,FUN_001bfa50,,,0,stub
0x001bfb80,FUN_001bfb80,,,0,stub
0x001bfc00,FUN_001bfc00,,,0,stub
0x001bfc70,FUN_001bfc70,,,0,stub
0x001bfce0,FUN_001bfce0,,,0,stub
0x001bfd80,FUN_001bfd80,,,0,stub
0x001bfec0,FUN_001bfec0,,,0,stub
0x001bff00,FUN_001bff00,,,0,stub
0x001bff50,FUN_001bff50,,,0,stub
0x001c0020,FUN_001c0020,,,0,stub
0x001c0270,FUN_001c0270,,,0,stub
0x001c0400,FUN_001c0400,,,0,stub
0x001c0b70,FUN_001c0b70,,,0,stub
0x001c0bd0,FUN_001c0bd0,,,0,stub
0x001c0d60,FUN_001c0d60,,,0,stub
0x001c1230,FUN_001c1230,,,0,stub
0x001c13f0,FUN_001c13f0,,,0,stub
0x001c1440,FUN_001c1440,,,0,stub
0x001c1a00,FUN_001c1a00,,,0,stub
0x001c1f50,FUN_001c1f50,,,0,stub
0x001c2040,FUN_001c2040,,,0,stub
0x001c2120,FUN_001c2120,,,0,stub
0x001c2830,FUN_001c2830,,,0,stub
0x001c2880,FUN_001c2880,,,0,stub
0x001c2d70,FUN_001c2d70,,,0,stub
0x001c2e80,FUN_001c2e80,,,0,stub
0x001c2ef0,FUN_001c2ef0,,,0,stub
0x001c3010,FUN_001c3010,,,0,stub
0x001c3130,FUN_001c3130,,,0,stub
0x001c31f0,FUN_001c31f0,,,0,stub
0x001c33f0,FUN_001c33f0,,,0,stub
0x001c34b0,FUN_001c34b0,,,0,stub
0x001c35d0,FUN_001c35d0,,,0,stub
0x001c3650,FUN_001c3650,,,0,stub
0x001c3860,FUN_001c3860,,,0,stub
0x001c39e0,FUN_001c39e0,,,0,stub
0x001c3a60,FUN_001c3a60,,,0,stub
0x001c3c50,FUN_001c3c50,,,0,stub
0x001c3cd0,FUN_001c3cd0,,,0,stub
0x001c3f40,FUN_001c3f40,,,0,stub
0x001c4060,FUN_001c4060,,,0,stub
0x001c41d0,FUN_001c41d0,,,0,stub
0x001c4240,FUN_001c4240,,,0,stub
0x001c4660,FUN_001c4660,,,0,stub
0x001c4890,FUN_001c4890,,,0,stub
0x001c4960,FUN_001c4960,,,0,stub
0x001c49d0,FUN_001c49d0,,,0,stub
0x001c4a50,FUN_001c4a50,,,0,stub
0x001c4aa0,FUN_001c4aa0,,,0,stub
0x001c4b10,FUN_001c4b10,,,0,stub
0x001c4b90,FUN_001c4b90,,,0,stub
0x001c4c00,FUN_001c4c00,,,0,stub
0x001c4c90,FUN_001c4c90,,,0,stub
0x001c4f30,FUN_001c4f30,,,0,stub
0x001c4f90,FUN_001c4f90,,,0,stub
0x001c5070,FUN_001c5070,,,0,stub
0x001c50c0,FUN_001c50c0,,,0,stub
0x001c5110,FUN_001c5110,,,0,stub
0x001c5150,FUN_001c5150,,,0,stub
0x001c51b0,FUN_001c51b0,,,0,stub
0x001c5220,FUN_001c5220,,,0,stub
0x001c52a0,FUN_001c52a0,,,0,stub
0x001c5340,FUN_001c5340,,,0,stub
0x001c5390,FUN_001c5390,,,0,stub
0x001c53d0,FUN_001c53d0,,,0,stub
0x001c5430,FUN_001c5430,,,0,stub
0x001c54a0,FUN_001c54a0,,,0,stub
0x001c55c0,FUN_001c55c0,,,0,stub
0x001c5630,FUN_001c5630,,,0,stub
0x001c5680,FUN_001c5680,,,0,stub
0x001c56e0,FUN_001c56e0,,,0,stub
0x001c5750,FUN_001c5750,,,0,stub
0x001c59b0,FUN_001c59b0,,,0,stub
0x001c5ae0,FUN_001c5ae0,,,0,stub
0x001c5c90,FUN_001c5c90,,,0,stub
0x001c5ce0,FUN_001c5ce0,,,0,stub
0x001c5d30,FUN_001c5d30,,,0,stub
0x001c5d70,FUN_001c5d70,,,0,stub
0x001c5dd0,FUN_001c5dd0,,,0,stub
0x001c5ea0,FUN_001c5ea0,,,0,stub
0x001c5f50,FUN_001c5f50,,,0,stub
0x001c5fa0,FUN_001c5fa0,,,0,stub
0x001c6000,FUN_001c6000,,,0,stub
0x001c6060,FUN_001c6060,,,0,stub
0x001c6110,FUN_001c6110,,,0,stub
0x001c6180,FUN_001c6180,,,0,stub
0x001c61d0,FUN_001c61d0,,,0,stub
0x001c6250,FUN_001c6250,,,0,stub
0x001c62c0,FUN_001c62c0,,,0,stub
0x001c6350,FUN_001c6350,,,0,stub
0x001c64d0,FUN_001c64d0,,,0,stub
0x001c6520,FUN_001c6520,,,0,stub
0x001c6570,FUN_001c6570,,,0,stub
0x001c65b0,FUN_001c65b0,,,0,stub
0x001c6610,FUN_001c6610,,,0,stub
0x001c6690,FUN_001c6690,,,0,stub
0x001c66d0,FUN_001c66d0,,,0,stub
0x001c67d0,FUN_001c67d0,,,0,stub
0x001c6820,FUN_001c6820,,,0,stub
0x001c6870,FUN_001c6870,,,0,stub
0x001c68b0,FUN_001c68b0,,,0,stub
0x001c6910,FUN_001c6910,,,0,stub
0x001c69c0,FUN_001c69c0,,,0,stub
0x001c6a20,FUN_001c6a20,,,0,stub
0x001c6a90,FUN_001c6a90,,,0,stub
0x001c6ae0,FUN_001c6ae0,,,0,stub
0x001c6b40,FUN_001c6b40,,,0,stub
0x001c6c10,FUN_001c6c10,,,0,stub
0x001c6e20,FUN_001c6e20,,,0,stub
0x001c6ea0,FUN_001c6ea0,,,0,stub
0x001c6f80,FUN_001c6f80,,,0,stub
0x001c6fd0,FUN_001c6fd0,,,0,stub
0x001c7020,FUN_001c7020,,,0,stub
0x001c7070,FUN_001c7070,,,0,stub
0x001c70e0,FUN_001c70e0,,,0,stub
0x001c71d0,FUN_001c71d0,,,0,stub
0x001c7220,FUN_001c7220,,,0,stub
0x001c72c0,FUN_001c72c0,,,0,stub
0x001c7310,FUN_001c7310,,,0,stub
0x001c7360,FUN_001c7360,,,0,stub
0x001c73d0,FUN_001c73d0,,,0,stub
0x001c7440,FUN_001c7440,,,0,stub
0x001c7500,FUN_001c7500,,,0,stub
0x001c7570,FUN_001c7570,,,0,stub
0x001c75c0,FUN_001c75c0,,,0,stub
0x001c7670,FUN_001c7670,,,0,stub
0x001c7810,FUN_001c7810,,,0,stub
0x001c7890,FUN_001c7890,,,0,stub
0x001c78e0,FUN_001c78e0,,,0,stub
0x001c7930,FUN_001c7930,,,0,stub
0x001c7980,FUN_001c7980,,,0,stub
0x001c79f0,FUN_001c79f0,,,0,stub
0x001c7a90,FUN_001c7a90,,,0,stub
0x001c7ad0,FUN_001c7ad0,,,0,stub
0x001c7b70,FUN_001c7b70,,,0,stub
0x001c7bc0,FUN_001c7bc0,,,0,stub
0x001c7c10,FUN_001c7c10,,,0,stub
0x001c7c70,FUN_001c7c70,,,0,stub
0x001c7ce0,FUN_001c7ce0,,,0,stub
0x001c7d90,FUN_001c7d90,,,0,stub
0x001c7e10,FUN_001c7e10,,,0,stub
0x001c7e60,FUN_001c7e60,,,0,stub
0x001c7ec0,FUN_001c7ec0,,,0,stub
0x001c7f30,FUN_001c7f30,,,0,stub
0x001c8050,FUN_001c8050,,,0,stub
0x001c80a0,FUN_001c80a0,,,0,stub
0x001c80f0,FUN_001c80f0,,,0,stub
0x001c8130,FUN_001c8130,,,0,stub
0x001c8190,FUN_001c8190,,,0,stub
0x001c8210,FUN_001c8210,,,0,stub
0x001c82b0,FUN_001c82b0,,,0,stub
0x001c8300,FUN_001c8300,,,0,stub
0x001c83a0,FUN_001c83a0,,,0,stub
0x001c8400,FUN_001c8400,,,0,stub
0x001c84f0,FUN_001c84f0,,,0,stub
0x001c8560,FUN_001c8560,,,0,stub
0x001c85b0,FUN_001c85b0,,,0,stub
0x001c8600,FUN_001c8600,,,0,stub
0x001c8670,FUN_001c8670,,,0,stub
0x001c8720,FUN_001c8720,,,0,stub
0x001c88a0,FUN_001c88a0,,,0,stub
0x001c8990,FUN_001c8990,,,0,stub
0x001c89e0,FUN_001c89e0,,,0,stub
0x001c8a30,FUN_001c8a30,,,0,stub
0x001c8a70,FUN_001c8a70,,,0,stub
0x001c8ad0,FUN_001c8ad0,,,0,stub
0x001c8b60,FUN_001c8b60,,,0,stub
0x001c8c00,FUN_001c8c00,,,0,stub
0x001c8c50,FUN_001c8c50,,,0,stub
0x001c8cf0,FUN_001c8cf0,,,0,stub
0x001c8d50,FUN_001c8d50,,,0,stub
0x001c8e50,FUN_001c8e50,,,0,stub
0x001c8ec0,FUN_001c8ec0,,,0,stub
0x001c8f10,FUN_001c8f10,,,0,stub
0x001c8f60,FUN_001c8f60,,,0,stub
0x001c8fd0,FUN_001c8fd0,,,0,stub
0x001c9380,FUN_001c9380,,,0,stub
0x001c93d0,FUN_001c93d0,,,0,stub
0x001c9420,FUN_001c9420,,,0,stub
0x001c9460,FUN_001c9460,,,0,stub
0x001c94c0,FUN_001c94c0,,,0,stub
0x001c9540,FUN_001c9540,,,0,stub
0x001c95e0,FUN_001c95e0,,,0,stub
0x001c9630,FUN_001c9630,,,0,stub
0x001c96d0,FUN_001c96d0,,,0,stub
0x001c9730,FUN_001c9730,,,0,stub
0x001c9820,FUN_001c9820,,,0,stub
0x001c9880,FUN_001c9880,,,0,stub
0x001c98f0,FUN_001c98f0,,,0,stub
0x001c9940,FUN_001c9940,,,0,stub
0x001c9990,FUN_001c9990,,,0,stub
0x001c9a00,FUN_001c9a00,,,0,stub
0x001c9a70,FUN_001c9a70,,,0,stub
0x001c9b80,FUN_001c9b80,,,0,stub
0x001c9bc0,FUN_001c9bc0,,,0,stub
0x001c9c30,FUN_001c9c30,,,0,stub
0x001c9c80,FUN_001c9c80,,,0,stub
0x001c9cd0,FUN_001c9cd0,,,0,stub
0x001c9d10,FUN_001c9d10,,,0,stub
0x001c9d80,FUN_001c9d80,,,0,stub
0x001c9e80,FUN_001c9e80,,,0,stub
0x001c9ed0,FUN_001c9ed0,,,0,stub
0x001c9f20,FUN_001c9f20,,,0,stub
0x001c9f80,FUN_001c9f80,,,0,stub
0x001c9ff0,FUN_001c9ff0,,,0,stub
0x001ca170,FUN_001ca170,,,0,stub
0x001ca330,FUN_001ca330,,,0,stub
0x001ca390,FUN_001ca390,,,0,stub
0x001ca550,FUN_001ca550,,,0,stub
0x001ca8c0,FUN_001ca8c0,,,0,stub
0x001cad10,FUN_001cad10,,,0,stub
0x001cade0,FUN_001cade0,,,0,stub
0x001cb2c0,FUN_001cb2c0,,,0,stub
0x001cb4a0,FUN_001cb4a0,,,0,stub
0x001cb700,FUN_001cb700,,,0,stub
0x001cb820,FUN_001cb820,,,0,stub
0x001cb920,FUN_001cb920,,,0,stub
0x001cbb20,FUN_001cbb20,,,0,stub
0x001cbc50,FUN_001cbc50,,,0,stub
0x001cbd60,FUN_001cbd60,,,0,stub
0x001ccb40,FUN_001ccb40,,,0,stub
0x001ccd30,FUN_001ccd30,,,0,stub
0x001cced0,FUN_001cced0,,,0,stub
0x001cd110,FUN_001cd110,,,0,stub
0x001cd1b0,FUN_001cd1b0,,,0,stub
0x001cdac0,FUN_001cdac0,,,0,stub
0x001cdf60,FUN_001cdf60,,,0,stub
0x001ce090,FUN_001ce090,,,0,stub
0x001ce1f0,FUN_001ce1f0,,,0,stub
0x001ce270,FUN_001ce270,,,0,stub
0x001ce2f0,FUN_001ce2f0,,,0,stub
0x001ce6b0,FUN_001ce6b0,,,0,stub
0x001ce740,FUN_001ce740,,,0,stub
0x001ce7d0,FUN_001ce7d0,,,0,stub
0x001ce900,FUN_001ce900,,,0,stub
0x001ce960,FUN_001ce960,,,0,stub
0x001cea10,FUN_001cea10,,,0,stub
0x001ceba0,FUN_001ceba0,,,0,stub
0x001cec60,FUN_001cec60,,,0,stub
0x001cee40,FUN_001cee40,,,0,stub
0x001cf600,FUN_001cf600,,,0,stub
0x001cf8b0,FUN_001cf8b0,,,0,stub
0x001cfc50,FUN_001cfc50,,,0,stub
0x001cfd80,FUN_001cfd80,,,0,stub
0x001cfdf0,FUN_001cfdf0,,,0,stub
0x001cfff0,FUN_001cfff0,,,0,stub
0x001d0050,FUN_001d0050,,,0,stub
0x001d0740,FUN_001d0740,,,0,stub
0x001d07b0,FUN_001d07b0,,,0,stub
0x001d08a0,FUN_001d08a0,,,0,stub
0x001d08e0,FUN_001d08e0,,,0,stub
0x001d0a50,FUN_001d0a50,,,0,stub
0x001d0aa0,FUN_001d0aa0,,,0,stub
0x001d0b40,FUN_001d0b40,,,0,stub
0x001d0bb0,FUN_001d0bb0,,,0,stub
0x001d0dc0,FUN_001d0dc0,,,0,stub
0x001d0fe0,FUN_001d0fe0,,,0,stub
0x001d1040,FUN_001d1040,,,0,stub
0x001d1270,FUN_001d1270,,,0,stub
0x001d1390,FUN_001d1390,,,0,stub
0x001d1560,FUN_001d1560,,,0,stub
0x001d1620,FUN_001d1620,,,0,stub
0x001d16d0,FUN_001d16d0,,,0,stub
0x001d1760,FUN_001d1760,,,0,stub
0x001d17b0,FUN_001d17b0,,,0,stub
0x001d17f0,FUN_001d17f0,,,0,stub
0x001d1900,FUN_001d1900,,,0,stub
0x001d1950,FUN_001d1950,,,0,stub
0x001d19c0,FUN_001d19c0,,,0,stub
0x001d1b80,FUN_001d1b80,,,0,stub
0x001d1c90,FUN_001d1c90,,,0,stub
0x001d1d40,FUN_001d1d40,,,0,stub
0x001d1d90,FUN_001d1d90,,,0,stub
0x001d1dd0,FUN_001d1dd0,,,0,stub
0x001d1ed0,FUN_001d1ed0,,,0,stub
0x001d1f10,FUN_001d1f10,,,0,stub
0x001d1f60,FUN_001d1f60,,,0,stub
0x001d1fa0,FUN_001d1fa0,,,0,stub
0x001d20c0,FUN_001d20c0,,,0,stub
0x001d2110,FUN_001d2110,,,0,stub
0x001d21c0,FUN_001d21c0,,,0,stub
0x001d2230,FUN_001d2230,,,0,stub
0x001d22c0,FUN_001d22c0,,,0,stub
0x001d26e0,FUN_001d26e0,,,0,stub
0x001d2760,FUN_001d2760,,,0,stub
0x001d28c0,FUN_001d28c0,,,0,stub
0x001d2b70,FUN_001d2b70,,,0,stub
0x001d2c40,FUN_001d2c40,,,0,stub
0x001d2ca0,FUN_001d2ca0,,,0,stub
0x001d2f00,FUN_001d2f00,,,0,stub
0x001d2f70,FUN_001d2f70,,,0,stub
0x001d3160,FUN_001d3160,,,0,stub
0x001d31b0,FUN_001d31b0,,,0,stub
0x001d3220,FUN_001d3220,,,0,stub
0x001d32d0,FUN_001d32d0,,,0,stub
0x001d3320,FUN_001d3320,,,0,stub
0x001d3390,FUN_001d3390,,,0,stub
0x001d3540,FUN_001d3540,,,0,stub
0x001d3620,FUN_001d3620,,,0,stub
0x001d3670,FUN_001d3670,,,0,stub
0x001d36b0,FUN_001d36b0,,,0,stub
0x001d3710,FUN_001d3710,,,0,stub
0x001d3760,FUN_001d3760,,,0,stub
0x001d37f0,FUN_001d37f0,,,0,stub
0x001d3890,FUN_001d3890,,,0,stub
0x001d3c10,FUN_001d3c10,,,0,stub
0x001d40f0,FUN_001d40f0,,,0,stub
0x001d45b0,FUN_001d45b0,,,0,stub
0x001d45e0,FUN_001d45e0,,,0,stub
0x001d5210,FUN_001d5210,,,0,stub
0x001d5280,FUN_001d5280,,,0,stub
0x001d52e0,FUN_001d52e0,,,0,stub
0x001d5bb0,FUN_001d5bb0,,,0,stub
0x001d5f60,FUN_001d5f60,,,0,stub
0x001d5fb0,FUN_001d5fb0,,,0,stub
0x001d60c0,FUN_001d60c0,,,0,stub
0x001d6170,FUN_001d6170,,,0,stub
0x001d6220,FUN_001d6220,,,0,stub
0x001d62e0,FUN_001d62e0,,,0,stub
0x001d64a0,FUN_001d64a0,,,0,stub
0x001d6540,FUN_001d6540,,,0,stub
0x001d6760,FUN_001d6760,,,0,stub
0x001d68d0,FUN_001d68d0,,,0,stub
0x001d6a30,FUN_001d6a30,,,0,stub
0x001d6bd0,FUN_001d6bd0,,,0,stub
0x001d6c50,FUN_001d6c50,,,0,stub
0x001d6e90,FUN_001d6e90,,,0,stub
0x001d70a0,FUN_001d70a0,,,0,stub
0x001d71a0,FUN_001d71a0,,,0,stub
0x001d7510,FUN_001d7510,,,0,stub
0x001d7730,FUN_001d7730,,,0,stub
0x001d7910,FUN_001d7910,,,0,stub
0x001d7ab0,FUN_001d7ab0,,,0,stub
0x001d7d30,FUN_001d7d30,,,0,stub
0x001d7e90,FUN_001d7e90,,,0,stub
0x001d85f0,FUN_001d85f0,,,0,stub
0x001d8df0,FUN_001d8df0,,,0,stub
0x001d9220,FUN_001d9220,,,0,stub
0x001d9310,FUN_001d9310,,,0,stub
0x001d9750,FUN_001d9750,,,0,stub
0x001d9c40,FUN_001d9c40,,,0,stub
0x001da120,FUN_001da120,,,0,stub
0x001da150,FUN_001da150,,,0,stub
0x001da310,FUN_001da310,,,0,stub
0x001da7f0,FUN_001da7f0,,,0,stub
0x001daae0,FUN_001daae0,,,0,stub
0x001dabe0,FUN_001dabe0,,,0,stub
0x001dac30,FUN_001dac30,,,0,stub
0x001dacd0,FUN_001dacd0,,,0,stub
0x001dad40,FUN_001dad40,,,0,stub
0x001dad90,FUN_001dad90,,,0,stub
0x001dafd0,FUN_001dafd0,,,0,stub
0x001db030,FUN_001db030,,,0,stub
0x001db090,FUN_001db090,,,0,stub
0x001db160,FUN_001db160,,,0,stub
0x001db250,FUN_001db250,,,0,stub
0x001db2d0,FUN_001db2d0,,,0,stub
0x001db300,FUN_001db300,,,0,stub
0x001db3b0,FUN_001db3b0,,,0,stub
0x001db410,FUN_001db410,,,0,stub
0x001db460,FUN_001db460,,,0,stub
0x001db4c0,FUN_001db4c0,,,0,stub
0x001db580,FUN_001db580,,,0,stub
0x001db610,FUN_001db610,,,0,stub
0x001dbee0,FUN_001dbee0,,,0,stub
0x001dbf40,FUN_001dbf40,,,0,stub
0x001dc050,FUN_001dc050,,,0,stub
0x001dc100,FUN_001dc100,,,0,stub
0x001dc190,FUN_001dc190,,,0,stub
0x001dc200,FUN_001dc200,,,0,stub
0x001dc6b0,FUN_001dc6b0,,,0,stub
0x001dc8c0,FUN_001dc8c0,,,0,stub
0x001dcbe0,FUN_001dcbe0,,,0,stub
0x001dcd70,FUN_001dcd70,,,0,stub
0x001dcdd0,FUN_001dcdd0,,,0,stub
0x001dcf90,FUN_001dcf90,,,0,stub
0x001dd0c0,FUN_001dd0c0,,,0,stub
0x001dd450,FUN_001dd450,,,0,stub
0x001dd5f0,FUN_001dd5f0,,,0,stub
0x001dd6b0,FUN_001dd6b0,,,0,stub
0x001dd760,FUN_001dd760,,,0,stub
0x001dd7c0,FUN_001dd7c0,,,0,stub
0x001dd940,FUN_001dd940,,,0,stub
0x001dda00,FUN_001dda00,,,0,stub
0x001dda70,FUN_001dda70,,,0,stub
0x001ddcc0,FUN_001ddcc0,,,0,stub
0x001ddd50,FUN_001ddd50,,,0,stub
0x001ddda0,FUN_001ddda0,,,0,stub
0x001dde00,FUN_001dde00,,,0,stub
0x001ddeb0,FUN_001ddeb0,,,0,stub
0x001ddf00,FUN_001ddf00,,,0,stub
0x001de080,FUN_001de080,,,0,stub
0x001de110,FUN_001de110,,,0,stub
0x001de200,FUN_001de200,,,0,stub
0x001de270,FUN_001de270,,,0,stub
0x001de2c0,FUN_001de2c0,,,0,stub
0x001de300,FUN_001de300,,,0,stub
0x001de360,FUN_001de360,,,0,stub
0x001de3b0,FUN_001de3b0,,,0,stub
0x001de3f0,FUN_001de3f0,,,0,stub
0x001de510,FUN_001de510,,,0,stub
0x001de560,FUN_001de560,,,0,stub
0x001de5e0,FUN_001de5e0,,,0,stub
0x001de650,FUN_001de650,,,0,stub
0x001de6b0,FUN_001de6b0,,,0,stub
0x001de750,FUN_001de750,,,0,stub
0x001de850,FUN_001de850,,,0,stub
0x001de8a0,FUN_001de8a0,,,0,stub
0x001de8e0,FUN_001de8e0,,,0,stub
0x001de9d0,FUN_001de9d0,,,0,stub
0x001dea10,FUN_001dea10,,,0,stub
0x001dea60,FUN_001dea60,,,0,stub
0x001dea90,FUN_001dea90,,,0,stub
0x001def00,FUN_001def00,,,0,stub
0x001defa0,FUN_001defa0,,,0,stub
0x001defe0,FUN_001defe0,,,0,stub
0x001df220,FUN_001df220,,,0,stub
0x001df270,FUN_001df270,,,0,stub
0x001df2b0,FUN_001df2b0,,,0,stub
0x001df310,FUN_001df310,,,0,stub
0x001df540,FUN_001df540,,,0,stub
0x001df580,FUN_001df580,,,0,stub
0x001df5e0,FUN_001df5e0,,,0,stub
0x001df6d0,FUN_001df6d0,,,0,stub
0x001df730,FUN_001df730,,,0,stub
0x001df7b0,FUN_001df7b0,,,0,stub
0x001df880,FUN_001df880,,,0,stub
0x001df8c0,FUN_001df8c0,,,0,stub
0x001df910,FUN_001df910,,,0,stub
0x001df970,FUN_001df970,,,0,stub
0x001df9f0,FUN_001df9f0,,,0,stub
0x001dfb10,FUN_001dfb10,,,0,stub
0x001dfb80,FUN_001dfb80,,,0,stub
0x001dfbe0,FUN_001dfbe0,,,0,stub
0x001dfc60,FUN_001dfc60,,,0,stub
0x001dfdf0,FUN_001dfdf0,,,0,stub
0x001dfe60,FUN_001dfe60,,,0,stub
0x001dfeb0,FUN_001dfeb0,,,0,stub
0x001dff10,FUN_001dff10,,,0,stub
0x001dff90,FUN_001dff90,,,0,stub
0x001e0090,FUN_001e0090,,,0,stub
0x001e0100,FUN_001e0100,,,0,stub
0x001e0170,FUN_001e0170,,,0,stub
0x001e0200,FUN_001e0200,,,0,stub
0x001e0290,FUN_001e0290,,,0,stub
0x001e0300,FUN_001e0300,,,0,stub
0x001e0510,FUN_001e0510,,,0,stub
0x001e05a0,FUN_001e05a0,,,0,stub
0x001e0610,FUN_001e0610,,,0,stub
0x001e06f0,FUN_001e06f0,,,0,stub
0x001e07c0,FUN_001e07c0,,,0,stub
0x001e08b0,FUN_001e08b0,,,0,stub
0x001e14e0,FUN_001e14e0,,,0,stub
0x001e1560,FUN_001e1560,,,0,stub
0x001e15e0,FUN_001e15e0,,,0,stub
0x001e1680,FUN_001e1680,,,0,stub
0x001e1a70,FUN_001e1a70,,,0,stub
0x001e1b50,FUN_001e1b50,,,0,stub
0x001e1d40,FUN_001e1d40,,,0,stub
0x001e1dc0,FUN_001e1dc0,,,0,stub
0x001e1e20,FUN_001e1e20,,,0,stub
0x001e22e0,FUN_001e22e0,,,0,stub
0x001e29a0,FUN_001e29a0,,,0,stub
0x001e2ba0,FUN_001e2ba0,,,0,stub
0x001e2bf0,FUN_001e2bf0,,,0,stub
0x001e2ce0,FUN_001e2ce0,,,0,stub
0x001e4320,FUN_001e4320,,,0,stub
0x001e4380,FUN_001e4380,,,0,stub
0x001e4400,FUN_001e4400,,,0,stub
0x001e4460,FUN_001e4460,,,0,stub
0x001e4560,FUN_001e4560,,,0,stub
0x001e45b0,FUN_001e45b0,,,0,stub
0x001e47e0,FUN_001e47e0,,,0,stub
0x001e4930,FUN_001e4930,,,0,stub
0x001e4b10,FUN_001e4b10,,,0,stub
0x001e4ba0,FUN_001e4ba0,,,0,stub
0x001e4f20,FUN_001e4f20,,,0,stub
0x001e4fb0,FUN_001e4fb0,,,0,stub
0x001e5220,FUN_001e5220,,,0,stub
0x001e52b0,FUN_001e52b0,,,0,stub
0x001e5740,FUN_001e5740,,,0,stub
0x001e5800,FUN_001e5800,,,0,stub
0x001e5990,FUN_001e5990,,,0,stub
0x001e5ac0,FUN_001e5ac0,,,0,stub
0x001e5cf0,FUN_001e5cf0,,,0,stub
0x001e5e00,FUN_001e5e00,,,0,stub
0x001e5e90,FUN_001e5e90,,,0,stub
0x001e5f60,FUN_001e5f60,,,0,stub
0x001e60f0,FUN_001e60f0,,,0,stub
0x001e61e0,FUN_001e61e0,,,0,stub
0x001e6230,FUN_001e6230,,,0,stub
0x001e6460,FUN_001e6460,,,0,stub
0x001e6590,FUN_001e6590,,,0,stub
0x001e6620,FUN_001e6620,,,0,stub
0x001e67e0,FUN_001e67e0,,,0,stub
0x001e6a70,FUN_001e6a70,,,0,stub
0x001e6c50,FUN_001e6c50,,,0,stub
0x001e6e10,FUN_001e6e10,,,0,stub
0x001e6f10,FUN_001e6f10,,,0,stub
0x001e6fc0,FUN_001e6fc0,,,0,stub
0x001e7210,FUN_001e7210,,,0,stub
0x001e7480,FUN_001e7480,,,0,stub
0x001e74f0,FUN_001e74f0,,,0,stub
0x001e75d0,FUN_001e75d0,,,0,stub
0x001e7620,FUN_001e7620,,,0,stub
0x001e7680,FUN_001e7680,,,0,stub
0x001e76f0,FUN_001e76f0,,,0,stub
0x001e7760,FUN_001e7760,,,0,stub
0x001e7820,FUN_001e7820,,,0,stub
0x001e78d0,FUN_001e78d0,,,0,stub
0x001e7960,FUN_001e7960,,,0,stub
0x001e7a60,FUN_001e7a60,,,0,stub
0x001e7ad0,FUN_001e7ad0,,,0,stub
0x001e7b40,FUN_001e7b40,,,0,stub
0x001e7c10,FUN_001e7c10,,,0,stub
0x001e7da0,FUN_001e7da0,,,0,stub
0x001e7f10,FUN_001e7f10,,,0,stub
0x001e8350,FUN_001e8350,,,0,stub
0x001e8710,FUN_001e8710,,,0,stub
0x001e8a70,FUN_001e8a70,,,0,stub
0x001e8ba0,FUN_001e8ba0,,,0,stub
0x001e8f40,FUN_001e8f40,,,0,stub
0x001e9380,FUN_001e9380,,,0,stub
0x001e94e0,FUN_001e94e0,,,0,stub
0x001e96f0,FUN_001e96f0,,,0,stub
0x001e9740,FUN_001e9740,,,0,stub
0x001e9790,FUN_001e9790,,,0,stub
0x001e98b0,FUN_001e98b0,,,0,stub
0x001e9950,FUN_001e9950,,,0,stub
0x001e9a50,FUN_001e9a50,,,0,stub
0x001e9c00,FUN_001e9c00,,,0,stub
0x001e9d60,FUN_001e9d60,,,0,stub
0x001e9dc0,FUN_001e9dc0,,,0,stub
0x001e9e30,FUN_001e9e30,,,0,stub
0x001e9ea0,FUN_001e9ea0,,,0,stub
0x001ea060,FUN_001ea060,,,0,stub
0x001ea180,FUN_001ea180,,,0,stub
0x001ea3f0,FUN_001ea3f0,,,0,stub
0x001ea470,FUN_001ea470,,,0,stub
0x001ea6f0,FUN_001ea6f0,,,0,stub
0x001ea770,FUN_001ea770,,,0,stub
0x001eaa60,FUN_001eaa60,,,0,stub
0x001eaa90,FUN_001eaa90,,,0,stub
0x001eab50,FUN_001eab50,,,0,stub
0x001eacb0,FUN_001eacb0,,,0,stub
0x001eadb0,FUN_001eadb0,,,0,stub
0x001eaec0,FUN_001eaec0,,,0,stub
0x001eafb0,FUN_001eafb0,,,0,stub
0x001eb050,FUN_001eb050,,,0,stub
0x001eb0a0,FUN_001eb0a0,,,0,stub
0x001eb260,FUN_001eb260,,,0,stub
0x001eb3f0,FUN_001eb3f0,,,0,stub
0x001eb500,FUN_001eb500,,,0,stub
0x001eb740,FUN_001eb740,,,0,stub
0x001eb8a0,FUN_001eb8a0,,,0,stub
0x001eb8d0,FUN_001eb8d0,,,0,stub
0x001ebaa0,FUN_001ebaa0,,,0,stub
0x001ebba0,FUN_001ebba0,,,0,stub
0x001ebc20,FUN_001ebc20,,,0,stub
0x001ebcb0,FUN_001ebcb0,,,0,stub
0x001ebd40,FUN_001ebd40,,,0,stub
0x001ebee0,FUN_001ebee0,,,0,stub
0x001ebf90,FUN_001ebf90,,,0,stub
0x001ec060,FUN_001ec060,,,0,stub
0x001ec100,FUN_001ec100,,,0,stub
0x001ec150,FUN_001ec150,,,0,stub
0x001ec1a0,FUN_001ec1a0,,,0,stub
0x001ec270,FUN_001ec270,,,0,stub
0x001ec350,FUN_001ec350,,,0,stub
0x001ec3d0,FUN_001ec3d0,,,0,stub
0x001ec4e0,FUN_001ec4e0,,,0,stub
0x001ec5a0,FUN_001ec5a0,,,0,stub
0x001ec950,FUN_001ec950,,,0,stub
0x001ecc00,FUN_001ecc00,,,0,stub
0x001ecc70,FUN_001ecc70,,,0,stub
0x001ecdc0,FUN_001ecdc0,,,0,stub
0x001ecee0,FUN_001ecee0,,,0,stub
0x001ed1d0,FUN_001ed1d0,,,0,stub
0x001ed240,FUN_001ed240,,,0,stub
0x001ed3e0,FUN_001ed3e0,,,0,stub
0x001ed6d0,FUN_001ed6d0,,,0,stub
0x001ed7b0,FUN_001ed7b0,,,0,stub
0x001ed820,FUN_001ed820,,,0,stub
0x001ed880,FUN_001ed880,,,0,stub
0x001eda70,FUN_001eda70,,,0,stub
0x001eded0,FUN_001eded0,,,0,stub
0x001edf50,FUN_001edf50,,,0,stub
0x001ee150,FUN_001ee150,,,0,stub
0x001ee280,FUN_001ee280,,,0,stub
0x001ee540,FUN_001ee540,,,0,stub
0x001ee5e0,FUN_001ee5e0,,,0,stub
0x001ee690,FUN_001ee690,,,0,stub
0x001ee880,FUN_001ee880,,,0,stub
0x001ee950,FUN_001ee950,,,0,stub
0x001eeb10,FUN_001eeb10,,,0,stub
0x001eee80,FUN_001eee80,,,0,stub
0x001ef140,FUN_001ef140,,,0,stub
0x001ef1a0,FUN_001ef1a0,,,0,stub
0x001ef1f0,FUN_001ef1f0,,,0,stub
0x001ef250,FUN_001ef250,,,0,stub
0x001ef2a0,FUN_001ef2a0,,,0,stub
0x001ef300,FUN_001ef300,,,0,stub
0x001ef350,FUN_001ef350,,,0,stub
0x001ef3b0,FUN_001ef3b0,,,0,stub
0x001ef400,FUN_001ef400,,,0,stub
0x001ef460,FUN_001ef460,,,0,stub
0x001ef4b0,FUN_001ef4b0,,,0,stub
0x001ef510,FUN_001ef510,,,0,stub
0x001ef560,FUN_001ef560,,,0,stub
0x001ef5b0,FUN_001ef5b0,,,0,stub
0x001ef610,FUN_001ef610,,,0,stub
0x001ef660,FUN_001ef660,,,0,stub
0x001ef6c0,FUN_001ef6c0,,,0,stub
0x001ef710,FUN_001ef710,,,0,stub
0x001ef770,FUN_001ef770,,,0,stub
0x001ef7c0,FUN_001ef7c0,,,0,stub
0x001ef820,FUN_001ef820,,,0,stub
0x001ef870,FUN_001ef870,,,0,stub
0x001ef8d0,FUN_001ef8d0,,,0,stub
0x001ef920,FUN_001ef920,,,0,stub
0x001ef980,FUN_001ef980,,,0,stub
0x001ef9d0,FUN_001ef9d0,,,0,stub
0x001efa40,FUN_001efa40,,,0,stub
0x001efa90,FUN_001efa90,,,0,stub
0x001efae0,FUN_001efae0,,,0,stub
0x001efb40,FUN_001efb40,,,0,stub
0x001efba0,FUN_001efba0,,,0,stub
0x001efc00,FUN_001efc00,,,0,stub
0x001efc50,FUN_001efc50,,,0,stub
0x001efd60,FUN_001efd60,,,0,stub
0x001efea0,FUN_001efea0,,,0,stub
0x001eff00,FUN_001eff00,,,0,stub
0x001f0090,FUN_001f0090,,,0,stub
0x001f01a0,FUN_001f01a0,,,0,stub
0x001f0320,FUN_001f0320,,,0,stub
0x001f04b0,FUN_001f04b0,,,0,stub
0x001f0500,FUN_001f0500,,,0,stub
0x001f0560,FUN_001f0560,,,0,stub
0x001f05b0,FUN_001f05b0,,,0,stub
0x001f0600,FUN_001f0600,,,0,stub
0x001f0660,FUN_001f0660,,,0,stub
0x001f06b0,FUN_001f06b0,,,0,stub
0x001f08b0,FUN_001f08b0,,,0,stub
0x001f0a30,FUN_001f0a30,,,0,stub
0x001f0ad0,FUN_001f0ad0,,,0,stub
0x001f0e90,FUN_001f0e90,,,0,stub
0x001f1da0,FUN_001f1da0,,,0,stub
0x001f2200,FUN_001f2200,,,0,stub
0x001f2340,FUN_001f2340,,,0,stub
0x001f2480,FUN_001f2480,,,0,stub
0x001f2570,FUN_001f2570,,,0,stub
0x001f2ad0,FUN_001f2ad0,,,0,stub
0x001f3960,FUN_001f3960,,,0,stub
0x001f39b0,FUN_001f39b0,,,0,stub
0x001f3a00,FUN_001f3a00,,,0,stub
0x001f3b50,FUN_001f3b50,,,0,stub
0x001f3d70,FUN_001f3d70,,,0,stub
0x001f3e20,FUN_001f3e20,,,0,stub
0x001f3fb0,FUN_001f3fb0,,,0,stub
0x001f4100,FUN_001f4100,,,0,stub
0x001f4180,FUN_001f4180,,,0,stub
0x001f43f0,FUN_001f43f0,,,0,stub
0x001f4ca0,FUN_001f4ca0,,,0,stub
0x001f4d50,FUN_001f4d50,,,0,stub
0x001f52a0,FUN_001f52a0,,,0,stub
0x001f5340,FUN_001f5340,,,0,stub
0x001f5770,FUN_001f5770,,,0,stub
0x001f7800,FUN_001f7800,,,0,stub
0x001f7850,FUN_001f7850,,,0,stub
0x001f78b0,FUN_001f78b0,,,0,stub
0x001f7cf0,FUN_001f7cf0,,,0,stub
0x001f7e50,FUN_001f7e50,,,0,stub
0x001f7ea0,FUN_001f7ea0,,,0,stub
0x001f7f00,FUN_001f7f00,,,0,stub
0x001f7f60,FUN_001f7f60,,,0,stub
0x001f8040,FUN_001f8040,,,0,stub
0x001f84f0,FUN_001f84f0,,,0,stub
0x001f8590,FUN_001f8590,,,0,stub
0x001f85e0,FUN_001f85e0,,,0,stub
0x001f86c0,FUN_001f86c0,,,0,stub
0x001f8720,FUN_001f8720,,,0,stub
0x001f88e0,FUN_001f88e0,,,0,stub
0x001f8930,FUN_001f8930,,,0,stub
0x001f9260,FUN_001f9260,,,0,stub
0x001f9330,FUN_001f9330,,,0,stub
0x001f9380,FUN_001f9380,,,0,stub
0x001f9600,FUN_001f9600,,,0,stub
0x001f9660,FUN_001f9660,,,0,stub
0x001f98a0,FUN_001f98a0,,,0,stub
0x001f9bf0,FUN_001f9bf0,,,0,stub
0x001fa100,FUN_001fa100,,,0,stub
0x001fa1c0,FUN_001fa1c0,,,0,stub
0x001fa240,FUN_001fa240,,,0,stub
0x001fa290,FUN_001fa290,,,0,stub
0x001fa2e0,FUN_001fa2e0,,,0,stub
0x001fa3b0,FUN_001fa3b0,,,0,stub
0x001fa760,FUN_001fa760,,,0,stub
0x001fa820,FUN_001fa820,,,0,stub
0x001fa890,FUN_001fa890,,,0,stub
0x001fa8e0,FUN_001fa8e0,,,0,stub
0x001fa980,FUN_001fa980,,,0,stub
0x001fa9d0,FUN_001fa9d0,,,0,stub
0x001fade0,FUN_001fade0,,,0,stub
0x001fae40,FUN_001fae40,,,0,stub
0x001fae90,FUN_001fae90,,,0,stub
0x001faf60,FUN_001faf60,,,0,stub
0x001fafc0,FUN_001fafc0,,,0,stub
0x001fb060,FUN_001fb060,,,0,stub
0x001fb2c0,FUN_001fb2c0,,,0,stub
0x001fb320,FUN_001fb320,,,0,stub
0x001fb370,FUN_001fb370,,,0,stub
0x001fb410,FUN_001fb410,,,0,stub
0x001fb8c0,FUN_001fb8c0,,,0,stub
0x001fbad0,FUN_001fbad0,,,0,stub
0x001fbb20,FUN_001fbb20,,,0,stub
0x001fbc30,FUN_001fbc30,,,0,stub
0x001fbc80,FUN_001fbc80,,,0,stub
0x001fbd10,FUN_001fbd10,,,0,stub
0x001fbec0,FUN_001fbec0,,,0,stub
0x001fbf80,FUN_001fbf80,,,0,stub
0x001fc0b0,FUN_001fc0b0,,,0,stub
0x001fc1b0,FUN_001fc1b0,,,0,stub
0x001fc270,FUN_001fc270,,,0,stub
0x001fc830,FUN_001fc830,,,0,stub
0x001fc8d0,FUN_001fc8d0,,,0,stub
0x001fc9d0,FUN_001fc9d0,,,0,stub
0x001fca20,FUN_001fca20,,,0,stub
0x001fcc90,FUN_001fcc90,,,0,stub
0x001fcd10,FUN_001fcd10,,,0,stub
0x001fcdd0,FUN_001fcdd0,,,0,stub
0x001fcf10,FUN_001fcf10,,,0,stub
0x001fcf70,FUN_001fcf70,,,0,stub
0x001fd190,FUN_001fd190,,,0,stub
0x001fd6c0,FUN_001fd6c0,,,0,stub
0x001fd7e0,FUN_001fd7e0,,,0,stub
0x001fd840,FUN_001fd840,,,0,stub
0x001fda80,FUN_001fda80,,,0,stub
0x001fdf10,FUN_001fdf10,,,0,stub
0x001fdf60,FUN_001fdf60,,,0,stub
0x001fdfb0,FUN_001fdfb0,,,0,stub
0x001fe020,FUN_001fe020,,,0,stub
0x001fe100,FUN_001fe100,,,0,stub
0x001fe170,FUN_001fe170,,,0,stub
0x001fe220,FUN_001fe220,,,0,stub
0x001fe280,FUN_001fe280,,,0,stub
0x001fe2d0,FUN_001fe2d0,,,0,stub
0x001fe330,FUN_001fe330,,,0,stub
0x001fe380,FUN_001fe380,,,0,stub
0x001fe6e0,FUN_001fe6e0,,,0,stub
0x001fe740,FUN_001fe740,,,0,stub
0x001fe790,FUN_001fe790,,,0,stub
0x001fea60,FUN_001fea60,,,0,stub
0x001febe0,FUN_001febe0,,,0,stub
0x001fecd0,FUN_001fecd0,,,0,stub
0x001feeb0,FUN_001feeb0,,,0,stub
0x001fefe0,FUN_001fefe0,,,0,stub
0x001ff0c0,FUN_001ff0c0,,,0,stub
0x001ff340,FUN_001ff340,,,0,stub
0x001ff3d0,FUN_001ff3d0,,,0,stub
0x001ff430,FUN_001ff430,,,0,stub
0x001ff490,FUN_001ff490,,,0,stub
0x001ff4d0,FUN_001ff4d0,,,0,stub
0x001ff510,FUN_001ff510,,,0,stub
0x001ff5a0,FUN_001ff5a0,,,0,stub
0x001ff620,FUN_001ff620,,,0,stub
0x001ff680,FUN_001ff680,,,0,stub
0x001ff6b0,FUN_001ff6b0,,,0,stub
0x001ff6f0,FUN_001ff6f0,,,0,stub
0x001ff880,FUN_001ff880,,,0,stub
0x001ff8c0,FUN_001ff8c0,,,0,stub
0x001ff910,FUN_001ff910,,,0,stub
0x001ff950,FUN_001ff950,,,0,stub
0x001ffbe0,FUN_001ffbe0,,,0,stub
0x001ffe80,FUN_001ffe80,,,0,stub
0x001ffec0,FUN_001ffec0,,,0,stub
0x001fff70,FUN_001fff70,,,0,stub
0x00200070,FUN_00200070,,,0,stub
0x00200190,FUN_00200190,,,0,stub
0x00200290,FUN_00200290,,,0,stub
0x00200410,FUN_00200410,,,0,stub
0x002004b0,FUN_002004b0,,,0,stub
0x002005b0,FUN_002005b0,,,0,stub
0x002006a0,FUN_002006a0,,,0,stub
0x00200760,FUN_00200760,,,0,stub
0x00200a10,FUN_00200a10,,,0,stub
0x00200b40,FUN_00200b40,,,0,stub
0x00200f10,FUN_00200f10,,,0,stub
0x00201050,FUN_00201050,,,0,stub
0x00201230,FUN_00201230,,,0,stub
0x002015b0,FUN_002015b0,,,0,stub
0x002017e0,FUN_002017e0,,,0,stub
0x002018a0,FUN_002018a0,,,0,stub
0x002019b0,FUN_002019b0,,,0,stub
0x00201a80,FUN_00201a80,,,0,stub
0x00201b20,FUN_00201b20,,,0,stub
0x00201c00,FUN_00201c00,,,0,stub
0x00201c70,FUN_00201c70,,,0,stub
0x00201d20,FUN_00201d20,,,0,stub
0x00201e10,FUN_00201e10,,,0,stub
0x00201e50,FUN_00201e50,,,0,stub
0x00202000,FUN_00202000,,,0,stub
0x00202080,FUN_00202080,,,0,stub
0x00202250,FUN_00202250,,,0,stub
0x00202310,FUN_00202310,,,0,stub
0x00202860,FUN_00202860,,,0,stub
0x002028e0,FUN_002028e0,,,0,stub
0x00202a10,FUN_00202a10,,,0,stub
0x00202af0,FUN_00202af0,,,0,stub
0x00202c80,FUN_00202c80,,,0,stub
0x00202e20,FUN_00202e20,,,0,stub
0x00202ed0,FUN_00202ed0,,,0,stub
0x00202f30,FUN_00202f30,,,0,stub
0x00202f90,FUN_00202f90,,,0,stub
0x00203080,FUN_00203080,,,0,stub
0x00203330,FUN_00203330,,,0,stub
0x002034e0,FUN_002034e0,,,0,stub
0x00203570,FUN_00203570,,,0,stub
0x00203660,FUN_00203660,,,0,stub
0x00203710,FUN_00203710,,,0,stub
0x00203ae0,FUN_00203ae0,,,0,stub
0x00203cb0,FUN_00203cb0,,,0,stub
0x00204550,FUN_00204550,,,0,stub
0x00204640,FUN_00204640,,,0,stub
0x00204910,FUN_00204910,,,0,stub
0x002049b0,FUN_002049b0,,,0,stub
0x00204a30,FUN_00204a30,,,0,stub
0x00204a80,FUN_00204a80,,,0,stub
0x00204ad0,FUN_00204ad0,,,0,stub
0x00204b40,FUN_00204b40,,,0,stub
0x00204ba0,FUN_00204ba0,,,0,stub
0x00204c30,FUN_00204c30,,,0,stub
0x00204ca0,FUN_00204ca0,,,0,stub
0x00204db0,FUN_00204db0,,,0,stub
0x00204ea0,FUN_00204ea0,,,0,stub
0x00205110,FUN_00205110,,,0,stub
0x00205250,FUN_00205250,,,0,stub
0x002052b0,FUN_002052b0,,,0,stub
0x00205450,FUN_00205450,,,0,stub
0x002057b0,FUN_002057b0,,,0,stub
0x00205810,FUN_00205810,,,0,stub
0x002059c0,FUN_002059c0,,,0,stub
0x00205a10,FUN_00205a10,,,0,stub
0x00205a60,FUN_00205a60,,,0,stub
0x00205bb0,FUN_00205bb0,,,0,stub
0x00205f70,FUN_00205f70,,,0,stub
0x00206100,FUN_00206100,,,0,stub
0x00206170,FUN_00206170,,,0,stub
0x002063a0,FUN_002063a0,,,0,stub
0x002064a0,FUN_002064a0,,,0,stub
0x00206570,FUN_00206570,,,0,stub
0x00206630,FUN_00206630,,,0,stub
0x002066d0,FUN_002066d0,,,0,stub
0x00206720,FUN_00206720,,,0,stub
0x00206780,FUN_00206780,,,0,stub
0x00206860,FUN_00206860,,,0,stub
0x002068e0,FUN_002068e0,,,0,stub
0x00206b90,FUN_00206b90,,,0,stub
0x00206d00,FUN_00206d00,,,0,stub
0x00206e80,FUN_00206e80,,,0,stub
0x00207490,FUN_00207490,,,0,stub
0x00207510,FUN_00207510,,,0,stub
0x00207590,FUN_00207590,,,0,stub
0x00207690,FUN_00207690,,,0,stub
0x00207c40,FUN_00207c40,,,0,stub
0x002083c0,FUN_002083c0,,,0,stub
0x0020aa80,FUN_0020aa80,,,0,stub
0x0020ab00,FUN_0020ab00,,,0,stub
0x0020ac00,FUN_0020ac00,,,0,stub
0x0020ad20,FUN_0020ad20,,,0,stub
0x0020ada0,FUN_0020ada0,,,0,stub
0x0020af00,FUN_0020af00,,,0,stub
0x0020aff0,FUN_0020aff0,,,0,stub
0x0020b0b0,FUN_0020b0b0,,,0,stub
0x0020b170,FUN_0020b170,,,0,stub
0x0020b650,FUN_0020b650,,,0,stub
0x0020b7d0,FUN_0020b7d0,,,0,stub
0x0020b9f0,FUN_0020b9f0,,,0,stub
0x0020bd80,FUN_0020bd80,,,0,stub
0x0020bdd0,FUN_0020bdd0,,,0,stub
0x0020c010,FUN_0020c010,,,0,stub
0x0020c090,FUN_0020c090,,,0,stub
0x0020c0e0,FUN_0020c0e0,,,0,stub
0x0020c430,FUN_0020c430,,,0,stub
0x0020c4e0,FUN_0020c4e0,,,0,stub
0x0020ce10,FUN_0020ce10,,,0,stub
0x0020cf70,FUN_0020cf70,,,0,stub
0x0020cff0,FUN_0020cff0,,,0,stub
0x0020d090,FUN_0020d090,,,0,stub
0x0020d470,FUN_0020d470,,,0,stub
0x0020d550,FUN_0020d550,,,0,stub
0x0020d5f0,FUN_0020d5f0,,,0,stub
0x0020d7a0,FUN_0020d7a0,,,0,stub
0x0020d8f0,FUN_0020d8f0,,,0,stub
0x0020dab0,FUN_0020dab0,,,0,stub
0x0020dee0,FUN_0020dee0,,,0,stub
0x0020e030,FUN_0020e030,,,0,stub
0x0020e230,FUN_0020e230,,,0,stub
0x0020e630,FUN_0020e630,,,0,stub
0x0020e800,FUN_0020e800,,,0,stub
0x0020ea70,FUN_0020ea70,,,0,stub
0x0020eae0,FUN_0020eae0,,,0,stub
0x0020ed10,FUN_0020ed10,,,0,stub
0x0020f3d0,FUN_0020f3d0,,,0,stub
0x0020fcb0,FUN_0020fcb0,,,0,stub
0x0020fd00,FUN_0020fd00,,,0,stub
0x00210410,FUN_00210410,,,0,stub
0x00210530,FUN_00210530,,,0,stub
0x00210610,FUN_00210610,,,0,stub
0x002106b0,FUN_002106b0,,,0,stub
0x002107a0,FUN_002107a0,,,0,stub
0x002107f0,FUN_002107f0,,,0,stub
0x00210860,FUN_00210860,,,0,stub
0x00210910,FUN_00210910,,,0,stub
0x00210a50,FUN_00210a50,,,0,stub
0x00210ab0,FUN_00210ab0,,,0,stub
0x00210b70,FUN_00210b70,,,0,stub
0x00210ce0,FUN_00210ce0,,,0,stub
0x00210db0,FUN_00210db0,,,0,stub
0x00211050,FUN_00211050,,,0,stub
0x002110e0,FUN_002110e0,,,0,stub
0x00211250,FUN_00211250,,,0,stub
0x00211560,FUN_00211560,,,0,stub
0x002116b0,FUN_002116b0,,,0,stub
0x00211700,FUN_00211700,,,0,stub
0x00211760,FUN_00211760,,,0,stub
0x002117d0,FUN_002117d0,,,0,stub
0x00211880,FUN_00211880,,,0,stub
0x00211940,FUN_00211940,,,0,stub
0x00211990,FUN_00211990,,,0,stub
0x002119f0,FUN_002119f0,,,0,stub
0x00211a40,FUN_00211a40,,,0,stub
0x00211aa0,FUN_00211aa0,,,0,stub
0x00211af0,FUN_00211af0,,,0,stub
0x00211b60,FUN_00211b60,,,0,stub
0x00211bb0,FUN_00211bb0,,,0,stub
0x00211c20,FUN_00211c20,,,0,stub
0x00211f30,FUN_00211f30,,,0,stub
0x00212070,FUN_00212070,,,0,stub
0x00212430,FUN_00212430,,,0,stub
0x00212540,FUN_00212540,,,0,stub
0x00212650,FUN_00212650,,,0,stub
0x00212b20,FUN_00212b20,,,0,stub
0x00212d60,FUN_00212d60,,,0,stub
0x00212e90,FUN_00212e90,,,0,stub
0x00212ef0,FUN_00212ef0,,,0,stub
0x00212f40,FUN_00212f40,,,0,stub
0x00212fd0,FUN_00212fd0,,,0,stub
0x00213100,FUN_00213100,,,0,stub
0x002131c0,FUN_002131c0,,,0,stub
0x00213420,FUN_00213420,,,0,stub
0x00213470,FUN_00213470,,,0,stub
0x00213830,FUN_00213830,,,0,stub
0x00213880,FUN_00213880,,,0,stub
0x00213a90,FUN_00213a90,,,0,stub
0x00213b00,FUN_00213b00,,,0,stub
0x00213c50,FUN_00213c50,,,0,stub
0x00213fa0,FUN_00213fa0,,,0,stub
0x00214210,FUN_00214210,,,0,stub
0x00214240,FUN_00214240,,,0,stub
0x00214290,FUN_00214290,,,0,stub
0x00214420,FUN_00214420,,,0,stub
0x002144a0,FUN_002144a0,,,0,stub
0x00214520,FUN_00214520,,,0,stub
0x002145a0,FUN_002145a0,,,0,stub
0x002151c0,FUN_002151c0,,,0,stub
0x00215230,FUN_00215230,,,0,stub
0x00215310,FUN_00215310,,,0,stub
0x00215500,FUN_00215500,,,0,stub
0x002156e0,FUN_002156e0,,,0,stub
0x00215730,FUN_00215730,,,0,stub
0x00215790,FUN_00215790,,,0,stub
0x002158c0,FUN_002158c0,,,0,stub
0x00215e50,FUN_00215e50,,,0,stub
0x00216050,FUN_00216050,,,0,stub
0x002161c0,FUN_002161c0,,,0,stub
0x002162f0,FUN_002162f0,,,0,stub
0x002165f0,FUN_002165f0,,,0,stub
0x00216740,FUN_00216740,,,0,stub
0x00216b60,FUN_00216b60,,,0,stub
0x00216ce0,FUN_00216ce0,,,0,stub
0x00216ee0,FUN_00216ee0,,,0,stub
0x00217080,FUN_00217080,,,0,stub
0x00217280,FUN_00217280,,,0,stub
0x00217300,FUN_00217300,,,0,stub
0x002174c0,FUN_002174c0,,,0,stub
0x00217680,FUN_00217680,,,0,stub
0x00217890,FUN_00217890,,,0,stub
0x002179c0,FUN_002179c0,,,0,stub
0x002188d0,FUN_002188d0,,,0,stub
0x002189a0,FUN_002189a0,,,0,stub
0x00218bf0,FUN_00218bf0,,,0,stub
0x00218fa0,FUN_00218fa0,,,0,stub
0x00219380,FUN_00219380,,,0,stub
0x00219470,FUN_00219470,,,0,stub
0x002194e0,FUN_002194e0,,,0,stub
0x00219680,FUN_00219680,,,0,stub
0x002199c0,FUN_002199c0,,,0,stub
0x00219b50,FUN_00219b50,,,0,stub
0x00219d90,FUN_00219d90,,,0,stub
0x0021a4d0,FUN_0021a4d0,,,0,stub
0x0021a740,FUN_0021a740,,,0,stub
0x0021a7e0,FUN_0021a7e0,,,0,stub
0x0021a8b0,FUN_0021a8b0,,,0,stub
0x0021abb0,FUN_0021abb0,,,0,stub
0x0021ac10,FUN_0021ac10,,,0,stub
0x0021ae00,FUN_0021ae00,,,0,stub
0x0021b040,FUN_0021b040,,,0,stub
0x0021b0c0,FUN_0021b0c0,,,0,stub
0x0021b140,FUN_0021b140,,,0,stub
0x0021b220,FUN_0021b220,,,0,stub
0x0021b2f0,FUN_0021b2f0,,,0,stub
0x0021b400,FUN_0021b400,,,0,stub
0x0021b5f0,FUN_0021b5f0,,,0,stub
0x0021b8f0,FUN_0021b8f0,,,0,stub
0x0021bb30,FUN_0021bb30,,,0,stub
0x0021bd00,FUN_0021bd00,,,0,stub
0x0021c2a0,FUN_0021c2a0,,,0,stub
0x0021c3b0,FUN_0021c3b0,,,0,stub
0x0021c690,FUN_0021c690,,,0,stub
0x0021c910,FUN_0021c910,,,0,stub
0x0021cb60,FUN_0021cb60,,,0,stub
0x0021cdb0,FUN_0021cdb0,,,0,stub
0x0021cdf0,FUN_0021cdf0,,,0,stub
0x0021ce70,FUN_0021ce70,,,0,stub
0x0021cf20,FUN_0021cf20,,,0,stub
0x0021d230,FUN_0021d230,,,0,stub
0x0021d560,FUN_0021d560,,,0,stub
0x0021d620,FUN_0021d620,,,0,stub
0x0021d990,FUN_0021d990,,,0,stub
0x0021daa0,FUN_0021daa0,,,0,stub
0x0021db90,FUN_0021db90,,,0,stub
0x0021dc90,FUN_0021dc90,,,0,stub
0x0021dd90,FUN_0021dd90,,,0,stub
0x0021de30,FUN_0021de30,,,0,stub
0x0021df00,FUN_0021df00,,,0,stub
0x0021dfe0,FUN_0021dfe0,,,0,stub
0x0021e4e0,FUN_0021e4e0,,,0,stub
0x0021e570,FUN_0021e570,,,0,stub
0x0021e670,FUN_0021e670,,,0,stub
0x0021e6d0,FUN_0021e6d0,,,0,stub
0x0021ee70,FUN_0021ee70,,,0,stub
0x0021ef70,FUN_0021ef70,,,0,stub
0x0021f490,FUN_0021f490,,,0,stub
0x002203d0,FUN_002203d0,,,0,stub
0x002205a0,FUN_002205a0,,,0,stub
0x00220a20,FUN_00220a20,,,0,stub
0x00220b00,FUN_00220b00,,,0,stub
0x00220bb0,FUN_00220bb0,,,0,stub
0x00221bd0,FUN_00221bd0,,,0,stub
0x00221dc0,FUN_00221dc0,,,0,stub
0x00221e40,FUN_00221e40,,,0,stub
0x00222390,FUN_00222390,,,0,stub
0x00222410,FUN_00222410,,,0,stub
0x002228b0,FUN_002228b0,,,0,stub
0x002234d0,FUN_002234d0,,,0,stub
0x00223780,FUN_00223780,,,0,stub
0x00223d90,FUN_00223d90,,,0,stub
0x00223dd0,FUN_00223dd0,,,0,stub
0x00223e40,FUN_00223e40,,,0,stub
0x00223eb0,FUN_00223eb0,,,0,stub
0x002241f0,FUN_002241f0,,,0,stub
0x00225460,FUN_00225460,,,0,stub
0x00225610,FUN_00225610,,,0,stub
0x00225680,FUN_00225680,,,0,stub
0x002259e0,FUN_002259e0,,,0,stub
0x00226180,FUN_00226180,,,0,stub
0x00226320,FUN_00226320,,,0,stub
0x002264b0,FUN_002264b0,,,0,stub
0x00227190,FUN_00227190,,,0,stub
0x00227950,FUN_00227950,,,0,stub
0x00227990,FUN_00227990,,,0,stub
0x002279f0,FUN_002279f0,,,0,stub
0x00227a80,FUN_00227a80,,,0,stub
0x00227db0,FUN_00227db0,,,0,stub
0x00227eb0,FUN_00227eb0,,,0,stub
0x002282e0,FUN_002282e0,,,0,stub
0x002283c0,FUN_002283c0,,,0,stub
0x00228d50,FUN_00228d50,,,0,stub
0x00228ee0,FUN_00228ee0,,,0,stub
0x00229050,FUN_00229050,,,0,stub
0x002291a0,FUN_002291a0,,,0,stub
0x00229210,FUN_00229210,,,0,stub
0x00229360,FUN_00229360,,,0,stub
0x00229640,FUN_00229640,,,0,stub
0x00229be0,FUN_00229be0,,,0,stub
0x00229cf0,FUN_00229cf0,,,0,stub
0x0022a160,FUN_0022a160,,,0,stub
0x0022a2b0,FUN_0022a2b0,,,0,stub
0x0022a400,FUN_0022a400,,,0,stub
0x0022a4e0,FUN_0022a4e0,,,0,stub
0x0022a970,FUN_0022a970,,,0,stub
0x0022b1c0,FUN_0022b1c0,,,0,stub
0x0022b3c0,FUN_0022b3c0,,,0,stub
0x0022b800,FUN_0022b800,,,0,stub
0x0022b8c0,FUN_0022b8c0,,,0,stub
0x0022bfe0,FUN_0022bfe0,,,0,stub
0x0022c1d0,FUN_0022c1d0,,,0,stub
0x0022c790,FUN_0022c790,,,0,stub
0x0022c9a0,FUN_0022c9a0,,,0,stub
0x0022cef0,FUN_0022cef0,,,0,stub
0x0022cff0,FUN_0022cff0,,,0,stub
0x0022d7b0,FUN_0022d7b0,,,0,stub
0x0022da70,FUN_0022da70,,,0,stub
0x0022db30,FUN_0022db30,,,0,stub
0x0022dcf0,FUN_0022dcf0,,,0,stub
0x0022ddb0,FUN_0022ddb0,,,0,stub
0x0022de90,FUN_0022de90,,,0,stub
0x0022f1a0,FUN_0022f1a0,,,0,stub
0x0022f760,FUN_0022f760,,,0,stub
0x0022f860,FUN_0022f860,,,0,stub
0x0022fba0,FUN_0022fba0,,,0,stub
0x0022fc50,FUN_0022fc50,,,0,stub
0x0022fc90,FUN_0022fc90,,,0,stub
0x002301c0,FUN_002301c0,,,0,stub
0x00230910,FUN_00230910,,,0,stub
0x002311c0,FUN_002311c0,,,0,stub
0x002318b0,FUN_002318b0,,,0,stub
0x00231900,FUN_00231900,,,0,stub
0x00231b80,FUN_00231b80,,,0,stub
0x00231d80,FUN_00231d80,,,0,stub
0x00231e20,FUN_00231e20,,,0,stub
0x00231e80,FUN_00231e80,,,0,stub
0x00231fb0,FUN_00231fb0,,,0,stub
0x00232170,FUN_00232170,,,0,stub
0x00232350,FUN_00232350,,,0,stub
0x00232510,FUN_00232510,,,0,stub
0x002326c0,FUN_002326c0,,,0,stub
0x002329b0,FUN_002329b0,,,0,stub
0x00232ab0,FUN_00232ab0,,,0,stub
0x00232cf0,FUN_00232cf0,,,0,stub
0x00232d70,FUN_00232d70,,,0,stub
0x00232f20,FUN_00232f20,,,0,stub
0x00232f70,FUN_00232f70,,,0,stub
0x002330a0,FUN_002330a0,,,0,stub
0x002331b0,FUN_002331b0,,,0,stub
0x00233440,FUN_00233440,,,0,stub
0x002335c0,FUN_002335c0,,,0,stub
0x002337b0,FUN_002337b0,,,0,stub
0x00233980,FUN_00233980,,,0,stub
0x00233bf0,FUN_00233bf0,,,0,stub
0x00233dc0,FUN_00233dc0,,,0,stub
0x00233f60,FUN_00233f60,,,0,stub
0x00234010,FUN_00234010,,,0,stub
0x00236e00,FUN_00236e00,,,0,stub
0x00236ec0,FUN_00236ec0,,,0,stub
0x00237310,FUN_00237310,,,0,stub
0x002374b0,FUN_002374b0,,,0,stub
0x00237560,FUN_00237560,,,0,stub
0x002378c0,FUN_002378c0,,,0,stub
0x002379a0,FUN_002379a0,,,0,stub
0x00237bf0,FUN_00237bf0,,,0,stub
0x00237c40,FUN_00237c40,,,0,stub
0x00237c70,FUN_00237c70,,,0,stub
0x00237c90,FUN_00237c90,,,0,stub
0x00237cb0,FUN_00237cb0,,,0,stub
0x00237ce0,FUN_00237ce0,,,0,stub
0x00237d00,FUN_00237d00,,,0,stub
0x00237ea0,FUN_00237ea0,,,0,stub
0x00237f80,FUN_00237f80,,,0,stub
0x00238160,FUN_00238160,,,0,stub
0x002381a0,FUN_002381a0,,,0,stub
0x00238270,FUN_00238270,,,0,stub
0x00238390,FUN_00238390,,,0,stub
0x00238460,FUN_00238460,,,0,stub
0x00238750,FUN_00238750,,,0,stub
0x00238800,FUN_00238800,,,0,stub
0x00238860,FUN_00238860,,,0,stub
0x002388e0,FUN_002388e0,,,0,stub
0x00238a40,FUN_00238a40,,,0,stub
0x00238b40,FUN_00238b40,,,0,stub
0x00238b90,FUN_00238b90,,,0,stub
0x00238f70,FUN_00238f70,,,0,stub
0x00239360,FUN_00239360,,,0,stub
0x002398a0,FUN_002398a0,,,0,stub
0x00239ba0,FUN_00239ba0,,,0,stub
0x00239c70,FUN_00239c70,,,0,stub
0x00239d50,FUN_00239d50,,,0,stub
0x00239db0,FUN_00239db0,,,0,stub
0x00239e30,FUN_00239e30,,,0,stub
0x00239f80,FUN_00239f80,,,0,stub
0x0023a010,FUN_0023a010,,,0,stub
0x0023a060,FUN_0023a060,,,0,stub
0x0023a1e0,FUN_0023a1e0,,,0,stub
0x0023a3a0,FUN_0023a3a0,,,0,stub
0x0023a400,FUN_0023a400,,,0,stub
0x0023a840,FUN_0023a840,,,0,stub
0x0023a8a0,FUN_0023a8a0,,,0,stub
0x0023a8e0,FUN_0023a8e0,,,0,stub
0x0023a940,FUN_0023a940,,,0,stub
0x0023a990,FUN_0023a990,,,0,stub
0x0023a9f0,FUN_0023a9f0,,,0,stub
0x0023aa10,FUN_0023aa10,,,0,stub
0x0023aa50,FUN_0023aa50,,,0,stub
0x0023aae0,FUN_0023aae0,,,0,stub
0x0023aca0,FUN_0023aca0,,,0,stub
0x0023ad80,FUN_0023ad80,,,0,stub
0x0023adf0,FUN_0023adf0,,,0,stub
0x0023ae70,FUN_0023ae70,,,0,stub
0x0023aee0,FUN_0023aee0,,,0,stub
0x0023af10,FUN_0023af10,,,0,stub
0x0023af50,FUN_0023af50,,,0,stub
0x0023afb0,FUN_0023afb0,,,0,stub
0x0023b020,FUN_0023b020,,,0,stub
0x0023b070,FUN_0023b070,,,0,stub
0x0023b110,FUN_0023b110,,,0,stub
0x0023b140,FUN_0023b140,,,0,stub
0x0023b170,FUN_0023b170,,,0,stub
0x0023b970,FUN_0023b970,,,0,stub
0x0023bae0,FUN_0023bae0,,,0,stub
0x0023bdb0,FUN_0023bdb0,,,0,stub
0x0023bf60,FUN_0023bf60,,,0,stub
0x0023c590,FUN_0023c590,,,0,stub
0x0023c5f0,FUN_0023c5f0,,,0,stub
0x0023c630,FUN_0023c630,,,0,stub
0x0023c680,FUN_0023c680,,,0,stub
0x0023c920,FUN_0023c920,,,0,stub
0x0023ccc0,FUN_0023ccc0,,,0,stub
0x0023d000,FUN_0023d000,,,0,stub
0x0023d090,FUN_0023d090,,,0,stub
0x0023d110,FUN_0023d110,,,0,stub
0x0023d1a0,FUN_0023d1a0,,,0,stub
0x0023d240,FUN_0023d240,,,0,stub
0x0023d2a0,FUN_0023d2a0,,,0,stub
0x0023d500,FUN_0023d500,,,0,stub
0x0023d5b0,FUN_0023d5b0,,,0,stub
0x0023d670,FUN_0023d670,,,0,stub
0x0023d7b0,FUN_0023d7b0,,,0,stub
0x0023d850,FUN_0023d850,,,0,stub
0x0023d920,FUN_0023d920,,,0,stub
0x0023db20,FUN_0023db20,,,0,stub
0x0023dbc0,FUN_0023dbc0,,,0,stub
0x0023dc60,FUN_0023dc60,,,0,stub
0x0023dd10,FUN_0023dd10,,,0,stub
0x0023df20,FUN_0023df20,,,0,stub
0x0023df60,FUN_0023df60,,,0,stub
0x0023dfd0,FUN_0023dfd0,,,0,stub
0x0023e0c0,FUN_0023e0c0,,,0,stub
0x0023e250,FUN_0023e250,,,0,stub
0x0023e410,FUN_0023e410,,,0,stub
0x0023e5a0,FUN_0023e5a0,,,0,stub
0x0023e600,FUN_0023e600,,,0,stub
0x0023e6c0,FUN_0023e6c0,,,0,stub
0x0023e760,FUN_0023e760,,,0,stub
0x0023e7d0,FUN_0023e7d0,,,0,stub
0x0023e830,FUN_0023e830,,,0,stub
0x0023ec00,FUN_0023ec00,,,0,stub
0x0023edf0,FUN_0023edf0,,,0,stub
0x0023eea0,FUN_0023eea0,,,0,stub
0x0023eef0,FUN_0023eef0,,,0,stub
0x0023f140,FUN_0023f140,,,0,stub
0x0023f1f0,FUN_0023f1f0,,,0,stub
0x0023f280,FUN_0023f280,,,0,stub
0x0023f2c0,FUN_0023f2c0,,,0,stub
0x0023f480,FUN_0023f480,,,0,stub
0x0023f4e0,FUN_0023f4e0,,,0,stub
0x0023f520,FUN_0023f520,,,0,stub
0x0023f570,FUN_0023f570,,,0,stub
0x0023f5d0,FUN_0023f5d0,,,0,stub
0x0023f6c0,FUN_0023f6c0,,,0,stub
0x0023f710,FUN_0023f710,,,0,stub
0x0023fa40,FUN_0023fa40,,,0,stub
0x0023fc80,FUN_0023fc80,,,0,stub
0x0023fd10,FUN_0023fd10,,,0,stub
0x0023fde0,FUN_0023fde0,,,0,stub
0x0023fe60,FUN_0023fe60,,,0,stub
0x0023fef0,FUN_0023fef0,,,0,stub
0x0023ff90,FUN_0023ff90,,,0,stub
0x002400a0,FUN_002400a0,,,0,stub
0x00240220,FUN_00240220,,,0,stub
0x00240350,FUN_00240350,,,0,stub
0x002404b0,FUN_002404b0,,,0,stub
0x002405e0,FUN_002405e0,,,0,stub
0x00240630,FUN_00240630,,,0,stub
0x002406b0,FUN_002406b0,,,0,stub
0x00240800,FUN_00240800,,,0,stub
0x00240890,FUN_00240890,,,0,stub
0x00240a70,FUN_00240a70,,,0,stub
0x00240d10,FUN_00240d10,,,0,stub
0x00241100,FUN_00241100,,,0,stub
0x00241250,FUN_00241250,,,0,stub
0x002412f0,FUN_002412f0,,,0,stub
0x002413d0,FUN_002413d0,,,0,stub
0x00241500,FUN_00241500,,,0,stub
0x002415d0,FUN_002415d0,,,0,stub
0x002417a0,FUN_002417a0,,,0,stub
0x00241820,FUN_00241820,,,0,stub
0x00241960,FUN_00241960,,,0,stub
0x002419a0,FUN_002419a0,,,0,stub
0x00241f20,FUN_00241f20,,,0,stub
0x00242000,FUN_00242000,,,0,stub
0x002422e0,FUN_002422e0,,,0,stub
0x00242480,FUN_00242480,,,0,stub
0x002425d0,FUN_002425d0,,,0,stub
0x00242d20,FUN_00242d20,,,0,stub
0x00242df0,FUN_00242df0,,,0,stub
0x00243180,FUN_00243180,,,0,stub
0x00243560,FUN_00243560,,,0,stub
0x002436e0,FUN_002436e0,,,0,stub
0x00243810,FUN_00243810,,,0,stub
0x00243cc0,FUN_00243cc0,,,0,stub
0x00243e40,FUN_00243e40,,,0,stub
0x00243ff0,FUN_00243ff0,,,0,stub
0x002440e0,FUN_002440e0,,,0,stub
0x00244470,FUN_00244470,,,0,stub
0x00244580,FUN_00244580,,,0,stub
0x00244650,FUN_00244650,,,0,stub
0x002447d0,FUN_002447d0,,,0,stub
0x002456f0,FUN_002456f0,,,0,stub
0x002457e0,FUN_002457e0,,,0,stub
0x00245860,FUN_00245860,,,0,stub
0x00246810,FUN_00246810,,,0,stub
0x00246890,FUN_00246890,,,0,stub
0x00247690,FUN_00247690,,,0,stub
0x002477b0,FUN_002477b0,,,0,stub
0x00247a40,FUN_00247a40,,,0,stub
0x00247c50,FUN_00247c50,,,0,stub
0x00247cc0,FUN_00247cc0,,,0,stub
0x00247dc0,FUN_00247dc0,,,0,stub
0x00247e20,FUN_00247e20,,,0,stub
0x00247e70,FUN_00247e70,,,0,stub
0x00247ec0,FUN_00247ec0,,,0,stub
0x00247f20,FUN_00247f20,,,0,stub
0x00248060,FUN_00248060,,,0,stub
0x00248120,FUN_00248120,,,0,stub
0x002482b0,FUN_002482b0,,,0,stub
0x00248460,FUN_00248460,,,0,stub
0x002484a0,FUN_002484a0,,,0,stub
0x00248550,FUN_00248550,,,0,stub
0x002485e0,FUN_002485e0,,,0,stub
0x00248640,FUN_00248640,,,0,stub
0x00248970,FUN_00248970,,,0,stub
0x002489d0,FUN_002489d0,,,0,stub
0x00248b00,FUN_00248b00,,,0,stub
0x00248b90,FUN_00248b90,,,0,stub
0x00248c50,FUN_00248c50,,,0,stub
0x00248d10,FUN_00248d10,,,0,stub
0x00248dd0,FUN_00248dd0,,,0,stub
0x00248e80,FUN_00248e80,,,0,stub
0x00248f70,FUN_00248f70,,,0,stub
0x00248fc0,FUN_00248fc0,,,0,stub
0x00249030,FUN_00249030,,,0,stub
0x00249120,FUN_00249120,,,0,stub
0x00249280,FUN_00249280,,,0,stub
0x002492d0,FUN_002492d0,,,0,stub
0x00249340,FUN_00249340,,,0,stub
0x00249390,FUN_00249390,,,0,stub
0x002493f0,FUN_002493f0,,,0,stub
0x00249440,FUN_00249440,,,0,stub
0x002494a0,FUN_002494a0,,,0,stub
0x00249540,FUN_00249540,,,0,stub
0x00249730,FUN_00249730,,,0,stub
0x00249930,FUN_00249930,,,0,stub
0x00249a80,FUN_00249a80,,,0,stub
0x00249ad0,FUN_00249ad0,,,0,stub
0x00249b40,FUN_00249b40,,,0,stub
0x00249b90,FUN_00249b90,,,0,stub
0x00249c00,FUN_00249c00,,,0,stub
0x00249c50,FUN_00249c50,,,0,stub
0x00249cc0,FUN_00249cc0,,,0,stub
0x00249d10,FUN_00249d10,,,0,stub
0x00249d80,FUN_00249d80,,,0,stub
0x00249f30,FUN_00249f30,,,0,stub
0x00249ff0,FUN_00249ff0,,,0,stub
0x0024a1a0,FUN_0024a1a0,,,0,stub
0x0024a2e0,FUN_0024a2e0,,,0,stub
0x0024a330,FUN_0024a330,,,0,stub
0x0024a3a0,FUN_0024a3a0,,,0,stub
0x0024a3f0,FUN_0024a3f0,,,0,stub
0x0024a460,FUN_0024a460,,,0,stub
0x0024a4b0,FUN_0024a4b0,,,0,stub
0x0024a520,FUN_0024a520,,,0,stub
0x0024a570,FUN_0024a570,,,0,stub
0x0024a5e0,FUN_0024a5e0,,,0,stub
0x0024a750,FUN_0024a750,,,0,stub
0x0024a890,FUN_0024a890,,,0,stub
0x0024a8e0,FUN_0024a8e0,,,0,stub
0x0024a950,FUN_0024a950,,,0,stub
0x0024a9a0,FUN_0024a9a0,,,0,stub
0x0024aa10,FUN_0024aa10,,,0,stub
0x0024ab90,FUN_0024ab90,,,0,stub
0x0024ad80,FUN_0024ad80,,,0,stub
0x0024afa0,FUN_0024afa0,,,0,stub
0x0024b330,FUN_0024b330,,,0,stub
0x0024b6e0,FUN_0024b6e0,,,0,stub
0x0024b830,FUN_0024b830,,,0,stub
0x0024b880,FUN_0024b880,,,0,stub
0x0024b8f0,FUN_0024b8f0,,,0,stub
0x0024b940,FUN_0024b940,,,0,stub
0x0024b9b0,FUN_0024b9b0,,,0,stub
0x0024ba00,FUN_0024ba00,,,0,stub
0x0024ba70,FUN_0024ba70,,,0,stub
0x0024bac0,FUN_0024bac0,,,0,stub
0x0024bb30,FUN_0024bb30,,,0,stub
0x0024bb80,FUN_0024bb80,,,0,stub
0x0024bbf0,FUN_0024bbf0,,,0,stub
0x0024bc40,FUN_0024bc40,,,0,stub
0x0024bcb0,FUN_0024bcb0,,,0,stub
0x0024be50,FUN_0024be50,,,0,stub
0x0024bf90,FUN_0024bf90,,,0,stub
0x0024c290,FUN_0024c290,,,0,stub
0x0024c3d0,FUN_0024c3d0,,,0,stub
0x0024c420,FUN_0024c420,,,0,stub
0x0024c490,FUN_0024c490,,,0,stub
0x0024c4e0,FUN_0024c4e0,,,0,stub
0x0024c550,FUN_0024c550,,,0,stub
0x0024c5a0,FUN_0024c5a0,,,0,stub
0x0024c610,FUN_0024c610,,,0,stub
0x0024c660,FUN_0024c660,,,0,stub
0x0024c710,FUN_0024c710,,,0,stub
0x0024c8c0,FUN_0024c8c0,,,0,stub
0x0024cc80,FUN_0024cc80,,,0,stub
0x0024ce20,FUN_0024ce20,,,0,stub
0x0024d020,FUN_0024d020,,,0,stub
0x0024d160,FUN_0024d160,,,0,stub
0x0024d1b0,FUN_0024d1b0,,,0,stub
0x0024d220,FUN_0024d220,,,0,stub
0x0024d270,FUN_0024d270,,,0,stub
0x0024d2e0,FUN_0024d2e0,,,0,stub
0x0024d330,FUN_0024d330,,,0,stub
0x0024d3a0,FUN_0024d3a0,,,0,stub
0x0024d3f0,FUN_0024d3f0,,,0,stub
0x0024d460,FUN_0024d460,,,0,stub
0x0024d4b0,FUN_0024d4b0,,,0,stub
0x0024d520,FUN_0024d520,,,0,stub
0x0024d570,FUN_0024d570,,,0,stub
0x0024d5e0,FUN_0024d5e0,,,0,stub
0x0024d630,FUN_0024d630,,,0,stub
0x0024d6a0,FUN_0024d6a0,,,0,stub
0x0024d820,FUN_0024d820,,,0,stub
0x0024db80,FUN_0024db80,,,0,stub
0x0024ddf0,FUN_0024ddf0,,,0,stub
0x0024df40,FUN_0024df40,,,0,stub
0x0024df90,FUN_0024df90,,,0,stub
0x0024e000,FUN_0024e000,,,0,stub
0x0024e050,FUN_0024e050,,,0,stub
0x0024e0c0,FUN_0024e0c0,,,0,stub
0x0024e110,FUN_0024e110,,,0,stub
0x0024e180,FUN_0024e180,,,0,stub
0x0024e1d0,FUN_0024e1d0,,,0,stub
0x0024e240,FUN_0024e240,,,0,stub
0x0024e2b0,FUN_0024e2b0,,,0,stub
0x0024e310,FUN_0024e310,,,0,stub
0x0024e3a0,FUN_0024e3a0,,,0,stub
0x0024e530,FUN_0024e530,,,0,stub
0x0024e5c0,FUN_0024e5c0,,,0,stub
0x0024e640,FUN_0024e640,,,0,stub
0x0024e6d0,FUN_0024e6d0,,,0,stub
0x0024e810,FUN_0024e810,,,0,stub
0x0024e870,FUN_0024e870,,,0,stub
0x0024e910,FUN_0024e910,,,0,stub
0x0024e960,FUN_0024e960,,,0,stub
0x0024eb20,FUN_0024eb20,,,0,stub
0x0024eb80,FUN_0024eb80,,,0,stub
0x0024eca0,FUN_0024eca0,,,0,stub
0x0024ed10,FUN_0024ed10,,,0,stub
0x0024ee10,FUN_0024ee10,,,0,stub
0x0024ef20,FUN_0024ef20,,,0,stub
0x0024ef70,FUN_0024ef70,,,0,stub
0x0024f000,FUN_0024f000,,,0,stub
0x0024f050,FUN_0024f050,,,0,stub
0x0024f110,FUN_0024f110,,,0,stub
0x0024f3a0,FUN_0024f3a0,,,0,stub
0x0024f430,FUN_0024f430,,,0,stub
0x0024f540,FUN_0024f540,,,0,stub
0x0024f5d0,FUN_0024f5d0,,,0,stub
0x0024f6e0,FUN_0024f6e0,,,0,stub
0x0024fb90,FUN_0024fb90,,,0,stub
0x0024fe00,FUN_0024fe00,,,0,stub
0x0024ff60,FUN_0024ff60,,,0,stub
0x0024ffd0,FUN_0024ffd0,,,0,stub
0x002500e0,FUN_002500e0,,,0,stub
0x00250450,FUN_00250450,,,0,stub
0x002508b0,FUN_002508b0,,,0,stub
0x00250d60,FUN_00250d60,,,0,stub
0x00251030,FUN_00251030,,,0,stub
0x002510a0,FUN_002510a0,,,0,stub
0x002511b0,FUN_002511b0,,,0,stub
0x002512b0,FUN_002512b0,,,0,stub
0x002514f0,FUN_002514f0,,,0,stub
0x00251590,FUN_00251590,,,0,stub
0x002516b0,FUN_002516b0,,,0,stub
0x00251920,FUN_00251920,,,0,stub
0x00251a10,FUN_00251a10,,,0,stub
0x00251a80,FUN_00251a80,,,0,stub
0x00251b90,FUN_00251b90,,,0,stub
0x00251d60,FUN_00251d60,,,0,stub
0x00251ec0,FUN_00251ec0,,,0,stub
0x00252010,FUN_00252010,,,0,stub
0x002520c0,FUN_002520c0,,,0,stub
0x002522e0,FUN_002522e0,,,0,stub
0x002523f0,FUN_002523f0,,,0,stub
0x00252550,FUN_00252550,,,0,stub
0x002525c0,FUN_002525c0,,,0,stub
0x002526d0,FUN_002526d0,,,0,stub
0x00252720,FUN_00252720,,,0,stub
0x002527c0,FUN_002527c0,,,0,stub
0x00252810,FUN_00252810,,,0,stub
0x00252880,FUN_00252880,,,0,stub
0x002528d0,FUN_002528d0,,,0,stub
0x00252940,FUN_00252940,,,0,stub
0x00252990,FUN_00252990,,,0,stub
0x00252a30,FUN_00252a30,,,0,stub
0x00252a80,FUN_00252a80,,,0,stub
0x00252af0,FUN_00252af0,,,0,stub
0x00252b40,FUN_00252b40,,,0,stub
0x00252bb0,FUN_00252bb0,,,0,stub
0x00252c00,FUN_00252c00,,,0,stub
0x00252c70,FUN_00252c70,,,0,stub
0x00252cc0,FUN_00252cc0,,,0,stub
0x00252d30,FUN_00252d30,,,0,stub
0x00252d80,FUN_00252d80,,,0,stub
0x00252df0,FUN_00252df0,,,0,stub
0x00252e40,FUN_00252e40,,,0,stub
0x00252ee0,FUN_00252ee0,,,0,stub
0x00252f30,FUN_00252f30,,,0,stub
0x00252fa0,FUN_00252fa0,,,0,stub
0x00252ff0,FUN_00252ff0,,,0,stub
0x00253060,FUN_00253060,,,0,stub
0x002530b0,FUN_002530b0,,,0,stub
0x00253120,FUN_00253120,,,0,stub
0x00253170,FUN_00253170,,,0,stub
0x002531e0,FUN_002531e0,,,0,stub
0x00253230,FUN_00253230,,,0,stub
0x002532a0,FUN_002532a0,,,0,stub
0x002532f0,FUN_002532f0,,,0,stub
0x00253360,FUN_00253360,,,0,stub
0x002533b0,FUN_002533b0,,,0,stub
0x00253420,FUN_00253420,,,0,stub
0x00253470,FUN_00253470,,,0,stub
0x00253510,FUN_00253510,,,0,stub
0x00253560,FUN_00253560,,,0,stub
0x002535d0,FUN_002535d0,,,0,stub
0x00253620,FUN_00253620,,,0,stub
0x00253690,FUN_00253690,,,0,stub
0x002536e0,FUN_002536e0,,,0,stub
0x00253750,FUN_00253750,,,0,stub
0x002537a0,FUN_002537a0,,,0,stub
0x00253810,FUN_00253810,,,0,stub
0x00253860,FUN_00253860,,,0,stub
0x002538d0,FUN_002538d0,,,0,stub
0x00253920,FUN_00253920,,,0,stub
0x00253990,FUN_00253990,,,0,stub
0x002539e0,FUN_002539e0,,,0,stub
0x00253a80,FUN_00253a80,,,0,stub
0x00253ad0,FUN_00253ad0,,,0,stub
0x00253b40,FUN_00253b40,,,0,stub
0x00253b90,FUN_00253b90,,,0,stub
0x00253c00,FUN_00253c00,,,0,stub
0x00253c50,FUN_00253c50,,,0,stub
0x00253cc0,FUN_00253cc0,,,0,stub
0x00253d10,FUN_00253d10,,,0,stub
0x00253d80,FUN_00253d80,,,0,stub
0x00253dd0,FUN_00253dd0,,,0,stub
0x00253e70,FUN_00253e70,,,0,stub
0x00253ec0,FUN_00253ec0,,,0,stub
0x00253f30,FUN_00253f30,,,0,stub
0x00253f80,FUN_00253f80,,,0,stub
0x00254020,FUN_00254020,,,0,stub
0x00254070,FUN_00254070,,,0,stub
0x002540e0,FUN_002540e0,,,0,stub
0x00254130,FUN_00254130,,,0,stub
0x002541a0,FUN_002541a0,,,0,stub
0x002541f0,FUN_002541f0,,,0,stub
0x00254260,FUN_00254260,,,0,stub
0x002542e0,FUN_002542e0,,,0,stub
0x00254460,FUN_00254460,,,0,stub
0x002544e0,FUN_002544e0,,,0,stub
0x00254660,FUN_00254660,,,0,stub
0x002546e0,FUN_002546e0,,,0,stub
0x00254860,FUN_00254860,,,0,stub
0x002548e0,FUN_002548e0,,,0,stub
0x00254a60,FUN_00254a60,,,0,stub
0x00254ae0,FUN_00254ae0,,,0,stub
0x00254c60,FUN_00254c60,,,0,stub
0x00254ce0,FUN_00254ce0,,,0,stub
0x00254e60,FUN_00254e60,,,0,stub
0x00254ee0,FUN_00254ee0,,,0,stub
0x00255060,FUN_00255060,,,0,stub
0x002550b0,FUN_002550b0,,,0,stub
0x00255100,FUN_00255100,,,0,stub
0x00255150,FUN_00255150,,,0,stub
0x002551a0,FUN_002551a0,,,0,stub
0x002551f0,FUN_002551f0,,,0,stub
0x00255240,FUN_00255240,,,0,stub
0x00255290,FUN_00255290,,,0,stub
0x00255560,FUN_00255560,,,0,stub
0x00255680,FUN_00255680,,,0,stub
0x00255710,FUN_00255710,,,0,stub
0x00255780,FUN_00255780,,,0,stub
0x00255890,FUN_00255890,,,0,stub
0x00255c00,FUN_00255c00,,,0,stub
0x00256080,FUN_00256080,,,0,stub
0x00256530,FUN_00256530,,,0,stub
0x00256650,FUN_00256650,,,0,stub
0x00256770,FUN_00256770,,,0,stub
0x00256800,FUN_00256800,,,0,stub
0x002569c0,FUN_002569c0,,,0,stub
0x00256a30,FUN_00256a30,,,0,stub
0x00256b40,FUN_00256b40,,,0,stub
0x00256bd0,FUN_00256bd0,,,0,stub
0x00256cd0,FUN_00256cd0,,,0,stub
0x00256df0,FUN_00256df0,,,0,stub
0x00256e60,FUN_00256e60,,,0,stub
0x00256f70,FUN_00256f70,,,0,stub
0x002572f0,FUN_002572f0,,,0,stub
0x00257420,FUN_00257420,,,0,stub
0x00257560,FUN_00257560,,,0,stub
0x00257620,FUN_00257620,,,0,stub
0x00257730,FUN_00257730,,,0,stub
0x00257840,FUN_00257840,,,0,stub
0x00257900,FUN_00257900,,,0,stub
0x00257a10,FUN_00257a10,,,0,stub
0x00257b20,FUN_00257b20,,,0,stub
0x00257fd0,FUN_00257fd0,,,0,stub
0x002581a0,FUN_002581a0,,,0,stub
0x00258210,FUN_00258210,,,0,stub
0x00258320,FUN_00258320,,,0,stub
0x00258390,FUN_00258390,,,0,stub
0x002584a0,FUN_002584a0,,,0,stub
0x002584f0,FUN_002584f0,,,0,stub
0x00258560,FUN_00258560,,,0,stub
0x002585b0,FUN_002585b0,,,0,stub
0x00258620,FUN_00258620,,,0,stub
0x00258670,FUN_00258670,,,0,stub
0x002586e0,FUN_002586e0,,,0,stub
0x00258730,FUN_00258730,,,0,stub
0x002587a0,FUN_002587a0,,,0,stub
0x002587f0,FUN_002587f0,,,0,stub
0x00258860,FUN_00258860,,,0,stub
0x002588b0,FUN_002588b0,,,0,stub
0x00258920,FUN_00258920,,,0,stub
0x00258970,FUN_00258970,,,0,stub
0x002589e0,FUN_002589e0,,,0,stub
0x00258a30,FUN_00258a30,,,0,stub
0x00258aa0,FUN_00258aa0,,,0,stub
0x00258af0,FUN_00258af0,,,0,stub
0x00258b60,FUN_00258b60,,,0,stub
0x00258bb0,FUN_00258bb0,,,0,stub
0x00258c20,FUN_00258c20,,,0,stub
0x00258c70,FUN_00258c70,,,0,stub
0x00258ce0,FUN_00258ce0,,,0,stub
0x00258d30,FUN_00258d30,,,0,stub
0x00258da0,FUN_00258da0,,,0,stub
0x00258df0,FUN_00258df0,,,0,stub
0x00258e60,FUN_00258e60,,,0,stub
0x00258eb0,FUN_00258eb0,,,0,stub
0x00258f20,FUN_00258f20,,,0,stub
0x00258f70,FUN_00258f70,,,0,stub
0x00258fe0,FUN_00258fe0,,,0,stub
0x00259030,FUN_00259030,,,0,stub
0x002590a0,FUN_002590a0,,,0,stub
0x002590f0,FUN_002590f0,,,0,stub
0x00259160,FUN_00259160,,,0,stub
0x002591b0,FUN_002591b0,,,0,stub
0x00259220,FUN_00259220,,,0,stub
0x00259270,FUN_00259270,,,0,stub
0x002592e0,FUN_002592e0,,,0,stub
0x00259330,FUN_00259330,,,0,stub
0x002593a0,FUN_002593a0,,,0,stub
0x002593f0,FUN_002593f0,,,0,stub
0x00259460,FUN_00259460,,,0,stub
0x002594b0,FUN_002594b0,,,0,stub
0x00259520,FUN_00259520,,,0,stub
0x00259570,FUN_00259570,,,0,stub
0x002595e0,FUN_002595e0,,,0,stub
0x00259630,FUN_00259630,,,0,stub
0x002596a0,FUN_002596a0,,,0,stub
0x002596f0,FUN_002596f0,,,0,stub
0x00259760,FUN_00259760,,,0,stub
0x002597b0,FUN_002597b0,,,0,stub
0x00259820,FUN_00259820,,,0,stub
0x002598a0,FUN_002598a0,,,0,stub
0x00259a20,FUN_00259a20,,,0,stub
0x00259aa0,FUN_00259aa0,,,0,stub
0x00259c20,FUN_00259c20,,,0,stub
0x00259ca0,FUN_00259ca0,,,0,stub
0x00259e20,FUN_00259e20,,,0,stub
0x00259ea0,FUN_00259ea0,,,0,stub
0x0025a020,FUN_0025a020,,,0,stub
0x0025a0a0,FUN_0025a0a0,,,0,stub
0x0025a220,FUN_0025a220,,,0,stub
0x0025a2a0,FUN_0025a2a0,,,0,stub
0x0025a420,FUN_0025a420,,,0,stub
0x0025a4a0,FUN_0025a4a0,,,0,stub
0x0025a620,FUN_0025a620,,,0,stub
0x0025a6a0,FUN_0025a6a0,,,0,stub
0x0025a820,FUN_0025a820,,,0,stub
0x0025a8a0,FUN_0025a8a0,,,0,stub
0x0025aa20,FUN_0025aa20,,,0,stub
0x0025aa70,FUN_0025aa70,,,0,stub
0x0025aac0,FUN_0025aac0,,,0,stub
0x0025ab10,FUN_0025ab10,,,0,stub
0x0025ab60,FUN_0025ab60,,,0,stub
0x0025abb0,FUN_0025abb0,,,0,stub
0x0025ac00,FUN_0025ac00,,,0,stub
0x0025ac50,FUN_0025ac50,,,0,stub
0x0025aca0,FUN_0025aca0,,,0,stub
0x0025acf0,FUN_0025acf0,,,0,stub
0x0025afc0,FUN_0025afc0,,,0,stub
0x0025b290,FUN_0025b290,,,0,stub
0x0025b3b0,FUN_0025b3b0,,,0,stub
0x0025b4d0,FUN_0025b4d0,,,0,stub
0x0025b560,FUN_0025b560,,,0,stub
0x0025b770,FUN_0025b770,,,0,stub
0x0025b7e0,FUN_0025b7e0,,,0,stub
0x0025b8f0,FUN_0025b8f0,,,0,stub
0x0025b980,FUN_0025b980,,,0,stub
0x0025ba80,FUN_0025ba80,,,0,stub
0x0025bb70,FUN_0025bb70,,,0,stub
0x0025bc90,FUN_0025bc90,,,0,stub
0x0025bdb0,FUN_0025bdb0,,,0,stub
0x0025be20,FUN_0025be20,,,0,stub
0x0025bf30,FUN_0025bf30,,,0,stub
0x0025c2b0,FUN_0025c2b0,,,0,stub
0x0025c390,FUN_0025c390,,,0,stub
0x0025c400,FUN_0025c400,,,0,stub
0x0025c510,FUN_0025c510,,,0,stub
0x0025c580,FUN_0025c580,,,0,stub
0x0025c690,FUN_0025c690,,,0,stub
0x0025c6e0,FUN_0025c6e0,,,0,stub
0x0025c750,FUN_0025c750,,,0,stub
0x0025c7a0,FUN_0025c7a0,,,0,stub
0x0025c810,FUN_0025c810,,,0,stub
0x0025c860,FUN_0025c860,,,0,stub
0x0025c8d0,FUN_0025c8d0,,,0,stub
0x0025c920,FUN_0025c920,,,0,stub
0x0025c990,FUN_0025c990,,,0,stub
0x0025c9e0,FUN_0025c9e0,,,0,stub
0x0025ca50,FUN_0025ca50,,,0,stub
0x0025caa0,FUN_0025caa0,,,0,stub
0x0025cb10,FUN_0025cb10,,,0,stub
0x0025cb60,FUN_0025cb60,,,0,stub
0x0025cbd0,FUN_0025cbd0,,,0,stub
0x0025cc20,FUN_0025cc20,,,0,stub
0x0025cc90,FUN_0025cc90,,,0,stub
0x0025cce0,FUN_0025cce0,,,0,stub
0x0025cd50,FUN_0025cd50,,,0,stub
0x0025cda0,FUN_0025cda0,,,0,stub
0x0025ce10,FUN_0025ce10,,,0,stub
0x0025ce60,FUN_0025ce60,,,0,stub
0x0025ced0,FUN_0025ced0,,,0,stub
0x0025cf20,FUN_0025cf20,,,0,stub
0x0025cf90,FUN_0025cf90,,,0,stub
0x0025cfe0,FUN_0025cfe0,,,0,stub
0x0025d050,FUN_0025d050,,,0,stub
0x0025d0a0,FUN_0025d0a0,,,0,stub
0x0025d110,FUN_0025d110,,,0,stub
0x0025d160,FUN_0025d160,,,0,stub
0x0025d1d0,FUN_0025d1d0,,,0,stub
0x0025d220,FUN_0025d220,,,0,stub
0x0025d290,FUN_0025d290,,,0,stub
0x0025d2e0,FUN_0025d2e0,,,0,stub
0x0025d350,FUN_0025d350,,,0,stub
0x0025d3a0,FUN_0025d3a0,,,0,stub
0x0025d410,FUN_0025d410,,,0,stub
0x0025d490,FUN_0025d490,,,0,stub
0x0025d610,FUN_0025d610,,,0,stub
0x0025d690,FUN_0025d690,,,0,stub
0x0025d810,FUN_0025d810,,,0,stub
0x0025d890,FUN_0025d890,,,0,stub
0x0025da10,FUN_0025da10,,,0,stub
0x0025da90,FUN_0025da90,,,0,stub
0x0025dc10,FUN_0025dc10,,,0,stub
0x0025dc60,FUN_0025dc60,,,0,stub
0x0025dcb0,FUN_0025dcb0,,,0,stub
0x0025dd00,FUN_0025dd00,,,0,stub
0x0025ddd0,FUN_0025ddd0,,,0,stub
0x0025df70,FUN_0025df70,,,0,stub
0x0025dfd0,FUN_0025dfd0,,,0,stub
0x0025e020,FUN_0025e020,,,0,stub
0x0025e080,FUN_0025e080,,,0,stub
0x0025e0d0,FUN_0025e0d0,,,0,stub
0x0025e1a0,FUN_0025e1a0,,,0,stub
0x0025e2a0,FUN_0025e2a0,,,0,stub
0x0025e3a0,FUN_0025e3a0,,,0,stub
0x0025e4b0,FUN_0025e4b0,,,0,stub
0x0025e5c0,FUN_0025e5c0,,,0,stub
0x0025e760,FUN_0025e760,,,0,stub
0x0025e900,FUN_0025e900,,,0,stub
0x0025ea30,FUN_0025ea30,,,0,stub
0x0025eb50,FUN_0025eb50,,,0,stub
0x0025ec90,FUN_0025ec90,,,0,stub
0x0025ee20,FUN_0025ee20,,,0,stub
0x0025ef20,FUN_0025ef20,,,0,stub
0x0025f050,FUN_0025f050,,,0,stub
0x0025f180,FUN_0025f180,,,0,stub
0x0025f2c0,FUN_0025f2c0,,,0,stub
0x0025f350,FUN_0025f350,,,0,stub
0x0025f480,FUN_0025f480,,,0,stub
0x0025f5a0,FUN_0025f5a0,,,0,stub
0x0025f680,FUN_0025f680,,,0,stub
0x0025f7a0,FUN_0025f7a0,,,0,stub
0x002601a0,FUN_002601a0,,,0,stub
0x00260200,FUN_00260200,,,0,stub
0x00260230,FUN_00260230,,,0,stub
0x00260270,FUN_00260270,,,0,stub
0x002602b0,FUN_002602b0,,,0,stub
0x00260340,FUN_00260340,,,0,stub
0x002603e0,FUN_002603e0,,,0,stub
0x00260540,FUN_00260540,,,0,stub
0x002606a0,FUN_002606a0,,,0,stub
0x00260740,FUN_00260740,,,0,stub
0x00260860,FUN_00260860,,,0,stub
0x00260980,FUN_00260980,,,0,stub
0x00260a30,FUN_00260a30,,,0,stub
0x00260ae0,FUN_00260ae0,,,0,stub
0x00260bc0,FUN_00260bc0,,,0,stub
0x00260c20,FUN_00260c20,,,0,stub
0x00260c90,FUN_00260c90,,,0,stub
0x00260cf0,FUN_00260cf0,,,0,stub
0x00260d40,FUN_00260d40,,,0,stub
0x00260d90,FUN_00260d90,,,0,stub
0x00260df0,FUN_00260df0,,,0,stub
0x00260e80,FUN_00260e80,,,0,stub
0x00260ed0,FUN_00260ed0,,,0,stub
0x00260f10,FUN_00260f10,,,0,stub
0x00260f70,FUN_00260f70,,,0,stub
0x00260fb0,FUN_00260fb0,,,0,stub
0x00261000,FUN_00261000,,,0,stub
0x00261090,FUN_00261090,,,0,stub
0x00261130,FUN_00261130,,,0,stub
0x002613a0,FUN_002613a0,,,0,stub
0x00261450,FUN_00261450,,,0,stub
0x002614a0,FUN_002614a0,,,0,stub
0x002615f0,FUN_002615f0,,,0,stub
0x002619a0,FUN_002619a0,,,0,stub
0x00261a10,FUN_00261a10,,,0,stub
0x00261c60,FUN_00261c60,,,0,stub
0x00261d40,FUN_00261d40,,,0,stub
0x00261ed0,FUN_00261ed0,,,0,stub
0x00262040,FUN_00262040,,,0,stub
0x002621d0,FUN_002621d0,,,0,stub
0x00262460,FUN_00262460,,,0,stub
0x002624b0,FUN_002624b0,,,0,stub
0x002625e0,FUN_002625e0,,,0,stub
0x002628a0,FUN_002628a0,,,0,stub
0x00262910,FUN_00262910,,,0,stub
0x00262a30,FUN_00262a30,,,0,stub
0x00262b60,FUN_00262b60,,,0,stub
0x00262bd0,FUN_00262bd0,,,0,stub
0x00262ce0,FUN_00262ce0,,,0,stub
0x00262da0,FUN_00262da0,,,0,stub
0x00262f60,FUN_00262f60,,,0,stub
0x00263050,FUN_00263050,,,0,stub
0x002630d0,FUN_002630d0,,,0,stub
0x002631a0,FUN_002631a0,,,0,stub
0x00263320,FUN_00263320,,,0,stub
0x00263490,FUN_00263490,,,0,stub
0x00263650,FUN_00263650,,,0,stub
0x002638a0,FUN_002638a0,,,0,stub
0x00263a10,FUN_00263a10,,,0,stub
0x00263a90,FUN_00263a90,,,0,stub
0x00263d50,FUN_00263d50,,,0,stub
0x00263fe0,FUN_00263fe0,,,0,stub
0x00264080,FUN_00264080,,,0,stub
0x00264150,FUN_00264150,,,0,stub
0x002642b0,FUN_002642b0,,,0,stub
0x00264470,FUN_00264470,,,0,stub
0x002644a0,FUN_002644a0,,,0,stub
0x00264530,FUN_00264530,,,0,stub
0x00264690,FUN_00264690,,,0,stub
0x002648c0,FUN_002648c0,,,0,stub
0x002649f0,FUN_002649f0,,,0,stub
0x00264c10,FUN_00264c10,,,0,stub
0x00264d60,FUN_00264d60,,,0,stub
0x00264e80,FUN_00264e80,,,0,stub
0x00264f30,FUN_00264f30,,,0,stub
0x00264f90,FUN_00264f90,,,0,stub
0x00265000,FUN_00265000,,,0,stub
0x00265190,FUN_00265190,,,0,stub
0x002652a0,FUN_002652a0,,,0,stub
0x00265430,FUN_00265430,,,0,stub
0x00265570,FUN_00265570,,,0,stub
0x002656b0,FUN_002656b0,,,0,stub
0x002657a0,FUN_002657a0,,,0,stub
0x00265840,FUN_00265840,,,0,stub
0x00265920,FUN_00265920,,,0,stub
0x00265970,FUN_00265970,,,0,stub
0x00265be0,FUN_00265be0,,,0,stub
0x00265d50,FUN_00265d50,,,0,stub
0x00265de0,FUN_00265de0,,,0,stub
0x00266070,FUN_00266070,,,0,stub
0x002663c0,FUN_002663c0,,,0,stub
0x002665b0,FUN_002665b0,,,0,stub
0x002666d0,FUN_002666d0,,,0,stub
0x002667c0,FUN_002667c0,,,0,stub
0x002668d0,FUN_002668d0,,,0,stub
0x00266990,FUN_00266990,,,0,stub
0x00266c60,FUN_00266c60,,,0,stub
0x00266e00,FUN_00266e00,,,0,stub
0x00267080,FUN_00267080,,,0,stub
0x00267130,FUN_00267130,,,0,stub
0x00267230,FUN_00267230,,,0,stub
0x002672f0,FUN_002672f0,,,0,stub
0x00267330,FUN_00267330,,,0,stub
0x00267390,FUN_00267390,,,0,stub
0x00267550,FUN_00267550,,,0,stub
0x002676f0,FUN_002676f0,,,0,stub
0x00267870,FUN_00267870,,,0,stub
0x00267a30,FUN_00267a30,,,0,stub
0x00267d40,FUN_00267d40,,,0,stub
0x00267f60,FUN_00267f60,,,0,stub
0x00267fe0,FUN_00267fe0,,,0,stub
0x00268350,FUN_00268350,,,0,stub
0x002685e0,FUN_002685e0,,,0,stub
0x00268700,FUN_00268700,,,0,stub
0x00268850,FUN_00268850,,,0,stub
0x00268ca0,FUN_00268ca0,,,0,stub
0x00268de0,FUN_00268de0,,,0,stub
0x002690c0,FUN_002690c0,,,0,stub
0x002692d0,FUN_002692d0,,,0,stub
0x00269370,FUN_00269370,,,0,stub
0x002694b0,FUN_002694b0,,,0,stub
0x00269670,FUN_00269670,,,0,stub
0x002697a0,FUN_002697a0,,,0,stub
0x002699c0,FUN_002699c0,,,0,stub
0x00269b10,FUN_00269b10,,,0,stub
0x00269d20,FUN_00269d20,,,0,stub
0x00269ea0,FUN_00269ea0,,,0,stub
0x00269f30,FUN_00269f30,,,0,stub
0x0026a000,FUN_0026a000,,,0,stub
0x0026a1f0,FUN_0026a1f0,,,0,stub
0x0026a280,FUN_0026a280,,,0,stub
0x0026a340,FUN_0026a340,,,0,stub
0x0026a540,FUN_0026a540,,,0,stub
0x0026a5a0,FUN_0026a5a0,,,0,stub
0x0026a6c0,FUN_0026a6c0,,,0,stub
0x0026a730,FUN_0026a730,,,0,stub
0x0026a820,FUN_0026a820,,,0,stub
0x0026a8a0,FUN_0026a8a0,,,0,stub
0x0026a9e0,FUN_0026a9e0,,,0,stub
0x0026aaf0,FUN_0026aaf0,,,0,stub
0x0026abb0,FUN_0026abb0,,,0,stub
0x0026ad10,FUN_0026ad10,,,0,stub
0x0026ae50,FUN_0026ae50,,,0,stub
0x0026b160,FUN_0026b160,,,0,stub
0x0026b1d0,FUN_0026b1d0,,,0,stub
0x0026b4b0,FUN_0026b4b0,,,0,stub
0x0026b510,FUN_0026b510,,,0,stub
0x0026b560,FUN_0026b560,,,0,stub
0x0026b5b0,FUN_0026b5b0,,,0,stub
0x0026b620,FUN_0026b620,,,0,stub
0x0026b6e0,FUN_0026b6e0,,,0,stub
0x0026b780,FUN_0026b780,,,0,stub
0x0026b860,FUN_0026b860,,,0,stub
0x0026b930,FUN_0026b930,,,0,stub
0x0026be10,FUN_0026be10,,,0,stub
0x0026beb0,FUN_0026beb0,,,0,stub
0x0026bf10,FUN_0026bf10,,,0,stub
0x0026bf90,FUN_0026bf90,,,0,stub
0x0026c040,FUN_0026c040,,,0,stub
0x0026c1c0,FUN_0026c1c0,,,0,stub
0x0026c210,FUN_0026c210,,,0,stub
0x0026c790,FUN_0026c790,,,0,stub
0x0026ca00,FUN_0026ca00,,,0,stub
0x0026cb30,FUN_0026cb30,,,0,stub
0x0026cd50,FUN_0026cd50,,,0,stub
0x0026cdb0,FUN_0026cdb0,,,0,stub
0x0026ce00,FUN_0026ce00,,,0,stub
0x0026cfa0,FUN_0026cfa0,,,0,stub
0x0026d0b0,FUN_0026d0b0,,,0,stub
0x0026d1a0,FUN_0026d1a0,,,0,stub
0x0026d230,FUN_0026d230,,,0,stub
0x0026d4a0,FUN_0026d4a0,,,0,stub
0x0026d6f0,FUN_0026d6f0,,,0,stub
0x0026daf0,FUN_0026daf0,,,0,stub
0x0026ddc0,FUN_0026ddc0,,,0,stub
0x0026e6f0,FUN_0026e6f0,,,0,stub
0x0026e750,FUN_0026e750,,,0,stub
0x0026e800,FUN_0026e800,,,0,stub
0x0026e930,FUN_0026e930,,,0,stub
0x0026ea70,FUN_0026ea70,,,0,stub
0x0026eb30,FUN_0026eb30,,,0,stub
0x0026ebc0,FUN_0026ebc0,,,0,stub
0x0026edc0,FUN_0026edc0,,,0,stub
0x0026ee40,FUN_0026ee40,,,0,stub
0x0026eea0,FUN_0026eea0,,,0,stub
0x0026ef40,FUN_0026ef40,,,0,stub
0x0026f050,FUN_0026f050,,,0,stub
0x0026f0a0,FUN_0026f0a0,,,0,stub
0x0026f270,FUN_0026f270,,,0,stub
0x0026f2d0,FUN_0026f2d0,,,0,stub
0x0026f300,FUN_0026f300,,,0,stub
0x0026f330,FUN_0026f330,,,0,stub
0x0026f370,FUN_0026f370,,,0,stub
0x0026f3c0,FUN_0026f3c0,,,0,stub
0x0026f400,FUN_0026f400,,,0,stub
0x0026f440,FUN_0026f440,,,0,stub
0x0026f4e0,FUN_0026f4e0,,,0,stub
0x0026f540,FUN_0026f540,,,0,stub
0x0026f5c0,FUN_0026f5c0,,,0,stub
0x0026f6e0,FUN_0026f6e0,,,0,stub
0x0026f760,FUN_0026f760,,,0,stub
0x0026f910,FUN_0026f910,,,0,stub
0x0026f950,FUN_0026f950,,,0,stub
0x0026fb60,FUN_0026fb60,,,0,stub
0x0026fbb0,FUN_0026fbb0,,,0,stub
0x0026fd50,FUN_0026fd50,,,0,stub
0x0026fda0,FUN_0026fda0,,,0,stub
0x0026fe20,FUN_0026fe20,,,0,stub
0x0026fee0,FUN_0026fee0,,,0,stub
0x0026ffb0,FUN_0026ffb0,,,0,stub
0x00270040,FUN_00270040,,,0,stub
0x00270490,FUN_00270490,,,0,stub
0x002704c0,FUN_002704c0,,,0,stub
0x00270630,FUN_00270630,,,0,stub
0x00270690,FUN_00270690,,,0,stub
0x00270760,FUN_00270760,,,0,stub
0x002708f0,FUN_002708f0,,,0,stub
0x00270950,FUN_00270950,,,0,stub
0x00270a30,FUN_00270a30,,,0,stub
0x00270b20,FUN_00270b20,,,0,stub
0x00270be0,FUN_00270be0,,,0,stub
0x00270d50,FUN_00270d50,,,0,stub
0x00270da0,FUN_00270da0,,,0,stub
0x00270fc0,FUN_00270fc0,,,0,stub
0x00271020,FUN_00271020,,,0,stub
0x00271140,FUN_00271140,,,0,stub
0x00271220,FUN_00271220,,,0,stub
0x002712a0,FUN_002712a0,,,0,stub
0x00271320,FUN_00271320,,,0,stub
0x00271480,FUN_00271480,,,0,stub
0x00271500,FUN_00271500,,,0,stub
0x00271580,FUN_00271580,,,0,stub
0x00271860,FUN_00271860,,,0,stub
0x002718c0,FUN_002718c0,,,0,stub
0x00271960,FUN_00271960,,,0,stub
0x00271ad0,FUN_00271ad0,,,0,stub
0x00271b20,FUN_00271b20,,,0,stub
0x00271c90,FUN_00271c90,,,0,stub
0x00271ce0,FUN_00271ce0,,,0,stub
0x00271d20,FUN_00271d20,,,0,stub
0x00271e30,FUN_00271e30,,,0,stub
0x00271eb0,FUN_00271eb0,,,0,stub
0x00272040,FUN_00272040,,,0,stub
0x00272090,FUN_00272090,,,0,stub
0x00272220,FUN_00272220,,,0,stub
0x002722e0,FUN_002722e0,,,0,stub
0x00272630,FUN_00272630,,,0,stub
0x002727a0,FUN_002727a0,,,0,stub
0x002727f0,FUN_002727f0,,,0,stub
0x00272830,FUN_00272830,,,0,stub
0x002729a0,FUN_002729a0,,,0,stub
0x00272a00,FUN_00272a00,,,0,stub
0x00272aa0,FUN_00272aa0,,,0,stub
0x00272c10,FUN_00272c10,,,0,stub
0x00272c60,FUN_00272c60,,,0,stub
0x00272cc0,FUN_00272cc0,,,0,stub
0x00272d00,FUN_00272d00,,,0,stub
0x00272e20,FUN_00272e20,,,0,stub
0x00272ea0,FUN_00272ea0,,,0,stub
0x00272f20,FUN_00272f20,,,0,stub
0x002730b0,FUN_002730b0,,,0,stub
0x00273360,FUN_00273360,,,0,stub
0x00273410,FUN_00273410,,,0,stub
0x00273500,FUN_00273500,,,0,stub
0x00273540,FUN_00273540,,,0,stub
0x00273630,FUN_00273630,,,0,stub
0x002737c0,FUN_002737c0,,,0,stub
0x00273810,FUN_00273810,,,0,stub
0x00273930,FUN_00273930,,,0,stub
0x002739e0,FUN_002739e0,,,0,stub
0x00273b00,FUN_00273b00,,,0,stub
0x00273d70,FUN_00273d70,,,0,stub
0x00273db0,FUN_00273db0,,,0,stub
0x00273e90,FUN_00273e90,,,0,stub
0x00274020,FUN_00274020,,,0,stub
0x00274070,FUN_00274070,,,0,stub
0x00274140,FUN_00274140,,,0,stub
0x002741f0,FUN_002741f0,,,0,stub
0x00274290,FUN_00274290,,,0,stub
0x00274400,FUN_00274400,,,0,stub
0x00274450,FUN_00274450,,,0,stub
0x00274560,FUN_00274560,,,0,stub
0x002746f0,FUN_002746f0,,,0,stub
0x00274740,FUN_00274740,,,0,stub
0x00274860,FUN_00274860,,,0,stub
0x002749d0,FUN_002749d0,,,0,stub
0x00274a20,FUN_00274a20,,,0,stub
0x00274af0,FUN_00274af0,,,0,stub
0x00274b70,FUN_00274b70,,,0,stub
0x00274bf0,FUN_00274bf0,,,0,stub
0x00274cd0,FUN_00274cd0,,,0,stub
0x00274f80,FUN_00274f80,,,0,stub
0x00274fe0,FUN_00274fe0,,,0,stub
0x00275070,FUN_00275070,,,0,stub
0x00275170,FUN_00275170,,,0,stub
0x00275210,FUN_00275210,,,0,stub
0x00275290,FUN_00275290,,,0,stub
0x00275310,FUN_00275310,,,0,stub
0x00275390,FUN_00275390,,,0,stub
0x00275520,FUN_00275520,,,0,stub
0x00275580,FUN_00275580,,,0,stub
0x002757b0,FUN_002757b0,,,0,stub
0x002758b0,FUN_002758b0,,,0,stub
0x00275930,FUN_00275930,,,0,stub
0x002759b0,FUN_002759b0,,,0,stub
0x00275a30,FUN_00275a30,,,0,stub
0x00275ab0,FUN_00275ab0,,,0,stub
0x00275c40,FUN_00275c40,,,0,stub
0x00275c90,FUN_00275c90,,,0,stub
0x00275f20,FUN_00275f20,,,0,stub
0x00276090,FUN_00276090,,,0,stub
0x002760e0,FUN_002760e0,,,0,stub
0x00276240,FUN_00276240,,,0,stub
0x002762c0,FUN_002762c0,,,0,stub
0x00276340,FUN_00276340,,,0,stub
0x002763c0,FUN_002763c0,,,0,stub
0x00276550,FUN_00276550,,,0,stub
0x002765a0,FUN_002765a0,,,0,stub
0x00276980,FUN_00276980,,,0,stub
0x00276b10,FUN_00276b10,,,0,stub
0x00276b80,FUN_00276b80,,,0,stub
0x00276bf0,FUN_00276bf0,,,0,stub
0x00276c80,FUN_00276c80,,,0,stub
0x00276d00,FUN_00276d00,,,0,stub
0x00276d50,FUN_00276d50,,,0,stub
0x00276e00,FUN_00276e00,,,0,stub
0x00276e70,FUN_00276e70,,,0,stub
0x00276ee0,FUN_00276ee0,,,0,stub
0x00276f50,FUN_00276f50,,,0,stub
0x00277020,FUN_00277020,,,0,stub
0x00277130,FUN_00277130,,,0,stub
0x002772d0,FUN_002772d0,,,0,stub
0x00277580,FUN_00277580,,,0,stub
0x00277620,FUN_00277620,,,0,stub
0x00277910,FUN_00277910,,,0,stub
0x00278050,FUN_00278050,,,0,stub
0x00278440,FUN_00278440,,,0,stub
0x00278840,FUN_00278840,,,0,stub
0x00278a50,FUN_00278a50,,,0,stub
0x00278b30,FUN_00278b30,,,0,stub
0x00278b70,FUN_00278b70,,,0,stub
0x00278c30,FUN_00278c30,,,0,stub
0x00278db0,FUN_00278db0,,,0,stub
0x00279070,FUN_00279070,,,0,stub
0x002792c0,FUN_002792c0,,,0,stub
0x002793a0,FUN_002793a0,,,0,stub
0x00279430,FUN_00279430,,,0,stub
0x00279900,FUN_00279900,,,0,stub
0x00279ab0,FUN_00279ab0,,,0,stub
0x00279c10,FUN_00279c10,,,0,stub
0x00279da0,FUN_00279da0,,,0,stub
0x0027a050,FUN_0027a050,,,0,stub
0x0027a090,FUN_0027a090,,,0,stub
0x0027a250,FUN_0027a250,,,0,stub
0x0027a460,FUN_0027a460,,,0,stub
0x0027b070,FUN_0027b070,,,0,stub
0x0027b0f0,FUN_0027b0f0,,,0,stub
0x0027b440,FUN_0027b440,,,0,stub
0x0027bcb0,FUN_0027bcb0,,,0,stub
0x0027bd30,FUN_0027bd30,,,0,stub
0x0027be00,FUN_0027be00,,,0,stub
0x0027be70,FUN_0027be70,,,0,stub
0x0027bee0,FUN_0027bee0,,,0,stub
0x0027bfa0,FUN_0027bfa0,,,0,stub
0x0027c440,FUN_0027c440,,,0,stub
0x0027c640,FUN_0027c640,,,0,stub
0x0027c820,FUN_0027c820,,,0,stub
0x0027c870,FUN_0027c870,,,0,stub
0x0027c940,FUN_0027c940,,,0,stub
0x0027cb00,FUN_0027cb00,,,0,stub
0x0027cb50,FUN_0027cb50,,,0,stub
0x0027cbc0,FUN_0027cbc0,,,0,stub
0x0027cda0,FUN_0027cda0,,,0,stub
0x0027cdf0,FUN_0027cdf0,,,0,stub
0x0027cec0,FUN_0027cec0,,,0,stub
0x0027d040,FUN_0027d040,,,0,stub
0x0027d090,FUN_0027d090,,,0,stub
0x0027d180,FUN_0027d180,,,0,stub
0x0027d360,FUN_0027d360,,,0,stub
0x0027d3b0,FUN_0027d3b0,,,0,stub
0x0027d4a0,FUN_0027d4a0,,,0,stub
0x0027d680,FUN_0027d680,,,0,stub
0x0027d6d0,FUN_0027d6d0,,,0,stub
0x0027d7a0,FUN_0027d7a0,,,0,stub
0x0027d910,FUN_0027d910,,,0,stub
0x0027d970,FUN_0027d970,,,0,stub
0x0027da60,FUN_0027da60,,,0,stub
0x0027db90,FUN_0027db90,,,0,stub
0x0027dd10,FUN_0027dd10,,,0,stub
0x0027dd70,FUN_0027dd70,,,0,stub
0x0027e210,FUN_0027e210,,,0,stub
0x0027e390,FUN_0027e390,,,0,stub
0x0027e3e0,FUN_0027e3e0,,,0,stub
0x0027e520,FUN_0027e520,,,0,stub
0x0027e700,FUN_0027e700,,,0,stub
0x0027e750,FUN_0027e750,,,0,stub
0x0027e820,FUN_0027e820,,,0,stub
0x0027e990,FUN_0027e990,,,0,stub
0x0027e9e0,FUN_0027e9e0,,,0,stub
0x0027ead0,FUN_0027ead0,,,0,stub
0x0027ed00,FUN_0027ed00,,,0,stub
0x0027ed50,FUN_0027ed50,,,0,stub
0x0027f3d0,FUN_0027f3d0,,,0,stub
0x0027f5b0,FUN_0027f5b0,,,0,stub
0x0027f600,FUN_0027f600,,,0,stub
0x0027f6d0,FUN_0027f6d0,,,0,stub
0x0027f7b0,FUN_0027f7b0,,,0,stub
0x0027f830,FUN_0027f830,,,0,stub
0x0027f8b0,FUN_0027f8b0,,,0,stub
0x0027f930,FUN_0027f930,,,0,stub
0x0027fac0,FUN_0027fac0,,,0,stub
0x0027fb10,FUN_0027fb10,,,0,stub
0x0027fd20,FUN_0027fd20,,,0,stub
0x0027fea0,FUN_0027fea0,,,0,stub
0x0027fef0,FUN_0027fef0,,,0,stub
0x0027ffe0,FUN_0027ffe0,,,0,stub
0x002801c0,FUN_002801c0,,,0,stub
0x00280220,FUN_00280220,,,0,stub
0x00280290,FUN_00280290,,,0,stub
0x00280410,FUN_00280410,,,0,stub
0x00280460,FUN_00280460,,,0,stub
0x00280550,FUN_00280550,,,0,stub
0x00280780,FUN_00280780,,,0,stub
0x002807d0,FUN_002807d0,,,0,stub
0x002808a0,FUN_002808a0,,,0,stub
0x00280a20,FUN_00280a20,,,0,stub
0x00280a70,FUN_00280a70,,,0,stub
0x00280b60,FUN_00280b60,,,0,stub
0x00280d40,FUN_00280d40,,,0,stub
0x00280d90,FUN_00280d90,,,0,stub
0x00280e00,FUN_00280e00,,,0,stub
0x00280f80,FUN_00280f80,,,0,stub
0x00280fd0,FUN_00280fd0,,,0,stub
0x002810c0,FUN_002810c0,,,0,stub
0x002812a0,FUN_002812a0,,,0,stub
0x002812f0,FUN_002812f0,,,0,stub
0x00281360,FUN_00281360,,,0,stub
0x00281540,FUN_00281540,,,0,stub
0x00281590,FUN_00281590,,,0,stub
0x00281660,FUN_00281660,,,0,stub
0x00281840,FUN_00281840,,,0,stub
0x00281890,FUN_00281890,,,0,stub
0x00281960,FUN_00281960,,,0,stub
0x002819c0,FUN_002819c0,,,0,stub
0x00281ba0,FUN_00281ba0,,,0,stub
0x00281bf0,FUN_00281bf0,,,0,stub
0x00281ce0,FUN_00281ce0,,,0,stub
0x00281e50,FUN_00281e50,,,0,stub
0x00281ea0,FUN_00281ea0,,,0,stub
0x00281f90,FUN_00281f90,,,0,stub
0x002821c0,FUN_002821c0,,,0,stub
0x00282210,FUN_00282210,,,0,stub
0x002824d0,FUN_002824d0,,,0,stub
0x002826f0,FUN_002826f0,,,0,stub
0x00282740,FUN_00282740,,,0,stub
0x00282860,FUN_00282860,,,0,stub
0x002829d0,FUN_002829d0,,,0,stub
0x00282a20,FUN_00282a20,,,0,stub
0x00282b10,FUN_00282b10,,,0,stub
0x00282d40,FUN_00282d40,,,0,stub
0x00282d90,FUN_00282d90,,,0,stub
0x00283140,FUN_00283140,,,0,stub
0x002832b0,FUN_002832b0,,,0,stub
0x00283300,FUN_00283300,,,0,stub
0x002833f0,FUN_002833f0,,,0,stub
0x00283620,FUN_00283620,,,0,stub
0x00283670,FUN_00283670,,,0,stub
0x00283930,FUN_00283930,,,0,stub
0x00283aa0,FUN_00283aa0,,,0,stub
0x00283af0,FUN_00283af0,,,0,stub
0x00283b60,FUN_00283b60,,,0,stub
0x00283d80,FUN_00283d80,,,0,stub
0x00283dd0,FUN_00283dd0,,,0,stub
0x00283ef0,FUN_00283ef0,,,0,stub
0x00284150,FUN_00284150,,,0,stub
0x002841a0,FUN_002841a0,,,0,stub
0x00284310,FUN_00284310,,,0,stub
0x002844f0,FUN_002844f0,,,0,stub
0x00284540,FUN_00284540,,,0,stub
0x00284610,FUN_00284610,,,0,stub
0x00284780,FUN_00284780,,,0,stub
0x002847d0,FUN_002847d0,,,0,stub
0x002848c0,FUN_002848c0,,,0,stub
0x00284af0,FUN_00284af0,,,0,stub
0x00284b40,FUN_00284b40,,,0,stub
0x00284fe0,FUN_00284fe0,,,0,stub
0x002850a0,FUN_002850a0,,,0,stub
0x00285240,FUN_00285240,,,0,stub
0x00285290,FUN_00285290,,,0,stub
0x00285370,FUN_00285370,,,0,stub
0x002854e0,FUN_002854e0,,,0,stub
0x00285530,FUN_00285530,,,0,stub
0x00285620,FUN_00285620,,,0,stub
0x00285850,FUN_00285850,,,0,stub
0x002858a0,FUN_002858a0,,,0,stub
0x00285b60,FUN_00285b60,,,0,stub
0x00285ba0,FUN_00285ba0,,,0,stub
0x00285d80,FUN_00285d80,,,0,stub
0x00285dd0,FUN_00285dd0,,,0,stub
0x00285ea0,FUN_00285ea0,,,0,stub
0x00286010,FUN_00286010,,,0,stub
0x00286060,FUN_00286060,,,0,stub
0x00286150,FUN_00286150,,,0,stub
0x00286380,FUN_00286380,,,0,stub
0x002863d0,FUN_002863d0,,,0,stub
0x00286780,FUN_00286780,,,0,stub
0x002867c0,FUN_002867c0,,,0,stub
0x002869a0,FUN_002869a0,,,0,stub
0x002869f0,FUN_002869f0,,,0,stub
0x00286ac0,FUN_00286ac0,,,0,stub
0x00286c30,FUN_00286c30,,,0,stub
0x00286c80,FUN_00286c80,,,0,stub
0x00286d70,FUN_00286d70,,,0,stub
0x00286fa0,FUN_00286fa0,,,0,stub
0x00286ff0,FUN_00286ff0,,,0,stub
0x002873b0,FUN_002873b0,,,0,stub
0x002873f0,FUN_002873f0,,,0,stub
0x002875d0,FUN_002875d0,,,0,stub
0x00287620,FUN_00287620,,,0,stub
0x002876f0,FUN_002876f0,,,0,stub
0x00287860,FUN_00287860,,,0,stub
0x002878b0,FUN_002878b0,,,0,stub
0x002879a0,FUN_002879a0,,,0,stub
0x00287bd0,FUN_00287bd0,,,0,stub
0x00287c20,FUN_00287c20,,,0,stub
0x00287fd0,FUN_00287fd0,,,0,stub
0x00288010,FUN_00288010,,,0,stub
0x002881f0,FUN_002881f0,,,0,stub
0x00288240,FUN_00288240,,,0,stub
0x00288310,FUN_00288310,,,0,stub
0x002884f0,FUN_002884f0,,,0,stub
0x00288540,FUN_00288540,,,0,stub
0x00288610,FUN_00288610,,,0,stub
0x00288780,FUN_00288780,,,0,stub
0x002887d0,FUN_002887d0,,,0,stub
0x002888c0,FUN_002888c0,,,0,stub
0x00288af0,FUN_00288af0,,,0,stub
0x00288b40,FUN_00288b40,,,0,stub
0x002892b0,FUN_002892b0,,,0,stub
0x00289490,FUN_00289490,,,0,stub
0x002894e0,FUN_002894e0,,,0,stub
0x002895b0,FUN_002895b0,,,0,stub
0x00289720,FUN_00289720,,,0,stub
0x00289770,FUN_00289770,,,0,stub
0x00289860,FUN_00289860,,,0,stub
0x00289a90,FUN_00289a90,,,0,stub
0x00289ae0,FUN_00289ae0,,,0,stub
0x00289e90,FUN_00289e90,,,0,stub
0x0028a060,FUN_0028a060,,,0,stub
0x0028a0b0,FUN_0028a0b0,,,0,stub
0x0028a140,FUN_0028a140,,,0,stub
0x0028a320,FUN_0028a320,,,0,stub
0x0028a370,FUN_0028a370,,,0,stub
0x0028a440,FUN_0028a440,,,0,stub
0x0028a680,FUN_0028a680,,,0,stub
0x0028a6d0,FUN_0028a6d0,,,0,stub
0x0028ace0,FUN_0028ace0,,,0,stub
0x0028ad20,FUN_0028ad20,,,0,stub
0x0028ad60,FUN_0028ad60,,,0,stub
0x0028ada0,FUN_0028ada0,,,0,stub
0x0028ade0,FUN_0028ade0,,,0,stub
0x0028ae20,FUN_0028ae20,,,0,stub
0x0028ae60,FUN_0028ae60,,,0,stub
0x0028aea0,FUN_0028aea0,,,0,stub
0x0028aee0,FUN_0028aee0,,,0,stub
0x0028af20,FUN_0028af20,,,0,stub
0x0028af60,FUN_0028af60,,,0,stub
0x0028afa0,FUN_0028afa0,,,0,stub
0x0028afe0,FUN_0028afe0,,,0,stub
0x0028b100,FUN_0028b100,,,0,stub
0x0028b2d0,FUN_0028b2d0,,,0,stub
0x0028b320,FUN_0028b320,,,0,stub
0x0028b900,FUN_0028b900,,,0,stub
0x0028b950,FUN_0028b950,,,0,stub
0x0028bc00,FUN_0028bc00,,,0,stub
0x0028bdd0,FUN_0028bdd0,,,0,stub
0x0028c110,FUN_0028c110,,,0,stub
0x0028c230,FUN_0028c230,,,0,stub
0x0028c580,FUN_0028c580,,,0,stub
0x0028c6f0,FUN_0028c6f0,,,0,stub
0x0028c740,FUN_0028c740,,,0,stub
0x0028c790,FUN_0028c790,,,0,stub
0x0028c8c0,FUN_0028c8c0,,,0,stub
0x0028c960,FUN_0028c960,,,0,stub
0x0028c9a0,FUN_0028c9a0,,,0,stub
0x0028cb80,FUN_0028cb80,,,0,stub
0x0028cbe0,FUN_0028cbe0,,,0,stub
0x0028ccb0,FUN_0028ccb0,,,0,stub
0x0028ccf0,FUN_0028ccf0,,,0,stub
0x0028cdf0,FUN_0028cdf0,,,0,stub
0x0028ce90,FUN_0028ce90,,,0,stub
0x0028cf10,FUN_0028cf10,,,0,stub
0x0028d0a0,FUN_0028d0a0,,,0,stub
0x0028d100,FUN_0028d100,,,0,stub
0x0028d2b0,FUN_0028d2b0,,,0,stub
0x0028d2f0,FUN_0028d2f0,,,0,stub
0x0028d4d0,FUN_0028d4d0,,,0,stub
0x0028d530,FUN_0028d530,,,0,stub
0x0028d570,FUN_0028d570,,,0,stub
0x0028d6e0,FUN_0028d6e0,,,0,stub
0x0028d740,FUN_0028d740,,,0,stub
0x0028d780,FUN_0028d780,,,0,stub
0x0028d850,FUN_0028d850,,,0,stub
0x0028d8d0,FUN_0028d8d0,,,0,stub
0x0028d950,FUN_0028d950,,,0,stub
0x0028d9d0,FUN_0028d9d0,,,0,stub
0x0028dcc0,FUN_0028dcc0,,,0,stub
0x0028dd20,FUN_0028dd20,,,0,stub
0x0028ddf0,FUN_0028ddf0,,,0,stub
0x0028de30,FUN_0028de30,,,0,stub
0x0028dfa0,FUN_0028dfa0,,,0,stub
0x0028dff0,FUN_0028dff0,,,0,stub
0x0028e030,FUN_0028e030,,,0,stub
0x0028e0f0,FUN_0028e0f0,,,0,stub
0x0028e250,FUN_0028e250,,,0,stub
0x0028e2d0,FUN_0028e2d0,,,0,stub
0x0028e350,FUN_0028e350,,,0,stub
0x0028e3f0,FUN_0028e3f0,,,0,stub
0x0028e580,FUN_0028e580,,,0,stub
0x0028e5e0,FUN_0028e5e0,,,0,stub
0x0028e710,FUN_0028e710,,,0,stub
0x0028e750,FUN_0028e750,,,0,stub
0x0028e880,FUN_0028e880,,,0,stub
0x0028ea00,FUN_0028ea00,,,0,stub
0x0028ea60,FUN_0028ea60,,,0,stub
0x0028eaa0,FUN_0028eaa0,,,0,stub
0x0028ebb0,FUN_0028ebb0,,,0,stub
0x0028ed20,FUN_0028ed20,,,0,stub
0x0028eec0,FUN_0028eec0,,,0,stub
0x0028ef20,FUN_0028ef20,,,0,stub
0x0028efc0,FUN_0028efc0,,,0,stub
0x0028f000,FUN_0028f000,,,0,stub
0x0028f260,FUN_0028f260,,,0,stub
0x0028f2b0,FUN_0028f2b0,,,0,stub
0x0028f500,FUN_0028f500,,,0,stub
0x0028f540,FUN_0028f540,,,0,stub
0x0028f620,FUN_0028f620,,,0,stub
0x0028f720,FUN_0028f720,,,0,stub
0x0028f7a0,FUN_0028f7a0,,,0,stub
0x0028f840,FUN_0028f840,,,0,stub
0x0028fa00,FUN_0028fa00,,,0,stub
0x0028fb90,FUN_0028fb90,,,0,stub
0x0028fbf0,FUN_0028fbf0,,,0,stub
0x0028fd10,FUN_0028fd10,,,0,stub
0x0028fe80,FUN_0028fe80,,,0,stub
0x0028fed0,FUN_0028fed0,,,0,stub
0x0028ff30,FUN_0028ff30,,,0,stub
0x0028ff70,FUN_0028ff70,,,0,stub
0x00290030,FUN_00290030,,,0,stub
0x002901c0,FUN_002901c0,,,0,stub
0x00290220,FUN_00290220,,,0,stub
0x00290360,FUN_00290360,,,0,stub
0x002903a0,FUN_002903a0,,,0,stub
0x00290550,FUN_00290550,,,0,stub
0x002905a0,FUN_002905a0,,,0,stub
0x00290610,FUN_00290610,,,0,stub
0x00290650,FUN_00290650,,,0,stub
0x00290800,FUN_00290800,,,0,stub
0x00290850,FUN_00290850,,,0,stub
0x002908c0,FUN_002908c0,,,0,stub
0x00290900,FUN_00290900,,,0,stub
0x00290ab0,FUN_00290ab0,,,0,stub
0x00290b00,FUN_00290b00,,,0,stub
0x00290b70,FUN_00290b70,,,0,stub
0x00290bb0,FUN_00290bb0,,,0,stub
0x00290d60,FUN_00290d60,,,0,stub
0x00290db0,FUN_00290db0,,,0,stub
0x00290e20,FUN_00290e20,,,0,stub
0x00290e60,FUN_00290e60,,,0,stub
0x00291010,FUN_00291010,,,0,stub
0x00291060,FUN_00291060,,,0,stub
0x002910d0,FUN_002910d0,,,0,stub
0x00291110,FUN_00291110,,,0,stub
0x00291240,FUN_00291240,,,0,stub
0x00291320,FUN_00291320,,,0,stub
0x002914a0,FUN_002914a0,,,0,stub
0x00291500,FUN_00291500,,,0,stub
0x00291540,FUN_00291540,,,0,stub
0x00291620,FUN_00291620,,,0,stub
0x00291700,FUN_00291700,,,0,stub
0x00291890,FUN_00291890,,,0,stub
0x002918f0,FUN_002918f0,,,0,stub
0x00291a50,FUN_00291a50,,,0,stub
0x00291a90,FUN_00291a90,,,0,stub
0x00291cd0,FUN_00291cd0,,,0,stub
0x00291d30,FUN_00291d30,,,0,stub
0x00291d70,FUN_00291d70,,,0,stub
0x00291fb0,FUN_00291fb0,,,0,stub
0x00292000,FUN_00292000,,,0,stub
0x00292130,FUN_00292130,,,0,stub
0x00292220,FUN_00292220,,,0,stub
0x00292270,FUN_00292270,,,0,stub
0x002922b0,FUN_002922b0,,,0,stub
0x00292510,FUN_00292510,,,0,stub
0x00292570,FUN_00292570,,,0,stub
0x002925e0,FUN_002925e0,,,0,stub
0x00292620,FUN_00292620,,,0,stub
0x00292790,FUN_00292790,,,0,stub
0x002927f0,FUN_002927f0,,,0,stub
0x00292830,FUN_00292830,,,0,stub
0x00292920,FUN_00292920,,,0,stub
0x00292ac0,FUN_00292ac0,,,0,stub
0x00292b20,FUN_00292b20,,,0,stub
0x00292bb0,FUN_00292bb0,,,0,stub
0x00292bf0,FUN_00292bf0,,,0,stub
0x00292d60,FUN_00292d60,,,0,stub
0x00292dc0,FUN_00292dc0,,,0,stub
0x00292e50,FUN_00292e50,,,0,stub
0x00292ee0,FUN_00292ee0,,,0,stub
0x00292f20,FUN_00292f20,,,0,stub
0x00293120,FUN_00293120,,,0,stub
0x00293180,FUN_00293180,,,0,stub
0x002931c0,FUN_002931c0,,,0,stub
0x00293280,FUN_00293280,,,0,stub
0x002934b0,FUN_002934b0,,,0,stub
0x00293510,FUN_00293510,,,0,stub
0x00293550,FUN_00293550,,,0,stub
0x00293630,FUN_00293630,,,0,stub
0x002936b0,FUN_002936b0,,,0,stub
0x00293730,FUN_00293730,,,0,stub
0x00293930,FUN_00293930,,,0,stub
0x00293990,FUN_00293990,,,0,stub
0x00293ac0,FUN_00293ac0,,,0,stub
0x00293b70,FUN_00293b70,,,0,stub
0x00293c20,FUN_00293c20,,,0,stub
0x00293db0,FUN_00293db0,,,0,stub
0x00293e20,FUN_00293e20,,,0,stub
0x00293f50,FUN_00293f50,,,0,stub
0x00293fa0,FUN_00293fa0,,,0,stub
0x00294000,FUN_00294000,,,0,stub
0x00294030,FUN_00294030,,,0,stub
0x00294190,FUN_00294190,,,0,stub
0x00294270,FUN_00294270,,,0,stub
0x00294350,FUN_00294350,,,0,stub
0x00294390,FUN_00294390,,,0,stub
0x002944d0,FUN_002944d0,,,0,stub
0x00294500,FUN_00294500,,,0,stub
0x00294770,FUN_00294770,,,0,stub
0x002947f0,FUN_002947f0,,,0,stub
0x00294850,FUN_00294850,,,0,stub
0x00294a40,FUN_00294a40,,,0,stub
0x00294e30,FUN_00294e30,,,0,stub
0x00294f70,FUN_00294f70,,,0,stub
0x00295270,FUN_00295270,,,0,stub
0x002953c0,FUN_002953c0,,,0,stub
0x002953f0,FUN_002953f0,,,0,stub
0x00295860,FUN_00295860,,,0,stub
0x002958e0,FUN_002958e0,,,0,stub
0x002959e0,FUN_002959e0,,,0,stub
0x00295a40,FUN_00295a40,,,0,stub
0x00295ac0,FUN_00295ac0,,,0,stub
0x00295c80,FUN_00295c80,,,0,stub
0x00295e40,FUN_00295e40,,,0,stub
0x002960c0,FUN_002960c0,,,0,stub
0x00296630,FUN_00296630,,,0,stub
0x002966b0,FUN_002966b0,,,0,stub
0x00296730,FUN_00296730,,,0,stub
0x002967c0,FUN_002967c0,,,0,stub
0x00296840,FUN_00296840,,,0,stub
0x002968d0,FUN_002968d0,,,0,stub
0x00296950,FUN_00296950,,,0,stub
0x002969f0,FUN_002969f0,,,0,stub
0x00296a70,FUN_00296a70,,,0,stub
0x00296c70,FUN_00296c70,,,0,stub
0x00296dd0,FUN_00296dd0,,,0,stub
0x00296e30,FUN_00296e30,,,0,stub
0x00296ed0,FUN_00296ed0,,,0,stub
0x00297000,FUN_00297000,,,0,stub
0x00297080,FUN_00297080,,,0,stub
0x002971b0,FUN_002971b0,,,0,stub
0x00297330,FUN_00297330,,,0,stub
0x00297380,FUN_00297380,,,0,stub
0x002974b0,FUN_002974b0,,,0,stub
0x002975b0,FUN_002975b0,,,0,stub
0x00297a80,FUN_00297a80,,,0,stub
0x00298200,FUN_00298200,,,0,stub
0x00298280,FUN_00298280,,,0,stub
0x00298320,FUN_00298320,,,0,stub
0x00298400,FUN_00298400,,,0,stub
0x002999a0,FUN_002999a0,,,0,stub
0x00299a40,FUN_00299a40,,,0,stub
0x00299ab0,FUN_00299ab0,,,0,stub
0x00299b60,FUN_00299b60,,,0,stub
0x00299d30,FUN_00299d30,,,0,stub
0x00299dd0,FUN_00299dd0,,,0,stub
0x00299f60,FUN_00299f60,,,0,stub
0x0029a030,FUN_0029a030,,,0,stub
0x0029a1b0,FUN_0029a1b0,,,0,stub
0x0029a3e0,FUN_0029a3e0,,,0,stub
0x0029a530,FUN_0029a530,,,0,stub
0x0029a560,FUN_0029a560,,,0,stub
0x0029a690,FUN_0029a690,,,0,stub
0x0029a700,FUN_0029a700,,,0,stub
0x0029aad0,FUN_0029aad0,,,0,stub
0x0029ab90,FUN_0029ab90,,,0,stub
0x0029ad30,FUN_0029ad30,,,0,stub
0x0029ade0,FUN_0029ade0,,,0,stub
0x0029af20,FUN_0029af20,,,0,stub
0x0029b0e0,FUN_0029b0e0,,,0,stub
0x0029b1f0,FUN_0029b1f0,,,0,stub
0x0029b4b0,FUN_0029b4b0,,,0,stub
0x0029b4f0,FUN_0029b4f0,,,0,stub
0x0029b550,FUN_0029b550,,,0,stub
0x0029be60,FUN_0029be60,,,0,stub
0x0029beb0,FUN_0029beb0,,,0,stub
0x0029c050,FUN_0029c050,,,0,stub
0x0029c1e0,FUN_0029c1e0,,,0,stub
0x0029c2d0,FUN_0029c2d0,,,0,stub
0x0029da40,FUN_0029da40,,,0,stub
0x0029dad0,FUN_0029dad0,,,0,stub
0x0029db60,FUN_0029db60,,,0,stub
0x0029dbf0,FUN_0029dbf0,,,0,stub
0x0029dc80,FUN_0029dc80,,,0,stub
0x0029dd10,FUN_0029dd10,,,0,stub
0x0029dda0,FUN_0029dda0,,,0,stub
0x0029de30,FUN_0029de30,,,0,stub
0x0029dec0,FUN_0029dec0,,,0,stub
0x0029df50,FUN_0029df50,,,0,stub
0x0029dfe0,FUN_0029dfe0,,,0,stub
0x0029e070,FUN_0029e070,,,0,stub
0x0029e100,FUN_0029e100,,,0,stub
0x0029e190,FUN_0029e190,,,0,stub
0x0029e220,FUN_0029e220,,,0,stub
0x0029e2b0,FUN_0029e2b0,,,0,stub
0x0029e340,FUN_0029e340,,,0,stub
0x0029e3d0,FUN_0029e3d0,,,0,stub
0x0029e460,FUN_0029e460,,,0,stub
0x0029e4f0,FUN_0029e4f0,,,0,stub
0x0029e580,FUN_0029e580,,,0,stub
0x0029e610,FUN_0029e610,,,0,stub
0x0029e6a0,FUN_0029e6a0,,,0,stub
0x0029e730,FUN_0029e730,,,0,stub
0x0029e7c0,FUN_0029e7c0,,,0,stub
0x0029e850,FUN_0029e850,,,0,stub
0x0029e8e0,FUN_0029e8e0,,,0,stub
0x0029e970,FUN_0029e970,,,0,stub
0x0029ea00,FUN_0029ea00,,,0,stub
0x0029ea90,FUN_0029ea90,,,0,stub
0x0029eb20,FUN_0029eb20,,,0,stub
0x0029ebb0,FUN_0029ebb0,,,0,stub
0x0029ec40,FUN_0029ec40,,,0,stub
0x0029ecd0,FUN_0029ecd0,,,0,stub
0x0029ed60,FUN_0029ed60,,,0,stub
0x0029edf0,FUN_0029edf0,,,0,stub
0x0029ee80,FUN_0029ee80,,,0,stub
0x0029ef10,FUN_0029ef10,,,0,stub
0x0029efa0,FUN_0029efa0,,,0,stub
0x0029f030,FUN_0029f030,,,0,stub
0x0029f0c0,FUN_0029f0c0,,,0,stub
0x0029f150,FUN_0029f150,,,0,stub
0x0029f1e0,FUN_0029f1e0,,,0,stub
0x0029f270,FUN_0029f270,,,0,stub
0x0029f300,FUN_0029f300,,,0,stub
0x0029f390,FUN_0029f390,,,0,stub
0x002a31e0,FUN_002a31e0,,,0,stub
0x002a3260,FUN_002a3260,,,0,stub
0x002a32e0,FUN_002a32e0,,,0,stub
0x002a3360,FUN_002a3360,,,0,stub
0x002a33e0,FUN_002a33e0,,,0,stub
0x002a3460,FUN_002a3460,,,0,stub
0x002a34e0,FUN_002a34e0,,,0,stub
0x002a3560,FUN_002a3560,,,0,stub
0x002a35e0,FUN_002a35e0,,,0,stub
0x002a3660,FUN_002a3660,,,0,stub
0x002a36e0,FUN_002a36e0,,,0,stub
0x002a3760,FUN_002a3760,,,0,stub
0x002a37e0,FUN_002a37e0,,,0,stub
0x002a3860,FUN_002a3860,,,0,stub
0x002a38e0,FUN_002a38e0,,,0,stub
0x002a3970,FUN_002a3970,,,0,stub
0x002a39f0,FUN_002a39f0,,,0,stub
0x002a3a80,FUN_002a3a80,,,0,stub
0x002a3b00,FUN_002a3b00,,,0,stub
0x002a3b90,FUN_002a3b90,,,0,stub
0x002a3c10,FUN_002a3c10,,,0,stub
0x002a3ca0,FUN_002a3ca0,,,0,stub
0x002a3d20,FUN_002a3d20,,,0,stub
0x002a3db0,FUN_002a3db0,,,0,stub
0x002a3e30,FUN_002a3e30,,,0,stub
0x002a3ec0,FUN_002a3ec0,,,0,stub
0x002a3f40,FUN_002a3f40,,,0,stub
0x002a3fd0,FUN_002a3fd0,,,0,stub
0x002a4050,FUN_002a4050,,,0,stub
0x002a40e0,FUN_002a40e0,,,0,stub
0x002a4160,FUN_002a4160,,,0,stub
0x002a41f0,FUN_002a41f0,,,0,stub
0x002a4270,FUN_002a4270,,,0,stub
0x002a4300,FUN_002a4300,,,0,stub
0x002a4380,FUN_002a4380,,,0,stub
0x002a4410,FUN_002a4410,,,0,stub
0x002a4490,FUN_002a4490,,,0,stub
0x002a4520,FUN_002a4520,,,0,stub
0x002a45a0,FUN_002a45a0,,,0,stub
0x002a4630,FUN_002a4630,,,0,stub
0x002a46b0,FUN_002a46b0,,,0,stub
0x002a4740,FUN_002a4740,,,0,stub
0x002a47c0,FUN_002a47c0,,,0,stub
0x002a4850,FUN_002a4850,,,0,stub
0x002a48d0,FUN_002a48d0,,,0,stub
0x002a4960,FUN_002a4960,,,0,stub
0x002a49e0,FUN_002a49e0,,,0,stub
0x002a4a70,FUN_002a4a70,,,0,stub
0x002a4af0,FUN_002a4af0,,,0,stub
0x002a4b80,FUN_002a4b80,,,0,stub
0x002a4c00,FUN_002a4c00,,,0,stub
0x002a4c90,FUN_002a4c90,,,0,stub
0x002a4d10,FUN_002a4d10,,,0,stub
0x002a4da0,FUN_002a4da0,,,0,stub
0x002a4e20,FUN_002a4e20,,,0,stub
0x002a4eb0,FUN_002a4eb0,,,0,stub
0x002a4f30,FUN_002a4f30,,,0,stub
0x002a4fc0,FUN_002a4fc0,,,0,stub
0x002a5040,FUN_002a5040,,,0,stub
0x002a50c0,FUN_002a50c0,,,0,stub
0x002a5250,FUN_002a5250,,,0,stub
0x002a5380,FUN_002a5380,,,0,stub
0x002a5580,FUN_002a5580,,,0,stub
0x002a5630,FUN_002a5630,,,0,stub
0x002a56f0,FUN_002a56f0,,,0,stub
0x002a5780,FUN_002a5780,,,0,stub
0x002a57b0,FUN_002a57b0,,,0,stub
0x002a5810,FUN_002a5810,,,0,stub
0x002a5890,FUN_002a5890,,,0,stub
0x002a5910,FUN_002a5910,,,0,stub
0x002a5990,FUN_002a5990,,,0,stub
0x002a5a10,FUN_002a5a10,,,0,stub
0x002a5ad0,FUN_002a5ad0,,,0,stub
0x002a5c30,FUN_002a5c30,,,0,stub
0x002a5dc0,FUN_002a5dc0,,,0,stub
0x002a5fa0,FUN_002a5fa0,,,0,stub
0x002a6040,FUN_002a6040,,,0,stub
0x002a6120,FUN_002a6120,,,0,stub
0x002a6210,FUN_002a6210,,,0,stub
0x002a62c0,FUN_002a62c0,,,0,stub
0x002a63b0,FUN_002a63b0,,,0,stub
0x002a64a0,FUN_002a64a0,,,0,stub
0x002a6580,FUN_002a6580,,,0,stub
0x002a6650,FUN_002a6650,,,0,stub
0x002a66b0,FUN_002a66b0,,,0,stub
0x002a69e0,FUN_002a69e0,,,0,stub
0x002a6aa0,FUN_002a6aa0,,,0,stub
0x002a6bd0,FUN_002a6bd0,,,0,stub
0x002a6d10,FUN_002a6d10,,,0,stub
0x002a6e70,FUN_002a6e70,,,0,stub
0x002a7200,FUN_002a7200,,,0,stub
0x002a72f0,FUN_002a72f0,,,0,stub
0x002a78a0,FUN_002a78a0,,,0,stub
0x002a7a30,FUN_002a7a30,,,0,stub
0x002a7c20,FUN_002a7c20,,,0,stub
0x002a7e10,FUN_002a7e10,,,0,stub
0x002a81c0,FUN_002a81c0,,,0,stub
0x002a84a0,FUN_002a84a0,,,0,stub
0x002a84d0,FUN_002a84d0,,,0,stub
0x002a85b0,FUN_002a85b0,,,0,stub
0x002a8790,FUN_002a8790,,,0,stub
0x002a8900,FUN_002a8900,,,0,stub
0x002a8930,FUN_002a8930,,,0,stub
0x002a8bf0,FUN_002a8bf0,,,0,stub
0x002a8d20,FUN_002a8d20,,,0,stub
0x002a8ef0,FUN_002a8ef0,,,0,stub
0x002a9010,FUN_002a9010,,,0,stub
0x002a9220,FUN_002a9220,,,0,stub
0x002a92e0,FUN_002a92e0,,,0,stub
0x002a9450,FUN_002a9450,,,0,stub
0x002abcb0,FUN_002abcb0,,,0,stub
0x002abda0,FUN_002abda0,,,0,stub
0x002abe90,FUN_002abe90,,,0,stub
0x002abf80,FUN_002abf80,,,0,stub
0x002ac070,FUN_002ac070,,,0,stub
0x002ac160,FUN_002ac160,,,0,stub
0x002ac250,FUN_002ac250,,,0,stub
0x002ac340,FUN_002ac340,,,0,stub
0x002ac430,FUN_002ac430,,,0,stub
0x002ac520,FUN_002ac520,,,0,stub
0x002ac610,FUN_002ac610,,,0,stub
0x002ac700,FUN_002ac700,,,0,stub
0x002ac7f0,FUN_002ac7f0,,,0,stub
0x002ac8e0,FUN_002ac8e0,,,0,stub
0x002ac9d0,FUN_002ac9d0,,,0,stub
0x002acac0,FUN_002acac0,,,0,stub
0x002acbb0,FUN_002acbb0,,,0,stub
0x002acca0,FUN_002acca0,,,0,stub
0x002acd90,FUN_002acd90,,,0,stub
0x002ace80,FUN_002ace80,,,0,stub
0x002acf70,FUN_002acf70,,,0,stub
0x002ad060,FUN_002ad060,,,0,stub
0x002ad150,FUN_002ad150,,,0,stub
0x002ad240,FUN_002ad240,,,0,stub
0x002ad330,FUN_002ad330,,,0,stub
0x002ad420,FUN_002ad420,,,0,stub
0x002ad510,FUN_002ad510,,,0,stub
0x002ad600,FUN_002ad600,,,0,stub
0x002ad6f0,FUN_002ad6f0,,,0,stub
0x002ad7e0,FUN_002ad7e0,,,0,stub
0x002ad8d0,FUN_002ad8d0,,,0,stub
0x002ad9c0,FUN_002ad9c0,,,0,stub
0x002adab0,FUN_002adab0,,,0,stub
0x002adba0,FUN_002adba0,,,0,stub
0x002adc90,FUN_002adc90,,,0,stub
0x002add80,FUN_002add80,,,0,stub
0x002ade70,FUN_002ade70,,,0,stub
0x002adf60,FUN_002adf60,,,0,stub
0x002ae050,FUN_002ae050,,,0,stub
0x002ae140,FUN_002ae140,,,0,stub
0x002ae230,FUN_002ae230,,,0,stub
0x002ae320,FUN_002ae320,,,0,stub
0x002ae410,FUN_002ae410,,,0,stub
0x002ae500,FUN_002ae500,,,0,stub
0x002ae5f0,FUN_002ae5f0,,,0,stub
0x002ae6e0,FUN_002ae6e0,,,0,stub
0x002ae790,FUN_002ae790,,,0,stub
0x002ae840,FUN_002ae840,,,0,stub
0x002ae890,FUN_002ae890,,,0,stub
0x002ae940,FUN_002ae940,,,0,stub
0x002ae990,FUN_002ae990,,,0,stub
0x002aea40,FUN_002aea40,,,0,stub
0x002aeac0,FUN_002aeac0,,,0,stub
0x002aeb70,FUN_002aeb70,,,0,stub
0x002aebc0,FUN_002aebc0,,,0,stub
0x002aec40,FUN_002aec40,,,0,stub
0x002aecc0,FUN_002aecc0,,,0,stub
0x002aed70,FUN_002aed70,,,0,stub
0x002aedc0,FUN_002aedc0,,,0,stub
0x002aee40,FUN_002aee40,,,0,stub
0x002aeec0,FUN_002aeec0,,,0,stub
0x002aef70,FUN_002aef70,,,0,stub
0x002aeff0,FUN_002aeff0,,,0,stub
0x002af0a0,FUN_002af0a0,,,0,stub
0x002af0f0,FUN_002af0f0,,,0,stub
0x002af170,FUN_002af170,,,0,stub
0x002af220,FUN_002af220,,,0,stub
0x002af270,FUN_002af270,,,0,stub
0x002af2f0,FUN_002af2f0,,,0,stub
0x002af3a0,FUN_002af3a0,,,0,stub
0x002af3f0,FUN_002af3f0,,,0,stub
0x002af470,FUN_002af470,,,0,stub
0x002af510,FUN_002af510,,,0,stub
0x002af560,FUN_002af560,,,0,stub
0x002af5e0,FUN_002af5e0,,,0,stub
0x002af680,FUN_002af680,,,0,stub
0x002af6d0,FUN_002af6d0,,,0,stub
0x002af750,FUN_002af750,,,0,stub
0x002af800,FUN_002af800,,,0,stub
0x002af850,FUN_002af850,,,0,stub
0x002af8d0,FUN_002af8d0,,,0,stub
0x002af980,FUN_002af980,,,0,stub
0x002af9d0,FUN_002af9d0,,,0,stub
0x002afa50,FUN_002afa50,,,0,stub
0x002afad0,FUN_002afad0,,,0,stub
0x002afb80,FUN_002afb80,,,0,stub
0x002afc00,FUN_002afc00,,,0,stub
0x002afca0,FUN_002afca0,,,0,stub
0x002afd20,FUN_002afd20,,,0,stub
0x002afdd0,FUN_002afdd0,,,0,stub
0x002afe20,FUN_002afe20,,,0,stub
0x002afea0,FUN_002afea0,,,0,stub
0x002aff40,FUN_002aff40,,,0,stub
0x002aff90,FUN_002aff90,,,0,stub
0x002b0010,FUN_002b0010,,,0,stub
0x002b00b0,FUN_002b00b0,,,0,stub
0x002b0100,FUN_002b0100,,,0,stub
0x002b0180,FUN_002b0180,,,0,stub
0x002b0230,FUN_002b0230,,,0,stub
0x002b0280,FUN_002b0280,,,0,stub
0x002b0300,FUN_002b0300,,,0,stub
0x002b03a0,FUN_002b03a0,,,0,stub
0x002b03f0,FUN_002b03f0,,,0,stub
0x002b0470,FUN_002b0470,,,0,stub
0x002b04f0,FUN_002b04f0,,,0,stub
0x002b05a0,FUN_002b05a0,,,0,stub
0x002b05f0,FUN_002b05f0,,,0,stub
0x002b0670,FUN_002b0670,,,0,stub
0x002b0720,FUN_002b0720,,,0,stub
0x002b0770,FUN_002b0770,,,0,stub
0x002b0820,FUN_002b0820,,,0,stub
0x002b08d0,FUN_002b08d0,,,0,stub
0x002b0980,FUN_002b0980,,,0,stub
0x002b0a30,FUN_002b0a30,,,0,stub
0x002b0ae0,FUN_002b0ae0,,,0,stub
0x002b0b30,FUN_002b0b30,,,0,stub
0x002b0be0,FUN_002b0be0,,,0,stub
0x002b0c90,FUN_002b0c90,,,0,stub
0x002b0d10,FUN_002b0d10,,,0,stub
0x002b0d90,FUN_002b0d90,,,0,stub
0x002b0e40,FUN_002b0e40,,,0,stub
0x002b0e90,FUN_002b0e90,,,0,stub
0x002b0f40,FUN_002b0f40,,,0,stub
0x002b0ff0,FUN_002b0ff0,,,0,stub
0x002b1040,FUN_002b1040,,,0,stub
0x002b10f0,FUN_002b10f0,,,0,stub
0x002b1140,FUN_002b1140,,,0,stub
0x002b11f0,FUN_002b11f0,,,0,stub
0x002b1240,FUN_002b1240,,,0,stub
0x002b12f0,FUN_002b12f0,,,0,stub
0x002b13a0,FUN_002b13a0,,,0,stub
0x002b1450,FUN_002b1450,,,0,stub
0x002b1500,FUN_002b1500,,,0,stub
0x002b1550,FUN_002b1550,,,0,stub
0x002b1600,FUN_002b1600,,,0,stub
0x002b16b0,FUN_002b16b0,,,0,stub
0x002b1760,FUN_002b1760,,,0,stub
0x002b1810,FUN_002b1810,,,0,stub
0x002b1860,FUN_002b1860,,,0,stub
0x002b1910,FUN_002b1910,,,0,stub
0x002b19c0,FUN_002b19c0,,,0,stub
0x002b1a70,FUN_002b1a70,,,0,stub
0x002b38d0,FUN_002b38d0,,,0,stub
0x002b4050,FUN_002b4050,,,0,stub
0x002b4470,FUN_002b4470,,,0,stub
0x002b4550,FUN_002b4550,,,0,stub
0x002b46c0,FUN_002b46c0,,,0,stub
0x002b4a00,FUN_002b4a00,,,0,stub
0x002b4a80,FUN_002b4a80,,,0,stub
0x002b4ab0,FUN_002b4ab0,,,0,stub
0x002b4c20,FUN_002b4c20,,,0,stub
0x002b4d70,FUN_002b4d70,,,0,stub
0x002b4da0,FUN_002b4da0,,,0,stub
0x002b4e80,FUN_002b4e80,,,0,stub
0x002b4f00,FUN_002b4f00,,,0,stub
0x002b50f0,FUN_002b50f0,,,0,stub
0x002b5210,FUN_002b5210,,,0,stub
0x002b5430,FUN_002b5430,,,0,stub
0x002b5620,FUN_002b5620,,,0,stub
0x002b56c0,FUN_002b56c0,,,0,stub
0x002b57d0,FUN_002b57d0,,,0,stub
0x002b59a0,FUN_002b59a0,,,0,stub
0x002b5ad0,FUN_002b5ad0,,,0,stub
0x002b5b00,FUN_002b5b00,,,0,stub
0x002b5cb0,FUN_002b5cb0,,,0,stub
0x002b5e20,FUN_002b5e20,,,0,stub
0x002b5e70,FUN_002b5e70,,,0,stub
0x002b5f60,FUN_002b5f60,,,0,stub
0x002b5fa0,FUN_002b5fa0,,,0,stub
0x002b60a0,FUN_002b60a0,,,0,stub
0x002b61b0,FUN_002b61b0,,,0,stub
0x002b6710,FUN_002b6710,,,0,stub
0x002b67a0,FUN_002b67a0,,,0,stub
0x002b6820,FUN_002b6820,,,0,stub
0x002b6900,FUN_002b6900,,,0,stub
0x002b6970,FUN_002b6970,,,0,stub
0x002b6cc0,FUN_002b6cc0,,,0,stub
0x002b6f60,FUN_002b6f60,,,0,stub
0x002b7110,FUN_002b7110,,,0,stub
0x002b7160,FUN_002b7160,,,0,stub
0x002b7520,FUN_002b7520,,,0,stub
0x002b77c0,FUN_002b77c0,,,0,stub
0x002b7860,FUN_002b7860,,,0,stub
0x002b7a40,FUN_002b7a40,,,0,stub
0x002b7ca0,FUN_002b7ca0,,,0,stub
0x002b7d00,FUN_002b7d00,,,0,stub
0x002b7d60,FUN_002b7d60,,,0,stub
0x002b7df0,FUN_002b7df0,,,0,stub
0x002b7fa0,FUN_002b7fa0,,,0,stub
0x002b7ff0,FUN_002b7ff0,,,0,stub
0x002b8200,FUN_002b8200,,,0,stub
0x002b82f0,FUN_002b82f0,,,0,stub
0x002b8710,FUN_002b8710,,,0,stub
0x002b8890,FUN_002b8890,,,0,stub
0x002b8a40,FUN_002b8a40,,,0,stub
0x002b8ac0,FUN_002b8ac0,,,0,stub
0x002b8bd0,FUN_002b8bd0,,,0,stub
0x002b8e20,FUN_002b8e20,,,0,stub
0x002b8f50,FUN_002b8f50,,,0,stub
0x002b8fe0,FUN_002b8fe0,,,0,stub
0x002b9630,FUN_002b9630,,,0,stub
0x002b9720,FUN_002b9720,,,0,stub
0x002b9760,FUN_002b9760,,,0,stub
0x002b9860,FUN_002b9860,,,0,stub
0x002b98a0,FUN_002b98a0,,,0,stub
0x002b9b30,FUN_002b9b30,,,0,stub
0x002ba8f0,FUN_002ba8f0,,,0,stub
0x002bac40,FUN_002bac40,,,0,stub
0x002bacb0,FUN_002bacb0,,,0,stub
0x002bad20,FUN_002bad20,,,0,stub
0x002bb3a0,FUN_002bb3a0,,,0,stub
0x002bb460,FUN_002bb460,,,0,stub
0x002bb520,FUN_002bb520,,,0,stub
0x002bb600,FUN_002bb600,,,0,stub
0x002bb680,FUN_002bb680,,,0,stub
0x002bb790,FUN_002bb790,,,0,stub
0x002bc070,FUN_002bc070,,,0,stub
0x002bc0f0,FUN_002bc0f0,,,0,stub
0x002bc180,FUN_002bc180,,,0,stub
0x002bc200,FUN_002bc200,,,0,stub
0x002bc280,FUN_002bc280,,,0,stub
0x002bcda0,FUN_002bcda0,,,0,stub
0x002bce30,FUN_002bce30,,,0,stub
0x002bcec0,FUN_002bcec0,,,0,stub
0x002bcf40,FUN_002bcf40,,,0,stub
0x002bd580,FUN_002bd580,,,0,stub
0x002bd610,FUN_002bd610,,,0,stub
0x002bd690,FUN_002bd690,,,0,stub
0x002bdda0,FUN_002bdda0,,,0,stub
0x002bdfb0,FUN_002bdfb0,,,0,stub
0x002be030,FUN_002be030,,,0,stub
0x002be200,FUN_002be200,,,0,stub
0x002be3b0,FUN_002be3b0,,,0,stub
0x002be480,FUN_002be480,,,0,stub
0x002be5c0,FUN_002be5c0,,,0,stub
0x002be690,FUN_002be690,,,0,stub
0x002be870,FUN_002be870,,,0,stub
0x002beab0,FUN_002beab0,,,0,stub
0x002bebf0,FUN_002bebf0,,,0,stub
0x002bec80,FUN_002bec80,,,0,stub
0x002bed70,FUN_002bed70,,,0,stub
0x002bee00,FUN_002bee00,,,0,stub
0x002bee50,FUN_002bee50,,,0,stub
0x002beea0,FUN_002beea0,,,0,stub
0x002beef0,FUN_002beef0,,,0,stub
0x002bef40,FUN_002bef40,,,0,stub
0x002bef90,FUN_002bef90,,,0,stub
0x002befc0,FUN_002befc0,,,0,stub
0x002bf300,FUN_002bf300,,,0,stub
0x002bf980,FUN_002bf980,,,0,stub
0x002bfac0,FUN_002bfac0,,,0,stub
0x002bfcd0,FUN_002bfcd0,,,0,stub
0x002bfee0,FUN_002bfee0,,,0,stub
0x002c0050,FUN_002c0050,,,0,stub
0x002c0130,FUN_002c0130,,,0,stub
0x002c0540,FUN_002c0540,,,0,stub
0x002c0710,FUN_002c0710,,,0,stub
0x002c0860,FUN_002c0860,,,0,stub
0x002c0990,FUN_002c0990,,,0,stub
0x002c0a30,FUN_002c0a30,,,0,stub
0x002c0b90,FUN_002c0b90,,,0,stub
0x002c0d20,FUN_002c0d20,,,0,stub
0x002c0fa0,FUN_002c0fa0,,,0,stub
0x002c1410,FUN_002c1410,,,0,stub
0x002c16d0,FUN_002c16d0,,,0,stub
0x002c17d0,FUN_002c17d0,,,0,stub
0x002c1830,FUN_002c1830,,,0,stub
0x002c1880,FUN_002c1880,,,0,stub
0x002c1910,FUN_002c1910,,,0,stub
0x002c1a50,FUN_002c1a50,,,0,stub
0x002c1b10,FUN_002c1b10,,,0,stub
0x002c1bb0,FUN_002c1bb0,,,0,stub
0x002c1ca0,FUN_002c1ca0,,,0,stub
0x002c2300,FUN_002c2300,,,0,stub
0x002c2470,FUN_002c2470,,,0,stub
0x002c24a0,FUN_002c24a0,,,0,stub
0x002c2770,FUN_002c2770,,,0,stub
0x002c2800,FUN_002c2800,,,0,stub
0x002c2920,FUN_002c2920,,,0,stub
0x002c29b0,FUN_002c29b0,,,0,stub
0x002c2bc0,FUN_002c2bc0,,,0,stub
0x002c2c30,FUN_002c2c30,,,0,stub
0x002c2f40,FUN_002c2f40,,,0,stub
0x002c31b0,FUN_002c31b0,,,0,stub
0x002c3210,FUN_002c3210,,,0,stub
0x002c3410,FUN_002c3410,,,0,stub
0x002c3560,FUN_002c3560,,,0,stub
0x002c35e0,FUN_002c35e0,,,0,stub
0x002c3690,FUN_002c3690,,,0,stub
0x002c3740,FUN_002c3740,,,0,stub
0x002c3f40,FUN_002c3f40,,,0,stub
0x002c40d0,FUN_002c40d0,,,0,stub
0x002c41f0,FUN_002c41f0,,,0,stub
0x002c4360,FUN_002c4360,,,0,stub
0x002c4600,FUN_002c4600,,,0,stub
0x002c46d0,FUN_002c46d0,,,0,stub
0x002c4780,FUN_002c4780,,,0,stub
0x002c4990,FUN_002c4990,,,0,stub
0x002c4ad0,FUN_002c4ad0,,,0,stub
0x002c5030,FUN_002c5030,,,0,stub
0x002c5250,FUN_002c5250,,,0,stub
0x002c5680,FUN_002c5680,,,0,stub
0x002c5770,FUN_002c5770,,,0,stub
0x002c58b0,FUN_002c58b0,,,0,stub
0x002c5ac0,FUN_002c5ac0,,,0,stub
0x002c5cd0,FUN_002c5cd0,,,0,stub
0x002c5ef0,FUN_002c5ef0,,,0,stub
0x002c6200,FUN_002c6200,,,0,stub
0x002c6750,FUN_002c6750,,,0,stub
0x002c6810,FUN_002c6810,,,0,stub
0x002c69b0,FUN_002c69b0,,,0,stub
0x002c6a40,FUN_002c6a40,,,0,stub
0x002c6e00,FUN_002c6e00,,,0,stub
0x002c6e50,FUN_002c6e50,,,0,stub
0x002c6ff0,FUN_002c6ff0,,,0,stub
0x002c7030,FUN_002c7030,,,0,stub
0x002c7110,FUN_002c7110,,,0,stub
0x002c72a0,FUN_002c72a0,,,0,stub
0x002c7530,FUN_002c7530,,,0,stub
0x002c7560,FUN_002c7560,,,0,stub
0x002c7a50,FUN_002c7a50,,,0,stub
0x002c7a80,FUN_002c7a80,,,0,stub
0x002c7ab0,FUN_002c7ab0,,,0,stub
0x002c7ae0,FUN_002c7ae0,,,0,stub
0x002c7b10,FUN_002c7b10,,,0,stub
0x002c7b60,FUN_002c7b60,,,0,stub
0x002c7b90,FUN_002c7b90,,,0,stub
0x002c7f40,FUN_002c7f40,,,0,stub
0x002c80d0,FUN_002c80d0,,,0,stub
0x002c8240,FUN_002c8240,,,0,stub
0x002c8400,FUN_002c8400,,,0,stub
0x002c8460,FUN_002c8460,,,0,stub
0x002c8590,FUN_002c8590,,,0,stub
0x002c85f0,FUN_002c85f0,,,0,stub
0x002c8650,FUN_002c8650,,,0,stub
0x002c86b0,FUN_002c86b0,,,0,stub
0x002c8760,FUN_002c8760,,,0,stub
0x002c8eb0,FUN_002c8eb0,,,0,stub
0x002c9340,FUN_002c9340,,,0,stub
0x002c93b0,FUN_002c93b0,,,0,stub
0x002c9420,FUN_002c9420,,,0,stub
0x002c96a0,FUN_002c96a0,,,0,stub
0x002c9b00,FUN_002c9b00,,,0,stub
0x002c9b70,FUN_002c9b70,,,0,stub
0x002c9e00,FUN_002c9e00,,,0,stub
0x002ca020,FUN_002ca020,,,0,stub
0x002ca540,FUN_002ca540,,,0,stub
0x002caa10,FUN_002caa10,,,0,stub
0x002cab20,FUN_002cab20,,,0,stub
0x002cabd0,FUN_002cabd0,,,0,stub
0x002cac70,FUN_002cac70,,,0,stub
0x002caf40,FUN_002caf40,,,0,stub
0x002cba50,FUN_002cba50,,,0,stub
0x002cbbc0,FUN_002cbbc0,,,0,stub
0x002cc090,FUN_002cc090,,,0,stub
0x002cc3f0,FUN_002cc3f0,,,0,stub
0x002cc760,FUN_002cc760,,,0,stub
0x002cc920,FUN_002cc920,,,0,stub
0x002ccad0,FUN_002ccad0,,,0,stub
0x002ccd20,FUN_002ccd20,,,0,stub
0x002ccd90,FUN_002ccd90,,,0,stub
0x002cd2a0,FUN_002cd2a0,,,0,stub
0x002cd330,FUN_002cd330,,,0,stub
0x002cd700,FUN_002cd700,,,0,stub
0x002cd760,FUN_002cd760,,,0,stub
0x002cdb50,FUN_002cdb50,,,0,stub
0x002cdc20,FUN_002cdc20,,,0,stub
0x002cdd80,FUN_002cdd80,,,0,stub
0x002ce0d0,FUN_002ce0d0,,,0,stub
0x002ce100,FUN_002ce100,,,0,stub
0x002ce240,FUN_002ce240,,,0,stub
0x002ce360,FUN_002ce360,,,0,stub
0x002ce3f0,FUN_002ce3f0,,,0,stub
0x002ce510,FUN_002ce510,,,0,stub
0x002ce590,FUN_002ce590,,,0,stub
0x002ce670,FUN_002ce670,,,0,stub
0x002ce750,FUN_002ce750,,,0,stub
0x002ce800,FUN_002ce800,,,0,stub
0x002ce860,FUN_002ce860,,,0,stub
0x002ceaf0,FUN_002ceaf0,,,0,stub
0x002ceb40,FUN_002ceb40,,,0,stub
0x002cec10,FUN_002cec10,,,0,stub
0x002ced90,FUN_002ced90,,,0,stub
0x002cedf0,FUN_002cedf0,,,0,stub
0x002cefc0,FUN_002cefc0,,,0,stub
0x002cf010,FUN_002cf010,,,0,stub
0x002cf1e0,FUN_002cf1e0,,,0,stub
0x002cf230,FUN_002cf230,,,0,stub
0x002cf2a0,FUN_002cf2a0,,,0,stub
0x002cf2e0,FUN_002cf2e0,,,0,stub
0x002cf450,FUN_002cf450,,,0,stub
0x002cf4a0,FUN_002cf4a0,,,0,stub
0x002cf590,FUN_002cf590,,,0,stub
0x002cf790,FUN_002cf790,,,0,stub
0x002cf7e0,FUN_002cf7e0,,,0,stub
0x002cfaf0,FUN_002cfaf0,,,0,stub
0x002cfba0,FUN_002cfba0,,,0,stub
0x002cfbe0,FUN_002cfbe0,,,0,stub
0x002cfe00,FUN_002cfe00,,,0,stub
0x002d0200,FUN_002d0200,,,0,stub
0x002d02d0,FUN_002d02d0,,,0,stub
0x002d0d30,FUN_002d0d30,,,0,stub
0x002d0eb0,FUN_002d0eb0,,,0,stub
0x002d1030,FUN_002d1030,,,0,stub
0x002d1220,FUN_002d1220,,,0,stub
0x002d14f0,FUN_002d14f0,,,0,stub
0x002d1830,FUN_002d1830,,,0,stub
0x002d18e0,FUN_002d18e0,,,0,stub
0x002d19e0,FUN_002d19e0,,,0,stub
0x002d1dc0,FUN_002d1dc0,,,0,stub
0x002d1e00,FUN_002d1e00,,,0,stub
0x002d2100,FUN_002d2100,,,0,stub
0x002d21c0,FUN_002d21c0,,,0,stub
0x002d26d0,FUN_002d26d0,,,0,stub
0x002d27a0,FUN_002d27a0,,,0,stub
0x002d2840,FUN_002d2840,,,0,stub
0x002d2880,FUN_002d2880,,,0,stub
0x002d3570,FUN_002d3570,,,0,stub
0x002d3620,FUN_002d3620,,,0,stub
0x002d3720,FUN_002d3720,,,0,stub
0x002d3830,FUN_002d3830,,,0,stub
0x002d39a0,FUN_002d39a0,,,0,stub
0x002d41c0,FUN_002d41c0,,,0,stub
0x002d4240,FUN_002d4240,,,0,stub
0x002d44b0,FUN_002d44b0,,,0,stub
0x002d4640,FUN_002d4640,,,0,stub
0x002d46e0,FUN_002d46e0,,,0,stub
0x002d4ac0,FUN_002d4ac0,,,0,stub
0x002d4e90,FUN_002d4e90,,,0,stub
0x002d4fe0,FUN_002d4fe0,,,0,stub
0x002d5060,FUN_002d5060,,,0,stub
0x002d50a0,FUN_002d50a0,,,0,stub
0x002d5170,FUN_002d5170,,,0,stub
0x002d51f0,FUN_002d51f0,,,0,stub
0x002d5370,FUN_002d5370,,,0,stub
0x002d53d0,FUN_002d53d0,,,0,stub
0x002d54b0,FUN_002d54b0,,,0,stub
0x002d5570,FUN_002d5570,,,0,stub
0x002d55b0,FUN_002d55b0,,,0,stub
0x002d56b0,FUN_002d56b0,,,0,stub
0x002d57e0,FUN_002d57e0,,,0,stub
0x002d5820,FUN_002d5820,,,0,stub
0x002d58b0,FUN_002d58b0,,,0,stub
0x002d5a20,FUN_002d5a20,,,0,stub
0x002d5bc0,FUN_002d5bc0,,,0,stub
0x002d5c20,FUN_002d5c20,,,0,stub
0x002d6070,FUN_002d6070,,,0,stub
0x002d6350,FUN_002d6350,,,0,stub
0x002d64a0,FUN_002d64a0,,,0,stub
0x002d6520,FUN_002d6520,,,0,stub
0x002d67c0,FUN_002d67c0,,,0,stub
0x002d6870,FUN_002d6870,,,0,stub
0x002d68c0,FUN_002d68c0,,,0,stub
0x002d69b0,FUN_002d69b0,,,0,stub
0x002d69f0,FUN_002d69f0,,,0,stub
0x002d6bf0,FUN_002d6bf0,,,0,stub
0x002d6c40,FUN_002d6c40,,,0,stub
0x002d6fb0,FUN_002d6fb0,,,0,stub
0x002d7010,FUN_002d7010,,,0,stub
0x002d7100,FUN_002d7100,,,0,stub
0x002d73c0,FUN_002d73c0,,,0,stub
0x002d75a0,FUN_002d75a0,,,0,stub
0x002d7620,FUN_002d7620,,,0,stub
0x002d7b20,FUN_002d7b20,,,0,stub
0x002d7bb0,FUN_002d7bb0,,,0,stub
0x002d7ef0,FUN_002d7ef0,,,0,stub
0x002d8590,FUN_002d8590,,,0,stub
0x002d86d0,FUN_002d86d0,,,0,stub
0x002d88c0,FUN_002d88c0,,,0,stub
0x002d8910,FUN_002d8910,,,0,stub
0x002d8970,FUN_002d8970,,,0,stub
0x002d8a60,FUN_002d8a60,,,0,stub
0x002d8ae0,FUN_002d8ae0,,,0,stub
0x002d8c70,FUN_002d8c70,,,0,stub
0x002d8cc0,FUN_002d8cc0,,,0,stub
0x002d8fe0,FUN_002d8fe0,,,0,stub
0x002d9030,FUN_002d9030,,,0,stub
0x002d9090,FUN_002d9090,,,0,stub
0x002d91a0,FUN_002d91a0,,,0,stub
0x002d9220,FUN_002d9220,,,0,stub
0x002d93b0,FUN_002d93b0,,,0,stub
0x002d9400,FUN_002d9400,,,0,stub
0x002d9840,FUN_002d9840,,,0,stub
0x002d9890,FUN_002d9890,,,0,stub
0x002d9a00,FUN_002d9a00,,,0,stub
0x002d9a50,FUN_002d9a50,,,0,stub
0x002d9a90,FUN_002d9a90,,,0,stub
0x002d9c00,FUN_002d9c00,,,0,stub
0x002d9c50,FUN_002d9c50,,,0,stub
0x002d9cb0,FUN_002d9cb0,,,0,stub
0x002d9dc0,FUN_002d9dc0,,,0,stub
0x002d9f50,FUN_002d9f50,,,0,stub
0x002d9fa0,FUN_002d9fa0,,,0,stub
0x002da1e0,FUN_002da1e0,,,0,stub
0x002da270,FUN_002da270,,,0,stub
0x002da3c0,FUN_002da3c0,,,0,stub
0x002da420,FUN_002da420,,,0,stub
0x002da7b0,FUN_002da7b0,,,0,stub
0x002da840,FUN_002da840,,,0,stub
0x002da8e0,FUN_002da8e0,,,0,stub
0x002daa30,FUN_002daa30,,,0,stub
0x002daa90,FUN_002daa90,,,0,stub
0x002dafe0,FUN_002dafe0,,,0,stub
0x002db100,FUN_002db100,,,0,stub
0x002db3f0,FUN_002db3f0,,,0,stub
0x002db620,FUN_002db620,,,0,stub
0x002db710,FUN_002db710,,,0,stub
0x002db830,FUN_002db830,,,0,stub
0x002dbb40,FUN_002dbb40,,,0,stub
0x002dbb70,FUN_002dbb70,,,0,stub
0x002dbc70,FUN_002dbc70,,,0,stub
0x002dbe00,FUN_002dbe00,,,0,stub
0x002dbe50,FUN_002dbe50,,,0,stub
0x002dc160,FUN_002dc160,,,0,stub
0x002dc1c0,FUN_002dc1c0,,,0,stub
0x002dc2e0,FUN_002dc2e0,,,0,stub
0x002dc370,FUN_002dc370,,,0,stub
0x002dc4c0,FUN_002dc4c0,,,0,stub
0x002dca30,FUN_002dca30,,,0,stub
0x002dcad0,FUN_002dcad0,,,0,stub
0x002dcb00,FUN_002dcb00,,,0,stub
0x002dcc70,FUN_002dcc70,,,0,stub
0x002dccc0,FUN_002dccc0,,,0,stub
0x002dcde0,FUN_002dcde0,,,0,stub
0x002dce60,FUN_002dce60,,,0,stub
0x002dcee0,FUN_002dcee0,,,0,stub
0x002dd070,FUN_002dd070,,,0,stub
0x002dd0d0,FUN_002dd0d0,,,0,stub
0x002dd4b0,FUN_002dd4b0,,,0,stub
0x002dd500,FUN_002dd500,,,0,stub
0x002dd5e0,FUN_002dd5e0,,,0,stub
0x002dd700,FUN_002dd700,,,0,stub
0x002dd760,FUN_002dd760,,,0,stub
0x002dd890,FUN_002dd890,,,0,stub
0x002ddb40,FUN_002ddb40,,,0,stub
0x002de1d0,FUN_002de1d0,,,0,stub
0x002de2b0,FUN_002de2b0,,,0,stub
0x002de320,FUN_002de320,,,0,stub
0x002de3b0,FUN_002de3b0,,,0,stub
0x002de3f0,FUN_002de3f0,,,0,stub
0x002de5f0,FUN_002de5f0,,,0,stub
0x002de640,FUN_002de640,,,0,stub
0x002de7c0,FUN_002de7c0,,,0,stub
0x002de930,FUN_002de930,,,0,stub
0x002de980,FUN_002de980,,,0,stub
0x002dea40,FUN_002dea40,,,0,stub
0x002deb40,FUN_002deb40,,,0,stub
0x002decd0,FUN_002decd0,,,0,stub
0x002ded20,FUN_002ded20,,,0,stub
0x002def20,FUN_002def20,,,0,stub
0x002df100,FUN_002df100,,,0,stub
0x002df150,FUN_002df150,,,0,stub
0x002df200,FUN_002df200,,,0,stub
0x002df500,FUN_002df500,,,0,stub
0x002df5c0,FUN_002df5c0,,,0,stub
0x002df6c0,FUN_002df6c0,,,0,stub
0x002df7a0,FUN_002df7a0,,,0,stub
0x002df7f0,FUN_002df7f0,,,0,stub
0x002df9f0,FUN_002df9f0,,,0,stub
0x002dfa50,FUN_002dfa50,,,0,stub
0x002dfa80,FUN_002dfa80,,,0,stub
0x002dfb80,FUN_002dfb80,,,0,stub
0x002dfbf0,FUN_002dfbf0,,,0,stub
0x002dfc50,FUN_002dfc50,,,0,stub
0x002e0790,FUN_002e0790,,,0,stub
0x002e0ea0,FUN_002e0ea0,,,0,stub
0x002e0f20,FUN_002e0f20,,,0,stub
0x002e0f90,FUN_002e0f90,,,0,stub
0x002e1050,FUN_002e1050,,,0,stub
0x002e1b40,FUN_002e1b40,,,0,stub
0x002e1e20,FUN_002e1e20,,,0,stub
0x002e21b0,FUN_002e21b0,,,0,stub
0x002e2cc0,FUN_002e2cc0,,,0,stub
0x002e2df0,FUN_002e2df0,,,0,stub
0x002e2e70,FUN_002e2e70,,,0,stub
0x002e2ef0,FUN_002e2ef0,,,0,stub
0x002e2f30,FUN_002e2f30,,,0,stub
0x002e30a0,FUN_002e30a0,,,0,stub
0x002e30f0,FUN_002e30f0,,,0,stub
0x002e3130,FUN_002e3130,,,0,stub
0x002e3380,FUN_002e3380,,,0,stub
0x002e33e0,FUN_002e33e0,,,0,stub
0x002e3590,FUN_002e3590,,,0,stub
0x002e35d0,FUN_002e35d0,,,0,stub
0x002e36d0,FUN_002e36d0,,,0,stub
0x002e3750,FUN_002e3750,,,0,stub
0x002e3810,FUN_002e3810,,,0,stub
0x002e39d0,FUN_002e39d0,,,0,stub
0x002e3a30,FUN_002e3a30,,,0,stub
0x002e3a70,FUN_002e3a70,,,0,stub
0x002e3c70,FUN_002e3c70,,,0,stub
0x002e3ee0,FUN_002e3ee0,,,0,stub
0x002e3f40,FUN_002e3f40,,,0,stub
0x002e4020,FUN_002e4020,,,0,stub
0x002e40c0,FUN_002e40c0,,,0,stub
0x002e4110,FUN_002e4110,,,0,stub
0x002e41c0,FUN_002e41c0,,,0,stub
0x002e42d0,FUN_002e42d0,,,0,stub
0x002e4360,FUN_002e4360,,,0,stub
0x002e43a0,FUN_002e43a0,,,0,stub
0x002e4760,FUN_002e4760,,,0,stub
0x002e47d0,FUN_002e47d0,,,0,stub
0x002e4850,FUN_002e4850,,,0,stub
0x002e48c0,FUN_002e48c0,,,0,stub
0x002e4fb0,FUN_002e4fb0,,,0,stub
0x002e50b0,FUN_002e50b0,,,0,stub
0x002e56f0,FUN_002e56f0,,,0,stub
0x002e5a10,FUN_002e5a10,,,0,stub
0x002e5b80,FUN_002e5b80,,,0,stub
0x002e5cd0,FUN_002e5cd0,,,0,stub
0x002e5f80,FUN_002e5f80,,,0,stub
0x002e6540,FUN_002e6540,,,0,stub
0x002e68d0,FUN_002e68d0,,,0,stub
0x002e6b40,FUN_002e6b40,,,0,stub
0x002e6b60,FUN_002e6b60,,,0,stub
0x002e6d60,FUN_002e6d60,,,0,stub
0x002e6e90,FUN_002e6e90,,,0,stub
0x002e71c0,FUN_002e71c0,,,0,stub
0x002e7230,FUN_002e7230,,,0,stub
0x002e73f0,FUN_002e73f0,,,0,stub
0x002e7420,FUN_002e7420,,,0,stub
0x002e74d0,FUN_002e74d0,,,0,stub
0x002e7680,FUN_002e7680,,,0,stub
0x002e7710,FUN_002e7710,,,0,stub
0x002e77b0,FUN_002e77b0,,,0,stub
0x002e7930,FUN_002e7930,,,0,stub
0x002e7a30,FUN_002e7a30,,,0,stub
0x002e7a80,FUN_002e7a80,,,0,stub
0x002e7ae0,FUN_002e7ae0,,,0,stub
0x002e7bb0,FUN_002e7bb0,,,0,stub
0x002e7c30,FUN_002e7c30,,,0,stub
0x002e7d10,FUN_002e7d10,,,0,stub
0x002e7f80,FUN_002e7f80,,,0,stub
0x002e7fe0,FUN_002e7fe0,,,0,stub
0x002e80f0,FUN_002e80f0,,,0,stub
0x002e8130,FUN_002e8130,,,0,stub
0x002e8330,FUN_002e8330,,,0,stub
0x002e84f0,FUN_002e84f0,,,0,stub
0x002e8710,FUN_002e8710,,,0,stub
0x002e8760,FUN_002e8760,,,0,stub
0x002e8880,FUN_002e8880,,,0,stub
0x002e89f0,FUN_002e89f0,,,0,stub
0x002e8a40,FUN_002e8a40,,,0,stub
0x002e8a80,FUN_002e8a80,,,0,stub
0x002e8b40,FUN_002e8b40,,,0,stub
0x002e8c60,FUN_002e8c60,,,0,stub
0x002e8f20,FUN_002e8f20,,,0,stub
0x002e8f60,FUN_002e8f60,,,0,stub
0x002e9150,FUN_002e9150,,,0,stub
0x002e9290,FUN_002e9290,,,0,stub
0x002e92d0,FUN_002e92d0,,,0,stub
0x002e9480,FUN_002e9480,,,0,stub
0x002e95c0,FUN_002e95c0,,,0,stub
0x002e96f0,FUN_002e96f0,,,0,stub
0x002e9740,FUN_002e9740,,,0,stub
0x002e9790,FUN_002e9790,,,0,stub
0x002e9810,FUN_002e9810,,,0,stub
0x002e9990,FUN_002e9990,,,0,stub
0x002e9a00,FUN_002e9a00,,,0,stub
0x002e9a90,FUN_002e9a90,,,0,stub
0x002e9bd0,FUN_002e9bd0,,,0,stub
0x002e9cb0,FUN_002e9cb0,,,0,stub
0x002e9d80,FUN_002e9d80,,,0,stub
0x002e9e40,FUN_002e9e40,,,0,stub
0x002e9e90,FUN_002e9e90,,,0,stub
0x002e9ed0,FUN_002e9ed0,,,0,stub
0x002e9fb0,FUN_002e9fb0,,,0,stub
0x002ea1b0,FUN_002ea1b0,,,0,stub
0x002ea260,FUN_002ea260,,,0,stub
0x002ea330,FUN_002ea330,,,0,stub
0x002ea5b0,FUN_002ea5b0,,,0,stub
0x002eafb0,FUN_002eafb0,,,0,stub
0x002eb120,FUN_002eb120,,,0,stub
0x002eb240,FUN_002eb240,,,0,stub
0x002eb270,FUN_002eb270,,,0,stub
0x002eb3b0,FUN_002eb3b0,,,0,stub
0x002eb400,FUN_002eb400,,,0,stub
0x002eb7a0,FUN_002eb7a0,,,0,stub
0x002eb7f0,FUN_002eb7f0,,,0,stub
0x002eb960,FUN_002eb960,,,0,stub
0x002eb9b0,FUN_002eb9b0,,,0,stub
0x002ebaa0,FUN_002ebaa0,,,0,stub
0x002ebc30,FUN_002ebc30,,,0,stub
0x002ebcb0,FUN_002ebcb0,,,0,stub
0x002ebe50,FUN_002ebe50,,,0,stub
0x002ec020,FUN_002ec020,,,0,stub
0x002ec380,FUN_002ec380,,,0,stub
0x002ec820,FUN_002ec820,,,0,stub
0x002ec980,FUN_002ec980,,,0,stub
0x002eca80,FUN_002eca80,,,0,stub
0x002ecd80,FUN_002ecd80,,,0,stub
0x002ecea0,FUN_002ecea0,,,0,stub
0x002ed020,FUN_002ed020,,,0,stub
0x002ed080,FUN_002ed080,,,0,stub
0x002ed1d0,FUN_002ed1d0,,,0,stub
0x002edb40,FUN_002edb40,,,0,stub
0x002edc00,FUN_002edc00,,,0,stub
0x002edcf0,FUN_002edcf0,,,0,stub
0x002eddf0,FUN_002eddf0,,,0,stub
0x002edef0,FUN_002edef0,,,0,stub
0x002edf70,FUN_002edf70,,,0,stub
0x002ee110,FUN_002ee110,,,0,stub
0x002ee190,FUN_002ee190,,,0,stub
0x002ee210,FUN_002ee210,,,0,stub
0x002ee410,FUN_002ee410,,,0,stub
0x002ee470,FUN_002ee470,,,0,stub
0x002ee540,FUN_002ee540,,,0,stub
0x002ee6f0,FUN_002ee6f0,,,0,stub
0x002ee930,FUN_002ee930,,,0,stub
0x002ee9d0,FUN_002ee9d0,,,0,stub
0x002eed20,FUN_002eed20,,,0,stub
0x002eed60,FUN_002eed60,,,0,stub
0x002eefc0,FUN_002eefc0,,,0,stub
0x002ef020,FUN_002ef020,,,0,stub
0x002ef190,FUN_002ef190,,,0,stub
0x002ef1d0,FUN_002ef1d0,,,0,stub
0x002ef290,FUN_002ef290,,,0,stub
0x002ef4c0,FUN_002ef4c0,,,0,stub
0x002ef520,FUN_002ef520,,,0,stub
0x002ef560,FUN_002ef560,,,0,stub
0x002ef860,FUN_002ef860,,,0,stub
0x002ef8b0,FUN_002ef8b0,,,0,stub
0x002efad0,FUN_002efad0,,,0,stub
0x002efb10,FUN_002efb10,,,0,stub
0x002efd00,FUN_002efd00,,,0,stub
0x002efd50,FUN_002efd50,,,0,stub
0x002efdf0,FUN_002efdf0,,,0,stub
0x002eff70,FUN_002eff70,,,0,stub
0x002efff0,FUN_002efff0,,,0,stub
0x002f0070,FUN_002f0070,,,0,stub
0x002f00f0,FUN_002f00f0,,,0,stub
0x002f0290,FUN_002f0290,,,0,stub
0x002f02e0,FUN_002f02e0,,,0,stub
0x002f0680,FUN_002f0680,,,0,stub
0x002f0740,FUN_002f0740,,,0,stub
0x002f08d0,FUN_002f08d0,,,0,stub
0x002f0920,FUN_002f0920,,,0,stub
0x002f0a40,FUN_002f0a40,,,0,stub
0x002f0a80,FUN_002f0a80,,,0,stub
0x002f0cd0,FUN_002f0cd0,,,0,stub
0x002f0d30,FUN_002f0d30,,,0,stub
0x002f0e00,FUN_002f0e00,,,0,stub
0x002f0fe0,FUN_002f0fe0,,,0,stub
0x002f1030,FUN_002f1030,,,0,stub
0x002f11a0,FUN_002f11a0,,,0,stub
0x002f1390,FUN_002f1390,,,0,stub
0x002f13e0,FUN_002f13e0,,,0,stub
0x002f1450,FUN_002f1450,,,0,stub
0x002f1510,FUN_002f1510,,,0,stub
0x002f1730,FUN_002f1730,,,0,stub
0x002f17d0,FUN_002f17d0,,,0,stub
0x002f1850,FUN_002f1850,,,0,stub
0x002f18d0,FUN_002f18d0,,,0,stub
0x002f1950,FUN_002f1950,,,0,stub
0x002f19d0,FUN_002f19d0,,,0,stub
0x002f1a50,FUN_002f1a50,,,0,stub
0x002f1ad0,FUN_002f1ad0,,,0,stub
0x002f1b50,FUN_002f1b50,,,0,stub
0x002f1bd0,FUN_002f1bd0,,,0,stub
0x002f1c50,FUN_002f1c50,,,0,stub
0x002f1cd0,FUN_002f1cd0,,,0,stub
0x002f1d50,FUN_002f1d50,,,0,stub
0x002f1dd0,FUN_002f1dd0,,,0,stub
0x002f1e50,FUN_002f1e50,,,0,stub
0x002f1ed0,FUN_002f1ed0,,,0,stub
0x002f1f50,FUN_002f1f50,,,0,stub
0x002f1fd0,FUN_002f1fd0,,,0,stub
0x002f2050,FUN_002f2050,,,0,stub
0x002f20d0,FUN_002f20d0,,,0,stub
0x002f2150,FUN_002f2150,,,0,stub
0x002f21e0,FUN_002f21e0,,,0,stub
0x002f2320,FUN_002f2320,,,0,stub
0x002f2b80,FUN_002f2b80,,,0,stub
0x002f2cd0,FUN_002f2cd0,,,0,stub
0x002f2d30,FUN_002f2d30,,,0,stub
0x002f2e50,FUN_002f2e50,,,0,stub
0x002f2f70,FUN_002f2f70,,,0,stub
0x002f3100,FUN_002f3100,,,0,stub
0x002f3150,FUN_002f3150,,,0,stub
0x002f3320,FUN_002f3320,,,0,stub
0x002f35b0,FUN_002f35b0,,,0,stub
0x002f3600,FUN_002f3600,,,0,stub
0x002f3790,FUN_002f3790,,,0,stub
0x002f3890,FUN_002f3890,,,0,stub
0x002f39c0,FUN_002f39c0,,,0,stub
0x002f44e0,FUN_002f44e0,,,0,stub
0x002f4920,FUN_002f4920,,,0,stub
0x002f4a30,FUN_002f4a30,,,0,stub
0x002f4d80,FUN_002f4d80,,,0,stub
0x002f4e60,FUN_002f4e60,,,0,stub
0x002f5210,FUN_002f5210,,,0,stub
0x002f5290,FUN_002f5290,,,0,stub
0x002f5440,FUN_002f5440,,,0,stub
0x002f55c0,FUN_002f55c0,,,0,stub
0x002f5670,FUN_002f5670,,,0,stub
0x002f56c0,FUN_002f56c0,,,0,stub
0x002f5720,FUN_002f5720,,,0,stub
0x002f58c0,FUN_002f58c0,,,0,stub
0x002f5c60,FUN_002f5c60,,,0,stub
0x002f5cc0,FUN_002f5cc0,,,0,stub
0x002f5e10,FUN_002f5e10,,,0,stub
0x002f5f50,FUN_002f5f50,,,0,stub
0x002f60c0,FUN_002f60c0,,,0,stub
0x002f6100,FUN_002f6100,,,0,stub
0x002f6250,FUN_002f6250,,,0,stub
0x002f62f0,FUN_002f62f0,,,0,stub
0x002f6370,FUN_002f6370,,,0,stub
0x002f6450,FUN_002f6450,,,0,stub
0x002f6540,FUN_002f6540,,,0,stub
0x002f6590,FUN_002f6590,,,0,stub
0x002f65f0,FUN_002f65f0,,,0,stub
0x002f6650,FUN_002f6650,,,0,stub
0x002f66c0,FUN_002f66c0,,,0,stub
0x002f6710,FUN_002f6710,,,0,stub
0x002f6760,FUN_002f6760,,,0,stub
0x002f67b0,FUN_002f67b0,,,0,stub
0x002f6870,FUN_002f6870,,,0,stub
0x002f68f0,FUN_002f68f0,,,0,stub
0x002f6a10,FUN_002f6a10,,,0,stub
0x002f6bb0,FUN_002f6bb0,,,0,stub
0x002f6c70,FUN_002f6c70,,,0,stub
0x002f6d30,FUN_002f6d30,,,0,stub
0x002f6fb0,FUN_002f6fb0,,,0,stub
0x002f7030,FUN_002f7030,,,0,stub
0x002f70b0,FUN_002f70b0,,,0,stub
0x002f7160,FUN_002f7160,,,0,stub
0x002f71e0,FUN_002f71e0,,,0,stub
0x002f72e0,FUN_002f72e0,,,0,stub
0x002f7320,FUN_002f7320,,,0,stub
0x002f7360,FUN_002f7360,,,0,stub
0x002f73a0,FUN_002f73a0,,,0,stub
0x002f75a0,FUN_002f75a0,,,0,stub
0x002f75f0,FUN_002f75f0,,,0,stub
0x002f7720,FUN_002f7720,,,0,stub
0x002f7920,FUN_002f7920,,,0,stub
0x002f7970,FUN_002f7970,,,0,stub
0x002f7e10,FUN_002f7e10,,,0,stub
0x002f7fe0,FUN_002f7fe0,,,0,stub
0x002f8340,FUN_002f8340,,,0,stub
0x002f83c0,FUN_002f83c0,,,0,stub
0x002f8890,FUN_002f8890,,,0,stub
0x002f8910,FUN_002f8910,,,0,stub
0x002f8ef0,FUN_002f8ef0,,,0,stub
0x002f90e0,FUN_002f90e0,,,0,stub
0x002f9240,FUN_002f9240,,,0,stub
0x002f92c0,FUN_002f92c0,,,0,stub
0x002f9590,FUN_002f9590,,,0,stub
0x002f95d0,FUN_002f95d0,,,0,stub
0x002f9630,FUN_002f9630,,,0,stub
0x002f9660,FUN_002f9660,,,0,stub
0x002f96e0,FUN_002f96e0,,,0,stub
0x002f9750,FUN_002f9750,,,0,stub
0x002f97e0,FUN_002f97e0,,,0,stub
0x002f9820,FUN_002f9820,,,0,stub
0x002f9a00,FUN_002f9a00,,,0,stub
0x002f9a60,FUN_002f9a60,,,0,stub
0x002f9aa0,FUN_002f9aa0,,,0,stub
0x002f9b60,FUN_002f9b60,,,0,stub
0x002f9be0,FUN_002f9be0,,,0,stub
0x002f9c60,FUN_002f9c60,,,0,stub
0x002f9f00,FUN_002f9f00,,,0,stub
0x002f9f60,FUN_002f9f60,,,0,stub
0x002fa100,FUN_002fa100,,,0,stub
0x002fa140,FUN_002fa140,,,0,stub
0x002fa230,FUN_002fa230,,,0,stub
0x002fa3c0,FUN_002fa3c0,,,0,stub
0x002fa410,FUN_002fa410,,,0,stub
0x002fa650,FUN_002fa650,,,0,stub
0x002fa830,FUN_002fa830,,,0,stub
0x002fa880,FUN_002fa880,,,0,stub
0x002faa70,FUN_002faa70,,,0,stub
0x002fabf0,FUN_002fabf0,,,0,stub
0x002fac40,FUN_002fac40,,,0,stub
0x002fad70,FUN_002fad70,,,0,stub
0x002fafe0,FUN_002fafe0,,,0,stub
0x002fb050,FUN_002fb050,,,0,stub
0x002fb0d0,FUN_002fb0d0,,,0,stub
0x002fb170,FUN_002fb170,,,0,stub
0x002fb810,FUN_002fb810,,,0,stub
0x002fbe50,FUN_002fbe50,,,0,stub
0x002fbe90,FUN_002fbe90,,,0,stub
0x002fc250,FUN_002fc250,,,0,stub
0x002fc2b0,FUN_002fc2b0,,,0,stub
0x002fc7e0,FUN_002fc7e0,,,0,stub
0x002fc920,FUN_002fc920,,,0,stub
0x002fc990,FUN_002fc990,,,0,stub
0x002fcae0,FUN_002fcae0,,,0,stub
0x002fcb30,FUN_002fcb30,,,0,stub
0x002fcce0,FUN_002fcce0,,,0,stub
0x002fce90,FUN_002fce90,,,0,stub
0x002fd0c0,FUN_002fd0c0,,,0,stub
0x002fd230,FUN_002fd230,,,0,stub
0x002fd820,FUN_002fd820,,,0,stub
0x002fdb50,FUN_002fdb50,,,0,stub
0x002fdd20,FUN_002fdd20,,,0,stub
0x002fe1b0,FUN_002fe1b0,,,0,stub
0x002fe1f0,FUN_002fe1f0,,,0,stub
0x002fe260,FUN_002fe260,,,0,stub
0x002fe290,FUN_002fe290,,,0,stub
0x002fe2d0,FUN_002fe2d0,,,0,stub
0x002fe440,FUN_002fe440,,,0,stub
0x002fe490,FUN_002fe490,,,0,stub
0x002fe4d0,FUN_002fe4d0,,,0,stub
0x002fe5f0,FUN_002fe5f0,,,0,stub
0x002fe780,FUN_002fe780,,,0,stub
0x002fe7d0,FUN_002fe7d0,,,0,stub
0x002feba0,FUN_002feba0,,,0,stub
0x002febf0,FUN_002febf0,,,0,stub
0x002fec30,FUN_002fec30,,,0,stub
0x002feda0,FUN_002feda0,,,0,stub
0x002fedf0,FUN_002fedf0,,,0,stub
0x002feeb0,FUN_002feeb0,,,0,stub
0x002fefa0,FUN_002fefa0,,,0,stub
0x002ff130,FUN_002ff130,,,0,stub
0x002ff180,FUN_002ff180,,,0,stub
0x002ff300,FUN_002ff300,,,0,stub
0x002ff4d0,FUN_002ff4d0,,,0,stub
0x002ff5f0,FUN_002ff5f0,,,0,stub
0x002ffb00,FUN_002ffb00,,,0,stub
0x00300600,FUN_00300600,,,0,stub
0x003008e0,FUN_003008e0,,,0,stub
0x00300af0,FUN_00300af0,,,0,stub
0x00301080,FUN_00301080,,,0,stub
0x00301390,FUN_00301390,,,0,stub
0x003014e0,FUN_003014e0,,,0,stub
0x00301520,FUN_00301520,,,0,stub
0x003015b0,FUN_003015b0,,,0,stub
0x00301600,FUN_00301600,,,0,stub
0x00301660,FUN_00301660,,,0,stub
0x00301780,FUN_00301780,,,0,stub
0x00301820,FUN_00301820,,,0,stub
0x00301850,FUN_00301850,,,0,stub
0x00301890,FUN_00301890,,,0,stub
0x00301a00,FUN_00301a00,,,0,stub
0x00301a60,FUN_00301a60,,,0,stub
0x00301aa0,FUN_00301aa0,,,0,stub
0x00301c70,FUN_00301c70,,,0,stub
0x00301cc0,FUN_00301cc0,,,0,stub
0x00301e90,FUN_00301e90,,,0,stub
0x00301fa0,FUN_00301fa0,,,0,stub
0x00302450,FUN_00302450,,,0,stub
0x00302600,FUN_00302600,,,0,stub
0x003027a0,FUN_003027a0,,,0,stub
0x003028c0,FUN_003028c0,,,0,stub
0x003029b0,FUN_003029b0,,,0,stub
0x003029e0,FUN_003029e0,,,0,stub
0x00302a60,FUN_00302a60,,,0,stub
0x00302af0,FUN_00302af0,,,0,stub
0x00302b20,FUN_00302b20,,,0,stub
0x00302b60,FUN_00302b60,,,0,stub
0x00302cc0,FUN_00302cc0,,,0,stub
0x00302d40,FUN_00302d40,,,0,stub
0x00302dc0,FUN_00302dc0,,,0,stub
0x00302e40,FUN_00302e40,,,0,stub
0x00302fd0,FUN_00302fd0,,,0,stub
0x00303020,FUN_00303020,,,0,stub
0x00303740,FUN_00303740,,,0,stub
0x00303790,FUN_00303790,,,0,stub
0x00303820,FUN_00303820,,,0,stub
0x00303a80,FUN_00303a80,,,0,stub
0x00303ad0,FUN_00303ad0,,,0,stub
0x00303c70,FUN_00303c70,,,0,stub
0x00303d00,FUN_00303d00,,,0,stub
0x00303d60,FUN_00303d60,,,0,stub
0x00303fb0,FUN_00303fb0,,,0,stub
0x00304190,FUN_00304190,,,0,stub
0x00304290,FUN_00304290,,,0,stub
0x00304330,FUN_00304330,,,0,stub
0x00304420,FUN_00304420,,,0,stub
0x003044b0,FUN_003044b0,,,0,stub
0x00304620,FUN_00304620,,,0,stub
0x00304690,FUN_00304690,,,0,stub
0x00304840,FUN_00304840,,,0,stub
0x00304890,FUN_00304890,,,0,stub
0x00305570,FUN_00305570,,,0,stub
0x00305620,FUN_00305620,,,0,stub
0x00305650,FUN_00305650,,,0,stub
0x003056b0,FUN_003056b0,,,0,stub
0x00305880,FUN_00305880,,,0,stub
0x00305920,FUN_00305920,,,0,stub
0x00305c80,FUN_00305c80,,,0,stub
0x003062e0,FUN_003062e0,,,0,stub
0x003065b0,FUN_003065b0,,,0,stub
0x00306990,FUN_00306990,,,0,stub
0x003069c0,FUN_003069c0,,,0,stub
0x00306a00,FUN_00306a00,,,0,stub
0x00306b70,FUN_00306b70,,,0,stub
0x00306bc0,FUN_00306bc0,,,0,stub
0x00306ca0,FUN_00306ca0,,,0,stub
0x00306d20,FUN_00306d20,,,0,stub
0x00306da0,FUN_00306da0,,,0,stub
0x00306f50,FUN_00306f50,,,0,stub
0x003070e0,FUN_003070e0,,,0,stub
0x00307140,FUN_00307140,,,0,stub
0x00307420,FUN_00307420,,,0,stub
0x00307470,FUN_00307470,,,0,stub
0x00307650,FUN_00307650,,,0,stub
0x00307720,FUN_00307720,,,0,stub
0x00307880,FUN_00307880,,,0,stub
0x003079b0,FUN_003079b0,,,0,stub
0x00307ab0,FUN_00307ab0,,,0,stub
0x00307c00,FUN_00307c00,,,0,stub
0x00307ca0,FUN_00307ca0,,,0,stub
0x00307d10,FUN_00307d10,,,0,stub
0x00307d70,FUN_00307d70,,,0,stub
0x00307ee0,FUN_00307ee0,,,0,stub
0x00308080,FUN_00308080,,,0,stub
0x00308140,FUN_00308140,,,0,stub
0x00308220,FUN_00308220,,,0,stub
0x003083d0,FUN_003083d0,,,0,stub
0x00308620,FUN_00308620,,,0,stub
0x00308680,FUN_00308680,,,0,stub
0x00308940,FUN_00308940,,,0,stub
0x00308a20,FUN_00308a20,,,0,stub
0x00308b20,FUN_00308b20,,,0,stub
0x00308b60,FUN_00308b60,,,0,stub
0x00308f70,FUN_00308f70,,,0,stub
0x00309110,FUN_00309110,,,0,stub
0x00309280,FUN_00309280,,,0,stub
0x003092d0,FUN_003092d0,,,0,stub
0x00309590,FUN_00309590,,,0,stub
0x003096a0,FUN_003096a0,,,0,stub
0x00309780,FUN_00309780,,,0,stub
0x003097c0,FUN_003097c0,,,0,stub
0x00309930,FUN_00309930,,,0,stub
0x00309980,FUN_00309980,,,0,stub
0x003099c0,FUN_003099c0,,,0,stub
0x00309ab0,FUN_00309ab0,,,0,stub
0x00309c10,FUN_00309c10,,,0,stub
0x00309c60,FUN_00309c60,,,0,stub
0x00309f70,FUN_00309f70,,,0,stub
0x0030a570,FUN_0030a570,,,0,stub
0x0030a6f0,FUN_0030a6f0,,,0,stub
0x0030a890,FUN_0030a890,,,0,stub
0x0030aa20,FUN_0030aa20,,,0,stub
0x0030ae80,FUN_0030ae80,,,0,stub
0x0030b4e0,FUN_0030b4e0,,,0,stub
0x0030b8a0,FUN_0030b8a0,,,0,stub
0x0030bad0,FUN_0030bad0,,,0,stub
0x0030bd30,FUN_0030bd30,,,0,stub
0x0030be40,FUN_0030be40,,,0,stub
0x0030be70,FUN_0030be70,,,0,stub
0x0030beb0,FUN_0030beb0,,,0,stub
0x0030c0a0,FUN_0030c0a0,,,0,stub
0x0030c0f0,FUN_0030c0f0,,,0,stub
0x0030c500,FUN_0030c500,,,0,stub
0x0030c550,FUN_0030c550,,,0,stub
0x0030c720,FUN_0030c720,,,0,stub
0x0030c7e0,FUN_0030c7e0,,,0,stub
0x0030ca10,FUN_0030ca10,,,0,stub
0x0030caa0,FUN_0030caa0,,,0,stub
0x0030cb80,FUN_0030cb80,,,0,stub
0x0030cc00,FUN_0030cc00,,,0,stub
0x0030cca0,FUN_0030cca0,,,0,stub
0x0030ccf0,FUN_0030ccf0,,,0,stub
0x0030d210,FUN_0030d210,,,0,stub
0x0030d730,FUN_0030d730,,,0,stub
0x0030e120,FUN_0030e120,,,0,stub
0x0030e550,FUN_0030e550,,,0,stub
0x0030e630,FUN_0030e630,,,0,stub
0x0030e6b0,FUN_0030e6b0,,,0,stub
0x0030e870,FUN_0030e870,,,0,stub
0x0030e970,FUN_0030e970,,,0,stub
0x0030e9a0,FUN_0030e9a0,,,0,stub
0x0030ea10,FUN_0030ea10,,,0,stub
0x0030ea40,FUN_0030ea40,,,0,stub
0x0030eb40,FUN_0030eb40,,,0,stub
0x0030ebc0,FUN_0030ebc0,,,0,stub
0x0030ed50,FUN_0030ed50,,,0,stub
0x0030eda0,FUN_0030eda0,,,0,stub
0x0030efc0,FUN_0030efc0,,,0,stub
0x0030f1b0,FUN_0030f1b0,,,0,stub
0x0030f200,FUN_0030f200,,,0,stub
0x0030f390,FUN_0030f390,,,0,stub
0x0030f640,FUN_0030f640,,,0,stub
0x0030f690,FUN_0030f690,,,0,stub
0x0030f770,FUN_0030f770,,,0,stub
0x0030f7b0,FUN_0030f7b0,,,0,stub
0x0030f7f0,FUN_0030f7f0,,,0,stub
0x0030f9d0,FUN_0030f9d0,,,0,stub
0x0030fb60,FUN_0030fb60,,,0,stub
0x0030fbc0,FUN_0030fbc0,,,0,stub
0x0030fd40,FUN_0030fd40,,,0,stub
0x0030fe80,FUN_0030fe80,,,0,stub
0x0030fff0,FUN_0030fff0,,,0,stub
0x00310070,FUN_00310070,,,0,stub
0x003100f0,FUN_003100f0,,,0,stub
0x00310170,FUN_00310170,,,0,stub
0x003101f0,FUN_003101f0,,,0,stub
0x00310280,FUN_00310280,,,0,stub
0x00310310,FUN_00310310,,,0,stub
0x003105b0,FUN_003105b0,,,0,stub
0x003107d0,FUN_003107d0,,,0,stub
0x003108f0,FUN_003108f0,,,0,stub
0x00310a50,FUN_00310a50,,,0,stub
0x00310ad0,FUN_00310ad0,,,0,stub
0x00310b50,FUN_00310b50,,,0,stub
0x00310d30,FUN_00310d30,,,0,stub
0x00310d90,FUN_00310d90,,,0,stub
0x00310ea0,FUN_00310ea0,,,0,stub
0x00310f30,FUN_00310f30,,,0,stub
0x00310fa0,FUN_00310fa0,,,0,stub
0x00311470,FUN_00311470,,,0,stub
0x003115e0,FUN_003115e0,,,0,stub
0x00311680,FUN_00311680,,,0,stub
0x003116b0,FUN_003116b0,,,0,stub
0x003117b0,FUN_003117b0,,,0,stub
0x003120f0,FUN_003120f0,,,0,stub
0x00312550,FUN_00312550,,,0,stub
0x00312910,FUN_00312910,,,0,stub
0x00312970,FUN_00312970,,,0,stub
0x00312a10,FUN_00312a10,,,0,stub
0x00312ad0,FUN_00312ad0,,,0,stub
0x00312b60,FUN_00312b60,,,0,stub
0x00312be0,FUN_00312be0,,,0,stub
0x00312c60,FUN_00312c60,,,0,stub
0x00312ce0,FUN_00312ce0,,,0,stub
0x00312d60,FUN_00312d60,,,0,stub
0x00312de0,FUN_00312de0,,,0,stub
0x00312e10,FUN_00312e10,,,0,stub
0x00313020,FUN_00313020,,,0,stub
0x00313070,FUN_00313070,,,0,stub
0x00313330,FUN_00313330,,,0,stub
0x003135c0,FUN_003135c0,,,0,stub
0x00313620,FUN_00313620,,,0,stub
0x00313b80,FUN_00313b80,,,0,stub
0x00313c60,FUN_00313c60,,,0,stub
0x00313d40,FUN_00313d40,,,0,stub
0x00313eb0,FUN_00313eb0,,,0,stub
0x003140c0,FUN_003140c0,,,0,stub
0x00314160,FUN_00314160,,,0,stub
0x003141b0,FUN_003141b0,,,0,stub
0x003143e0,FUN_003143e0,,,0,stub
0x00314430,FUN_00314430,,,0,stub
0x00314860,FUN_00314860,,,0,stub
0x00314890,FUN_00314890,,,0,stub
0x00314aa0,FUN_00314aa0,,,0,stub
0x00314af0,FUN_00314af0,,,0,stub
0x00314f20,FUN_00314f20,,,0,stub
0x00314f70,FUN_00314f70,,,0,stub
0x003152a0,FUN_003152a0,,,0,stub
0x00315380,FUN_00315380,,,0,stub
0x00315430,FUN_00315430,,,0,stub
0x003154c0,FUN_003154c0,,,0,stub
0x00315630,FUN_00315630,,,0,stub
0x003157e0,FUN_003157e0,,,0,stub
0x003159d0,FUN_003159d0,,,0,stub
0x00315bc0,FUN_00315bc0,,,0,stub
0x00315eb0,FUN_00315eb0,,,0,stub
0x00316020,FUN_00316020,,,0,stub
0x00316070,FUN_00316070,,,0,stub
0x003160b0,FUN_003160b0,,,0,stub
0x00316320,FUN_00316320,,,0,stub
0x00316370,FUN_00316370,,,0,stub
0x003164d0,FUN_003164d0,,,0,stub
0x003165a0,FUN_003165a0,,,0,stub
0x003166a0,FUN_003166a0,,,0,stub
0x003166f0,FUN_003166f0,,,0,stub
0x00316810,FUN_00316810,,,0,stub
0x00316980,FUN_00316980,,,0,stub
0x003169d0,FUN_003169d0,,,0,stub
0x00316a10,FUN_00316a10,,,0,stub
0x00316c40,FUN_00316c40,,,0,stub
0x00316c90,FUN_00316c90,,,0,stub
0x00316d60,FUN_00316d60,,,0,stub
0x00316dc0,FUN_00316dc0,,,0,stub
0x00316f00,FUN_00316f00,,,0,stub
0x00316f60,FUN_00316f60,,,0,stub
0x00317070,FUN_00317070,,,0,stub
0x00317250,FUN_00317250,,,0,stub
0x003172a0,FUN_003172a0,,,0,stub
0x00317300,FUN_00317300,,,0,stub
0x00317340,FUN_00317340,,,0,stub
0x00317560,FUN_00317560,,,0,stub
0x003175b0,FUN_003175b0,,,0,stub
0x00317720,FUN_00317720,,,0,stub
0x00317890,FUN_00317890,,,0,stub
0x003178e0,FUN_003178e0,,,0,stub
0x00317a50,FUN_00317a50,,,0,stub
0x00317aa0,FUN_00317aa0,,,0,stub
0x00317b00,FUN_00317b00,,,0,stub
0x00317c40,FUN_00317c40,,,0,stub
0x00317c90,FUN_00317c90,,,0,stub
0x00317e70,FUN_00317e70,,,0,stub
0x00317ec0,FUN_00317ec0,,,0,stub
0x00318020,FUN_00318020,,,0,stub
0x00318070,FUN_00318070,,,0,stub
0x003181a0,FUN_003181a0,,,0,stub
0x003181f0,FUN_003181f0,,,0,stub
0x00318330,FUN_00318330,,,0,stub
0x00318380,FUN_00318380,,,0,stub
0x00318610,FUN_00318610,,,0,stub
0x00318660,FUN_00318660,,,0,stub
0x003186a0,FUN_003186a0,,,0,stub
0x00318770,FUN_00318770,,,0,stub
0x00318900,FUN_00318900,,,0,stub
0x00318950,FUN_00318950,,,0,stub
0x00318a20,FUN_00318a20,,,0,stub
0x00318c70,FUN_00318c70,,,0,stub
0x00318cb0,FUN_00318cb0,,,0,stub
0x00318e20,FUN_00318e20,,,0,stub
0x00318e70,FUN_00318e70,,,0,stub
0x00318ee0,FUN_00318ee0,,,0,stub
0x00318fb0,FUN_00318fb0,,,0,stub
0x003190a0,FUN_003190a0,,,0,stub
0x00319240,FUN_00319240,,,0,stub
0x00319340,FUN_00319340,,,0,stub
0x003194e0,FUN_003194e0,,,0,stub
0x003195a0,FUN_003195a0,,,0,stub
0x00319670,FUN_00319670,,,0,stub
0x003196f0,FUN_003196f0,,,0,stub
0x00319910,FUN_00319910,,,0,stub
0x00319ab0,FUN_00319ab0,,,0,stub
0x00319ef0,FUN_00319ef0,,,0,stub
0x0031a130,FUN_0031a130,,,0,stub
0x0031a370,FUN_0031a370,,,0,stub
0x0031a4e0,FUN_0031a4e0,,,0,stub
0x0031a640,FUN_0031a640,,,0,stub
0x0031a710,FUN_0031a710,,,0,stub
0x0031a770,FUN_0031a770,,,0,stub
0x0031aa20,FUN_0031aa20,,,0,stub
0x0031aa90,FUN_0031aa90,,,0,stub
0x0031aae0,FUN_0031aae0,,,0,stub
0x0031ab10,FUN_0031ab10,,,0,stub
0x0031ad70,FUN_0031ad70,,,0,stub
0x0031ae10,FUN_0031ae10,,,0,stub
0x0031af10,FUN_0031af10,,,0,stub
0x0031af60,FUN_0031af60,,,0,stub
0x0031afb0,FUN_0031afb0,,,0,stub
0x0031b210,FUN_0031b210,,,0,stub
0x0031b280,FUN_0031b280,,,0,stub
0x0031b2e0,FUN_0031b2e0,,,0,stub
0x0031b410,FUN_0031b410,,,0,stub
0x0031b470,FUN_0031b470,,,0,stub
0x0031b4c0,FUN_0031b4c0,,,0,stub
0x0031b5e0,FUN_0031b5e0,,,0,stub
0x0031b6c0,FUN_0031b6c0,,,0,stub
0x0031b780,FUN_0031b780,,,0,stub
0x0031b9a0,FUN_0031b9a0,,,0,stub
0x0031ba20,FUN_0031ba20,,,0,stub
0x0031bc40,FUN_0031bc40,,,0,stub
0x0031beb0,FUN_0031beb0,,,0,stub
0x0031bf70,FUN_0031bf70,,,0,stub
0x0031c000,FUN_0031c000,,,0,stub
0x0031c3c0,FUN_0031c3c0,,,0,stub
0x0031c450,FUN_0031c450,,,0,stub
0x0031c530,FUN_0031c530,,,0,stub
0x0031c600,FUN_0031c600,,,0,stub
0x0031c650,FUN_0031c650,,,0,stub
0x0031c690,FUN_0031c690,,,0,stub
0x0031c760,FUN_0031c760,,,0,stub
0x0031c7d0,FUN_0031c7d0,,,0,stub
0x0031c830,FUN_0031c830,,,0,stub
0x0031ccd0,FUN_0031ccd0,,,0,stub
0x0031d130,FUN_0031d130,,,0,stub
0x0031d870,FUN_0031d870,,,0,stub
0x0031dbd0,FUN_0031dbd0,,,0,stub
0x0031dc30,FUN_0031dc30,,,0,stub
0x0031dca0,FUN_0031dca0,,,0,stub
0x0031ddb0,FUN_0031ddb0,,,0,stub
0x0031de40,FUN_0031de40,,,0,stub
0x0031dfd0,FUN_0031dfd0,,,0,stub
0x0031e240,FUN_0031e240,,,0,stub
0x0031e290,FUN_0031e290,,,0,stub
0x0031e2f0,FUN_0031e2f0,,,0,stub
0x0031e350,FUN_0031e350,,,0,stub
0x0031e390,FUN_0031e390,,,0,stub
0x0031e570,FUN_0031e570,,,0,stub
0x0031e5c0,FUN_0031e5c0,,,0,stub
0x0031e8c0,FUN_0031e8c0,,,0,stub
0x0031e920,FUN_0031e920,,,0,stub
0x0031ebf0,FUN_0031ebf0,,,0,stub
0x0031ec40,FUN_0031ec40,,,0,stub
0x0031ed30,FUN_0031ed30,,,0,stub
0x0031ed70,FUN_0031ed70,,,0,stub
0x0031ef80,FUN_0031ef80,,,0,stub
0x0031efd0,FUN_0031efd0,,,0,stub
0x0031f0c0,FUN_0031f0c0,,,0,stub
0x0031f100,FUN_0031f100,,,0,stub
0x0031f2e0,FUN_0031f2e0,,,0,stub
0x0031f330,FUN_0031f330,,,0,stub
0x0031f4b0,FUN_0031f4b0,,,0,stub
0x0031f680,FUN_0031f680,,,0,stub
0x0031f790,FUN_0031f790,,,0,stub
0x0031f8c0,FUN_0031f8c0,,,0,stub
0x0031fb50,FUN_0031fb50,,,0,stub
0x0031fd90,FUN_0031fd90,,,0,stub
0x003200b0,FUN_003200b0,,,0,stub
0x00320210,FUN_00320210,,,0,stub
0x00320290,FUN_00320290,,,0,stub
0x00320300,FUN_00320300,,,0,stub
0x00320380,FUN_00320380,,,0,stub
0x003203f0,FUN_003203f0,,,0,stub
0x00320610,FUN_00320610,,,0,stub
0x00320680,FUN_00320680,,,0,stub
0x00320b10,FUN_00320b10,,,0,stub
0x00320d10,FUN_00320d10,,,0,stub
0x00320d70,FUN_00320d70,,,0,stub
0x00320ee0,FUN_00320ee0,,,0,stub
0x00320f30,FUN_00320f30,,,0,stub
0x00320f70,FUN_00320f70,,,0,stub
0x00321170,FUN_00321170,,,0,stub
0x003211c0,FUN_003211c0,,,0,stub
0x003212e0,FUN_003212e0,,,0,stub
0x003213f0,FUN_003213f0,,,0,stub
0x00321470,FUN_00321470,,,0,stub
0x003214f0,FUN_003214f0,,,0,stub
0x003215b0,FUN_003215b0,,,0,stub
0x00321750,FUN_00321750,,,0,stub
0x003217b0,FUN_003217b0,,,0,stub
0x00321c20,FUN_00321c20,,,0,stub
0x00321db0,FUN_00321db0,,,0,stub
0x00321e00,FUN_00321e00,,,0,stub
0x003221f0,FUN_003221f0,,,0,stub
0x00322240,FUN_00322240,,,0,stub
0x00322330,FUN_00322330,,,0,stub
0x00322520,FUN_00322520,,,0,stub
0x00322570,FUN_00322570,,,0,stub
0x00322600,FUN_00322600,,,0,stub
0x00322770,FUN_00322770,,,0,stub
0x003227c0,FUN_003227c0,,,0,stub
0x003228b0,FUN_003228b0,,,0,stub
0x00322a20,FUN_00322a20,,,0,stub
0x00322a80,FUN_00322a80,,,0,stub
0x00322b10,FUN_00322b10,,,0,stub
0x00322c80,FUN_00322c80,,,0,stub
0x00322cd0,FUN_00322cd0,,,0,stub
0x00322df0,FUN_00322df0,,,0,stub
0x00322e30,FUN_00322e30,,,0,stub
0x00322e70,FUN_00322e70,,,0,stub
0x00323020,FUN_00323020,,,0,stub
0x003233a0,FUN_003233a0,,,0,stub
0x00323660,FUN_00323660,,,0,stub
0x00323800,FUN_00323800,,,0,stub
0x003239b0,FUN_003239b0,,,0,stub
0x00323cb0,FUN_00323cb0,,,0,stub
0x003240d0,FUN_003240d0,,,0,stub
0x00324230,FUN_00324230,,,0,stub
0x00324310,FUN_00324310,,,0,stub
0x00324410,FUN_00324410,,,0,stub
0x00324780,FUN_00324780,,,0,stub
0x00325fb0,FUN_00325fb0,,,0,stub
0x00326110,FUN_00326110,,,0,stub
0x003263a0,FUN_003263a0,,,0,stub
0x00326530,FUN_00326530,,,0,stub
0x003265b0,FUN_003265b0,,,0,stub
0x003267a0,FUN_003267a0,,,0,stub
0x00326ff0,FUN_00326ff0,,,0,stub
0x00327040,FUN_00327040,,,0,stub
0x00327270,FUN_00327270,,,0,stub
0x003272c0,FUN_003272c0,,,0,stub
0x003277b0,FUN_003277b0,,,0,stub
0x00327800,FUN_00327800,,,0,stub
0x00327ba0,FUN_00327ba0,,,0,stub
0x00327ce0,FUN_00327ce0,,,0,stub
0x00327e80,FUN_00327e80,,,0,stub
0x00327ee0,FUN_00327ee0,,,0,stub
0x00328160,FUN_00328160,,,0,stub
0x00328220,FUN_00328220,,,0,stub
0x003283f0,FUN_003283f0,,,0,stub
0x00328450,FUN_00328450,,,0,stub
0x00328800,FUN_00328800,,,0,stub
0x00328850,FUN_00328850,,,0,stub
0x00328c40,FUN_00328c40,,,0,stub
0x00328c90,FUN_00328c90,,,0,stub
0x00329000,FUN_00329000,,,0,stub
0x003291e0,FUN_003291e0,,,0,stub
0x00329390,FUN_00329390,,,0,stub
0x00329550,FUN_00329550,,,0,stub
0x00329700,FUN_00329700,,,0,stub
0x00329840,FUN_00329840,,,0,stub
0x00329ac0,FUN_00329ac0,,,0,stub
0x00329c20,FUN_00329c20,,,0,stub
0x00329c90,FUN_00329c90,,,0,stub
0x00329f00,FUN_00329f00,,,0,stub
0x0032a0e0,FUN_0032a0e0,,,0,stub
0x0032a370,FUN_0032a370,,,0,stub
0x0032a740,FUN_0032a740,,,0,stub
0x0032a920,FUN_0032a920,,,0,stub
0x0032aa90,FUN_0032aa90,,,0,stub
0x0032ac60,FUN_0032ac60,,,0,stub
0x0032adc0,FUN_0032adc0,,,0,stub
0x0032aea0,FUN_0032aea0,,,0,stub
0x0032b140,FUN_0032b140,,,0,stub
0x0032b670,FUN_0032b670,,,0,stub
0x0032b710,FUN_0032b710,,,0,stub
0x0032b860,FUN_0032b860,,,0,stub
0x0032b940,FUN_0032b940,,,0,stub
0x0032b9b0,FUN_0032b9b0,,,0,stub
0x0032ba00,FUN_0032ba00,,,0,stub
0x0032ba50,FUN_0032ba50,,,0,stub
0x0032bc90,FUN_0032bc90,,,0,stub
0x0032c3b0,FUN_0032c3b0,,,0,stub
0x0032c560,FUN_0032c560,,,0,stub
0x0032c720,FUN_0032c720,,,0,stub
0x0032c7a0,FUN_0032c7a0,,,0,stub
0x0032c8f0,FUN_0032c8f0,,,0,stub
0x0032c9e0,FUN_0032c9e0,,,0,stub
0x0032ca90,FUN_0032ca90,,,0,stub
0x0032cb20,FUN_0032cb20,,,0,stub
0x0032cc40,FUN_0032cc40,,,0,stub
0x0032cce0,FUN_0032cce0,,,0,stub
0x0032ce30,FUN_0032ce30,,,0,stub
0x0032cf20,FUN_0032cf20,,,0,stub
0x0032d150,FUN_0032d150,,,0,stub
0x0032d6a0,FUN_0032d6a0,,,0,stub
0x0032d6f0,FUN_0032d6f0,,,0,stub
0x0032df00,FUN_0032df00,,,0,stub
0x0032dff0,FUN_0032dff0,,,0,stub
0x0032e080,FUN_0032e080,,,0,stub
0x0032e1f0,FUN_0032e1f0,,,0,stub
0x0032e230,FUN_0032e230,,,0,stub
0x0032e430,FUN_0032e430,,,0,stub
0x0032e480,FUN_0032e480,,,0,stub
0x0032e5b0,FUN_0032e5b0,,,0,stub
0x0032e790,FUN_0032e790,,,0,stub
0x0032e7e0,FUN_0032e7e0,,,0,stub
0x0032e900,FUN_0032e900,,,0,stub
0x0032eb00,FUN_0032eb00,,,0,stub
0x0032eb50,FUN_0032eb50,,,0,stub
0x0032ede0,FUN_0032ede0,,,0,stub
0x0032ee50,FUN_0032ee50,,,0,stub
0x0032f060,FUN_0032f060,,,0,stub
0x0032fb70,FUN_0032fb70,,,0,stub
0x0032fd30,FUN_0032fd30,,,0,stub
0x0032fd80,FUN_0032fd80,,,0,stub
0x0032ffb0,FUN_0032ffb0,,,0,stub
0x0032ffe0,FUN_0032ffe0,,,0,stub
0x003300e0,FUN_003300e0,,,0,stub
0x00330210,FUN_00330210,,,0,stub
0x003303a0,FUN_003303a0,,,0,stub
0x00330400,FUN_00330400,,,0,stub
0x003304d0,FUN_003304d0,,,0,stub
0x00330550,FUN_00330550,,,0,stub
0x003307d0,FUN_003307d0,,,0,stub
0x00330830,FUN_00330830,,,0,stub
0x00330a40,FUN_00330a40,,,0,stub
0x00330a90,FUN_00330a90,,,0,stub
0x00330c00,FUN_00330c00,,,0,stub
0x00330c50,FUN_00330c50,,,0,stub
0x00330e30,FUN_00330e30,,,0,stub
0x00330e80,FUN_00330e80,,,0,stub
0x00330fb0,FUN_00330fb0,,,0,stub
0x00331090,FUN_00331090,,,0,stub
0x00331110,FUN_00331110,,,0,stub
0x003312e0,FUN_003312e0,,,0,stub
0x00331340,FUN_00331340,,,0,stub
0x003315c0,FUN_003315c0,,,0,stub
0x00331610,FUN_00331610,,,0,stub
0x00331650,FUN_00331650,,,0,stub
0x00331820,FUN_00331820,,,0,stub
0x00331870,FUN_00331870,,,0,stub
0x00331990,FUN_00331990,,,0,stub
0x00331a60,FUN_00331a60,,,0,stub
0x00331bf0,FUN_00331bf0,,,0,stub
0x00331c40,FUN_00331c40,,,0,stub
0x00331e30,FUN_00331e30,,,0,stub
0x00331f20,FUN_00331f20,,,0,stub
0x00332040,FUN_00332040,,,0,stub
0x00332350,FUN_00332350,,,0,stub
0x003325a0,FUN_003325a0,,,0,stub
0x00332610,FUN_00332610,,,0,stub
0x003326c0,FUN_003326c0,,,0,stub
0x003327b0,FUN_003327b0,,,0,stub
0x00332940,FUN_00332940,,,0,stub
0x00332b30,FUN_00332b30,,,0,stub
0x00332e30,FUN_00332e30,,,0,stub
0x00332ea0,FUN_00332ea0,,,0,stub
0x00332fe0,FUN_00332fe0,,,0,stub
0x00333030,FUN_00333030,,,0,stub
0x00333150,FUN_00333150,,,0,stub
0x003331a0,FUN_003331a0,,,0,stub
0x003331e0,FUN_003331e0,,,0,stub
0x003333c0,FUN_003333c0,,,0,stub
0x00333410,FUN_00333410,,,0,stub
0x003334f0,FUN_003334f0,,,0,stub
0x00333720,FUN_00333720,,,0,stub
0x003337a0,FUN_003337a0,,,0,stub
0x003339d0,FUN_003339d0,,,0,stub
0x00333c70,FUN_00333c70,,,0,stub
0x00333f90,FUN_00333f90,,,0,stub
0x00334270,FUN_00334270,,,0,stub
0x00334310,FUN_00334310,,,0,stub
0x00334390,FUN_00334390,,,0,stub
0x003344e0,FUN_003344e0,,,0,stub
0x00334790,FUN_00334790,,,0,stub
0x003347e0,FUN_003347e0,,,0,stub
0x003348c0,FUN_003348c0,,,0,stub
0x00334bd0,FUN_00334bd0,,,0,stub
0x00334d60,FUN_00334d60,,,0,stub
0x00334db0,FUN_00334db0,,,0,stub
0x00335080,FUN_00335080,,,0,stub
0x003350d0,FUN_003350d0,,,0,stub
0x003351c0,FUN_003351c0,,,0,stub
0x00335330,FUN_00335330,,,0,stub
0x003353d0,FUN_003353d0,,,0,stub
0x00335490,FUN_00335490,,,0,stub
0x00335dd0,FUN_00335dd0,,,0,stub
0x00336140,FUN_00336140,,,0,stub
0x003361d0,FUN_003361d0,,,0,stub
0x00336290,FUN_00336290,,,0,stub
0x00336360,FUN_00336360,,,0,stub
0x003364c0,FUN_003364c0,,,0,stub
0x00336600,FUN_00336600,,,0,stub
0x00336640,FUN_00336640,,,0,stub
0x00336950,FUN_00336950,,,0,stub
0x00336b60,FUN_00336b60,,,0,stub
0x00336c70,FUN_00336c70,,,0,stub
0x00336d40,FUN_00336d40,,,0,stub
0x00336fd0,FUN_00336fd0,,,0,stub
0x003370d0,FUN_003370d0,,,0,stub
0x00337350,FUN_00337350,,,0,stub
0x003373f0,FUN_003373f0,,,0,stub
0x00337430,FUN_00337430,,,0,stub
0x003374e0,FUN_003374e0,,,0,stub
0x003378e0,FUN_003378e0,,,0,stub
0x00337930,FUN_00337930,,,0,stub
0x00337d50,FUN_00337d50,,,0,stub
0x00337dd0,FUN_00337dd0,,,0,stub
0x00337e40,FUN_00337e40,,,0,stub
0x00337f90,FUN_00337f90,,,0,stub
0x003380e0,FUN_003380e0,,,0,stub
0x00338170,FUN_00338170,,,0,stub
0x00338210,FUN_00338210,,,0,stub
0x003382c0,FUN_003382c0,,,0,stub
0x00338320,FUN_00338320,,,0,stub
0x003383a0,FUN_003383a0,,,0,stub
0x00338480,FUN_00338480,,,0,stub
0x00338520,FUN_00338520,,,0,stub
0x003385c0,FUN_003385c0,,,0,stub
0x00338700,FUN_00338700,,,0,stub
0x003388f0,FUN_003388f0,,,0,stub
0x003389c0,FUN_003389c0,,,0,stub
0x00338a30,FUN_00338a30,,,0,stub
0x00338af0,FUN_00338af0,,,0,stub
0x00338ca0,FUN_00338ca0,,,0,stub
0x00338ff0,FUN_00338ff0,,,0,stub
0x00339310,FUN_00339310,,,0,stub
0x00339820,FUN_00339820,,,0,stub
0x00339f20,FUN_00339f20,,,0,stub
0x00339fd0,FUN_00339fd0,,,0,stub
0x0033a0c0,FUN_0033a0c0,,,0,stub
0x0033a1b0,FUN_0033a1b0,,,0,stub
0x0033a270,FUN_0033a270,,,0,stub
0x0033a320,FUN_0033a320,,,0,stub
0x0033a390,FUN_0033a390,,,0,stub
0x0033a420,FUN_0033a420,,,0,stub
0x0033a520,FUN_0033a520,,,0,stub
0x0033a570,FUN_0033a570,,,0,stub
0x0033a5b0,FUN_0033a5b0,,,0,stub
0x0033a650,FUN_0033a650,,,0,stub
0x0033a760,FUN_0033a760,,,0,stub
0x0033aa00,FUN_0033aa00,,,0,stub
0x0033aa50,FUN_0033aa50,,,0,stub
0x0033aab0,FUN_0033aab0,,,0,stub
0x0033abf0,FUN_0033abf0,,,0,stub
0x0033adc0,FUN_0033adc0,,,0,stub
0x0033ae60,FUN_0033ae60,,,0,stub
0x0033afa0,FUN_0033afa0,,,0,stub
0x0033b140,FUN_0033b140,,,0,stub
0x0033b190,FUN_0033b190,,,0,stub
0x0033b2b0,FUN_0033b2b0,,,0,stub
0x0033b300,FUN_0033b300,,,0,stub
0x0033b450,FUN_0033b450,,,0,stub
0x0033b7e0,FUN_0033b7e0,,,0,stub
0x0033b820,FUN_0033b820,,,0,stub
0x0033b8b0,FUN_0033b8b0,,,0,stub
0x0033b950,FUN_0033b950,,,0,stub
0x0033b9a0,FUN_0033b9a0,,,0,stub
0x0033ba80,FUN_0033ba80,,,0,stub
0x0033baf0,FUN_0033baf0,,,0,stub
0x0033bb60,FUN_0033bb60,,,0,stub
0x0033bbc0,FUN_0033bbc0,,,0,stub
0x0033bc40,FUN_0033bc40,,,0,stub
0x0033bcb0,FUN_0033bcb0,,,0,stub
0x0033bd60,FUN_0033bd60,,,0,stub
0x0033be20,FUN_0033be20,,,0,stub
0x0033c070,FUN_0033c070,,,0,stub
0x0033c120,FUN_0033c120,,,0,stub
0x0033c1b0,FUN_0033c1b0,,,0,stub
0x0033c3b0,FUN_0033c3b0,,,0,stub
0x0033c490,FUN_0033c490,,,0,stub
0x0033c5d0,FUN_0033c5d0,,,0,stub
0x0033c610,FUN_0033c610,,,0,stub
0x0033c700,FUN_0033c700,,,0,stub
0x0033c790,FUN_0033c790,,,0,stub
0x0033c7d0,FUN_0033c7d0,,,0,stub
0x0033c810,FUN_0033c810,,,0,stub
0x0033c8b0,FUN_0033c8b0,,,0,stub
0x0033c970,FUN_0033c970,,,0,stub
0x0033c9e0,FUN_0033c9e0,,,0,stub
0x0033ca10,FUN_0033ca10,,,0,stub
0x0033ca40,FUN_0033ca40,,,0,stub
0x0033cad0,FUN_0033cad0,,,0,stub
0x0033cca0,FUN_0033cca0,,,0,stub
0x0033ce50,FUN_0033ce50,,,0,stub
0x0033d050,FUN_0033d050,,,0,stub
0x0033d0f0,FUN_0033d0f0,,,0,stub
0x0033d210,FUN_0033d210,,,0,stub
0x0033d290,FUN_0033d290,,,0,stub
0x0033d2d0,FUN_0033d2d0,,,0,stub
0x0033d340,FUN_0033d340,,,0,stub
0x0033d3e0,FUN_0033d3e0,,,0,stub
0x0033d420,FUN_0033d420,,,0,stub
0x0033d480,FUN_0033d480,,,0,stub
0x0033d4e0,FUN_0033d4e0,,,0,stub
0x0033d550,FUN_0033d550,,,0,stub
0x0033d650,FUN_0033d650,,,0,stub
0x0033d740,FUN_0033d740,,,0,stub
0x0033d7f0,FUN_0033d7f0,,,0,stub
0x0033d860,FUN_0033d860,,,0,stub
0x0033d940,FUN_0033d940,,,0,stub
0x0033d9b0,FUN_0033d9b0,,,0,stub
0x0033db20,FUN_0033db20,,,0,stub
0x0033dc90,FUN_0033dc90,,,0,stub
0x0033dd10,FUN_0033dd10,,,0,stub
0x0033ddb0,FUN_0033ddb0,,,0,stub
0x0033de50,FUN_0033de50,,,0,stub
0x0033deb0,FUN_0033deb0,,,0,stub
0x0033df30,FUN_0033df30,,,0,stub
0x0033dfb0,FUN_0033dfb0,,,0,stub
0x0033e060,FUN_0033e060,,,0,stub
0x0033e0d0,FUN_0033e0d0,,,0,stub
0x0033e130,FUN_0033e130,,,0,stub
0x0033e1b0,FUN_0033e1b0,,,0,stub
0x0033e2a0,FUN_0033e2a0,,,0,stub
0x0033e340,FUN_0033e340,,,0,stub
0x0033e550,FUN_0033e550,,,0,stub
0x0033e600,FUN_0033e600,,,0,stub
0x0033e6f0,FUN_0033e6f0,,,0,stub
0x0033e990,FUN_0033e990,,,0,stub
0x0033eb70,FUN_0033eb70,,,0,stub
0x0033ee30,FUN_0033ee30,,,0,stub
0x0033eec0,FUN_0033eec0,,,0,stub
0x0033f0d0,FUN_0033f0d0,,,0,stub
0x0033f1d0,FUN_0033f1d0,,,0,stub
0x0033f220,FUN_0033f220,,,0,stub
0x0033f2e0,FUN_0033f2e0,,,0,stub
0x0033f380,FUN_0033f380,,,0,stub
0x0033f610,FUN_0033f610,,,0,stub
0x0033f800,FUN_0033f800,,,0,stub
0x0033fc30,FUN_0033fc30,,,0,stub
0x0033fd20,FUN_0033fd20,,,0,stub
0x0033fda0,FUN_0033fda0,,,0,stub
0x0033fde0,FUN_0033fde0,,,0,stub
0x0033fe90,FUN_0033fe90,,,0,stub
0x0033ff10,FUN_0033ff10,,,0,stub
0x0033ff40,FUN_0033ff40,,,0,stub
0x0033ff70,FUN_0033ff70,,,0,stub
0x00340050,FUN_00340050,,,0,stub
0x003402d0,FUN_003402d0,,,0,stub
0x00340310,FUN_00340310,,,0,stub
0x00340470,FUN_00340470,,,0,stub
0x00340580,FUN_00340580,,,0,stub
0x00340650,FUN_00340650,,,0,stub
0x00340bf0,FUN_00340bf0,,,0,stub
0x00340f70,FUN_00340f70,,,0,stub
0x00341410,FUN_00341410,,,0,stub
0x00341490,FUN_00341490,,,0,stub
0x003416c0,FUN_003416c0,,,0,stub
0x00341750,FUN_00341750,,,0,stub
0x00341860,FUN_00341860,,,0,stub
0x003418b0,FUN_003418b0,,,0,stub
0x003418f0,FUN_003418f0,,,0,stub
0x00341b80,FUN_00341b80,,,0,stub
0x00341bd0,FUN_00341bd0,,,0,stub
0x00341ca0,FUN_00341ca0,,,0,stub
0x00341ce0,FUN_00341ce0,,,0,stub
0x00341f70,FUN_00341f70,,,0,stub
0x00341fd0,FUN_00341fd0,,,0,stub
0x003420a0,FUN_003420a0,,,0,stub
0x003420e0,FUN_003420e0,,,0,stub
0x00342120,FUN_00342120,,,0,stub
0x00342210,FUN_00342210,,,0,stub
0x00342280,FUN_00342280,,,0,stub
0x003422c0,FUN_003422c0,,,0,stub
0x00342300,FUN_00342300,,,0,stub
0x003423f0,FUN_003423f0,,,0,stub
0x00342500,FUN_00342500,,,0,stub
0x003425e0,FUN_003425e0,,,0,stub
0x00342640,FUN_00342640,,,0,stub
0x00342690,FUN_00342690,,,0,stub
0x003427c0,FUN_003427c0,,,0,stub
0x00342990,FUN_00342990,,,0,stub
0x00342a40,FUN_00342a40,,,0,stub
0x00342c50,FUN_00342c50,,,0,stub
0x00342da0,FUN_00342da0,,,0,stub
0x00342f80,FUN_00342f80,,,0,stub
0x00342fd0,FUN_00342fd0,,,0,stub
0x00343010,FUN_00343010,,,0,stub
0x003430e0,FUN_003430e0,,,0,stub
0x003431f0,FUN_003431f0,,,0,stub
0x003432c0,FUN_003432c0,,,0,stub
0x00343350,FUN_00343350,,,0,stub
0x003433c0,FUN_003433c0,,,0,stub
0x00343420,FUN_00343420,,,0,stub
0x00343460,FUN_00343460,,,0,stub
0x003434b0,FUN_003434b0,,,0,stub
0x00343630,FUN_00343630,,,0,stub
0x00343720,FUN_00343720,,,0,stub
0x003437a0,FUN_003437a0,,,0,stub
0x00343810,FUN_00343810,,,0,stub
0x00343860,FUN_00343860,,,0,stub
0x00343890,FUN_00343890,,,0,stub
0x003438d0,FUN_003438d0,,,0,stub
0x00343940,FUN_00343940,,,0,stub
0x003439f0,FUN_003439f0,,,0,stub
0x00343c60,FUN_00343c60,,,0,stub
0x00343cc0,FUN_00343cc0,,,0,stub
0x00343e90,FUN_00343e90,,,0,stub
0x00344070,FUN_00344070,,,0,stub
0x00344d70,FUN_00344d70,,,0,stub
0x00344e20,FUN_00344e20,,,0,stub
0x00345010,FUN_00345010,,,0,stub
0x003450d0,FUN_003450d0,,,0,stub
0x00345150,FUN_00345150,,,0,stub
0x00345190,FUN_00345190,,,0,stub
0x00345460,FUN_00345460,,,0,stub
0x00345510,FUN_00345510,,,0,stub
0x003455e0,FUN_003455e0,,,0,stub
0x00345670,FUN_00345670,,,0,stub
0x003457e0,FUN_003457e0,,,0,stub
0x00345860,FUN_00345860,,,0,stub
0x00345a20,FUN_00345a20,,,0,stub
0x00345a70,FUN_00345a70,,,0,stub
0x00345ae0,FUN_00345ae0,,,0,stub
0x00345ce0,FUN_00345ce0,,,0,stub
0x00345d70,FUN_00345d70,,,0,stub
0x00345e20,FUN_00345e20,,,0,stub
0x00345e90,FUN_00345e90,,,0,stub
0x00346240,FUN_00346240,,,0,stub
0x00346610,FUN_00346610,,,0,stub
0x003466c0,FUN_003466c0,,,0,stub
0x00346740,FUN_00346740,,,0,stub
0x003467c0,FUN_003467c0,,,0,stub
0x00346830,FUN_00346830,,,0,stub
0x00346d20,FUN_00346d20,,,0,stub
0x00347390,FUN_00347390,,,0,stub
0x00347440,FUN_00347440,,,0,stub
0x003474c0,FUN_003474c0,,,0,stub
0x00347530,FUN_00347530,,,0,stub
0x00347600,FUN_00347600,,,0,stub
0x00347660,FUN_00347660,,,0,stub
0x00347740,FUN_00347740,,,0,stub
0x003477b0,FUN_003477b0,,,0,stub
0x003477f0,FUN_003477f0,,,0,stub
0x003478e0,FUN_003478e0,,,0,stub
0x00347960,FUN_00347960,,,0,stub
0x003479c0,FUN_003479c0,,,0,stub
0x00347aa0,FUN_00347aa0,,,0,stub
0x00347b10,FUN_00347b10,,,0,stub
0x00347ba0,FUN_00347ba0,,,0,stub
0x00347c10,FUN_00347c10,,,0,stub
0x00347ca0,FUN_00347ca0,,,0,stub
0x00347de0,FUN_00347de0,,,0,stub
0x00347e50,FUN_00347e50,,,0,stub
0x00347ed0,FUN_00347ed0,,,0,stub
0x00348130,FUN_00348130,,,0,stub
0x00348200,FUN_00348200,,,0,stub
0x00348280,FUN_00348280,,,0,stub
0x00348330,FUN_00348330,,,0,stub
0x003483d0,FUN_003483d0,,,0,stub
0x00348450,FUN_00348450,,,0,stub
0x003484c0,FUN_003484c0,,,0,stub
0x00348510,FUN_00348510,,,0,stub
0x00348580,FUN_00348580,,,0,stub
0x00348700,FUN_00348700,,,0,stub
0x00348790,FUN_00348790,,,0,stub
0x00348830,FUN_00348830,,,0,stub
0x00348880,FUN_00348880,,,0,stub
0x003488e0,FUN_003488e0,,,0,stub
0x003489c0,FUN_003489c0,,,0,stub
0x00348c00,FUN_00348c00,,,0,stub
0x00348cc0,FUN_00348cc0,,,0,stub
0x00348e30,FUN_00348e30,,,0,stub
0x00348ea0,FUN_00348ea0,,,0,stub
0x003492b0,FUN_003492b0,,,0,stub
0x003496d0,FUN_003496d0,,,0,stub
0x00349780,FUN_00349780,,,0,stub
0x00349810,FUN_00349810,,,0,stub
0x00349880,FUN_00349880,,,0,stub
0x00349a90,FUN_00349a90,,,0,stub
0x00349b40,FUN_00349b40,,,0,stub
0x00349bc0,FUN_00349bc0,,,0,stub
0x00349c60,FUN_00349c60,,,0,stub
0x00349cf0,FUN_00349cf0,,,0,stub
0x00349e20,FUN_00349e20,,,0,stub
0x00349e80,FUN_00349e80,,,0,stub
0x00349f70,FUN_00349f70,,,0,stub
0x0034a020,FUN_0034a020,,,0,stub
0x0034a090,FUN_0034a090,,,0,stub
0x0034a100,FUN_0034a100,,,0,stub
0x0034a5c0,FUN_0034a5c0,,,0,stub
0x0034a640,FUN_0034a640,,,0,stub
0x0034a710,FUN_0034a710,,,0,stub
0x0034a780,FUN_0034a780,,,0,stub
0x0034a810,FUN_0034a810,,,0,stub
0x0034a870,FUN_0034a870,,,0,stub
0x0034a8f0,FUN_0034a8f0,,,0,stub
0x0034a960,FUN_0034a960,,,0,stub
0x0034ae50,FUN_0034ae50,,,0,stub
0x0034aed0,FUN_0034aed0,,,0,stub
0x0034af40,FUN_0034af40,,,0,stub
0x0034afb0,FUN_0034afb0,,,0,stub
0x0034b220,FUN_0034b220,,,0,stub
0x0034b2a0,FUN_0034b2a0,,,0,stub
0x0034b370,FUN_0034b370,,,0,stub
0x0034b520,FUN_0034b520,,,0,stub
0x0034bb50,FUN_0034bb50,,,0,stub
0x0034bc60,FUN_0034bc60,,,0,stub
0x0034bd10,FUN_0034bd10,,,0,stub
0x0034bd80,FUN_0034bd80,,,0,stub
0x0034bf10,FUN_0034bf10,,,0,stub
0x0034c0c0,FUN_0034c0c0,,,0,stub
0x0034c160,FUN_0034c160,,,0,stub
0x0034c1e0,FUN_0034c1e0,,,0,stub
0x0034c230,FUN_0034c230,,,0,stub
0x0034c2e0,FUN_0034c2e0,,,0,stub
0x0034c370,FUN_0034c370,,,0,stub
0x0034c400,FUN_0034c400,,,0,stub
0x0034c4b0,FUN_0034c4b0,,,0,stub
0x0034c530,FUN_0034c530,,,0,stub
0x0034c5e0,FUN_0034c5e0,,,0,stub
0x0034c680,FUN_0034c680,,,0,stub
0x0034c700,FUN_0034c700,,,0,stub
0x0034c780,FUN_0034c780,,,0,stub
0x0034c7f0,FUN_0034c7f0,,,0,stub
0x0034c900,FUN_0034c900,,,0,stub
0x0034ca80,FUN_0034ca80,,,0,stub
0x0034cb20,FUN_0034cb20,,,0,stub
0x0034cbb0,FUN_0034cbb0,,,0,stub
0x0034cc20,FUN_0034cc20,,,0,stub
0x0034d030,FUN_0034d030,,,0,stub
0x0034d070,FUN_0034d070,,,0,stub
0x0034d100,FUN_0034d100,,,0,stub
0x0034d180,FUN_0034d180,,,0,stub
0x0034d220,FUN_0034d220,,,0,stub
0x0034d290,FUN_0034d290,,,0,stub
0x0034d300,FUN_0034d300,,,0,stub
0x0034d390,FUN_0034d390,,,0,stub
0x0034d410,FUN_0034d410,,,0,stub
0x0034d620,FUN_0034d620,,,0,stub
0x0034d7e0,FUN_0034d7e0,,,0,stub
0x0034d8a0,FUN_0034d8a0,,,0,stub
0x0034d950,FUN_0034d950,,,0,stub
0x0034d9e0,FUN_0034d9e0,,,0,stub
0x0034daa0,FUN_0034daa0,,,0,stub
0x0034db50,FUN_0034db50,,,0,stub
0x0034dbd0,FUN_0034dbd0,,,0,stub
0x0034dc40,FUN_0034dc40,,,0,stub
0x0034dcb0,FUN_0034dcb0,,,0,stub
0x0034dd20,FUN_0034dd20,,,0,stub
0x0034dda0,FUN_0034dda0,,,0,stub
0x0034de30,FUN_0034de30,,,0,stub
0x0034dec0,FUN_0034dec0,,,0,stub
0x0034df70,FUN_0034df70,,,0,stub
0x0034dfe0,FUN_0034dfe0,,,0,stub
0x0034e3e0,FUN_0034e3e0,,,0,stub
0x0034e840,FUN_0034e840,,,0,stub
0x0034e8f0,FUN_0034e8f0,,,0,stub
0x0034e980,FUN_0034e980,,,0,stub
0x0034e9f0,FUN_0034e9f0,,,0,stub
0x0034ec40,FUN_0034ec40,,,0,stub
0x0034ee40,FUN_0034ee40,,,0,stub
0x0034eec0,FUN_0034eec0,,,0,stub
0x0034ef40,FUN_0034ef40,,,0,stub
0x0034efc0,FUN_0034efc0,,,0,stub
0x0034f030,FUN_0034f030,,,0,stub
0x0034f2d0,FUN_0034f2d0,,,0,stub
0x0034f4c0,FUN_0034f4c0,,,0,stub
0x0034f680,FUN_0034f680,,,0,stub
0x0034f860,FUN_0034f860,,,0,stub
0x0034f900,FUN_0034f900,,,0,stub
0x0034f990,FUN_0034f990,,,0,stub
0x0034fa00,FUN_0034fa00,,,0,stub
0x0034ff90,FUN_0034ff90,,,0,stub
0x00350510,FUN_00350510,,,0,stub
0x003505c0,FUN_003505c0,,,0,stub
0x00350640,FUN_00350640,,,0,stub
0x003506e0,FUN_003506e0,,,0,stub
0x00350750,FUN_00350750,,,0,stub
0x003508d0,FUN_003508d0,,,0,stub
0x00350960,FUN_00350960,,,0,stub
0x00350a40,FUN_00350a40,,,0,stub
0x00350b50,FUN_00350b50,,,0,stub
0x00350c30,FUN_00350c30,,,0,stub
0x00350ca0,FUN_00350ca0,,,0,stub
0x00350ea0,FUN_00350ea0,,,0,stub
0x00351120,FUN_00351120,,,0,stub
0x003511c0,FUN_003511c0,,,0,stub
0x00351240,FUN_00351240,,,0,stub
0x00351290,FUN_00351290,,,0,stub
0x00351300,FUN_00351300,,,0,stub
0x003513c0,FUN_003513c0,,,0,stub
0x00351450,FUN_00351450,,,0,stub
0x00351500,FUN_00351500,,,0,stub
0x00351570,FUN_00351570,,,0,stub
0x003516e0,FUN_003516e0,,,0,stub
0x003518d0,FUN_003518d0,,,0,stub
0x00351980,FUN_00351980,,,0,stub
0x00351a00,FUN_00351a00,,,0,stub
0x00351a70,FUN_00351a70,,,0,stub
0x00351ae0,FUN_00351ae0,,,0,stub
0x00351b60,FUN_00351b60,,,0,stub
0x00351d00,FUN_00351d00,,,0,stub
0x00351d70,FUN_00351d70,,,0,stub
0x00351f60,FUN_00351f60,,,0,stub
0x003520e0,FUN_003520e0,,,0,stub
0x00352170,FUN_00352170,,,0,stub
0x00352220,FUN_00352220,,,0,stub
0x00352290,FUN_00352290,,,0,stub
0x003525b0,FUN_003525b0,,,0,stub
0x00352850,FUN_00352850,,,0,stub
0x00352980,FUN_00352980,,,0,stub
0x00352a10,FUN_00352a10,,,0,stub
0x00352a80,FUN_00352a80,,,0,stub
0x00352f20,FUN_00352f20,,,0,stub
0x00353580,FUN_00353580,,,0,stub
0x00353630,FUN_00353630,,,0,stub
0x003536b0,FUN_003536b0,,,0,stub
0x00353700,FUN_00353700,,,0,stub
0x00353770,FUN_00353770,,,0,stub
0x00353800,FUN_00353800,,,0,stub
0x00353890,FUN_00353890,,,0,stub
0x00353930,FUN_00353930,,,0,stub
0x00353980,FUN_00353980,,,0,stub
0x00353a20,FUN_00353a20,,,0,stub
0x00353b00,FUN_00353b00,,,0,stub
0x00354310,FUN_00354310,,,0,stub
0x00354860,FUN_00354860,,,0,stub
0x003548e0,FUN_003548e0,,,0,stub
0x00354970,FUN_00354970,,,0,stub
0x00354c20,FUN_00354c20,,,0,stub
0x00354c70,FUN_00354c70,,,0,stub
0x00354cd0,FUN_00354cd0,,,0,stub
0x00354e00,FUN_00354e00,,,0,stub
0x00355380,FUN_00355380,,,0,stub
0x003555c0,FUN_003555c0,,,0,stub
0x003556e0,FUN_003556e0,,,0,stub
0x00355760,FUN_00355760,,,0,stub
0x003557e0,FUN_003557e0,,,0,stub
0x003558d0,FUN_003558d0,,,0,stub
0x00355ab0,FUN_00355ab0,,,0,stub
0x00355bf0,FUN_00355bf0,,,0,stub
0x00355d10,FUN_00355d10,,,0,stub
0x00355e30,FUN_00355e30,,,0,stub
0x00355eb0,FUN_00355eb0,,,0,stub
0x00355f30,FUN_00355f30,,,0,stub
0x00355fb0,FUN_00355fb0,,,0,stub
0x00356060,FUN_00356060,,,0,stub
0x00356100,FUN_00356100,,,0,stub
0x00356190,FUN_00356190,,,0,stub
0x00356200,FUN_00356200,,,0,stub
0x00356340,FUN_00356340,,,0,stub
0x003564e0,FUN_003564e0,,,0,stub
0x00356590,FUN_00356590,,,0,stub
0x00356620,FUN_00356620,,,0,stub
0x00356690,FUN_00356690,,,0,stub
0x00356b50,FUN_00356b50,,,0,stub
0x00357060,FUN_00357060,,,0,stub
0x00357110,FUN_00357110,,,0,stub
0x003571a0,FUN_003571a0,,,0,stub
0x00357210,FUN_00357210,,,0,stub
0x00357530,FUN_00357530,,,0,stub
0x00357810,FUN_00357810,,,0,stub
0x003578c0,FUN_003578c0,,,0,stub
0x00357950,FUN_00357950,,,0,stub
0x003579e0,FUN_003579e0,,,0,stub
0x00357a60,FUN_00357a60,,,0,stub
0x00357ac0,FUN_00357ac0,,,0,stub
0x00357b60,FUN_00357b60,,,0,stub
0x00357bb0,FUN_00357bb0,,,0,stub
0x00357bf0,FUN_00357bf0,,,0,stub
0x00357cd0,FUN_00357cd0,,,0,stub
0x00357d50,FUN_00357d50,,,0,stub
0x00357dc0,FUN_00357dc0,,,0,stub
0x00357eb0,FUN_00357eb0,,,0,stub
0x00358080,FUN_00358080,,,0,stub
0x00358130,FUN_00358130,,,0,stub
0x003588c0,FUN_003588c0,,,0,stub
0x00358940,FUN_00358940,,,0,stub
0x003589c0,FUN_003589c0,,,0,stub
0x00358a40,FUN_00358a40,,,0,stub
0x00358ac0,FUN_00358ac0,,,0,stub
0x003591a0,FUN_003591a0,,,0,stub
0x00359260,FUN_00359260,,,0,stub
0x00359460,FUN_00359460,,,0,stub
0x003594d0,FUN_003594d0,,,0,stub
0x003596b0,FUN_003596b0,,,0,stub
0x00359830,FUN_00359830,,,0,stub
0x00359950,FUN_00359950,,,0,stub
0x00359a50,FUN_00359a50,,,0,stub
0x00359cb0,FUN_00359cb0,,,0,stub
0x00359d20,FUN_00359d20,,,0,stub
0x0035a2c0,FUN_0035a2c0,,,0,stub
0x0035a340,FUN_0035a340,,,0,stub
0x0035a470,FUN_0035a470,,,0,stub
0x0035a4f0,FUN_0035a4f0,,,0,stub
0x0035a590,FUN_0035a590,,,0,stub
0x0035a5d0,FUN_0035a5d0,,,0,stub
0x0035a610,FUN_0035a610,,,0,stub
0x0035a660,FUN_0035a660,,,0,stub
0x0035a770,FUN_0035a770,,,0,stub
0x0035a800,FUN_0035a800,,,0,stub
0x0035a8d0,FUN_0035a8d0,,,0,stub
0x0035aa40,FUN_0035aa40,,,0,stub
0x0035aae0,FUN_0035aae0,,,0,stub
0x0035ab90,FUN_0035ab90,,,0,stub
0x0035ac50,FUN_0035ac50,,,0,stub
0x0035acd0,FUN_0035acd0,,,0,stub
0x0035ad30,FUN_0035ad30,,,0,stub
0x0035ad90,FUN_0035ad90,,,0,stub
0x0035aef0,FUN_0035aef0,,,0,stub
0x0035af20,FUN_0035af20,,,0,stub
0x0035af50,FUN_0035af50,,,0,stub
0x0035afa0,FUN_0035afa0,,,0,stub
0x0035b120,FUN_0035b120,,,0,stub
0x0035b160,FUN_0035b160,,,0,stub
0x0035b2b0,FUN_0035b2b0,,,0,stub
0x0035b360,FUN_0035b360,,,0,stub
0x0035b3e0,FUN_0035b3e0,,,0,stub
0x0035b460,FUN_0035b460,,,0,stub
0x0035b4f0,FUN_0035b4f0,,,0,stub
0x0035b550,FUN_0035b550,,,0,stub
0x0035b5b0,FUN_0035b5b0,,,0,stub
0x0035b7b0,FUN_0035b7b0,,,0,stub
0x0035b830,FUN_0035b830,,,0,stub
0x0035b940,FUN_0035b940,,,0,stub
0x0035bc90,FUN_0035bc90,,,0,stub
0x0035bda0,FUN_0035bda0,,,0,stub
0x0035be10,FUN_0035be10,,,0,stub
0x0035c020,FUN_0035c020,,,0,stub
0x0035c180,FUN_0035c180,,,0,stub
0x0035c2b0,FUN_0035c2b0,,,0,stub
0x0035c340,FUN_0035c340,,,0,stub
0x0035c440,FUN_0035c440,,,0,stub
0x0035c600,FUN_0035c600,,,0,stub
0x0035c830,FUN_0035c830,,,0,stub
0x0035ce20,FUN_0035ce20,,,0,stub
0x0035cf30,FUN_0035cf30,,,0,stub
0x0035cfb0,FUN_0035cfb0,,,0,stub
0x0035d170,FUN_0035d170,,,0,stub
0x0035d250,FUN_0035d250,,,0,stub
0x0035d280,FUN_0035d280,,,0,stub
0x0035d2c0,FUN_0035d2c0,,,0,stub
0x0035d470,FUN_0035d470,,,0,stub
0x0035d590,FUN_0035d590,,,0,stub
0x0035d680,FUN_0035d680,,,0,stub
0x0035d820,FUN_0035d820,,,0,stub
0x0035da30,FUN_0035da30,,,0,stub
0x0035dcb0,FUN_0035dcb0,,,0,stub
0x0035e110,FUN_0035e110,,,0,stub
0x0035e230,FUN_0035e230,,,0,stub
0x0035e2e0,FUN_0035e2e0,,,0,stub
0x0035e3b0,FUN_0035e3b0,,,0,stub
0x0035e4f0,FUN_0035e4f0,,,0,stub
0x0035e580,FUN_0035e580,,,0,stub
0x0035e6f0,FUN_0035e6f0,,,0,stub
0x0035e760,FUN_0035e760,,,0,stub
0x0035e7f0,FUN_0035e7f0,,,0,stub
0x0035e950,FUN_0035e950,,,0,stub
0x0035ea40,FUN_0035ea40,,,0,stub
0x0035ebf0,FUN_0035ebf0,,,0,stub
0x0035ed80,FUN_0035ed80,,,0,stub
0x0035eed0,FUN_0035eed0,,,0,stub
0x0035ef40,FUN_0035ef40,,,0,stub
0x0035f0e0,FUN_0035f0e0,,,0,stub
0x0035f2c0,FUN_0035f2c0,,,0,stub
0x0035f370,FUN_0035f370,,,0,stub
0x0035f490,FUN_0035f490,,,0,stub
0x0035f680,FUN_0035f680,,,0,stub
0x0035f6d0,FUN_0035f6d0,,,0,stub
0x0035f730,FUN_0035f730,,,0,stub
0x0035f7c0,FUN_0035f7c0,,,0,stub
0x0035f7f0,FUN_0035f7f0,,,0,stub
0x0035fa90,FUN_0035fa90,,,0,stub
0x0035fba0,FUN_0035fba0,,,0,stub
0x0035fe20,FUN_0035fe20,,,0,stub
0x003600a0,FUN_003600a0,,,0,stub
0x00360110,FUN_00360110,,,0,stub
0x00360510,FUN_00360510,,,0,stub
0x00360600,FUN_00360600,,,0,stub
0x00360660,FUN_00360660,,,0,stub
0x00360e20,FUN_00360e20,,,0,stub
0x003618d0,FUN_003618d0,,,0,stub
0x00361980,FUN_00361980,,,0,stub
0x00361b70,FUN_00361b70,,,0,stub
0x00361c50,FUN_00361c50,,,0,stub
0x00361f50,FUN_00361f50,,,0,stub
0x00361ff0,FUN_00361ff0,,,0,stub
0x003621a0,FUN_003621a0,,,0,stub
0x00362350,FUN_00362350,,,0,stub
0x00362580,FUN_00362580,,,0,stub
0x003626a0,FUN_003626a0,,,0,stub
0x00362970,FUN_00362970,,,0,stub
0x00362f60,FUN_00362f60,,,0,stub
0x00363910,FUN_00363910,,,0,stub
0x00363b90,FUN_00363b90,,,0,stub
0x00363c90,FUN_00363c90,,,0,stub
0x00363e40,FUN_00363e40,,,0,stub
0x00363ea0,FUN_00363ea0,,,0,stub
0x00363ef0,FUN_00363ef0,,,0,stub
0x00363f60,FUN_00363f60,,,0,stub
0x00363fd0,FUN_00363fd0,,,0,stub
0x00364120,FUN_00364120,,,0,stub
0x00364190,FUN_00364190,,,0,stub
0x00364270,FUN_00364270,,,0,stub
0x00364370,FUN_00364370,,,0,stub
0x00364410,FUN_00364410,,,0,stub
0x00364590,FUN_00364590,,,0,stub
0x00364620,FUN_00364620,,,0,stub
0x00364820,FUN_00364820,,,0,stub
0x00364a90,FUN_00364a90,,,0,stub
0x00364b40,FUN_00364b40,,,0,stub
0x00364f70,FUN_00364f70,,,0,stub
0x00365080,FUN_00365080,,,0,stub
0x003651b0,FUN_003651b0,,,0,stub
0x00365250,FUN_00365250,,,0,stub
0x00365480,FUN_00365480,,,0,stub
0x00365500,FUN_00365500,,,0,stub
0x00365660,FUN_00365660,,,0,stub
0x003656d0,FUN_003656d0,,,0,stub
0x003657f0,FUN_003657f0,,,0,stub
0x00365a20,FUN_00365a20,,,0,stub
0x00365d10,FUN_00365d10,,,0,stub
0x00365f60,FUN_00365f60,,,0,stub
0x00365fa0,FUN_00365fa0,,,0,stub
0x00365ff0,FUN_00365ff0,,,0,stub
0x00366100,FUN_00366100,,,0,stub
0x00366510,FUN_00366510,,,0,stub
0x00366c10,FUN_00366c10,,,0,stub
0x00366f00,FUN_00366f00,,,0,stub
0x00367030,FUN_00367030,,,0,stub
0x003671c0,FUN_003671c0,,,0,stub
0x003674c0,FUN_003674c0,,,0,stub
0x003678e0,FUN_003678e0,,,0,stub
0x00367960,FUN_00367960,,,0,stub
0x00367b10,FUN_00367b10,,,0,stub
0x00367dc0,FUN_00367dc0,,,0,stub
0x00368250,FUN_00368250,,,0,stub
0x003687a0,FUN_003687a0,,,0,stub
0x00368830,FUN_00368830,,,0,stub
0x003688c0,FUN_003688c0,,,0,stub
0x00368990,FUN_00368990,,,0,stub
0x00368ca0,FUN_00368ca0,,,0,stub
0x00368d20,FUN_00368d20,,,0,stub
0x00368d90,FUN_00368d90,,,0,stub
0x00368e10,FUN_00368e10,,,0,stub
0x00368ef0,FUN_00368ef0,,,0,stub
0x00369040,FUN_00369040,,,0,stub
0x003690c0,FUN_003690c0,,,0,stub
0x003691a0,FUN_003691a0,,,0,stub
0x00369310,FUN_00369310,,,0,stub
0x00369390,FUN_00369390,,,0,stub
0x00369480,FUN_00369480,,,0,stub
0x003694f0,FUN_003694f0,,,0,stub
0x00369740,FUN_00369740,,,0,stub
0x003697c0,FUN_003697c0,,,0,stub
0x003698d0,FUN_003698d0,,,0,stub
0x00369c60,FUN_00369c60,,,0,stub
0x0036a0b0,FUN_0036a0b0,,,0,stub
0x0036a290,FUN_0036a290,,,0,stub
0x0036a3c0,FUN_0036a3c0,,,0,stub
0x0036a670,FUN_0036a670,,,0,stub
0x0036a7d0,FUN_0036a7d0,,,0,stub
0x0036a830,FUN_0036a830,,,0,stub
0x0036a890,FUN_0036a890,,,0,stub
0x0036a910,FUN_0036a910,,,0,stub
0x0036aa90,FUN_0036aa90,,,0,stub
0x0036ac20,FUN_0036ac20,,,0,stub
0x0036ac80,FUN_0036ac80,,,0,stub
0x0036acf0,FUN_0036acf0,,,0,stub
0x0036afc0,FUN_0036afc0,,,0,stub
0x0036b240,FUN_0036b240,,,0,stub
0x0036b300,FUN_0036b300,,,0,stub
0x0036b370,FUN_0036b370,,,0,stub
0x0036b3e0,FUN_0036b3e0,,,0,stub
0x0036b460,FUN_0036b460,,,0,stub
0x0036b4d0,FUN_0036b4d0,,,0,stub
0x0036b6b0,FUN_0036b6b0,,,0,stub
0x0036b7b0,FUN_0036b7b0,,,0,stub
0x0036b9b0,FUN_0036b9b0,,,0,stub
0x0036bce0,FUN_0036bce0,,,0,stub
0x0036bd50,FUN_0036bd50,,,0,stub
0x0036bf70,FUN_0036bf70,,,0,stub
0x0036c140,FUN_0036c140,,,0,stub
0x0036c230,FUN_0036c230,,,0,stub
0x0036c380,FUN_0036c380,,,0,stub
0x0036c3b0,FUN_0036c3b0,,,0,stub
0x0036c8c0,FUN_0036c8c0,,,0,stub
0x0036c950,FUN_0036c950,,,0,stub
0x0036ca70,FUN_0036ca70,,,0,stub
0x0036cb50,FUN_0036cb50,,,0,stub
0x0036cf50,FUN_0036cf50,,,0,stub
0x0036d190,FUN_0036d190,,,0,stub
0x0036d1e0,FUN_0036d1e0,,,0,stub
0x0036d230,FUN_0036d230,,,0,stub
0x0036d490,FUN_0036d490,,,0,stub
0x0036d550,FUN_0036d550,,,0,stub
0x0036daf0,FUN_0036daf0,,,0,stub
0x0036de90,FUN_0036de90,,,0,stub
0x0036df80,FUN_0036df80,,,0,stub
0x0036dfe0,FUN_0036dfe0,,,0,stub
0x0036e040,FUN_0036e040,,,0,stub
0x0036e0a0,FUN_0036e0a0,,,0,stub
0x0036e190,FUN_0036e190,,,0,stub
0x0036e1f0,FUN_0036e1f0,,,0,stub
0x0036e270,FUN_0036e270,,,0,stub
0x0036e2d0,FUN_0036e2d0,,,0,stub
0x0036e9a0,FUN_0036e9a0,,,0,stub
0x0036ea00,FUN_0036ea00,,,0,stub
0x0036ea60,FUN_0036ea60,,,0,stub
0x0036eac0,FUN_0036eac0,,,0,stub
0x0036eb30,FUN_0036eb30,,,0,stub
0x0036eb90,FUN_0036eb90,,,0,stub
0x0036edc0,FUN_0036edc0,,,0,stub
0x0036f5a0,FUN_0036f5a0,,,0,stub
0x0036f780,FUN_0036f780,,,0,stub
0x0036f800,FUN_0036f800,,,0,stub
0x0036f840,FUN_0036f840,,,0,stub
0x0036f910,FUN_0036f910,,,0,stub
0x0036f990,FUN_0036f990,,,0,stub
0x0036fb10,FUN_0036fb10,,,0,stub
0x0036fdd0,FUN_0036fdd0,,,0,stub
0x00370200,FUN_00370200,,,0,stub
0x00370830,FUN_00370830,,,0,stub
0x00370a20,FUN_00370a20,,,0,stub
0x00370bf0,FUN_00370bf0,,,0,stub
0x00370d10,FUN_00370d10,,,0,stub
0x003710b0,FUN_003710b0,,,0,stub
0x00371460,FUN_00371460,,,0,stub
0x003717f0,FUN_003717f0,,,0,stub
0x00372270,FUN_00372270,,,0,stub
0x003722e0,FUN_003722e0,,,0,stub
0x00372340,FUN_00372340,,,0,stub
0x00372480,FUN_00372480,,,0,stub
0x00372980,FUN_00372980,,,0,stub
0x00372a10,FUN_00372a10,,,0,stub
0x00372a80,FUN_00372a80,,,0,stub
0x00372ae0,FUN_00372ae0,,,0,stub
0x00373050,FUN_00373050,,,0,stub
0x00374780,FUN_00374780,,,0,stub
0x00374820,FUN_00374820,,,0,stub
0x00375a50,FUN_00375a50,,,0,stub
0x00375db0,FUN_00375db0,,,0,stub
0x00376250,FUN_00376250,,,0,stub
0x00376900,FUN_00376900,,,0,stub
0x00376b90,FUN_00376b90,,,0,stub
0x00376d10,FUN_00376d10,,,0,stub
0x00376d50,FUN_00376d50,,,0,stub
0x003770e0,FUN_003770e0,,,0,stub
0x003771c0,FUN_003771c0,,,0,stub
0x00377290,FUN_00377290,,,0,stub
0x00377590,FUN_00377590,,,0,stub
0x00377620,FUN_00377620,,,0,stub
0x00377720,FUN_00377720,,,0,stub
0x00377b60,FUN_00377b60,,,0,stub
0x00377e80,FUN_00377e80,,,0,stub
0x00378320,FUN_00378320,,,0,stub
0x00378750,FUN_00378750,,,0,stub
0x00378cf0,FUN_00378cf0,,,0,stub
0x00378e60,FUN_00378e60,,,0,stub
0x00379170,FUN_00379170,,,0,stub
0x00379200,FUN_00379200,,,0,stub
0x00379600,FUN_00379600,,,0,stub
0x003796b0,FUN_003796b0,,,0,stub
0x00379810,FUN_00379810,,,0,stub
0x00379bc0,FUN_00379bc0,,,0,stub
0x00379c30,FUN_00379c30,,,0,stub
0x00379ea0,FUN_00379ea0,,,0,stub
0x0037a0e0,FUN_0037a0e0,,,0,stub
0x0037a530,FUN_0037a530,,,0,stub
0x0037a5e0,FUN_0037a5e0,,,0,stub
0x0037abd0,FUN_0037abd0,,,0,stub
0x0037ad60,FUN_0037ad60,,,0,stub
0x0037ae50,FUN_0037ae50,,,0,stub
0x0037b4e0,FUN_0037b4e0,,,0,stub
0x0037b650,FUN_0037b650,,,0,stub
0x0037b720,FUN_0037b720,,,0,stub
0x0037b7d0,FUN_0037b7d0,,,0,stub
0x0037b840,FUN_0037b840,,,0,stub
0x0037b8b0,FUN_0037b8b0,,,0,stub
0x0037b920,FUN_0037b920,,,0,stub
0x0037b990,FUN_0037b990,,,0,stub
0x0037bb70,FUN_0037bb70,,,0,stub
0x0037bc60,FUN_0037bc60,,,0,stub
0x0037be40,FUN_0037be40,,,0,stub
0x0037c050,FUN_0037c050,,,0,stub
0x0037c220,FUN_0037c220,,,0,stub
0x0037c430,FUN_0037c430,,,0,stub
0x0037c700,FUN_0037c700,,,0,stub
0x0037c9b0,FUN_0037c9b0,,,0,stub
0x0037cd30,FUN_0037cd30,,,0,stub
0x0037ce60,FUN_0037ce60,,,0,stub
0x0037cf30,FUN_0037cf30,,,0,stub
0x0037cfa0,FUN_0037cfa0,,,0,stub
0x0037cff0,FUN_0037cff0,,,0,stub
0x0037d4f0,FUN_0037d4f0,,,0,stub
0x0037d6a0,FUN_0037d6a0,,,0,stub
0x0037d780,FUN_0037d780,,,0,stub
0x0037d7f0,FUN_0037d7f0,,,0,stub
0x0037dcf0,FUN_0037dcf0,,,0,stub
0x0037dea0,FUN_0037dea0,,,0,stub
0x0037df70,FUN_0037df70,,,0,stub
0x0037e050,FUN_0037e050,,,0,stub
0x0037e160,FUN_0037e160,,,0,stub
0x0037e210,FUN_0037e210,,,0,stub
0x0037e260,FUN_0037e260,,,0,stub
0x0037e2d0,FUN_0037e2d0,,,0,stub
0x0037e330,FUN_0037e330,,,0,stub
0x0037e390,FUN_0037e390,,,0,stub
0x0037e3f0,FUN_0037e3f0,,,0,stub
0x0037e4f0,FUN_0037e4f0,,,0,stub
0x0037e570,FUN_0037e570,,,0,stub
0x0037e6b0,FUN_0037e6b0,,,0,stub
0x0037ebd0,FUN_0037ebd0,,,0,stub
0x0037f0f0,FUN_0037f0f0,,,0,stub
0x0037f1c0,FUN_0037f1c0,,,0,stub
0x0037f2f0,FUN_0037f2f0,,,0,stub
0x0037f3d0,FUN_0037f3d0,,,0,stub
0x0037fa80,FUN_0037fa80,,,0,stub
0x0037fad0,FUN_0037fad0,,,0,stub
0x0037fb60,FUN_0037fb60,,,0,stub
0x0037fcc0,FUN_0037fcc0,,,0,stub
0x0037fd50,FUN_0037fd50,,,0,stub
0x003802a0,FUN_003802a0,,,0,stub
0x00380930,FUN_00380930,,,0,stub
0x00380a30,FUN_00380a30,,,0,stub
0x00380cf0,FUN_00380cf0,,,0,stub
0x00380db0,FUN_00380db0,,,0,stub
0x00380e80,FUN_00380e80,,,0,stub
0x00380ef0,FUN_00380ef0,,,0,stub
0x00383070,FUN_00383070,,,0,stub
0x00383640,FUN_00383640,,,0,stub
0x00383c30,FUN_00383c30,,,0,stub
0x00384230,FUN_00384230,,,0,stub
0x003847a0,FUN_003847a0,,,0,stub
0x00384990,FUN_00384990,,,0,stub
0x00384b80,FUN_00384b80,,,0,stub
0x00384d70,FUN_00384d70,,,0,stub
0x00384f20,FUN_00384f20,,,0,stub
0x00385300,FUN_00385300,,,0,stub
0x003856e0,FUN_003856e0,,,0,stub
0x00385c10,FUN_00385c10,,,0,stub
0x00385c40,FUN_00385c40,,,0,stub
0x00385dc0,FUN_00385dc0,,,0,stub
0x00385e20,FUN_00385e20,,,0,stub
0x00386170,FUN_00386170,,,0,stub
0x003863e0,FUN_003863e0,,,0,stub
0x00386a00,FUN_00386a00,,,0,stub
0x00387050,FUN_00387050,,,0,stub
0x00387230,FUN_00387230,,,0,stub
0x00387570,FUN_00387570,,,0,stub
0x00387a00,FUN_00387a00,,,0,stub
0x00387c40,FUN_00387c40,,,0,stub
0x00387e10,FUN_00387e10,,,0,stub
0x00387e70,FUN_00387e70,,,0,stub
0x00388210,FUN_00388210,,,0,stub
0x00388430,FUN_00388430,,,0,stub
0x003885d0,FUN_003885d0,,,0,stub
0x00388870,FUN_00388870,,,0,stub
0x00389170,FUN_00389170,,,0,stub
0x00389300,FUN_00389300,,,0,stub
0x003894e0,FUN_003894e0,,,0,stub
0x00389570,FUN_00389570,,,0,stub
0x00389950,FUN_00389950,,,0,stub
0x00389bb0,FUN_00389bb0,,,0,stub
0x00389bf0,FUN_00389bf0,,,0,stub
0x0038a010,FUN_0038a010,,,0,stub
0x0038a250,FUN_0038a250,,,0,stub
0x0038a850,FUN_0038a850,,,0,stub
0x0038b350,FUN_0038b350,,,0,stub
0x0038b460,FUN_0038b460,,,0,stub
0x0038cd30,FUN_0038cd30,,,0,stub
0x0038d950,FUN_0038d950,,,0,stub
0x0038da20,FUN_0038da20,,,0,stub
0x0038dab0,FUN_0038dab0,,,0,stub
0x0038dc90,FUN_0038dc90,,,0,stub
0x0038df00,FUN_0038df00,,,0,stub
0x0038df70,FUN_0038df70,,,0,stub
0x0038e150,FUN_0038e150,,,0,stub
0x0038e2a0,FUN_0038e2a0,,,0,stub
0x0038e480,FUN_0038e480,,,0,stub
0x0038e5a0,FUN_0038e5a0,,,0,stub
0x0038e6e0,FUN_0038e6e0,,,0,stub
0x0038e7c0,FUN_0038e7c0,,,0,stub
0x0038e8b0,FUN_0038e8b0,,,0,stub
0x0038e9a0,FUN_0038e9a0,,,0,stub
0x0038ea50,FUN_0038ea50,,,0,stub
0x0038eaf0,FUN_0038eaf0,,,0,stub
0x0038eb40,FUN_0038eb40,,,0,stub
0x0038ed80,FUN_0038ed80,,,0,stub
0x0038edf0,FUN_0038edf0,,,0,stub
0x0038eec0,FUN_0038eec0,,,0,stub
0x0038efd0,FUN_0038efd0,,,0,stub
0x0038f400,FUN_0038f400,,,0,stub
0x0038f470,FUN_0038f470,,,0,stub
0x0038f4e0,FUN_0038f4e0,,,0,stub
0x0038f670,FUN_0038f670,,,0,stub
0x0038f8b0,FUN_0038f8b0,,,0,stub
0x0038fcb0,FUN_0038fcb0,,,0,stub
0x00390130,FUN_00390130,,,0,stub
0x00390270,FUN_00390270,,,0,stub
0x003902a0,FUN_003902a0,,,0,stub
0x00390780,FUN_00390780,,,0,stub
0x003907b0,FUN_003907b0,,,0,stub
0x00390820,FUN_00390820,,,0,stub
0x003908a0,FUN_003908a0,,,0,stub
0x003908f0,FUN_003908f0,,,0,stub
0x00390af0,FUN_00390af0,,,0,stub
0x00390bb0,FUN_00390bb0,,,0,stub
0x00390cf0,FUN_00390cf0,,,0,stub
0x00390e80,FUN_00390e80,,,0,stub
0x00390eb0,FUN_00390eb0,,,0,stub
0x00390f40,FUN_00390f40,,,0,stub
0x00391090,FUN_00391090,,,0,stub
0x00391100,FUN_00391100,,,0,stub
0x00391160,FUN_00391160,,,0,stub
0x003911c0,FUN_003911c0,,,0,stub
0x00391220,FUN_00391220,,,0,stub
0x00391280,FUN_00391280,,,0,stub
0x003912e0,FUN_003912e0,,,0,stub
0x00392bd0,FUN_00392bd0,,,0,stub
0x00392e50,FUN_00392e50,,,0,stub
0x00392f00,FUN_00392f00,,,0,stub
0x00392f30,FUN_00392f30,,,0,stub
0x00393040,FUN_00393040,,,0,stub
0x00393130,FUN_00393130,,,0,stub
0x00393570,FUN_00393570,,,0,stub
0x00393630,FUN_00393630,,,0,stub
0x00393680,FUN_00393680,,,0,stub
0x00393b20,FUN_00393b20,,,0,stub
0x00394090,FUN_00394090,,,0,stub
0x00394450,FUN_00394450,,,0,stub
0x003944d0,FUN_003944d0,,,0,stub
0x003946e0,FUN_003946e0,,,0,stub
0x00394790,FUN_00394790,,,0,stub
0x00394850,FUN_00394850,,,0,stub
0x00394960,FUN_00394960,,,0,stub
0x00394a80,FUN_00394a80,,,0,stub
0x00395010,FUN_00395010,,,0,stub
0x00395520,FUN_00395520,,,0,stub
0x00395650,FUN_00395650,,,0,stub
0x003958c0,FUN_003958c0,,,0,stub
0x00395920,FUN_00395920,,,0,stub
0x00395990,FUN_00395990,,,0,stub
0x00395a50,FUN_00395a50,,,0,stub
0x00395b30,FUN_00395b30,,,0,stub
0x00395bc0,FUN_00395bc0,,,0,stub
0x00395cb0,FUN_00395cb0,,,0,stub
0x00395d70,FUN_00395d70,,,0,stub
0x00395f10,FUN_00395f10,,,0,stub
0x00396380,FUN_00396380,,,0,stub
0x00396800,FUN_00396800,,,0,stub
0x003968d0,FUN_003968d0,,,0,stub
0x003969e0,FUN_003969e0,,,0,stub
0x00396a90,FUN_00396a90,,,0,stub
0x00396f00,FUN_00396f00,,,0,stub
0x00396fc0,FUN_00396fc0,,,0,stub
0x003970a0,FUN_003970a0,,,0,stub
0x00397200,FUN_00397200,,,0,stub
0x003975c0,FUN_003975c0,,,0,stub
0x003976c0,FUN_003976c0,,,0,stub
0x00397a90,FUN_00397a90,,,0,stub
0x00397ca0,FUN_00397ca0,,,0,stub
0x00397ea0,FUN_00397ea0,,,0,stub
0x00398090,FUN_00398090,,,0,stub
0x003981c0,FUN_003981c0,,,0,stub
0x00398780,FUN_00398780,,,0,stub
0x003988c0,FUN_003988c0,,,0,stub
0x00398930,FUN_00398930,,,0,stub
0x00398c80,FUN_00398c80,,,0,stub
0x00399050,FUN_00399050,,,0,stub
0x00399520,FUN_00399520,,,0,stub
0x00399ca0,FUN_00399ca0,,,0,stub
0x00399d00,FUN_00399d00,,,0,stub
0x00399e40,FUN_00399e40,,,0,stub
0x00399ed0,FUN_00399ed0,,,0,stub
0x0039a110,FUN_0039a110,,,0,stub
0x0039a300,FUN_0039a300,,,0,stub
0x0039a3e0,FUN_0039a3e0,,,0,stub
0x0039a4a0,FUN_0039a4a0,,,0,stub
0x0039a590,FUN_0039a590,,,0,stub
0x0039a600,FUN_0039a600,,,0,stub
0x0039a6f0,FUN_0039a6f0,,,0,stub
0x0039a750,FUN_0039a750,,,0,stub
0x0039a800,FUN_0039a800,,,0,stub
0x0039a8f0,FUN_0039a8f0,,,0,stub
0x0039a9a0,FUN_0039a9a0,,,0,stub
0x0039aa60,FUN_0039aa60,,,0,stub
0x0039ab30,FUN_0039ab30,,,0,stub
0x0039ac20,FUN_0039ac20,,,0,stub
0x0039ac90,FUN_0039ac90,,,0,stub
0x0039ad50,FUN_0039ad50,,,0,stub
0x0039adb0,FUN_0039adb0,,,0,stub
0x0039b700,FUN_0039b700,,,0,stub
0x0039b7a0,FUN_0039b7a0,,,0,stub
0x0039b950,FUN_0039b950,,,0,stub
0x0039ba30,FUN_0039ba30,,,0,stub
0x0039bed0,FUN_0039bed0,,,0,stub
0x0039bfa0,FUN_0039bfa0,,,0,stub
0x0039c150,FUN_0039c150,,,0,stub
0x0039c390,FUN_0039c390,,,0,stub
0x0039c420,FUN_0039c420,,,0,stub
0x0039c4b0,FUN_0039c4b0,,,0,stub
0x0039c530,FUN_0039c530,,,0,stub
0x0039c590,FUN_0039c590,,,0,stub
0x0039c6a0,FUN_0039c6a0,,,0,stub
0x0039c730,FUN_0039c730,,,0,stub
0x0039c800,FUN_0039c800,,,0,stub
0x0039c8b0,FUN_0039c8b0,,,0,stub
0x0039c8f0,FUN_0039c8f0,,,0,stub
0x0039cb30,FUN_0039cb30,,,0,stub
0x0039cba0,FUN_0039cba0,,,0,stub
0x0039cc40,FUN_0039cc40,,,0,stub
0x0039ccb0,FUN_0039ccb0,,,0,stub
0x0039cd90,FUN_0039cd90,,,0,stub
0x0039d010,FUN_0039d010,,,0,stub
0x0039d0e0,FUN_0039d0e0,,,0,stub
0x0039d2a0,FUN_0039d2a0,,,0,stub
0x0039d3c0,FUN_0039d3c0,,,0,stub
0x0039d4f0,FUN_0039d4f0,,,0,stub
0x0039d5b0,FUN_0039d5b0,,,0,stub
0x0039d810,FUN_0039d810,,,0,stub
0x0039d880,FUN_0039d880,,,0,stub
0x0039d8f0,FUN_0039d8f0,,,0,stub
0x0039d9e0,FUN_0039d9e0,,,0,stub
0x0039dcc0,FUN_0039dcc0,,,0,stub
0x0039e350,FUN_0039e350,,,0,stub
0x0039e4d0,FUN_0039e4d0,,,0,stub
0x0039e540,FUN_0039e540,,,0,stub
0x0039ed20,FUN_0039ed20,,,0,stub
0x0039f1f0,FUN_0039f1f0,,,0,stub
0x0039f330,FUN_0039f330,,,0,stub
0x003a0170,FUN_003a0170,,,0,stub
0x003a02f0,FUN_003a02f0,,,0,stub
0x003a0370,FUN_003a0370,,,0,stub
0x003a03e0,FUN_003a03e0,,,0,stub
0x003a0cb0,FUN_003a0cb0,,,0,stub
0x003a0e30,FUN_003a0e30,,,0,stub
0x003a0eb0,FUN_003a0eb0,,,0,stub
0x003a0f20,FUN_003a0f20,,,0,stub
0x003a0fb0,FUN_003a0fb0,,,0,stub
0x003a13f0,FUN_003a13f0,,,0,stub
0x003a14e0,FUN_003a14e0,,,0,stub
0x003a1fd0,FUN_003a1fd0,,,0,stub
0x003a2170,FUN_003a2170,,,0,stub
0x003a21f0,FUN_003a21f0,,,0,stub
0x003a23b0,FUN_003a23b0,,,0,stub
0x003a25c0,FUN_003a25c0,,,0,stub
0x003a2910,FUN_003a2910,,,0,stub
0x003a3270,FUN_003a3270,,,0,stub
0x003a3300,FUN_003a3300,,,0,stub
0x003a3e10,FUN_003a3e10,,,0,stub
0x003a4230,FUN_003a4230,,,0,stub
0x003a47a0,FUN_003a47a0,,,0,stub
0x003a4880,FUN_003a4880,,,0,stub
0x003a50a0,FUN_003a50a0,,,0,stub
0x003a5350,FUN_003a5350,,,0,stub
0x003a57a0,FUN_003a57a0,,,0,stub
0x003a5ba0,FUN_003a5ba0,,,0,stub
0x003a6330,FUN_003a6330,,,0,stub
0x003a63c0,FUN_003a63c0,,,0,stub
0x003a6f20,FUN_003a6f20,,,0,stub
0x003a7290,FUN_003a7290,,,0,stub
0x003a7360,FUN_003a7360,,,0,stub
0x003a7460,FUN_003a7460,,,0,stub
0x003a7870,FUN_003a7870,,,0,stub
0x003a78e0,FUN_003a78e0,,,0,stub
0x003a7f40,FUN_003a7f40,,,0,stub
0x003a80b0,FUN_003a80b0,,,0,stub
0x003a81b0,FUN_003a81b0,,,0,stub
0x003a8260,FUN_003a8260,,,0,stub
0x003a82f0,FUN_003a82f0,,,0,stub
0x003a8430,FUN_003a8430,,,0,stub
0x003a8720,FUN_003a8720,,,0,stub
0x003a87b0,FUN_003a87b0,,,0,stub
0x003a8850,FUN_003a8850,,,0,stub
0x003a8940,FUN_003a8940,,,0,stub
0x003a89d0,FUN_003a89d0,,,0,stub
0x003a8da0,FUN_003a8da0,,,0,stub
0x003a9040,FUN_003a9040,,,0,stub
0x003a90a0,FUN_003a90a0,,,0,stub
0x003a9120,FUN_003a9120,,,0,stub
0x003a9210,FUN_003a9210,,,0,stub
0x003a92c0,FUN_003a92c0,,,0,stub
0x003a96f0,FUN_003a96f0,,,0,stub
0x003a9760,FUN_003a9760,,,0,stub
0x003a99a0,FUN_003a99a0,,,0,stub
0x003a9ac0,FUN_003a9ac0,,,0,stub
0x003a9b60,FUN_003a9b60,,,0,stub
0x003a9c10,FUN_003a9c10,,,0,stub
0x003aa0c0,FUN_003aa0c0,,,0,stub
0x003aa190,FUN_003aa190,,,0,stub
0x003aa620,FUN_003aa620,,,0,stub
0x003aa9b0,FUN_003aa9b0,,,0,stub
0x003aaa60,FUN_003aaa60,,,0,stub
0x003aae30,FUN_003aae30,,,0,stub
0x003aaf00,FUN_003aaf00,,,0,stub
0x003ab0a0,FUN_003ab0a0,,,0,stub
0x003ab690,FUN_003ab690,,,0,stub
0x003ab6f0,FUN_003ab6f0,,,0,stub
0x003ab780,FUN_003ab780,,,0,stub
0x003abc10,FUN_003abc10,,,0,stub
0x003abc60,FUN_003abc60,,,0,stub
0x003abcd0,FUN_003abcd0,,,0,stub
0x003abd40,FUN_003abd40,,,0,stub
0x003abdc0,FUN_003abdc0,,,0,stub
0x003ac0c0,FUN_003ac0c0,,,0,stub
0x003ac1d0,FUN_003ac1d0,,,0,stub
0x003ac360,FUN_003ac360,,,0,stub
0x003ac3e0,FUN_003ac3e0,,,0,stub
0x003ac490,FUN_003ac490,,,0,stub
0x003ac4f0,FUN_003ac4f0,,,0,stub
0x003ac5a0,FUN_003ac5a0,,,0,stub
0x003ac800,FUN_003ac800,,,0,stub
0x003ac9b0,FUN_003ac9b0,,,0,stub
0x003acb50,FUN_003acb50,,,0,stub
0x003acbc0,FUN_003acbc0,,,0,stub
0x003acc50,FUN_003acc50,,,0,stub
0x003acda0,FUN_003acda0,,,0,stub
0x003ace70,FUN_003ace70,,,0,stub
0x003ad1e0,FUN_003ad1e0,,,0,stub
0x003ad270,FUN_003ad270,,,0,stub
0x003ad430,FUN_003ad430,,,0,stub
0x003ad9c0,FUN_003ad9c0,,,0,stub
0x003adaf0,FUN_003adaf0,,,0,stub
0x003adc80,FUN_003adc80,,,0,stub
0x003ae550,FUN_003ae550,,,0,stub
0x003ae820,FUN_003ae820,,,0,stub
0x003aef30,FUN_003aef30,,,0,stub
0x003af080,FUN_003af080,,,0,stub
0x003af1f0,FUN_003af1f0,,,0,stub
0x003af250,FUN_003af250,,,0,stub
0x003af2f0,FUN_003af2f0,,,0,stub
0x003af4f0,FUN_003af4f0,,,0,stub
0x003af730,FUN_003af730,,,0,stub
0x003af8a0,FUN_003af8a0,,,0,stub
0x003af8e0,FUN_003af8e0,,,0,stub
0x003af920,FUN_003af920,,,0,stub
0x003afe10,FUN_003afe10,,,0,stub
0x003b06d0,FUN_003b06d0,,,0,stub
0x003b0b40,FUN_003b0b40,,,0,stub
0x003b0bb0,FUN_003b0bb0,,,0,stub
0x003b0c90,FUN_003b0c90,,,0,stub
0x003b0dd0,FUN_003b0dd0,,,0,stub
0x003b11f0,FUN_003b11f0,,,0,stub
0x003b1390,FUN_003b1390,,,0,stub
0x003b1490,FUN_003b1490,,,0,stub
0x003b1600,FUN_003b1600,,,0,stub
0x003b1750,FUN_003b1750,,,0,stub
0x003b18f0,FUN_003b18f0,,,0,stub
0x003b1960,FUN_003b1960,,,0,stub
0x003b19d0,FUN_003b19d0,,,0,stub
0x003b1b20,FUN_003b1b20,,,0,stub
0x003b21e0,FUN_003b21e0,,,0,stub
0x003b2280,FUN_003b2280,,,0,stub
0x003b2390,FUN_003b2390,,,0,stub
0x003b2590,FUN_003b2590,,,0,stub
0x003b2600,FUN_003b2600,,,0,stub
0x003b2660,FUN_003b2660,,,0,stub
0x003b2790,FUN_003b2790,,,0,stub
0x003b2820,FUN_003b2820,,,0,stub
0x003b2b50,FUN_003b2b50,,,0,stub
0x003b2c80,FUN_003b2c80,,,0,stub
0x003b2d60,FUN_003b2d60,,,0,stub
0x003b2db0,FUN_003b2db0,,,0,stub
0x003b2ea0,FUN_003b2ea0,,,0,stub
0x003b39f0,FUN_003b39f0,,,0,stub
0x003b3a50,FUN_003b3a50,,,0,stub
0x003b4ab0,FUN_003b4ab0,,,0,stub
0x003b4ed0,FUN_003b4ed0,,,0,stub
0x003b50f0,FUN_003b50f0,,,0,stub
0x003b5ce0,FUN_003b5ce0,,,0,stub
0x003b5d40,FUN_003b5d40,,,0,stub
0x003b6850,FUN_003b6850,,,0,stub
0x003b6920,FUN_003b6920,,,0,stub
0x003b71a0,FUN_003b71a0,,,0,stub
0x003b7250,FUN_003b7250,,,0,stub
0x003b72a0,FUN_003b72a0,,,0,stub
0x003b7300,FUN_003b7300,,,0,stub
0x003b7360,FUN_003b7360,,,0,stub
0x003b7410,FUN_003b7410,,,0,stub
0x003b7510,FUN_003b7510,,,0,stub
0x003b7660,FUN_003b7660,,,0,stub
0x003b7760,FUN_003b7760,,,0,stub
0x003b7900,FUN_003b7900,,,0,stub
0x003b7970,FUN_003b7970,,,0,stub
0x003b7d90,FUN_003b7d90,,,0,stub
0x003b7de0,FUN_003b7de0,,,0,stub
0x003b7f50,FUN_003b7f50,,,0,stub
0x003b8400,FUN_003b8400,,,0,stub
0x003b8710,FUN_003b8710,,,0,stub
0x003b8b20,FUN_003b8b20,,,0,stub
0x003b91c0,FUN_003b91c0,,,0,stub
0x003b9290,FUN_003b9290,,,0,stub
0x003b93c0,FUN_003b93c0,,,0,stub
0x003b95c0,FUN_003b95c0,,,0,stub
0x003b9690,FUN_003b9690,,,0,stub
0x003b97d0,FUN_003b97d0,,,0,stub
0x003b99c0,FUN_003b99c0,,,0,stub
0x003b9f10,FUN_003b9f10,,,0,stub
0x003ba1a0,FUN_003ba1a0,,,0,stub
0x003ba220,FUN_003ba220,,,0,stub
0x003ba320,FUN_003ba320,,,0,stub
0x003ba370,FUN_003ba370,,,0,stub
0x003ba580,FUN_003ba580,,,0,stub
0x003ba5e0,FUN_003ba5e0,,,0,stub
0x003ba630,FUN_003ba630,,,0,stub
0x003ba6c0,FUN_003ba6c0,,,0,stub
0x003ba710,FUN_003ba710,,,0,stub
0x003ba840,FUN_003ba840,,,0,stub
0x003baae0,FUN_003baae0,,,0,stub
0x003bad70,FUN_003bad70,,,0,stub
0x003bae20,FUN_003bae20,,,0,stub
0x003bb010,FUN_003bb010,,,0,stub
0x003bb0a0,FUN_003bb0a0,,,0,stub
0x003bb290,FUN_003bb290,,,0,stub
0x003bb320,FUN_003bb320,,,0,stub
0x003bb3d0,FUN_003bb3d0,,,0,stub
0x003bb980,FUN_003bb980,,,0,stub
0x003bb9d0,FUN_003bb9d0,,,0,stub
0x003bba30,FUN_003bba30,,,0,stub
0x003bbce0,FUN_003bbce0,,,0,stub
0x003bbf80,FUN_003bbf80,,,0,stub
0x003bc600,FUN_003bc600,,,0,stub
0x003bc8a0,FUN_003bc8a0,,,0,stub
0x003bcbc0,FUN_003bcbc0,,,0,stub
0x003bd1e0,FUN_003bd1e0,,,0,stub
0x003bd590,FUN_003bd590,,,0,stub
0x003bd7f0,FUN_003bd7f0,,,0,stub
0x003bd930,FUN_003bd930,,,0,stub
0x003bdc60,FUN_003bdc60,,,0,stub
0x003be1b0,FUN_003be1b0,,,0,stub
0x003be4f0,FUN_003be4f0,,,0,stub
0x003be580,FUN_003be580,,,0,stub
0x003be7d0,FUN_003be7d0,,,0,stub
0x003be860,FUN_003be860,,,0,stub
0x003beb00,FUN_003beb00,,,0,stub
0x003bf000,FUN_003bf000,,,0,stub
0x003bf490,FUN_003bf490,,,0,stub
0x003bf4c0,FUN_003bf4c0,,,0,stub
0x003bfa90,FUN_003bfa90,,,0,stub
0x003bfc20,FUN_003bfc20,,,0,stub
0x003bfde0,FUN_003bfde0,,,0,stub
0x003bfe90,FUN_003bfe90,,,0,stub
0x003c0520,FUN_003c0520,,,0,stub
0x003c0620,FUN_003c0620,,,0,stub
0x003c0830,FUN_003c0830,,,0,stub
0x003c0ab0,FUN_003c0ab0,,,0,stub
0x003c0c90,FUN_003c0c90,,,0,stub
0x003c1000,FUN_003c1000,,,0,stub
0x003c1050,FUN_003c1050,,,0,stub
0x003c11c0,FUN_003c11c0,,,0,stub
0x003c1610,FUN_003c1610,,,0,stub
0x003c1b50,FUN_003c1b50,,,0,stub
0x003c1f70,FUN_003c1f70,,,0,stub
0x003c23c0,FUN_003c23c0,,,0,stub
0x003c25f0,FUN_003c25f0,,,0,stub
0x003c2900,FUN_003c2900,,,0,stub
0x003c2a00,FUN_003c2a00,,,0,stub
0x003c2af0,FUN_003c2af0,,,0,stub
0x003c2b70,FUN_003c2b70,,,0,stub
0x003c3110,FUN_003c3110,,,0,stub
0x003c31f0,FUN_003c31f0,,,0,stub
0x003c39d0,FUN_003c39d0,,,0,stub
0x003c3ff0,FUN_003c3ff0,,,0,stub
0x003c41c0,FUN_003c41c0,,,0,stub
0x003c42d0,FUN_003c42d0,,,0,stub
0x003c44b0,FUN_003c44b0,,,0,stub
0x003c4690,FUN_003c4690,,,0,stub
0x003c4f60,FUN_003c4f60,,,0,stub
0x003c50b0,FUN_003c50b0,,,0,stub
0x003c5290,FUN_003c5290,,,0,stub
0x003c53e0,FUN_003c53e0,,,0,stub
0x003c5740,FUN_003c5740,,,0,stub
0x003c57c0,FUN_003c57c0,,,0,stub
0x003c59c0,FUN_003c59c0,,,0,stub
0x003c5b90,FUN_003c5b90,,,0,stub
0x003c5e90,FUN_003c5e90,,,0,stub
0x003c62f0,FUN_003c62f0,,,0,stub
0x003c6630,FUN_003c6630,,,0,stub
0x003c6a60,FUN_003c6a60,,,0,stub
0x003c6b00,FUN_003c6b00,,,0,stub
0x003c6d90,FUN_003c6d90,,,0,stub
0x003c6e80,FUN_003c6e80,,,0,stub
0x003c6f70,FUN_003c6f70,,,0,stub
0x003c7400,FUN_003c7400,,,0,stub
0x003c7760,FUN_003c7760,,,0,stub
0x003c78c0,FUN_003c78c0,,,0,stub
0x003c79b0,FUN_003c79b0,,,0,stub
0x003c7b90,FUN_003c7b90,,,0,stub
0x003c7c80,FUN_003c7c80,,,0,stub
0x003c7e30,FUN_003c7e30,,,0,stub
0x003c81c0,FUN_003c81c0,,,0,stub
0x003c8280,FUN_003c8280,,,0,stub
0x003c85b0,FUN_003c85b0,,,0,stub
0x003c86d0,FUN_003c86d0,,,0,stub
0x003c8830,FUN_003c8830,,,0,stub
0x003c8cb0,FUN_003c8cb0,,,0,stub
0x003c8ee0,FUN_003c8ee0,,,0,stub
0x003c92d0,FUN_003c92d0,,,0,stub
0x003c9330,FUN_003c9330,,,0,stub
0x003c9650,FUN_003c9650,,,0,stub
0x003cca00,FUN_003cca00,,,0,stub
0x003ccbd0,FUN_003ccbd0,,,0,stub
0x003cdd70,FUN_003cdd70,,,0,stub
0x003cde20,FUN_003cde20,,,0,stub
0x003cdfd0,FUN_003cdfd0,,,0,stub
0x003ce5a0,FUN_003ce5a0,,,0,stub
0x003ce6c0,FUN_003ce6c0,,,0,stub
0x003ce720,FUN_003ce720,,,0,stub
0x003ce780,FUN_003ce780,,,0,stub
0x003ceb80,FUN_003ceb80,,,0,stub
0x003cee20,FUN_003cee20,,,0,stub
0x003cf7e0,FUN_003cf7e0,,,0,stub
0x003cf900,FUN_003cf900,,,0,stub
0x003cfbb0,FUN_003cfbb0,,,0,stub
0x003cff10,FUN_003cff10,,,0,stub
0x003d0100,FUN_003d0100,,,0,stub
0x003d03a0,FUN_003d03a0,,,0,stub
0x003d0690,FUN_003d0690,,,0,stub
0x003d07d0,FUN_003d07d0,,,0,stub
0x003d1150,FUN_003d1150,,,0,stub
0x003d22f0,FUN_003d22f0,,,0,stub
0x003d2530,FUN_003d2530,,,0,stub
0x003d2840,FUN_003d2840,,,0,stub
0x003d2a80,FUN_003d2a80,,,0,stub
0x003d2da0,FUN_003d2da0,,,0,stub
0x003d2f20,FUN_003d2f20,,,0,stub
0x003d3150,FUN_003d3150,,,0,stub
0x003d32c0,FUN_003d32c0,,,0,stub
0x003d3310,FUN_003d3310,,,0,stub
0x003d36c0,FUN_003d36c0,,,0,stub
0x003d3850,FUN_003d3850,,,0,stub
0x003d39b0,FUN_003d39b0,,,0,stub
0x003d3e80,FUN_003d3e80,,,0,stub
0x003d40e0,FUN_003d40e0,,,0,stub
0x003d4570,FUN_003d4570,,,0,stub
0x003d4740,FUN_003d4740,,,0,stub
0x003d4800,FUN_003d4800,,,0,stub
0x003d4ae0,FUN_003d4ae0,,,0,stub
0x003d4db0,FUN_003d4db0,,,0,stub
0x003d4f70,FUN_003d4f70,,,0,stub
0x003d50e0,FUN_003d50e0,,,0,stub
0x003d5950,FUN_003d5950,,,0,stub
0x003d5c30,FUN_003d5c30,,,0,stub
0x003d61b0,FUN_003d61b0,,,0,stub
0x003d6610,FUN_003d6610,,,0,stub
0x003d6850,FUN_003d6850,,,0,stub
0x003d68b0,FUN_003d68b0,,,0,stub
0x003d69c0,FUN_003d69c0,,,0,stub
0x003d6a60,FUN_003d6a60,,,0,stub
0x003d6e10,FUN_003d6e10,,,0,stub
0x003d6f40,FUN_003d6f40,,,0,stub
0x003d6ff0,FUN_003d6ff0,,,0,stub
0x003d70d0,FUN_003d70d0,,,0,stub
0x003d7240,FUN_003d7240,,,0,stub
0x003d7370,FUN_003d7370,,,0,stub
0x003d74c0,FUN_003d74c0,,,0,stub
0x003d7680,FUN_003d7680,,,0,stub
0x003d7710,FUN_003d7710,,,0,stub
0x003d77b0,FUN_003d77b0,,,0,stub
0x003d7b50,FUN_003d7b50,,,0,stub
0x003d8130,FUN_003d8130,,,0,stub
0x003d8240,FUN_003d8240,,,0,stub
0x003d83d0,FUN_003d83d0,,,0,stub
0x003d8520,FUN_003d8520,,,0,stub
0x003d8610,FUN_003d8610,,,0,stub
0x003d88b0,FUN_003d88b0,,,0,stub
0x003d8990,FUN_003d8990,,,0,stub
0x003d8a50,FUN_003d8a50,,,0,stub
0x003d8a90,FUN_003d8a90,,,0,stub
0x003d8ba0,FUN_003d8ba0,,,0,stub
0x003d8d50,FUN_003d8d50,,,0,stub
0x003d8e40,FUN_003d8e40,,,0,stub
0x003d9060,FUN_003d9060,,,0,stub
0x003d9260,FUN_003d9260,,,0,stub
0x003d9580,FUN_003d9580,,,0,stub
0x003d98d0,FUN_003d98d0,,,0,stub
0x003d9b60,FUN_003d9b60,,,0,stub
0x003d9c70,FUN_003d9c70,,,0,stub
0x003d9fc0,FUN_003d9fc0,,,0,stub
0x003da0e0,FUN_003da0e0,,,0,stub
0x003da270,FUN_003da270,,,0,stub
0x003da560,FUN_003da560,,,0,stub
0x003da670,FUN_003da670,,,0,stub
0x003da860,FUN_003da860,,,0,stub
0x003daac0,FUN_003daac0,,,0,stub
0x003dadf0,FUN_003dadf0,,,0,stub
0x003db0d0,FUN_003db0d0,,,0,stub
0x003db2f0,FUN_003db2f0,,,0,stub
0x003db390,FUN_003db390,,,0,stub
0x003db4c0,FUN_003db4c0,,,0,stub
0x003db6e0,FUN_003db6e0,,,0,stub
0x003db8d0,FUN_003db8d0,,,0,stub
0x003dba50,FUN_003dba50,,,0,stub
0x003dbd30,FUN_003dbd30,,,0,stub
0x003dc040,FUN_003dc040,,,0,stub
0x003dc1e0,FUN_003dc1e0,,,0,stub
0x003dc4c0,FUN_003dc4c0,,,0,stub
0x003dc5c0,FUN_003dc5c0,,,0,stub
0x003dc840,FUN_003dc840,,,0,stub
0x003dcbb0,FUN_003dcbb0,,,0,stub
0x003dcd00,FUN_003dcd00,,,0,stub
0x003dd2d0,FUN_003dd2d0,,,0,stub
0x003dd460,FUN_003dd460,,,0,stub
0x003dd5b0,FUN_003dd5b0,,,0,stub
0x003dd6b0,FUN_003dd6b0,,,0,stub
0x003ddb40,FUN_003ddb40,,,0,stub
0x003ddbb0,FUN_003ddbb0,,,0,stub
0x003ddd20,FUN_003ddd20,,,0,stub
0x003ddf10,FUN_003ddf10,,,0,stub
0x003de0a0,FUN_003de0a0,,,0,stub
0x003de110,FUN_003de110,,,0,stub
0x003de340,FUN_003de340,,,0,stub
0x003de3d0,FUN_003de3d0,,,0,stub
0x003de560,FUN_003de560,,,0,stub
0x003de780,FUN_003de780,,,0,stub
0x003de910,FUN_003de910,,,0,stub
0x003debf0,FUN_003debf0,,,0,stub
0x003def20,FUN_003def20,,,0,stub
0x003df0f0,FUN_003df0f0,,,0,stub
0x003df150,FUN_003df150,,,0,stub
0x003df230,FUN_003df230,,,0,stub
0x003df3c0,FUN_003df3c0,,,0,stub
0x003df4e0,FUN_003df4e0,,,0,stub
0x003df5a0,FUN_003df5a0,,,0,stub
0x003df710,FUN_003df710,,,0,stub
0x003dfa90,FUN_003dfa90,,,0,stub
0x003dfbb0,FUN_003dfbb0,,,0,stub
0x003dfe00,FUN_003dfe00,,,0,stub
0x003dff70,FUN_003dff70,,,0,stub
0x003e0370,FUN_003e0370,,,0,stub
0x003e0710,FUN_003e0710,,,0,stub
0x003e0920,FUN_003e0920,,,0,stub
0x003e0cf0,FUN_003e0cf0,,,0,stub
0x003e10a0,FUN_003e10a0,,,0,stub
0x003e1200,FUN_003e1200,,,0,stub
0x003e14d0,FUN_003e14d0,,,0,stub
0x003e17d0,FUN_003e17d0,,,0,stub
0x003e1b60,FUN_003e1b60,,,0,stub
0x003e1fd0,FUN_003e1fd0,,,0,stub
0x003e2090,FUN_003e2090,,,0,stub
0x003e25f0,FUN_003e25f0,,,0,stub
0x003e2be0,FUN_003e2be0,,,0,stub
0x003e36f0,FUN_003e36f0,,,0,stub
0x003e3810,FUN_003e3810,,,0,stub
0x003e3dc0,FUN_003e3dc0,,,0,stub
0x003e3e70,FUN_003e3e70,,,0,stub
0x003e4070,FUN_003e4070,,,0,stub
0x003e4100,FUN_003e4100,,,0,stub
0x003e4150,FUN_003e4150,,,0,stub
0x003e4300,FUN_003e4300,,,0,stub
0x003e4730,FUN_003e4730,,,0,stub
0x003e4a40,FUN_003e4a40,,,0,stub
0x003e4ae0,FUN_003e4ae0,,,0,stub
0x003e4bd0,FUN_003e4bd0,,,0,stub
0x003e4c20,FUN_003e4c20,,,0,stub
0x003e52a0,FUN_003e52a0,,,0,stub
0x003e56a0,FUN_003e56a0,,,0,stub
0x003e5b20,FUN_003e5b20,,,0,stub
0x003e5d00,FUN_003e5d00,,,0,stub
0x003e6190,FUN_003e6190,,,0,stub
0x003e6380,FUN_003e6380,,,0,stub
0x003e6560,FUN_003e6560,,,0,stub
0x003e65f0,FUN_003e65f0,,,0,stub
0x003e6790,FUN_003e6790,,,0,stub
0x003e6880,FUN_003e6880,,,0,stub
0x003e6920,FUN_003e6920,,,0,stub
0x003e6a00,FUN_003e6a00,,,0,stub
0x003e6d50,FUN_003e6d50,,,0,stub
0x003e6f10,FUN_003e6f10,,,0,stub
0x003e7140,FUN_003e7140,,,0,stub
0x003e74e0,FUN_003e74e0,,,0,stub
0x003e7a70,FUN_003e7a70,,,0,stub
0x003e7dd0,FUN_003e7dd0,,,0,stub
0x003e7f70,FUN_003e7f70,,,0,stub
0x003e8080,FUN_003e8080,,,0,stub
0x003e80d0,FUN_003e80d0,,,0,stub
0x003e8190,FUN_003e8190,,,0,stub
0x003e8290,FUN_003e8290,,,0,stub
0x003e85b0,FUN_003e85b0,,,0,stub
0x003e8be0,FUN_003e8be0,,,0,stub
0x003e8ef0,FUN_003e8ef0,,,0,stub
0x003e9130,FUN_003e9130,,,0,stub
0x003e9580,FUN_003e9580,,,0,stub
0x003e95d0,FUN_003e95d0,,,0,stub
0x003e9aa0,FUN_003e9aa0,,,0,stub
0x003e9e30,FUN_003e9e30,,,0,stub
0x003ea320,FUN_003ea320,,,0,stub
0x003ea650,FUN_003ea650,,,0,stub
0x003ea980,FUN_003ea980,,,0,stub
0x003eac30,FUN_003eac30,,,0,stub
0x003eaca0,FUN_003eaca0,,,0,stub
0x003eba10,FUN_003eba10,,,0,stub
0x003ebb50,FUN_003ebb50,,,0,stub
0x003ebbf0,FUN_003ebbf0,,,0,stub
0x003ebd10,FUN_003ebd10,,,0,stub
0x003ebdb0,FUN_003ebdb0,,,0,stub
0x003ebf30,FUN_003ebf30,,,0,stub
0x003ec0d0,FUN_003ec0d0,,,0,stub
0x003ec1b0,FUN_003ec1b0,,,0,stub
0x003ec350,FUN_003ec350,,,0,stub
0x003ec510,FUN_003ec510,,,0,stub
0x003ec5c0,FUN_003ec5c0,,,0,stub
0x003ec6e0,FUN_003ec6e0,,,0,stub
0x003ec8d0,FUN_003ec8d0,,,0,stub
0x003ec9e0,FUN_003ec9e0,,,0,stub
0x003ecc40,FUN_003ecc40,,,0,stub
0x003ecd40,FUN_003ecd40,,,0,stub
0x003eceb0,FUN_003eceb0,,,0,stub
0x003ed040,FUN_003ed040,,,0,stub
0x003ed1c0,FUN_003ed1c0,,,0,stub
0x003ed480,FUN_003ed480,,,0,stub
0x003ed5e0,FUN_003ed5e0,,,0,stub
0x003ed7e0,FUN_003ed7e0,,,0,stub
0x003ed9d0,FUN_003ed9d0,,,0,stub
0x003edb50,FUN_003edb50,,,0,stub
0x003edc40,FUN_003edc40,,,0,stub
0x003f19f0,FUN_003f19f0,,,0,stub
0x003f2100,FUN_003f2100,,,0,stub
0x003f2260,FUN_003f2260,,,0,stub
0x003f2400,FUN_003f2400,,,0,stub
0x003f2480,FUN_003f2480,,,0,stub
0x003f2800,FUN_003f2800,,,0,stub
0x003f2b30,FUN_003f2b30,,,0,stub
0x003f2d20,FUN_003f2d20,,,0,stub
0x003f2f80,FUN_003f2f80,,,0,stub
0x003f3010,FUN_003f3010,,,0,stub
0x003f3110,FUN_003f3110,,,0,stub
0x003f31f0,FUN_003f31f0,,,0,stub
0x003f36a0,FUN_003f36a0,,,0,stub
0x003f39d0,FUN_003f39d0,,,0,stub
0x003f4030,FUN_003f4030,,,0,stub
0x003f42e0,FUN_003f42e0,,,0,stub
0x003f44a0,FUN_003f44a0,,,0,stub
0x003f4a00,FUN_003f4a00,,,0,stub
0x003f5180,FUN_003f5180,,,0,stub
0x003f54f0,FUN_003f54f0,,,0,stub
0x003f5ac0,FUN_003f5ac0,,,0,stub
0x003f5be0,FUN_003f5be0,,,0,stub
0x003f5ca0,FUN_003f5ca0,,,0,stub
0x003f6030,FUN_003f6030,,,0,stub
0x003f62b0,FUN_003f62b0,,,0,stub
0x003f6780,FUN_003f6780,,,0,stub
0x003f68e0,FUN_003f68e0,,,0,stub
0x003f70b0,FUN_003f70b0,,,0,stub
0x003f71b0,FUN_003f71b0,,,0,stub
0x003f7a90,FUN_003f7a90,,,0,stub
0x003f8eb8,FUN_003f8eb8,,,0,stub
0x003f9420,FUN_003f9420,,,0,stub
0x003f94c8,FUN_003f94c8,,,0,stub
0x003f95b0,FUN_003f95b0,,,0,stub
0x003f96c8,FUN_003f96c8,,,0,stub
0x003f9740,FUN_003f9740,,,0,stub
0x003f9910,FUN_003f9910,,,0,stub
0x003f9990,FUN_003f9990,,,0,stub
0x003f99b8,FUN_003f99b8,,,0,stub
0x003f9c00,FUN_003f9c00,,,0,stub
0x003f9c68,FUN_003f9c68,,,0,stub
0x003f9cd0,FUN_003f9cd0,,,0,stub
0x003f9d58,FUN_003f9d58,,,0,stub
0x003f9e38,FUN_003f9e38,,,0,stub
0x003f9ec8,FUN_003f9ec8,,,0,stub
0x003f9ef0,FUN_003f9ef0,,,0,stub
0x003fa2a0,FUN_003fa2a0,,,0,stub
0x003fa470,FUN_003fa470,,,0,stub
0x003fa590,FUN_003fa590,,,0,stub
0x003fa920,FUN_003fa920,,,0,stub
0x003faa70,FUN_003faa70,,,0,stub
0x003face8,FUN_003face8,,,0,stub
0x003fad18,FUN_003fad18,,,0,stub
0x003fb150,FUN_003fb150,,,0,stub
0x003fb1a8,FUN_003fb1a8,,,0,stub
0x003fb210,FUN_003fb210,,,0,stub
0x003fb498,FUN_003fb498,,,0,stub
0x003fb6f8,FUN_003fb6f8,,,0,stub
0x003fb748,FUN_003fb748,,,0,stub
0x003fb800,FUN_003fb800,,,0,stub
0x003fb8a0,FUN_003fb8a0,,,0,stub
0x003fb8d0,FUN_003fb8d0,,,0,stub
0x003fb928,FUN_003fb928,,,0,stub
0x003fba68,FUN_003fba68,,,0,stub
0x003fbb60,FUN_003fbb60,,,0,stub
0x003fc0d8,FUN_003fc0d8,,,0,stub
0x003fc140,FUN_003fc140,,,0,stub
0x003fc170,FUN_003fc170,,,0,stub
0x003fc1d8,FUN_003fc1d8,,,0,stub
0x003fc208,FUN_003fc208,,,0,stub
0x003fc410,FUN_003fc410,,,0,stub
0x003fc578,FUN_003fc578,,,0,stub
0x003fc720,FUN_003fc720,,,0,stub
0x003fc830,FUN_003fc830,,,0,stub
0x003fc950,FUN_003fc950,,,0,stub
0x003fcda0,FUN_003fcda0,,,0,stub
0x003fd378,FUN_003fd378,,,0,stub
0x003fd488,FUN_003fd488,,,0,stub
0x003fd570,FUN_003fd570,,,0,stub
0x003fd620,FUN_003fd620,,,0,stub
0x003fd710,FUN_003fd710,,,0,stub
0x003fd7e0,FUN_003fd7e0,,,0,stub
0x003fd8e8,FUN_003fd8e8,,,0,stub
0x003fdab8,FUN_003fdab8,,,0,stub
0x003fdc40,FUN_003fdc40,,,0,stub
0x003fddb0,FUN_003fddb0,,,0,stub
0x003fde60,FUN_003fde60,,,0,stub
0x003fdf90,FUN_003fdf90,,,0,stub
0x003fe040,FUN_003fe040,,,0,stub
0x003fe170,FUN_003fe170,,,0,stub
0x003fe220,FUN_003fe220,,,0,stub
0x003fe388,FUN_003fe388,,,0,stub
0x003fe538,FUN_003fe538,,,0,stub
0x003fe5e0,FUN_003fe5e0,,,0,stub
0x003fe6b0,FUN_003fe6b0,,,0,stub
0x003fe820,FUN_003fe820,,,0,stub
0x003fe970,FUN_003fe970,,,0,stub
0x003fea00,FUN_003fea00,,,0,stub
0x003feb20,FUN_003feb20,,,0,stub
0x003febb0,FUN_003febb0,,,0,stub
0x003fecd0,FUN_003fecd0,,,0,stub
0x003fed20,FUN_003fed20,,,0,stub
0x003fed80,FUN_003fed80,,,0,stub
0x003fee10,FUN_003fee10,,,0,stub
0x003fef10,FUN_003fef10,,,0,stub
0x003ff050,FUN_003ff050,,,0,stub
0x003ff0d0,FUN_003ff0d0,,,0,stub
0x003ff160,FUN_003ff160,,,0,stub
0x003ff1e0,FUN_003ff1e0,,,0,stub
0x003ff320,FUN_003ff320,,,0,stub
0x003ff370,FUN_003ff370,,,0,stub
0x003ff3e0,FUN_003ff3e0,,,0,stub
0x003ff660,FUN_003ff660,,,0,stub
0x003ff6e0,FUN_003ff6e0,,,0,stub
0x003ff7d0,FUN_003ff7d0,,,0,stub
0x003ff870,FUN_003ff870,,,0,stub
0x003ff910,FUN_003ff910,,,0,stub
0x003ffb90,FUN_003ffb90,,,0,stub
0x003ffc10,FUN_003ffc10,,,0,stub
0x003ffd00,FUN_003ffd00,,,0,stub
0x003ffda0,FUN_003ffda0,,,0,stub
0x003ffe40,FUN_003ffe40,,,0,stub
0x003ffea0,FUN_003ffea0,,,0,stub
0x003fff20,FUN_003fff20,,,0,stub
0x003fff80,FUN_003fff80,,,0,stub
0x00400070,FUN_00400070,,,0,stub
0x004000f0,FUN_004000f0,,,0,stub
0x00400230,FUN_00400230,,,0,stub
0x00400380,FUN_00400380,,,0,stub
0x004003b0,FUN_004003b0,,,0,stub
0x004005c0,FUN_004005c0,,,0,stub
0x00400630,FUN_00400630,,,0,stub
0x00400850,FUN_00400850,,,0,stub
0x00400870,FUN_00400870,,,0,stub
0x00400990,FUN_00400990,,,0,stub
0x004009b0,FUN_004009b0,,,0,stub
0x00400ae0,FUN_00400ae0,,,0,stub
0x00400cb0,FUN_00400cb0,,,0,stub
0x00400d40,FUN_00400d40,,,0,stub
0x00400e60,FUN_00400e60,,,0,stub
0x00401030,FUN_00401030,,,0,stub
0x004010c0,FUN_004010c0,,,0,stub
0x004011e0,FUN_004011e0,,,0,stub
0x004012d0,FUN_004012d0,,,0,stub
0x004012f0,FUN_004012f0,,,0,stub
0x004013b0,FUN_004013b0,,,0,stub
0x00401570,FUN_00401570,,,0,stub
0x004017e0,FUN_004017e0,,,0,stub
0x00401c50,FUN_00401c50,,,0,stub
0x00401d20,FUN_00401d20,,,0,stub
0x00401ed0,FUN_00401ed0,,,0,stub
0x004020f0,FUN_004020f0,,,0,stub
0x00402220,FUN_00402220,,,0,stub
0x00402310,FUN_00402310,,,0,stub
0x00402330,FUN_00402330,,,0,stub
0x004023f0,FUN_004023f0,,,0,stub
0x004025b0,FUN_004025b0,,,0,stub
0x00402830,FUN_00402830,,,0,stub
0x00402d10,FUN_00402d10,,,0,stub
0x00402de0,FUN_00402de0,,,0,stub
0x00402f90,FUN_00402f90,,,0,stub
0x004031d0,FUN_004031d0,,,0,stub
0x00403300,FUN_00403300,,,0,stub
0x004033a0,FUN_004033a0,,,0,stub
0x00403450,FUN_00403450,,,0,stub
0x004035f0,FUN_004035f0,,,0,stub
0x004036a0,FUN_004036a0,,,0,stub
0x00403830,FUN_00403830,,,0,stub
0x00403a10,FUN_00403a10,,,0,stub
0x00403bd0,FUN_00403bd0,,,0,stub
0x00403cc0,FUN_00403cc0,,,0,stub
0x00403db0,FUN_00403db0,,,0,stub
0x00403ea0,FUN_00403ea0,,,0,stub
0x00403fc0,FUN_00403fc0,,,0,stub
0x00404180,FUN_00404180,,,0,stub
0x00404360,FUN_00404360,,,0,stub
0x004044f0,FUN_004044f0,,,0,stub
0x004046a0,FUN_004046a0,,,0,stub
0x00404970,FUN_00404970,,,0,stub
0x00404c50,FUN_00404c50,,,0,stub
0x00404ca0,FUN_00404ca0,,,0,stub
0x00404d00,FUN_00404d00,,,0,stub
0x00404ed0,FUN_00404ed0,,,0,stub
0x00405160,FUN_00405160,,,0,stub
0x004051e0,FUN_004051e0,,,0,stub
0x00405260,FUN_00405260,,,0,stub
0x00405370,FUN_00405370,,,0,stub
0x00405480,FUN_00405480,,,0,stub
0x004054d0,FUN_004054d0,,,0,stub
0x00405550,FUN_00405550,,,0,stub
0x004055e0,FUN_004055e0,,,0,stub
0x00405670,FUN_00405670,,,0,stub
0x004056a0,FUN_004056a0,,,0,stub
0x00405710,FUN_00405710,,,0,stub
0x00405740,FUN_00405740,,,0,stub
0x00405810,FUN_00405810,,,0,stub
0x004058b0,FUN_004058b0,,,0,stub
0x00405930,FUN_00405930,,,0,stub
0x00405b30,FUN_00405b30,,,0,stub
0x00405fa0,FUN_00405fa0,,,0,stub
0x00406470,FUN_00406470,,,0,stub
0x00406520,FUN_00406520,,,0,stub
0x004065e0,FUN_004065e0,,,0,stub
0x00406cf0,FUN_00406cf0,,,0,stub
0x00407390,FUN_00407390,,,0,stub
0x00407470,FUN_00407470,,,0,stub
0x00407780,FUN_00407780,,,0,stub
0x00407860,FUN_00407860,,,0,stub
0x00407940,FUN_00407940,,,0,stub
0x00407aa0,FUN_00407aa0,,,0,stub
0x00407ae0,FUN_00407ae0,,,0,stub
0x00407b10,FUN_00407b10,,,0,stub
0x00407b90,FUN_00407b90,,,0,stub
0x00407c20,FUN_00407c20,,,0,stub
0x00408080,FUN_00408080,,,0,stub
0x00408120,FUN_00408120,,,0,stub
0x00408390,FUN_00408390,,,0,stub
0x004083e0,FUN_004083e0,,,0,stub
0x00408430,FUN_00408430,,,0,stub
0x004087a0,FUN_004087a0,,,0,stub
0x00408860,FUN_00408860,,,0,stub
0x004098b0,FUN_004098b0,,,0,stub
0x00409b00,FUN_00409b00,,,0,stub
0x00409c30,FUN_00409c30,,,0,stub
0x0040a4b0,FUN_0040a4b0,,,0,stub
0x0040a5d0,FUN_0040a5d0,,,0,stub
0x0040a850,FUN_0040a850,,,0,stub
0x0040aaf0,FUN_0040aaf0,,,0,stub
0x0040ad60,FUN_0040ad60,,,0,stub
0x0040b010,FUN_0040b010,,,0,stub
0x0040b1d0,FUN_0040b1d0,,,0,stub
0x0040b530,FUN_0040b530,,,0,stub
0x0040b8c0,FUN_0040b8c0,,,0,stub
0x0040b9c0,FUN_0040b9c0,,,0,stub
0x0040bb40,FUN_0040bb40,,,0,stub
0x0040bc00,FUN_0040bc00,,,0,stub
0x0040bcb0,FUN_0040bcb0,,,0,stub
0x0040bd20,FUN_0040bd20,,,0,stub
0x0040be60,FUN_0040be60,,,0,stub
0x0040ccc0,FUN_0040ccc0,,,0,stub
0x0040db40,FUN_0040db40,,,0,stub
0x0040dde0,FUN_0040dde0,,,0,stub
0x0040dfd0,FUN_0040dfd0,,,0,stub
0x0040e180,FUN_0040e180,,,0,stub
0x0040e390,FUN_0040e390,,,0,stub
0x0040e3e0,FUN_0040e3e0,,,0,stub
0x0040e430,FUN_0040e430,,,0,stub
0x0040e670,FUN_0040e670,,,0,stub
0x0040e6d0,FUN_0040e6d0,,,0,stub
0x0040e7c0,FUN_0040e7c0,,,0,stub
0x0040e8b0,FUN_0040e8b0,,,0,stub
0x0040ea40,FUN_0040ea40,,,0,stub
0x0040ebd0,FUN_0040ebd0,,,0,stub
0x0040ed70,FUN_0040ed70,,,0,stub
0x0040edc0,FUN_0040edc0,,,0,stub
0x0040ef10,FUN_0040ef10,,,0,stub
0x0040efc0,FUN_0040efc0,,,0,stub
0x0040f130,FUN_0040f130,,,0,stub
0x0040f2c0,FUN_0040f2c0,,,0,stub
0x0040f4e0,FUN_0040f4e0,,,0,stub
0x0040f860,FUN_0040f860,,,0,stub
0x0040fc00,FUN_0040fc00,,,0,stub
0x0040ffb0,FUN_0040ffb0,,,0,stub
0x00410370,FUN_00410370,,,0,stub
0x00410740,FUN_00410740,,,0,stub
0x00410ae0,FUN_00410ae0,,,0,stub
0x00411170,FUN_00411170,,,0,stub
0x00411560,FUN_00411560,,,0,stub
0x00411980,FUN_00411980,,,0,stub
0x00411d60,FUN_00411d60,,,0,stub
0x00412160,FUN_00412160,,,0,stub
0x00412580,FUN_00412580,,,0,stub
0x00414740,FUN_00414740,,,0,stub
0x00415d20,FUN_00415d20,,,0,stub
0x00416860,FUN_00416860,,,0,stub
0x00416b60,FUN_00416b60,,,0,stub
0x00416c80,FUN_00416c80,,,0,stub
0x00416da0,FUN_00416da0,,,0,stub
0x00416e40,FUN_00416e40,,,0,stub
0x00416fd0,FUN_00416fd0,,,0,stub
0x00417000,FUN_00417000,,,0,stub
0x004171e0,FUN_004171e0,,,0,stub
0x00417370,FUN_00417370,,,0,stub
0x00417470,FUN_00417470,,,0,stub
0x00417920,FUN_00417920,,,0,stub
0x00417950,FUN_00417950,,,0,stub
0x00417d70,FUN_00417d70,,,0,stub
0x00418800,FUN_00418800,,,0,stub
0x0041a300,FUN_0041a300,,,0,stub
0x0041a800,FUN_0041a800,,,0,stub
0x0041ada0,FUN_0041ada0,,,0,stub
0x0041b0f0,FUN_0041b0f0,,,0,stub
0x0041b350,FUN_0041b350,,,0,stub
0x0041bd70,FUN_0041bd70,,,0,stub
0x0041c210,FUN_0041c210,,,0,stub
0x0041cda0,FUN_0041cda0,,,0,stub
0x0041da70,FUN_0041da70,,,0,stub
0x0041e3f0,FUN_0041e3f0,,,0,stub
0x0041f170,FUN_0041f170,,,0,stub
0x0041f6f0,FUN_0041f6f0,,,0,stub
0x0041f8e0,FUN_0041f8e0,,,0,stub
0x00420350,FUN_00420350,,,0,stub
0x00420540,FUN_00420540,,,0,stub
0x00420a10,FUN_00420a10,,,0,stub
0x00420a80,FUN_00420a80,,,0,stub
0x00420fd0,FUN_00420fd0,,,0,stub
0x00421590,FUN_00421590,,,0,stub
0x00421cb0,FUN_00421cb0,,,0,stub
0x004221f0,FUN_004221f0,,,0,stub
0x00422d10,FUN_00422d10,,,0,stub
0x00422db0,FUN_00422db0,,,0,stub
0x00422ec0,FUN_00422ec0,,,0,stub
0x00422fa0,FUN_00422fa0,,,0,stub
0x00423280,FUN_00423280,,,0,stub
0x00423690,FUN_00423690,,,0,stub
0x00423780,FUN_00423780,,,0,stub
0x00423850,FUN_00423850,,,0,stub
0x004238e0,FUN_004238e0,,,0,stub
0x004239f0,FUN_004239f0,,,0,stub
0x00423a40,FUN_00423a40,,,0,stub
0x00423a90,FUN_00423a90,,,0,stub
0x00423b80,FUN_00423b80,,,0,stub
0x00423cd0,FUN_00423cd0,,,0,stub
0x004244c0,FUN_004244c0,,,0,stub
0x004245e0,FUN_004245e0,,,0,stub
0x00424760,FUN_00424760,,,0,stub
0x00424d70,FUN_00424d70,,,0,stub
0x004254f0,FUN_004254f0,,,0,stub
0x00425860,FUN_00425860,,,0,stub
0x00425c30,FUN_00425c30,,,0,stub
0x00425fe0,FUN_00425fe0,,,0,stub
0x00426110,FUN_00426110,,,0,stub
0x00426730,FUN_00426730,,,0,stub
0x00426860,FUN_00426860,,,0,stub
0x00426ad0,FUN_00426ad0,,,0,stub
0x00426b10,FUN_00426b10,,,0,stub
0x00426b90,FUN_00426b90,,,0,stub
0x00426bd0,FUN_00426bd0,,,0,stub
0x00426e60,FUN_00426e60,,,0,stub
0x00426ef0,FUN_00426ef0,,,0,stub
0x00427140,FUN_00427140,,,0,stub
0x00427470,FUN_00427470,,,0,stub
0x00427610,FUN_00427610,,,0,stub
0x004276b0,FUN_004276b0,,,0,stub
0x004279e0,FUN_004279e0,,,0,stub
0x00427d20,FUN_00427d20,,,0,stub
0x00427de0,FUN_00427de0,,,0,stub
0x00428080,FUN_00428080,,,0,stub
0x00428120,FUN_00428120,,,0,stub
0x00428320,FUN_00428320,,,0,stub
0x00428420,FUN_00428420,,,0,stub
0x00429cf0,FUN_00429cf0,,,0,stub
0x00429f38,FUN_00429f38,,,0,stub
0x00429fb8,FUN_00429fb8,,,0,stub
0x0042a0d0,FUN_0042a0d0,,,0,stub
0x0042a748,FUN_0042a748,,,0,stub
0x0042a798,FUN_0042a798,,,0,stub
0x0042a9c8,FUN_0042a9c8,,,0,stub
0x0042aa40,FUN_0042aa40,,,0,stub
0x0042aac8,FUN_0042aac8,,,0,stub
0x0042abc8,FUN_0042abc8,,,0,stub
0x0042bb00,FUN_0042bb00,,,0,stub
0x0042beb8,FUN_0042beb8,,,0,stub
0x0042c098,FUN_0042c098,,,0,stub
0x0042d238,FUN_0042d238,,,0,stub
0x0042d550,FUN_0042d550,,,0,stub
0x0042d610,FUN_0042d610,,,0,stub
0x0042e190,FUN_0042e190,,,0,stub
0x0042e1f0,FUN_0042e1f0,,,0,stub
0x00430a40,FUN_00430a40,,,0,stub
0x00430bb0,FUN_00430bb0,,,0,stub
0x00431548,FUN_00431548,,,0,stub
0x004318c0,FUN_004318c0,,,0,stub
0x00431b18,FUN_00431b18,,,0,stub
0x00431f70,FUN_00431f70,,,0,stub
0x004328b8,FUN_004328b8,,,0,stub
0x00432eb8,FUN_00432eb8,,,0,stub
0x00433db8,FUN_00433db8,,,0,stub
0x00434ee0,FUN_00434ee0,,,0,stub
0x004353d0,FUN_004353d0,,,0,stub
0x004360f8,FUN_004360f8,,,0,stub
0x00436618,FUN_00436618,,,0,stub
0x00436920,FUN_00436920,,,0,stub
0x00436d50,FUN_00436d50,,,0,stub
0x004370f0,FUN_004370f0,,,0,stub
0x00437950,FUN_00437950,,,0,stub
0x00437a80,FUN_00437a80,,,0,stub
0x00437f98,FUN_00437f98,,,0,stub
0x00438d50,FUN_00438d50,,,0,stub
0x00439d70,FUN_00439d70,,,0,stub
0x0043a180,FUN_0043a180,,,0,stub
0x0043a388,FUN_0043a388,,,0,stub
0x0043a4e8,FUN_0043a4e8,,,0,stub
0x0043a6f8,FUN_0043a6f8,,,0,stub
0x0043a720,FUN_0043a720,,,0,stub
0x0043a920,FUN_0043a920,,,0,stub
0x0043aad8,FUN_0043aad8,,,0,stub
0x0043abd0,FUN_0043abd0,,,0,stub
0x0043b1c0,FUN_0043b1c0,,,0,stub
0x0043b498,FUN_0043b498,,,0,stub
0x0043b5b8,FUN_0043b5b8,,,0,stub
0x0043b700,FUN_0043b700,,,0,stub
0x0043bb30,FUN_0043bb30,,,0,stub
0x0043bc40,FUN_0043bc40,,,0,stub
0x0043bd40,FUN_0043bd40,,,0,stub
0x0043be40,FUN_0043be40,,,0,stub
0x0043bf68,FUN_0043bf68,,,0,stub
0x0043c0a8,FUN_0043c0a8,,,0,stub
0x0043c1f0,FUN_0043c1f0,,,0,stub
0x0043c340,FUN_0043c340,,,0,stub
0x0043c458,FUN_0043c458,,,0,stub
0x0043c688,FUN_0043c688,,,0,stub
0x0043cf70,FUN_0043cf70,,,0,stub
0x0043d000,FUN_0043d000,,,0,stub
0x0043d0a8,FUN_0043d0a8,,,0,stub
0x0043d128,FUN_0043d128,,,0,stub
0x0043d1a0,FUN_0043d1a0,,,0,stub
0x0043d1e0,FUN_0043d1e0,,,0,stub
0x0043d2e0,FUN_0043d2e0,,,0,stub
0x0043d308,FUN_0043d308,,,0,stub
0x0043d3d8,FUN_0043d3d8,,,0,stub
0x0043d518,FUN_0043d518,,,0,stub
0x0043d5c0,FUN_0043d5c0,,,0,stub
0x0043d628,FUN_0043d628,,,0,stub
0x0043d690,FUN_0043d690,,,0,stub
0x0043d6f8,FUN_0043d6f8,,,0,stub
0x0043d760,FUN_0043d760,,,0,stub
0x0043d780,FUN_0043d780,,,0,stub
0x0043d7a0,FUN_0043d7a0,,,0,stub
0x0043d7c0,FUN_0043d7c0,,,0,stub
0x0043d7e0,FUN_0043d7e0,,,0,stub
0x0043d990,FUN_0043d990,,,0,stub
0x0043da28,FUN_0043da28,,,0,stub
0x0043daa8,FUN_0043daa8,,,0,stub
0x0043db40,FUN_0043db40,,,0,stub
0x0043db88,FUN_0043db88,,,0,stub
0x0043dbe0,FUN_0043dbe0,,,0,stub
0x0043dc08,FUN_0043dc08,,,0,stub
0x0043dc40,FUN_0043dc40,,,0,stub
0x0043dca8,FUN_0043dca8,,,0,stub
0x0043dcd0,FUN_0043dcd0,,,0,stub
0x0043dcf8,FUN_0043dcf8,,,0,stub
0x0043ddc8,FUN_0043ddc8,,,0,stub
0x0043df60,FUN_0043df60,,,0,stub
0x0043e0b0,FUN_0043e0b0,,,0,stub
0x0043e180,FUN_0043e180,,,0,stub
0x0043e278,FUN_0043e278,,,0,stub
0x0043e3f0,FUN_0043e3f0,,,0,stub
0x0043e558,FUN_0043e558,,,0,stub
0x0043eb48,FUN_0043eb48,,,0,stub
0x0043eb80,FUN_0043eb80,,,0,stub
0x0043ec58,FUN_0043ec58,,,0,stub
0x0043eed8,FUN_0043eed8,,,0,stub
0x0043ef98,FUN_0043ef98,,,0,stub
0x0043f150,FUN_0043f150,,,0,stub
0x0043f4c8,FUN_0043f4c8,,,0,stub
0x0043f4f0,FUN_0043f4f0,,,0,stub
0x0043f628,FUN_0043f628,,,0,stub
0x0043f6e0,FUN_0043f6e0,,,0,stub
0x0043f740,FUN_0043f740,,,0,stub
0x0043f8e8,FUN_0043f8e8,,,0,stub
0x0043f998,FUN_0043f998,,,0,stub
0x0043fb68,FUN_0043fb68,,,0,stub
0x0043fd98,FUN_0043fd98,,,0,stub
0x0043ff00,FUN_0043ff00,,,0,stub
0x0043ff98,FUN_0043ff98,,,0,stub
0x00440028,FUN_00440028,,,0,stub
0x00440080,FUN_00440080,,,0,stub
0x00440248,FUN_00440248,,,0,stub
0x004402e8,FUN_004402e8,,,0,stub
0x00440370,FUN_00440370,,,0,stub
0x004403e0,FUN_004403e0,,,0,stub
0x00440768,FUN_00440768,,,0,stub
0x004407b8,FUN_004407b8,,,0,stub
0x004408c0,FUN_004408c0,,,0,stub
0x00440ac8,FUN_00440ac8,,,0,stub
0x00440b58,FUN_00440b58,,,0,stub
0x00440b90,FUN_00440b90,,,0,stub
0x00440e18,FUN_00440e18,,,0,stub
0x00440f98,FUN_00440f98,,,0,stub
0x004411d0,FUN_004411d0,,,0,stub
0x00441430,FUN_00441430,,,0,stub
0x004416f0,FUN_004416f0,,,0,stub
0x00441a68,FUN_00441a68,,,0,stub
0x00441c48,FUN_00441c48,,,0,stub
0x00441df0,FUN_00441df0,,,0,stub
0x00441e10,FUN_00441e10,,,0,stub
0x00441fc0,FUN_00441fc0,,,0,stub
0x00441fe0,FUN_00441fe0,,,0,stub
0x00442250,FUN_00442250,,,0,stub
0x00442370,FUN_00442370,,,0,stub
0x00442390,FUN_00442390,,,0,stub
0x00442458,FUN_00442458,,,0,stub
0x004425c0,FUN_004425c0,,,0,stub
0x00442718,FUN_00442718,,,0,stub
0x004428b8,FUN_004428b8,,,0,stub
0x00442af8,FUN_00442af8,,,0,stub
0x00442ce8,FUN_00442ce8,,,0,stub
0x00442d08,FUN_00442d08,,,0,stub
0x00442ea0,FUN_00442ea0,,,0,stub
0x00443110,FUN_00443110,,,0,stub
0x00443130,FUN_00443130,,,0,stub
0x00443368,FUN_00443368,,,0,stub
0x004435a0,FUN_004435a0,,,0,stub
0x00443780,FUN_00443780,,,0,stub
0x00443948,FUN_00443948,,,0,stub
0x004439d0,FUN_004439d0,,,0,stub
0x00443a40,FUN_00443a40,,,0,stub
0x00443ac0,FUN_00443ac0,,,0,stub
0x00443b38,FUN_00443b38,,,0,stub
0x00443b58,FUN_00443b58,,,0,stub
0x00443c48,FUN_00443c48,,,0,stub
0x00443cb8,FUN_00443cb8,,,0,stub
0x00443d28,FUN_00443d28,,,0,stub
0x00443d98,FUN_00443d98,,,0,stub
0x00443e18,FUN_00443e18,,,0,stub
0x00443e98,FUN_00443e98,,,0,stub
0x00443f98,FUN_00443f98,,,0,stub
0x00444028,FUN_00444028,,,0,stub
0x00444060,FUN_00444060,,,0,stub
0x00444268,FUN_00444268,,,0,stub
0x00444470,FUN_00444470,,,0,stub
0x00444500,FUN_00444500,,,0,stub
0x004445a0,FUN_004445a0,,,0,stub
0x00444630,FUN_00444630,,,0,stub
0x00444650,FUN_00444650,,,0,stub
0x00444670,FUN_00444670,,,0,stub
0x00444898,FUN_00444898,,,0,stub
0x004448b8,FUN_004448b8,,,0,stub
0x004448d8,FUN_004448d8,,,0,stub
0x004449e0,FUN_004449e0,,,0,stub
0x00444a28,FUN_00444a28,,,0,stub
0x00444b18,FUN_00444b18,,,0,stub
0x00444bf8,FUN_00444bf8,,,0,stub
0x00444d38,FUN_00444d38,,,0,stub
0x00444d60,FUN_00444d60,,,0,stub
0x00444d98,FUN_00444d98,,,0,stub
0x00444ea8,FUN_00444ea8,,,0,stub
0x00444ff8,FUN_00444ff8,,,0,stub
0x00445180,FUN_00445180,,,0,stub
0x004451c0,FUN_004451c0,,,0,stub
0x00445780,FUN_00445780,,,0,stub
0x00445860,FUN_00445860,,,0,stub
0x00445898,FUN_00445898,,,0,stub
0x004459a8,FUN_004459a8,,,0,stub
0x00445a50,FUN_00445a50,,,0,stub
0x00445ab8,FUN_00445ab8,,,0,stub
0x00445bb8,FUN_00445bb8,,,0,stub
0x00445d48,FUN_00445d48,,,0,stub
0x00445d90,FUN_00445d90,,,0,stub
0x00445db8,FUN_00445db8,,,0,stub
0x00445e70,FUN_00445e70,,,0,stub
0x00445f48,FUN_00445f48,,,0,stub
0x00446468,FUN_00446468,,,0,stub
0x00446508,FUN_00446508,,,0,stub
0x00446578,FUN_00446578,,,0,stub
0x00446688,FUN_00446688,,,0,stub
0x00446990,FUN_00446990,,,0,stub
0x004469f8,FUN_004469f8,,,0,stub
0x00446a70,FUN_00446a70,,,0,stub
0x00446ae8,FUN_00446ae8,,,0,stub
0x00446b30,FUN_00446b30,,,0,stub
0x00446bb0,FUN_00446bb0,,,0,stub
0x00446ca0,FUN_00446ca0,,,0,stub
0x00446d50,FUN_00446d50,,,0,stub
0x00446e68,FUN_00446e68,,,0,stub
0x00446fa8,FUN_00446fa8,,,0,stub
0x00447048,FUN_00447048,,,0,stub
0x004470c8,FUN_004470c8,,,0,stub
0x004479b0,FUN_004479b0,,,0,stub
0x00447a68,FUN_00447a68,,,0,stub
0x00447b28,FUN_00447b28,,,0,stub
0x00447cb8,FUN_00447cb8,,,0,stub
0x00447e78,FUN_00447e78,,,0,stub
0x00447f48,FUN_00447f48,,,0,stub
0x00447fb0,FUN_00447fb0,,,0,stub
0x00448018,FUN_00448018,,,0,stub
0x00448080,FUN_00448080,,,0,stub
0x004480f0,FUN_004480f0,,,0,stub
0x00448150,FUN_00448150,,,0,stub
0x004481e0,FUN_004481e0,,,0,stub
0x004482b0,FUN_004482b0,,,0,stub
0x00448340,FUN_00448340,,,0,stub
0x00448390,FUN_00448390,,,0,stub
0x004488e0,FUN_004488e0,,,0,stub
0x00448960,FUN_00448960,,,0,stub
0x00448a10,FUN_00448a10,,,0,stub
0x00448a60,FUN_00448a60,,,0,stub
0x00448aa0,FUN_00448aa0,,,0,stub
0x00448bd0,FUN_00448bd0,,,0,stub
0x00448c10,FUN_00448c10,,,0,stub
0x00448c50,FUN_00448c50,,,0,stub
0x00448c90,FUN_00448c90,,,0,stub
0x00448fb0,FUN_00448fb0,,,0,stub
0x00449110,FUN_00449110,,,0,stub
0x00449200,FUN_00449200,,,0,stub
0x00449260,FUN_00449260,,,0,stub
0x004492d0,FUN_004492d0,,,0,stub
0x00449550,FUN_00449550,,,0,stub
0x00449b40,FUN_00449b40,,,0,stub
0x00449b90,FUN_00449b90,,,0,stub
0x00449ea0,FUN_00449ea0,,,0,stub
0x0044a3b0,FUN_0044a3b0,,,0,stub
0x0044a4c0,FUN_0044a4c0,,,0,stub
0x0044a790,FUN_0044a790,,,0,stub
0x0044a7e0,FUN_0044a7e0,,,0,stub
0x0044a840,FUN_0044a840,,,0,stub
0x0044a910,FUN_0044a910,,,0,stub
0x0044bf20,FUN_0044bf20,,,0,stub
0x00450460,FUN_00450460,,,0,stub
0x00453a60,FUN_00453a60,,,0,stub
0x00454450,FUN_00454450,,,0,stub
0x004544a0,FUN_004544a0,,,0,stub
0x004545a0,FUN_004545a0,,,0,stub
0x00454650,FUN_00454650,,,0,stub
0x004549d0,FUN_004549d0,,,0,stub
0x00454d10,FUN_00454d10,,,0,stub
0x00454f80,FUN_00454f80,,,0,stub
0x00455020,FUN_00455020,,,0,stub
0x00455220,FUN_00455220,,,0,stub
0x00455410,FUN_00455410,,,0,stub
0x00455bf0,FUN_00455bf0,,,0,stub
0x00455f20,FUN_00455f20,,,0,stub
0x00456200,FUN_00456200,,,0,stub
0x004564c0,FUN_004564c0,,,0,stub
0x00456750,FUN_00456750,,,0,stub
0x00456920,FUN_00456920,,,0,stub
0x00456a60,FUN_00456a60,,,0,stub
0x00456ba0,FUN_00456ba0,,,0,stub
0x00456f10,FUN_00456f10,,,0,stub
0x00457160,FUN_00457160,,,0,stub
0x004572a0,FUN_004572a0,,,0,stub
0x00457400,FUN_00457400,,,0,stub
0x004575b0,FUN_004575b0,,,0,stub
0x00457770,FUN_00457770,,,0,stub
0x00457860,FUN_00457860,,,0,stub
0x00457c60,FUN_00457c60,,,0,stub
0x00458370,FUN_00458370,,,0,stub
0x004586e0,FUN_004586e0,,,0,stub
0x00458a90,FUN_00458a90,,,0,stub
0x00458af0,FUN_00458af0,,,0,stub
0x00458d80,FUN_00458d80,,,0,stub
0x00458f70,FUN_00458f70,,,0,stub
0x00459010,FUN_00459010,,,0,stub
0x004590c0,FUN_004590c0,,,0,stub
0x00459220,FUN_00459220,,,0,stub
0x00459480,FUN_00459480,,,0,stub
0x00459510,FUN_00459510,,,0,stub
0x004596e0,FUN_004596e0,,,0,stub
0x00459940,FUN_00459940,,,0,stub
0x004599b0,FUN_004599b0,,,0,stub
0x00459a40,FUN_00459a40,,,0,stub
0x00459ba0,FUN_00459ba0,,,0,stub
0x0045b010,FUN_0045b010,,,0,stub
0x0045b0f0,FUN_0045b0f0,,,0,stub
0x0045b208,FUN_0045b208,,,0,stub
0x0045b230,FUN_0045b230,,,0,stub
0x0045b298,FUN_0045b298,,,0,stub
0x0045b2f8,FUN_0045b2f8,,,0,stub
0x0045b398,FUN_0045b398,,,0,stub
0x0045b668,FUN_0045b668,,,0,stub
0x0045b700,FUN_0045b700,,,0,stub
0x0045b7b8,FUN_0045b7b8,,,0,stub
0x0045b830,FUN_0045b830,,,0,stub
0x0045bb48,FUN_0045bb48,,,0,stub
0x0045bb68,FUN_0045bb68,,,0,stub
0x0045bcd8,FUN_0045bcd8,,,0,stub
0x0045bd70,FUN_0045bd70,,,0,stub
0x0045be10,FUN_0045be10,,,0,stub
0x0045be80,FUN_0045be80,,,0,stub
0x0045bff0,FUN_0045bff0,,,0,stub
0x0045c2d0,FUN_0045c2d0,,,0,stub
0x0045c4c8,FUN_0045c4c8,,,0,stub
0x0045c590,FUN_0045c590,,,0,stub
0x0045c770,FUN_0045c770,,,0,stub
0x0045c840,FUN_0045c840,,,0,stub
0x0045c8f0,FUN_0045c8f0,,,0,stub
0x0045c988,FUN_0045c988,,,0,stub
0x0045ca40,FUN_0045ca40,,,0,stub
0x0045cb38,FUN_0045cb38,,,0,stub
0x0045cc28,FUN_0045cc28,,,0,stub
0x0045cc50,FUN_0045cc50,,,0,stub
0x0045ced0,FUN_0045ced0,,,0,stub
0x0045cf40,FUN_0045cf40,,,0,stub
0x0045cfb0,FUN_0045cfb0,,,0,stub
0x0045d020,FUN_0045d020,,,0,stub
0x0045d090,FUN_0045d090,,,0,stub
0x0045d0f8,FUN_0045d0f8,,,0,stub
0x0045d1a0,FUN_0045d1a0,,,0,stub
0x0045d238,FUN_0045d238,,,0,stub
0x0045d4f8,FUN_0045d4f8,,,0,stub
0x0045d6b0,FUN_0045d6b0,,,0,stub
0x0045d720,FUN_0045d720,,,0,stub
0x0045d7d8,FUN_0045d7d8,,,0,stub
0x0045d8a0,FUN_0045d8a0,,,0,stub
0x0045d9c8,FUN_0045d9c8,,,0,stub
0x0045da00,FUN_0045da00,,,0,stub
0x0045dab8,FUN_0045dab8,,,0,stub
0x0045dc20,FUN_0045dc20,,,0,stub
0x0045dd38,FUN_0045dd38,,,0,stub
0x0045deb0,FUN_0045deb0,,,0,stub
0x0045ded8,FUN_0045ded8,,,0,stub
0x0045e058,FUN_0045e058,,,0,stub
0x0045e1d8,FUN_0045e1d8,,,0,stub
0x0045e248,FUN_0045e248,,,0,stub
0x0045e390,FUN_0045e390,,,0,stub
0x0045e418,FUN_0045e418,,,0,stub
0x0045e558,FUN_0045e558,,,0,stub
0x0045e628,FUN_0045e628,,,0,stub
0x0045e740,FUN_0045e740,,,0,stub
0x0045e7f8,FUN_0045e7f8,,,0,stub
0x0045e9c0,FUN_0045e9c0,,,0,stub
0x0045eb18,FUN_0045eb18,,,0,stub
0x0045ebe8,FUN_0045ebe8,,,0,stub
0x0045ecf0,FUN_0045ecf0,,,0,stub
0x0045ef40,FUN_0045ef40,,,0,stub
0x0045fa68,FUN_0045fa68,,,0,stub
0x00460a60,FUN_00460a60,,,0,stub
0x00460c60,FUN_00460c60,,,0,stub
0x00460e08,FUN_00460e08,,,0,stub
0x00460f18,FUN_00460f18,,,0,stub
0x00461020,FUN_00461020,,,0,stub
0x00461150,FUN_00461150,,,0,stub
0x00461340,FUN_00461340,,,0,stub
0x00461400,FUN_00461400,,,0,stub
0x00461930,FUN_00461930,,,0,stub
0x00461ad0,FUN_00461ad0,,,0,stub
0x00461c50,FUN_00461c50,,,0,stub
0x00461cf8,FUN_00461cf8,,,0,stub
0x00461da8,FUN_00461da8,,,0,stub
0x00461f20,FUN_00461f20,,,0,stub
0x00462028,FUN_00462028,,,0,stub
0x00462118,FUN_00462118,,,0,stub
0x00462268,FUN_00462268,,,0,stub
0x004622e8,FUN_004622e8,,,0,stub
0x00462350,FUN_00462350,,,0,stub
0x00462460,FUN_00462460,,,0,stub
0x00462650,FUN_00462650,,,0,stub
0x00462840,FUN_00462840,,,0,stub
0x00462900,FUN_00462900,,,0,stub
0x004629a0,FUN_004629a0,,,0,stub
0x00462a68,FUN_00462a68,,,0,stub
0x00462b60,FUN_00462b60,,,0,stub
0x00462bf0,FUN_00462bf0,,,0,stub
0x00462cc0,FUN_00462cc0,,,0,stub
0x00463008,FUN_00463008,,,0,stub
0x004630a8,FUN_004630a8,,,0,stub
0x00463360,FUN_00463360,,,0,stub
0x004634f0,FUN_004634f0,,,0,stub
0x00463600,FUN_00463600,,,0,stub
0x004637b8,FUN_004637b8,,,0,stub
0x00463928,FUN_00463928,,,0,stub
0x004639b0,FUN_004639b0,,,0,stub
0x00463ea8,FUN_00463ea8,,,0,stub
0x00464130,FUN_00464130,,,0,stub
0x004641d8,FUN_004641d8,,,0,stub
0x00464458,FUN_00464458,,,0,stub
0x004644a0,FUN_004644a0,,,0,stub
0x00464548,FUN_00464548,,,0,stub
0x00464668,FUN_00464668,,,0,stub
0x00464768,FUN_00464768,,,0,stub
0x004647f0,FUN_004647f0,,,0,stub
0x00464960,FUN_00464960,,,0,stub
0x00464a78,FUN_00464a78,,,0,stub
0x00464ac0,FUN_00464ac0,,,0,stub
0x00464c20,FUN_00464c20,,,0,stub
0x00464d18,FUN_00464d18,,,0,stub
0x00464d78,FUN_00464d78,,,0,stub
0x00464e88,FUN_00464e88,,,0,stub
0x00464ee0,FUN_00464ee0,,,0,stub
0x00465000,FUN_00465000,,,0,stub
0x004653d0,FUN_004653d0,,,0,stub
0x004654b0,FUN_004654b0,,,0,stub
0x00465590,FUN_00465590,,,0,stub
0x004656c0,FUN_004656c0,,,0,stub
0x00465968,FUN_00465968,,,0,stub
0x00465b20,FUN_00465b20,,,0,stub
0x00465dc0,FUN_00465dc0,,,0,stub
0x00465e10,FUN_00465e10,,,0,stub
0x00465e60,FUN_00465e60,,,0,stub
0x00465f90,FUN_00465f90,,,0,stub
0x00465fe8,FUN_00465fe8,,,0,stub
0x00466190,FUN_00466190,,,0,stub
0x00466420,FUN_00466420,,,0,stub
0x00466448,FUN_00466448,,,0,stub
0x004664e0,FUN_004664e0,,,0,stub
0x00466530,FUN_00466530,,,0,stub
0x00466560,FUN_00466560,,,0,stub
0x00466670,FUN_00466670,,,0,stub
0x004666c0,FUN_004666c0,,,0,stub
0x004666e8,FUN_004666e8,,,0,stub
0x00466a78,FUN_00466a78,,,0,stub
0x00466ae0,FUN_00466ae0,,,0,stub
0x00466bf0,FUN_00466bf0,,,0,stub
0x00466d08,FUN_00466d08,,,0,stub
0x00466ea0,FUN_00466ea0,,,0,stub
0x00467020,FUN_00467020,,,0,stub
0x00467048,FUN_00467048,,,0,stub
0x00467360,FUN_00467360,,,0,stub
0x004673b8,FUN_004673b8,,,0,stub
0x004674c8,FUN_004674c8,,,0,stub
0x004675c8,FUN_004675c8,,,0,stub
0x00467760,FUN_00467760,,,0,stub
0x004678e0,FUN_004678e0,,,0,stub
0x00467a88,FUN_00467a88,,,0,stub
0x00467b60,FUN_00467b60,,,0,stub
0x00467d18,FUN_00467d18,,,0,stub
0x00467da8,FUN_00467da8,,,0,stub
0x00467e68,FUN_00467e68,,,0,stub
0x00467fa8,FUN_00467fa8,,,0,stub
0x00467fe8,FUN_00467fe8,,,0,stub
0x00468278,FUN_00468278,,,0,stub
0x00468510,FUN_00468510,,,0,stub
0x00468550,FUN_00468550,,,0,stub
0x00468590,FUN_00468590,,,0,stub
0x004685f8,FUN_004685f8,,,0,stub
0x004687e8,FUN_004687e8,,,0,stub
0x00468818,FUN_00468818,,,0,stub
0x00468870,FUN_00468870,,,0,stub
0x004688b8,FUN_004688b8,,,0,stub
0x00468910,FUN_00468910,,,0,stub
0x00468a28,FUN_00468a28,,,0,stub
0x00468ab8,FUN_00468ab8,,,0,stub
0x00468c38,FUN_00468c38,,,0,stub
0x00468d08,FUN_00468d08,,,0,stub
0x00468db8,FUN_00468db8,,,0,stub
0x00468f38,FUN_00468f38,,,0,stub
0x00469030,FUN_00469030,,,0,stub
0x004691a8,FUN_004691a8,,,0,stub
0x004691d0,FUN_004691d0,,,0,stub
0x00469400,FUN_00469400,,,0,stub
0x00469500,FUN_00469500,,,0,stub
0x00469678,FUN_00469678,,,0,stub
0x00469810,FUN_00469810,,,0,stub
0x004699b0,FUN_004699b0,,,0,stub
0x00469a18,FUN_00469a18,,,0,stub
0x00469a80,FUN_00469a80,,,0,stub
0x00469ac0,FUN_00469ac0,,,0,stub
0x00469b00,FUN_00469b00,,,0,stub
0x00469f80,FUN_00469f80,,,0,stub
0x0046a0b8,FUN_0046a0b8,,,0,stub
0x0046a318,FUN_0046a318,,,0,stub
0x0046a748,FUN_0046a748,,,0,stub
0x0046a9e0,FUN_0046a9e0,,,0,stub
0x0046acc8,FUN_0046acc8,,,0,stub
0x0046b628,FUN_0046b628,,,0,stub
0x0046b660,FUN_0046b660,,,0,stub
0x0046b698,FUN_0046b698,,,0,stub
0x0046b6c0,FUN_0046b6c0,,,0,stub
0x0046b890,FUN_0046b890,,,0,stub
0x0046b918,FUN_0046b918,,,0,stub
0x0046ba00,FUN_0046ba00,,,0,stub
0x0046bc10,FUN_0046bc10,,,0,stub
0x0046bcb0,FUN_0046bcb0,,,0,stub
0x0046bcd8,FUN_0046bcd8,,,0,stub
0x0046bd00,FUN_0046bd00,,,0,stub
0x0046bd28,FUN_0046bd28,,,0,stub
0x0046be50,FUN_0046be50,,,0,stub
0x0046c050,FUN_0046c050,,,0,stub
0x0046c0a0,FUN_0046c0a0,,,0,stub
0x0046c108,FUN_0046c108,,,0,stub
0x0046c558,FUN_0046c558,,,0,stub
0x0046c5e8,FUN_0046c5e8,,,0,stub
0x0046c6a0,FUN_0046c6a0,,,0,stub
0x0046c740,FUN_0046c740,,,0,stub
0x0046c818,FUN_0046c818,,,0,stub
0x0046c8b8,FUN_0046c8b8,,,0,stub
0x0046c928,FUN_0046c928,,,0,stub
0x0046c9d0,FUN_0046c9d0,,,0,stub
0x0046ca30,FUN_0046ca30,,,0,stub
0x0046cb30,FUN_0046cb30,,,0,stub
0x0046cbc0,FUN_0046cbc0,,,0,stub
0x0046ce78,FUN_0046ce78,,,0,stub
0x0046cf40,FUN_0046cf40,,,0,stub
0x0046d008,FUN_0046d008,,,0,stub
0x0046d068,FUN_0046d068,,,0,stub
0x0046d1b0,FUN_0046d1b0,,,0,stub
0x0046d250,FUN_0046d250,,,0,stub
0x0046d270,FUN_0046d270,,,0,stub
0x0046d398,FUN_0046d398,,,0,stub
0x0046d3c0,FUN_0046d3c0,,,0,stub
0x0046d540,FUN_0046d540,,,0,stub
0x0046d5b0,FUN_0046d5b0,,,0,stub
0x0046d650,FUN_0046d650,,,0,stub
0x0046d690,FUN_0046d690,,,0,stub
0x0046d6a8,FUN_0046d6a8,,,0,stub
0x0046d6c0,FUN_0046d6c0,,,0,stub
0x0046d6e8,FUN_0046d6e8,,,0,stub
0x0046d708,FUN_0046d708,,,0,stub
0x0046d738,FUN_0046d738,,,0,stub
0x0046d758,FUN_0046d758,,,0,stub
0x0046d778,FUN_0046d778,,,0,stub
0x0046d8e8,FUN_0046d8e8,,,0,stub
0x0046d9d8,FUN_0046d9d8,,,0,stub
0x0046dbd8,FUN_0046dbd8,,,0,stub
0x0046dc60,FUN_0046dc60,,,0,stub
0x0046dcd0,FUN_0046dcd0,,,0,stub
0x0046dda8,FUN_0046dda8,,,0,stub
0x0046ddd0,FUN_0046ddd0,,,0,stub
0x0046de10,FUN_0046de10,,,0,stub
0x0046de68,FUN_0046de68,,,0,stub
0x0046df00,FUN_0046df00,,,0,stub
0x0046dfe0,FUN_0046dfe0,,,0,stub
0x0046e1d0,FUN_0046e1d0,,,0,stub
0x0046e2f8,FUN_0046e2f8,,,0,stub
0x0046e348,FUN_0046e348,,,0,stub
0x0046e3c8,FUN_0046e3c8,,,0,stub
0x0046e428,FUN_0046e428,,,0,stub
0x0046e4d0,FUN_0046e4d0,,,0,stub
0x0046e558,FUN_0046e558,,,0,stub
0x0046e5e0,FUN_0046e5e0,,,0,stub
0x0046e668,FUN_0046e668,,,0,stub
0x0046e700,FUN_0046e700,,,0,stub
0x0046e7b0,FUN_0046e7b0,,,0,stub
0x0046e890,FUN_0046e890,,,0,stub
0x0046e8a8,FUN_0046e8a8,,,0,stub
0x0046ea70,FUN_0046ea70,,,0,stub
0x0046eb08,FUN_0046eb08,,,0,stub
0x0046ebd8,FUN_0046ebd8,,,0,stub
0x0046eca8,FUN_0046eca8,,,0,stub
0x0046ed78,FUN_0046ed78,,,0,stub
0x0046ee48,FUN_0046ee48,,,0,stub
0x0046ef18,FUN_0046ef18,,,0,stub
0x0046efe8,FUN_0046efe8,,,0,stub
0x0046f028,FUN_0046f028,,,0,stub
0x0046f150,FUN_0046f150,,,0,stub
0x0046f208,FUN_0046f208,,,0,stub
0x0046f288,FUN_0046f288,,,0,stub
0x0046f390,FUN_0046f390,,,0,stub
0x0046f5f8,FUN_0046f5f8,,,0,stub
0x0046f6a8,FUN_0046f6a8,,,0,stub
0x0046f710,FUN_0046f710,,,0,stub
0x0046f768,FUN_0046f768,,,0,stub
0x0046f7a8,FUN_0046f7a8,,,0,stub
0x0046f7e0,FUN_0046f7e0,,,0,stub
0x0046f818,FUN_0046f818,,,0,stub
0x0046f878,FUN_0046f878,,,0,stub
0x0046f8b0,FUN_0046f8b0,,,0,stub
0x0046f900,FUN_0046f900,,,0,stub
0x0046fa78,FUN_0046fa78,,,0,stub
0x0046fae0,FUN_0046fae0,,,0,stub
0x0046fb40,FUN_0046fb40,,,0,stub
0x0046fb90,FUN_0046fb90,,,0,stub
0x0046fc20,FUN_0046fc20,,,0,stub
0x0046fda0,FUN_0046fda0,,,0,stub
0x0046fe08,FUN_0046fe08,,,0,stub
0x0046fe58,FUN_0046fe58,,,0,stub
0x0046fe98,FUN_0046fe98,,,0,stub
0x0046feb0,FUN_0046feb0,,,0,stub
0x0046fee0,FUN_0046fee0,,,0,stub
0x0046ff10,FUN_0046ff10,,,0,stub
0x004700e8,FUN_004700e8,,,0,stub
0x00470208,FUN_00470208,,,0,stub
0x00470438,FUN_00470438,,,0,stub
0x00470600,FUN_00470600,,,0,stub
0x00470690,FUN_00470690,,,0,stub
0x00470738,FUN_00470738,,,0,stub
0x00470778,FUN_00470778,,,0,stub
0x004707f8,FUN_004707f8,,,0,stub
0x00470810,FUN_00470810,,,0,stub
0x00470878,FUN_00470878,,,0,stub
0x00470890,FUN_00470890,,,0,stub
0x004708a8,FUN_004708a8,,,0,stub
0x004708c0,FUN_004708c0,,,0,stub
0x004708d8,FUN_004708d8,,,0,stub
0x004708f0,FUN_004708f0,,,0,stub
0x00470908,FUN_00470908,,,0,stub
0x00470920,FUN_00470920,,,0,stub
0x00470938,FUN_00470938,,,0,stub
0x00470950,FUN_00470950,,,0,stub
0x00470968,FUN_00470968,,,0,stub
0x004709b0,FUN_004709b0,,,0,stub
0x004709c8,FUN_004709c8,,,0,stub
0x004709e0,FUN_004709e0,,,0,stub
0x004709f8,FUN_004709f8,,,0,stub
0x00470a50,FUN_00470a50,,,0,stub
0x00470ab8,FUN_00470ab8,,,0,stub
0x00470b18,FUN_00470b18,,,0,stub
0x00470b38,FUN_00470b38,,,0,stub
0x00470b50,FUN_00470b50,,,0,stub
0x00470c00,FUN_00470c00,,,0,stub
0x00470db8,FUN_00470db8,,,0,stub
0x00470e90,FUN_00470e90,,,0,stub
0x00470fe8,FUN_00470fe8,,,0,stub
0x00471050,FUN_00471050,,,0,stub
0x00471210,FUN_00471210,,,0,stub
0x00471380,FUN_00471380,,,0,stub
0x00471468,FUN_00471468,,,0,stub
0x004715b8,FUN_004715b8,,,0,stub
0x00471698,FUN_00471698,,,0,stub
0x00471808,FUN_00471808,,,0,stub
0x00471a68,FUN_00471a68,,,0,stub
0x00471cf0,FUN_00471cf0,,,0,stub
0x00471eb0,FUN_00471eb0,,,0,stub
0x00471fe0,FUN_00471fe0,,,0,stub
0x00472090,FUN_00472090,,,0,stub
0x00472190,FUN_00472190,,,0,stub
0x00472820,FUN_00472820,,,0,stub
0x00472a50,FUN_00472a50,,,0,stub
0x00472ac0,FUN_00472ac0,,,0,stub
0x00472c18,FUN_00472c18,,,0,stub
0x00472d28,FUN_00472d28,,,0,stub
0x00472d90,FUN_00472d90,,,0,stub
0x00472de0,FUN_00472de0,,,0,stub
0x00472ef0,FUN_00472ef0,,,0,stub
0x00473060,FUN_00473060,,,0,stub
0x004730f8,FUN_004730f8,,,0,stub
0x00473138,FUN_00473138,,,0,stub
0x004731c8,FUN_004731c8,,,0,stub
0x00473308,FUN_00473308,,,0,stub
0x004733e8,FUN_004733e8,,,0,stub
0x00473510,FUN_00473510,,,0,stub
0x00473568,FUN_00473568,,,0,stub
0x004735d8,FUN_004735d8,,,0,stub
0x00473610,FUN_00473610,,,0,stub
0x00473650,FUN_00473650,,,0,stub
0x00473748,FUN_00473748,,,0,stub
0x00473780,FUN_00473780,,,0,stub
0x004737b8,FUN_004737b8,,,0,stub
0x00473820,FUN_00473820,,,0,stub
0x00473900,FUN_00473900,,,0,stub
0x00473c48,FUN_00473c48,,,0,stub
0x00473e18,FUN_00473e18,,,0,stub
0x00473e90,FUN_00473e90,,,0,stub
0x00473f20,FUN_00473f20,,,0,stub
0x00473f60,FUN_00473f60,,,0,stub
0x00473fb8,FUN_00473fb8,,,0,stub
0x00473fe8,FUN_00473fe8,,,0,stub
0x00474078,FUN_00474078,,,0,stub
0x004740b0,FUN_004740b0,,,0,stub
0x00474138,FUN_00474138,,,0,stub
0x00474150,FUN_00474150,,,0,stub
0x00474258,FUN_00474258,,,0,stub
0x004742b8,FUN_004742b8,,,0,stub
0x004747b8,FUN_004747b8,,,0,stub
0x00474960,FUN_00474960,,,0,stub
0x004749c0,FUN_004749c0,,,0,stub
0x00474ac8,FUN_00474ac8,,,0,stub
0x00474b90,FUN_00474b90,,,0,stub
0x00474c10,FUN_00474c10,,,0,stub
0x00474dd8,FUN_00474dd8,,,0,stub
0x00474ea0,FUN_00474ea0,,,0,stub
0x00474fd8,FUN_00474fd8,,,0,stub
0x004752d0,FUN_004752d0,,,0,stub
0x004754b0,FUN_004754b0,,,0,stub
0x004755a8,FUN_004755a8,,,0,stub
0x00475630,FUN_00475630,,,0,stub
0x004756c8,FUN_004756c8,,,0,stub
0x004756e8,FUN_004756e8,,,0,stub
0x00475708,FUN_00475708,,,0,stub
0x00475750,FUN_00475750,,,0,stub
0x004758d8,FUN_004758d8,,,0,stub
0x004759c0,FUN_004759c0,,,0,stub
0x00475a70,FUN_00475a70,,,0,stub
0x00475b38,FUN_00475b38,,,0,stub
0x00475cb0,FUN_00475cb0,,,0,stub
0x00475e10,FUN_00475e10,,,0,stub
0x00475e58,FUN_00475e58,,,0,stub
0x00475ea0,FUN_00475ea0,,,0,stub
0x00475fb8,FUN_00475fb8,,,0,stub
0x00476008,FUN_00476008,,,0,stub
0x004760e0,FUN_004760e0,,,0,stub
0x00476288,FUN_00476288,,,0,stub
0x004762d0,FUN_004762d0,,,0,stub
0x004762f0,FUN_004762f0,,,0,stub
0x004763a8,FUN_004763a8,,,0,stub
0x00476538,FUN_00476538,,,0,stub
0x004765b8,FUN_004765b8,,,0,stub
0x00476780,FUN_00476780,,,0,stub
0x00476a50,FUN_00476a50,,,0,stub
0x00476e28,FUN_00476e28,,,0,stub
0x00476fa0,FUN_00476fa0,,,0,stub
0x00477060,FUN_00477060,,,0,stub
0x00477270,FUN_00477270,,,0,stub
0x004775b0,FUN_004775b0,,,0,stub
0x00477630,FUN_00477630,,,0,stub
0x004776c8,FUN_004776c8,,,0,stub
0x00477800,FUN_00477800,,,0,stub
0x00477920,FUN_00477920,,,0,stub
0x00477a90,FUN_00477a90,,,0,stub
0x00477ae8,FUN_00477ae8,,,0,stub
0x00477be0,FUN_00477be0,,,0,stub
0x00477c70,FUN_00477c70,,,0,stub
0x00477d60,FUN_00477d60,,,0,stub
0x00477e68,FUN_00477e68,,,0,stub
0x00477ef8,FUN_00477ef8,,,0,stub
0x00477fd0,FUN_00477fd0,,,0,stub
0x00478068,FUN_00478068,,,0,stub
0x004780c8,FUN_004780c8,,,0,stub
0x004781a0,FUN_004781a0,,,0,stub
0x004782f8,FUN_004782f8,,,0,stub
0x004783a0,FUN_004783a0,,,0,stub
0x00478540,FUN_00478540,,,0,stub
0x00478688,FUN_00478688,,,0,stub
0x004787d0,FUN_004787d0,,,0,stub
0x00478838,FUN_00478838,,,0,stub
0x004788a0,FUN_004788a0,,,0,stub
0x00478960,FUN_00478960,,,0,stub
0x004789c0,FUN_004789c0,,,0,stub
0x00478a28,FUN_00478a28,,,0,stub
0x00478ae8,FUN_00478ae8,,,0,stub
0x00478c18,FUN_00478c18,,,0,stub
0x00478d58,FUN_00478d58,,,0,stub
0x00478e18,FUN_00478e18,,,0,stub
0x00478e80,FUN_00478e80,,,0,stub
0x00478f40,FUN_00478f40,,,0,stub
0x00478fe8,FUN_00478fe8,,,0,stub
0x004790f8,FUN_004790f8,,,0,stub
0x00479228,FUN_00479228,,,0,stub
0x004792e8,FUN_004792e8,,,0,stub
0x004793a8,FUN_004793a8,,,0,stub
0x00479518,FUN_00479518,,,0,stub
0x00479580,FUN_00479580,,,0,stub
0x004795e8,FUN_004795e8,,,0,stub
0x004796b0,FUN_004796b0,,,0,stub
0x004797b8,FUN_004797b8,,,0,stub
0x00479878,FUN_00479878,,,0,stub
0x00479948,FUN_00479948,,,0,stub
0x00479a08,FUN_00479a08,,,0,stub
0x00479a58,FUN_00479a58,,,0,stub
0x00479af0,FUN_00479af0,,,0,stub
0x00479b10,FUN_00479b10,,,0,stub
0x00479ba8,FUN_00479ba8,,,0,stub
0x00479c60,FUN_00479c60,,,0,stub
0x00479d80,FUN_00479d80,,,0,stub
0x00479db0,FUN_00479db0,,,0,stub
0x00479e38,FUN_00479e38,,,0,stub
0x00479ed8,FUN_00479ed8,,,0,stub
0x00479fc8,FUN_00479fc8,,,0,stub
0x0047a0b0,FUN_0047a0b0,,,0,stub
0x0047a0d8,FUN_0047a0d8,,,0,stub
0x0047a1a8,FUN_0047a1a8,,,0,stub
0x0047a2b8,FUN_0047a2b8,,,0,stub
0x0047a340,FUN_0047a340,,,0,stub
0x0047a440,FUN_0047a440,,,0,stub
0x0047a610,FUN_0047a610,,,0,stub
0x0047a7f0,FUN_0047a7f0,,,0,stub
0x0047a900,FUN_0047a900,,,0,stub
0x0047a968,FUN_0047a968,,,0,stub
0x0047a9a0,FUN_0047a9a0,,,0,stub
0x0047a9d8,FUN_0047a9d8,,,0,stub
0x0047aa10,FUN_0047aa10,,,0,stub
0x0047aa58,FUN_0047aa58,,,0,stub
0x0047aa98,FUN_0047aa98,,,0,stub
0x0047ab88,FUN_0047ab88,,,0,stub
0x0047aca8,FUN_0047aca8,,,0,stub
0x0047add0,FUN_0047add0,,,0,stub
0x0047ae58,FUN_0047ae58,,,0,stub
0x0047af10,FUN_0047af10,,,0,stub
0x0047af88,FUN_0047af88,,,0,stub
0x0047aff0,FUN_0047aff0,,,0,stub
0x0047b048,FUN_0047b048,,,0,stub
0x0047b0c0,FUN_0047b0c0,,,0,stub
0x0047b448,FUN_0047b448,,,0,stub
0x0047b4a8,FUN_0047b4a8,,,0,stub
0x0047b528,FUN_0047b528,,,0,stub
0x0047b618,FUN_0047b618,,,0,stub
0x0047b650,FUN_0047b650,,,0,stub
0x0047b700,FUN_0047b700,,,0,stub
0x0047b7d0,FUN_0047b7d0,,,0,stub
0x0047b858,FUN_0047b858,,,0,stub
0x0047b8c8,FUN_0047b8c8,,,0,stub
0x0047b930,FUN_0047b930,,,0,stub
0x0047b9e8,FUN_0047b9e8,,,0,stub
0x0047bb80,FUN_0047bb80,,,0,stub
0x0047bc08,FUN_0047bc08,,,0,stub
0x0047bd68,FUN_0047bd68,,,0,stub
0x0047be58,FUN_0047be58,,,0,stub
0x0047bed0,FUN_0047bed0,,,0,stub
0x0047bfd8,FUN_0047bfd8,,,0,stub
0x0047c038,FUN_0047c038,,,0,stub
0x0047c098,FUN_0047c098,,,0,stub
0x0047c140,FUN_0047c140,,,0,stub
0x0047c208,FUN_0047c208,,,0,stub
0x0047c298,FUN_0047c298,,,0,stub
0x0047c310,FUN_0047c310,,,0,stub
0x0047c398,FUN_0047c398,,,0,stub
0x0047c4a0,FUN_0047c4a0,,,0,stub
0x0047c648,FUN_0047c648,,,0,stub
0x0047c770,FUN_0047c770,,,0,stub
0x0047c918,FUN_0047c918,,,0,stub
0x0047caf8,FUN_0047caf8,,,0,stub
0x0047cbd8,FUN_0047cbd8,,,0,stub
0x0047ccb8,FUN_0047ccb8,,,0,stub
0x0047cd98,FUN_0047cd98,,,0,stub
0x0047cdf0,FUN_0047cdf0,,,0,stub
0x0047ce88,FUN_0047ce88,,,0,stub
0x0047cfb8,FUN_0047cfb8,,,0,stub
0x0047d110,FUN_0047d110,,,0,stub
0x0047d2c8,FUN_0047d2c8,,,0,stub
0x0047d390,FUN_0047d390,,,0,stub
0x0047d468,FUN_0047d468,,,0,stub
0x0047d5a0,FUN_0047d5a0,,,0,stub
0x0047d6c8,FUN_0047d6c8,,,0,stub
0x0047d710,FUN_0047d710,,,0,stub
0x0047d7e8,FUN_0047d7e8,,,0,stub
0x0047d948,FUN_0047d948,,,0,stub
0x0047d9b0,FUN_0047d9b0,,,0,stub
0x0047da10,FUN_0047da10,,,0,stub
0x0047dad8,FUN_0047dad8,,,0,stub
0x0047db68,FUN_0047db68,,,0,stub
0x0047dc08,FUN_0047dc08,,,0,stub
0x0047dc30,FUN_0047dc30,,,0,stub
0x0047de28,FUN_0047de28,,,0,stub
0x0047dee8,FUN_0047dee8,,,0,stub
0x0047e090,FUN_0047e090,,,0,stub
0x0047e210,FUN_0047e210,,,0,stub
0x0047e3a0,FUN_0047e3a0,,,0,stub
0x0047e538,FUN_0047e538,,,0,stub
0x0047e5a0,FUN_0047e5a0,,,0,stub
0x0047e5c0,FUN_0047e5c0,,,0,stub
0x0047e5f0,FUN_0047e5f0,,,0,stub
0x0047e6b8,FUN_0047e6b8,,,0,stub
0x0047e728,FUN_0047e728,,,0,stub
0x0047e780,FUN_0047e780,,,0,stub
0x0047e8b0,FUN_0047e8b0,,,0,stub
0x0047e908,FUN_0047e908,,,0,stub
0x0047e9a0,FUN_0047e9a0,,,0,stub
0x0047eae8,FUN_0047eae8,,,0,stub
0x0047ec48,FUN_0047ec48,,,0,stub
0x0047ee38,FUN_0047ee38,,,0,stub
0x0047efa0,FUN_0047efa0,,,0,stub
0x0047f068,FUN_0047f068,,,0,stub
0x0047f0e0,FUN_0047f0e0,,,0,stub
0x0047f210,FUN_0047f210,,,0,stub
0x0047f310,FUN_0047f310,,,0,stub
0x0047f500,FUN_0047f500,,,0,stub
0x0047f608,FUN_0047f608,,,0,stub
0x0047f660,FUN_0047f660,,,0,stub
0x0047f868,FUN_0047f868,,,0,stub
0x0047f8d0,FUN_0047f8d0,,,0,stub
0x0047f998,FUN_0047f998,,,0,stub
0x0047fa58,FUN_0047fa58,,,0,stub
0x0047fdf0,FUN_0047fdf0,,,0,stub
0x0047fe10,FUN_0047fe10,,,0,stub
0x0047fe50,FUN_0047fe50,,,0,stub
0x0047fef0,FUN_0047fef0,,,0,stub
0x0047ff70,FUN_0047ff70,,,0,stub
0x00480030,FUN_00480030,,,0,stub
0x004800e8,FUN_004800e8,,,0,stub
0x00480198,FUN_00480198,,,0,stub
0x004802a0,FUN_004802a0,,,0,stub
0x00480370,FUN_00480370,,,0,stub
0x00480430,FUN_00480430,,,0,stub
0x00480728,FUN_00480728,,,0,stub
0x004808e8,FUN_004808e8,,,0,stub
0x00480ba0,FUN_00480ba0,,,0,stub
0x00480e50,FUN_00480e50,,,0,stub
0x00480e80,FUN_00480e80,,,0,stub
0x00480ea8,FUN_00480ea8,,,0,stub
0x00480ed0,FUN_00480ed0,,,0,stub
0x00480f28,FUN_00480f28,,,0,stub
0x00480fa8,FUN_00480fa8,,,0,stub
0x00481058,FUN_00481058,,,0,stub
0x004813a8,FUN_004813a8,,,0,stub
0x00481470,FUN_00481470,,,0,stub
0x004814c0,FUN_004814c0,,,0,stub
0x00481548,FUN_00481548,,,0,stub
0x00481598,FUN_00481598,,,0,stub
0x004815d8,FUN_004815d8,,,0,stub
0x00481610,FUN_00481610,,,0,stub
0x004817d0,FUN_004817d0,,,0,stub
0x00481840,FUN_00481840,,,0,stub
0x004819a0,FUN_004819a0,,,0,stub
0x004819f0,FUN_004819f0,,,0,stub
0x00481a18,FUN_00481a18,,,0,stub
0x00481a40,FUN_00481a40,,,0,stub
0x00481a68,FUN_00481a68,,,0,stub
0x00481b40,FUN_00481b40,,,0,stub
0x00481b80,FUN_00481b80,,,0,stub
0x00481c28,FUN_00481c28,,,0,stub
0x00481c78,FUN_00481c78,,,0,stub
0x00481d40,FUN_00481d40,,,0,stub
0x00481de8,FUN_00481de8,,,0,stub
0x00481f40,FUN_00481f40,,,0,stub
0x00482038,FUN_00482038,,,0,stub
0x00482170,FUN_00482170,,,0,stub
0x004821c0,FUN_004821c0,,,0,stub
0x004822b0,FUN_004822b0,,,0,stub
0x00482380,FUN_00482380,,,0,stub
0x00482650,FUN_00482650,,,0,stub
0x004827e8,FUN_004827e8,,,0,stub
0x00482968,FUN_00482968,,,0,stub
0x004829b8,FUN_004829b8,,,0,stub
0x00482aa0,FUN_00482aa0,,,0,stub
0x00482bf8,FUN_00482bf8,,,0,stub
0x00482d30,FUN_00482d30,,,0,stub
0x00482e88,FUN_00482e88,,,0,stub
0x00483280,FUN_00483280,,,0,stub
0x00483318,FUN_00483318,,,0,stub
0x004833e8,FUN_004833e8,,,0,stub
0x00483440,FUN_00483440,,,0,stub
0x00483490,FUN_00483490,,,0,stub
0x004834e8,FUN_004834e8,,,0,stub
0x00483518,FUN_00483518,,,0,stub
0x00483588,FUN_00483588,,,0,stub
0x004835b8,FUN_004835b8,,,0,stub
0x00483628,FUN_00483628,,,0,stub
0x00483718,FUN_00483718,,,0,stub
0x00483780,FUN_00483780,,,0,stub
0x004837d0,FUN_004837d0,,,0,stub
0x00483810,FUN_00483810,,,0,stub
0x004839c0,FUN_004839c0,,,0,stub
0x00483a50,FUN_00483a50,,,0,stub
0x00483b60,FUN_00483b60,,,0,stub
0x00483d10,FUN_00483d10,,,0,stub
0x00483d88,FUN_00483d88,,,0,stub
0x00483e80,FUN_00483e80,,,0,stub
0x00483ed8,FUN_00483ed8,,,0,stub
0x00483f38,FUN_00483f38,,,0,stub
0x00483fc8,FUN_00483fc8,,,0,stub
0x00483fe0,FUN_00483fe0,,,0,stub
0x00483ff8,FUN_00483ff8,,,0,stub
0x00484010,FUN_00484010,,,0,stub
0x00484028,FUN_00484028,,,0,stub
0x00484040,FUN_00484040,,,0,stub
0x00484058,FUN_00484058,,,0,stub
0x00484070,FUN_00484070,,,0,stub
0x00484088,FUN_00484088,,,0,stub
0x004840a0,FUN_004840a0,,,0,stub
0x004840b8,FUN_004840b8,,,0,stub
0x004840d0,FUN_004840d0,,,0,stub
0x004840f8,FUN_004840f8,,,0,stub
0x004841a0,FUN_004841a0,,,0,stub
0x004841f0,FUN_004841f0,,,0,stub
0x00484260,FUN_00484260,,,0,stub
0x00484370,FUN_00484370,,,0,stub
0x00484408,FUN_00484408,,,0,stub
0x004844d8,FUN_004844d8,,,0,stub
0x00484668,FUN_00484668,,,0,stub
0x004846a8,FUN_004846a8,,,0,stub
0x004847e0,FUN_004847e0,,,0,stub
0x00484888,FUN_00484888,,,0,stub
0x004848a0,FUN_004848a0,,,0,stub
0x004848b8,FUN_004848b8,,,0,stub
0x004848d0,FUN_004848d0,,,0,stub
0x004848e8,FUN_004848e8,,,0,stub
0x00484900,FUN_00484900,,,0,stub
0x00484918,FUN_00484918,,,0,stub
0x00484930,FUN_00484930,,,0,stub
0x00484970,FUN_00484970,,,0,stub
0x004849f0,FUN_004849f0,,,0,stub
0x00484a30,FUN_00484a30,,,0,stub
0x00484a88,FUN_00484a88,,,0,stub
0x00484b18,FUN_00484b18,,,0,stub
0x00484b80,FUN_00484b80,,,0,stub
0x00484ba8,FUN_00484ba8,,,0,stub
0x004861b8,FUN_004861b8,,,0,stub
0x00488920,FUN_00488920,,,0,stub
0x0048b018,FUN_0048b018,,,0,stub
0x0048b130,FUN_0048b130,,,0,stub
0x0048b270,FUN_0048b270,,,0,stub
0x0048b540,FUN_0048b540,,,0,stub
0x0048b968,FUN_0048b968,,,0,stub
0x0048bb50,FUN_0048bb50,,,0,stub
0x0048bef8,FUN_0048bef8,,,0,stub
0x0048bf30,FUN_0048bf30,,,0,stub
0x0048bfa0,FUN_0048bfa0,,,0,stub
0x0048c020,FUN_0048c020,,,0,stub
0x0048c070,FUN_0048c070,,,0,stub
0x0048c0a8,FUN_0048c0a8,,,0,stub
0x0048c168,FUN_0048c168,,,0,stub
0x0048c288,FUN_0048c288,,,0,stub
0x0048c2e8,FUN_0048c2e8,,,0,stub
0x0048c378,FUN_0048c378,,,0,stub
0x0048c420,FUN_0048c420,,,0,stub
0x0048c4d8,FUN_0048c4d8,,,0,stub
0x0048c5e0,FUN_0048c5e0,,,0,stub
0x0048c870,FUN_0048c870,,,0,stub
0x0048cad8,FUN_0048cad8,,,0,stub
0x0048d310,FUN_0048d310,,,0,stub
0x0048d500,FUN_0048d500,,,0,stub
0x0048d660,FUN_0048d660,,,0,stub
0x004911a0,FUN_004911a0,,,0,stub
0x00491350,FUN_00491350,,,0,stub
0x00491400,FUN_00491400,,,0,stub
0x00491508,FUN_00491508,,,0,stub
0x00491590,FUN_00491590,,,0,stub
0x00491650,FUN_00491650,,,0,stub
0x004916a8,FUN_004916a8,,,0,stub
0x004917d8,FUN_004917d8,,,0,stub
0x00491d20,FUN_00491d20,,,0,stub
0x00491d78,FUN_00491d78,,,0,stub
0x00491ec0,FUN_00491ec0,,,0,stub
0x00492410,FUN_00492410,,,0,stub
0x004936a0,FUN_004936a0,,,0,stub
0x00493748,FUN_00493748,,,0,stub
0x004937b8,FUN_004937b8,,,0,stub
0x00493868,FUN_00493868,,,0,stub
0x00493900,FUN_00493900,,,0,stub
0x004939a8,FUN_004939a8,,,0,stub
0x00493a10,FUN_00493a10,,,0,stub
0x00493aa8,FUN_00493aa8,,,0,stub
0x00493b20,FUN_00493b20,,,0,stub
0x00493b48,FUN_00493b48,,,0,stub
0x00493b98,FUN_00493b98,,,0,stub
0x00493bd0,FUN_00493bd0,,,0,stub
0x00493c78,FUN_00493c78,,,0,stub
0x00493d40,FUN_00493d40,,,0,stub
0x00493dd0,FUN_00493dd0,,,0,stub
0x00493eb8,FUN_00493eb8,,,0,stub
0x00493fa0,FUN_00493fa0,,,0,stub
0x004940a0,FUN_004940a0,,,0,stub
0x004941a8,FUN_004941a8,,,0,stub
0x00494760,FUN_00494760,,,0,stub
0x00494798,FUN_00494798,,,0,stub
0x00494808,FUN_00494808,,,0,stub
0x00494888,FUN_00494888,,,0,stub
0x004948d8,FUN_004948d8,,,0,stub
0x00494910,FUN_00494910,,,0,stub
0x004949c0,FUN_004949c0,,,0,stub
0x00494a80,FUN_00494a80,,,0,stub
0x00494b38,FUN_00494b38,,,0,stub
0x00494c60,FUN_00494c60,,,0,stub
0x00494cc0,FUN_00494cc0,,,0,stub
0x00494d88,FUN_00494d88,,,0,stub
0x00494e68,FUN_00494e68,,,0,stub
0x00495058,FUN_00495058,,,0,stub
0x004950c8,FUN_004950c8,,,0,stub
0x00495168,FUN_00495168,,,0,stub
0x00495210,FUN_00495210,,,0,stub
0x004958e0,FUN_004958e0,,,0,stub
0x00495ba0,FUN_00495ba0,,,0,stub
0x00496190,FUN_00496190,,,0,stub
0x00496280,FUN_00496280,,,0,stub
0x004963a0,FUN_004963a0,,,0,stub
0x00496568,FUN_00496568,,,0,stub
0x00496670,FUN_00496670,,,0,stub
0x00496718,FUN_00496718,,,0,stub
0x00496870,FUN_00496870,,,0,stub
0x00496940,FUN_00496940,,,0,stub
0x00496b08,FUN_00496b08,,,0,stub
0x00496c60,FUN_00496c60,,,0,stub
0x00496d70,FUN_00496d70,,,0,stub
0x00496d98,FUN_00496d98,,,0,stub
0x00496e40,FUN_00496e40,,,0,stub
0x00496f20,FUN_00496f20,,,0,stub
0x00496fa0,FUN_00496fa0,,,0,stub
0x004970d0,FUN_004970d0,,,0,stub
0x00497148,FUN_00497148,,,0,stub
0x00497208,FUN_00497208,,,0,stub
0x00497358,FUN_00497358,,,0,stub
0x004973e0,FUN_004973e0,,,0,stub
0x004975c8,FUN_004975c8,,,0,stub
0x004976b0,FUN_004976b0,,,0,stub
0x00497728,FUN_00497728,,,0,stub
0x004977e0,FUN_004977e0,,,0,stub
0x00497838,FUN_00497838,,,0,stub
0x00497898,FUN_00497898,,,0,stub
0x00497968,FUN_00497968,,,0,stub
0x00497a10,FUN_00497a10,,,0,stub
0x00497b00,FUN_00497b00,,,0,stub
0x004981b0,FUN_004981b0,,,0,stub
0x00498310,FUN_00498310,,,0,stub
0x00498358,FUN_00498358,,,0,stub
0x00498548,FUN_00498548,,,0,stub
0x004988e8,FUN_004988e8,,,0,stub
0x00498990,FUN_00498990,,,0,stub
0x004989f8,FUN_004989f8,,,0,stub
0x00498ac0,FUN_00498ac0,,,0,stub
0x00498bc8,FUN_00498bc8,,,0,stub
0x00498e48,FUN_00498e48,,,0,stub
0x00498e90,FUN_00498e90,,,0,stub
0x00498f68,FUN_00498f68,,,0,stub
0x00498fa0,FUN_00498fa0,,,0,stub
0x00498ff8,FUN_00498ff8,,,0,stub
0x00499030,FUN_00499030,,,0,stub
0x004990b8,FUN_004990b8,,,0,stub
0x00499110,FUN_00499110,,,0,stub
0x00499168,FUN_00499168,,,0,stub
0x004992c8,FUN_004992c8,,,0,stub
0x00499318,FUN_00499318,,,0,stub
0x00499398,FUN_00499398,,,0,stub
0x00499518,FUN_00499518,,,0,stub
0x004995b0,FUN_004995b0,,,0,stub
0x00499640,FUN_00499640,,,0,stub
0x004996a8,FUN_004996a8,,,0,stub
0x00499798,FUN_00499798,,,0,stub
0x00499838,FUN_00499838,,,0,stub
0x00499910,FUN_00499910,,,0,stub
0x00499a60,FUN_00499a60,,,0,stub
0x00499a98,FUN_00499a98,,,0,stub
0x00499ba0,FUN_00499ba0,,,0,stub
0x00499c38,FUN_00499c38,,,0,stub
0x00499ce0,FUN_00499ce0,,,0,stub
0x00499d68,FUN_00499d68,,,0,stub
0x00499da8,FUN_00499da8,,,0,stub
0x00499e60,FUN_00499e60,,,0,stub
0x00499e90,FUN_00499e90,,,0,stub
0x00499f78,FUN_00499f78,,,0,stub
0x00499f90,FUN_00499f90,,,0,stub
0x0049a108,FUN_0049a108,,,0,stub
0x0049a1f8,FUN_0049a1f8,,,0,stub
0x0049a220,FUN_0049a220,,,0,stub
0x0049a240,FUN_0049a240,,,0,stub
0x0049a268,FUN_0049a268,,,0,stub
0x0049a288,FUN_0049a288,,,0,stub
0x0049a2c0,FUN_0049a2c0,,,0,stub
0x0049a2f0,FUN_0049a2f0,,,0,stub
0x0049a3e0,FUN_0049a3e0,,,0,stub
0x0049a410,FUN_0049a410,,,0,stub
0x0049a430,FUN_0049a430,,,0,stub
0x0049a4d8,FUN_0049a4d8,,,0,stub
0x0049a4f8,FUN_0049a4f8,,,0,stub
0x0049a6f0,FUN_0049a6f0,,,0,stub
0x0049a718,FUN_0049a718,,,0,stub
0x0049a738,FUN_0049a738,,,0,stub
0x0049a778,FUN_0049a778,,,0,stub
0x0049a7b8,FUN_0049a7b8,,,0,stub
0x0049a818,FUN_0049a818,,,0,stub
0x0049a848,FUN_0049a848,,,0,stub
0x0049a890,FUN_0049a890,,,0,stub
0x0049a8a8,FUN_0049a8a8,,,0,stub
0x0049a9a8,FUN_0049a9a8,,,0,stub
0x0049aa30,FUN_0049aa30,,,0,stub
0x0049aab0,FUN_0049aab0,,,0,stub
0x0049abe0,FUN_0049abe0,,,0,stub
0x0049ac70,FUN_0049ac70,,,0,stub
0x0049adf8,FUN_0049adf8,,,0,stub
0x0049ae98,FUN_0049ae98,,,0,stub
0x0049aef0,FUN_0049aef0,,,0,stub
0x0049af78,FUN_0049af78,,,0,stub
0x0049aff0,FUN_0049aff0,,,0,stub
0x0049b030,FUN_0049b030,,,0,stub
0x0049b0a8,FUN_0049b0a8,,,0,stub
0x0049b0c0,FUN_0049b0c0,,,0,stub
0x0049b0d8,FUN_0049b0d8,,,0,stub
0x0049b0f0,FUN_0049b0f0,,,0,stub
0x0049b108,FUN_0049b108,,,0,stub
0x0049b188,FUN_0049b188,,,0,stub
0x0049b1f8,FUN_0049b1f8,,,0,stub
0x0049b218,FUN_0049b218,,,0,stub
0x0049b280,FUN_0049b280,,,0,stub
0x0049b2e8,FUN_0049b2e8,,,0,stub
0x0049b330,FUN_0049b330,,,0,stub
0x0049b368,FUN_0049b368,,,0,stub
0x0049b3d8,FUN_0049b3d8,,,0,stub
0x0049b438,FUN_0049b438,,,0,stub
0x0049b478,FUN_0049b478,,,0,stub
0x0049b4c8,FUN_0049b4c8,,,0,stub
0x0049b530,FUN_0049b530,,,0,stub
0x0049b590,FUN_0049b590,,,0,stub
0x0049b5f0,FUN_0049b5f0,,,0,stub
0x0049b670,FUN_0049b670,,,0,stub
0x0049b6c8,FUN_0049b6c8,,,0,stub
0x0049b748,FUN_0049b748,,,0,stub
0x0049b7a0,FUN_0049b7a0,,,0,stub
0x0049b7b8,FUN_0049b7b8,,,0,stub
0x0049b830,FUN_0049b830,,,0,stub
0x0049b888,FUN_0049b888,,,0,stub
0x0049b8a0,FUN_0049b8a0,,,0,stub
0x0049b8b8,FUN_0049b8b8,,,0,stub
0x0049b908,FUN_0049b908,,,0,stub
0x0049b978,FUN_0049b978,,,0,stub
0x0049ba00,FUN_0049ba00,,,0,stub
0x0049ba58,FUN_0049ba58,,,0,stub
0x0049bb40,FUN_0049bb40,,,0,stub
0x0049bbe0,FUN_0049bbe0,,,0,stub
0x0049bc48,FUN_0049bc48,,,0,stub
0x0049bca0,FUN_0049bca0,,,0,stub
0x0049bcd0,FUN_0049bcd0,,,0,stub
0x0049bd78,FUN_0049bd78,,,0,stub
0x0049bd98,FUN_0049bd98,,,0,stub
0x0049bdb8,FUN_0049bdb8,,,0,stub
0x0049be10,FUN_0049be10,,,0,stub
0x0049be60,FUN_0049be60,,,0,stub
0x0049bed0,FUN_0049bed0,,,0,stub
0x0049bff0,FUN_0049bff0,,,0,stub
0x0049c028,FUN_0049c028,,,0,stub
0x0049c080,FUN_0049c080,,,0,stub
0x0049c130,FUN_0049c130,,,0,stub
0x0049c1c8,FUN_0049c1c8,,,0,stub
0x0049c2b8,FUN_0049c2b8,,,0,stub
0x0049c430,FUN_0049c430,,,0,stub
0x0049c478,FUN_0049c478,,,0,stub
0x0049c4a0,FUN_0049c4a0,,,0,stub
0x0049c4b8,FUN_0049c4b8,,,0,stub
0x0049c4d8,FUN_0049c4d8,,,0,stub
0x0049c518,FUN_0049c518,,,0,stub
0x0049c608,FUN_0049c608,,,0,stub
0x0049c6e0,FUN_0049c6e0,,,0,stub
0x0049c728,FUN_0049c728,,,0,stub
0x0049c7a0,FUN_0049c7a0,,,0,stub
0x0049c810,FUN_0049c810,,,0,stub
0x0049c880,FUN_0049c880,,,0,stub
0x0049c8d0,FUN_0049c8d0,,,0,stub
0x0049c8e8,FUN_0049c8e8,,,0,stub
0x0049c900,FUN_0049c900,,,0,stub
0x0049c9a8,FUN_0049c9a8,,,0,stub
0x0049ca50,FUN_0049ca50,,,0,stub
0x0049cb10,FUN_0049cb10,,,0,stub
0x0049cbb8,FUN_0049cbb8,,,0,stub
0x0049cc60,FUN_0049cc60,,,0,stub
0x0049cd08,FUN_0049cd08,,,0,stub
0x0049cdb0,FUN_0049cdb0,,,0,stub
0x0049ce60,FUN_0049ce60,,,0,stub
0x0049cf08,FUN_0049cf08,,,0,stub
0x0049cf38,FUN_0049cf38,,,0,stub
0x0049d200,FUN_0049d200,,,0,stub
0x0049d260,FUN_0049d260,,,0,stub
0x0049d290,FUN_0049d290,,,0,stub
0x0049d310,FUN_0049d310,,,0,stub
0x0049d340,FUN_0049d340,,,0,stub
0x0049d398,FUN_0049d398,,,0,stub
0x0049d3e0,FUN_0049d3e0,,,0,stub
0x0049d530,FUN_0049d530,,,0,stub
0x0049d590,FUN_0049d590,,,0,stub
0x0049d638,FUN_0049d638,,,0,stub
0x0049d698,FUN_0049d698,,,0,stub
0x0049d6b0,FUN_0049d6b0,,,0,stub
0x0049d6e0,FUN_0049d6e0,,,0,stub
0x0049d730,FUN_0049d730,,,0,stub
0x0049d7a8,FUN_0049d7a8,,,0,stub
0x0049d7f8,FUN_0049d7f8,,,0,stub
0x0049d868,FUN_0049d868,,,0,stub
0x0049d908,FUN_0049d908,,,0,stub
0x0049d9a8,FUN_0049d9a8,,,0,stub
0x0049d9c0,FUN_0049d9c0,,,0,stub
0x0049d9d8,FUN_0049d9d8,,,0,stub
0x0049d9f0,FUN_0049d9f0,,,0,stub
0x0049da20,FUN_0049da20,,,0,stub
0x0049da38,FUN_0049da38,,,0,stub
0x0049da50,FUN_0049da50,,,0,stub
0x0049da68,FUN_0049da68,,,0,stub
0x0049db40,FUN_0049db40,,,0,stub
0x0049dbe8,FUN_0049dbe8,,,0,stub
0x0049dc90,FUN_0049dc90,,,0,stub
0x0049dd38,FUN_0049dd38,,,0,stub
0x0049dec0,FUN_0049dec0,,,0,stub
0x0049dfa8,FUN_0049dfa8,,,0,stub
0x0049e040,FUN_0049e040,,,0,stub
0x0049e0e0,FUN_0049e0e0,,,0,stub
0x0049e0f8,FUN_0049e0f8,,,0,stub
0x0049e1c0,FUN_0049e1c0,,,0,stub
0x0049e248,FUN_0049e248,,,0,stub
0x0049e2f0,FUN_0049e2f0,,,0,stub
0x0049e308,FUN_0049e308,,,0,stub
0x0049e320,FUN_0049e320,,,0,stub
0x0049e338,FUN_0049e338,,,0,stub
0x0049e350,FUN_0049e350,,,0,stub
0x0049e368,FUN_0049e368,,,0,stub
0x0049e390,FUN_0049e390,,,0,stub
0x0049e3c0,FUN_0049e3c0,,,0,stub
0x0049e3f0,FUN_0049e3f0,,,0,stub
0x0049e490,FUN_0049e490,,,0,stub
0x0049e4b8,FUN_0049e4b8,,,0,stub
0x0049e4e0,FUN_0049e4e0,,,0,stub
0x0049e570,FUN_0049e570,,,0,stub
0x0049e600,FUN_0049e600,,,0,stub
0x0049e668,FUN_0049e668,,,0,stub
0x0049e6c8,FUN_0049e6c8,,,0,stub
0x0049e730,FUN_0049e730,,,0,stub
0x0049e788,FUN_0049e788,,,0,stub
0x0049e7d0,FUN_0049e7d0,,,0,stub
0x0049e828,FUN_0049e828,,,0,stub
0x0049e880,FUN_0049e880,,,0,stub
0x0049e8e8,FUN_0049e8e8,,,0,stub
0x0049e958,FUN_0049e958,,,0,stub
0x0049e9b8,FUN_0049e9b8,,,0,stub
0x0049ea18,FUN_0049ea18,,,0,stub
0x0049ea80,FUN_0049ea80,,,0,stub
0x0049eba0,FUN_0049eba0,,,0,stub
0x0049ec50,FUN_0049ec50,,,0,stub
0x0049ed18,FUN_0049ed18,,,0,stub
0x0049ed58,FUN_0049ed58,,,0,stub
0x0049ed98,FUN_0049ed98,,,0,stub
0x0049ede0,FUN_0049ede0,,,0,stub
0x0049ee30,FUN_0049ee30,,,0,stub
0x0049ee70,FUN_0049ee70,,,0,stub
0x0049eec0,FUN_0049eec0,,,0,stub
0x0049ef10,FUN_0049ef10,,,0,stub
0x0049ef30,FUN_0049ef30,,,0,stub
0x0049ef50,FUN_0049ef50,,,0,stub
0x0049ef88,FUN_0049ef88,,,0,stub
0x0049efc0,FUN_0049efc0,,,0,stub
0x0049eff8,FUN_0049eff8,,,0,stub
0x0049f0c0,FUN_0049f0c0,,,0,stub
0x0049f0d8,FUN_0049f0d8,,,0,stub
0x0049f130,FUN_0049f130,,,0,stub
0x0049f158,FUN_0049f158,,,0,stub
0x0049f1c0,FUN_0049f1c0,,,0,stub
0x0049f260,FUN_0049f260,,,0,stub
0x0049f288,FUN_0049f288,,,0,stub
0x0049f360,FUN_0049f360,,,0,stub
0x0049f3e8,FUN_0049f3e8,,,0,stub
0x0049f4a8,FUN_0049f4a8,,,0,stub
0x0049f530,FUN_0049f530,,,0,stub
0x0049f5a8,FUN_0049f5a8,,,0,stub
0x0049f610,FUN_0049f610,,,0,stub
0x0049f658,FUN_0049f658,,,0,stub
0x0049f6d8,FUN_0049f6d8,,,0,stub
0x0049f740,FUN_0049f740,,,0,stub
0x0049f760,FUN_0049f760,,,0,stub
0x0049f798,FUN_0049f798,,,0,stub
0x0049f838,FUN_0049f838,,,0,stub
0x0049f890,FUN_0049f890,,,0,stub
0x0049f8c0,FUN_0049f8c0,,,0,stub
0x0049f8f0,FUN_0049f8f0,,,0,stub
0x0049f990,FUN_0049f990,,,0,stub
0x0049fa30,FUN_0049fa30,,,0,stub
0x0049faf0,FUN_0049faf0,,,0,stub
0x0049fb10,FUN_0049fb10,,,0,stub
0x0049fb28,FUN_0049fb28,,,0,stub
0x0049fb50,FUN_0049fb50,,,0,stub
0x0049fb90,FUN_0049fb90,,,0,stub
0x0049fbe0,FUN_0049fbe0,,,0,stub
0x0049fc20,FUN_0049fc20,,,0,stub
0x0049fc40,FUN_0049fc40,,,0,stub
0x0049fc68,FUN_0049fc68,,,0,stub
0x0049fd08,FUN_0049fd08,,,0,stub
0x0049fda8,FUN_0049fda8,,,0,stub
0x0049fdc8,FUN_0049fdc8,,,0,stub
0x0049fe20,FUN_0049fe20,,,0,stub
0x0049fe60,FUN_0049fe60,,,0,stub
0x0049fe90,FUN_0049fe90,,,0,stub
0x0049ff00,FUN_0049ff00,,,0,stub
0x0049ffb8,FUN_0049ffb8,,,0,stub
0x0049ffe0,FUN_0049ffe0,,,0,stub
0x004a0098,FUN_004a0098,,,0,stub
0x004a0210,FUN_004a0210,,,0,stub
0x004a0250,FUN_004a0250,,,0,stub
0x004a0278,FUN_004a0278,,,0,stub
0x004a0308,FUN_004a0308,,,0,stub
0x004a03b0,FUN_004a03b0,,,0,stub
0x004a0428,FUN_004a0428,,,0,stub
0x004a0458,FUN_004a0458,,,0,stub
0x004a04e0,FUN_004a04e0,,,0,stub
0x004a0598,FUN_004a0598,,,0,stub
0x004a07f8,FUN_004a07f8,,,0,stub
0x004a0880,FUN_004a0880,,,0,stub
0x004a0958,FUN_004a0958,,,0,stub
0x004a0a78,FUN_004a0a78,,,0,stub
0x004a0b80,FUN_004a0b80,,,0,stub
0x004a0bd0,FUN_004a0bd0,,,0,stub
0x004a0c78,FUN_004a0c78,,,0,stub
0x004a0ca0,FUN_004a0ca0,,,0,stub
0x004a0e30,FUN_004a0e30,,,0,stub
0x004a0e78,FUN_004a0e78,,,0,stub
0x004a0e98,FUN_004a0e98,,,0,stub
0x004a0eb0,FUN_004a0eb0,,,0,stub
0x004a0ec8,FUN_004a0ec8,,,0,stub
0x004a0fa0,FUN_004a0fa0,,,0,stub
0x004a0fc8,FUN_004a0fc8,,,0,stub
0x004a1030,FUN_004a1030,,,0,stub
0x004a1188,FUN_004a1188,,,0,stub
0x004a1340,FUN_004a1340,,,0,stub
0x004a13c0,FUN_004a13c0,,,0,stub
0x004a14c0,FUN_004a14c0,,,0,stub
0x004a1568,FUN_004a1568,,,0,stub
0x004a1638,FUN_004a1638,,,0,stub
0x004a1670,FUN_004a1670,,,0,stub
0x004a1690,FUN_004a1690,,,0,stub
0x004a16b8,FUN_004a16b8,,,0,stub
0x004a17a8,FUN_004a17a8,,,0,stub
0x004a17f8,FUN_004a17f8,,,0,stub
0x004a1840,FUN_004a1840,,,0,stub
0x004a18d0,FUN_004a18d0,,,0,stub
0x004a1a10,FUN_004a1a10,,,0,stub
0x004a1aa0,FUN_004a1aa0,,,0,stub
0x004a1b18,FUN_004a1b18,,,0,stub
0x004a1b98,FUN_004a1b98,,,0,stub
0x004a1c08,FUN_004a1c08,,,0,stub
0x004a1c70,FUN_004a1c70,,,0,stub
0x004a1cb0,FUN_004a1cb0,,,0,stub
0x004a1ce0,FUN_004a1ce0,,,0,stub
0x004a1d50,FUN_004a1d50,,,0,stub
0x004a1dc0,FUN_004a1dc0,,,0,stub
0x004a1e10,FUN_004a1e10,,,0,stub
0x004a1e58,FUN_004a1e58,,,0,stub
0x004a1ea0,FUN_004a1ea0,,,0,stub
0x004a1ee8,FUN_004a1ee8,,,0,stub
0x004a1f40,FUN_004a1f40,,,0,stub
0x004a1fd8,FUN_004a1fd8,,,0,stub
0x004a2240,FUN_004a2240,,,0,stub
0x004a2298,FUN_004a2298,,,0,stub
0x004a25c0,FUN_004a25c0,,,0,stub
0x004a2720,FUN_004a2720,,,0,stub
0x004a2888,FUN_004a2888,,,0,stub
0x004a28a0,FUN_004a28a0,,,0,stub
0x004a2980,FUN_004a2980,,,0,stub
0x004a2998,FUN_004a2998,,,0,stub
0x004a29b0,FUN_004a29b0,,,0,stub
0x004a2b08,FUN_004a2b08,,,0,stub
0x004a2b98,FUN_004a2b98,,,0,stub
0x004a2c90,FUN_004a2c90,,,0,stub
0x004a35d8,FUN_004a35d8,,,0,stub
0x004a3600,FUN_004a3600,,,0,stub
0x004a3628,FUN_004a3628,,,0,stub
0x004a3688,FUN_004a3688,,,0,stub
0x004a36a8,FUN_004a36a8,,,0,stub
0x004a36f0,FUN_004a36f0,,,0,stub
0x004a3738,FUN_004a3738,,,0,stub
0x004a37c0,FUN_004a37c0,,,0,stub
0x004a3878,FUN_004a3878,,,0,stub
0x004a3948,FUN_004a3948,,,0,stub
0x004a3aa0,FUN_004a3aa0,,,0,stub
0x004a3b98,FUN_004a3b98,,,0,stub
0x004a3c30,FUN_004a3c30,,,0,stub
0x004a3c90,FUN_004a3c90,,,0,stub
0x004a3d48,FUN_004a3d48,,,0,stub
0x004a3e30,FUN_004a3e30,,,0,stub
0x004a3ec8,FUN_004a3ec8,,,0,stub
0x004a3f80,FUN_004a3f80,,,0,stub
0x004a40d8,FUN_004a40d8,,,0,stub
0x004a4140,FUN_004a4140,,,0,stub
0x004a41c0,FUN_004a41c0,,,0,stub
0x004a4258,FUN_004a4258,,,0,stub
0x004a4330,FUN_004a4330,,,0,stub
0x004a43a8,FUN_004a43a8,,,0,stub
0x004a4460,FUN_004a4460,,,0,stub
0x004a4528,FUN_004a4528,,,0,stub
0x004a4678,FUN_004a4678,,,0,stub
0x004a47e0,FUN_004a47e0,,,0,stub
0x004a4800,FUN_004a4800,,,0,stub
0x004a4840,FUN_004a4840,,,0,stub
0x004a48f8,FUN_004a48f8,,,0,stub
0x004a4950,FUN_004a4950,,,0,stub
0x004a49a8,FUN_004a49a8,,,0,stub
0x004a4a20,FUN_004a4a20,,,0,stub
0x004a4b30,FUN_004a4b30,,,0,stub
0x004a4b98,FUN_004a4b98,,,0,stub
0x004a4be8,FUN_004a4be8,,,0,stub
0x004a4c50,FUN_004a4c50,,,0,stub
0x004a4da8,FUN_004a4da8,,,0,stub
0x004a4e38,FUN_004a4e38,,,0,stub
0x004a4ef0,FUN_004a4ef0,,,0,stub
0x004a4f68,FUN_004a4f68,,,0,stub
0x004a5000,FUN_004a5000,,,0,stub
0x004a5198,FUN_004a5198,,,0,stub
0x004a51d0,FUN_004a51d0,,,0,stub
0x004a5320,FUN_004a5320,,,0,stub
0x004a53f0,FUN_004a53f0,,,0,stub
0x004a5498,FUN_004a5498,,,0,stub
0x004a54c8,FUN_004a54c8,,,0,stub
0x004a5538,FUN_004a5538,,,0,stub
0x004a5578,FUN_004a5578,,,0,stub
0x004a5620,FUN_004a5620,,,0,stub
0x004a5708,FUN_004a5708,,,0,stub
0x004a5780,FUN_004a5780,,,0,stub
0x004a57c0,FUN_004a57c0,,,0,stub
0x004a5818,FUN_004a5818,,,0,stub
0x004a58a8,FUN_004a58a8,,,0,stub
0x004a5958,FUN_004a5958,,,0,stub
0x004a59d0,FUN_004a59d0,,,0,stub
0x004a59f0,FUN_004a59f0,,,0,stub
0x004a5a78,FUN_004a5a78,,,0,stub
0x004a5b48,FUN_004a5b48,,,0,stub
0x004a5bb0,FUN_004a5bb0,,,0,stub
0x004a5bd0,FUN_004a5bd0,,,0,stub
0x004a5d70,FUN_004a5d70,,,0,stub
0x004a5e90,FUN_004a5e90,,,0,stub
0x004a5f18,FUN_004a5f18,,,0,stub
0x004a6078,FUN_004a6078,,,0,stub
0x004a60e8,FUN_004a60e8,,,0,stub
0x004a6260,FUN_004a6260,,,0,stub
0x004a6438,FUN_004a6438,,,0,stub
0x004a64c0,FUN_004a64c0,,,0,stub
0x004a6560,FUN_004a6560,,,0,stub
0x004a6638,FUN_004a6638,,,0,stub
0x004a66e0,FUN_004a66e0,,,0,stub
0x004a6758,FUN_004a6758,,,0,stub
0x004a6880,FUN_004a6880,,,0,stub
0x004a68f8,FUN_004a68f8,,,0,stub
0x004a6980,FUN_004a6980,,,0,stub
0x004a6ad0,FUN_004a6ad0,,,0,stub
0x004a6b20,FUN_004a6b20,,,0,stub
0x004a6b70,FUN_004a6b70,,,0,stub
0x004a6bf8,FUN_004a6bf8,,,0,stub
0x004a6c68,FUN_004a6c68,,,0,stub
0x004a6cc8,FUN_004a6cc8,,,0,stub
0x004a6d28,FUN_004a6d28,,,0,stub
0x004a6df0,FUN_004a6df0,,,0,stub
0x004a6ea0,FUN_004a6ea0,,,0,stub
0x004a6f38,FUN_004a6f38,,,0,stub
0x004a6ff0,FUN_004a6ff0,,,0,stub
0x004a70a8,FUN_004a70a8,,,0,stub
0x004a71e0,FUN_004a71e0,,,0,stub
0x004a7248,FUN_004a7248,,,0,stub
0x004a7280,FUN_004a7280,,,0,stub
0x004a73b0,FUN_004a73b0,,,0,stub
0x004a7450,FUN_004a7450,,,0,stub
0x004a74b0,FUN_004a74b0,,,0,stub
0x004a7790,FUN_004a7790,,,0,stub
0x004a7848,FUN_004a7848,,,0,stub
0x004a78b8,FUN_004a78b8,,,0,stub
0x004a7908,FUN_004a7908,,,0,stub
0x004a79b0,FUN_004a79b0,,,0,stub
0x004a7a90,FUN_004a7a90,,,0,stub
0x004a7b78,FUN_004a7b78,,,0,stub
0x004a7b98,FUN_004a7b98,,,0,stub
0x004a7c30,FUN_004a7c30,,,0,stub
0x004a7ca0,FUN_004a7ca0,,,0,stub
0x004a7cb8,FUN_004a7cb8,,,0,stub
0x004a7d68,FUN_004a7d68,,,0,stub
0x004a7dc8,FUN_004a7dc8,,,0,stub
0x004a7e10,FUN_004a7e10,,,0,stub
0x004a7f20,FUN_004a7f20,,,0,stub
0x004a7fc8,FUN_004a7fc8,,,0,stub
0x004a8058,FUN_004a8058,,,0,stub
0x004a8268,FUN_004a8268,,,0,stub
0x004a8478,FUN_004a8478,,,0,stub
0x004a8500,FUN_004a8500,,,0,stub
0x004a8658,FUN_004a8658,,,0,stub
0x004a87c0,FUN_004a87c0,,,0,stub
0x004a8a18,FUN_004a8a18,,,0,stub
0x004a8a68,FUN_004a8a68,,,0,stub
0x004a8b18,FUN_004a8b18,,,0,stub
0x004a8b68,FUN_004a8b68,,,0,stub
0x004a8c38,FUN_004a8c38,,,0,stub
0x004a8cc8,FUN_004a8cc8,,,0,stub
0x004a8d70,FUN_004a8d70,,,0,stub
0x004a8e30,FUN_004a8e30,,,0,stub
0x004a8e98,FUN_004a8e98,,,0,stub
0x004a8eb0,FUN_004a8eb0,,,0,stub
0x004a8f50,FUN_004a8f50,,,0,stub
0x004a9108,FUN_004a9108,,,0,stub
0x004a91f0,FUN_004a91f0,,,0,stub
0x004a9368,FUN_004a9368,,,0,stub
0x004a9388,FUN_004a9388,,,0,stub
0x004a9450,FUN_004a9450,,,0,stub
0x004a94e0,FUN_004a94e0,,,0,stub
0x004a95c8,FUN_004a95c8,,,0,stub
0x004a9868,FUN_004a9868,,,0,stub
0x004a9910,FUN_004a9910,,,0,stub
0x004a9a60,FUN_004a9a60,,,0,stub
0x004a9b90,FUN_004a9b90,,,0,stub
0x004a9ce0,FUN_004a9ce0,,,0,stub
0x004a9ea8,FUN_004a9ea8,,,0,stub
0x004a9ff8,FUN_004a9ff8,,,0,stub
0x004aa0c0,FUN_004aa0c0,,,0,stub
0x004aa160,FUN_004aa160,,,0,stub
0x004aa1e8,FUN_004aa1e8,,,0,stub
0x004aa378,FUN_004aa378,,,0,stub
0x004aa4c0,FUN_004aa4c0,,,0,stub
0x004aa750,FUN_004aa750,,,0,stub
0x004aaa60,FUN_004aaa60,,,0,stub
0x004aab68,FUN_004aab68,,,0,stub
0x004aac68,FUN_004aac68,,,0,stub
0x004aad40,FUN_004aad40,,,0,stub
0x004aad60,FUN_004aad60,,,0,stub
0x004aaef8,FUN_004aaef8,,,0,stub
0x004ab1b8,FUN_004ab1b8,,,0,stub
0x004ab248,FUN_004ab248,,,0,stub
0x004ab2b8,FUN_004ab2b8,,,0,stub
0x004ab2f8,FUN_004ab2f8,,,0,stub
0x004ab468,FUN_004ab468,,,0,stub
0x004ab4a0,FUN_004ab4a0,,,0,stub
0x004ab678,FUN_004ab678,,,0,stub
0x004ab6c8,FUN_004ab6c8,,,0,stub
0x004ab760,FUN_004ab760,,,0,stub
0x004ab7d0,FUN_004ab7d0,,,0,stub
0x004ab920,FUN_004ab920,,,0,stub
0x004ab9c0,FUN_004ab9c0,,,0,stub
0x004abad8,FUN_004abad8,,,0,stub
0x004abbc0,FUN_004abbc0,,,0,stub
0x004abd68,FUN_004abd68,,,0,stub
0x004abe60,FUN_004abe60,,,0,stub
0x004abed8,FUN_004abed8,,,0,stub
0x004ac018,FUN_004ac018,,,0,stub
0x004ac158,FUN_004ac158,,,0,stub
0x004ac1d8,FUN_004ac1d8,,,0,stub
0x004ac3d8,FUN_004ac3d8,,,0,stub
0x004ac4d8,FUN_004ac4d8,,,0,stub
0x004ac7f0,FUN_004ac7f0,,,0,stub
0x004ac848,FUN_004ac848,,,0,stub
0x004ac968,FUN_004ac968,,,0,stub
0x004acb90,FUN_004acb90,,,0,stub
0x004acbf8,FUN_004acbf8,,,0,stub
0x004acc98,FUN_004acc98,,,0,stub
0x004acd18,FUN_004acd18,,,0,stub
0x004acd40,FUN_004acd40,,,0,stub
0x004acd68,FUN_004acd68,,,0,stub
0x004acdf0,FUN_004acdf0,,,0,stub
0x004ace18,FUN_004ace18,,,0,stub
0x004ace40,FUN_004ace40,,,0,stub
0x004aceb0,FUN_004aceb0,,,0,stub
0x004acf58,FUN_004acf58,,,0,stub
0x004ad088,FUN_004ad088,,,0,stub
0x004ad1e0,FUN_004ad1e0,,,0,stub
0x004ad390,FUN_004ad390,,,0,stub
0x004ad3f0,FUN_004ad3f0,,,0,stub
0x004ad440,FUN_004ad440,,,0,stub
0x004ad4d0,FUN_004ad4d0,,,0,stub
0x004ad560,FUN_004ad560,,,0,stub
0x004ad5c8,FUN_004ad5c8,,,0,stub
0x004ad5f0,FUN_004ad5f0,,,0,stub
0x004ad648,FUN_004ad648,,,0,stub
0x004ad6b8,FUN_004ad6b8,,,0,stub
0x004ad728,FUN_004ad728,,,0,stub
0x004ad798,FUN_004ad798,,,0,stub
0x004ad7f8,FUN_004ad7f8,,,0,stub
0x004ad840,FUN_004ad840,,,0,stub
0x004ad8a8,FUN_004ad8a8,,,0,stub
0x004ad900,FUN_004ad900,,,0,stub
0x004ada70,FUN_004ada70,,,0,stub
0x004ada98,FUN_004ada98,,,0,stub
0x004adae0,FUN_004adae0,,,0,stub
0x004adba0,FUN_004adba0,,,0,stub
0x004adc50,FUN_004adc50,,,0,stub
0x004adc80,FUN_004adc80,,,0,stub
0x004add28,FUN_004add28,,,0,stub
0x004addb0,FUN_004addb0,,,0,stub
0x004ade40,FUN_004ade40,,,0,stub
0x004adee0,FUN_004adee0,,,0,stub
0x004adf58,FUN_004adf58,,,0,stub
0x004adfc0,FUN_004adfc0,,,0,stub
0x004ae070,FUN_004ae070,,,0,stub
0x004ae1f0,FUN_004ae1f0,,,0,stub
0x004ae2d0,FUN_004ae2d0,,,0,stub
0x004ae370,FUN_004ae370,,,0,stub
0x004ae428,FUN_004ae428,,,0,stub
0x004ae4a8,FUN_004ae4a8,,,0,stub
0x004ae518,FUN_004ae518,,,0,stub
0x004ae588,FUN_004ae588,,,0,stub
0x004ae650,FUN_004ae650,,,0,stub
0x004ae6a8,FUN_004ae6a8,,,0,stub
0x004ae738,FUN_004ae738,,,0,stub
0x004ae770,FUN_004ae770,,,0,stub
0x004ae830,FUN_004ae830,,,0,stub
0x004ae928,FUN_004ae928,,,0,stub
0x004aeb18,FUN_004aeb18,,,0,stub
0x004aeb80,FUN_004aeb80,,,0,stub
0x004aebd8,FUN_004aebd8,,,0,stub
0x004aec38,FUN_004aec38,,,0,stub
0x004aeca0,FUN_004aeca0,,,0,stub
0x004aed08,FUN_004aed08,,,0,stub
0x004aed20,FUN_004aed20,,,0,stub
0x004aedc0,FUN_004aedc0,,,0,stub
0x004aee78,FUN_004aee78,,,0,stub
0x004aeea0,FUN_004aeea0,,,0,stub
0x004aeef8,FUN_004aeef8,,,0,stub
0x004aef88,FUN_004aef88,,,0,stub
0x004aefe8,FUN_004aefe8,,,0,stub
0x004af1b0,FUN_004af1b0,,,0,stub
0x004af308,FUN_004af308,,,0,stub
0x004af328,FUN_004af328,,,0,stub
0x004af3a8,FUN_004af3a8,,,0,stub
0x004af418,FUN_004af418,,,0,stub
0x004af490,FUN_004af490,,,0,stub
0x004af518,FUN_004af518,,,0,stub
0x004af590,FUN_004af590,,,0,stub
0x004af718,FUN_004af718,,,0,stub
0x004af8b0,FUN_004af8b0,,,0,stub
0x004af8f8,FUN_004af8f8,,,0,stub
0x004af968,FUN_004af968,,,0,stub
0x004afa20,FUN_004afa20,,,0,stub
0x004afa78,FUN_004afa78,,,0,stub
0x004afad8,FUN_004afad8,,,0,stub
0x004afbf0,FUN_004afbf0,,,0,stub
0x004afc38,FUN_004afc38,,,0,stub
0x004afda0,FUN_004afda0,,,0,stub
0x004afe20,FUN_004afe20,,,0,stub
0x004afea0,FUN_004afea0,,,0,stub
0x004afec0,FUN_004afec0,,,0,stub
0x004aff30,FUN_004aff30,,,0,stub
0x004affa0,FUN_004affa0,,,0,stub
0x004b0040,FUN_004b0040,,,0,stub
0x004b0098,FUN_004b0098,,,0,stub
0x004b0140,FUN_004b0140,,,0,stub
0x004b01d8,FUN_004b01d8,,,0,stub
0x004b02d0,FUN_004b02d0,,,0,stub
0x004b0340,FUN_004b0340,,,0,stub
0x004b03c8,FUN_004b03c8,,,0,stub
0x004b0438,FUN_004b0438,,,0,stub
0x004b0498,FUN_004b0498,,,0,stub
0x004b05d0,FUN_004b05d0,,,0,stub
0x004b0658,FUN_004b0658,,,0,stub
0x004b06b0,FUN_004b06b0,,,0,stub
0x004b0768,FUN_004b0768,,,0,stub
0x004b07d8,FUN_004b07d8,,,0,stub
0x004b0828,FUN_004b0828,,,0,stub
0x004b0878,FUN_004b0878,,,0,stub
0x004b0900,FUN_004b0900,,,0,stub
0x004b09b0,FUN_004b09b0,,,0,stub
0x004b0a88,FUN_004b0a88,,,0,stub
0x004b0b60,FUN_004b0b60,,,0,stub
0x004b0c68,FUN_004b0c68,,,0,stub
0x004b0d18,FUN_004b0d18,,,0,stub
0x004b0dc8,FUN_004b0dc8,,,0,stub
0x004b0fc8,FUN_004b0fc8,,,0,stub
0x004b1110,FUN_004b1110,,,0,stub
0x004b1178,FUN_004b1178,,,0,stub
0x004b11c8,FUN_004b11c8,,,0,stub
0x004b1298,FUN_004b1298,,,0,stub
0x004b12e0,FUN_004b12e0,,,0,stub
0x004b1378,FUN_004b1378,,,0,stub
0x004b13b8,FUN_004b13b8,,,0,stub
0x004b1438,FUN_004b1438,,,0,stub
0x004b1488,FUN_004b1488,,,0,stub
0x004b1510,FUN_004b1510,,,0,stub
0x004b1638,FUN_004b1638,,,0,stub
0x004b1718,FUN_004b1718,,,0,stub
0x004b1828,FUN_004b1828,,,0,stub
0x004b1870,FUN_004b1870,,,0,stub
0x004b18d0,FUN_004b18d0,,,0,stub
0x004b18f0,FUN_004b18f0,,,0,stub
0x004b1a38,FUN_004b1a38,,,0,stub
0x004b1a98,FUN_004b1a98,,,0,stub
0x004b1af0,FUN_004b1af0,,,0,stub
0x004b1b80,FUN_004b1b80,,,0,stub
0x004b1c40,FUN_004b1c40,,,0,stub
0x004b1ca8,FUN_004b1ca8,,,0,stub
0x004b1d38,FUN_004b1d38,,,0,stub
0x004b1e48,FUN_004b1e48,,,0,stub
0x004b1e80,FUN_004b1e80,,,0,stub
0x004b1eb8,FUN_004b1eb8,,,0,stub
0x004b2080,FUN_004b2080,,,0,stub
0x004b20e0,FUN_004b20e0,,,0,stub
0x004b2128,FUN_004b2128,,,0,stub
0x004b21a0,FUN_004b21a0,,,0,stub
0x004b2218,FUN_004b2218,,,0,stub
0x004b22e0,FUN_004b22e0,,,0,stub
0x004b2318,FUN_004b2318,,,0,stub
0x004b23a0,FUN_004b23a0,,,0,stub
0x004b2468,FUN_004b2468,,,0,stub
0x004b25b8,FUN_004b25b8,,,0,stub
0x004b2720,FUN_004b2720,,,0,stub
0x004b2828,FUN_004b2828,,,0,stub
0x004b28c0,FUN_004b28c0,,,0,stub
0x004b28d8,FUN_004b28d8,,,0,stub
0x004b2958,FUN_004b2958,,,0,stub
0x004b2a58,FUN_004b2a58,,,0,stub
0x004b2b78,FUN_004b2b78,,,0,stub
0x004b2c68,FUN_004b2c68,,,0,stub
0x004b2ec0,FUN_004b2ec0,,,0,stub
0x004b3028,FUN_004b3028,,,0,stub
0x004b31d0,FUN_004b31d0,,,0,stub
0x004b3228,FUN_004b3228,,,0,stub
0x004b3690,FUN_004b3690,,,0,stub
0x004b36f0,FUN_004b36f0,,,0,stub
0x004b37b8,FUN_004b37b8,,,0,stub
0x004b3918,FUN_004b3918,,,0,stub
0x004b3b60,FUN_004b3b60,,,0,stub
0x004b3c88,FUN_004b3c88,,,0,stub
0x004b3da8,FUN_004b3da8,,,0,stub
0x004b3df0,FUN_004b3df0,,,0,stub
0x004b3e78,FUN_004b3e78,,,0,stub
0x004b3f08,FUN_004b3f08,,,0,stub
0x004b3f38,FUN_004b3f38,,,0,stub
0x004b3fb0,FUN_004b3fb0,,,0,stub
0x004b4018,FUN_004b4018,,,0,stub
0x004b40b0,FUN_004b40b0,,,0,stub
0x004b4108,FUN_004b4108,,,0,stub
0x004b4188,FUN_004b4188,,,0,stub
0x004b41d0,FUN_004b41d0,,,0,stub
0x004b4290,FUN_004b4290,,,0,stub
0x004b4348,FUN_004b4348,,,0,stub
0x004b4390,FUN_004b4390,,,0,stub
0x004b4420,FUN_004b4420,,,0,stub
0x004b4468,FUN_004b4468,,,0,stub
0x004b4530,FUN_004b4530,,,0,stub
0x004b45b0,FUN_004b45b0,,,0,stub
0x004b4610,FUN_004b4610,,,0,stub
0x004b4680,FUN_004b4680,,,0,stub
0x004b4770,FUN_004b4770,,,0,stub
0x004b47e0,FUN_004b47e0,,,0,stub
0x004b48f8,FUN_004b48f8,,,0,stub
0x004b4968,FUN_004b4968,,,0,stub
0x004b49d8,FUN_004b49d8,,,0,stub
0x004b4a68,FUN_004b4a68,,,0,stub
0x004b4ab8,FUN_004b4ab8,,,0,stub
0x004b4b88,FUN_004b4b88,,,0,stub
0x004b4bd0,FUN_004b4bd0,,,0,stub
0x004b4c18,FUN_004b4c18,,,0,stub
0x004b4c60,FUN_004b4c60,,,0,stub
0x004b4ca8,FUN_004b4ca8,,,0,stub
0x004b4d90,FUN_004b4d90,,,0,stub
0x004b4dd8,FUN_004b4dd8,,,0,stub
0x004b4e20,FUN_004b4e20,,,0,stub
0x004b4e68,FUN_004b4e68,,,0,stub
0x004b4eb0,FUN_004b4eb0,,,0,stub
0x004b4f18,FUN_004b4f18,,,0,stub
0x004b4f60,FUN_004b4f60,,,0,stub
0x004b4fa8,FUN_004b4fa8,,,0,stub
0x004b4ff0,FUN_004b4ff0,,,0,stub
0x004b5060,FUN_004b5060,,,0,stub
0x004b50d0,FUN_004b50d0,,,0,stub
0x004b5128,FUN_004b5128,,,0,stub
0x004b5190,FUN_004b5190,,,0,stub
0x004b5210,FUN_004b5210,,,0,stub
0x004b5278,FUN_004b5278,,,0,stub
0x004b52e0,FUN_004b52e0,,,0,stub
0x004b5348,FUN_004b5348,,,0,stub
0x004b53b8,FUN_004b53b8,,,0,stub
0x004b5460,FUN_004b5460,,,0,stub
0x004b54d0,FUN_004b54d0,,,0,stub
0x004b5538,FUN_004b5538,,,0,stub
0x004b55a0,FUN_004b55a0,,,0,stub
0x004b5610,FUN_004b5610,,,0,stub
0x004b5680,FUN_004b5680,,,0,stub
0x004b56e8,FUN_004b56e8,,,0,stub
0x004b5760,FUN_004b5760,,,0,stub
0x004b57d8,FUN_004b57d8,,,0,stub
0x004b58d0,FUN_004b58d0,,,0,stub
0x004b5910,FUN_004b5910,,,0,stub
0x004b5998,FUN_004b5998,,,0,stub
0x004b59f8,FUN_004b59f8,,,0,stub
0x004b5af0,FUN_004b5af0,,,0,stub
0x004b5b30,FUN_004b5b30,,,0,stub
0x004b5b90,FUN_004b5b90,,,0,stub
0x004b5c90,FUN_004b5c90,,,0,stub
0x004b5da8,FUN_004b5da8,,,0,stub
0x004b60d0,FUN_004b60d0,,,0,stub
0x004b6120,FUN_004b6120,,,0,stub
0x004b61d8,FUN_004b61d8,,,0,stub
0x004b6270,FUN_004b6270,,,0,stub
0x004b6388,FUN_004b6388,,,0,stub
0x004b6408,FUN_004b6408,,,0,stub
0x004b6688,FUN_004b6688,,,0,stub
0x004b6760,FUN_004b6760,,,0,stub
0x004b6860,FUN_004b6860,,,0,stub
0x004b68e8,FUN_004b68e8,,,0,stub
0x004b6930,FUN_004b6930,,,0,stub
0x004b6a10,FUN_004b6a10,,,0,stub
0x004b6c00,FUN_004b6c00,,,0,stub
0x004b6c88,FUN_004b6c88,,,0,stub
0x004b6d60,FUN_004b6d60,,,0,stub
0x004b6e20,FUN_004b6e20,,,0,stub
0x004b6ee8,FUN_004b6ee8,,,0,stub
0x004b6f68,FUN_004b6f68,,,0,stub
0x004b70b0,FUN_004b70b0,,,0,stub
0x004b7220,FUN_004b7220,,,0,stub
0x004b7330,FUN_004b7330,,,0,stub
0x004b7558,FUN_004b7558,,,0,stub
0x004b76e8,FUN_004b76e8,,,0,stub
0x004b7878,FUN_004b7878,,,0,stub
0x004b7988,FUN_004b7988,,,0,stub
0x004b79e8,FUN_004b79e8,,,0,stub
0x004b7b60,FUN_004b7b60,,,0,stub
0x004b7c18,FUN_004b7c18,,,0,stub
0x004b7c38,FUN_004b7c38,,,0,stub
0x004b7c58,FUN_004b7c58,,,0,stub
0x004b7d28,FUN_004b7d28,,,0,stub
0x004b7d48,FUN_004b7d48,,,0,stub
0x004b7d68,FUN_004b7d68,,,0,stub
0x004b7d80,FUN_004b7d80,,,0,stub
0x004b7d98,FUN_004b7d98,,,0,stub
0x004b7e00,FUN_004b7e00,,,0,stub
0x004b7e68,FUN_004b7e68,,,0,stub
0x004b7f68,FUN_004b7f68,,,0,stub
0x004b8020,FUN_004b8020,,,0,stub
0x004b8170,FUN_004b8170,,,0,stub
0x004b8278,FUN_004b8278,,,0,stub
0x004b8300,FUN_004b8300,,,0,stub
0x004b83b8,FUN_004b83b8,,,0,stub
0x004b8520,FUN_004b8520,,,0,stub
0x004b85d0,FUN_004b85d0,,,0,stub
0x004b8620,FUN_004b8620,,,0,stub
0x004b86d8,FUN_004b86d8,,,0,stub
0x004b8748,FUN_004b8748,,,0,stub
0x004b8830,FUN_004b8830,,,0,stub
0x004b8848,FUN_004b8848,,,0,stub
0x004b8860,FUN_004b8860,,,0,stub
0x004b8898,FUN_004b8898,,,0,stub
0x004b8990,FUN_004b8990,,,0,stub
0x004b89c0,FUN_004b89c0,,,0,stub
0x004b8a28,FUN_004b8a28,,,0,stub
0x004b8a48,FUN_004b8a48,,,0,stub
0x004b8a68,FUN_004b8a68,,,0,stub
0x004b8ac8,FUN_004b8ac8,,,0,stub
0x004b8ba8,FUN_004b8ba8,,,0,stub
0x004b8bd0,FUN_004b8bd0,,,0,stub
0x004b8ce8,FUN_004b8ce8,,,0,stub
0x004b8df0,FUN_004b8df0,,,0,stub
0x004b8e70,FUN_004b8e70,,,0,stub
0x004b91e0,FUN_004b91e0,,,0,stub
0x004b9230,FUN_004b9230,,,0,stub
0x004b9450,FUN_004b9450,,,0,stub
0x004b94a0,FUN_004b94a0,,,0,stub
0x004b9638,FUN_004b9638,,,0,stub
0x004b9738,FUN_004b9738,,,0,stub
0x004b97b8,FUN_004b97b8,,,0,stub
0x004b9848,FUN_004b9848,,,0,stub
0x004b9968,FUN_004b9968,,,0,stub
0x004b9ce8,FUN_004b9ce8,,,0,stub
0x004b9d70,FUN_004b9d70,,,0,stub
0x004b9e60,FUN_004b9e60,,,0,stub
0x004b9ee0,FUN_004b9ee0,,,0,stub
0x004ba010,FUN_004ba010,,,0,stub
0x004ba0d0,FUN_004ba0d0,,,0,stub
0x004ba220,FUN_004ba220,,,0,stub
0x004ba240,FUN_004ba240,,,0,stub
0x004ba2a0,FUN_004ba2a0,,,0,stub
0x004ba2c0,FUN_004ba2c0,,,0,stub
0x004ba340,FUN_004ba340,,,0,stub
0x004ba3b0,FUN_004ba3b0,,,0,stub
0x004ba3d0,FUN_004ba3d0,,,0,stub
0x004ba460,FUN_004ba460,,,0,stub
0x004ba790,FUN_004ba790,,,0,stub
0x004ba7c0,FUN_004ba7c0,,,0,stub
0x004ba7f0,FUN_004ba7f0,,,0,stub
0x004ba820,FUN_004ba820,,,0,stub
0x004ba840,FUN_004ba840,,,0,stub
0x004ba8c0,FUN_004ba8c0,,,0,stub
0x004baac0,FUN_004baac0,,,0,stub
0x004bab00,FUN_004bab00,,,0,stub
0x004bad00,FUN_004bad00,,,0,stub
0x004bad90,FUN_004bad90,,,0,stub
0x004badd0,FUN_004badd0,,,0,stub
0x004baf90,FUN_004baf90,,,0,stub
0x004baff0,FUN_004baff0,,,0,stub
0x004bb1a0,FUN_004bb1a0,,,0,stub
0x004bb200,FUN_004bb200,,,0,stub
0x004bb240,FUN_004bb240,,,0,stub
0x004bb410,FUN_004bb410,,,0,stub
0x004bb460,FUN_004bb460,,,0,stub
0x004bb590,FUN_004bb590,,,0,stub
0x004bb700,FUN_004bb700,,,0,stub
0x004bb750,FUN_004bb750,,,0,stub
0x004bb800,FUN_004bb800,,,0,stub
0x004bb970,FUN_004bb970,,,0,stub
0x004bb9c0,FUN_004bb9c0,,,0,stub
0x004bba30,FUN_004bba30,,,0,stub
0x004bba70,FUN_004bba70,,,0,stub
0x004bbc50,FUN_004bbc50,,,0,stub
0x004bbca0,FUN_004bbca0,,,0,stub
0x004bbdc0,FUN_004bbdc0,,,0,stub
0x004bbe00,FUN_004bbe00,,,0,stub
0x004bbf80,FUN_004bbf80,,,0,stub
0x004bbfd0,FUN_004bbfd0,,,0,stub
0x004bc0e0,FUN_004bc0e0,,,0,stub
0x004bc260,FUN_004bc260,,,0,stub
0x004bc2c0,FUN_004bc2c0,,,0,stub
0x004bc350,FUN_004bc350,,,0,stub
0x004bc390,FUN_004bc390,,,0,stub
0x004bc500,FUN_004bc500,,,0,stub
0x004bc550,FUN_004bc550,,,0,stub
0x004bc5e0,FUN_004bc5e0,,,0,stub
0x004bc750,FUN_004bc750,,,0,stub
0x004bc7a0,FUN_004bc7a0,,,0,stub
0x004bc880,FUN_004bc880,,,0,stub
0x004bc8c0,FUN_004bc8c0,,,0,stub
0x004bca30,FUN_004bca30,,,0,stub
0x004bcac0,FUN_004bcac0,,,0,stub
0x004bcb00,FUN_004bcb00,,,0,stub
0x004bcc70,FUN_004bcc70,,,0,stub
0x004bccc0,FUN_004bccc0,,,0,stub
0x004bcd50,FUN_004bcd50,,,0,stub
0x004bcd90,FUN_004bcd90,,,0,stub
0x004bcf10,FUN_004bcf10,,,0,stub
0x004bcf60,FUN_004bcf60,,,0,stub
0x004bd080,FUN_004bd080,,,0,stub
0x004bd2a0,FUN_004bd2a0,,,0,stub
0x004bd2f0,FUN_004bd2f0,,,0,stub
0x004bd3c0,FUN_004bd3c0,,,0,stub
0x004bd400,FUN_004bd400,,,0,stub
0x004bd570,FUN_004bd570,,,0,stub
0x004bd5c0,FUN_004bd5c0,,,0,stub
0x004bd780,FUN_004bd780,,,0,stub
0x004bd970,FUN_004bd970,,,0,stub
0x004bd9d0,FUN_004bd9d0,,,0,stub
0x004bdac0,FUN_004bdac0,,,0,stub
0x004bdb00,FUN_004bdb00,,,0,stub
0x004bdc70,FUN_004bdc70,,,0,stub
0x004bdcc0,FUN_004bdcc0,,,0,stub
0x004bdd80,FUN_004bdd80,,,0,stub
0x004bddc0,FUN_004bddc0,,,0,stub
0x004bdfa0,FUN_004bdfa0,,,0,stub
0x004bdff0,FUN_004bdff0,,,0,stub
0x004be120,FUN_004be120,,,0,stub
0x004be2f0,FUN_004be2f0,,,0,stub
0x004be340,FUN_004be340,,,0,stub
0x004be650,FUN_004be650,,,0,stub
0x004be7e0,FUN_004be7e0,,,0,stub
0x004be830,FUN_004be830,,,0,stub
0x004be870,FUN_004be870,,,0,stub
0x004be9f0,FUN_004be9f0,,,0,stub
0x004bea40,FUN_004bea40,,,0,stub
0x004beb50,FUN_004beb50,,,0,stub
0x004becc0,FUN_004becc0,,,0,stub
0x004bed10,FUN_004bed10,,,0,stub
0x004bed80,FUN_004bed80,,,0,stub
0x004bedc0,FUN_004bedc0,,,0,stub
0x004bef30,FUN_004bef30,,,0,stub
0x004bef80,FUN_004bef80,,,0,stub
0x004bf0e0,FUN_004bf0e0,,,0,stub
0x004bf120,FUN_004bf120,,,0,stub
0x004bf2f0,FUN_004bf2f0,,,0,stub
0x004bf340,FUN_004bf340,,,0,stub
0x004bf400,FUN_004bf400,,,0,stub
0x004bf5d0,FUN_004bf5d0,,,0,stub
0x004bf620,FUN_004bf620,,,0,stub
0x004bf720,FUN_004bf720,,,0,stub
0x004bf780,FUN_004bf780,,,0,stub
0x004bf7e0,FUN_004bf7e0,,,0,stub
0x004bf820,FUN_004bf820,,,0,stub
0x004bfa30,FUN_004bfa30,,,0,stub
0x004bfa80,FUN_004bfa80,,,0,stub
0x004bfd50,FUN_004bfd50,,,0,stub
0x004bfd90,FUN_004bfd90,,,0,stub
0x004bff10,FUN_004bff10,,,0,stub
0x004c0000,FUN_004c0000,,,0,stub
0x004c0040,FUN_004c0040,,,0,stub
0x004c01b0,FUN_004c01b0,,,0,stub
0x004c0200,FUN_004c0200,,,0,stub
0x004c02b0,FUN_004c02b0,,,0,stub
0x004c0480,FUN_004c0480,,,0,stub
0x004c04d0,FUN_004c04d0,,,0,stub
0x004c05c0,FUN_004c05c0,,,0,stub
0x004c0730,FUN_004c0730,,,0,stub
0x004c0780,FUN_004c0780,,,0,stub
0x004c07f0,FUN_004c07f0,,,0,stub
0x004c0830,FUN_004c0830,,,0,stub
0x004c09a0,FUN_004c09a0,,,0,stub
0x004c09f0,FUN_004c09f0,,,0,stub
0x004c0a60,FUN_004c0a60,,,0,stub
0x004c0ae0,FUN_004c0ae0,,,0,stub
0x004c0b60,FUN_004c0b60,,,0,stub
0x004c0cf0,FUN_004c0cf0,,,0,stub
0x004c0d40,FUN_004c0d40,,,0,stub
0x004c0d80,FUN_004c0d80,,,0,stub
0x004c0f00,FUN_004c0f00,,,0,stub
0x004c1060,FUN_004c1060,,,0,stub
0x004c11d0,FUN_004c11d0,,,0,stub
0x004c1220,FUN_004c1220,,,0,stub
0x004c12b0,FUN_004c12b0,,,0,stub
0x004c1420,FUN_004c1420,,,0,stub
0x004c1470,FUN_004c1470,,,0,stub
0x004c1520,FUN_004c1520,,,0,stub
0x004c1560,FUN_004c1560,,,0,stub
0x004c16d0,FUN_004c16d0,,,0,stub
0x004c1720,FUN_004c1720,,,0,stub
0x004c1840,FUN_004c1840,,,0,stub
0x004c1880,FUN_004c1880,,,0,stub
0x004c19f0,FUN_004c19f0,,,0,stub
0x004c1a60,FUN_004c1a60,,,0,stub
0x004c1bf0,FUN_004c1bf0,,,0,stub
0x004c1c40,FUN_004c1c40,,,0,stub
0x004c1c80,FUN_004c1c80,,,0,stub
0x004c1e90,FUN_004c1e90,,,0,stub
0x004c1ee0,FUN_004c1ee0,,,0,stub
0x004c1fd0,FUN_004c1fd0,,,0,stub
0x004c2160,FUN_004c2160,,,0,stub
0x004c21b0,FUN_004c21b0,,,0,stub
0x004c2380,FUN_004c2380,,,0,stub
0x004c23d0,FUN_004c23d0,,,0,stub
0x004c2760,FUN_004c2760,,,0,stub
0x004c27c0,FUN_004c27c0,,,0,stub
0x004c29d0,FUN_004c29d0,,,0,stub
0x004c2a20,FUN_004c2a20,,,0,stub
0x004c2bc0,FUN_004c2bc0,,,0,stub
0x004c2c00,FUN_004c2c00,,,0,stub
0x004c2d70,FUN_004c2d70,,,0,stub
0x004c2dc0,FUN_004c2dc0,,,0,stub
0x004c2e50,FUN_004c2e50,,,0,stub
0x004c2ed0,FUN_004c2ed0,,,0,stub
0x004c3090,FUN_004c3090,,,0,stub
0x004c30f0,FUN_004c30f0,,,0,stub
0x004c31b0,FUN_004c31b0,,,0,stub
0x004c32e0,FUN_004c32e0,,,0,stub
0x004c3330,FUN_004c3330,,,0,stub
0x004c3540,FUN_004c3540,,,0,stub
0x004c3580,FUN_004c3580,,,0,stub
0x004c36e0,FUN_004c36e0,,,0,stub
0x004c3730,FUN_004c3730,,,0,stub
0x004c3770,FUN_004c3770,,,0,stub
0x004c38e0,FUN_004c38e0,,,0,stub
0x004c3930,FUN_004c3930,,,0,stub
0x004c39a0,FUN_004c39a0,,,0,stub
0x004c3b10,FUN_004c3b10,,,0,stub
0x004c3b60,FUN_004c3b60,,,0,stub
0x004c3c50,FUN_004c3c50,,,0,stub
0x004c3dc0,FUN_004c3dc0,,,0,stub
0x004c3e10,FUN_004c3e10,,,0,stub
0x004c3eb0,FUN_004c3eb0,,,0,stub
0x004c4070,FUN_004c4070,,,0,stub
0x004c40c0,FUN_004c40c0,,,0,stub
0x004c4190,FUN_004c4190,,,0,stub
0x004c41d0,FUN_004c41d0,,,0,stub
0x004c4340,FUN_004c4340,,,0,stub
0x004c4390,FUN_004c4390,,,0,stub
0x004c4420,FUN_004c4420,,,0,stub
0x004c4460,FUN_004c4460,,,0,stub
0x004c45d0,FUN_004c45d0,,,0,stub
0x004c4620,FUN_004c4620,,,0,stub
0x004c46b0,FUN_004c46b0,,,0,stub
0x004c46f0,FUN_004c46f0,,,0,stub
0x004c4860,FUN_004c4860,,,0,stub
0x004c48b0,FUN_004c48b0,,,0,stub
0x004c4940,FUN_004c4940,,,0,stub
0x004c4980,FUN_004c4980,,,0,stub
0x004c4af0,FUN_004c4af0,,,0,stub
0x004c4b80,FUN_004c4b80,,,0,stub
0x004c4cf0,FUN_004c4cf0,,,0,stub
0x004c4d40,FUN_004c4d40,,,0,stub
0x004c4df0,FUN_004c4df0,,,0,stub
0x004c4f60,FUN_004c4f60,,,0,stub
0x004c4fb0,FUN_004c4fb0,,,0,stub
0x004c5100,FUN_004c5100,,,0,stub
0x004c5150,FUN_004c5150,,,0,stub
0x004c5190,FUN_004c5190,,,0,stub
0x004c5300,FUN_004c5300,,,0,stub
0x004c5350,FUN_004c5350,,,0,stub
0x004c5400,FUN_004c5400,,,0,stub
0x004c5440,FUN_004c5440,,,0,stub
0x004c55b0,FUN_004c55b0,,,0,stub
0x004c5600,FUN_004c5600,,,0,stub
0x004c56d0,FUN_004c56d0,,,0,stub
0x004c5710,FUN_004c5710,,,0,stub
0x004c5880,FUN_004c5880,,,0,stub
0x004c58d0,FUN_004c58d0,,,0,stub
0x004c59b0,FUN_004c59b0,,,0,stub
0x004c59f0,FUN_004c59f0,,,0,stub
0x004c5b60,FUN_004c5b60,,,0,stub
0x004c5bb0,FUN_004c5bb0,,,0,stub
0x004c5c40,FUN_004c5c40,,,0,stub
0x004c5db0,FUN_004c5db0,,,0,stub
0x004c5e00,FUN_004c5e00,,,0,stub
0x004c5f10,FUN_004c5f10,,,0,stub
0x004c5f50,FUN_004c5f50,,,0,stub
0x004c60c0,FUN_004c60c0,,,0,stub
0x004c6110,FUN_004c6110,,,0,stub
0x004c6180,FUN_004c6180,,,0,stub
0x004c61c0,FUN_004c61c0,,,0,stub
0x004c6330,FUN_004c6330,,,0,stub
0x004c63a0,FUN_004c63a0,,,0,stub
0x004c6530,FUN_004c6530,,,0,stub
0x004c6580,FUN_004c6580,,,0,stub
0x004c65c0,FUN_004c65c0,,,0,stub
0x004c6730,FUN_004c6730,,,0,stub
0x004c6780,FUN_004c6780,,,0,stub
0x004c6880,FUN_004c6880,,,0,stub
0x004c68c0,FUN_004c68c0,,,0,stub
0x004c6a30,FUN_004c6a30,,,0,stub
0x004c6a80,FUN_004c6a80,,,0,stub
0x004c6b40,FUN_004c6b40,,,0,stub
0x004c6b80,FUN_004c6b80,,,0,stub
0x004c6d50,FUN_004c6d50,,,0,stub
0x004c6da0,FUN_004c6da0,,,0,stub
0x004c6f50,FUN_004c6f50,,,0,stub
0x004c6f90,FUN_004c6f90,,,0,stub
0x004c7120,FUN_004c7120,,,0,stub
0x004c7170,FUN_004c7170,,,0,stub
0x004c71b0,FUN_004c71b0,,,0,stub
0x004c7340,FUN_004c7340,,,0,stub
0x004c7390,FUN_004c7390,,,0,stub
0x004c73d0,FUN_004c73d0,,,0,stub
0x004c7520,FUN_004c7520,,,0,stub
0x004c75a0,FUN_004c75a0,,,0,stub
0x004c7720,FUN_004c7720,,,0,stub
0x004c7770,FUN_004c7770,,,0,stub
0x004c79e0,FUN_004c79e0,,,0,stub
0x004c7a30,FUN_004c7a30,,,0,stub
0x004c7bc0,FUN_004c7bc0,,,0,stub
0x004c7c10,FUN_004c7c10,,,0,stub
0x004c7da0,FUN_004c7da0,,,0,stub
0x004c7df0,FUN_004c7df0,,,0,stub
0x004c7e30,FUN_004c7e30,,,0,stub
0x004c7fc0,FUN_004c7fc0,,,0,stub
0x004c8100,FUN_004c8100,,,0,stub
0x004c8150,FUN_004c8150,,,0,stub
0x004c81f0,FUN_004c81f0,,,0,stub
0x004c8220,FUN_004c8220,,,0,stub
0x004c8260,FUN_004c8260,,,0,stub
0x004c83d0,FUN_004c83d0,,,0,stub
0x004c8420,FUN_004c8420,,,0,stub
0x004c8490,FUN_004c8490,,,0,stub
0x004c84d0,FUN_004c84d0,,,0,stub
0x004c8640,FUN_004c8640,,,0,stub
0x004c8690,FUN_004c8690,,,0,stub
0x004c8740,FUN_004c8740,,,0,stub
0x004c8790,FUN_004c8790,,,0,stub
0x004c8890,FUN_004c8890,,,0,stub
0x004c88e0,FUN_004c88e0,,,0,stub
0x004c8920,FUN_004c8920,,,0,stub
0x004c89a0,FUN_004c89a0,,,0,stub
0x004c8ad0,FUN_004c8ad0,,,0,stub
0x004c9080,FUN_004c9080,,,0,stub
0x004c9110,FUN_004c9110,,,0,stub
0x004c92e0,FUN_004c92e0,,,0,stub
0x004c9340,FUN_004c9340,,,0,stub
0x004c93b0,FUN_004c93b0,,,0,stub
0x004c9610,FUN_004c9610,,,0,stub
0x004c9680,FUN_004c9680,,,0,stub
0x004c96f0,FUN_004c96f0,,,0,stub
0x004c9730,FUN_004c9730,,,0,stub
0x004c97d0,FUN_004c97d0,,,0,stub
0x004c9810,FUN_004c9810,,,0,stub
0x004c98a0,FUN_004c98a0,,,0,stub
0x004c9970,FUN_004c9970,,,0,stub
0x004c99f0,FUN_004c99f0,,,0,stub
0x004c9a40,FUN_004c9a40,,,0,stub
0x004c9ab0,FUN_004c9ab0,,,0,stub
0x004c9bc0,FUN_004c9bc0,,,0,stub
0x004c9c80,FUN_004c9c80,,,0,stub
0x004c9ce0,FUN_004c9ce0,,,0,stub
0x004c9d20,FUN_004c9d20,,,0,stub
0x004c9d90,FUN_004c9d90,,,0,stub
0x004c9ec0,FUN_004c9ec0,,,0,stub
0x004c9f10,FUN_004c9f10,,,0,stub
0x004ca010,FUN_004ca010,,,0,stub
0x004ca0f0,FUN_004ca0f0,,,0,stub
0x004ca210,FUN_004ca210,,,0,stub
0x004ca2c0,FUN_004ca2c0,,,0,stub
0x004ca350,FUN_004ca350,,,0,stub
0x004ca390,FUN_004ca390,,,0,stub
0x004ca550,FUN_004ca550,,,0,stub
0x004ca6c0,FUN_004ca6c0,,,0,stub
0x004ca800,FUN_004ca800,,,0,stub
0x004cae30,FUN_004cae30,,,0,stub
0x004caf70,FUN_004caf70,,,0,stub
0x004cb120,FUN_004cb120,,,0,stub
0x004cb250,FUN_004cb250,,,0,stub
0x004cb340,FUN_004cb340,,,0,stub
0x004cb4d0,FUN_004cb4d0,,,0,stub
0x004cb6e0,FUN_004cb6e0,,,0,stub
0x004cb7f0,FUN_004cb7f0,,,0,stub
0x004cb910,FUN_004cb910,,,0,stub
0x004cb940,FUN_004cb940,,,0,stub
0x004cb980,FUN_004cb980,,,0,stub
0x004cbb40,FUN_004cbb40,,,0,stub
0x004cbbc0,FUN_004cbbc0,,,0,stub
0x004cbc00,FUN_004cbc00,,,0,stub
0x004cbc40,FUN_004cbc40,,,0,stub
0x004cbd30,FUN_004cbd30,,,0,stub
0x004cbf00,FUN_004cbf00,,,0,stub
0x004cbfa0,FUN_004cbfa0,,,0,stub
0x004cc150,FUN_004cc150,,,0,stub
0x004cc1c0,FUN_004cc1c0,,,0,stub
0x004cc210,FUN_004cc210,,,0,stub
0x004cc8c0,FUN_004cc8c0,,,0,stub
0x004cc950,FUN_004cc950,,,0,stub
0x004cc9b0,FUN_004cc9b0,,,0,stub
0x004ccaa0,FUN_004ccaa0,,,0,stub
0x004ccb90,FUN_004ccb90,,,0,stub
0x004ccc30,FUN_004ccc30,,,0,stub
0x004ccd60,FUN_004ccd60,,,0,stub
0x004cced0,FUN_004cced0,,,0,stub
0x004ccfc0,FUN_004ccfc0,,,0,stub
0x004cd000,FUN_004cd000,,,0,stub
0x004cd0b0,FUN_004cd0b0,,,0,stub
0x004cd0f0,FUN_004cd0f0,,,0,stub
0x004cd130,FUN_004cd130,,,0,stub
0x004cd1b0,FUN_004cd1b0,,,0,stub
0x004cd2e0,FUN_004cd2e0,,,0,stub
0x004cd3d0,FUN_004cd3d0,,,0,stub
0x004cd410,FUN_004cd410,,,0,stub
0x004cd440,FUN_004cd440,,,0,stub
0x004cd4b0,FUN_004cd4b0,,,0,stub
0x004cd670,FUN_004cd670,,,0,stub
0x004cd6e0,FUN_004cd6e0,,,0,stub
0x004cd810,FUN_004cd810,,,0,stub
0x004cdba0,FUN_004cdba0,,,0,stub
0x004cdd00,FUN_004cdd00,,,0,stub
0x004cdd40,FUN_004cdd40,,,0,stub
0x004cde00,FUN_004cde00,,,0,stub
0x004cde30,FUN_004cde30,,,0,stub
0x004cdea0,FUN_004cdea0,,,0,stub
0x004cdf90,FUN_004cdf90,,,0,stub
0x004ce030,FUN_004ce030,,,0,stub
0x004ce0d0,FUN_004ce0d0,,,0,stub
0x004ce310,FUN_004ce310,,,0,stub
0x004ce350,FUN_004ce350,,,0,stub
0x004ce3b0,FUN_004ce3b0,,,0,stub
0x004ce460,FUN_004ce460,,,0,stub
0x004ce520,FUN_004ce520,,,0,stub
0x004ce670,FUN_004ce670,,,0,stub
0x004cea50,FUN_004cea50,,,0,stub
0x004cebc0,FUN_004cebc0,,,0,stub
0x004cec20,FUN_004cec20,,,0,stub
0x004cef20,FUN_004cef20,,,0,stub
0x004cf020,FUN_004cf020,,,0,stub
0x004cf0d0,FUN_004cf0d0,,,0,stub
0x004cf180,FUN_004cf180,,,0,stub
0x004cf270,FUN_004cf270,,,0,stub
0x004cf350,FUN_004cf350,,,0,stub
0x004cf810,FUN_004cf810,,,0,stub
0x004cf960,FUN_004cf960,,,0,stub
0x004cfb10,FUN_004cfb10,,,0,stub
0x004cff20,FUN_004cff20,,,0,stub
0x004d0070,FUN_004d0070,,,0,stub
0x004d0500,FUN_004d0500,,,0,stub
0x004d0530,FUN_004d0530,,,0,stub
0x004d05b0,FUN_004d05b0,,,0,stub
0x004d0630,FUN_004d0630,,,0,stub
0x004d06b0,FUN_004d06b0,,,0,stub
0x004d0710,FUN_004d0710,,,0,stub
0x004d0770,FUN_004d0770,,,0,stub
0x004d07b0,FUN_004d07b0,,,0,stub
0x004d0860,FUN_004d0860,,,0,stub
0x004d0a20,FUN_004d0a20,,,0,stub
0x004d0ab0,FUN_004d0ab0,,,0,stub
0x004d0c70,FUN_004d0c70,,,0,stub
0x004d0cd0,FUN_004d0cd0,,,0,stub
0x004d0d60,FUN_004d0d60,,,0,stub
0x004d0df0,FUN_004d0df0,,,0,stub
0x004d0e50,FUN_004d0e50,,,0,stub
0x004d0e90,FUN_004d0e90,,,0,stub
0x004d0f40,FUN_004d0f40,,,0,stub
0x004d1100,FUN_004d1100,,,0,stub
0x004d1190,FUN_004d1190,,,0,stub
0x004d1350,FUN_004d1350,,,0,stub
0x004d13b0,FUN_004d13b0,,,0,stub
0x004d1440,FUN_004d1440,,,0,stub
0x004d14d0,FUN_004d14d0,,,0,stub
0x004d1530,FUN_004d1530,,,0,stub
0x004d1570,FUN_004d1570,,,0,stub
0x004d1620,FUN_004d1620,,,0,stub
0x004d17e0,FUN_004d17e0,,,0,stub
0x004d1870,FUN_004d1870,,,0,stub
0x004d18b0,FUN_004d18b0,,,0,stub
0x004d1a70,FUN_004d1a70,,,0,stub
0x004d1ad0,FUN_004d1ad0,,,0,stub
0x004d1b60,FUN_004d1b60,,,0,stub
0x004d1bf0,FUN_004d1bf0,,,0,stub
0x004d1c30,FUN_004d1c30,,,0,stub
0x004d1de0,FUN_004d1de0,,,0,stub
0x004d1e30,FUN_004d1e30,,,0,stub
0x004d1ec0,FUN_004d1ec0,,,0,stub
0x004d1f00,FUN_004d1f00,,,0,stub
0x004d20d0,FUN_004d20d0,,,0,stub
0x004d2130,FUN_004d2130,,,0,stub
0x004d21c0,FUN_004d21c0,,,0,stub
0x004d2250,FUN_004d2250,,,0,stub
0x004d2370,FUN_004d2370,,,0,stub
0x004d23e0,FUN_004d23e0,,,0,stub
0x004d2430,FUN_004d2430,,,0,stub
0x004d2560,FUN_004d2560,,,0,stub
0x004d25b0,FUN_004d25b0,,,0,stub
0x004d26f0,FUN_004d26f0,,,0,stub
0x004d27c0,FUN_004d27c0,,,0,stub
0x004d2820,FUN_004d2820,,,0,stub
0x004d2880,FUN_004d2880,,,0,stub
0x004d28e0,FUN_004d28e0,,,0,stub
0x004d2a00,FUN_004d2a00,,,0,stub
0x004d2a50,FUN_004d2a50,,,0,stub
0x004d2bb0,FUN_004d2bb0,,,0,stub
0x004d2c00,FUN_004d2c00,,,0,stub
0x004d2d90,FUN_004d2d90,,,0,stub
0x004d2de0,FUN_004d2de0,,,0,stub
0x004d2f70,FUN_004d2f70,,,0,stub
0x004d2fc0,FUN_004d2fc0,,,0,stub
0x004d3000,FUN_004d3000,,,0,stub
0x004d31b0,FUN_004d31b0,,,0,stub
0x004d3200,FUN_004d3200,,,0,stub
0x004d33e0,FUN_004d33e0,,,0,stub
0x004d3420,FUN_004d3420,,,0,stub
0x004d35d0,FUN_004d35d0,,,0,stub
0x004d3620,FUN_004d3620,,,0,stub
0x004d3740,FUN_004d3740,,,0,stub
0x004d37d0,FUN_004d37d0,,,0,stub
0x004d3810,FUN_004d3810,,,0,stub
0x004d3920,FUN_004d3920,,,0,stub
0x004d3a90,FUN_004d3a90,,,0,stub
0x004d3ae0,FUN_004d3ae0,,,0,stub
0x004d3bf0,FUN_004d3bf0,,,0,stub
0x004d3c30,FUN_004d3c30,,,0,stub
0x004d3da0,FUN_004d3da0,,,0,stub
0x004d3df0,FUN_004d3df0,,,0,stub
0x004d3ed0,FUN_004d3ed0,,,0,stub
0x004d4030,FUN_004d4030,,,0,stub
0x004d4080,FUN_004d4080,,,0,stub
0x004d4130,FUN_004d4130,,,0,stub
0x004d4170,FUN_004d4170,,,0,stub
0x004d4300,FUN_004d4300,,,0,stub
0x004d4350,FUN_004d4350,,,0,stub
0x004d4390,FUN_004d4390,,,0,stub
0x004d44f0,FUN_004d44f0,,,0,stub
0x004d4540,FUN_004d4540,,,0,stub
0x004d4600,FUN_004d4600,,,0,stub
0x004d4660,FUN_004d4660,,,0,stub
0x004d46a0,FUN_004d46a0,,,0,stub
0x004d4750,FUN_004d4750,,,0,stub
0x004d4940,FUN_004d4940,,,0,stub
0x004d4af0,FUN_004d4af0,,,0,stub
0x004d4b80,FUN_004d4b80,,,0,stub
0x004d4d50,FUN_004d4d50,,,0,stub
0x004d4db0,FUN_004d4db0,,,0,stub
0x004d4e40,FUN_004d4e40,,,0,stub
0x004d4ed0,FUN_004d4ed0,,,0,stub
0x004d4f30,FUN_004d4f30,,,0,stub
0x004d4f70,FUN_004d4f70,,,0,stub
0x004d5020,FUN_004d5020,,,0,stub
0x004d51e0,FUN_004d51e0,,,0,stub
0x004d5270,FUN_004d5270,,,0,stub
0x004d5390,FUN_004d5390,,,0,stub
0x004d5400,FUN_004d5400,,,0,stub
0x004d5450,FUN_004d5450,,,0,stub
0x004d54d0,FUN_004d54d0,,,0,stub
0x004d5550,FUN_004d5550,,,0,stub
0x004d55d0,FUN_004d55d0,,,0,stub
0x004d5610,FUN_004d5610,,,0,stub
0x004d5740,FUN_004d5740,,,0,stub
0x004d57c0,FUN_004d57c0,,,0,stub
0x004d5840,FUN_004d5840,,,0,stub
0x004d59b0,FUN_004d59b0,,,0,stub
0x004d5a00,FUN_004d5a00,,,0,stub
0x004d5d00,FUN_004d5d00,,,0,stub
0x004d5d40,FUN_004d5d40,,,0,stub
0x004d5f80,FUN_004d5f80,,,0,stub
0x004d5fd0,FUN_004d5fd0,,,0,stub
0x004d6150,FUN_004d6150,,,0,stub
0x004d62e0,FUN_004d62e0,,,0,stub
0x004d6330,FUN_004d6330,,,0,stub
0x004d6370,FUN_004d6370,,,0,stub
0x004d6570,FUN_004d6570,,,0,stub
0x004d65c0,FUN_004d65c0,,,0,stub
0x004d66f0,FUN_004d66f0,,,0,stub
0x004d6830,FUN_004d6830,,,0,stub
0x004d68a0,FUN_004d68a0,,,0,stub
0x004d6930,FUN_004d6930,,,0,stub
0x004d6990,FUN_004d6990,,,0,stub
0x004d69d0,FUN_004d69d0,,,0,stub
0x004d6a80,FUN_004d6a80,,,0,stub
0x004d6c50,FUN_004d6c50,,,0,stub
0x004d6ce0,FUN_004d6ce0,,,0,stub
0x004d6d20,FUN_004d6d20,,,0,stub
0x004d6ef0,FUN_004d6ef0,,,0,stub
0x004d6f40,FUN_004d6f40,,,0,stub
0x004d6fd0,FUN_004d6fd0,,,0,stub
0x004d7060,FUN_004d7060,,,0,stub
0x004d7190,FUN_004d7190,,,0,stub
0x004d71e0,FUN_004d71e0,,,0,stub
0x004d72c0,FUN_004d72c0,,,0,stub
0x004d7310,FUN_004d7310,,,0,stub
0x004d7350,FUN_004d7350,,,0,stub
0x004d7410,FUN_004d7410,,,0,stub
0x004d7490,FUN_004d7490,,,0,stub
0x004d7510,FUN_004d7510,,,0,stub
0x004d7680,FUN_004d7680,,,0,stub
0x004d76d0,FUN_004d76d0,,,0,stub
0x004d7850,FUN_004d7850,,,0,stub
0x004d79e0,FUN_004d79e0,,,0,stub
0x004d7a30,FUN_004d7a30,,,0,stub
0x004d7a90,FUN_004d7a90,,,0,stub
0x004d7ad0,FUN_004d7ad0,,,0,stub
0x004d7cd0,FUN_004d7cd0,,,0,stub
0x004d7d20,FUN_004d7d20,,,0,stub
0x004d7db0,FUN_004d7db0,,,0,stub
0x004d7e30,FUN_004d7e30,,,0,stub
0x004d8030,FUN_004d8030,,,0,stub
0x004d8080,FUN_004d8080,,,0,stub
0x004d8190,FUN_004d8190,,,0,stub
0x004d81f0,FUN_004d81f0,,,0,stub
0x004d8230,FUN_004d8230,,,0,stub
0x004d82e0,FUN_004d82e0,,,0,stub
0x004d84c0,FUN_004d84c0,,,0,stub
0x004d8570,FUN_004d8570,,,0,stub
0x004d8600,FUN_004d8600,,,0,stub
0x004d8640,FUN_004d8640,,,0,stub
0x004d8810,FUN_004d8810,,,0,stub
0x004d8870,FUN_004d8870,,,0,stub
0x004d8900,FUN_004d8900,,,0,stub
0x004d8990,FUN_004d8990,,,0,stub
0x004d89d0,FUN_004d89d0,,,0,stub
0x004d8b40,FUN_004d8b40,,,0,stub
0x004d8b90,FUN_004d8b90,,,0,stub
0x004d8c70,FUN_004d8c70,,,0,stub
0x004d8cb0,FUN_004d8cb0,,,0,stub
0x004d8d80,FUN_004d8d80,,,0,stub
0x004d8e20,FUN_004d8e20,,,0,stub
0x004d8f90,FUN_004d8f90,,,0,stub
0x004d8ff0,FUN_004d8ff0,,,0,stub
0x004d91b0,FUN_004d91b0,,,0,stub
0x004d9320,FUN_004d9320,,,0,stub
0x004d9370,FUN_004d9370,,,0,stub
0x004d9450,FUN_004d9450,,,0,stub
0x004d9670,FUN_004d9670,,,0,stub
0x004d96c0,FUN_004d96c0,,,0,stub
0x004d9790,FUN_004d9790,,,0,stub
0x004d9920,FUN_004d9920,,,0,stub
0x004d9970,FUN_004d9970,,,0,stub
0x004d99b0,FUN_004d99b0,,,0,stub
0x004d9b60,FUN_004d9b60,,,0,stub
0x004d9bb0,FUN_004d9bb0,,,0,stub
0x004d9c40,FUN_004d9c40,,,0,stub
0x004d9ca0,FUN_004d9ca0,,,0,stub
0x004d9ce0,FUN_004d9ce0,,,0,stub
0x004d9d90,FUN_004d9d90,,,0,stub
0x004d9f40,FUN_004d9f40,,,0,stub
0x004da1b0,FUN_004da1b0,,,0,stub
0x004da210,FUN_004da210,,,0,stub
0x004da340,FUN_004da340,,,0,stub
0x004da510,FUN_004da510,,,0,stub
0x004da550,FUN_004da550,,,0,stub
0x004da780,FUN_004da780,,,0,stub
0x004da7d0,FUN_004da7d0,,,0,stub
0x004da8d0,FUN_004da8d0,,,0,stub
0x004da930,FUN_004da930,,,0,stub
0x004da970,FUN_004da970,,,0,stub
0x004da9f0,FUN_004da9f0,,,0,stub
0x004daaa0,FUN_004daaa0,,,0,stub
0x004dacc0,FUN_004dacc0,,,0,stub
0x004daf30,FUN_004daf30,,,0,stub
0x004dafc0,FUN_004dafc0,,,0,stub
0x004db1d0,FUN_004db1d0,,,0,stub
0x004db230,FUN_004db230,,,0,stub
0x004db2c0,FUN_004db2c0,,,0,stub
0x004db350,FUN_004db350,,,0,stub
0x004db4a0,FUN_004db4a0,,,0,stub
0x004db4f0,FUN_004db4f0,,,0,stub
0x004db530,FUN_004db530,,,0,stub
0x004db6d0,FUN_004db6d0,,,0,stub
0x004db720,FUN_004db720,,,0,stub
0x004db810,FUN_004db810,,,0,stub
0x004db9a0,FUN_004db9a0,,,0,stub
0x004db9f0,FUN_004db9f0,,,0,stub
0x004dba30,FUN_004dba30,,,0,stub
0x004dbbf0,FUN_004dbbf0,,,0,stub
0x004dbc40,FUN_004dbc40,,,0,stub
0x004dbcb0,FUN_004dbcb0,,,0,stub
0x004dbcf0,FUN_004dbcf0,,,0,stub
0x004dbed0,FUN_004dbed0,,,0,stub
0x004dbf20,FUN_004dbf20,,,0,stub
0x004dc050,FUN_004dc050,,,0,stub
0x004dc110,FUN_004dc110,,,0,stub
0x004dc280,FUN_004dc280,,,0,stub
0x004dc2d0,FUN_004dc2d0,,,0,stub
0x004dc3c0,FUN_004dc3c0,,,0,stub
0x004dc400,FUN_004dc400,,,0,stub
0x004dc590,FUN_004dc590,,,0,stub
0x004dc6d0,FUN_004dc6d0,,,0,stub
0x004dc8a0,FUN_004dc8a0,,,0,stub
0x004dc940,FUN_004dc940,,,0,stub
0x004dc990,FUN_004dc990,,,0,stub
0x004dc9d0,FUN_004dc9d0,,,0,stub
0x004dcb80,FUN_004dcb80,,,0,stub
0x004dcbd0,FUN_004dcbd0,,,0,stub
0x004dcc60,FUN_004dcc60,,,0,stub
0x004dce30,FUN_004dce30,,,0,stub
0x004dce90,FUN_004dce90,,,0,stub
0x004dcf20,FUN_004dcf20,,,0,stub
0x004dcfb0,FUN_004dcfb0,,,0,stub
0x004dd160,FUN_004dd160,,,0,stub
0x004dd1b0,FUN_004dd1b0,,,0,stub
0x004dd440,FUN_004dd440,,,0,stub
0x004dd490,FUN_004dd490,,,0,stub
0x004dd620,FUN_004dd620,,,0,stub
0x004dd750,FUN_004dd750,,,0,stub
0x004dd7a0,FUN_004dd7a0,,,0,stub
0x004dd810,FUN_004dd810,,,0,stub
0x004dd870,FUN_004dd870,,,0,stub
0x004dd8b0,FUN_004dd8b0,,,0,stub
0x004dd960,FUN_004dd960,,,0,stub
0x004ddac0,FUN_004ddac0,,,0,stub
0x004ddb90,FUN_004ddb90,,,0,stub
0x004ddbf0,FUN_004ddbf0,,,0,stub
0x004ddc30,FUN_004ddc30,,,0,stub
0x004ddce0,FUN_004ddce0,,,0,stub
0x004ddea0,FUN_004ddea0,,,0,stub
0x004ddf30,FUN_004ddf30,,,0,stub
0x004ddf70,FUN_004ddf70,,,0,stub
0x004de130,FUN_004de130,,,0,stub
0x004de190,FUN_004de190,,,0,stub
0x004de220,FUN_004de220,,,0,stub
0x004de2b0,FUN_004de2b0,,,0,stub
0x004de2f0,FUN_004de2f0,,,0,stub
0x004de480,FUN_004de480,,,0,stub
0x004de4d0,FUN_004de4d0,,,0,stub
0x004de690,FUN_004de690,,,0,stub
0x004de6e0,FUN_004de6e0,,,0,stub
0x004de7c0,FUN_004de7c0,,,0,stub
0x004de800,FUN_004de800,,,0,stub
0x004de950,FUN_004de950,,,0,stub
0x004deb50,FUN_004deb50,,,0,stub
0x004debd0,FUN_004debd0,,,0,stub
0x004ded50,FUN_004ded50,,,0,stub
0x004dedb0,FUN_004dedb0,,,0,stub
0x004df4a0,FUN_004df4a0,,,0,stub
0x004df650,FUN_004df650,,,0,stub
0x004df6a0,FUN_004df6a0,,,0,stub
0x004df730,FUN_004df730,,,0,stub
0x004df780,FUN_004df780,,,0,stub
0x004df7c0,FUN_004df7c0,,,0,stub
0x004df970,FUN_004df970,,,0,stub
0x004df9c0,FUN_004df9c0,,,0,stub
0x004dfa50,FUN_004dfa50,,,0,stub
0x004dfa90,FUN_004dfa90,,,0,stub
0x004dfc60,FUN_004dfc60,,,0,stub
0x004dfcc0,FUN_004dfcc0,,,0,stub
0x004dfd50,FUN_004dfd50,,,0,stub
0x004dfde0,FUN_004dfde0,,,0,stub
0x004dfe40,FUN_004dfe40,,,0,stub
0x004dfea0,FUN_004dfea0,,,0,stub
0x004dffc0,FUN_004dffc0,,,0,stub
0x004e0130,FUN_004e0130,,,0,stub
0x004e0180,FUN_004e0180,,,0,stub
0x004e01c0,FUN_004e01c0,,,0,stub
0x004e0380,FUN_004e0380,,,0,stub
0x004e03d0,FUN_004e03d0,,,0,stub
0x004e0490,FUN_004e0490,,,0,stub
0x004e0650,FUN_004e0650,,,0,stub
0x004e06a0,FUN_004e06a0,,,0,stub
0x004e0780,FUN_004e0780,,,0,stub
0x004e0950,FUN_004e0950,,,0,stub
0x004e09a0,FUN_004e09a0,,,0,stub
0x004e0b30,FUN_004e0b30,,,0,stub
0x004e0b70,FUN_004e0b70,,,0,stub
0x004e0d90,FUN_004e0d90,,,0,stub
0x004e0de0,FUN_004e0de0,,,0,stub
0x004e1320,FUN_004e1320,,,0,stub
0x004e1360,FUN_004e1360,,,0,stub
0x004e14c0,FUN_004e14c0,,,0,stub
0x004e15a0,FUN_004e15a0,,,0,stub
0x004e15e0,FUN_004e15e0,,,0,stub
0x004e1690,FUN_004e1690,,,0,stub
0x004e1860,FUN_004e1860,,,0,stub
0x004e18e0,FUN_004e18e0,,,0,stub
0x004e1970,FUN_004e1970,,,0,stub
0x004e19b0,FUN_004e19b0,,,0,stub
0x004e1b70,FUN_004e1b70,,,0,stub
0x004e1bd0,FUN_004e1bd0,,,0,stub
0x004e1c60,FUN_004e1c60,,,0,stub
0x004e1cf0,FUN_004e1cf0,,,0,stub
0x004e1d50,FUN_004e1d50,,,0,stub
0x004e1d90,FUN_004e1d90,,,0,stub
0x004e1e80,FUN_004e1e80,,,0,stub
0x004e1f00,FUN_004e1f00,,,0,stub
0x004e2070,FUN_004e2070,,,0,stub
0x004e20c0,FUN_004e20c0,,,0,stub
0x004e2400,FUN_004e2400,,,0,stub
0x004e2440,FUN_004e2440,,,0,stub
0x004e25f0,FUN_004e25f0,,,0,stub
0x004e2640,FUN_004e2640,,,0,stub
0x004e26d0,FUN_004e26d0,,,0,stub
0x004e28a0,FUN_004e28a0,,,0,stub
0x004e2900,FUN_004e2900,,,0,stub
0x004e2990,FUN_004e2990,,,0,stub
0x004e2a20,FUN_004e2a20,,,0,stub
0x004e2bb0,FUN_004e2bb0,,,0,stub
0x004e2c00,FUN_004e2c00,,,0,stub
0x004e2c40,FUN_004e2c40,,,0,stub
0x004e2e40,FUN_004e2e40,,,0,stub
0x004e2e90,FUN_004e2e90,,,0,stub
0x004e3140,FUN_004e3140,,,0,stub
0x004e31a0,FUN_004e31a0,,,0,stub
0x004e31e0,FUN_004e31e0,,,0,stub
0x004e33a0,FUN_004e33a0,,,0,stub
0x004e33f0,FUN_004e33f0,,,0,stub
0x004e3500,FUN_004e3500,,,0,stub
0x004e35c0,FUN_004e35c0,,,0,stub
0x004e3730,FUN_004e3730,,,0,stub
0x004e3780,FUN_004e3780,,,0,stub
0x004e3930,FUN_004e3930,,,0,stub
0x004e3aa0,FUN_004e3aa0,,,0,stub
0x004e3af0,FUN_004e3af0,,,0,stub
0x004e3bd0,FUN_004e3bd0,,,0,stub
0x004e3de0,FUN_004e3de0,,,0,stub
0x004e3e30,FUN_004e3e30,,,0,stub
0x004e40d0,FUN_004e40d0,,,0,stub
0x004e4110,FUN_004e4110,,,0,stub
0x004e4270,FUN_004e4270,,,0,stub
0x004e42c0,FUN_004e42c0,,,0,stub
0x004e4380,FUN_004e4380,,,0,stub
0x004e4510,FUN_004e4510,,,0,stub
0x004e4560,FUN_004e4560,,,0,stub
0x004e46f0,FUN_004e46f0,,,0,stub
0x004e4740,FUN_004e4740,,,0,stub
0x004e48d0,FUN_004e48d0,,,0,stub
0x004e4920,FUN_004e4920,,,0,stub
0x004e4960,FUN_004e4960,,,0,stub
0x004e4ae0,FUN_004e4ae0,,,0,stub
0x004e4b30,FUN_004e4b30,,,0,stub
0x004e4cc0,FUN_004e4cc0,,,0,stub
0x004e4d10,FUN_004e4d10,,,0,stub
0x004e4d50,FUN_004e4d50,,,0,stub
0x004e4ed0,FUN_004e4ed0,,,0,stub
0x004e4f20,FUN_004e4f20,,,0,stub
0x004e50b0,FUN_004e50b0,,,0,stub
0x004e5100,FUN_004e5100,,,0,stub
0x004e5140,FUN_004e5140,,,0,stub
0x004e52b0,FUN_004e52b0,,,0,stub
0x004e5300,FUN_004e5300,,,0,stub
0x004e53e0,FUN_004e53e0,,,0,stub
0x004e5550,FUN_004e5550,,,0,stub
0x004e55a0,FUN_004e55a0,,,0,stub
0x004e5680,FUN_004e5680,,,0,stub
0x004e5810,FUN_004e5810,,,0,stub
0x004e5860,FUN_004e5860,,,0,stub
0x004e58a0,FUN_004e58a0,,,0,stub
0x004e5a10,FUN_004e5a10,,,0,stub
0x004e5a60,FUN_004e5a60,,,0,stub
0x004e5b40,FUN_004e5b40,,,0,stub
0x004e5b80,FUN_004e5b80,,,0,stub
0x004e5cf0,FUN_004e5cf0,,,0,stub
0x004e5d40,FUN_004e5d40,,,0,stub
0x004e5e20,FUN_004e5e20,,,0,stub
0x004e5e60,FUN_004e5e60,,,0,stub
0x004e5ff0,FUN_004e5ff0,,,0,stub
0x004e6040,FUN_004e6040,,,0,stub
0x004e6080,FUN_004e6080,,,0,stub
0x004e61f0,FUN_004e61f0,,,0,stub
0x004e6240,FUN_004e6240,,,0,stub
0x004e6320,FUN_004e6320,,,0,stub
0x004e64b0,FUN_004e64b0,,,0,stub
0x004e6500,FUN_004e6500,,,0,stub
0x004e6670,FUN_004e6670,,,0,stub
0x004e66c0,FUN_004e66c0,,,0,stub
0x004e67a0,FUN_004e67a0,,,0,stub
0x004e67e0,FUN_004e67e0,,,0,stub
0x004e6950,FUN_004e6950,,,0,stub
0x004e69a0,FUN_004e69a0,,,0,stub
0x004e6a80,FUN_004e6a80,,,0,stub
0x004e6bf0,FUN_004e6bf0,,,0,stub
0x004e6c40,FUN_004e6c40,,,0,stub
0x004e6d20,FUN_004e6d20,,,0,stub
0x004e6e90,FUN_004e6e90,,,0,stub
0x004e6ee0,FUN_004e6ee0,,,0,stub
0x004e6fc0,FUN_004e6fc0,,,0,stub
0x004e7000,FUN_004e7000,,,0,stub
0x004e7170,FUN_004e7170,,,0,stub
0x004e71c0,FUN_004e71c0,,,0,stub
0x004e72a0,FUN_004e72a0,,,0,stub
0x004e7410,FUN_004e7410,,,0,stub
0x004e7460,FUN_004e7460,,,0,stub
0x004e7540,FUN_004e7540,,,0,stub
0x004e76b0,FUN_004e76b0,,,0,stub
0x004e7700,FUN_004e7700,,,0,stub
0x004e77e0,FUN_004e77e0,,,0,stub
0x004e7970,FUN_004e7970,,,0,stub
0x004e79c0,FUN_004e79c0,,,0,stub
0x004e7a00,FUN_004e7a00,,,0,stub
0x004e7b90,FUN_004e7b90,,,0,stub
0x004e7be0,FUN_004e7be0,,,0,stub
0x004e7c20,FUN_004e7c20,,,0,stub
0x004e7e10,FUN_004e7e10,,,0,stub
0x004e7e60,FUN_004e7e60,,,0,stub
0x004e8030,FUN_004e8030,,,0,stub
0x004e8090,FUN_004e8090,,,0,stub
0x004e80d0,FUN_004e80d0,,,0,stub
0x004e8260,FUN_004e8260,,,0,stub
0x004e83a0,FUN_004e83a0,,,0,stub
0x004e83f0,FUN_004e83f0,,,0,stub
0x004e85f0,FUN_004e85f0,,,0,stub
0x004e8640,FUN_004e8640,,,0,stub
0x004e8710,FUN_004e8710,,,0,stub
0x004e87d0,FUN_004e87d0,,,0,stub
0x004e8830,FUN_004e8830,,,0,stub
0x004e8870,FUN_004e8870,,,0,stub
0x004e8920,FUN_004e8920,,,0,stub
0x004e8ae0,FUN_004e8ae0,,,0,stub
0x004e8b70,FUN_004e8b70,,,0,stub
0x004e8bb0,FUN_004e8bb0,,,0,stub
0x004e8d70,FUN_004e8d70,,,0,stub
0x004e8dd0,FUN_004e8dd0,,,0,stub
0x004e8e60,FUN_004e8e60,,,0,stub
0x004e8ef0,FUN_004e8ef0,,,0,stub
0x004e9070,FUN_004e9070,,,0,stub
0x004e90f0,FUN_004e90f0,,,0,stub
0x004e9140,FUN_004e9140,,,0,stub
0x004e9340,FUN_004e9340,,,0,stub
0x004e9390,FUN_004e9390,,,0,stub
0x004e94a0,FUN_004e94a0,,,0,stub
0x004e9500,FUN_004e9500,,,0,stub
0x004e9540,FUN_004e9540,,,0,stub
0x004e95f0,FUN_004e95f0,,,0,stub
0x004e97b0,FUN_004e97b0,,,0,stub
0x004e9840,FUN_004e9840,,,0,stub
0x004e9880,FUN_004e9880,,,0,stub
0x004e9a40,FUN_004e9a40,,,0,stub
0x004e9aa0,FUN_004e9aa0,,,0,stub
0x004e9b30,FUN_004e9b30,,,0,stub
0x004e9bc0,FUN_004e9bc0,,,0,stub
0x004e9c20,FUN_004e9c20,,,0,stub
0x004e9c80,FUN_004e9c80,,,0,stub
0x004e9ce0,FUN_004e9ce0,,,0,stub
0x004e9d20,FUN_004e9d20,,,0,stub
0x004e9f30,FUN_004e9f30,,,0,stub
0x004ea110,FUN_004ea110,,,0,stub
0x004ea150,FUN_004ea150,,,0,stub
0x004ea310,FUN_004ea310,,,0,stub
0x004ea360,FUN_004ea360,,,0,stub
0x004ea440,FUN_004ea440,,,0,stub
0x004ea630,FUN_004ea630,,,0,stub
0x004ea680,FUN_004ea680,,,0,stub
0x004ea780,FUN_004ea780,,,0,stub
0x004ea7d0,FUN_004ea7d0,,,0,stub
0x004ea810,FUN_004ea810,,,0,stub
0x004eaa30,FUN_004eaa30,,,0,stub
0x004eab70,FUN_004eab70,,,0,stub
0x004eabd0,FUN_004eabd0,,,0,stub
0x004eadd0,FUN_004eadd0,,,0,stub
0x004eae20,FUN_004eae20,,,0,stub
0x004eafb0,FUN_004eafb0,,,0,stub
0x004eb080,FUN_004eb080,,,0,stub
0x004eb220,FUN_004eb220,,,0,stub
0x004eb410,FUN_004eb410,,,0,stub
0x004eb5b0,FUN_004eb5b0,,,0,stub
0x004eb7e0,FUN_004eb7e0,,,0,stub
0x004eb8f0,FUN_004eb8f0,,,0,stub
0x004ebae0,FUN_004ebae0,,,0,stub
0x004ebbb0,FUN_004ebbb0,,,0,stub
0x004ebbf0,FUN_004ebbf0,,,0,stub
0x004ebe50,FUN_004ebe50,,,0,stub
0x004ec0b0,FUN_004ec0b0,,,0,stub
0x004ec3a0,FUN_004ec3a0,,,0,stub
0x004ec3f0,FUN_004ec3f0,,,0,stub
0x004ec460,FUN_004ec460,,,0,stub
0x004ec620,FUN_004ec620,,,0,stub
0x004ec660,FUN_004ec660,,,0,stub
0x004ec810,FUN_004ec810,,,0,stub
0x004ecb20,FUN_004ecb20,,,0,stub
0x004ecbf0,FUN_004ecbf0,,,0,stub
0x004eccf0,FUN_004eccf0,,,0,stub
0x004ece70,FUN_004ece70,,,0,stub
0x004ecec0,FUN_004ecec0,,,0,stub
0x004ed3c0,FUN_004ed3c0,,,0,stub
0x004ed5c0,FUN_004ed5c0,,,0,stub
0x004eddc0,FUN_004eddc0,,,0,stub
0x004ede20,FUN_004ede20,,,0,stub
0x004ee4e0,FUN_004ee4e0,,,0,stub
0x004ee5c0,FUN_004ee5c0,,,0,stub
0x004ee640,FUN_004ee640,,,0,stub
0x004ee6d0,FUN_004ee6d0,,,0,stub
0x004eee20,FUN_004eee20,,,0,stub
0x004eeea0,FUN_004eeea0,,,0,stub
0x004eef10,FUN_004eef10,,,0,stub
0x004eef80,FUN_004eef80,,,0,stub
0x004eeff0,FUN_004eeff0,,,0,stub
0x004ef040,FUN_004ef040,,,0,stub
0x004ef090,FUN_004ef090,,,0,stub
0x004ef170,FUN_004ef170,,,0,stub
0x004ef1d0,FUN_004ef1d0,,,0,stub
0x004ef290,FUN_004ef290,,,0,stub
0x004ef340,FUN_004ef340,,,0,stub
0x004ef390,FUN_004ef390,,,0,stub
0x004ef3f0,FUN_004ef3f0,,,0,stub
0x004ef450,FUN_004ef450,,,0,stub
0x004ef520,FUN_004ef520,,,0,stub
0x004ef5a0,FUN_004ef5a0,,,0,stub
0x004ef6e0,FUN_004ef6e0,,,0,stub
0x004ef7d0,FUN_004ef7d0,,,0,stub
0x004ef830,FUN_004ef830,,,0,stub
0x004efad0,FUN_004efad0,,,0,stub
0x004efbe0,FUN_004efbe0,,,0,stub
0x004efdc0,FUN_004efdc0,,,0,stub
0x004efe30,FUN_004efe30,,,0,stub
0x004efe80,FUN_004efe80,,,0,stub
0x004eff50,FUN_004eff50,,,0,stub
0x004f00b0,FUN_004f00b0,,,0,stub
0x004f0690,FUN_004f0690,,,0,stub
0x004f0710,FUN_004f0710,,,0,stub
0x004f0770,FUN_004f0770,,,0,stub
0x004f07c0,FUN_004f07c0,,,0,stub
0x004f0850,FUN_004f0850,,,0,stub
0x004f08a0,FUN_004f08a0,,,0,stub
0x004f08f0,FUN_004f08f0,,,0,stub
0x004f0980,FUN_004f0980,,,0,stub
0x004f0a00,FUN_004f0a00,,,0,stub
0x004f0a80,FUN_004f0a80,,,0,stub
0x004f0b00,FUN_004f0b00,,,0,stub
0x004f0b80,FUN_004f0b80,,,0,stub
0x004f0c00,FUN_004f0c00,,,0,stub
0x004f0c80,FUN_004f0c80,,,0,stub
0x004f0d10,FUN_004f0d10,,,0,stub
0x004f0da0,FUN_004f0da0,,,0,stub
0x004f0e30,FUN_004f0e30,,,0,stub
0x004f0ec0,FUN_004f0ec0,,,0,stub
0x004f0f60,FUN_004f0f60,,,0,stub
0x004f1000,FUN_004f1000,,,0,stub
0x004f10a0,FUN_004f10a0,,,0,stub
0x004f1140,FUN_004f1140,,,0,stub
0x004f11e0,FUN_004f11e0,,,0,stub
0x004f1280,FUN_004f1280,,,0,stub
0x004f1320,FUN_004f1320,,,0,stub
0x004f13c0,FUN_004f13c0,,,0,stub
0x004f1450,FUN_004f1450,,,0,stub
0x004f1530,FUN_004f1530,,,0,stub
0x004f1610,FUN_004f1610,,,0,stub
0x004f16f0,FUN_004f16f0,,,0,stub
0x004f1770,FUN_004f1770,,,0,stub
0x004f1850,FUN_004f1850,,,0,stub
0x004f1b10,FUN_004f1b10,,,0,stub
0x004f1df0,FUN_004f1df0,,,0,stub
0x004f1e40,FUN_004f1e40,,,0,stub
0x004f1f20,FUN_004f1f20,,,0,stub
0x004f2060,FUN_004f2060,,,0,stub
0x004f2100,FUN_004f2100,,,0,stub
0x004f2210,FUN_004f2210,,,0,stub
0x004f2290,FUN_004f2290,,,0,stub
0x004f2380,FUN_004f2380,,,0,stub
0x004f2420,FUN_004f2420,,,0,stub
0x004f24a0,FUN_004f24a0,,,0,stub
0x004f25a0,FUN_004f25a0,,,0,stub
0x004f2600,FUN_004f2600,,,0,stub
0x004f2690,FUN_004f2690,,,0,stub
0x004f2770,FUN_004f2770,,,0,stub
0x004f2800,FUN_004f2800,,,0,stub
0x004f28b0,FUN_004f28b0,,,0,stub
0x004f2930,FUN_004f2930,,,0,stub
0x004f2a20,FUN_004f2a20,,,0,stub
0x004f2b10,FUN_004f2b10,,,0,stub
0x004f2c50,FUN_004f2c50,,,0,stub
0x004f2cf0,FUN_004f2cf0,,,0,stub
0x004f2e40,FUN_004f2e40,,,0,stub
0x004f3340,FUN_004f3340,,,0,stub
0x004f33e0,FUN_004f33e0,,,0,stub
0x004f35d0,FUN_004f35d0,,,0,stub
0x004f3610,FUN_004f3610,,,0,stub
0x004f3790,FUN_004f3790,,,0,stub
0x004f3890,FUN_004f3890,,,0,stub
0x004f3910,FUN_004f3910,,,0,stub
0x004f3bf0,FUN_004f3bf0,,,0,stub
0x004f3c30,FUN_004f3c30,,,0,stub
0x004f3d10,FUN_004f3d10,,,0,stub
0x004f3db0,FUN_004f3db0,,,0,stub
0x004f3e60,FUN_004f3e60,,,0,stub
0x004f3ed0,FUN_004f3ed0,,,0,stub
0x004f3fd0,FUN_004f3fd0,,,0,stub
0x004f4060,FUN_004f4060,,,0,stub
0x004f4250,FUN_004f4250,,,0,stub
0x004f4430,FUN_004f4430,,,0,stub
0x004f45a0,FUN_004f45a0,,,0,stub
0x004f45e0,FUN_004f45e0,,,0,stub
0x004f4710,FUN_004f4710,,,0,stub
0x004f47b0,FUN_004f47b0,,,0,stub
0x004f4860,FUN_004f4860,,,0,stub
0x004f4920,FUN_004f4920,,,0,stub
0x004f49c0,FUN_004f49c0,,,0,stub
0x004f4a00,FUN_004f4a00,,,0,stub
0x004f4b80,FUN_004f4b80,,,0,stub
0x004f4c00,FUN_004f4c00,,,0,stub
0x004f51b0,FUN_004f51b0,,,0,stub
0x004f54d0,FUN_004f54d0,,,0,stub
0x004f5690,FUN_004f5690,,,0,stub
0x004f5be0,FUN_004f5be0,,,0,stub
0x004f5c60,FUN_004f5c60,,,0,stub
0x004f5da0,FUN_004f5da0,,,0,stub
0x004f5e90,FUN_004f5e90,,,0,stub
0x004f5ee0,FUN_004f5ee0,,,0,stub
0x004f6010,FUN_004f6010,,,0,stub
0x004f60d0,FUN_004f60d0,,,0,stub
0x004f6180,FUN_004f6180,,,0,stub
0x004f61b0,FUN_004f61b0,,,0,stub
0x004f61e0,FUN_004f61e0,,,0,stub
0x004f6210,FUN_004f6210,,,0,stub
0x004f6390,FUN_004f6390,,,0,stub
0x004f6580,FUN_004f6580,,,0,stub
0x004f6710,FUN_004f6710,,,0,stub
0x004f6830,FUN_004f6830,,,0,stub
0x004f6a20,FUN_004f6a20,,,0,stub
0x004f6a80,FUN_004f6a80,,,0,stub
0x004f6b20,FUN_004f6b20,,,0,stub
0x004f6bd0,FUN_004f6bd0,,,0,stub
0x004f6c90,FUN_004f6c90,,,0,stub
0x004f6f90,FUN_004f6f90,,,0,stub
0x004f7150,FUN_004f7150,,,0,stub
0x004f7250,FUN_004f7250,,,0,stub
0x004f74f0,FUN_004f74f0,,,0,stub
0x004f76c0,FUN_004f76c0,,,0,stub
0x004f7710,FUN_004f7710,,,0,stub
0x004f77d0,FUN_004f77d0,,,0,stub
0x004f7830,FUN_004f7830,,,0,stub
0x004f7980,FUN_004f7980,,,0,stub
0x004f79f0,FUN_004f79f0,,,0,stub
0x004f7b80,FUN_004f7b80,,,0,stub
0x004f7c00,FUN_004f7c00,,,0,stub
0x004f7cc0,FUN_004f7cc0,,,0,stub
0x004f7d50,FUN_004f7d50,,,0,stub
0x004f7e20,FUN_004f7e20,,,0,stub
0x004f7eb0,FUN_004f7eb0,,,0,stub
0x004f7f40,FUN_004f7f40,,,0,stub
0x004f7fd0,FUN_004f7fd0,,,0,stub
0x004f8150,FUN_004f8150,,,0,stub
0x004f8230,FUN_004f8230,,,0,stub
0x004f82c0,FUN_004f82c0,,,0,stub
0x004f92e0,FUN_004f92e0,,,0,stub
0x004f9ff0,FUN_004f9ff0,,,0,stub
0x004fa3d0,FUN_004fa3d0,,,0,stub
0x004fa5b0,FUN_004fa5b0,,,0,stub
0x004fa720,FUN_004fa720,,,0,stub
0x004fa820,FUN_004fa820,,,0,stub
0x004fa940,FUN_004fa940,,,0,stub
0x004fab50,FUN_004fab50,,,0,stub
0x004facd0,FUN_004facd0,,,0,stub
0x004fae20,FUN_004fae20,,,0,stub
0x004fc290,FUN_004fc290,,,0,stub
0x004fc360,FUN_004fc360,,,0,stub
0x004fc540,FUN_004fc540,,,0,stub
0x004fc640,FUN_004fc640,,,0,stub
0x004fc6b0,FUN_004fc6b0,,,0,stub
0x004fc7b0,FUN_004fc7b0,,,0,stub
0x004fc930,FUN_004fc930,,,0,stub
0x004fcc70,FUN_004fcc70,,,0,stub
0x004fcca0,FUN_004fcca0,,,0,stub
0x004fccd0,FUN_004fccd0,,,0,stub
0x004fcd80,FUN_004fcd80,,,0,stub
0x004fce30,FUN_004fce30,,,0,stub
0x004fd050,FUN_004fd050,,,0,stub
0x004fd0d0,FUN_004fd0d0,,,0,stub
0x004fd1d0,FUN_004fd1d0,,,0,stub
0x004fd270,FUN_004fd270,,,0,stub
0x004fd2f0,FUN_004fd2f0,,,0,stub
0x004fd470,FUN_004fd470,,,0,stub
0x004fd6d0,FUN_004fd6d0,,,0,stub
0x004fd700,FUN_004fd700,,,0,stub
0x004fd740,FUN_004fd740,,,0,stub
0x004fd7a0,FUN_004fd7a0,,,0,stub
0x004fd810,FUN_004fd810,,,0,stub
0x004fda80,FUN_004fda80,,,0,stub
0x004fdb50,FUN_004fdb50,,,0,stub
0x004fdbf0,FUN_004fdbf0,,,0,stub
0x004fdcc0,FUN_004fdcc0,,,0,stub
0x004fdd20,FUN_004fdd20,,,0,stub
0x004fde20,FUN_004fde20,,,0,stub
0x004fde70,FUN_004fde70,,,0,stub
0x004fdf30,FUN_004fdf30,,,0,stub
0x004fdf60,FUN_004fdf60,,,0,stub
0x004fe0a0,FUN_004fe0a0,,,0,stub
0x004fe150,FUN_004fe150,,,0,stub
0x004fe200,FUN_004fe200,,,0,stub
0x004fe2b0,FUN_004fe2b0,,,0,stub
0x004fe2f0,FUN_004fe2f0,,,0,stub
0x004fe3f0,FUN_004fe3f0,,,0,stub
0x004fe4b0,FUN_004fe4b0,,,0,stub
0x004fe510,FUN_004fe510,,,0,stub
0x004fe760,FUN_004fe760,,,0,stub
0x004fe7e0,FUN_004fe7e0,,,0,stub
0x004fe8e0,FUN_004fe8e0,,,0,stub
0x004fea00,FUN_004fea00,,,0,stub
0x004feb40,FUN_004feb40,,,0,stub
0x004febd0,FUN_004febd0,,,0,stub
0x004fec60,FUN_004fec60,,,0,stub
0x004ff170,FUN_004ff170,,,0,stub
0x004ff3b0,FUN_004ff3b0,,,0,stub
0x004ff600,FUN_004ff600,,,0,stub
0x004ff7d0,FUN_004ff7d0,,,0,stub
0x004ff8c0,FUN_004ff8c0,,,0,stub
0x004ff960,FUN_004ff960,,,0,stub
0x004ffaa0,FUN_004ffaa0,,,0,stub
0x004ffc80,FUN_004ffc80,,,0,stub
0x004ffcc0,FUN_004ffcc0,,,0,stub
0x004ffd70,FUN_004ffd70,,,0,stub
0x004ffdd0,FUN_004ffdd0,,,0,stub
0x00500110,FUN_00500110,,,0,stub
0x00500230,FUN_00500230,,,0,stub
0x00500460,FUN_00500460,,,0,stub
0x00500510,FUN_00500510,,,0,stub
0x005010b0,FUN_005010b0,,,0,stub
0x00501260,FUN_00501260,,,0,stub
0x00501510,FUN_00501510,,,0,stub
0x00501900,FUN_00501900,,,0,stub
0x005019d0,FUN_005019d0,,,0,stub
0x00501a20,FUN_00501a20,,,0,stub
0x00501c70,FUN_00501c70,,,0,stub
0x00501d90,FUN_00501d90,,,0,stub
0x00502160,FUN_00502160,,,0,stub
0x00502370,FUN_00502370,,,0,stub
0x00502500,FUN_00502500,,,0,stub
0x00502530,FUN_00502530,,,0,stub
0x00502690,FUN_00502690,,,0,stub
0x00502790,FUN_00502790,,,0,stub
0x005028a0,FUN_005028a0,,,0,stub
0x00502c30,FUN_00502c30,,,0,stub
0x00502c70,FUN_00502c70,,,0,stub
0x00502d20,FUN_00502d20,,,0,stub
0x00502da0,FUN_00502da0,,,0,stub
0x005032a0,FUN_005032a0,,,0,stub
0x005032e0,FUN_005032e0,,,0,stub
0x00503350,FUN_00503350,,,0,stub
0x005034c0,FUN_005034c0,,,0,stub
0x005035b0,FUN_005035b0,,,0,stub
0x005036b0,FUN_005036b0,,,0,stub
0x00503740,FUN_00503740,,,0,stub
0x00503830,FUN_00503830,,,0,stub
0x005038a0,FUN_005038a0,,,0,stub
0x00503920,FUN_00503920,,,0,stub
0x005039d0,FUN_005039d0,,,0,stub
0x00503a70,FUN_00503a70,,,0,stub
0x00503ab0,FUN_00503ab0,,,0,stub
0x00503af0,FUN_00503af0,,,0,stub
0x00503b50,FUN_00503b50,,,0,stub
0x00503bb0,FUN_00503bb0,,,0,stub
0x00503ca0,FUN_00503ca0,,,0,stub
0x00503db0,FUN_00503db0,,,0,stub
0x00503ec0,FUN_00503ec0,,,0,stub
0x00503f40,FUN_00503f40,,,0,stub
0x00503fb0,FUN_00503fb0,,,0,stub
0x00504040,FUN_00504040,,,0,stub
0x005040d0,FUN_005040d0,,,0,stub
0x00504130,FUN_00504130,,,0,stub
0x00504170,FUN_00504170,,,0,stub
0x00504260,FUN_00504260,,,0,stub
0x00504300,FUN_00504300,,,0,stub
0x00504400,FUN_00504400,,,0,stub
0x00504460,FUN_00504460,,,0,stub
0x00504580,FUN_00504580,,,0,stub
0x00504640,FUN_00504640,,,0,stub
0x005047e0,FUN_005047e0,,,0,stub
0x00504880,FUN_00504880,,,0,stub
0x00504a20,FUN_00504a20,,,0,stub
0x00504b30,FUN_00504b30,,,0,stub
0x00504c60,FUN_00504c60,,,0,stub
0x00504d20,FUN_00504d20,,,0,stub
0x00504dc0,FUN_00504dc0,,,0,stub
0x00504e00,FUN_00504e00,,,0,stub
0x00504eb0,FUN_00504eb0,,,0,stub
0x00504fa0,FUN_00504fa0,,,0,stub
0x00505410,FUN_00505410,,,0,stub
0x005054d0,FUN_005054d0,,,0,stub
0x005057c0,FUN_005057c0,,,0,stub
0x005058d0,FUN_005058d0,,,0,stub
0x00505990,FUN_00505990,,,0,stub
0x00505ac0,FUN_00505ac0,,,0,stub
0x00505b40,FUN_00505b40,,,0,stub
0x00505e10,FUN_00505e10,,,0,stub
0x00505ef0,FUN_00505ef0,,,0,stub
0x00505fe0,FUN_00505fe0,,,0,stub
0x00506110,FUN_00506110,,,0,stub
0x005061c0,FUN_005061c0,,,0,stub
0x00506330,FUN_00506330,,,0,stub
0x00506520,FUN_00506520,,,0,stub
0x005065c0,FUN_005065c0,,,0,stub
0x005066e0,FUN_005066e0,,,0,stub
0x00506730,FUN_00506730,,,0,stub
0x00506770,FUN_00506770,,,0,stub
0x00507560,FUN_00507560,,,0,stub
0x005075d0,FUN_005075d0,,,0,stub
0x00507810,FUN_00507810,,,0,stub
0x00507b50,FUN_00507b50,,,0,stub
0x00507f10,FUN_00507f10,,,0,stub
0x00508210,FUN_00508210,,,0,stub
0x00508240,FUN_00508240,,,0,stub
0x00508290,FUN_00508290,,,0,stub
0x00508350,FUN_00508350,,,0,stub
0x005083c0,FUN_005083c0,,,0,stub
0x00508410,FUN_00508410,,,0,stub
0x00508510,FUN_00508510,,,0,stub
0x005086b0,FUN_005086b0,,,0,stub
0x005086e0,FUN_005086e0,,,0,stub
0x005088c0,FUN_005088c0,,,0,stub
0x00508a00,FUN_00508a00,,,0,stub
0x00508a90,FUN_00508a90,,,0,stub
0x00508bc0,FUN_00508bc0,,,0,stub
0x00508cb0,FUN_00508cb0,,,0,stub
0x00508e40,FUN_00508e40,,,0,stub
0x00508f10,FUN_00508f10,,,0,stub
0x00508f90,FUN_00508f90,,,0,stub
0x005090a0,FUN_005090a0,,,0,stub
0x005091a0,FUN_005091a0,,,0,stub
0x005092a0,FUN_005092a0,,,0,stub
0x005093b0,FUN_005093b0,,,0,stub
0x005094b0,FUN_005094b0,,,0,stub
0x00509640,FUN_00509640,,,0,stub
0x005097b0,FUN_005097b0,,,0,stub
0x005098c0,FUN_005098c0,,,0,stub
0x005099c0,FUN_005099c0,,,0,stub
0x00509b20,FUN_00509b20,,,0,stub
0x00509c60,FUN_00509c60,,,0,stub
0x00509da0,FUN_00509da0,,,0,stub
0x00509ea0,FUN_00509ea0,,,0,stub
0x00509f60,FUN_00509f60,,,0,stub
0x0050a010,FUN_0050a010,,,0,stub
0x0050a0a0,FUN_0050a0a0,,,0,stub
0x0050a110,FUN_0050a110,,,0,stub
0x0050a1e0,FUN_0050a1e0,,,0,stub
0x0050a2e0,FUN_0050a2e0,,,0,stub
0x0050a440,FUN_0050a440,,,0,stub
0x0050a4a0,FUN_0050a4a0,,,0,stub
0x0050a530,FUN_0050a530,,,0,stub
0x0050a740,FUN_0050a740,,,0,stub
0x0050a810,FUN_0050a810,,,0,stub
0x0050b170,FUN_0050b170,,,0,stub
0x0050b270,FUN_0050b270,,,0,stub
0x0050c050,FUN_0050c050,,,0,stub
0x0050c210,FUN_0050c210,,,0,stub
0x0050c320,FUN_0050c320,,,0,stub
0x0050c470,FUN_0050c470,,,0,stub
0x0050c5a0,FUN_0050c5a0,,,0,stub
0x0050c6b0,FUN_0050c6b0,,,0,stub
0x0050c800,FUN_0050c800,,,0,stub
0x0050c930,FUN_0050c930,,,0,stub
0x0050cae0,FUN_0050cae0,,,0,stub
0x0050cec0,FUN_0050cec0,,,0,stub
0x0050d020,FUN_0050d020,,,0,stub
0x0050d090,FUN_0050d090,,,0,stub
0x0050d130,FUN_0050d130,,,0,stub
0x0050d1f0,FUN_0050d1f0,,,0,stub
0x0050d310,FUN_0050d310,,,0,stub
0x0050d340,FUN_0050d340,,,0,stub
0x0050d3d0,FUN_0050d3d0,,,0,stub
0x0050d430,FUN_0050d430,,,0,stub
0x0050d4e0,FUN_0050d4e0,,,0,stub
0x0050d5b0,FUN_0050d5b0,,,0,stub
0x0050d640,FUN_0050d640,,,0,stub
0x0050d7f0,FUN_0050d7f0,,,0,stub
0x0050d890,FUN_0050d890,,,0,stub
0x0050d990,FUN_0050d990,,,0,stub
0x0050da70,FUN_0050da70,,,0,stub
0x0050db60,FUN_0050db60,,,0,stub
0x0050dcb0,FUN_0050dcb0,,,0,stub
0x0050de40,FUN_0050de40,,,0,stub
0x0050df60,FUN_0050df60,,,0,stub
0x0050e040,FUN_0050e040,,,0,stub
0x0050e110,FUN_0050e110,,,0,stub
0x0050e180,FUN_0050e180,,,0,stub
0x0050e290,FUN_0050e290,,,0,stub
0x0050e310,FUN_0050e310,,,0,stub
0x0050e600,FUN_0050e600,,,0,stub
0x0050e720,FUN_0050e720,,,0,stub
0x0050e810,FUN_0050e810,,,0,stub
0x0050e8a0,FUN_0050e8a0,,,0,stub
0x0050e8f0,FUN_0050e8f0,,,0,stub
0x0050e960,FUN_0050e960,,,0,stub
0x0050ea30,FUN_0050ea30,,,0,stub
0x0050eac0,FUN_0050eac0,,,0,stub
0x0050eb00,FUN_0050eb00,,,0,stub
0x0050eb50,FUN_0050eb50,,,0,stub
0x0050eb90,FUN_0050eb90,,,0,stub
0x0050ebd0,FUN_0050ebd0,,,0,stub
0x0050ec40,FUN_0050ec40,,,0,stub
0x0050ee60,FUN_0050ee60,,,0,stub
0x0050ee90,FUN_0050ee90,,,0,stub
0x0050f0f0,FUN_0050f0f0,,,0,stub
0x0050f1c0,FUN_0050f1c0,,,0,stub
0x0050f420,FUN_0050f420,,,0,stub
0x0050f4a0,FUN_0050f4a0,,,0,stub
0x0050f640,FUN_0050f640,,,0,stub
0x0050f710,FUN_0050f710,,,0,stub
0x0050f7f0,FUN_0050f7f0,,,0,stub
0x0050fa30,FUN_0050fa30,,,0,stub
0x0050fb00,FUN_0050fb00,,,0,stub
0x0050fbd0,FUN_0050fbd0,,,0,stub
0x0050fc60,FUN_0050fc60,,,0,stub
0x0050fd50,FUN_0050fd50,,,0,stub
0x0050fea0,FUN_0050fea0,,,0,stub
0x0050ff70,FUN_0050ff70,,,0,stub
0x005101b0,FUN_005101b0,,,0,stub
0x00510280,FUN_00510280,,,0,stub
0x00510490,FUN_00510490,,,0,stub
0x00510560,FUN_00510560,,,0,stub
0x00510590,FUN_00510590,,,0,stub
0x005105f0,FUN_005105f0,,,0,stub
0x00510690,FUN_00510690,,,0,stub
0x005107c0,FUN_005107c0,,,0,stub
0x00510830,FUN_00510830,,,0,stub
0x00510910,FUN_00510910,,,0,stub
0x00510a20,FUN_00510a20,,,0,stub
0x00510ad0,FUN_00510ad0,,,0,stub
0x00510ea0,FUN_00510ea0,,,0,stub
0x00510f40,FUN_00510f40,,,0,stub
0x00510fc0,FUN_00510fc0,,,0,stub
0x00511100,FUN_00511100,,,0,stub
0x00511140,FUN_00511140,,,0,stub
0x005112f0,FUN_005112f0,,,0,stub
0x005113f0,FUN_005113f0,,,0,stub
0x00511480,FUN_00511480,,,0,stub
0x00511540,FUN_00511540,,,0,stub
0x005115f0,FUN_005115f0,,,0,stub
0x00511630,FUN_00511630,,,0,stub
0x00511810,FUN_00511810,,,0,stub
0x00511860,FUN_00511860,,,0,stub
0x00511940,FUN_00511940,,,0,stub
0x00511a30,FUN_00511a30,,,0,stub
0x00511b00,FUN_00511b00,,,0,stub
0x00511bb0,FUN_00511bb0,,,0,stub
0x00511c50,FUN_00511c50,,,0,stub
0x00511d20,FUN_00511d20,,,0,stub
0x00511dc0,FUN_00511dc0,,,0,stub
0x00511e50,FUN_00511e50,,,0,stub
0x00511f20,FUN_00511f20,,,0,stub
0x005120c0,FUN_005120c0,,,0,stub
0x005123d0,FUN_005123d0,,,0,stub
0x00512630,FUN_00512630,,,0,stub
0x005127a0,FUN_005127a0,,,0,stub
0x00512840,FUN_00512840,,,0,stub
0x00512910,FUN_00512910,,,0,stub
0x005129c0,FUN_005129c0,,,0,stub
0x00512ac0,FUN_00512ac0,,,0,stub
0x00512bc0,FUN_00512bc0,,,0,stub
0x00512ca0,FUN_00512ca0,,,0,stub
0x00512e00,FUN_00512e00,,,0,stub
0x00512e70,FUN_00512e70,,,0,stub
0x00512ee0,FUN_00512ee0,,,0,stub
0x00512f40,FUN_00512f40,,,0,stub
0x00512f80,FUN_00512f80,,,0,stub
0x00512fc0,FUN_00512fc0,,,0,stub
0x00513010,FUN_00513010,,,0,stub
0x00513060,FUN_00513060,,,0,stub
0x005130b0,FUN_005130b0,,,0,stub
0x00513110,FUN_00513110,,,0,stub
0x00513160,FUN_00513160,,,0,stub
0x005131b0,FUN_005131b0,,,0,stub
0x00513300,FUN_00513300,,,0,stub
0x005133e0,FUN_005133e0,,,0,stub
0x00513420,FUN_00513420,,,0,stub
0x00513830,FUN_00513830,,,0,stub
0x00513990,FUN_00513990,,,0,stub
0x00513a10,FUN_00513a10,,,0,stub
0x00513a80,FUN_00513a80,,,0,stub
0x00513ae0,FUN_00513ae0,,,0,stub
0x00513b70,FUN_00513b70,,,0,stub
0x00513c60,FUN_00513c60,,,0,stub
0x00513ce0,FUN_00513ce0,,,0,stub
0x00513e80,FUN_00513e80,,,0,stub
0x00514100,FUN_00514100,,,0,stub
0x005141e0,FUN_005141e0,,,0,stub
0x005142e0,FUN_005142e0,,,0,stub
0x00514420,FUN_00514420,,,0,stub
0x005144a0,FUN_005144a0,,,0,stub
0x00514600,FUN_00514600,,,0,stub
0x00514750,FUN_00514750,,,0,stub
0x00514930,FUN_00514930,,,0,stub
0x005149a0,FUN_005149a0,,,0,stub
0x00514a50,FUN_00514a50,,,0,stub
0x00514af0,FUN_00514af0,,,0,stub
0x00514bb0,FUN_00514bb0,,,0,stub
0x00514c50,FUN_00514c50,,,0,stub
0x00514d10,FUN_00514d10,,,0,stub
0x00514d90,FUN_00514d90,,,0,stub
0x00514e00,FUN_00514e00,,,0,stub
0x00514e80,FUN_00514e80,,,0,stub
0x00514fa0,FUN_00514fa0,,,0,stub
0x005150c0,FUN_005150c0,,,0,stub
0x00515140,FUN_00515140,,,0,stub
0x00515200,FUN_00515200,,,0,stub
0x00515290,FUN_00515290,,,0,stub
0x00515350,FUN_00515350,,,0,stub
0x00515410,FUN_00515410,,,0,stub
0x005154d0,FUN_005154d0,,,0,stub
0x00515500,FUN_00515500,,,0,stub
0x00515540,FUN_00515540,,,0,stub
0x00515610,FUN_00515610,,,0,stub
0x00515690,FUN_00515690,,,0,stub
0x005156f0,FUN_005156f0,,,0,stub
0x005157a0,FUN_005157a0,,,0,stub
0x00515800,FUN_00515800,,,0,stub
0x00515880,FUN_00515880,,,0,stub
0x005159f0,FUN_005159f0,,,0,stub
0x00515ae0,FUN_00515ae0,,,0,stub
0x00515b10,FUN_00515b10,,,0,stub
0x00515ba0,FUN_00515ba0,,,0,stub
0x00515c00,FUN_00515c00,,,0,stub
0x00515c60,FUN_00515c60,,,0,stub
0x00515cc0,FUN_00515cc0,,,0,stub
0x00515d20,FUN_00515d20,,,0,stub
0x00515d70,FUN_00515d70,,,0,stub
0x00515e10,FUN_00515e10,,,0,stub
0x00515e60,FUN_00515e60,,,0,stub
0x00515f50,FUN_00515f50,,,0,stub
0x005160b0,FUN_005160b0,,,0,stub
0x005163d0,FUN_005163d0,,,0,stub
0x00516420,FUN_00516420,,,0,stub
0x00516490,FUN_00516490,,,0,stub
0x00516500,FUN_00516500,,,0,stub
0x00516570,FUN_00516570,,,0,stub
0x00516610,FUN_00516610,,,0,stub
0x00516680,FUN_00516680,,,0,stub
0x00516730,FUN_00516730,,,0,stub
0x00516780,FUN_00516780,,,0,stub
0x005167d0,FUN_005167d0,,,0,stub
0x005168f0,FUN_005168f0,,,0,stub
0x00516bc0,FUN_00516bc0,,,0,stub
0x00516e40,FUN_00516e40,,,0,stub
0x00516f10,FUN_00516f10,,,0,stub
0x00516fb0,FUN_00516fb0,,,0,stub
0x005170a0,FUN_005170a0,,,0,stub
0x005172c0,FUN_005172c0,,,0,stub
0x00517360,FUN_00517360,,,0,stub
0x00517430,FUN_00517430,,,0,stub
0x00517460,FUN_00517460,,,0,stub
0x005174a0,FUN_005174a0,,,0,stub
0x005174e0,FUN_005174e0,,,0,stub
0x00517550,FUN_00517550,,,0,stub
0x00517590,FUN_00517590,,,0,stub
0x005175d0,FUN_005175d0,,,0,stub
0x00517680,FUN_00517680,,,0,stub
0x00517860,FUN_00517860,,,0,stub
0x00517a90,FUN_00517a90,,,0,stub
0x00517be0,FUN_00517be0,,,0,stub
0x00517c40,FUN_00517c40,,,0,stub
0x00517c70,FUN_00517c70,,,0,stub
0x00518100,FUN_00518100,,,0,stub
0x005182a0,FUN_005182a0,,,0,stub
0x00518450,FUN_00518450,,,0,stub
0x00518530,FUN_00518530,,,0,stub
0x005185f0,FUN_005185f0,,,0,stub
0x005186b0,FUN_005186b0,,,0,stub
0x00518850,FUN_00518850,,,0,stub
0x005189e0,FUN_005189e0,,,0,stub
0x00518d90,FUN_00518d90,,,0,stub
0x00518e50,FUN_00518e50,,,0,stub
0x00519140,FUN_00519140,,,0,stub
0x005193b0,FUN_005193b0,,,0,stub
0x00519490,FUN_00519490,,,0,stub
0x005195a0,FUN_005195a0,,,0,stub
0x005195f0,FUN_005195f0,,,0,stub
0x00519640,FUN_00519640,,,0,stub
0x00519690,FUN_00519690,,,0,stub
0x005196e0,FUN_005196e0,,,0,stub
0x005197b0,FUN_005197b0,,,0,stub
0x00519990,FUN_00519990,,,0,stub
0x00519b50,FUN_00519b50,,,0,stub
0x00519f10,FUN_00519f10,,,0,stub
0x0051a110,FUN_0051a110,,,0,stub
0x0051a180,FUN_0051a180,,,0,stub
0x0051a1f0,FUN_0051a1f0,,,0,stub
0x0051a260,FUN_0051a260,,,0,stub
0x0051a2d0,FUN_0051a2d0,,,0,stub
0x0051a410,FUN_0051a410,,,0,stub
0x0051a460,FUN_0051a460,,,0,stub
0x0051a620,FUN_0051a620,,,0,stub
0x0051a910,FUN_0051a910,,,0,stub
0x0051aa80,FUN_0051aa80,,,0,stub
0x0051ab00,FUN_0051ab00,,,0,stub
0x0051ac80,FUN_0051ac80,,,0,stub
0x0051ad80,FUN_0051ad80,,,0,stub
0x0051ae30,FUN_0051ae30,,,0,stub
0x0051b100,FUN_0051b100,,,0,stub
0x0051b450,FUN_0051b450,,,0,stub
0x0051b550,FUN_0051b550,,,0,stub
0x0051b710,FUN_0051b710,,,0,stub
0x0051b810,FUN_0051b810,,,0,stub
0x0051b900,FUN_0051b900,,,0,stub
0x0051bb30,FUN_0051bb30,,,0,stub
0x0051be80,FUN_0051be80,,,0,stub
0x0051c100,FUN_0051c100,,,0,stub
0x0051c1e0,FUN_0051c1e0,,,0,stub
0x0051c270,FUN_0051c270,,,0,stub
0x0051c2c0,FUN_0051c2c0,,,0,stub
0x0051c300,FUN_0051c300,,,0,stub
0x0051c370,FUN_0051c370,,,0,stub
0x0051c410,FUN_0051c410,,,0,stub
0x0051c4c0,FUN_0051c4c0,,,0,stub
0x0051c5a0,FUN_0051c5a0,,,0,stub
0x0051c5d0,FUN_0051c5d0,,,0,stub
0x0051c610,FUN_0051c610,,,0,stub
0x0051c6c0,FUN_0051c6c0,,,0,stub
0x0051c780,FUN_0051c780,,,0,stub
0x0051c840,FUN_0051c840,,,0,stub
0x0051c8e0,FUN_0051c8e0,,,0,stub
0x0051c980,FUN_0051c980,,,0,stub
0x0051cbd0,FUN_0051cbd0,,,0,stub
0x0051ccc0,FUN_0051ccc0,,,0,stub
0x0051cd90,FUN_0051cd90,,,0,stub
0x0051ce00,FUN_0051ce00,,,0,stub
0x0051ce70,FUN_0051ce70,,,0,stub
0x0051cf50,FUN_0051cf50,,,0,stub
0x0051cfa0,FUN_0051cfa0,,,0,stub
0x0051d080,FUN_0051d080,,,0,stub
0x0051d160,FUN_0051d160,,,0,stub
0x0051d240,FUN_0051d240,,,0,stub
0x0051d290,FUN_0051d290,,,0,stub
0x0051d330,FUN_0051d330,,,0,stub
0x0051d390,FUN_0051d390,,,0,stub
0x0051d3d0,FUN_0051d3d0,,,0,stub
0x0051d530,FUN_0051d530,,,0,stub
0x0051d560,FUN_0051d560,,,0,stub
0x0051d5a0,FUN_0051d5a0,,,0,stub
0x0051d750,FUN_0051d750,,,0,stub
0x0051d7b0,FUN_0051d7b0,,,0,stub
0x0051d810,FUN_0051d810,,,0,stub
0x0051d8b0,FUN_0051d8b0,,,0,stub
0x0051d960,FUN_0051d960,,,0,stub
0x0051da50,FUN_0051da50,,,0,stub
0x0051dd10,FUN_0051dd10,,,0,stub
0x0051dd40,FUN_0051dd40,,,0,stub
0x0051dda0,FUN_0051dda0,,,0,stub
0x0051de00,FUN_0051de00,,,0,stub
0x0051dea0,FUN_0051dea0,,,0,stub
0x0051df30,FUN_0051df30,,,0,stub
0x0051dff0,FUN_0051dff0,,,0,stub
0x0051e090,FUN_0051e090,,,0,stub
0x0051e160,FUN_0051e160,,,0,stub
0x0051e260,FUN_0051e260,,,0,stub
0x0051e2d0,FUN_0051e2d0,,,0,stub
0x0051e430,FUN_0051e430,,,0,stub
0x0051e490,FUN_0051e490,,,0,stub
0x0051e5a0,FUN_0051e5a0,,,0,stub
0x0051e610,FUN_0051e610,,,0,stub
0x0051e7e0,FUN_0051e7e0,,,0,stub
0x0051ea50,FUN_0051ea50,,,0,stub
0x0051eba0,FUN_0051eba0,,,0,stub
0x0051ec00,FUN_0051ec00,,,0,stub
0x0051ecb0,FUN_0051ecb0,,,0,stub
0x0051ed30,FUN_0051ed30,,,0,stub
0x0051ee90,FUN_0051ee90,,,0,stub
0x0051ef60,FUN_0051ef60,,,0,stub
0x0051efb0,FUN_0051efb0,,,0,stub
0x0051f1e0,FUN_0051f1e0,,,0,stub
0x0051f2f0,FUN_0051f2f0,,,0,stub
0x0051f5f0,FUN_0051f5f0,,,0,stub
0x0051f6b0,FUN_0051f6b0,,,0,stub
0x0051f710,FUN_0051f710,,,0,stub
0x0051f840,FUN_0051f840,,,0,stub
0x0051f9e0,FUN_0051f9e0,,,0,stub
0x0051fab0,FUN_0051fab0,,,0,stub
0x0051fb50,FUN_0051fb50,,,0,stub
0x0051fce0,FUN_0051fce0,,,0,stub
0x0051fdf0,FUN_0051fdf0,,,0,stub
0x0051ffc0,FUN_0051ffc0,,,0,stub
0x00520080,FUN_00520080,,,0,stub
0x00520130,FUN_00520130,,,0,stub
0x00520160,FUN_00520160,,,0,stub
0x00520210,FUN_00520210,,,0,stub
0x005202c0,FUN_005202c0,,,0,stub
0x00520340,FUN_00520340,,,0,stub
0x00520390,FUN_00520390,,,0,stub
0x00520430,FUN_00520430,,,0,stub
0x00520470,FUN_00520470,,,0,stub
0x00520530,FUN_00520530,,,0,stub
0x005205d0,FUN_005205d0,,,0,stub
0x00520610,FUN_00520610,,,0,stub
0x00520650,FUN_00520650,,,0,stub
0x00520710,FUN_00520710,,,0,stub
0x005207b0,FUN_005207b0,,,0,stub
0x005207f0,FUN_005207f0,,,0,stub
0x00520830,FUN_00520830,,,0,stub
0x005208f0,FUN_005208f0,,,0,stub
0x00520990,FUN_00520990,,,0,stub
0x005209c0,FUN_005209c0,,,0,stub
0x00520a10,FUN_00520a10,,,0,stub
0x00520ed0,FUN_00520ed0,,,0,stub
0x00521200,FUN_00521200,,,0,stub
0x00521840,FUN_00521840,,,0,stub
0x00521c70,FUN_00521c70,,,0,stub
0x00522160,FUN_00522160,,,0,stub
0x00522200,FUN_00522200,,,0,stub
0x00522f80,FUN_00522f80,,,0,stub
0x00523210,FUN_00523210,,,0,stub
0x00523270,FUN_00523270,,,0,stub
0x005232c0,FUN_005232c0,,,0,stub
0x00523470,FUN_00523470,,,0,stub
0x00523820,FUN_00523820,,,0,stub
0x00525000,FUN_00525000,,,0,stub
0x00525460,FUN_00525460,,,0,stub
0x00525610,FUN_00525610,,,0,stub
0x00525bd0,FUN_00525bd0,,,0,stub
0x005289b0,FUN_005289b0,,,0,stub
0x00529760,FUN_00529760,,,0,stub
0x0052a0e0,FUN_0052a0e0,,,0,stub
0x0052bd80,FUN_0052bd80,,,0,stub
0x0052ce90,FUN_0052ce90,,,0,stub
0x0052ced0,FUN_0052ced0,,,0,stub
0x0052cf70,FUN_0052cf70,,,0,stub
0x0052d0e0,FUN_0052d0e0,,,0,stub
0x0052d390,FUN_0052d390,,,0,stub
0x0052d580,FUN_0052d580,,,0,stub
0x0052d5b0,FUN_0052d5b0,,,0,stub
0x0052d6d0,FUN_0052d6d0,,,0,stub
0x0052e7b0,FUN_0052e7b0,,,0,stub
0x0052e9f0,FUN_0052e9f0,,,0,stub
0x0052eca0,FUN_0052eca0,,,0,stub
0x0052ee30,FUN_0052ee30,,,0,stub
0x0052eeb0,FUN_0052eeb0,,,0,stub
0x0052f040,FUN_0052f040,,,0,stub
0x0052f160,FUN_0052f160,,,0,stub
0x0052f1a0,FUN_0052f1a0,,,0,stub
0x0052f1d0,FUN_0052f1d0,,,0,stub
0x0052fea0,FUN_0052fea0,,,0,stub
0x0052ff50,FUN_0052ff50,,,0,stub
0x005300c0,FUN_005300c0,,,0,stub
0x00530210,FUN_00530210,,,0,stub
0x00530270,FUN_00530270,,,0,stub
0x00530530,FUN_00530530,,,0,stub
0x00530600,FUN_00530600,,,0,stub
0x005306d0,FUN_005306d0,,,0,stub
0x005309d0,FUN_005309d0,,,0,stub
0x00530c30,FUN_00530c30,,,0,stub
0x00530e40,FUN_00530e40,,,0,stub
0x00530f20,FUN_00530f20,,,0,stub
0x005311b0,FUN_005311b0,,,0,stub
0x00531230,FUN_00531230,,,0,stub
0x005313b0,FUN_005313b0,,,0,stub
0x00531430,FUN_00531430,,,0,stub
0x005315f0,FUN_005315f0,,,0,stub
0x00531990,FUN_00531990,,,0,stub
0x005319d0,FUN_005319d0,,,0,stub
0x00531a00,FUN_00531a00,,,0,stub
0x00531a40,FUN_00531a40,,,0,stub
0x00531ed0,FUN_00531ed0,,,0,stub
0x00532400,FUN_00532400,,,0,stub
0x00532460,FUN_00532460,,,0,stub
0x005324c0,FUN_005324c0,,,0,stub
0x00532bb0,FUN_00532bb0,,,0,stub
0x00532c90,FUN_00532c90,,,0,stub
0x00533460,FUN_00533460,,,0,stub
0x00533550,FUN_00533550,,,0,stub
0x00533660,FUN_00533660,,,0,stub
0x00533890,FUN_00533890,,,0,stub
0x005339f0,FUN_005339f0,,,0,stub
0x00533ae0,FUN_00533ae0,,,0,stub
0x00533c10,FUN_00533c10,,,0,stub
0x00533c90,FUN_00533c90,,,0,stub
0x00533df0,FUN_00533df0,,,0,stub
0x00533ec0,FUN_00533ec0,,,0,stub
0x00534030,FUN_00534030,,,0,stub
0x00534090,FUN_00534090,,,0,stub
0x00534350,FUN_00534350,,,0,stub
0x005344e0,FUN_005344e0,,,0,stub
0x00534840,FUN_00534840,,,0,stub
0x00534900,FUN_00534900,,,0,stub
0x00534d70,FUN_00534d70,,,0,stub
0x00534f60,FUN_00534f60,,,0,stub
0x00535080,FUN_00535080,,,0,stub
0x005351c0,FUN_005351c0,,,0,stub
0x00535210,FUN_00535210,,,0,stub
0x00535240,FUN_00535240,,,0,stub
0x00535280,FUN_00535280,,,0,stub
0x005354d0,FUN_005354d0,,,0,stub
0x00535510,FUN_00535510,,,0,stub
0x00535740,FUN_00535740,,,0,stub
0x00535850,FUN_00535850,,,0,stub
0x005359a0,FUN_005359a0,,,0,stub
0x005359f0,FUN_005359f0,,,0,stub
0x00535c00,FUN_00535c00,,,0,stub
0x00535dc0,FUN_00535dc0,,,0,stub
0x00535ea0,FUN_00535ea0,,,0,stub
0x00535f30,FUN_00535f30,,,0,stub
0x00536030,FUN_00536030,,,0,stub
0x005361b0,FUN_005361b0,,,0,stub
0x005362d0,FUN_005362d0,,,0,stub
0x005364b0,FUN_005364b0,,,0,stub
0x005366b0,FUN_005366b0,,,0,stub
0x00536890,FUN_00536890,,,0,stub
0x00536970,FUN_00536970,,,0,stub
0x005369e0,FUN_005369e0,,,0,stub
0x00536a90,FUN_00536a90,,,0,stub
0x00536b00,FUN_00536b00,,,0,stub
0x00536b30,FUN_00536b30,,,0,stub
0x00536b60,FUN_00536b60,,,0,stub
0x00536c50,FUN_00536c50,,,0,stub
0x00536f60,FUN_00536f60,,,0,stub
0x00536fd0,FUN_00536fd0,,,0,stub
0x005372c0,FUN_005372c0,,,0,stub
0x005373e0,FUN_005373e0,,,0,stub
0x005374f0,FUN_005374f0,,,0,stub
0x00537550,FUN_00537550,,,0,stub
0x00537820,FUN_00537820,,,0,stub
0x00537900,FUN_00537900,,,0,stub
0x005379d0,FUN_005379d0,,,0,stub
0x00537b00,FUN_00537b00,,,0,stub
0x00537bb0,FUN_00537bb0,,,0,stub
0x00537d00,FUN_00537d00,,,0,stub
0x00537d90,FUN_00537d90,,,0,stub
0x00537e00,FUN_00537e00,,,0,stub
0x00537eb0,FUN_00537eb0,,,0,stub
0x00538140,FUN_00538140,,,0,stub
0x00538370,FUN_00538370,,,0,stub
0x005385a0,FUN_005385a0,,,0,stub
0x00538730,FUN_00538730,,,0,stub
0x005387c0,FUN_005387c0,,,0,stub
0x00538ad0,FUN_00538ad0,,,0,stub
0x00538bf0,FUN_00538bf0,,,0,stub
0x00538d60,FUN_00538d60,,,0,stub
0x00538d90,FUN_00538d90,,,0,stub
0x00538fe0,FUN_00538fe0,,,0,stub
0x00539030,FUN_00539030,,,0,stub
0x00539080,FUN_00539080,,,0,stub
0x00539110,FUN_00539110,,,0,stub
0x00539290,FUN_00539290,,,0,stub
0x00539560,FUN_00539560,,,0,stub
0x00539640,FUN_00539640,,,0,stub
0x005396a0,FUN_005396a0,,,0,stub
0x005396d0,FUN_005396d0,,,0,stub
0x00539820,FUN_00539820,,,0,stub
0x00539960,FUN_00539960,,,0,stub
0x00539a30,FUN_00539a30,,,0,stub
0x00539dd0,FUN_00539dd0,,,0,stub
0x00539f90,FUN_00539f90,,,0,stub
0x0053a020,FUN_0053a020,,,0,stub
0x0053a250,FUN_0053a250,,,0,stub
0x0053a310,FUN_0053a310,,,0,stub
0x0053a3c0,FUN_0053a3c0,,,0,stub
0x0053a470,FUN_0053a470,,,0,stub
0x0053a540,FUN_0053a540,,,0,stub
0x0053a6a0,FUN_0053a6a0,,,0,stub
0x0053a6e0,FUN_0053a6e0,,,0,stub
0x0053a7a0,FUN_0053a7a0,,,0,stub
0x0053a820,FUN_0053a820,,,0,stub
0x0053a890,FUN_0053a890,,,0,stub
0x0053a900,FUN_0053a900,,,0,stub
0x0053a9c0,FUN_0053a9c0,,,0,stub
0x0053aa30,FUN_0053aa30,,,0,stub
0x0053aaa0,FUN_0053aaa0,,,0,stub
0x0053aae0,FUN_0053aae0,,,0,stub
0x0053ab70,FUN_0053ab70,,,0,stub
0x0053abc0,FUN_0053abc0,,,0,stub
0x0053ac60,FUN_0053ac60,,,0,stub
0x0053acd0,FUN_0053acd0,,,0,stub
0x0053ad40,FUN_0053ad40,,,0,stub
0x0053ada0,FUN_0053ada0,,,0,stub
0x0053ade0,FUN_0053ade0,,,0,stub
0x0053ae80,FUN_0053ae80,,,0,stub
0x0053aee0,FUN_0053aee0,,,0,stub
0x0053af10,FUN_0053af10,,,0,stub
0x0053af40,FUN_0053af40,,,0,stub
0x0053b080,FUN_0053b080,,,0,stub
0x0053b0d0,FUN_0053b0d0,,,0,stub
0x0053b120,FUN_0053b120,,,0,stub
0x0053b170,FUN_0053b170,,,0,stub
0x0053b230,FUN_0053b230,,,0,stub
0x0053b370,FUN_0053b370,,,0,stub
0x0053b3c0,FUN_0053b3c0,,,0,stub
0x0053b410,FUN_0053b410,,,0,stub
0x0053b460,FUN_0053b460,,,0,stub
0x0053b520,FUN_0053b520,,,0,stub
0x0053b6d0,FUN_0053b6d0,,,0,stub
0x0053b720,FUN_0053b720,,,0,stub
0x0053b7a0,FUN_0053b7a0,,,0,stub
0x0053b8a0,FUN_0053b8a0,,,0,stub
0x0053b8d0,FUN_0053b8d0,,,0,stub
0x0053b9c0,FUN_0053b9c0,,,0,stub
0x0053ba50,FUN_0053ba50,,,0,stub
0x0053bb10,FUN_0053bb10,,,0,stub
0x0053bbd0,FUN_0053bbd0,,,0,stub
0x0053bc20,FUN_0053bc20,,,0,stub
0x0053bc60,FUN_0053bc60,,,0,stub
0x0053bca0,FUN_0053bca0,,,0,stub
0x0053bd30,FUN_0053bd30,,,0,stub
0x0053bd90,FUN_0053bd90,,,0,stub
0x0053beb0,FUN_0053beb0,,,0,stub
0x0053bf30,FUN_0053bf30,,,0,stub
0x0053bfd0,FUN_0053bfd0,,,0,stub
0x0053c020,FUN_0053c020,,,0,stub
0x0053c0c0,FUN_0053c0c0,,,0,stub
0x0053c100,FUN_0053c100,,,0,stub
0x0053c160,FUN_0053c160,,,0,stub
0x0053c1d0,FUN_0053c1d0,,,0,stub
0x0053c210,FUN_0053c210,,,0,stub
0x0053c290,FUN_0053c290,,,0,stub
0x0053c370,FUN_0053c370,,,0,stub
0x0053c5e0,FUN_0053c5e0,,,0,stub
0x0053d1c0,FUN_0053d1c0,,,0,stub
0x0053d1f0,FUN_0053d1f0,,,0,stub
0x0053d220,FUN_0053d220,,,0,stub
0x0053d250,FUN_0053d250,,,0,stub
0x0053d280,FUN_0053d280,,,0,stub
0x0053d2b0,FUN_0053d2b0,,,0,stub
0x0053d2e0,FUN_0053d2e0,,,0,stub
0x0053d310,FUN_0053d310,,,0,stub
0x0053d340,FUN_0053d340,,,0,stub
0x0053d370,FUN_0053d370,,,0,stub
0x0053d3a0,FUN_0053d3a0,,,0,stub
0x0053d3d0,FUN_0053d3d0,,,0,stub
0x0053d400,FUN_0053d400,,,0,stub
0x0053d430,FUN_0053d430,,,0,stub
0x0053d4d0,FUN_0053d4d0,,,0,stub
0x0053d5f0,FUN_0053d5f0,,,0,stub
0x0053d670,FUN_0053d670,,,0,stub
0x0053d6c0,FUN_0053d6c0,,,0,stub
0x0053d830,FUN_0053d830,,,0,stub
0x0053d880,FUN_0053d880,,,0,stub
0x0053d960,FUN_0053d960,,,0,stub
0x0053dad0,FUN_0053dad0,,,0,stub
0x0053db20,FUN_0053db20,,,0,stub
0x0053dbe0,FUN_0053dbe0,,,0,stub
0x0053dd30,FUN_0053dd30,,,0,stub
0x0053dd80,FUN_0053dd80,,,0,stub
0x0053de60,FUN_0053de60,,,0,stub
0x0053deb0,FUN_0053deb0,,,0,stub
0x0053e040,FUN_0053e040,,,0,stub
0x0053e170,FUN_0053e170,,,0,stub
0x0053e1d0,FUN_0053e1d0,,,0,stub
0x0053e360,FUN_0053e360,,,0,stub
0x0053e3b0,FUN_0053e3b0,,,0,stub
0x0053e590,FUN_0053e590,,,0,stub
0x0053e6f0,FUN_0053e6f0,,,0,stub
0x0053e740,FUN_0053e740,,,0,stub
0x0053e820,FUN_0053e820,,,0,stub
0x0053e870,FUN_0053e870,,,0,stub
0x0053e9b0,FUN_0053e9b0,,,0,stub
0x0053ea00,FUN_0053ea00,,,0,stub
0x0053ead0,FUN_0053ead0,,,0,stub
0x0053eb20,FUN_0053eb20,,,0,stub
0x0053ed30,FUN_0053ed30,,,0,stub
0x0053eec0,FUN_0053eec0,,,0,stub
0x0053ef00,FUN_0053ef00,,,0,stub
0x0053f0d0,FUN_0053f0d0,,,0,stub
0x0053f130,FUN_0053f130,,,0,stub
0x0053f250,FUN_0053f250,,,0,stub
0x0053f290,FUN_0053f290,,,0,stub
0x0053f460,FUN_0053f460,,,0,stub
0x0053f4c0,FUN_0053f4c0,,,0,stub
0x0053f5e0,FUN_0053f5e0,,,0,stub
0x0053f640,FUN_0053f640,,,0,stub
0x0053f830,FUN_0053f830,,,0,stub
0x0053f8f0,FUN_0053f8f0,,,0,stub
0x0053f950,FUN_0053f950,,,0,stub
0x0053f990,FUN_0053f990,,,0,stub
0x0053fb70,FUN_0053fb70,,,0,stub
0x0053fdf0,FUN_0053fdf0,,,0,stub
0x0053fe70,FUN_0053fe70,,,0,stub
0x0053fea0,FUN_0053fea0,,,0,stub
0x0053fed0,FUN_0053fed0,,,0,stub
0x0053ff00,FUN_0053ff00,,,0,stub
0x0053ff30,FUN_0053ff30,,,0,stub
0x0053ff60,FUN_0053ff60,,,0,stub
0x0053ffb0,FUN_0053ffb0,,,0,stub
0x0053ffe0,FUN_0053ffe0,,,0,stub
0x00540010,FUN_00540010,,,0,stub
0x00540040,FUN_00540040,,,0,stub
0x00540070,FUN_00540070,,,0,stub
0x005400a0,FUN_005400a0,,,0,stub
0x005400d0,FUN_005400d0,,,0,stub
0x00540100,FUN_00540100,,,0,stub
0x00540130,FUN_00540130,,,0,stub
0x00540160,FUN_00540160,,,0,stub
0x00540190,FUN_00540190,,,0,stub
0x005402a0,FUN_005402a0,,,0,stub
0x005402d0,FUN_005402d0,,,0,stub
0x00540350,FUN_00540350,,,0,stub
0x005407f0,FUN_005407f0,,,0,stub
0x00540990,FUN_00540990,,,0,stub
0x00540a50,FUN_00540a50,,,0,stub
0x00540eb0,FUN_00540eb0,,,0,stub
0x00541230,FUN_00541230,,,0,stub
0x00541310,FUN_00541310,,,0,stub
0x00541470,FUN_00541470,,,0,stub
0x00541c60,FUN_00541c60,,,0,stub
0x00541db0,FUN_00541db0,,,0,stub
0x00542050,FUN_00542050,,,0,stub
0x00542130,FUN_00542130,,,0,stub
0x005424d0,FUN_005424d0,,,0,stub
0x005427a0,FUN_005427a0,,,0,stub
0x005429a0,FUN_005429a0,,,0,stub
0x005429d0,FUN_005429d0,,,0,stub
0x00542a30,FUN_00542a30,,,0,stub
0x00542a90,FUN_00542a90,,,0,stub
0x00542af0,FUN_00542af0,,,0,stub
0x00542b50,FUN_00542b50,,,0,stub
0x00542bb0,FUN_00542bb0,,,0,stub
0x00542c10,FUN_00542c10,,,0,stub
0x00542c70,FUN_00542c70,,,0,stub
0x00542cd0,FUN_00542cd0,,,0,stub
0x00542d30,FUN_00542d30,,,0,stub
0x00542d90,FUN_00542d90,,,0,stub
0x00542df0,FUN_00542df0,,,0,stub
0x00542e50,FUN_00542e50,,,0,stub
0x00542eb0,FUN_00542eb0,,,0,stub
0x00542f10,FUN_00542f10,,,0,stub
0x00542f70,FUN_00542f70,,,0,stub
0x00542fd0,FUN_00542fd0,,,0,stub
0x00543030,FUN_00543030,,,0,stub
0x00543090,FUN_00543090,,,0,stub
0x005430f0,FUN_005430f0,,,0,stub
0x00543150,FUN_00543150,,,0,stub
0x005431b0,FUN_005431b0,,,0,stub
0x00543210,FUN_00543210,,,0,stub
0x00543280,FUN_00543280,,,0,stub
0x005432c0,FUN_005432c0,,,0,stub
0x00543480,FUN_00543480,,,0,stub
0x005434e0,FUN_005434e0,,,0,stub
0x005435a0,FUN_005435a0,,,0,stub
0x005435e0,FUN_005435e0,,,0,stub
0x00543770,FUN_00543770,,,0,stub
0x005437c0,FUN_005437c0,,,0,stub
0x005438f0,FUN_005438f0,,,0,stub
0x00543940,FUN_00543940,,,0,stub
0x00543d30,FUN_00543d30,,,0,stub
0x00543d80,FUN_00543d80,,,0,stub
0x00543dc0,FUN_00543dc0,,,0,stub
0x00543fd0,FUN_00543fd0,,,0,stub
0x00544020,FUN_00544020,,,0,stub
0x005440e0,FUN_005440e0,,,0,stub
0x00544120,FUN_00544120,,,0,stub
0x005441f0,FUN_005441f0,,,0,stub
0x00544360,FUN_00544360,,,0,stub
0x005443b0,FUN_005443b0,,,0,stub
0x005444f0,FUN_005444f0,,,0,stub
0x00544540,FUN_00544540,,,0,stub
0x005445a0,FUN_005445a0,,,0,stub
0x00544600,FUN_00544600,,,0,stub
0x00544640,FUN_00544640,,,0,stub
0x00544850,FUN_00544850,,,0,stub
0x005448a0,FUN_005448a0,,,0,stub
0x00544a20,FUN_00544a20,,,0,stub
0x00544a70,FUN_00544a70,,,0,stub
0x00544ab0,FUN_00544ab0,,,0,stub
0x00544c40,FUN_00544c40,,,0,stub
0x00544c90,FUN_00544c90,,,0,stub
0x00544cf0,FUN_00544cf0,,,0,stub
0x00544d30,FUN_00544d30,,,0,stub
0x00544f40,FUN_00544f40,,,0,stub
0x00544f90,FUN_00544f90,,,0,stub
0x00545090,FUN_00545090,,,0,stub
0x005451c0,FUN_005451c0,,,0,stub
0x00545220,FUN_00545220,,,0,stub
0x005453d0,FUN_005453d0,,,0,stub
0x00545550,FUN_00545550,,,0,stub
0x005455a0,FUN_005455a0,,,0,stub
0x00545750,FUN_00545750,,,0,stub
0x005457d0,FUN_005457d0,,,0,stub
0x00545900,FUN_00545900,,,0,stub
0x00545970,FUN_00545970,,,0,stub
0x005459c0,FUN_005459c0,,,0,stub
0x00545b30,FUN_00545b30,,,0,stub
0x00545d00,FUN_00545d00,,,0,stub
0x00545d60,FUN_00545d60,,,0,stub
0x00545e60,FUN_00545e60,,,0,stub
0x00545f80,FUN_00545f80,,,0,stub
0x00545fd0,FUN_00545fd0,,,0,stub
0x005460c0,FUN_005460c0,,,0,stub
0x00546120,FUN_00546120,,,0,stub
0x00546180,FUN_00546180,,,0,stub
0x00546260,FUN_00546260,,,0,stub
0x00546440,FUN_00546440,,,0,stub
0x00546490,FUN_00546490,,,0,stub
0x005466f0,FUN_005466f0,,,0,stub
0x00546740,FUN_00546740,,,0,stub
0x00546900,FUN_00546900,,,0,stub
0x00546950,FUN_00546950,,,0,stub
0x00546bd0,FUN_00546bd0,,,0,stub
0x00546c20,FUN_00546c20,,,0,stub
0x00546c80,FUN_00546c80,,,0,stub
0x00546cc0,FUN_00546cc0,,,0,stub
0x00546e20,FUN_00546e20,,,0,stub
0x00546e70,FUN_00546e70,,,0,stub
0x00547050,FUN_00547050,,,0,stub
0x005470b0,FUN_005470b0,,,0,stub
0x00547110,FUN_00547110,,,0,stub
0x00547250,FUN_00547250,,,0,stub
0x005472c0,FUN_005472c0,,,0,stub
0x005473f0,FUN_005473f0,,,0,stub
0x00547440,FUN_00547440,,,0,stub
0x005474d0,FUN_005474d0,,,0,stub
0x005475f0,FUN_005475f0,,,0,stub
0x00547640,FUN_00547640,,,0,stub
0x00547770,FUN_00547770,,,0,stub
0x005478a0,FUN_005478a0,,,0,stub
0x00547900,FUN_00547900,,,0,stub
0x00547a20,FUN_00547a20,,,0,stub
0x00547a90,FUN_00547a90,,,0,stub
0x00547bc0,FUN_00547bc0,,,0,stub
0x00547cf0,FUN_00547cf0,,,0,stub
0x00547e30,FUN_00547e30,,,0,stub
0x00547e80,FUN_00547e80,,,0,stub
0x00547fb0,FUN_00547fb0,,,0,stub
0x00548000,FUN_00548000,,,0,stub
0x005481f0,FUN_005481f0,,,0,stub
0x005483c0,FUN_005483c0,,,0,stub
0x00548410,FUN_00548410,,,0,stub
0x005484f0,FUN_005484f0,,,0,stub
0x00548550,FUN_00548550,,,0,stub
0x00548760,FUN_00548760,,,0,stub
0x005487b0,FUN_005487b0,,,0,stub
0x00548b50,FUN_00548b50,,,0,stub
0x00548b90,FUN_00548b90,,,0,stub
0x00548d20,FUN_00548d20,,,0,stub
0x00548d70,FUN_00548d70,,,0,stub
0x00548db0,FUN_00548db0,,,0,stub
0x00548fc0,FUN_00548fc0,,,0,stub
0x00549010,FUN_00549010,,,0,stub
0x005490a0,FUN_005490a0,,,0,stub
0x005490e0,FUN_005490e0,,,0,stub
0x00549270,FUN_00549270,,,0,stub
0x005492c0,FUN_005492c0,,,0,stub
0x00549300,FUN_00549300,,,0,stub
0x005494e0,FUN_005494e0,,,0,stub
0x00549530,FUN_00549530,,,0,stub
0x005496a0,FUN_005496a0,,,0,stub
0x005496f0,FUN_005496f0,,,0,stub
0x00549880,FUN_00549880,,,0,stub
0x005498d0,FUN_005498d0,,,0,stub
0x00549b10,FUN_00549b10,,,0,stub
0x00549b60,FUN_00549b60,,,0,stub
0x00549ca0,FUN_00549ca0,,,0,stub
0x00549e10,FUN_00549e10,,,0,stub
0x00549e60,FUN_00549e60,,,0,stub
0x00549fd0,FUN_00549fd0,,,0,stub
0x0054a160,FUN_0054a160,,,0,stub
0x0054a1b0,FUN_0054a1b0,,,0,stub
0x0054a3c0,FUN_0054a3c0,,,0,stub
0x0054a410,FUN_0054a410,,,0,stub
0x0054a4b0,FUN_0054a4b0,,,0,stub
0x0054a640,FUN_0054a640,,,0,stub
0x0054a690,FUN_0054a690,,,0,stub
0x0054a850,FUN_0054a850,,,0,stub
0x0054a8a0,FUN_0054a8a0,,,0,stub
0x0054a910,FUN_0054a910,,,0,stub
0x0054a950,FUN_0054a950,,,0,stub
0x0054aab0,FUN_0054aab0,,,0,stub
0x0054ab00,FUN_0054ab00,,,0,stub
0x0054abc0,FUN_0054abc0,,,0,stub
0x0054adf0,FUN_0054adf0,,,0,stub
0x0054af30,FUN_0054af30,,,0,stub
0x0054afa0,FUN_0054afa0,,,0,stub
0x0054b0d0,FUN_0054b0d0,,,0,stub
0x0054b120,FUN_0054b120,,,0,stub
0x0054b1b0,FUN_0054b1b0,,,0,stub
0x0054b200,FUN_0054b200,,,0,stub
0x0054b240,FUN_0054b240,,,0,stub
0x0054b3d0,FUN_0054b3d0,,,0,stub
0x0054b420,FUN_0054b420,,,0,stub
0x0054b460,FUN_0054b460,,,0,stub
0x0054b640,FUN_0054b640,,,0,stub
0x0054b6a0,FUN_0054b6a0,,,0,stub
0x0054b740,FUN_0054b740,,,0,stub
0x0054b8d0,FUN_0054b8d0,,,0,stub
0x0054b920,FUN_0054b920,,,0,stub
0x0054bb10,FUN_0054bb10,,,0,stub
0x0054bb60,FUN_0054bb60,,,0,stub
0x0054bbd0,FUN_0054bbd0,,,0,stub
0x0054bc10,FUN_0054bc10,,,0,stub
0x0054bd70,FUN_0054bd70,,,0,stub
0x0054bdc0,FUN_0054bdc0,,,0,stub
0x0054bf10,FUN_0054bf10,,,0,stub
0x0054c040,FUN_0054c040,,,0,stub
0x0054c170,FUN_0054c170,,,0,stub
0x0054c1c0,FUN_0054c1c0,,,0,stub
0x0054c280,FUN_0054c280,,,0,stub
0x0054c2d0,FUN_0054c2d0,,,0,stub
0x0054c310,FUN_0054c310,,,0,stub
0x0054c4e0,FUN_0054c4e0,,,0,stub
0x0054c540,FUN_0054c540,,,0,stub
0x0054c6a0,FUN_0054c6a0,,,0,stub
0x0054c6e0,FUN_0054c6e0,,,0,stub
0x0054c7a0,FUN_0054c7a0,,,0,stub
0x0054c970,FUN_0054c970,,,0,stub
0x0054c9d0,FUN_0054c9d0,,,0,stub
0x0054ca90,FUN_0054ca90,,,0,stub
0x0054caf0,FUN_0054caf0,,,0,stub
0x0054cb50,FUN_0054cb50,,,0,stub
0x0054cbb0,FUN_0054cbb0,,,0,stub
0x0054cda0,FUN_0054cda0,,,0,stub
0x0054d120,FUN_0054d120,,,0,stub
0x0054d1a0,FUN_0054d1a0,,,0,stub
0x0054d280,FUN_0054d280,,,0,stub
0x0054d430,FUN_0054d430,,,0,stub
0x0054e460,FUN_0054e460,,,0,stub
0x0054e690,FUN_0054e690,,,0,stub
0x0054e760,FUN_0054e760,,,0,stub
0x0054e810,FUN_0054e810,,,0,stub
0x0054ea90,FUN_0054ea90,,,0,stub
0x0054eb70,FUN_0054eb70,,,0,stub
0x0054ec10,FUN_0054ec10,,,0,stub
0x0054ed90,FUN_0054ed90,,,0,stub
0x0054ef50,FUN_0054ef50,,,0,stub
0x0054ef90,FUN_0054ef90,,,0,stub
0x0054f100,FUN_0054f100,,,0,stub
0x0054f150,FUN_0054f150,,,0,stub
0x0054f230,FUN_0054f230,,,0,stub
0x0054f310,FUN_0054f310,,,0,stub
0x0054f410,FUN_0054f410,,,0,stub
0x0054f490,FUN_0054f490,,,0,stub
0x0054f610,FUN_0054f610,,,0,stub
0x0054f700,FUN_0054f700,,,0,stub
0x0054f960,FUN_0054f960,,,0,stub
0x0054fa50,FUN_0054fa50,,,0,stub
0x0054fb30,FUN_0054fb30,,,0,stub
0x0054fd70,FUN_0054fd70,,,0,stub
0x0054fe30,FUN_0054fe30,,,0,stub
0x0054ffd0,FUN_0054ffd0,,,0,stub
0x005500b0,FUN_005500b0,,,0,stub
0x00550110,FUN_00550110,,,0,stub
0x00550170,FUN_00550170,,,0,stub
0x005501d0,FUN_005501d0,,,0,stub
0x00550430,FUN_00550430,,,0,stub
0x005505f0,FUN_005505f0,,,0,stub
0x005507f0,FUN_005507f0,,,0,stub
0x00550990,FUN_00550990,,,0,stub
0x00550ae0,FUN_00550ae0,,,0,stub
0x00550b30,FUN_00550b30,,,0,stub
0x00550d80,FUN_00550d80,,,0,stub
0x00550fe0,FUN_00550fe0,,,0,stub
0x005510a0,FUN_005510a0,,,0,stub
0x00551300,FUN_00551300,,,0,stub
0x005513e0,FUN_005513e0,,,0,stub
0x00551560,FUN_00551560,,,0,stub
0x005515f0,FUN_005515f0,,,0,stub
0x00551850,FUN_00551850,,,0,stub
0x00551910,FUN_00551910,,,0,stub
0x00551aa0,FUN_00551aa0,,,0,stub
0x00551ba0,FUN_00551ba0,,,0,stub
0x00551c60,FUN_00551c60,,,0,stub
0x00551db0,FUN_00551db0,,,0,stub
0x00551e60,FUN_00551e60,,,0,stub
0x00551f20,FUN_00551f20,,,0,stub
0x00551f60,FUN_00551f60,,,0,stub
0x00551fc0,FUN_00551fc0,,,0,stub
0x00552050,FUN_00552050,,,0,stub
0x00552230,FUN_00552230,,,0,stub
0x005522f0,FUN_005522f0,,,0,stub
0x005523f0,FUN_005523f0,,,0,stub
0x00552440,FUN_00552440,,,0,stub
0x00552590,FUN_00552590,,,0,stub
0x005526c0,FUN_005526c0,,,0,stub
0x00552ce0,FUN_00552ce0,,,0,stub
0x00552e90,FUN_00552e90,,,0,stub
0x00552ff0,FUN_00552ff0,,,0,stub
0x00553190,FUN_00553190,,,0,stub
0x005533c0,FUN_005533c0,,,0,stub
0x00553400,FUN_00553400,,,0,stub
0x00553470,FUN_00553470,,,0,stub
0x00553720,FUN_00553720,,,0,stub
0x00553b50,FUN_00553b50,,,0,stub
0x00553bd0,FUN_00553bd0,,,0,stub
0x00554090,FUN_00554090,,,0,stub
0x00554190,FUN_00554190,,,0,stub
0x00554250,FUN_00554250,,,0,stub
0x00554970,FUN_00554970,,,0,stub
0x00554a30,FUN_00554a30,,,0,stub
0x00554ab0,FUN_00554ab0,,,0,stub
0x00555230,FUN_00555230,,,0,stub
0x005552b0,FUN_005552b0,,,0,stub
0x00555400,FUN_00555400,,,0,stub
0x005558a0,FUN_005558a0,,,0,stub
0x00555a80,FUN_00555a80,,,0,stub
0x00555ce0,FUN_00555ce0,,,0,stub
0x00556050,FUN_00556050,,,0,stub
0x005560b0,FUN_005560b0,,,0,stub
0x00556810,FUN_00556810,,,0,stub
0x00556d00,FUN_00556d00,,,0,stub
0x00556db0,FUN_00556db0,,,0,stub
0x005570d0,FUN_005570d0,,,0,stub
0x00557170,FUN_00557170,,,0,stub
0x00557250,FUN_00557250,,,0,stub
0x00557320,FUN_00557320,,,0,stub
0x00557470,FUN_00557470,,,0,stub
0x00557900,FUN_00557900,,,0,stub
0x00557aa0,FUN_00557aa0,,,0,stub
0x00557b90,FUN_00557b90,,,0,stub
0x00557d90,FUN_00557d90,,,0,stub
0x00557e30,FUN_00557e30,,,0,stub
0x00557f60,FUN_00557f60,,,0,stub
0x00558350,FUN_00558350,,,0,stub
0x00558390,FUN_00558390,,,0,stub
0x005584c0,FUN_005584c0,,,0,stub
0x00558fc0,FUN_00558fc0,,,0,stub
0x00559220,FUN_00559220,,,0,stub
0x005592e0,FUN_005592e0,,,0,stub
0x00559390,FUN_00559390,,,0,stub
0x005594a0,FUN_005594a0,,,0,stub
0x005595c0,FUN_005595c0,,,0,stub
0x00559880,FUN_00559880,,,0,stub
0x005599a0,FUN_005599a0,,,0,stub
0x00559a40,FUN_00559a40,,,0,stub
0x0055a1f0,FUN_0055a1f0,,,0,stub
0x0055a460,FUN_0055a460,,,0,stub
0x0055a4e0,FUN_0055a4e0,,,0,stub
0x0055a8d0,FUN_0055a8d0,,,0,stub
0x0055ac90,FUN_0055ac90,,,0,stub
0x0055ad20,FUN_0055ad20,,,0,stub
0x0055ad60,FUN_0055ad60,,,0,stub
0x0055ae70,FUN_0055ae70,,,0,stub
0x0055af50,FUN_0055af50,,,0,stub
0x0055afc0,FUN_0055afc0,,,0,stub
0x0055b1f0,FUN_0055b1f0,,,0,stub
0x0055b4b0,FUN_0055b4b0,,,0,stub
0x0055b640,FUN_0055b640,,,0,stub
0x0055b6c0,FUN_0055b6c0,,,0,stub
0x0055b730,FUN_0055b730,,,0,stub
0x0055b7f0,FUN_0055b7f0,,,0,stub
0x0055b860,FUN_0055b860,,,0,stub
0x0055b9c0,FUN_0055b9c0,,,0,stub
0x0055be40,FUN_0055be40,,,0,stub
0x0055bea0,FUN_0055bea0,,,0,stub
0x0055bf40,FUN_0055bf40,,,0,stub
0x0055bfa0,FUN_0055bfa0,,,0,stub
0x0055c0f0,FUN_0055c0f0,,,0,stub
0x0055c160,FUN_0055c160,,,0,stub
0x0055c1d0,FUN_0055c1d0,,,0,stub
0x0055c2a0,FUN_0055c2a0,,,0,stub
0x0055c370,FUN_0055c370,,,0,stub
0x0055c410,FUN_0055c410,,,0,stub
0x0055cb00,FUN_0055cb00,,,0,stub
0x0055cb60,FUN_0055cb60,,,0,stub
0x0055d900,FUN_0055d900,,,0,stub
0x0055d980,FUN_0055d980,,,0,stub
0x0055dad0,FUN_0055dad0,,,0,stub
0x0055db90,FUN_0055db90,,,0,stub
0x0055dc30,FUN_0055dc30,,,0,stub
0x0055dcb0,FUN_0055dcb0,,,0,stub
0x0055dd70,FUN_0055dd70,,,0,stub
0x0055de10,FUN_0055de10,,,0,stub
0x0055de90,FUN_0055de90,,,0,stub
0x0055df50,FUN_0055df50,,,0,stub
0x0055dff0,FUN_0055dff0,,,0,stub
0x0055e070,FUN_0055e070,,,0,stub
0x0055e130,FUN_0055e130,,,0,stub
0x0055e1d0,FUN_0055e1d0,,,0,stub
0x0055e250,FUN_0055e250,,,0,stub
0x0055e360,FUN_0055e360,,,0,stub
0x0055e490,FUN_0055e490,,,0,stub
0x0055e550,FUN_0055e550,,,0,stub
0x0055e630,FUN_0055e630,,,0,stub
0x0055e890,FUN_0055e890,,,0,stub
0x0055ea40,FUN_0055ea40,,,0,stub
0x0055ec20,FUN_0055ec20,,,0,stub
0x0055ed70,FUN_0055ed70,,,0,stub
0x0055ee20,FUN_0055ee20,,,0,stub
0x0055eeb0,FUN_0055eeb0,,,0,stub
0x0055ef20,FUN_0055ef20,,,0,stub
0x0055efc0,FUN_0055efc0,,,0,stub
0x0055f040,FUN_0055f040,,,0,stub
0x0055f0f0,FUN_0055f0f0,,,0,stub
0x0055f180,FUN_0055f180,,,0,stub
0x0055f1b0,FUN_0055f1b0,,,0,stub
0x0055f1e0,FUN_0055f1e0,,,0,stub
0x0055f550,FUN_0055f550,,,0,stub
0x0055f820,FUN_0055f820,,,0,stub
0x0055f8f0,FUN_0055f8f0,,,0,stub
0x0055fbd0,FUN_0055fbd0,,,0,stub
0x0055fe80,FUN_0055fe80,,,0,stub
0x00560810,FUN_00560810,,,0,stub
0x00560930,FUN_00560930,,,0,stub
0x00560ac0,FUN_00560ac0,,,0,stub
0x00560bd0,FUN_00560bd0,,,0,stub
0x00561160,FUN_00561160,,,0,stub
0x005617d0,FUN_005617d0,,,0,stub
0x005619f0,FUN_005619f0,,,0,stub
0x00561aa0,FUN_00561aa0,,,0,stub
0x00561b40,FUN_00561b40,,,0,stub
0x00561d40,FUN_00561d40,,,0,stub
0x00561ed0,FUN_00561ed0,,,0,stub
0x00561f70,FUN_00561f70,,,0,stub
0x00561fa0,FUN_00561fa0,,,0,stub
0x00562170,FUN_00562170,,,0,stub
0x005625c0,FUN_005625c0,,,0,stub
0x00562f20,FUN_00562f20,,,0,stub
0x00563100,FUN_00563100,,,0,stub
0x00563180,FUN_00563180,,,0,stub
0x005631e0,FUN_005631e0,,,0,stub
0x00563440,FUN_00563440,,,0,stub
0x00563e10,FUN_00563e10,,,0,stub
0x00563f60,FUN_00563f60,,,0,stub
0x005640e0,FUN_005640e0,,,0,stub
0x00564270,FUN_00564270,,,0,stub
0x00564360,FUN_00564360,,,0,stub
0x005644b0,FUN_005644b0,,,0,stub
0x00564cc0,FUN_00564cc0,,,0,stub
0x00564ed0,FUN_00564ed0,,,0,stub
0x005653a0,FUN_005653a0,,,0,stub
0x00565600,FUN_00565600,,,0,stub
0x005656e0,FUN_005656e0,,,0,stub
0x00565830,FUN_00565830,,,0,stub
0x00565920,FUN_00565920,,,0,stub
0x00565a50,FUN_00565a50,,,0,stub
0x00565c60,FUN_00565c60,,,0,stub
0x00565dc0,FUN_00565dc0,,,0,stub
0x00566430,FUN_00566430,,,0,stub
0x005664c0,FUN_005664c0,,,0,stub
0x00567070,FUN_00567070,,,0,stub
0x00567110,FUN_00567110,,,0,stub
0x00567270,FUN_00567270,,,0,stub
0x00567430,FUN_00567430,,,0,stub
0x00567470,FUN_00567470,,,0,stub
0x005674d0,FUN_005674d0,,,0,stub
0x00567580,FUN_00567580,,,0,stub
0x005675b0,FUN_005675b0,,,0,stub
0x00567770,FUN_00567770,,,0,stub
0x005679e0,FUN_005679e0,,,0,stub
0x00567aa0,FUN_00567aa0,,,0,stub
0x00567b40,FUN_00567b40,,,0,stub
0x00567bf0,FUN_00567bf0,,,0,stub
0x00567e90,FUN_00567e90,,,0,stub
0x00567f50,FUN_00567f50,,,0,stub
0x00568080,FUN_00568080,,,0,stub
0x005680b0,FUN_005680b0,,,0,stub
0x00568450,FUN_00568450,,,0,stub
0x00568580,FUN_00568580,,,0,stub
0x00568640,FUN_00568640,,,0,stub
0x005688c0,FUN_005688c0,,,0,stub
0x00568b50,FUN_00568b50,,,0,stub
0x00568d10,FUN_00568d10,,,0,stub
0x00568f40,FUN_00568f40,,,0,stub
0x00569100,FUN_00569100,,,0,stub
0x0056a100,FUN_0056a100,,,0,stub
0x0056a350,FUN_0056a350,,,0,stub
0x0056a520,FUN_0056a520,,,0,stub
0x0056a730,FUN_0056a730,,,0,stub
0x0056a850,FUN_0056a850,,,0,stub
0x0056a8d0,FUN_0056a8d0,,,0,stub
0x0056aa50,FUN_0056aa50,,,0,stub
0x0056ab40,FUN_0056ab40,,,0,stub
0x0056acb0,FUN_0056acb0,,,0,stub
0x0056ada0,FUN_0056ada0,,,0,stub
0x0056aef0,FUN_0056aef0,,,0,stub
0x0056afe0,FUN_0056afe0,,,0,stub
0x0056b210,FUN_0056b210,,,0,stub
0x0056b330,FUN_0056b330,,,0,stub
0x0056b3f0,FUN_0056b3f0,,,0,stub
0x0056b460,FUN_0056b460,,,0,stub
0x0056b740,FUN_0056b740,,,0,stub
0x0056c310,FUN_0056c310,,,0,stub
0x0056c350,FUN_0056c350,,,0,stub
0x0056c5e0,FUN_0056c5e0,,,0,stub
0x0056c8f0,FUN_0056c8f0,,,0,stub
0x0056cae0,FUN_0056cae0,,,0,stub
0x0056d180,FUN_0056d180,,,0,stub
0x0056d530,FUN_0056d530,,,0,stub
0x0056d8e0,FUN_0056d8e0,,,0,stub
0x0056db10,FUN_0056db10,,,0,stub
0x0056deb0,FUN_0056deb0,,,0,stub
0x0056e010,FUN_0056e010,,,0,stub
0x0056e070,FUN_0056e070,,,0,stub
0x0056e120,FUN_0056e120,,,0,stub
0x0056e2e0,FUN_0056e2e0,,,0,stub
0x0056e3a0,FUN_0056e3a0,,,0,stub
0x0056e820,FUN_0056e820,,,0,stub
0x0056e930,FUN_0056e930,,,0,stub
0x0056e990,FUN_0056e990,,,0,stub
0x0056ea10,FUN_0056ea10,,,0,stub
0x0056eb40,FUN_0056eb40,,,0,stub
0x0056ebc0,FUN_0056ebc0,,,0,stub
0x0056ec60,FUN_0056ec60,,,0,stub
0x0056ed10,FUN_0056ed10,,,0,stub
0x0056eda0,FUN_0056eda0,,,0,stub
0x0056ef00,FUN_0056ef00,,,0,stub
0x0056ef70,FUN_0056ef70,,,0,stub
0x0056f030,FUN_0056f030,,,0,stub
0x0056f150,FUN_0056f150,,,0,stub
0x0056f210,FUN_0056f210,,,0,stub
0x0056f600,FUN_0056f600,,,0,stub
0x0056f880,FUN_0056f880,,,0,stub
0x0056f9b0,FUN_0056f9b0,,,0,stub
0x0056fbd0,FUN_0056fbd0,,,0,stub
0x0056fcf0,FUN_0056fcf0,,,0,stub
0x0056fdb0,FUN_0056fdb0,,,0,stub
0x0056fdf0,FUN_0056fdf0,,,0,stub
0x0056fef0,FUN_0056fef0,,,0,stub
0x0056ffc0,FUN_0056ffc0,,,0,stub
0x00570210,FUN_00570210,,,0,stub
0x00570460,FUN_00570460,,,0,stub
0x005705b0,FUN_005705b0,,,0,stub
0x00570610,FUN_00570610,,,0,stub
0x00570650,FUN_00570650,,,0,stub
0x00570840,FUN_00570840,,,0,stub
0x005708a0,FUN_005708a0,,,0,stub
0x00570a00,FUN_00570a00,,,0,stub
0x00570a50,FUN_00570a50,,,0,stub
0x00570aa0,FUN_00570aa0,,,0,stub
0x00570af0,FUN_00570af0,,,0,stub
0x00570b40,FUN_00570b40,,,0,stub
0x00570b90,FUN_00570b90,,,0,stub
0x00570be0,FUN_00570be0,,,0,stub
0x00570d20,FUN_00570d20,,,0,stub
0x00570d70,FUN_00570d70,,,0,stub
0x00570dc0,FUN_00570dc0,,,0,stub
0x005710f0,FUN_005710f0,,,0,stub
0x005711f0,FUN_005711f0,,,0,stub
0x005715e0,FUN_005715e0,,,0,stub
0x00572020,FUN_00572020,,,0,stub
0x005720b0,FUN_005720b0,,,0,stub
0x00573540,FUN_00573540,,,0,stub
0x005737b0,FUN_005737b0,,,0,stub
0x005738c0,FUN_005738c0,,,0,stub
0x00573a40,FUN_00573a40,,,0,stub
0x00573c40,FUN_00573c40,,,0,stub
0x00573e40,FUN_00573e40,,,0,stub
0x00573ed0,FUN_00573ed0,,,0,stub
0x00574970,FUN_00574970,,,0,stub
0x00574d80,FUN_00574d80,,,0,stub
0x00574ed0,FUN_00574ed0,,,0,stub
0x00575180,FUN_00575180,,,0,stub
0x005758c0,FUN_005758c0,,,0,stub
0x00575f40,FUN_00575f40,,,0,stub
0x00576070,FUN_00576070,,,0,stub
0x00576320,FUN_00576320,,,0,stub
0x00576490,FUN_00576490,,,0,stub
0x00576510,FUN_00576510,,,0,stub
0x005766f0,FUN_005766f0,,,0,stub
0x005767a0,FUN_005767a0,,,0,stub
0x005768e0,FUN_005768e0,,,0,stub
0x00576f40,FUN_00576f40,,,0,stub
0x005771a0,FUN_005771a0,,,0,stub
0x00577250,FUN_00577250,,,0,stub
0x00577330,FUN_00577330,,,0,stub
0x005773d0,FUN_005773d0,,,0,stub
0x00577620,FUN_00577620,,,0,stub
0x00577790,FUN_00577790,,,0,stub
0x00577870,FUN_00577870,,,0,stub
0x00577d00,FUN_00577d00,,,0,stub
0x00577f70,FUN_00577f70,,,0,stub
0x00578200,FUN_00578200,,,0,stub
0x005788f0,FUN_005788f0,,,0,stub
0x00578a00,FUN_00578a00,,,0,stub
0x00578be0,FUN_00578be0,,,0,stub
0x00579010,FUN_00579010,,,0,stub
0x00579520,FUN_00579520,,,0,stub
0x00579880,FUN_00579880,,,0,stub
0x00579d40,FUN_00579d40,,,0,stub
0x00579d70,FUN_00579d70,,,0,stub
0x00579da0,FUN_00579da0,,,0,stub
0x00579fc0,FUN_00579fc0,,,0,stub
0x0057a230,FUN_0057a230,,,0,stub
0x0057a520,FUN_0057a520,,,0,stub
0x0057a7b0,FUN_0057a7b0,,,0,stub
0x0057aaa0,FUN_0057aaa0,,,0,stub
0x0057ad60,FUN_0057ad60,,,0,stub
0x0057b110,FUN_0057b110,,,0,stub
0x0057b450,FUN_0057b450,,,0,stub
0x0057b750,FUN_0057b750,,,0,stub
0x0057ba90,FUN_0057ba90,,,0,stub
0x0057bd20,FUN_0057bd20,,,0,stub
0x0057c030,FUN_0057c030,,,0,stub
0x0057c370,FUN_0057c370,,,0,stub
0x0057c6a0,FUN_0057c6a0,,,0,stub
0x0057ca10,FUN_0057ca10,,,0,stub
0x0057cc60,FUN_0057cc60,,,0,stub
0x0057ced0,FUN_0057ced0,,,0,stub
0x0057d180,FUN_0057d180,,,0,stub
0x0057d420,FUN_0057d420,,,0,stub
0x0057d6f0,FUN_0057d6f0,,,0,stub
0x0057d980,FUN_0057d980,,,0,stub
0x0057dcb0,FUN_0057dcb0,,,0,stub
0x0057e020,FUN_0057e020,,,0,stub
0x0057e350,FUN_0057e350,,,0,stub
0x0057e6c0,FUN_0057e6c0,,,0,stub
0x0057e980,FUN_0057e980,,,0,stub
0x0057ecb0,FUN_0057ecb0,,,0,stub
0x0057f020,FUN_0057f020,,,0,stub
0x0057f380,FUN_0057f380,,,0,stub
0x0057f710,FUN_0057f710,,,0,stub
0x0057f770,FUN_0057f770,,,0,stub
0x0057f8a0,FUN_0057f8a0,,,0,stub
0x0057f980,FUN_0057f980,,,0,stub
0x0057fb10,FUN_0057fb10,,,0,stub
0x0057fb60,FUN_0057fb60,,,0,stub
0x0057fcc0,FUN_0057fcc0,,,0,stub
0x0057fe80,FUN_0057fe80,,,0,stub
0x00580090,FUN_00580090,,,0,stub
0x005800e0,FUN_005800e0,,,0,stub
0x00580170,FUN_00580170,,,0,stub
0x005801b0,FUN_005801b0,,,0,stub
0x00580360,FUN_00580360,,,0,stub
0x005803b0,FUN_005803b0,,,0,stub
0x00580440,FUN_00580440,,,0,stub
0x00580480,FUN_00580480,,,0,stub
0x00580650,FUN_00580650,,,0,stub
0x005806b0,FUN_005806b0,,,0,stub
0x00580740,FUN_00580740,,,0,stub
0x005807d0,FUN_005807d0,,,0,stub
0x00580810,FUN_00580810,,,0,stub
0x005809c0,FUN_005809c0,,,0,stub
0x00580a10,FUN_00580a10,,,0,stub
0x00580aa0,FUN_00580aa0,,,0,stub
0x00580ae0,FUN_00580ae0,,,0,stub
0x00580c90,FUN_00580c90,,,0,stub
0x00580ce0,FUN_00580ce0,,,0,stub
0x00580d70,FUN_00580d70,,,0,stub
0x00580db0,FUN_00580db0,,,0,stub
0x00580f20,FUN_00580f20,,,0,stub
0x00580f80,FUN_00580f80,,,0,stub
0x005811e0,FUN_005811e0,,,0,stub
0x00581230,FUN_00581230,,,0,stub
0x00581390,FUN_00581390,,,0,stub
0x005813e0,FUN_005813e0,,,0,stub
0x005814a0,FUN_005814a0,,,0,stub
0x00581610,FUN_00581610,,,0,stub
0x00581660,FUN_00581660,,,0,stub
0x00581740,FUN_00581740,,,0,stub
0x005818f0,FUN_005818f0,,,0,stub
0x00581940,FUN_00581940,,,0,stub
0x005819d0,FUN_005819d0,,,0,stub
0x00581a10,FUN_00581a10,,,0,stub
0x00581be0,FUN_00581be0,,,0,stub
0x00581c40,FUN_00581c40,,,0,stub
0x00581cd0,FUN_00581cd0,,,0,stub
0x00581d60,FUN_00581d60,,,0,stub
0x00581da0,FUN_00581da0,,,0,stub
0x00581f00,FUN_00581f00,,,0,stub
0x00581f50,FUN_00581f50,,,0,stub
0x00581f90,FUN_00581f90,,,0,stub
0x005820f0,FUN_005820f0,,,0,stub
0x00582140,FUN_00582140,,,0,stub
0x00582180,FUN_00582180,,,0,stub
0x005822e0,FUN_005822e0,,,0,stub
0x00582330,FUN_00582330,,,0,stub
0x00582370,FUN_00582370,,,0,stub
0x005824d0,FUN_005824d0,,,0,stub
0x00582520,FUN_00582520,,,0,stub
0x00582560,FUN_00582560,,,0,stub
0x005826c0,FUN_005826c0,,,0,stub
0x00582710,FUN_00582710,,,0,stub
0x00582750,FUN_00582750,,,0,stub
0x005828b0,FUN_005828b0,,,0,stub
0x00582900,FUN_00582900,,,0,stub
0x00582940,FUN_00582940,,,0,stub
0x00582aa0,FUN_00582aa0,,,0,stub
0x00582af0,FUN_00582af0,,,0,stub
0x00582b30,FUN_00582b30,,,0,stub
0x00582c90,FUN_00582c90,,,0,stub
0x00582ce0,FUN_00582ce0,,,0,stub
0x00582d20,FUN_00582d20,,,0,stub
0x00582e80,FUN_00582e80,,,0,stub
0x00582ed0,FUN_00582ed0,,,0,stub
0x00582f10,FUN_00582f10,,,0,stub
0x00583070,FUN_00583070,,,0,stub
0x005830c0,FUN_005830c0,,,0,stub
0x00583100,FUN_00583100,,,0,stub
0x00583260,FUN_00583260,,,0,stub
0x005832b0,FUN_005832b0,,,0,stub
0x005832f0,FUN_005832f0,,,0,stub
0x00583450,FUN_00583450,,,0,stub
0x005834a0,FUN_005834a0,,,0,stub
0x00583630,FUN_00583630,,,0,stub
0x00583680,FUN_00583680,,,0,stub
0x005837f0,FUN_005837f0,,,0,stub
0x00583840,FUN_00583840,,,0,stub
0x00583920,FUN_00583920,,,0,stub
0x00583960,FUN_00583960,,,0,stub
0x00583ad0,FUN_00583ad0,,,0,stub
0x00583b20,FUN_00583b20,,,0,stub
0x00583c00,FUN_00583c00,,,0,stub
0x00583c40,FUN_00583c40,,,0,stub
0x00583db0,FUN_00583db0,,,0,stub
0x00583e00,FUN_00583e00,,,0,stub
0x00583ee0,FUN_00583ee0,,,0,stub
0x00584050,FUN_00584050,,,0,stub
0x005840a0,FUN_005840a0,,,0,stub
0x00584180,FUN_00584180,,,0,stub
0x00584310,FUN_00584310,,,0,stub
0x00584360,FUN_00584360,,,0,stub
0x005843a0,FUN_005843a0,,,0,stub
0x00584510,FUN_00584510,,,0,stub
0x00584560,FUN_00584560,,,0,stub
0x00584640,FUN_00584640,,,0,stub
0x00584680,FUN_00584680,,,0,stub
0x005847f0,FUN_005847f0,,,0,stub
0x00584840,FUN_00584840,,,0,stub
0x00584920,FUN_00584920,,,0,stub
0x00584960,FUN_00584960,,,0,stub
0x00584ad0,FUN_00584ad0,,,0,stub
0x00584b20,FUN_00584b20,,,0,stub
0x00584fe0,FUN_00584fe0,,,0,stub
0x00585470,FUN_00585470,,,0,stub
0x005854d0,FUN_005854d0,,,0,stub
0x00585670,FUN_00585670,,,0,stub
0x005856c0,FUN_005856c0,,,0,stub
0x005857c0,FUN_005857c0,,,0,stub
0x005858b0,FUN_005858b0,,,0,stub
0x00585a20,FUN_00585a20,,,0,stub
0x00585d50,FUN_00585d50,,,0,stub
0x005861f0,FUN_005861f0,,,0,stub
0x00586730,FUN_00586730,,,0,stub
0x005867b0,FUN_005867b0,,,0,stub
0x00586a60,FUN_00586a60,,,0,stub
0x00586c80,FUN_00586c80,,,0,stub
0x00586d80,FUN_00586d80,,,0,stub
0x00586eb0,FUN_00586eb0,,,0,stub
0x005870a0,FUN_005870a0,,,0,stub
0x005871a0,FUN_005871a0,,,0,stub
0x00587540,FUN_00587540,,,0,stub
0x005876a0,FUN_005876a0,,,0,stub
0x005876f0,FUN_005876f0,,,0,stub
0x00587760,FUN_00587760,,,0,stub
0x005878f0,FUN_005878f0,,,0,stub
0x00587a10,FUN_00587a10,,,0,stub
0x00587c20,FUN_00587c20,,,0,stub
0x00587fa0,FUN_00587fa0,,,0,stub
0x005881b0,FUN_005881b0,,,0,stub
0x00588310,FUN_00588310,,,0,stub
0x005885b0,FUN_005885b0,,,0,stub
0x005887a0,FUN_005887a0,,,0,stub
0x00588910,FUN_00588910,,,0,stub
0x00588aa0,FUN_00588aa0,,,0,stub
0x00588b20,FUN_00588b20,,,0,stub
0x00589210,FUN_00589210,,,0,stub
0x00589320,FUN_00589320,,,0,stub
0x00589a10,FUN_00589a10,,,0,stub
0x00589cd0,FUN_00589cd0,,,0,stub
0x00589ef0,FUN_00589ef0,,,0,stub
0x0058a440,FUN_0058a440,,,0,stub
0x0058a490,FUN_0058a490,,,0,stub
0x0058a500,FUN_0058a500,,,0,stub
0x0058a550,FUN_0058a550,,,0,stub
0x0058a5c0,FUN_0058a5c0,,,0,stub
0x0058a610,FUN_0058a610,,,0,stub
0x0058a6a0,FUN_0058a6a0,,,0,stub
0x0058a6f0,FUN_0058a6f0,,,0,stub
0x0058a7f0,FUN_0058a7f0,,,0,stub
0x0058b2e0,FUN_0058b2e0,,,0,stub
0x0058b4f0,FUN_0058b4f0,,,0,stub
0x0058b570,FUN_0058b570,,,0,stub
0x0058b5f0,FUN_0058b5f0,,,0,stub
0x0058b760,FUN_0058b760,,,0,stub
0x0058b8d0,FUN_0058b8d0,,,0,stub
0x0058b910,FUN_0058b910,,,0,stub
0x0058b950,FUN_0058b950,,,0,stub
0x0058bc30,FUN_0058bc30,,,0,stub
0x0058bd70,FUN_0058bd70,,,0,stub
0x0058c090,FUN_0058c090,,,0,stub
0x0058c3a0,FUN_0058c3a0,,,0,stub
0x0058c4a0,FUN_0058c4a0,,,0,stub
0x0058c7d0,FUN_0058c7d0,,,0,stub
0x0058d100,FUN_0058d100,,,0,stub
0x0058d3a0,FUN_0058d3a0,,,0,stub
0x0058d9b0,FUN_0058d9b0,,,0,stub
0x0058eb50,FUN_0058eb50,,,0,stub
0x0058eb80,FUN_0058eb80,,,0,stub
0x0058ebb0,FUN_0058ebb0,,,0,stub
0x0058ebe0,FUN_0058ebe0,,,0,stub
0x0058ec10,FUN_0058ec10,,,0,stub
0x0058ec40,FUN_0058ec40,,,0,stub
0x0058ec70,FUN_0058ec70,,,0,stub
0x0058eca0,FUN_0058eca0,,,0,stub
0x0058ecd0,FUN_0058ecd0,,,0,stub
0x0058ed00,FUN_0058ed00,,,0,stub
0x0058ed30,FUN_0058ed30,,,0,stub
0x0058ed60,FUN_0058ed60,,,0,stub
0x0058ed90,FUN_0058ed90,,,0,stub
0x0058edc0,FUN_0058edc0,,,0,stub
0x0058edf0,FUN_0058edf0,,,0,stub
0x0058ee20,FUN_0058ee20,,,0,stub
0x0058ee50,FUN_0058ee50,,,0,stub
0x0058eea0,FUN_0058eea0,,,0,stub
0x0058eee0,FUN_0058eee0,,,0,stub
0x0058f030,FUN_0058f030,,,0,stub
0x0058f170,FUN_0058f170,,,0,stub
0x0058f1c0,FUN_0058f1c0,,,0,stub
0x0058f290,FUN_0058f290,,,0,stub
0x0058f2d0,FUN_0058f2d0,,,0,stub
0x0058f490,FUN_0058f490,,,0,stub
0x0058f4e0,FUN_0058f4e0,,,0,stub
0x0058f5c0,FUN_0058f5c0,,,0,stub
0x0058f640,FUN_0058f640,,,0,stub
0x0058f6f0,FUN_0058f6f0,,,0,stub
0x0058f770,FUN_0058f770,,,0,stub
0x0058f9c0,FUN_0058f9c0,,,0,stub
0x0058fa20,FUN_0058fa20,,,0,stub
0x0058fe30,FUN_0058fe30,,,0,stub
0x0058fe80,FUN_0058fe80,,,0,stub
0x00590080,FUN_00590080,,,0,stub
0x005900e0,FUN_005900e0,,,0,stub
0x00590490,FUN_00590490,,,0,stub
0x005904e0,FUN_005904e0,,,0,stub
0x00590730,FUN_00590730,,,0,stub
0x00590770,FUN_00590770,,,0,stub
0x00590930,FUN_00590930,,,0,stub
0x00590980,FUN_00590980,,,0,stub
0x005909f0,FUN_005909f0,,,0,stub
0x00590b80,FUN_00590b80,,,0,stub
0x00590bd0,FUN_00590bd0,,,0,stub
0x00590c10,FUN_00590c10,,,0,stub
0x00590da0,FUN_00590da0,,,0,stub
0x00590df0,FUN_00590df0,,,0,stub
0x00590f80,FUN_00590f80,,,0,stub
0x00590fd0,FUN_00590fd0,,,0,stub
0x00591010,FUN_00591010,,,0,stub
0x005911f0,FUN_005911f0,,,0,stub
0x00591390,FUN_00591390,,,0,stub
0x00591550,FUN_00591550,,,0,stub
0x005915b0,FUN_005915b0,,,0,stub
0x00591640,FUN_00591640,,,0,stub
0x00591760,FUN_00591760,,,0,stub
0x00591800,FUN_00591800,,,0,stub
0x00591860,FUN_00591860,,,0,stub
0x00591930,FUN_00591930,,,0,stub
0x00591aa0,FUN_00591aa0,,,0,stub
0x00591af0,FUN_00591af0,,,0,stub
0x00591c00,FUN_00591c00,,,0,stub
0x00591d70,FUN_00591d70,,,0,stub
0x00591dc0,FUN_00591dc0,,,0,stub
0x00591ea0,FUN_00591ea0,,,0,stub
0x005920f0,FUN_005920f0,,,0,stub
0x00592150,FUN_00592150,,,0,stub
0x00592380,FUN_00592380,,,0,stub
0x00592500,FUN_00592500,,,0,stub
0x00592550,FUN_00592550,,,0,stub
0x005925f0,FUN_005925f0,,,0,stub
0x00592630,FUN_00592630,,,0,stub
0x005927f0,FUN_005927f0,,,0,stub
0x00592840,FUN_00592840,,,0,stub
0x00592910,FUN_00592910,,,0,stub
0x00592ac0,FUN_00592ac0,,,0,stub
0x00592b10,FUN_00592b10,,,0,stub
0x00592b80,FUN_00592b80,,,0,stub
0x00592bc0,FUN_00592bc0,,,0,stub
0x00592d80,FUN_00592d80,,,0,stub
0x00592df0,FUN_00592df0,,,0,stub
0x00592e30,FUN_00592e30,,,0,stub
0x005930a0,FUN_005930a0,,,0,stub
0x00593120,FUN_00593120,,,0,stub
0x005931a0,FUN_005931a0,,,0,stub
0x00593360,FUN_00593360,,,0,stub
0x005933b0,FUN_005933b0,,,0,stub
0x00593bf0,FUN_00593bf0,,,0,stub
0x00593d80,FUN_00593d80,,,0,stub
0x00593dd0,FUN_00593dd0,,,0,stub
0x00593f70,FUN_00593f70,,,0,stub
0x00593fd0,FUN_00593fd0,,,0,stub
0x00594010,FUN_00594010,,,0,stub
0x00594250,FUN_00594250,,,0,stub
0x005942a0,FUN_005942a0,,,0,stub
0x00594450,FUN_00594450,,,0,stub
0x005945e0,FUN_005945e0,,,0,stub
0x00594630,FUN_00594630,,,0,stub
0x00594880,FUN_00594880,,,0,stub
0x005948d0,FUN_005948d0,,,0,stub
0x005949d0,FUN_005949d0,,,0,stub
0x00594b60,FUN_00594b60,,,0,stub
0x00594bb0,FUN_00594bb0,,,0,stub
0x00594dd0,FUN_00594dd0,,,0,stub
0x00594e30,FUN_00594e30,,,0,stub
0x00594f40,FUN_00594f40,,,0,stub
0x005950d0,FUN_005950d0,,,0,stub
0x00595120,FUN_00595120,,,0,stub
0x005952e0,FUN_005952e0,,,0,stub
0x00595330,FUN_00595330,,,0,stub
0x005953c0,FUN_005953c0,,,0,stub
0x00595400,FUN_00595400,,,0,stub
0x005954d0,FUN_005954d0,,,0,stub
0x00595680,FUN_00595680,,,0,stub
0x00595880,FUN_00595880,,,0,stub
0x005958e0,FUN_005958e0,,,0,stub
0x00595a90,FUN_00595a90,,,0,stub
0x00595ad0,FUN_00595ad0,,,0,stub
0x00595c20,FUN_00595c20,,,0,stub
0x00595c70,FUN_00595c70,,,0,stub
0x00595cb0,FUN_00595cb0,,,0,stub
0x00595ee0,FUN_00595ee0,,,0,stub
0x00595f30,FUN_00595f30,,,0,stub
0x005961b0,FUN_005961b0,,,0,stub
0x00596200,FUN_00596200,,,0,stub
0x00596260,FUN_00596260,,,0,stub
0x005964b0,FUN_005964b0,,,0,stub
0x00596500,FUN_00596500,,,0,stub
0x00596640,FUN_00596640,,,0,stub
0x005967f0,FUN_005967f0,,,0,stub
0x00596840,FUN_00596840,,,0,stub
0x00596ac0,FUN_00596ac0,,,0,stub
0x00596b10,FUN_00596b10,,,0,stub
0x00596ba0,FUN_00596ba0,,,0,stub
0x00596d40,FUN_00596d40,,,0,stub
0x00596d90,FUN_00596d90,,,0,stub
0x00596f30,FUN_00596f30,,,0,stub
0x00596f80,FUN_00596f80,,,0,stub
0x00597120,FUN_00597120,,,0,stub
0x00597170,FUN_00597170,,,0,stub
0x00597310,FUN_00597310,,,0,stub
0x00597360,FUN_00597360,,,0,stub
0x00597500,FUN_00597500,,,0,stub
0x00597550,FUN_00597550,,,0,stub
0x005976f0,FUN_005976f0,,,0,stub
0x00597740,FUN_00597740,,,0,stub
0x005978e0,FUN_005978e0,,,0,stub
0x00597930,FUN_00597930,,,0,stub
0x00597ad0,FUN_00597ad0,,,0,stub
0x00597b20,FUN_00597b20,,,0,stub
0x00597cc0,FUN_00597cc0,,,0,stub
0x00597d10,FUN_00597d10,,,0,stub
0x00597d50,FUN_00597d50,,,0,stub
0x00597eb0,FUN_00597eb0,,,0,stub
0x00597f00,FUN_00597f00,,,0,stub
0x00597f60,FUN_00597f60,,,0,stub
0x00598050,FUN_00598050,,,0,stub
0x005981c0,FUN_005981c0,,,0,stub
0x00598210,FUN_00598210,,,0,stub
0x005984c0,FUN_005984c0,,,0,stub
0x005985f0,FUN_005985f0,,,0,stub
0x00598640,FUN_00598640,,,0,stub
0x005987d0,FUN_005987d0,,,0,stub
0x00598820,FUN_00598820,,,0,stub
0x00598860,FUN_00598860,,,0,stub
0x00598a60,FUN_00598a60,,,0,stub
0x00598b60,FUN_00598b60,,,0,stub
0x00598cb0,FUN_00598cb0,,,0,stub
0x00598d30,FUN_00598d30,,,0,stub
0x00598e00,FUN_00598e00,,,0,stub
0x00598f60,FUN_00598f60,,,0,stub
0x00598fb0,FUN_00598fb0,,,0,stub
0x00599340,FUN_00599340,,,0,stub
0x005994d0,FUN_005994d0,,,0,stub
0x00599520,FUN_00599520,,,0,stub
0x005996b0,FUN_005996b0,,,0,stub
0x00599700,FUN_00599700,,,0,stub
0x00599740,FUN_00599740,,,0,stub
0x005998d0,FUN_005998d0,,,0,stub
0x00599920,FUN_00599920,,,0,stub
0x00599b70,FUN_00599b70,,,0,stub
0x00599bc0,FUN_00599bc0,,,0,stub
0x00599d10,FUN_00599d10,,,0,stub
0x00599d90,FUN_00599d90,,,0,stub
0x00599df0,FUN_00599df0,,,0,stub
0x00599e50,FUN_00599e50,,,0,stub
0x0059a050,FUN_0059a050,,,0,stub
0x0059a0a0,FUN_0059a0a0,,,0,stub
0x0059a220,FUN_0059a220,,,0,stub
0x0059a3b0,FUN_0059a3b0,,,0,stub
0x0059a400,FUN_0059a400,,,0,stub
0x0059a640,FUN_0059a640,,,0,stub
0x0059a690,FUN_0059a690,,,0,stub
0x0059a810,FUN_0059a810,,,0,stub
0x0059a890,FUN_0059a890,,,0,stub
0x0059a9d0,FUN_0059a9d0,,,0,stub
0x0059aaa0,FUN_0059aaa0,,,0,stub
0x0059ac10,FUN_0059ac10,,,0,stub
0x0059ac60,FUN_0059ac60,,,0,stub
0x0059af60,FUN_0059af60,,,0,stub
0x0059afa0,FUN_0059afa0,,,0,stub
0x0059b190,FUN_0059b190,,,0,stub
0x0059b1e0,FUN_0059b1e0,,,0,stub
0x0059b4b0,FUN_0059b4b0,,,0,stub
0x0059b640,FUN_0059b640,,,0,stub
0x0059b690,FUN_0059b690,,,0,stub
0x0059b840,FUN_0059b840,,,0,stub
0x0059b890,FUN_0059b890,,,0,stub
0x0059b920,FUN_0059b920,,,0,stub
0x0059bb00,FUN_0059bb00,,,0,stub
0x0059bb50,FUN_0059bb50,,,0,stub
0x0059bd30,FUN_0059bd30,,,0,stub
0x0059bef0,FUN_0059bef0,,,0,stub
0x0059bf40,FUN_0059bf40,,,0,stub
0x0059c010,FUN_0059c010,,,0,stub
0x0059c1c0,FUN_0059c1c0,,,0,stub
0x0059c210,FUN_0059c210,,,0,stub
0x0059c2e0,FUN_0059c2e0,,,0,stub
0x0059c360,FUN_0059c360,,,0,stub
0x0059c3e0,FUN_0059c3e0,,,0,stub
0x0059c460,FUN_0059c460,,,0,stub
0x0059c550,FUN_0059c550,,,0,stub
0x0059c5d0,FUN_0059c5d0,,,0,stub
0x0059c750,FUN_0059c750,,,0,stub
0x0059c7b0,FUN_0059c7b0,,,0,stub
0x0059c9e0,FUN_0059c9e0,,,0,stub
0x0059ca60,FUN_0059ca60,,,0,stub
0x0059cca0,FUN_0059cca0,,,0,stub
0x0059ccf0,FUN_0059ccf0,,,0,stub
0x0059ce50,FUN_0059ce50,,,0,stub
0x0059ce90,FUN_0059ce90,,,0,stub
0x0059cff0,FUN_0059cff0,,,0,stub
0x0059d040,FUN_0059d040,,,0,stub
0x0059d110,FUN_0059d110,,,0,stub
0x0059d1b0,FUN_0059d1b0,,,0,stub
0x0059d320,FUN_0059d320,,,0,stub
0x0059d380,FUN_0059d380,,,0,stub
0x0059d490,FUN_0059d490,,,0,stub
0x0059d670,FUN_0059d670,,,0,stub
0x0059d6c0,FUN_0059d6c0,,,0,stub
0x0059d7c0,FUN_0059d7c0,,,0,stub
0x0059d920,FUN_0059d920,,,0,stub
0x0059d9e0,FUN_0059d9e0,,,0,stub
0x0059db10,FUN_0059db10,,,0,stub
0x0059dc30,FUN_0059dc30,,,0,stub
0x0059dda0,FUN_0059dda0,,,0,stub
0x0059de00,FUN_0059de00,,,0,stub
0x0059e050,FUN_0059e050,,,0,stub
0x0059e220,FUN_0059e220,,,0,stub
0x0059e270,FUN_0059e270,,,0,stub
0x0059e330,FUN_0059e330,,,0,stub
0x0059e370,FUN_0059e370,,,0,stub
0x0059e520,FUN_0059e520,,,0,stub
0x0059e570,FUN_0059e570,,,0,stub
0x0059e640,FUN_0059e640,,,0,stub
0x0059e7d0,FUN_0059e7d0,,,0,stub
0x0059e820,FUN_0059e820,,,0,stub
0x0059e860,FUN_0059e860,,,0,stub
0x0059ea10,FUN_0059ea10,,,0,stub
0x0059ea60,FUN_0059ea60,,,0,stub
0x0059eb70,FUN_0059eb70,,,0,stub
0x0059ed00,FUN_0059ed00,,,0,stub
0x0059ed50,FUN_0059ed50,,,0,stub
0x0059ed90,FUN_0059ed90,,,0,stub
0x0059ef70,FUN_0059ef70,,,0,stub
0x0059efc0,FUN_0059efc0,,,0,stub
0x0059f2f0,FUN_0059f2f0,,,0,stub
0x0059f340,FUN_0059f340,,,0,stub
0x0059f520,FUN_0059f520,,,0,stub
0x0059f6f0,FUN_0059f6f0,,,0,stub
0x0059f830,FUN_0059f830,,,0,stub
0x0059f880,FUN_0059f880,,,0,stub
0x0059fd50,FUN_0059fd50,,,0,stub
0x0059fda0,FUN_0059fda0,,,0,stub
0x0059ff50,FUN_0059ff50,,,0,stub
0x0059ffa0,FUN_0059ffa0,,,0,stub
0x005a0130,FUN_005a0130,,,0,stub
0x005a0190,FUN_005a0190,,,0,stub
0x005a01f0,FUN_005a01f0,,,0,stub
0x005a0370,FUN_005a0370,,,0,stub
0x005a03f0,FUN_005a03f0,,,0,stub
0x005a0470,FUN_005a0470,,,0,stub
0x005a0610,FUN_005a0610,,,0,stub
0x005a0660,FUN_005a0660,,,0,stub
0x005a0b00,FUN_005a0b00,,,0,stub
0x005a0c90,FUN_005a0c90,,,0,stub
0x005a0ce0,FUN_005a0ce0,,,0,stub
0x005a0d20,FUN_005a0d20,,,0,stub
0x005a0ed0,FUN_005a0ed0,,,0,stub
0x005a0f20,FUN_005a0f20,,,0,stub
0x005a1030,FUN_005a1030,,,0,stub
0x005a1070,FUN_005a1070,,,0,stub
0x005a1190,FUN_005a1190,,,0,stub
0x005a1320,FUN_005a1320,,,0,stub
0x005a1370,FUN_005a1370,,,0,stub
0x005a1670,FUN_005a1670,,,0,stub
0x005a1840,FUN_005a1840,,,0,stub
0x005a1890,FUN_005a1890,,,0,stub
0x005a18d0,FUN_005a18d0,,,0,stub
0x005a1ad0,FUN_005a1ad0,,,0,stub
0x005a1b20,FUN_005a1b20,,,0,stub
0x005a1cb0,FUN_005a1cb0,,,0,stub
0x005a1cf0,FUN_005a1cf0,,,0,stub
0x005a20a0,FUN_005a20a0,,,0,stub
0x005a2b50,FUN_005a2b50,,,0,stub
0x005a2d30,FUN_005a2d30,,,0,stub
0x005a2d80,FUN_005a2d80,,,0,stub
0x005a2e50,FUN_005a2e50,,,0,stub
0x005a2eb0,FUN_005a2eb0,,,0,stub
0x005a3090,FUN_005a3090,,,0,stub
0x005a30e0,FUN_005a30e0,,,0,stub
0x005a31b0,FUN_005a31b0,,,0,stub
0x005a3330,FUN_005a3330,,,0,stub
0x005a3380,FUN_005a3380,,,0,stub
0x005a33f0,FUN_005a33f0,,,0,stub
0x005a35b0,FUN_005a35b0,,,0,stub
0x005a3600,FUN_005a3600,,,0,stub
0x005a3710,FUN_005a3710,,,0,stub
0x005a3750,FUN_005a3750,,,0,stub
0x005a38e0,FUN_005a38e0,,,0,stub
0x005a3930,FUN_005a3930,,,0,stub
0x005a3a60,FUN_005a3a60,,,0,stub
0x005a3ae0,FUN_005a3ae0,,,0,stub
0x005a3c60,FUN_005a3c60,,,0,stub
0x005a3cb0,FUN_005a3cb0,,,0,stub
0x005a4260,FUN_005a4260,,,0,stub
0x005a42b0,FUN_005a42b0,,,0,stub
0x005a42f0,FUN_005a42f0,,,0,stub
0x005a44d0,FUN_005a44d0,,,0,stub
0x005a4520,FUN_005a4520,,,0,stub
0x005a46d0,FUN_005a46d0,,,0,stub
0x005a4860,FUN_005a4860,,,0,stub
0x005a48b0,FUN_005a48b0,,,0,stub
0x005a48f0,FUN_005a48f0,,,0,stub
0x005a4ab0,FUN_005a4ab0,,,0,stub
0x005a4b80,FUN_005a4b80,,,0,stub
0x005a4d10,FUN_005a4d10,,,0,stub
0x005a4d60,FUN_005a4d60,,,0,stub
0x005a4e50,FUN_005a4e50,,,0,stub
0x005a4ed0,FUN_005a4ed0,,,0,stub
0x005a4f50,FUN_005a4f50,,,0,stub
0x005a50c0,FUN_005a50c0,,,0,stub
0x005a5110,FUN_005a5110,,,0,stub
0x005a53f0,FUN_005a53f0,,,0,stub
0x005a5440,FUN_005a5440,,,0,stub
0x005a5500,FUN_005a5500,,,0,stub
0x005a5540,FUN_005a5540,,,0,stub
0x005a56e0,FUN_005a56e0,,,0,stub
0x005a5730,FUN_005a5730,,,0,stub
0x005a58c0,FUN_005a58c0,,,0,stub
0x005a5910,FUN_005a5910,,,0,stub
0x005a5970,FUN_005a5970,,,0,stub
0x005a59d0,FUN_005a59d0,,,0,stub
0x005a5a30,FUN_005a5a30,,,0,stub
0x005a5a70,FUN_005a5a70,,,0,stub
0x005a5cb0,FUN_005a5cb0,,,0,stub
0x005a5d00,FUN_005a5d00,,,0,stub
0x005a6020,FUN_005a6020,,,0,stub
0x005a6070,FUN_005a6070,,,0,stub
0x005a6130,FUN_005a6130,,,0,stub
0x005a62c0,FUN_005a62c0,,,0,stub
0x005a6310,FUN_005a6310,,,0,stub
0x005a6370,FUN_005a6370,,,0,stub
0x005a63b0,FUN_005a63b0,,,0,stub
0x005a6560,FUN_005a6560,,,0,stub
0x005a65b0,FUN_005a65b0,,,0,stub
0x005a66b0,FUN_005a66b0,,,0,stub
0x005a67b0,FUN_005a67b0,,,0,stub
0x005a6830,FUN_005a6830,,,0,stub
0x005a68b0,FUN_005a68b0,,,0,stub
0x005a6a20,FUN_005a6a20,,,0,stub
0x005a6a70,FUN_005a6a70,,,0,stub
0x005a6c70,FUN_005a6c70,,,0,stub
0x005a6cb0,FUN_005a6cb0,,,0,stub
0x005a6e50,FUN_005a6e50,,,0,stub
0x005a6ea0,FUN_005a6ea0,,,0,stub
0x005a7030,FUN_005a7030,,,0,stub
0x005a7080,FUN_005a7080,,,0,stub
0x005a70c0,FUN_005a70c0,,,0,stub
0x005a7250,FUN_005a7250,,,0,stub
0x005a72a0,FUN_005a72a0,,,0,stub
0x005a72e0,FUN_005a72e0,,,0,stub
0x005a74e0,FUN_005a74e0,,,0,stub
0x005a7530,FUN_005a7530,,,0,stub
0x005a7680,FUN_005a7680,,,0,stub
0x005a7810,FUN_005a7810,,,0,stub
0x005a7860,FUN_005a7860,,,0,stub
0x005a78a0,FUN_005a78a0,,,0,stub
0x005a7a80,FUN_005a7a80,,,0,stub
0x005a7ae0,FUN_005a7ae0,,,0,stub
0x005a7f20,FUN_005a7f20,,,0,stub
0x005a7f70,FUN_005a7f70,,,0,stub
0x005a7fb0,FUN_005a7fb0,,,0,stub
0x005a81f0,FUN_005a81f0,,,0,stub
0x005a8240,FUN_005a8240,,,0,stub
0x005a83d0,FUN_005a83d0,,,0,stub
0x005a8560,FUN_005a8560,,,0,stub
0x005a85b0,FUN_005a85b0,,,0,stub
0x005a8780,FUN_005a8780,,,0,stub
0x005a87d0,FUN_005a87d0,,,0,stub
0x005a8970,FUN_005a8970,,,0,stub
0x005a8b00,FUN_005a8b00,,,0,stub
0x005a8b50,FUN_005a8b50,,,0,stub
0x005a8d50,FUN_005a8d50,,,0,stub
0x005a8da0,FUN_005a8da0,,,0,stub
0x005a8ef0,FUN_005a8ef0,,,0,stub
0x005a9080,FUN_005a9080,,,0,stub
0x005a90d0,FUN_005a90d0,,,0,stub
0x005a9280,FUN_005a9280,,,0,stub
0x005a92d0,FUN_005a92d0,,,0,stub
0x005a9390,FUN_005a9390,,,0,stub
0x005a94f0,FUN_005a94f0,,,0,stub
0x005a9540,FUN_005a9540,,,0,stub
0x005a95b0,FUN_005a95b0,,,0,stub
0x005a9740,FUN_005a9740,,,0,stub
0x005a9790,FUN_005a9790,,,0,stub
0x005a99a0,FUN_005a99a0,,,0,stub
0x005a99f0,FUN_005a99f0,,,0,stub
0x005a9ab0,FUN_005a9ab0,,,0,stub
0x005a9c40,FUN_005a9c40,,,0,stub
0x005a9c90,FUN_005a9c90,,,0,stub
0x005a9d90,FUN_005a9d90,,,0,stub
0x005a9f00,FUN_005a9f00,,,0,stub
0x005a9f50,FUN_005a9f50,,,0,stub
0x005aa140,FUN_005aa140,,,0,stub
0x005aa2d0,FUN_005aa2d0,,,0,stub
0x005aa320,FUN_005aa320,,,0,stub
0x005aa440,FUN_005aa440,,,0,stub
0x005aa4c0,FUN_005aa4c0,,,0,stub
0x005aa630,FUN_005aa630,,,0,stub
0x005aa680,FUN_005aa680,,,0,stub
0x005aaa70,FUN_005aaa70,,,0,stub
0x005aab40,FUN_005aab40,,,0,stub
0x005aaf60,FUN_005aaf60,,,0,stub
0x005ab100,FUN_005ab100,,,0,stub
0x005ab270,FUN_005ab270,,,0,stub
0x005ab300,FUN_005ab300,,,0,stub
0x005ab430,FUN_005ab430,,,0,stub
0x005ab510,FUN_005ab510,,,0,stub
0x005ab660,FUN_005ab660,,,0,stub
0x005ab720,FUN_005ab720,,,0,stub
0x005ab7c0,FUN_005ab7c0,,,0,stub
0x005ab930,FUN_005ab930,,,0,stub
0x005aba30,FUN_005aba30,,,0,stub
0x005ac400,FUN_005ac400,,,0,stub
0x005ac970,FUN_005ac970,,,0,stub
0x005acb90,FUN_005acb90,,,0,stub
0x005acd10,FUN_005acd10,,,0,stub
0x005acfb0,FUN_005acfb0,,,0,stub
0x005ad0e0,FUN_005ad0e0,,,0,stub
0x005ad610,FUN_005ad610,,,0,stub
0x005ad6c0,FUN_005ad6c0,,,0,stub
0x005ad900,FUN_005ad900,,,0,stub
0x005ad980,FUN_005ad980,,,0,stub
0x005ada00,FUN_005ada00,,,0,stub
0x005add80,FUN_005add80,,,0,stub
0x005ade10,FUN_005ade10,,,0,stub
0x005ade60,FUN_005ade60,,,0,stub
0x005ade90,FUN_005ade90,,,0,stub
0x005ae1e0,FUN_005ae1e0,,,0,stub
0x005ae3d0,FUN_005ae3d0,,,0,stub
0x005ae8d0,FUN_005ae8d0,,,0,stub
0x005ae9a0,FUN_005ae9a0,,,0,stub
0x005aeb20,FUN_005aeb20,,,0,stub
0x005aebd0,FUN_005aebd0,,,0,stub
0x005aec60,FUN_005aec60,,,0,stub
0x005aed50,FUN_005aed50,,,0,stub
0x005aee20,FUN_005aee20,,,0,stub
0x005aee80,FUN_005aee80,,,0,stub
0x005aefe0,FUN_005aefe0,,,0,stub
0x005af350,FUN_005af350,,,0,stub
0x005af5a0,FUN_005af5a0,,,0,stub
0x005afa40,FUN_005afa40,,,0,stub
0x005afdf0,FUN_005afdf0,,,0,stub
0x005b0110,FUN_005b0110,,,0,stub
0x005b01f0,FUN_005b01f0,,,0,stub
0x005b03b0,FUN_005b03b0,,,0,stub
0x005b0450,FUN_005b0450,,,0,stub
0x005b04f0,FUN_005b04f0,,,0,stub
0x005b05d0,FUN_005b05d0,,,0,stub
0x005b0690,FUN_005b0690,,,0,stub
0x005b0ba0,FUN_005b0ba0,,,0,stub
0x005b0df0,FUN_005b0df0,,,0,stub
0x005b0ec0,FUN_005b0ec0,,,0,stub
0x005b0f50,FUN_005b0f50,,,0,stub
0x005b10d0,FUN_005b10d0,,,0,stub
0x005b1c00,FUN_005b1c00,,,0,stub
0x005b1df0,FUN_005b1df0,,,0,stub
0x005b2150,FUN_005b2150,,,0,stub
0x005b2290,FUN_005b2290,,,0,stub
0x005b2380,FUN_005b2380,,,0,stub
0x005b2420,FUN_005b2420,,,0,stub
0x005b26d0,FUN_005b26d0,,,0,stub
0x005b2dc0,FUN_005b2dc0,,,0,stub
0x005b2e50,FUN_005b2e50,,,0,stub
0x005b4d60,FUN_005b4d60,,,0,stub
0x005b4e10,FUN_005b4e10,,,0,stub
0x005b4e70,FUN_005b4e70,,,0,stub
0x005b4fb0,FUN_005b4fb0,,,0,stub
0x005b5000,FUN_005b5000,,,0,stub
0x005b50e0,FUN_005b50e0,,,0,stub
0x005b5400,FUN_005b5400,,,0,stub
0x005b56d0,FUN_005b56d0,,,0,stub
0x005b5970,FUN_005b5970,,,0,stub
0x005b5ba0,FUN_005b5ba0,,,0,stub
0x005b5d00,FUN_005b5d00,,,0,stub
0x005b5de0,FUN_005b5de0,,,0,stub
0x005b5e50,FUN_005b5e50,,,0,stub
0x005b5ee0,FUN_005b5ee0,,,0,stub
0x005b60c0,FUN_005b60c0,,,0,stub
0x005b64b0,FUN_005b64b0,,,0,stub
0x005b6520,FUN_005b6520,,,0,stub
0x005b66a0,FUN_005b66a0,,,0,stub
0x005b6780,FUN_005b6780,,,0,stub
0x005b67f0,FUN_005b67f0,,,0,stub
0x005b68e0,FUN_005b68e0,,,0,stub
0x005b6a20,FUN_005b6a20,,,0,stub
0x005b6be0,FUN_005b6be0,,,0,stub
0x005b6e20,FUN_005b6e20,,,0,stub
0x005b7030,FUN_005b7030,,,0,stub
0x005b74d0,FUN_005b74d0,,,0,stub
0x005b7840,FUN_005b7840,,,0,stub
0x005b79e0,FUN_005b79e0,,,0,stub
0x005b7aa0,FUN_005b7aa0,,,0,stub
0x005b7b60,FUN_005b7b60,,,0,stub
0x005b7c80,FUN_005b7c80,,,0,stub
0x005b7ce0,FUN_005b7ce0,,,0,stub
0x005b7d40,FUN_005b7d40,,,0,stub
0x005b8130,FUN_005b8130,,,0,stub
0x005b81c0,FUN_005b81c0,,,0,stub
0x005b8360,FUN_005b8360,,,0,stub
0x005b8600,FUN_005b8600,,,0,stub
0x005b8710,FUN_005b8710,,,0,stub
0x005b8770,FUN_005b8770,,,0,stub
0x005b87d0,FUN_005b87d0,,,0,stub
0x005b8900,FUN_005b8900,,,0,stub
0x005b8990,FUN_005b8990,,,0,stub
0x005b8b30,FUN_005b8b30,,,0,stub
0x005b8b80,FUN_005b8b80,,,0,stub
0x005b8c10,FUN_005b8c10,,,0,stub
0x005b8e10,FUN_005b8e10,,,0,stub
0x005b8e50,FUN_005b8e50,,,0,stub
0x005b9180,FUN_005b9180,,,0,stub
0x005b9370,FUN_005b9370,,,0,stub
0x005b93e0,FUN_005b93e0,,,0,stub
0x005b9430,FUN_005b9430,,,0,stub
0x005b9920,FUN_005b9920,,,0,stub
0x005b99b0,FUN_005b99b0,,,0,stub
0x005b9ab0,FUN_005b9ab0,,,0,stub
0x005ba490,FUN_005ba490,,,0,stub
0x005ba4e0,FUN_005ba4e0,,,0,stub
0x005ba600,FUN_005ba600,,,0,stub
0x005ba760,FUN_005ba760,,,0,stub
0x005ba7f0,FUN_005ba7f0,,,0,stub
0x005ba850,FUN_005ba850,,,0,stub
0x005baad0,FUN_005baad0,,,0,stub
0x005bab30,FUN_005bab30,,,0,stub
0x005bab60,FUN_005bab60,,,0,stub
0x005bac60,FUN_005bac60,,,0,stub
0x005bb090,FUN_005bb090,,,0,stub
0x005bb270,FUN_005bb270,,,0,stub
0x005bb640,FUN_005bb640,,,0,stub
0x005bbb30,FUN_005bbb30,,,0,stub
0x005bc9d0,FUN_005bc9d0,,,0,stub
0x005bcb20,FUN_005bcb20,,,0,stub
0x005bd110,FUN_005bd110,,,0,stub
0x005bd280,FUN_005bd280,,,0,stub
0x005bd3a0,FUN_005bd3a0,,,0,stub
0x005bdb70,FUN_005bdb70,,,0,stub
0x005bded0,FUN_005bded0,,,0,stub
0x005be1a0,FUN_005be1a0,,,0,stub
0x005be240,FUN_005be240,,,0,stub
0x005be2d0,FUN_005be2d0,,,0,stub
0x005be380,FUN_005be380,,,0,stub
0x005be4d0,FUN_005be4d0,,,0,stub
0x005bed40,FUN_005bed40,,,0,stub
0x005bf810,FUN_005bf810,,,0,stub
0x005bf860,FUN_005bf860,,,0,stub
0x005bf890,FUN_005bf890,,,0,stub
0x005bf940,FUN_005bf940,,,0,stub
0x005bfd50,FUN_005bfd50,,,0,stub
0x005bfeb0,FUN_005bfeb0,,,0,stub
0x005c02c0,FUN_005c02c0,,,0,stub
0x005c0580,FUN_005c0580,,,0,stub
0x005c06c0,FUN_005c06c0,,,0,stub
0x005c0830,FUN_005c0830,,,0,stub
0x005c08d0,FUN_005c08d0,,,0,stub
0x005c09a0,FUN_005c09a0,,,0,stub
0x005c0a80,FUN_005c0a80,,,0,stub
0x005c0b70,FUN_005c0b70,,,0,stub
0x005c0bb0,FUN_005c0bb0,,,0,stub
0x005c0d40,FUN_005c0d40,,,0,stub
0x005c0da0,FUN_005c0da0,,,0,stub
0x005c0e50,FUN_005c0e50,,,0,stub
0x005c0ee0,FUN_005c0ee0,,,0,stub
0x005c1080,FUN_005c1080,,,0,stub
0x005c1140,FUN_005c1140,,,0,stub
0x005c1260,FUN_005c1260,,,0,stub
0x005c1310,FUN_005c1310,,,0,stub
0x005c1440,FUN_005c1440,,,0,stub
0x005c1510,FUN_005c1510,,,0,stub
0x005c1650,FUN_005c1650,,,0,stub
0x005c1740,FUN_005c1740,,,0,stub
0x005c17c0,FUN_005c17c0,,,0,stub
0x005c1c80,FUN_005c1c80,,,0,stub
0x005c1e20,FUN_005c1e20,,,0,stub
0x005c2700,FUN_005c2700,,,0,stub
0x005c2830,FUN_005c2830,,,0,stub
0x005c29d0,FUN_005c29d0,,,0,stub
0x005c2d60,FUN_005c2d60,,,0,stub
0x005c2de0,FUN_005c2de0,,,0,stub
0x005c4370,FUN_005c4370,,,0,stub
0x005c5d30,FUN_005c5d30,,,0,stub
0x005c6450,FUN_005c6450,,,0,stub
0x005c6630,FUN_005c6630,,,0,stub
0x005c6890,FUN_005c6890,,,0,stub
0x005c6970,FUN_005c6970,,,0,stub
0x005c69e0,FUN_005c69e0,,,0,stub
0x005c81f0,FUN_005c81f0,,,0,stub
0x005c8500,FUN_005c8500,,,0,stub
0x005c8760,FUN_005c8760,,,0,stub
0x005c87b0,FUN_005c87b0,,,0,stub
0x005c87f0,FUN_005c87f0,,,0,stub
0x005c9090,FUN_005c9090,,,0,stub
0x005c9250,FUN_005c9250,,,0,stub
0x005c9e10,FUN_005c9e10,,,0,stub
0x005c9e70,FUN_005c9e70,,,0,stub
0x005ca020,FUN_005ca020,,,0,stub
0x005ca220,FUN_005ca220,,,0,stub
0x005ca2c0,FUN_005ca2c0,,,0,stub
0x005ca490,FUN_005ca490,,,0,stub
0x005ca4e0,FUN_005ca4e0,,,0,stub
0x005ca680,FUN_005ca680,,,0,stub
0x005ca760,FUN_005ca760,,,0,stub
0x005cad80,FUN_005cad80,,,0,stub
0x005cb750,FUN_005cb750,,,0,stub
0x005cb860,FUN_005cb860,,,0,stub
0x005cba30,FUN_005cba30,,,0,stub
0x005cbe10,FUN_005cbe10,,,0,stub
0x005cbfc0,FUN_005cbfc0,,,0,stub
0x005cc010,FUN_005cc010,,,0,stub
0x005cc090,FUN_005cc090,,,0,stub
0x005cc200,FUN_005cc200,,,0,stub
0x005cc4c0,FUN_005cc4c0,,,0,stub
0x005cc530,FUN_005cc530,,,0,stub
0x005cc570,FUN_005cc570,,,0,stub
0x005cc5b0,FUN_005cc5b0,,,0,stub
0x005cc6e0,FUN_005cc6e0,,,0,stub
0x005ccaa0,FUN_005ccaa0,,,0,stub
0x005cd360,FUN_005cd360,,,0,stub
0x005cd3b0,FUN_005cd3b0,,,0,stub
0x005cdf80,FUN_005cdf80,,,0,stub
0x005cdfc0,FUN_005cdfc0,,,0,stub
0x005ce190,FUN_005ce190,,,0,stub
0x005ce7d0,FUN_005ce7d0,,,0,stub
0x005cebe0,FUN_005cebe0,,,0,stub
0x005ced50,FUN_005ced50,,,0,stub
0x005cfa80,FUN_005cfa80,,,0,stub
0x005cfb00,FUN_005cfb00,,,0,stub
0x005cfba0,FUN_005cfba0,,,0,stub
0x005cfcc0,FUN_005cfcc0,,,0,stub
0x005cfdb0,FUN_005cfdb0,,,0,stub
0x005cfef0,FUN_005cfef0,,,0,stub
0x005cff30,FUN_005cff30,,,0,stub
0x005cff70,FUN_005cff70,,,0,stub
0x005d0140,FUN_005d0140,,,0,stub
0x005d0390,FUN_005d0390,,,0,stub
0x005d03f0,FUN_005d03f0,,,0,stub
0x005d0670,FUN_005d0670,,,0,stub
0x005d09d0,FUN_005d09d0,,,0,stub
0x005d0ef0,FUN_005d0ef0,,,0,stub
0x005d13b0,FUN_005d13b0,,,0,stub
0x005d18b0,FUN_005d18b0,,,0,stub
0x005d1a70,FUN_005d1a70,,,0,stub
0x005d1c30,FUN_005d1c30,,,0,stub
0x005d1c90,FUN_005d1c90,,,0,stub
0x005d1d20,FUN_005d1d20,,,0,stub
0x005d1da0,FUN_005d1da0,,,0,stub
0x005d1e60,FUN_005d1e60,,,0,stub
0x005d1f90,FUN_005d1f90,,,0,stub
0x005d2040,FUN_005d2040,,,0,stub
0x005d2090,FUN_005d2090,,,0,stub
0x005d2110,FUN_005d2110,,,0,stub
0x005d2280,FUN_005d2280,,,0,stub
0x005d2920,FUN_005d2920,,,0,stub
0x005d2e30,FUN_005d2e30,,,0,stub
0x005d3110,FUN_005d3110,,,0,stub
0x005d3310,FUN_005d3310,,,0,stub
0x005d3370,FUN_005d3370,,,0,stub
0x005d39e0,FUN_005d39e0,,,0,stub
0x005d3a70,FUN_005d3a70,,,0,stub
0x005d3b60,FUN_005d3b60,,,0,stub
0x005d3bf0,FUN_005d3bf0,,,0,stub
0x005d3d00,FUN_005d3d00,,,0,stub
0x005d3d60,FUN_005d3d60,,,0,stub
0x005d3f80,FUN_005d3f80,,,0,stub
0x005d4040,FUN_005d4040,,,0,stub
0x005d4100,FUN_005d4100,,,0,stub
0x005d41c0,FUN_005d41c0,,,0,stub
0x005d4210,FUN_005d4210,,,0,stub
0x005d42c0,FUN_005d42c0,,,0,stub
0x005d44a0,FUN_005d44a0,,,0,stub
0x005d44f0,FUN_005d44f0,,,0,stub
0x005d45c0,FUN_005d45c0,,,0,stub
0x005d4640,FUN_005d4640,,,0,stub
0x005d4700,FUN_005d4700,,,0,stub
0x005d4780,FUN_005d4780,,,0,stub
0x005d4a90,FUN_005d4a90,,,0,stub
0x005d4bd0,FUN_005d4bd0,,,0,stub
0x005d4cf0,FUN_005d4cf0,,,0,stub
0x005d4d70,FUN_005d4d70,,,0,stub
0x005d4ee0,FUN_005d4ee0,,,0,stub
0x005d4fc0,FUN_005d4fc0,,,0,stub
0x005d5070,FUN_005d5070,,,0,stub
0x005d5370,FUN_005d5370,,,0,stub
0x005d53f0,FUN_005d53f0,,,0,stub
0x005d5490,FUN_005d5490,,,0,stub
0x005d5520,FUN_005d5520,,,0,stub
0x005d5590,FUN_005d5590,,,0,stub
0x005d5710,FUN_005d5710,,,0,stub
0x005d5e70,FUN_005d5e70,,,0,stub
0x005d6330,FUN_005d6330,,,0,stub
0x005d6500,FUN_005d6500,,,0,stub
0x005d6650,FUN_005d6650,,,0,stub
0x005d70d0,FUN_005d70d0,,,0,stub
0x005d71a0,FUN_005d71a0,,,0,stub
0x005d72f0,FUN_005d72f0,,,0,stub
0x005d7d80,FUN_005d7d80,,,0,stub
0x005d8050,FUN_005d8050,,,0,stub
0x005d8150,FUN_005d8150,,,0,stub
0x005d8260,FUN_005d8260,,,0,stub
0x005d8470,FUN_005d8470,,,0,stub
0x005d84f0,FUN_005d84f0,,,0,stub
0x005d8670,FUN_005d8670,,,0,stub
0x005d86d0,FUN_005d86d0,,,0,stub
0x005d8770,FUN_005d8770,,,0,stub
0x005d88b0,FUN_005d88b0,,,0,stub
0x005d89b0,FUN_005d89b0,,,0,stub
0x005d8a80,FUN_005d8a80,,,0,stub
0x005d8b50,FUN_005d8b50,,,0,stub
0x005d8d40,FUN_005d8d40,,,0,stub
0x005d8e60,FUN_005d8e60,,,0,stub
0x005d9050,FUN_005d9050,,,0,stub
0x005d9120,FUN_005d9120,,,0,stub
0x005d9180,FUN_005d9180,,,0,stub
0x005d91f0,FUN_005d91f0,,,0,stub
0x005d9240,FUN_005d9240,,,0,stub
0x005d92b0,FUN_005d92b0,,,0,stub
0x005d9310,FUN_005d9310,,,0,stub
0x005d9360,FUN_005d9360,,,0,stub
0x005d94d0,FUN_005d94d0,,,0,stub
0x005d9660,FUN_005d9660,,,0,stub
0x005d9730,FUN_005d9730,,,0,stub
0x005d9850,FUN_005d9850,,,0,stub
0x005d99b0,FUN_005d99b0,,,0,stub
0x005d9c10,FUN_005d9c10,,,0,stub
0x005d9f60,FUN_005d9f60,,,0,stub
0x005d9fd0,FUN_005d9fd0,,,0,stub
0x005da470,FUN_005da470,,,0,stub
0x005da950,FUN_005da950,,,0,stub
0x005daab0,FUN_005daab0,,,0,stub
0x005dab90,FUN_005dab90,,,0,stub
0x005dabf0,FUN_005dabf0,,,0,stub
0x005db7a0,FUN_005db7a0,,,0,stub
0x005db830,FUN_005db830,,,0,stub
0x005db890,FUN_005db890,,,0,stub
0x005db8e0,FUN_005db8e0,,,0,stub
0x005db9d0,FUN_005db9d0,,,0,stub
0x005dbbd0,FUN_005dbbd0,,,0,stub
0x005dbc90,FUN_005dbc90,,,0,stub
0x005dc2d0,FUN_005dc2d0,,,0,stub
0x005dc390,FUN_005dc390,,,0,stub
0x005dc540,FUN_005dc540,,,0,stub
0x005dca70,FUN_005dca70,,,0,stub
0x005dce20,FUN_005dce20,,,0,stub
0x005dd130,FUN_005dd130,,,0,stub
0x005dd380,FUN_005dd380,,,0,stub
0x005dd650,FUN_005dd650,,,0,stub
0x005ddc90,FUN_005ddc90,,,0,stub
0x005ddfd0,FUN_005ddfd0,,,0,stub
0x005de6c0,FUN_005de6c0,,,0,stub
0x005de720,FUN_005de720,,,0,stub
0x005de8e0,FUN_005de8e0,,,0,stub
0x005de980,FUN_005de980,,,0,stub
0x005dea40,FUN_005dea40,,,0,stub
0x005dec20,FUN_005dec20,,,0,stub
0x005df370,FUN_005df370,,,0,stub
0x005df5a0,FUN_005df5a0,,,0,stub
0x005df690,FUN_005df690,,,0,stub
0x005e0210,FUN_005e0210,,,0,stub
0x005e0300,FUN_005e0300,,,0,stub
0x005e0800,FUN_005e0800,,,0,stub
0x005e0ae0,FUN_005e0ae0,,,0,stub
0x005e0d60,FUN_005e0d60,,,0,stub
0x005e1aa0,FUN_005e1aa0,,,0,stub
0x005e1e40,FUN_005e1e40,,,0,stub
0x005e1ed0,FUN_005e1ed0,,,0,stub
0x005e2020,FUN_005e2020,,,0,stub
0x005e2170,FUN_005e2170,,,0,stub
0x005e27c0,FUN_005e27c0,,,0,stub
0x005e2ab0,FUN_005e2ab0,,,0,stub
0x005e2c90,FUN_005e2c90,,,0,stub
0x005e2d60,FUN_005e2d60,,,0,stub
0x005e2e10,FUN_005e2e10,,,0,stub
0x005e2f30,FUN_005e2f30,,,0,stub
0x005e3350,FUN_005e3350,,,0,stub
0x005e3700,FUN_005e3700,,,0,stub
0x005e3b50,FUN_005e3b50,,,0,stub
0x005e4110,FUN_005e4110,,,0,stub
0x005e42b0,FUN_005e42b0,,,0,stub
0x005e4e80,FUN_005e4e80,,,0,stub
0x005e4eb0,FUN_005e4eb0,,,0,stub
0x005e4f30,FUN_005e4f30,,,0,stub
0x005e4fd0,FUN_005e4fd0,,,0,stub
0x005e5140,FUN_005e5140,,,0,stub
0x005e5190,FUN_005e5190,,,0,stub
0x005e5270,FUN_005e5270,,,0,stub
0x005e5390,FUN_005e5390,,,0,stub
0x005e5400,FUN_005e5400,,,0,stub
0x005e5450,FUN_005e5450,,,0,stub
0x005e55c0,FUN_005e55c0,,,0,stub
0x005e5610,FUN_005e5610,,,0,stub
0x005e56f0,FUN_005e56f0,,,0,stub
0x005e5870,FUN_005e5870,,,0,stub
0x005e5900,FUN_005e5900,,,0,stub
0x005e5a70,FUN_005e5a70,,,0,stub
0x005e5ac0,FUN_005e5ac0,,,0,stub
0x005e5ba0,FUN_005e5ba0,,,0,stub
0x005e5d30,FUN_005e5d30,,,0,stub
0x005e5d80,FUN_005e5d80,,,0,stub
0x005e5f10,FUN_005e5f10,,,0,stub
0x005e5f60,FUN_005e5f60,,,0,stub
0x005e5fa0,FUN_005e5fa0,,,0,stub
0x005e6100,FUN_005e6100,,,0,stub
0x005e6150,FUN_005e6150,,,0,stub
0x005e61c0,FUN_005e61c0,,,0,stub
0x005e6320,FUN_005e6320,,,0,stub
0x005e6370,FUN_005e6370,,,0,stub
0x005e63e0,FUN_005e63e0,,,0,stub
0x005e6540,FUN_005e6540,,,0,stub
0x005e6590,FUN_005e6590,,,0,stub
0x005e6600,FUN_005e6600,,,0,stub
0x005e6640,FUN_005e6640,,,0,stub
0x005e67f0,FUN_005e67f0,,,0,stub
0x005e6840,FUN_005e6840,,,0,stub
0x005e6910,FUN_005e6910,,,0,stub
0x005e6aa0,FUN_005e6aa0,,,0,stub
0x005e6bd0,FUN_005e6bd0,,,0,stub
0x005e6c20,FUN_005e6c20,,,0,stub
0x005e6c60,FUN_005e6c60,,,0,stub
0x005e6e80,FUN_005e6e80,,,0,stub
0x005e6ed0,FUN_005e6ed0,,,0,stub
0x005e6fa0,FUN_005e6fa0,,,0,stub
0x005e6fe0,FUN_005e6fe0,,,0,stub
0x005e71a0,FUN_005e71a0,,,0,stub
0x005e71f0,FUN_005e71f0,,,0,stub
0x005e7320,FUN_005e7320,,,0,stub
0x005e7480,FUN_005e7480,,,0,stub
0x005e74d0,FUN_005e74d0,,,0,stub
0x005e7540,FUN_005e7540,,,0,stub
0x005e7720,FUN_005e7720,,,0,stub
0x005e77a0,FUN_005e77a0,,,0,stub
0x005e7950,FUN_005e7950,,,0,stub
0x005e7a90,FUN_005e7a90,,,0,stub
0x005e7ab0,FUN_005e7ab0,,,0,stub
0x005e7b30,FUN_005e7b30,,,0,stub
0x005e7bb0,FUN_005e7bb0,,,0,stub
0x005e7bf0,FUN_005e7bf0,,,0,stub
0x005e7cf0,FUN_005e7cf0,,,0,stub
0x005e7e90,FUN_005e7e90,,,0,stub
0x005e80f0,FUN_005e80f0,,,0,stub
0x005e8220,FUN_005e8220,,,0,stub
0x005e8500,FUN_005e8500,,,0,stub
0x005e8770,FUN_005e8770,,,0,stub
0x005e87a0,FUN_005e87a0,,,0,stub
0x005e8800,FUN_005e8800,,,0,stub
0x005e8910,FUN_005e8910,,,0,stub
0x005e8a80,FUN_005e8a80,,,0,stub
0x005e8ae0,FUN_005e8ae0,,,0,stub
0x005e8bf0,FUN_005e8bf0,,,0,stub
0x005e8da0,FUN_005e8da0,,,0,stub
0x005e8df0,FUN_005e8df0,,,0,stub
0x005e8ec0,FUN_005e8ec0,,,0,stub
0x005e9010,FUN_005e9010,,,0,stub
0x005e9060,FUN_005e9060,,,0,stub
0x005e91f0,FUN_005e91f0,,,0,stub
0x005e9320,FUN_005e9320,,,0,stub
0x005e9370,FUN_005e9370,,,0,stub
0x005e9500,FUN_005e9500,,,0,stub
0x005e9550,FUN_005e9550,,,0,stub
0x005e9590,FUN_005e9590,,,0,stub
0x005e9790,FUN_005e9790,,,0,stub
0x005e97e0,FUN_005e97e0,,,0,stub
0x005e98d0,FUN_005e98d0,,,0,stub
0x005e9ad0,FUN_005e9ad0,,,0,stub
0x005e9b30,FUN_005e9b30,,,0,stub
0x005e9d20,FUN_005e9d20,,,0,stub
0x005e9e70,FUN_005e9e70,,,0,stub
0x005e9ee0,FUN_005e9ee0,,,0,stub
0x005ea070,FUN_005ea070,,,0,stub
0x005ea1a0,FUN_005ea1a0,,,0,stub
0x005ea1f0,FUN_005ea1f0,,,0,stub
0x005ea230,FUN_005ea230,,,0,stub
0x005ea370,FUN_005ea370,,,0,stub
0x005ea3f0,FUN_005ea3f0,,,0,stub
0x005ea470,FUN_005ea470,,,0,stub
0x005ea4f0,FUN_005ea4f0,,,0,stub
0x005ea570,FUN_005ea570,,,0,stub
0x005ea6f0,FUN_005ea6f0,,,0,stub
0x005ea740,FUN_005ea740,,,0,stub
0x005eacc0,FUN_005eacc0,,,0,stub
0x005ead10,FUN_005ead10,,,0,stub
0x005eadd0,FUN_005eadd0,,,0,stub
0x005eae10,FUN_005eae10,,,0,stub
0x005eaf80,FUN_005eaf80,,,0,stub
0x005eafd0,FUN_005eafd0,,,0,stub
0x005eb040,FUN_005eb040,,,0,stub
0x005eb0f0,FUN_005eb0f0,,,0,stub
0x005eb280,FUN_005eb280,,,0,stub
0x005eb2e0,FUN_005eb2e0,,,0,stub
0x005eb470,FUN_005eb470,,,0,stub
0x005eb5b0,FUN_005eb5b0,,,0,stub
0x005eb600,FUN_005eb600,,,0,stub
0x005eb6c0,FUN_005eb6c0,,,0,stub
0x005eb7d0,FUN_005eb7d0,,,0,stub
0x005eba40,FUN_005eba40,,,0,stub
0x005ebf10,FUN_005ebf10,,,0,stub
0x005ebfe0,FUN_005ebfe0,,,0,stub
0x005ec040,FUN_005ec040,,,0,stub
0x005ec110,FUN_005ec110,,,0,stub
0x005ec170,FUN_005ec170,,,0,stub
0x005ec1d0,FUN_005ec1d0,,,0,stub
0x005ec330,FUN_005ec330,,,0,stub
0x005ec380,FUN_005ec380,,,0,stub
0x005ec3e0,FUN_005ec3e0,,,0,stub
0x005ec440,FUN_005ec440,,,0,stub
0x005ec490,FUN_005ec490,,,0,stub
0x005ec520,FUN_005ec520,,,0,stub
0x005ec5b0,FUN_005ec5b0,,,0,stub
0x005ec6c0,FUN_005ec6c0,,,0,stub
0x005ec750,FUN_005ec750,,,0,stub
0x005ec7d0,FUN_005ec7d0,,,0,stub
0x005eca00,FUN_005eca00,,,0,stub
0x005ecb80,FUN_005ecb80,,,0,stub
0x005ecc00,FUN_005ecc00,,,0,stub
0x005ecce0,FUN_005ecce0,,,0,stub
0x005ece50,FUN_005ece50,,,0,stub
0x005ecfe0,FUN_005ecfe0,,,0,stub
0x005ed020,FUN_005ed020,,,0,stub
0x005ed080,FUN_005ed080,,,0,stub
0x005ed100,FUN_005ed100,,,0,stub
0x005ed5c0,FUN_005ed5c0,,,0,stub
0x005edef0,FUN_005edef0,,,0,stub
0x005edf70,FUN_005edf70,,,0,stub
0x005ee100,FUN_005ee100,,,0,stub
0x005ee150,FUN_005ee150,,,0,stub
0x005ee2e0,FUN_005ee2e0,,,0,stub
0x005ee420,FUN_005ee420,,,0,stub
0x005ee470,FUN_005ee470,,,0,stub
0x005ee540,FUN_005ee540,,,0,stub
0x005ee580,FUN_005ee580,,,0,stub
0x005ee6f0,FUN_005ee6f0,,,0,stub
0x005ee7d0,FUN_005ee7d0,,,0,stub
0x005ee810,FUN_005ee810,,,0,stub
0x005ee9a0,FUN_005ee9a0,,,0,stub
0x005eea30,FUN_005eea30,,,0,stub
0x005eec10,FUN_005eec10,,,0,stub
0x005eec60,FUN_005eec60,,,0,stub
0x005eedd0,FUN_005eedd0,,,0,stub
0x005eee10,FUN_005eee10,,,0,stub
0x005eefe0,FUN_005eefe0,,,0,stub
0x005ef030,FUN_005ef030,,,0,stub
0x005ef0a0,FUN_005ef0a0,,,0,stub
0x005ef150,FUN_005ef150,,,0,stub
0x005ef2e0,FUN_005ef2e0,,,0,stub
0x005ef330,FUN_005ef330,,,0,stub
0x005ef370,FUN_005ef370,,,0,stub
0x005ef500,FUN_005ef500,,,0,stub
0x005ef640,FUN_005ef640,,,0,stub
0x005ef690,FUN_005ef690,,,0,stub
0x005ef770,FUN_005ef770,,,0,stub
0x005ef7b0,FUN_005ef7b0,,,0,stub
0x005efa10,FUN_005efa10,,,0,stub
0x005efa60,FUN_005efa60,,,0,stub
0x005efb30,FUN_005efb30,,,0,stub
0x005efd20,FUN_005efd20,,,0,stub
0x005efd70,FUN_005efd70,,,0,stub
0x005efde0,FUN_005efde0,,,0,stub
0x005eff90,FUN_005eff90,,,0,stub
0x005effe0,FUN_005effe0,,,0,stub
0x005f00b0,FUN_005f00b0,,,0,stub
0x005f00f0,FUN_005f00f0,,,0,stub
0x005f0350,FUN_005f0350,,,0,stub
0x005f03a0,FUN_005f03a0,,,0,stub
0x005f04a0,FUN_005f04a0,,,0,stub
0x005f0660,FUN_005f0660,,,0,stub
0x005f06b0,FUN_005f06b0,,,0,stub
0x005f0780,FUN_005f0780,,,0,stub
0x005f0910,FUN_005f0910,,,0,stub
0x005f0960,FUN_005f0960,,,0,stub
0x005f09a0,FUN_005f09a0,,,0,stub
0x005f0b50,FUN_005f0b50,,,0,stub
0x005f0ba0,FUN_005f0ba0,,,0,stub
0x005f0cc0,FUN_005f0cc0,,,0,stub
0x005f0d00,FUN_005f0d00,,,0,stub
0x005f0ee0,FUN_005f0ee0,,,0,stub
0x005f0f30,FUN_005f0f30,,,0,stub
0x005f1170,FUN_005f1170,,,0,stub
0x005f1320,FUN_005f1320,,,0,stub
0x005f1370,FUN_005f1370,,,0,stub
0x005f1450,FUN_005f1450,,,0,stub
0x005f1620,FUN_005f1620,,,0,stub
0x005f1670,FUN_005f1670,,,0,stub
0x005f1800,FUN_005f1800,,,0,stub
0x005f1840,FUN_005f1840,,,0,stub
0x005f1a90,FUN_005f1a90,,,0,stub
0x005f1ae0,FUN_005f1ae0,,,0,stub
0x005f1c30,FUN_005f1c30,,,0,stub
0x005f1c70,FUN_005f1c70,,,0,stub
0x005f1ec0,FUN_005f1ec0,,,0,stub
0x005f1f10,FUN_005f1f10,,,0,stub
0x005f20d0,FUN_005f20d0,,,0,stub
0x005f2110,FUN_005f2110,,,0,stub
0x005f2270,FUN_005f2270,,,0,stub
0x005f22c0,FUN_005f22c0,,,0,stub
0x005f24a0,FUN_005f24a0,,,0,stub
0x005f24f0,FUN_005f24f0,,,0,stub
0x005f26d0,FUN_005f26d0,,,0,stub
0x005f2880,FUN_005f2880,,,0,stub
0x005f28d0,FUN_005f28d0,,,0,stub
0x005f2990,FUN_005f2990,,,0,stub
0x005f29d0,FUN_005f29d0,,,0,stub
0x005f2ba0,FUN_005f2ba0,,,0,stub
0x005f2ca0,FUN_005f2ca0,,,0,stub
0x005f2ce0,FUN_005f2ce0,,,0,stub
0x005f2f30,FUN_005f2f30,,,0,stub
0x005f2f80,FUN_005f2f80,,,0,stub
0x005f3090,FUN_005f3090,,,0,stub
0x005f3220,FUN_005f3220,,,0,stub
0x005f3270,FUN_005f3270,,,0,stub
0x005f32b0,FUN_005f32b0,,,0,stub
0x005f3460,FUN_005f3460,,,0,stub
0x005f3770,FUN_005f3770,,,0,stub
0x005f37c0,FUN_005f37c0,,,0,stub
0x005f3a10,FUN_005f3a10,,,0,stub
0x005f3a60,FUN_005f3a60,,,0,stub
0x005f3b30,FUN_005f3b30,,,0,stub
0x005f3be0,FUN_005f3be0,,,0,stub
0x005f3d70,FUN_005f3d70,,,0,stub
0x005f3dc0,FUN_005f3dc0,,,0,stub
0x005f3f10,FUN_005f3f10,,,0,stub
0x005f3f60,FUN_005f3f60,,,0,stub
0x005f41c0,FUN_005f41c0,,,0,stub
0x005f4210,FUN_005f4210,,,0,stub
0x005f4320,FUN_005f4320,,,0,stub
0x005f4360,FUN_005f4360,,,0,stub
0x005f4530,FUN_005f4530,,,0,stub
0x005f4580,FUN_005f4580,,,0,stub
0x005f4650,FUN_005f4650,,,0,stub
0x005f47e0,FUN_005f47e0,,,0,stub
0x005f4830,FUN_005f4830,,,0,stub
0x005f4890,FUN_005f4890,,,0,stub
0x005f48d0,FUN_005f48d0,,,0,stub
0x005f4b10,FUN_005f4b10,,,0,stub
0x005f4b60,FUN_005f4b60,,,0,stub
0x005f4ce0,FUN_005f4ce0,,,0,stub
0x005f4d20,FUN_005f4d20,,,0,stub
0x005f4ea0,FUN_005f4ea0,,,0,stub
0x005f4ee0,FUN_005f4ee0,,,0,stub
0x005f5050,FUN_005f5050,,,0,stub
0x005f50e0,FUN_005f50e0,,,0,stub
0x005f5120,FUN_005f5120,,,0,stub
0x005f5270,FUN_005f5270,,,0,stub
0x005f52b0,FUN_005f52b0,,,0,stub
0x005f5440,FUN_005f5440,,,0,stub
0x005f5490,FUN_005f5490,,,0,stub
0x005f5620,FUN_005f5620,,,0,stub
0x005f5670,FUN_005f5670,,,0,stub
0x005f56b0,FUN_005f56b0,,,0,stub
0x005f5820,FUN_005f5820,,,0,stub
0x005f5870,FUN_005f5870,,,0,stub
0x005f5930,FUN_005f5930,,,0,stub
0x005f5990,FUN_005f5990,,,0,stub
0x005f59d0,FUN_005f59d0,,,0,stub
0x005f5be0,FUN_005f5be0,,,0,stub
0x005f5c30,FUN_005f5c30,,,0,stub
0x005f5d70,FUN_005f5d70,,,0,stub
0x005f5db0,FUN_005f5db0,,,0,stub
0x005f5f20,FUN_005f5f20,,,0,stub
0x005f5ff0,FUN_005f5ff0,,,0,stub
0x005f6030,FUN_005f6030,,,0,stub
0x005f6260,FUN_005f6260,,,0,stub
0x005f62b0,FUN_005f62b0,,,0,stub
0x005f6380,FUN_005f6380,,,0,stub
0x005f6540,FUN_005f6540,,,0,stub
0x005f65a0,FUN_005f65a0,,,0,stub
0x005f66b0,FUN_005f66b0,,,0,stub
0x005f6820,FUN_005f6820,,,0,stub
0x005f6870,FUN_005f6870,,,0,stub
0x005f6950,FUN_005f6950,,,0,stub
0x005f6b60,FUN_005f6b60,,,0,stub
0x005f6bb0,FUN_005f6bb0,,,0,stub
0x005f71f0,FUN_005f71f0,,,0,stub
0x005f7230,FUN_005f7230,,,0,stub
0x005f73b0,FUN_005f73b0,,,0,stub
0x005f7440,FUN_005f7440,,,0,stub
0x005f7480,FUN_005f7480,,,0,stub
0x005f75f0,FUN_005f75f0,,,0,stub
0x005f7640,FUN_005f7640,,,0,stub
0x005f77b0,FUN_005f77b0,,,0,stub
0x005f7800,FUN_005f7800,,,0,stub
0x005f7840,FUN_005f7840,,,0,stub
0x005f7890,FUN_005f7890,,,0,stub
0x005f78c0,FUN_005f78c0,,,0,stub
0x005f7920,FUN_005f7920,,,0,stub
0x005f7a00,FUN_005f7a00,,,0,stub
0x005f7ad0,FUN_005f7ad0,,,0,stub
0x005f7d30,FUN_005f7d30,,,0,stub
0x005f7d60,FUN_005f7d60,,,0,stub
0x005f7f20,FUN_005f7f20,,,0,stub
0x005f7f90,FUN_005f7f90,,,0,stub
0x005f80c0,FUN_005f80c0,,,0,stub
0x005f82a0,FUN_005f82a0,,,0,stub
0x005f8460,FUN_005f8460,,,0,stub
0x005f85a0,FUN_005f85a0,,,0,stub
0x005f8680,FUN_005f8680,,,0,stub
0x005f8800,FUN_005f8800,,,0,stub
0x005f8920,FUN_005f8920,,,0,stub
0x005f8cd0,FUN_005f8cd0,,,0,stub
0x005f8e30,FUN_005f8e30,,,0,stub
0x005f9110,FUN_005f9110,,,0,stub
0x005f9320,FUN_005f9320,,,0,stub
0x005f93a0,FUN_005f93a0,,,0,stub
0x005f94c0,FUN_005f94c0,,,0,stub
0x005f95a0,FUN_005f95a0,,,0,stub
0x005f9620,FUN_005f9620,,,0,stub
0x005f96d0,FUN_005f96d0,,,0,stub
0x005f9740,FUN_005f9740,,,0,stub
0x005f9a70,FUN_005f9a70,,,0,stub
0x005f9b10,FUN_005f9b10,,,0,stub
0x005f9bb0,FUN_005f9bb0,,,0,stub
0x005f9c60,FUN_005f9c60,,,0,stub
0x005f9d10,FUN_005f9d10,,,0,stub
0x005f9dc0,FUN_005f9dc0,,,0,stub
0x005f9ed0,FUN_005f9ed0,,,0,stub
0x005f9fd0,FUN_005f9fd0,,,0,stub
0x005fa0d0,FUN_005fa0d0,,,0,stub
0x005fa1d0,FUN_005fa1d0,,,0,stub
0x005fa2d0,FUN_005fa2d0,,,0,stub
0x005fa3d0,FUN_005fa3d0,,,0,stub
0x005fa4c0,FUN_005fa4c0,,,0,stub
0x005fa5b0,FUN_005fa5b0,,,0,stub
0x005fa650,FUN_005fa650,,,0,stub
0x005fa6f0,FUN_005fa6f0,,,0,stub
0x005fa760,FUN_005fa760,,,0,stub
0x005fa7d0,FUN_005fa7d0,,,0,stub
0x005fa830,FUN_005fa830,,,0,stub
0x005fa860,FUN_005fa860,,,0,stub
0x005fa8e0,FUN_005fa8e0,,,0,stub
0x005fa960,FUN_005fa960,,,0,stub
0x005fa9e0,FUN_005fa9e0,,,0,stub
0x005faa50,FUN_005faa50,,,0,stub
0x005faab0,FUN_005faab0,,,0,stub
0x005faaf0,FUN_005faaf0,,,0,stub
0x005face0,FUN_005face0,,,0,stub
0x005fad30,FUN_005fad30,,,0,stub
0x005fad90,FUN_005fad90,,,0,stub
0x005fae10,FUN_005fae10,,,0,stub
0x005fae70,FUN_005fae70,,,0,stub
0x005fb000,FUN_005fb000,,,0,stub
0x005fb050,FUN_005fb050,,,0,stub
0x005fb0a0,FUN_005fb0a0,,,0,stub
0x005fb0f0,FUN_005fb0f0,,,0,stub
0x005fb140,FUN_005fb140,,,0,stub
0x005fb1e0,FUN_005fb1e0,,,0,stub
0x005fb230,FUN_005fb230,,,0,stub
0x005fb320,FUN_005fb320,,,0,stub
0x005fb350,FUN_005fb350,,,0,stub
0x005fb3e0,FUN_005fb3e0,,,0,stub
0x005fb480,FUN_005fb480,,,0,stub
0x005fb5d0,FUN_005fb5d0,,,0,stub
0x005fb7a0,FUN_005fb7a0,,,0,stub
0x005fb8a0,FUN_005fb8a0,,,0,stub
0x005fba30,FUN_005fba30,,,0,stub
0x005fbd90,FUN_005fbd90,,,0,stub
0x005fbe60,FUN_005fbe60,,,0,stub
0x005fbec0,FUN_005fbec0,,,0,stub
0x005fbf80,FUN_005fbf80,,,0,stub
0x005fbfd0,FUN_005fbfd0,,,0,stub
0x005fc210,FUN_005fc210,,,0,stub
0x005fc2b0,FUN_005fc2b0,,,0,stub
0x005fc350,FUN_005fc350,,,0,stub
0x005fc4a0,FUN_005fc4a0,,,0,stub
0x005fc540,FUN_005fc540,,,0,stub
0x005fc610,FUN_005fc610,,,0,stub
0x005fc730,FUN_005fc730,,,0,stub
0x005fc790,FUN_005fc790,,,0,stub
0x005fc800,FUN_005fc800,,,0,stub
0x005fc860,FUN_005fc860,,,0,stub
0x005fc8b0,FUN_005fc8b0,,,0,stub
0x005fc930,FUN_005fc930,,,0,stub
0x005fcc70,FUN_005fcc70,,,0,stub
0x005fccd0,FUN_005fccd0,,,0,stub
0x005fcf50,FUN_005fcf50,,,0,stub
0x005fd0b0,FUN_005fd0b0,,,0,stub
0x005fd1b0,FUN_005fd1b0,,,0,stub
0x005fd2d0,FUN_005fd2d0,,,0,stub
0x005fd3a0,FUN_005fd3a0,,,0,stub
0x005fd430,FUN_005fd430,,,0,stub
0x005fd4b0,FUN_005fd4b0,,,0,stub
0x005fd5e0,FUN_005fd5e0,,,0,stub
0x005fd6b0,FUN_005fd6b0,,,0,stub
0x005fd710,FUN_005fd710,,,0,stub
0x005fd7d0,FUN_005fd7d0,,,0,stub
0x005fd8a0,FUN_005fd8a0,,,0,stub
0x005fda60,FUN_005fda60,,,0,stub
0x005fdb50,FUN_005fdb50,,,0,stub
0x005fdca0,FUN_005fdca0,,,0,stub
0x005fddc0,FUN_005fddc0,,,0,stub
0x005fde60,FUN_005fde60,,,0,stub
0x005fdeb0,FUN_005fdeb0,,,0,stub
0x005fdf10,FUN_005fdf10,,,0,stub
0x005fdf80,FUN_005fdf80,,,0,stub
0x005fe070,FUN_005fe070,,,0,stub
0x005fe0e0,FUN_005fe0e0,,,0,stub
0x005fe150,FUN_005fe150,,,0,stub
0x005fe220,FUN_005fe220,,,0,stub
0x005fe2c0,FUN_005fe2c0,,,0,stub
0x005fe340,FUN_005fe340,,,0,stub
0x005fe540,FUN_005fe540,,,0,stub
0x006581f0,FUN_006581f0,,,0,stub
0x00658a80,FUN_00658a80,,,0,stub
0x00658b50,FUN_00658b50,,,0,stub
0x00658ed8,FUN_00658ed8,,,0,stub
0x00658fe0,FUN_00658fe0,,,0,stub
0x00659120,FUN_00659120,,,0,stub
0x006592c0,FUN_006592c0,,,0,stub
0x00659308,FUN_00659308,,,0,stub
0x006c7ab0,FUN_006c7ab0,,,0,stub
0x006c7c20,FUN_006c7c20,,,0,stub
0x006c7cb0,FUN_006c7cb0,,,0,stub
0x006c8180,FUN_006c8180,,,0,stub
0x006c8270,FUN_006c8270,,,0,stub
0x006c8350,FUN_006c8350,,,0,stub
0x006c84a0,FUN_006c84a0,,,0,stub
0x006c8ab0,FUN_006c8ab0,,,0,stub
0x006c93e0,FUN_006c93e0,,,0,stub
0x006c9440,FUN_006c9440,,,0,stub
0x006c94a0,FUN_006c94a0,,,0,stub
0x006c9500,FUN_006c9500,,,0,stub
0x006c9560,FUN_006c9560,,,0,stub
0x006c95c0,FUN_006c95c0,,,0,stub
0x006c9620,FUN_006c9620,,,0,stub
0x006c9680,FUN_006c9680,,,0,stub
0x006c96e0,FUN_006c96e0,,,0,stub
0x006c9740,FUN_006c9740,,,0,stub
0x006c98d0,FUN_006c98d0,,,0,stub
0x006c9930,FUN_006c9930,,,0,stub
0x006c9990,FUN_006c9990,,,0,stub
0x006c99f0,FUN_006c99f0,,,0,stub
0x006c9a50,FUN_006c9a50,,,0,stub
0x006c9ab0,FUN_006c9ab0,,,0,stub
0x006c9b10,FUN_006c9b10,,,0,stub
0x006c9b70,FUN_006c9b70,,,0,stub
0x006c9bd0,FUN_006c9bd0,,,0,stub
0x006c9c30,FUN_006c9c30,,,0,stub
0x006c9c90,FUN_006c9c90,,,0,stub
0x006c9cf0,FUN_006c9cf0,,,0,stub
0x006c9d50,FUN_006c9d50,,,0,stub
0x006c9db0,FUN_006c9db0,,,0,stub
0x006c9e10,FUN_006c9e10,,,0,stub
0x006c9e70,FUN_006c9e70,,,0,stub
0x006c9ed0,FUN_006c9ed0,,,0,stub
0x006c9f30,FUN_006c9f30,,,0,stub
0x006c9f90,FUN_006c9f90,,,0,stub
0x006c9ff0,FUN_006c9ff0,,,0,stub
0x006ca0a0,FUN_006ca0a0,,,0,stub
0x006ca170,FUN_006ca170,,,0,stub
0x006ca230,FUN_006ca230,,,0,stub
0x006ca500,FUN_006ca500,,,0,stub
0x006ca640,FUN_006ca640,,,0,stub
0x006ca6c0,FUN_006ca6c0,,,0,stub
0x006cafa0,FUN_006cafa0,,,0,stub
0x006cb3a0,FUN_006cb3a0,,,0,stub
