address,hub,direction,distance,peer
0x000743c8,,-,1000000000,0
0x00075158,,-,1000000000,0
0x00076038,,-,1000000000,0
0x00076058,,-,1000000000,0
0x00076160,,-,1000000000,0
0x00076460,,-,1000000000,0
0x00076680,,-,1000000000,0
0x00100070,0x00512ee0,upstream,2,0
0x00100140,0x00513210,upstream,3,0
0x00100250,,-,1000000000,0
0x00100260,0x00513210,upstream,2,0
0x00100690,,-,1000000000,0
0x001006f0,0x00428998,upstream,2,0
0x00100bc0,0x00428998,upstream,3,0
0x00100f00,0x00428998,upstream,2,0
0x00101840,,-,1000000000,0
0x00101c20,,-,1000000000,0
0x00101e70,,-,1000000000,0
0x00101ec0,,-,1000000000,0
0x00101f40,0x0043af80,upstream,2,0
0x00102510,0x00428998,upstream,3,0
0x00102540,0x00428998,upstream,2,0
0x00102740,,-,1000000000,0
0x00102850,,-,1000000000,0
0x00102af0,0x00428998,upstream,2,0
0x00102e90,0x00428998,upstream,2,0
0x001030f0,0x00511940,upstream,3,0
0x00103170,0x00511940,upstream,2,0
0x00103380,0x00428998,upstream,4,0
0x00103570,0x00428998,upstream,5,0
0x001036b0,0x00428998,upstream,4,0
0x00103da0,0x00428998,upstream,3,0
0x00104270,,-,1000000000,0
0x00104340,,-,1000000000,0
0x00104390,,-,1000000000,0
0x00104570,,-,1000000000,0
0x00104940,,-,1000000000,0
0x001049f0,,-,1000000000,0
0x00104b90,,-,1000000000,0
0x00104cc0,0x00428998,upstream,3,0
0x00105010,0x00428998,upstream,2,0
0x00105100,0x00428998,upstream,3,0
0x001053d0,0x00511940,upstream,2,0
0x00105530,0x00511940,upstream,2,0
0x001057e0,,-,1000000000,0
0x00105940,0x0043af80,upstream,3,0
0x00105d30,0x00428998,upstream,2,0
0x00106f90,,-,1000000000,0
0x00107050,0x001071e0,upstream,1,0
0x001071e0,0x001071e0,upstream,0,1
0x001072a0,0x004f2210,upstream,1,0
0x00107370,0x004f2210,upstream,1,1
0x00107470,0x004f2210,upstream,2,0
0x00107520,0x00511940,upstream,2,0
0x00107570,0x00511940,upstream,1,0
0x00107bd0,0x0058a7a0,upstream,2,0
0x00108000,0x0058a7a0,upstream,1,0
0x001081f0,0x0058a7a0,upstream,1,0
0x00108540,,-,1000000000,0
0x00108630,,-,1000000000,0
0x001086e0,,-,1000000000,0
0x001088f0,,-,1000000000,0
0x00108a80,,-,1000000000,0
0x00108b40,,-,1000000000,1
0x00108ee8,,-,1000000000,0
0x00108f00,,-,1000000000,0
0x00108f30,0x00429068,upstream,4,0
0x00108f60,0x0023c590,upstream,1,0
0x00109170,0x0051e5a0,upstream,1,0
0x001092b0,0x0051e5a0,upstream,1,0
0x00109330,,-,1000000000,0
0x00109340,,-,1000000000,0
0x00109510,0x004ba240,upstream,1,0
0x00109580,0x004ba240,upstream,1,0
0x001095e0,0x004ba240,upstream,1,0
0x00109630,0x004ba240,upstream,1,0
0x00109680,0x004ba240,upstream,1,0
0x00109800,0x00238120,upstream,1,0
0x00109f80,0x0042f3a0,upstream,2,0
0x0010a110,,-,1000000000,0
0x0010a150,0x0042f3a0,upstream,1,0
0x0010b290,,-,1000000000,0
0x0010b2a0,0x00238120,upstream,1,0
0x0010b5f0,0x00238120,upstream,1,0
0x0010b720,0x00238120,upstream,1,0
0x0010b900,0x0023c590,upstream,1,0
0x0010bb50,0x0023c590,upstream,1,0
0x0010c460,,-,1000000000,0
0x0010c470,0x00512ee0,upstream,3,0
0x0010c610,,-,1000000000,0
0x0010cf80,,-,1000000000,0
0x0010cfc0,0x0050f930,upstream,2,0
0x0010d0c0,0x00238120,upstream,1,0
0x0010d210,0x0026d230,upstream,2,0
0x0010d2a0,0x0026d230,upstream,1,0
0x0010d5a0,0x00238120,upstream,1,0
0x0010d690,,-,1000000000,0
0x0010d730,0x00238120,upstream,1,0
0x0010d9d0,0x00238120,upstream,1,0
0x0010dad0,0x0050f930,upstream,2,0
0x0010dc40,0x00511940,upstream,1,0
0x0010dd20,,-,1000000000,0
0x0010dd90,,-,1000000000,0
0x0010dde0,,-,1000000000,0
0x0010ddf0,0x00428998,upstream,1,0
0x0010df80,0x004ba240,upstream,1,0
0x0010e060,0x00429068,upstream,3,0
0x0010e200,0x004ba240,upstream,3,0
0x0010e250,0x004ba240,upstream,4,0
0x0010e290,,-,1000000000,0
0x0010e2a0,,-,1000000000,0
0x0010e2c0,,-,1000000000,0
0x0010e610,,-,1000000000,0
0x0010e770,,-,1000000000,0
0x0010e780,,-,1000000000,0
0x0010e910,,-,1000000000,0
0x0010e940,,-,1000000000,0
0x0010ed00,,-,1000000000,0
0x0010ee50,,-,1000000000,0
0x0010eff0,,-,1000000000,0
0x0010f000,,-,1000000000,0
0x0010f010,,-,1000000000,0
0x0010f020,,-,1000000000,0
0x0010f030,0x004ba240,upstream,5,0
0x0010f140,,-,1000000000,0
0x0010f1b0,0x0042f3a0,upstream,2,0
0x0010f2f0,0x00511940,upstream,2,0
0x0010f420,0x004ba240,upstream,2,0
0x0010f480,0x004ba240,upstream,1,0
0x0010f510,,-,1000000000,0
0x0010f560,0x00511940,upstream,3,0
0x0010f630,0x0023c590,upstream,1,1
0x0010f760,0x0010f760,upstream,0,1
0x0010f820,,-,1000000000,0
0x0010f880,0x00428df8,upstream,1,0
0x0010f9c0,,-,1000000000,0
0x0010fa10,,-,1000000000,0
0x0010fa60,0x00428df8,upstream,1,0
0x0010faf0,0x0033c1b0,upstream,2,0
0x0010fb90,0x0026d230,upstream,2,0
0x0010fce0,0x00511940,upstream,2,0
0x0010ff50,0x00511940,upstream,1,0
0x00110100,0x00511940,upstream,1,0
0x00110260,0x0042f3a0,upstream,2,0
0x00110340,0x0033c1b0,upstream,1,0
0x00110460,0x0033c3b0,upstream,1,0
0x001104d0,0x0026d230,upstream,1,0
0x00110780,0x0026d230,upstream,1,0
0x001108d0,0x0042f3a0,upstream,2,0
0x001109d0,0x0042f3a0,upstream,2,0
0x00110ae0,0x0042f3a0,upstream,2,0
0x00110bb0,0x0042f3a0,upstream,2,0
0x00110c80,,-,1000000000,0
0x00110da0,0x0023c590,upstream,2,0
0x00110e80,0x00511940,upstream,1,0
0x00111030,0x00511940,upstream,1,0
0x001110b0,0x00511940,upstream,2,0
0x00111100,,-,1000000000,0
0x00111150,,-,1000000000,0
0x00111180,0x00238120,upstream,1,0
0x001111f0,0x00238120,upstream,1,0
0x00111260,0x00428df8,upstream,1,0
0x00111390,,-,1000000000,0
0x00111480,0x00238120,upstream,1,0
0x001115c0,,-,1000000000,0
0x00111600,0x00429068,upstream,1,0
0x00111670,0x00429068,upstream,1,0
0x00111890,,-,1000000000,0
0x00111990,,-,1000000000,0
0x001119a0,0x004ba240,upstream,1,0
0x001119f0,,-,1000000000,0
0x00111ab0,,-,1000000000,0
0x00111ad0,0x0050f930,upstream,5,0
0x00111bb0,0x004ba240,upstream,1,0
0x00111c20,0x004ba240,upstream,1,0
0x00111c80,0x004ba240,upstream,1,0
0x00111cf0,0x004ba240,upstream,1,0
0x00111d50,0x004ba240,upstream,1,0
0x00111da0,0x004ba240,upstream,1,0
0x00111e10,0x004ba240,upstream,1,0
0x00111e70,,-,1000000000,0
0x00111f20,0x004ba240,upstream,1,0
0x00112040,,-,1000000000,0
0x00112050,,-,1000000000,0
0x00112160,,-,1000000000,0
0x001121d0,,-,1000000000,0
0x00112240,,-,1000000000,0
0x00112440,,-,1000000000,0
0x00112450,,-,1000000000,0
0x00112460,,-,1000000000,0
0x00112470,,-,1000000000,0
0x00112490,0x00428df8,upstream,2,0
0x001124f0,0x00429068,upstream,2,1
0x00112550,0x00429068,upstream,2,0
0x001125b0,0x00238120,upstream,2,0
0x001125f0,0x004ba240,upstream,2,0
0x00112660,0x0050f930,upstream,5,0
0x001127e0,0x004ba240,upstream,1,0
0x00112850,0x004ba240,upstream,1,0
0x001128c0,0x004ba240,upstream,1,0
0x00112930,0x004ba240,upstream,1,0
0x00112990,0x004ba240,upstream,1,0
0x001129f0,,-,1000000000,0
0x00112a00,,-,1000000000,0
0x00112a90,,-,1000000000,0
0x00112ab0,0x004ba240,upstream,1,0
0x00112ce0,,-,1000000000,0
0x00112cf0,,-,1000000000,0
0x00112d60,,-,1000000000,0
0x00112e00,0x004ba240,upstream,1,0
0x00112e60,0x004ba240,upstream,1,0
0x00112f40,,-,1000000000,0
0x00112fb0,,-,1000000000,0
0x00113030,,-,1000000000,0
0x00113660,0x004ba240,upstream,1,0
0x00113770,,-,1000000000,0
0x001137f0,0x00512ee0,upstream,2,0
0x00113b30,,-,1000000000,0
0x00113b80,0x00511940,upstream,3,0
0x00114290,0x004287e0,upstream,1,0
0x001144a0,0x004ba240,upstream,2,0
0x00114540,0x00428998,upstream,6,0
0x00114670,0x004ba240,upstream,1,0
0x00114760,,-,1000000000,0
0x001147a0,,-,1000000000,0
0x00114820,0x0023c590,upstream,2,0
0x001148b0,0x00428998,upstream,3,0
0x001148e0,0x00428998,upstream,6,0
0x00114950,0x0023c590,upstream,2,0
0x001149d0,0x0023c590,upstream,1,0
0x00114b10,0x004ba240,upstream,1,0
0x00114b60,,-,1000000000,0
0x00114b70,0x00428998,upstream,4,0
0x00114ba0,0x00428998,upstream,5,0
0x00114be0,0x00428998,upstream,5,0
0x00114c30,,-,1000000000,0
0x00114c40,,-,1000000000,0
0x00114c50,,-,1000000000,0
0x00114c60,,-,1000000000,0
0x00114c70,,-,1000000000,0
0x00114c80,,-,1000000000,0
0x00114cf0,,-,1000000000,0
0x00114d10,0x0023c590,upstream,1,0
0x00114e20,0x0023c590,upstream,1,0
0x00114eb0,,-,1000000000,0
0x00114f40,0x004ba240,upstream,1,0
0x00114fd0,,-,1000000000,0
0x00114fe0,,-,1000000000,0
0x001151b0,,-,1000000000,0
0x001151d0,,-,1000000000,0
0x00115350,,-,1000000000,0
0x001153a0,,-,1000000000,0
0x001153f0,,-,1000000000,0
0x00115430,,-,1000000000,0
0x00115460,,-,1000000000,0
0x00115740,,-,1000000000,0
0x00115760,0x004ba240,upstream,1,0
0x001157b0,,-,1000000000,0
0x001157c0,,-,1000000000,0
0x00115870,,-,1000000000,0
0x00115880,,-,1000000000,0
0x00115890,,-,1000000000,0
0x001158a0,,-,1000000000,0
0x001158c0,0x004ba240,upstream,1,0
0x00115920,0x00428998,upstream,2,0
0x001159f0,0x00428998,upstream,1,0
0x00115b80,0x00428998,upstream,4,0
0x00115c50,0x00428998,upstream,3,0
0x00115ca0,0x005c0d40,upstream,2,0
0x00115d80,0x00428998,upstream,2,0
0x00115dc0,,-,1000000000,0
0x00115e90,0x00511940,upstream,2,0
0x00115f00,,-,1000000000,0
0x00115f10,,-,1000000000,0
0x00115f80,,-,1000000000,0
0x00115fe0,0x00511940,upstream,1,0
0x00116060,0x00512ee0,upstream,1,0
0x001163a0,0x00511940,upstream,1,0
0x00116430,0x00511940,upstream,1,0
0x001165a0,0x00512ee0,upstream,1,0
0x00116850,,-,1000000000,0
0x00116860,,-,1000000000,0
0x001168b0,,-,1000000000,0
0x001168c0,,-,1000000000,1
0x001168e0,,-,1000000000,0
0x00116930,,-,1000000000,0
0x00116980,,-,1000000000,0
0x00116990,,-,1000000000,0
0x001169a0,,-,1000000000,0
0x001169f0,,-,1000000000,0
0x00116a20,,-,1000000000,0
0x00116a50,,-,1000000000,0
0x00116a80,0x00511940,upstream,2,0
0x00116b30,,-,1000000000,0
0x00116b60,,-,1000000000,0
0x00116b70,,-,1000000000,0
0x00116b80,,-,1000000000,0
0x00116be0,0x00511940,upstream,1,0
0x00117090,,-,1000000000,0
0x001170b0,,-,1000000000,0
0x001170d0,,-,1000000000,0
0x001170f0,0x005c0d40,upstream,1,0
0x00117400,0x005c0d40,upstream,1,0
0x00117720,0x00511940,upstream,1,0
0x001177a0,0x00511940,upstream,1,0
0x00117820,0x00511940,upstream,1,0
0x001178a0,0x00511940,upstream,1,0
0x00117920,0x00511940,upstream,1,0
0x00117a20,0x005c0d40,upstream,2,0
0x00117a60,0x005c0d40,upstream,2,0
0x00117aa0,0x00511940,upstream,1,0
0x00117b90,0x00511940,upstream,1,0
0x00117c80,0x004ba240,upstream,2,0
0x00117ce0,0x00512ee0,upstream,1,0
0x001180f0,0x00511940,upstream,1,0
0x00118170,0x00511940,upstream,1,0
0x001181f0,0x00511940,upstream,1,0
0x001182a0,,-,1000000000,0
0x001182d0,0x00513210,upstream,1,0
0x00118470,0x00511940,upstream,1,0
0x001184f0,,-,1000000000,0
0x00118540,0x0058a7a0,upstream,1,0
0x00118750,,-,1000000000,0
0x00118760,0x00511940,upstream,1,0
0x001187e0,,-,1000000000,0
0x00118800,0x00511940,upstream,1,0
0x001188c0,,-,1000000000,0
0x001188d0,0x00511940,upstream,1,0
0x00118940,,-,1000000000,0
0x00118950,,-,1000000000,0
0x00118960,,-,1000000000,0
0x00118970,,-,1000000000,0
0x00118980,,-,1000000000,0
0x001189b0,,-,1000000000,0
0x001189c0,,-,1000000000,0
0x00118aa0,,-,1000000000,0
0x00118bb0,0x00511940,upstream,1,0
0x00118c30,0x00511940,upstream,1,0
0x00118cc0,0x00511940,upstream,1,0
0x00118d40,0x00511940,upstream,1,0
0x00118de0,,-,1000000000,0
0x00118e60,,-,1000000000,0
0x00118e80,0x00512ee0,upstream,2,0
0x00119000,0x00512ee0,upstream,1,0
0x00119200,0x00511940,upstream,1,0
0x001193e0,,-,1000000000,0
0x001194f0,,-,1000000000,0
0x00119590,0x00511940,upstream,1,0
0x00119610,0x00511940,upstream,1,0
0x00119690,0x00511940,upstream,1,0
0x001197b0,,-,1000000000,0
0x001197e0,,-,1000000000,0
0x00119830,,-,1000000000,0
0x00119950,,-,1000000000,0
0x00119b30,,-,1000000000,0
0x00119b40,,-,1000000000,0
0x00119d90,,-,1000000000,0
0x00119f10,,-,1000000000,0
0x0011a050,,-,1000000000,0
0x0011a060,,-,1000000000,0
0x0011a400,,-,1000000000,0
0x0011a450,0x00512ee0,upstream,1,0
0x0011a740,0x00511940,upstream,1,0
0x0011a7c0,0x00511940,upstream,1,0
0x0011a8b0,0x00428df8,upstream,2,0
0x0011a8e0,0x00428df8,upstream,2,0
0x0011a990,0x0033c1b0,upstream,2,0
0x0011ab00,,-,1000000000,0
0x0011ab60,0x004ba240,upstream,1,0
0x0011ac20,0x00511940,upstream,2,0
0x0011ad50,0x005c0d40,upstream,4,0
0x0011add0,,-,1000000000,0
0x0011ae50,,-,1000000000,0
0x0011aec0,,-,1000000000,0
0x0011af10,,-,1000000000,0
0x0011b030,,-,1000000000,0
0x0011b0e0,,-,1000000000,0
0x0011b240,,-,1000000000,0
0x0011b260,,-,1000000000,0
0x0011b270,0x0033c3b0,upstream,2,0
0x0011b450,0x0011b5d0,upstream,1,0
0x0011b4b0,,-,1000000000,0
0x0011b5d0,0x0011b5d0,upstream,0,1
0x0011b5f0,,-,1000000000,0
0x0011b660,,-,1000000000,0
0x0011b770,0x004ba240,upstream,1,0
0x0011b7e0,,-,1000000000,0
0x0011b7f0,,-,1000000000,0
0x0011b8b0,,-,1000000000,0
0x0011b8c0,0x00511940,upstream,1,0
0x0011b990,0x00429068,upstream,2,0
0x0011b9e0,0x00429068,upstream,2,0
0x0011ba30,0x00429068,upstream,1,0
0x0011bb20,0x00512ee0,upstream,2,0
0x0011bb50,0x00512ee0,upstream,1,0
0x0011bd20,0x005c0d40,upstream,1,0
0x0011bf00,0x00512ee0,upstream,2,0
0x0011bf30,0x00512ee0,upstream,1,0
0x0011c070,0x0033c1b0,upstream,1,0
0x0011c0c0,,-,1000000000,0
0x0011c0f0,0x00345a10,upstream,2,0
0x0011c1d0,0x0033c3b0,upstream,1,0
0x0011c240,,-,1000000000,0
0x0011c260,,-,1000000000,0
0x0011c300,0x00429068,upstream,1,0
0x0011c380,0x00429068,upstream,1,0
0x0011c400,,-,1000000000,0
0x0011c530,,-,1000000000,0
0x0011c540,,-,1000000000,0
0x0011c580,,-,1000000000,0
0x0011c590,,-,1000000000,0
0x0011c5b0,,-,1000000000,0
0x0011c5f0,,-,1000000000,0
0x0011c610,,-,1000000000,0
0x0011c620,,-,1000000000,0
0x0011c780,0x0033c1b0,upstream,1,0
0x0011c7e0,,-,1000000000,0
0x0011c810,,-,1000000000,0
0x0011c870,0x0033c3b0,upstream,1,0
0x0011c8e0,0x00429068,upstream,2,0
0x0011c9a0,0x00429068,upstream,2,0
0x0011ca80,0x004ba240,upstream,1,0
0x0011cb20,,-,1000000000,0
0x0011cb30,0x0058a7a0,upstream,2,0
0x0011cd20,0x00512ee0,upstream,2,0
0x0011cda0,,-,1000000000,0
0x0011ce10,,-,1000000000,0
0x0011cea0,0x0058a7a0,upstream,4,0
0x0011d030,,-,1000000000,0
0x0011d040,,-,1000000000,0
0x0011d0e0,0x0026d230,upstream,2,0
0x0011d150,0x004ba240,upstream,1,0
0x0011d1a0,0x0026d230,upstream,1,0
0x0011d310,0x004ba240,upstream,1,0
0x0011d370,,-,1000000000,0
0x0011d3b0,,-,1000000000,0
0x0011d400,0x004ba240,upstream,1,0
0x0011d4e0,0x0023c590,upstream,1,0
0x0011d8d0,,-,1000000000,0
0x0011d970,0x004ba240,upstream,1,0
0x0011d9d0,,-,1000000000,0
0x0011da00,0x004ba240,upstream,1,0
0x0011da50,0x004ba240,upstream,1,0
0x0011dab0,0x0043b320,upstream,4,0
0x0011dd00,0x0026d230,upstream,1,0
0x0011e730,0x004ba240,upstream,1,0
0x0011e790,,-,1000000000,0
0x0011e840,0x001071e0,upstream,1,0
0x0011eac0,0x004ba240,upstream,1,0
0x0011ec80,,-,1000000000,0
0x0011ec90,,-,1000000000,0
0x0011ed30,,-,1000000000,0
0x0011f1a0,,-,1000000000,0
0x0011f1e0,,-,1000000000,0
0x0011f1f0,,-,1000000000,0
0x0011f200,,-,1000000000,0
0x0011f210,,-,1000000000,0
0x0011f230,,-,1000000000,0
0x0011f270,,-,1000000000,0
0x0011f2a0,,-,1000000000,0
0x0011f2c0,0x0033c3b0,upstream,3,0
0x0011f670,0x0033c3b0,upstream,3,0
0x0011f9a0,0x001071e0,upstream,1,0
0x0011fcd0,0x001071e0,upstream,2,0
0x0011fe60,,-,1000000000,0
0x0011ff00,0x0043b320,upstream,1,0
0x001206c0,,-,1000000000,1
0x001206d0,,-,1000000000,1
0x001206f0,,-,1000000000,1
0x00120720,,-,1000000000,1
0x00120750,,-,1000000000,1
0x00120780,,-,1000000000,1
0x001207b0,,-,1000000000,1
0x001207c0,,-,1000000000,1
0x001207f0,,-,1000000000,1
0x00120810,,-,1000000000,0
0x00120b10,0x001071e0,upstream,1,0
0x00120c40,0x001071e0,upstream,1,0
0x001215f0,,-,1000000000,0
0x00121620,,-,1000000000,0
0x00121650,,-,1000000000,0
0x00121680,,-,1000000000,0
0x001216b0,,-,1000000000,0
0x001216e0,,-,1000000000,0
0x001216f0,,-,1000000000,0
0x00121700,,-,1000000000,0
0x00121710,,-,1000000000,0
0x00121b60,,-,1000000000,0
0x00121d80,,-,1000000000,0
0x00121e70,,-,1000000000,0
0x00122010,,-,1000000000,0
0x00122030,,-,1000000000,0
0x00122190,,-,1000000000,0
0x001223f0,,-,1000000000,0
0x00122400,,-,1000000000,0
0x00122410,,-,1000000000,0
0x00122420,,-,1000000000,0
0x00122430,0x0058a7a0,upstream,1,0
0x00122d40,,-,1000000000,0
0x00122d90,,-,1000000000,0
0x00122db0,0x0058a7a0,upstream,1,0
0x00123850,0x004ba240,upstream,1,0
0x001238a0,,-,1000000000,1
0x001238d0,,-,1000000000,0
0x00123910,,-,1000000000,1
0x00123920,,-,1000000000,0
0x00123980,,-,1000000000,0
0x001239e0,,-,1000000000,0
0x00123ac0,,-,1000000000,0
0x00123c30,0x0026d230,upstream,1,0
0x00123df0,0x004ba240,upstream,1,0
0x00123e50,,-,1000000000,0
0x00123ec0,0x004ba240,upstream,1,0
0x00123f80,0x0058a7a0,upstream,3,0
0x00124080,0x0058a7a0,upstream,2,0
0x001241d0,0x0058a7a0,upstream,2,0
0x001245c0,,-,1000000000,0
0x00124650,0x0026d230,upstream,1,0
0x00124780,0x004ba240,upstream,1,0
0x001247e0,,-,1000000000,0
0x00124810,0x004ba240,upstream,1,0
0x00124870,0x0058a7a0,upstream,1,0
0x00124a30,0x00512ee0,upstream,1,0
0x00124af0,0x0058a7a0,upstream,1,0
0x00124c90,0x0058a7a0,upstream,1,0
0x00124dc0,,-,1000000000,0
0x00124e00,,-,1000000000,0
0x00124e60,0x004ba240,upstream,1,0
0x00124ec0,,-,1000000000,0
0x00124f00,0x004ba240,upstream,1,0
0x00124fc0,0x0058a7a0,upstream,1,0
0x00125250,,-,1000000000,0
0x00125260,,-,1000000000,0
0x00125340,0x004ba240,upstream,1,0
0x001253a0,0x0058a7a0,upstream,1,0
0x00125400,0x004ba240,upstream,1,0
0x00125460,0x0058a7a0,upstream,1,0
0x001258c0,0x0058a7a0,upstream,1,0
0x00125b40,,-,1000000000,0
0x00125c20,0x004ba240,upstream,1,0
0x00125c80,,-,1000000000,0
0x00125cb0,0x004ba240,upstream,1,0
0x00125d10,0x0058a7a0,upstream,1,0
0x001260a0,,-,1000000000,0
0x00126100,,-,1000000000,0
0x001261b0,0x004ba240,upstream,1,0
0x00126210,,-,1000000000,0
0x00126250,0x004ba240,upstream,1,0
0x001262b0,0x0058a7a0,upstream,1,0
0x00126880,,-,1000000000,0
0x00126990,0x004ba240,upstream,1,0
0x001269f0,,-,1000000000,0
0x00126a20,0x004ba240,upstream,1,0
0x00126a80,0x0058a7a0,upstream,1,0
0x00127010,0x0058a7a0,upstream,3,0
0x001270b0,,-,1000000000,0
0x00127170,,-,1000000000,0
0x00127180,0x0058a7a0,upstream,1,0
0x00127330,0x0058a7a0,upstream,2,0
0x00127450,0x0058a7a0,upstream,2,0
0x001275a0,0x004ba240,upstream,1,0
0x00127600,0x0058a7a0,upstream,1,0
0x00127660,0x004ba240,upstream,1,0
0x001276c0,0x001071e0,upstream,1,0
0x001277a0,0x005c0d40,upstream,2,0
0x00127800,0x00511940,upstream,1,0
0x001278c0,0x005c0d40,upstream,1,0
0x001279f0,0x005c0d40,upstream,3,0
0x00127a70,0x001071e0,upstream,1,0
0x00127ad0,0x00512ee0,upstream,3,0
0x00127c80,,-,1000000000,0
0x00127c90,,-,1000000000,0
0x00127ca0,0x004ba240,upstream,1,0
0x00127d00,0x004ba240,upstream,1,0
0x00127de0,,-,1000000000,0
0x00127f00,0x00428df8,upstream,2,0
0x00127fc0,,-,1000000000,0
0x00128030,,-,1000000000,0
0x00128050,,-,1000000000,0
0x00128060,,-,1000000000,0
0x00128070,,-,1000000000,0
0x00128130,,-,1000000000,0
0x00128140,,-,1000000000,0
0x00128210,,-,1000000000,0
0x00128220,,-,1000000000,0
0x00128230,,-,1000000000,0
0x00128240,,-,1000000000,0
0x001282a0,,-,1000000000,0
0x00128300,,-,1000000000,0
0x001283c0,,-,1000000000,0
0x00128420,,-,1000000000,0
0x001284c0,,-,1000000000,0
0x00128540,,-,1000000000,0
0x00128780,0x00512ee0,upstream,3,0
0x00128800,0x00512ee0,upstream,3,0
0x00128880,,-,1000000000,0
0x00128900,,-,1000000000,0
0x00128a00,,-,1000000000,0
0x00128a40,,-,1000000000,0
0x00128a60,,-,1000000000,0
0x00128a80,,-,1000000000,0
0x00128aa0,0x004ba240,upstream,1,0
0x00128af0,,-,1000000000,0
0x00128bd0,,-,1000000000,0
0x00128e10,,-,1000000000,0
0x00128e50,0x004ba240,upstream,1,0
0x00128eb0,,-,1000000000,0
0x00129150,,-,1000000000,0
0x00129170,,-,1000000000,0
0x00129190,,-,1000000000,0
0x001291c0,0x004ba240,upstream,1,0
0x00129220,,-,1000000000,0
0x00129240,,-,1000000000,0
0x00129310,,-,1000000000,0
0x00129420,,-,1000000000,0
0x001294c0,,-,1000000000,0
0x00129540,,-,1000000000,0
0x00129590,0x004ba240,upstream,1,0
0x001295e0,0x004ba240,upstream,1,0
0x00129660,,-,1000000000,0
0x001296c0,,-,1000000000,0
0x00129900,,-,1000000000,0
0x00129930,0x004ba240,upstream,1,0
0x00129990,,-,1000000000,0
0x00129ca0,,-,1000000000,0
0x00129cb0,0x004ba240,upstream,1,0
0x00129d00,0x00428df8,upstream,1,0
0x0012a360,0x00428df8,upstream,1,0
0x0012afc0,,-,1000000000,0
0x0012b000,0x00512ee0,upstream,2,0
0x0012b090,0x004ba240,upstream,1,0
0x0012b100,,-,1000000000,0
0x0012b170,,-,1000000000,0
0x0012b1c0,0x0043fb68,upstream,3,0
0x0012b270,0x0043fb68,upstream,2,0
0x0012b560,,-,1000000000,0
0x0012b6b0,0x0043fb68,upstream,2,0
0x0012b7a0,0x0043fb68,upstream,2,0
0x0012b8f0,0x0043fb68,upstream,2,0
0x0012b940,0x00512ee0,upstream,1,0
0x0012bc50,,-,1000000000,0
0x0012bda0,,-,1000000000,0
0x0012bea0,0x00512ee0,upstream,2,0
0x0012bf00,0x00512ee0,upstream,2,0
0x0012bf60,0x00512ee0,upstream,2,0
0x0012bfb0,0x00512ee0,upstream,2,0
0x0012c150,0x00512ee0,upstream,2,0
0x0012c1f0,,-,1000000000,0
0x0012c220,0x00512ee0,upstream,1,0
0x0012c300,,-,1000000000,0
0x0012c360,0x0043fb68,upstream,2,0
0x0012c400,,-,1000000000,0
0x0012c500,0x0026d230,upstream,1,0
0x0012c650,,-,1000000000,0
0x0012c800,,-,1000000000,0
0x0012ca80,,-,1000000000,0
0x0012cad0,0x004ba240,upstream,1,0
0x0012cb20,,-,1000000000,0
0x0012cb60,,-,1000000000,0
0x0012cc60,,-,1000000000,0
0x0012cca0,,-,1000000000,0
0x0012ccc0,,-,1000000000,0
0x0012cd70,,-,1000000000,0
0x0012ce60,,-,1000000000,0
0x0012cf50,,-,1000000000,0
0x0012d040,,-,1000000000,0
0x0012d150,,-,1000000000,0
0x0012d220,,-,1000000000,0
0x0012d270,,-,1000000000,0
0x0012d2d0,,-,1000000000,0
0x0012d460,,-,1000000000,0
0x0012d570,,-,1000000000,0
0x0012d5c0,,-,1000000000,0
0x0012d660,0x00511940,upstream,4,0
0x0012d7f0,0x004ba240,upstream,1,0
0x0012d8d0,,-,1000000000,0
0x0012d930,,-,1000000000,0
0x0012d940,,-,1000000000,0
0x0012d950,0x00511940,upstream,4,0
0x0012d990,0x004ba240,upstream,1,0
0x0012d9f0,,-,1000000000,0
0x0012dae0,,-,1000000000,0
0x0012daf0,0x004ba240,upstream,1,0
0x0012db40,,-,1000000000,0
0x0012db60,,-,1000000000,0
0x0012dba0,,-,1000000000,0
0x0012dbb0,,-,1000000000,0
0x0012dd70,,-,1000000000,0
0x0012ded0,,-,1000000000,0
0x0012df60,0x004ba240,upstream,1,0
0x0012e010,0x004ba240,upstream,1,0
0x0012e0c0,,-,1000000000,0
0x0012e120,,-,1000000000,0
0x0012e190,,-,1000000000,0
0x0012e1a0,,-,1000000000,0
0x0012e230,,-,1000000000,0
0x0012e2c0,0x0011b5d0,upstream,1,0
0x0012e430,0x004ba240,upstream,1,0
0x0012e480,0x0011b5d0,upstream,1,0
0x0012e4e0,,-,1000000000,0
0x0012e600,0x004ba240,upstream,2,0
0x0012e660,0x004ba240,upstream,1,0
0x0012e860,0x004ba240,upstream,1,0
0x0012e8b0,0x004ba240,upstream,1,0
0x0012e920,0x004ba240,upstream,1,0
0x0012ea10,,-,1000000000,0
0x0012ea30,,-,1000000000,0
0x0012eaf0,,-,1000000000,0
0x0012eb00,,-,1000000000,0
0x0012eb10,0x004ba240,upstream,1,0
0x0012eb60,,-,1000000000,0
0x0012ecb0,,-,1000000000,0
0x0012ecc0,,-,1000000000,0
0x0012ed70,,-,1000000000,0
0x0012eda0,,-,1000000000,0
0x0012eec0,0x00238120,upstream,1,0
0x0012f000,0x004ba240,upstream,2,0
0x0012f140,,-,1000000000,0
0x0012f180,,-,1000000000,0
0x0012f190,,-,1000000000,0
0x0012f1a0,0x004ba240,upstream,2,0
0x0012f4d0,,-,1000000000,0
0x0012f570,,-,1000000000,0
0x0012f5b0,,-,1000000000,0
0x0012f5f0,,-,1000000000,0
0x0012f600,,-,1000000000,0
0x0012f640,,-,1000000000,0
0x0012f660,0x0023c590,upstream,2,0
0x0012f7a0,0x00238120,upstream,2,0
0x0012f890,,-,1000000000,0
0x0012f8d0,,-,1000000000,0
0x0012f910,,-,1000000000,0
0x0012f940,,-,1000000000,0
0x0012f980,,-,1000000000,0
0x0012f9d0,,-,1000000000,0
0x0012fa00,,-,1000000000,0
0x0012fa80,0x00238120,upstream,2,0
0x0012fb20,0x00238120,upstream,1,0
0x0012ff80,0x00238120,upstream,1,0
0x00130180,0x004ba240,upstream,1,0
0x001301e0,,-,1000000000,0
0x00130200,0x00238120,upstream,1,0
0x00130290,,-,1000000000,0
0x001302f0,0x004ba240,upstream,1,0
0x00130350,,-,1000000000,0
0x001304d0,,-,1000000000,0
0x001304e0,,-,1000000000,0
0x001304f0,,-,1000000000,0
0x00130620,,-,1000000000,0
0x00130690,0x004ba240,upstream,1,0
0x00130700,0x004f2210,upstream,6,0
0x001308a0,,-,1000000000,0
0x001308b0,,-,1000000000,0
0x001308c0,,-,1000000000,0
0x001309a0,,-,1000000000,0
0x00130a10,0x004ba240,upstream,1,0
0x00130a80,0x004ba240,upstream,1,0
0x00130ad0,0x004ba240,upstream,1,0
0x00130b30,,-,1000000000,0
0x00130b70,0x004ba240,upstream,1,0
0x00130be0,,-,1000000000,0
0x00130cd0,0x00428df8,upstream,1,0
0x00131070,,-,1000000000,0
0x001310a0,0x004ba240,upstream,1,0
0x00131110,,-,1000000000,0
0x00131200,,-,1000000000,0
0x00131240,0x004ba240,upstream,1,0
0x001312a0,0x004ba240,upstream,1,0
0x00131310,,-,1000000000,0
0x00131400,,-,1000000000,0
0x00131430,0x004ba240,upstream,1,0
0x001314a0,0x0023c590,upstream,3,0
0x00131730,,-,1000000000,0
0x00131760,0x004ba240,upstream,1,0
0x001317d0,,-,1000000000,0
0x00131830,0x00429068,upstream,1,0
0x00131a60,,-,1000000000,0
0x00131aa0,0x00238120,upstream,3,0
0x00131b20,0x004ba240,upstream,1,0
0x00131bf0,,-,1000000000,0
0x00131c30,0x004ba240,upstream,1,0
0x00131d90,0x0011b5d0,upstream,1,0
0x00132120,0x0011b5d0,upstream,1,0
0x00132180,,-,1000000000,0
0x001322a0,,-,1000000000,0
0x00132300,,-,1000000000,0
0x00132360,0x004ba240,upstream,2,0
0x001323c0,0x004ba240,upstream,2,0
0x00132420,0x004ba240,upstream,2,0
0x00132480,0x004ba240,upstream,2,0
0x001324e0,0x00511940,upstream,2,0
0x00132540,0x004ba240,upstream,1,0
0x00132730,0x004ba240,upstream,1,0
0x00132780,0x004ba240,upstream,1,0
0x001327f0,0x004ba240,upstream,1,0
0x001328e0,,-,1000000000,0
0x00132900,,-,1000000000,0
0x001329c0,,-,1000000000,0
0x001329d0,,-,1000000000,0
0x001329e0,0x004ba240,upstream,1,0
0x00132a30,,-,1000000000,0
0x00132b80,,-,1000000000,0
0x00132b90,,-,1000000000,0
0x00132c40,,-,1000000000,0
0x00132c70,,-,1000000000,0
0x00132d40,,-,1000000000,0
0x00132f60,,-,1000000000,0
0x00133100,,-,1000000000,0
0x00133340,,-,1000000000,0
0x00133520,0x004ba240,upstream,1,0
0x001335e0,0x004ba240,upstream,1,0
0x001336a0,0x004ba240,upstream,1,0
0x00133760,0x004ba240,upstream,1,0
0x00133830,0x004ba240,upstream,1,0
0x00133900,0x004ba240,upstream,1,0
0x001339c0,0x004ba240,upstream,1,0
0x00133ad0,0x004ba240,upstream,1,0
0x00133b40,,-,1000000000,0
0x00133bb0,,-,1000000000,0
0x00133c00,,-,1000000000,0
0x00133c70,0x00238120,upstream,1,0
0x00134080,,-,1000000000,0
0x00134110,,-,1000000000,0
0x00134170,0x00238120,upstream,2,0
0x00134390,0x00512ee0,upstream,3,0
0x00134430,0x00512ee0,upstream,2,0
0x00134870,0x00512ee0,upstream,3,0
0x001348f0,0x00512ee0,upstream,3,0
0x00134940,,-,1000000000,0
0x001349b0,0x005110e0,upstream,2,0
0x00134db0,,-,1000000000,1
0x00134e30,,-,1000000000,0
0x00134e40,,-,1000000000,0
0x00134e50,,-,1000000000,0
0x00134e60,,-,1000000000,0
0x00134e80,,-,1000000000,0
0x00134ec0,,-,1000000000,0
0x00134f10,,-,1000000000,0
0x00134f20,,-,1000000000,0
0x00134f30,0x00238120,upstream,1,0
0x001350c0,0x00238120,upstream,1,0
0x00135320,,-,1000000000,0
0x00135520,0x004ba240,upstream,2,0
0x00136050,,-,1000000000,1
0x00136110,,-,1000000000,0
0x00136160,,-,1000000000,1
0x00136170,,-,1000000000,0
0x001361f0,0x004ba240,upstream,1,0
0x00136280,,-,1000000000,0
0x001364e0,,-,1000000000,0
0x001364f0,,-,1000000000,0
0x00136500,,-,1000000000,0
0x00136510,,-,1000000000,0
0x00136520,,-,1000000000,0
0x00136540,,-,1000000000,0
0x00136750,,-,1000000000,0
0x00136970,,-,1000000000,0
0x00136a00,,-,1000000000,0
0x00136b20,,-,1000000000,0
0x00136bb0,0x004ba240,upstream,1,0
0x00136c20,0x0023c590,upstream,2,0
0x00136f20,,-,1000000000,0
0x00136f30,,-,1000000000,0
0x00136fd0,0x00512ee0,upstream,2,0
0x001370e0,,-,1000000000,0
0x00137330,,-,1000000000,0
0x00137410,,-,1000000000,0
0x00137490,,-,1000000000,0
0x001376b0,0x00512ee0,upstream,4,0
0x00137700,0x0023c590,upstream,1,0
0x001377b0,,-,1000000000,0
0x001377f0,0x004ba240,upstream,1,0
0x00137860,0x00238120,upstream,3,0
0x00137f90,,-,1000000000,0
0x00137fc0,0x004ba240,upstream,1,0
0x00138030,0x00512ee0,upstream,2,0
0x00138690,,-,1000000000,0
0x00138700,0x004ba240,upstream,1,0
0x00138770,,-,1000000000,0
0x00138e50,,-,1000000000,0
0x00138eb0,,-,1000000000,0
0x00138ec0,,-,1000000000,0
0x00138ef0,0x004ba240,upstream,1,0
0x00138f90,0x0023c590,upstream,1,0
0x0013a2b0,,-,1000000000,0
0x0013a320,,-,1000000000,0
0x0013a370,0x004ba240,upstream,1,0
0x0013a3e0,0x0023c590,upstream,2,0
0x0013b860,,-,1000000000,0
0x0013b970,0x0023c590,upstream,2,0
0x0013b9e0,0x00429068,upstream,1,0
0x0013ba10,0x0042f3a0,upstream,1,0
0x0013bb30,0x0023c590,upstream,1,0
0x0013c130,0x004ba240,upstream,2,0
0x0013c190,0x004ba240,upstream,1,0
0x0013c3d0,0x0058a7a0,upstream,2,0
0x0013c420,0x0043b320,upstream,1,0
0x0013cc10,0x00512ee0,upstream,1,0
0x0013d210,0x0043b320,upstream,1,0
0x0013d7d0,0x00512ee0,upstream,1,0
0x0013dd40,,-,1000000000,1
0x0013dd60,0x0033c1b0,upstream,2,0
0x0013ddf0,0x004ba240,upstream,1,0
0x0013de50,,-,1000000000,0
0x0013df10,0x0033c3b0,upstream,1,0
0x0013df80,0x0033c3b0,upstream,1,0
0x0013dfd0,0x004ba240,upstream,1,0
0x0013e040,0x004ba240,upstream,1,0
0x0013e0b0,,-,1000000000,0
0x0013e130,0x0033c3b0,upstream,1,0
0x0013e1a0,,-,1000000000,0
0x0013e1b0,0x0011b5d0,upstream,1,0
0x0013e310,0x004ba240,upstream,1,0
0x0013e360,0x004ba240,upstream,2,0
0x0013e3c0,0x004ba240,upstream,1,0
0x0013e490,0x004ba240,upstream,2,0
0x0013e590,,-,1000000000,0
0x0013e5c0,,-,1000000000,0
0x0013e5f0,,-,1000000000,0
0x0013e630,,-,1000000000,0
0x0013e640,,-,1000000000,0
0x0013e650,,-,1000000000,0
0x0013e9b0,0x0023c590,upstream,1,0
0x0013ea40,0x00513210,upstream,1,0
0x0013ee60,,-,1000000000,0
0x0013ee70,,-,1000000000,0
0x0013ee80,,-,1000000000,0
0x0013eec0,,-,1000000000,0
0x0013eed0,,-,1000000000,0
0x0013efa0,,-,1000000000,0
0x0013efc0,0x0023c590,upstream,2,0
0x0013f040,,-,1000000000,0
0x0013f060,0x00238120,upstream,1,0
0x0013f100,0x004ba240,upstream,2,0
0x0013f160,0x004ba240,upstream,3,0
0x0013f190,0x00238120,upstream,1,0
0x0013f210,0x00511940,upstream,2,0
0x0013f270,0x00238120,upstream,1,0
0x0013f310,0x004ba240,upstream,2,0
0x0013f370,0x004ba240,upstream,3,0
0x0013f3a0,,-,1000000000,0
0x0013f450,,-,1000000000,0
0x0013f460,0x00238120,upstream,1,0
0x0013f500,0x00511940,upstream,2,0
0x0013f560,0x00511940,upstream,3,0
0x0013f620,0x00238120,upstream,1,0
0x0013fe80,,-,1000000000,0
0x0013ff00,0x00238120,upstream,1,0
0x00140120,0x004ba240,upstream,1,0
0x00140180,0x004ba240,upstream,1,0
0x00140240,0x00429068,upstream,1,0
0x001404a0,0x00511940,upstream,1,0
0x001406f0,0x004f2210,upstream,6,0
0x00140790,0x00511940,upstream,2,0
0x001407f0,0x004ba240,upstream,1,0
0x001408b0,0x00511940,upstream,3,0
0x00140910,,-,1000000000,0
0x00140a70,,-,1000000000,0
0x00140ac0,0x0042f3a0,upstream,1,0
0x00140d00,0x00428df8,upstream,1,0
0x00140ee0,0x00428df8,upstream,1,0
0x00141060,,-,1000000000,0
0x001410b0,0x00428f48,upstream,1,0
0x001410e0,0x0023c590,upstream,1,0
0x00141130,,-,1000000000,0
0x001411b0,0x00511940,upstream,1,0
0x001414a0,0x00511940,upstream,1,0
0x00141520,0x004ba240,upstream,1,0
0x001415d0,,-,1000000000,0
0x00141600,0x0042f3a0,upstream,1,0
0x00141bd0,0x0051e5a0,upstream,2,0
0x00141ec0,0x0051e5a0,upstream,2,0
0x00141f20,0x0051e5a0,upstream,2,0
0x00142050,0x0042f3a0,upstream,1,0
0x001421a0,0x004f2210,upstream,5,0
0x00142210,0x00428df8,upstream,3,0
0x00142280,0x0042f3a0,upstream,1,0
0x001426b0,0x00511940,upstream,2,0
0x00142730,0x0042f3a0,upstream,1,0
0x00142a20,0x00428df8,upstream,2,0
0x00142cc0,0x00429068,upstream,3,0
0x00143040,0x0023c590,upstream,2,0
0x00143bc0,0x0023c590,upstream,1,0
0x00143cd0,0x00428df8,upstream,1,0
0x00143f10,0x0023c590,upstream,1,0
0x00144090,0x0023c590,upstream,1,0
0x00144120,0x00428df8,upstream,2,0
0x00144170,0x0023c590,upstream,1,0
0x00144260,0x0023c590,upstream,1,0
0x001444e0,0x0023c590,upstream,3,0
0x00144540,0x0023c590,upstream,3,0
0x001445a0,0x00428df8,upstream,2,0
0x001445d0,0x00428df8,upstream,2,0
0x00144600,0x00428df8,upstream,1,0
0x00144830,0x0023c590,upstream,1,0
0x00144880,0x0023c590,upstream,2,0
0x001448e0,0x0023c590,upstream,1,0
0x00144a30,0x0051e5a0,upstream,2,0
0x00144bb0,0x00511940,upstream,1,0
0x00144cb0,0x004ba240,upstream,1,0
0x00144d30,,-,1000000000,0
0x00144dc0,0x00511940,upstream,3,0
0x00144e50,0x00511940,upstream,3,0
0x00144e90,0x0042f3a0,upstream,1,0
0x00144fe0,0x00428df8,upstream,2,0
0x00145080,0x0023c590,upstream,2,0
0x001450d0,0x00512ee0,upstream,3,0
0x00145230,0x00238120,upstream,1,0
0x001453a0,0x00511940,upstream,1,0
0x00145420,0x00511940,upstream,1,0
0x00145630,0x004f2210,upstream,6,0
0x001456d0,0x00511940,upstream,4,0
0x00145740,0x005c0d40,upstream,1,0
0x00145aa0,0x00238120,upstream,1,0
0x00145b90,0x0023c590,upstream,1,0
0x00145c50,,-,1000000000,0
0x00145d80,0x005c0d40,upstream,1,0
0x00146310,0x00511940,upstream,1,0
0x00146390,0x00511940,upstream,1,0
0x00146410,0x00511940,upstream,1,0
0x00146490,0x00511940,upstream,1,0
0x00146550,0x005c0d40,upstream,1,0
0x001469b0,0x00511940,upstream,1,0
0x00146a30,0x00511940,upstream,1,0
0x00146ab0,0x00511940,upstream,1,0
0x00146b30,0x00511940,upstream,1,0
0x00146bc0,,-,1000000000,0
0x00146f30,0x00511940,upstream,1,0
0x00146fb0,,-,1000000000,0
0x00147030,,-,1000000000,0
0x00147080,,-,1000000000,0
0x00147190,0x00428df8,upstream,3,0
0x001471d0,0x00428df8,upstream,1,0
0x00147270,0x005c0d40,upstream,2,0
0x001472b0,0x0023c590,upstream,2,0
0x00147320,0x00428df8,upstream,3,0
0x00147380,0x00428df8,upstream,1,0
0x00147400,0x00428f48,upstream,2,0
0x00147430,0x00428f48,upstream,2,0
0x00147460,0x00428f48,upstream,1,0
0x001478a0,0x004ba240,upstream,1,0
0x001478f0,0x00238120,upstream,1,0
0x00147a30,0x00428df8,upstream,2,0
0x00147b20,0x00238120,upstream,1,0
0x00147c60,0x00428df8,upstream,3,0
0x00147cc0,0x00428df8,upstream,2,0
0x00147e60,,-,1000000000,0
0x00147eb0,,-,1000000000,0
0x00148010,,-,1000000000,0
0x00148080,,-,1000000000,0
0x001480b0,0x00238120,upstream,1,0
0x00148210,,-,1000000000,0
0x00148270,0x00238120,upstream,1,0
0x001483d0,,-,1000000000,0
0x00148410,0x00428df8,upstream,3,0
0x001485b0,0x003fad18,upstream,5,0
0x001485e0,,-,1000000000,0
0x00148680,0x00238120,upstream,1,0
0x001486e0,0x0026d230,upstream,1,0
0x001487b0,,-,1000000000,0
0x00148840,0x0042f3a0,upstream,1,0
0x00148910,0x0042f3a0,upstream,1,0
0x00148aa0,,-,1000000000,0
0x00148ae0,0x00238120,upstream,1,0
0x00148c30,,-,1000000000,0
0x00148c60,0x00428df8,upstream,3,0
0x00148ca0,0x0042f3a0,upstream,2,0
0x00148cd0,0x0042f3a0,upstream,1,0
0x00148fa0,0x0023c590,upstream,1,0
0x001492d0,,-,1000000000,0
0x001494a0,,-,1000000000,0
0x001494d0,,-,1000000000,0
0x001495e0,,-,1000000000,0
0x00149670,0x0042f3a0,upstream,2,0
0x00149c80,,-,1000000000,0
0x00149cd0,0x0023c590,upstream,1,0
0x0014a020,0x0042f3a0,upstream,1,0
0x0014a5f0,0x0042f3a0,upstream,2,0
0x0014a7c0,0x00428df8,upstream,3,0
0x0014a920,0x0042f3a0,upstream,2,0
0x0014ab00,0x00428df8,upstream,3,0
0x0014ac80,0x0042f3a0,upstream,1,0
0x0014aef0,0x0042f3a0,upstream,1,0
0x0014afb0,0x0042f3a0,upstream,1,0
0x0014b010,0x0042f3a0,upstream,3,0
0x0014b050,0x00428df8,upstream,4,0
0x0014b080,0x0042f3a0,upstream,2,0
0x0014b130,0x0042f3a0,upstream,2,0
0x0014b1d0,,-,1000000000,0
0x0014b260,,-,1000000000,0
0x0014b300,0x00238120,upstream,1,0
0x0014b490,0x00238120,upstream,1,0
0x0014b540,0x00428df8,upstream,2,0
0x0014b5c0,0x00428df8,upstream,2,0
0x0014b650,0x00238120,upstream,1,0
0x0014b760,0x00238120,upstream,1,0
0x0014b870,0x00428df8,upstream,2,0
0x0014b8d0,0x00428df8,upstream,2,0
0x0014b930,0x00428df8,upstream,2,0
0x0014bb60,0x0042f3a0,upstream,2,0
0x0014bd60,,-,1000000000,0
0x0014bdc0,0x0042f3a0,upstream,2,0
0x0014be20,0x00428df8,upstream,2,0
0x0014bef0,0x0023c590,upstream,1,0
0x0014c140,,-,1000000000,0
0x0014c170,0x0023c590,upstream,2,0
0x0014c220,,-,1000000000,0
0x0014c320,,-,1000000000,0
0x0014c450,0x0042f3a0,upstream,2,0
0x0014c4b0,0x004ba240,upstream,1,0
0x0014c510,0x0023c590,upstream,2,0
0x0014c580,,-,1000000000,0
0x0014c6c0,,-,1000000000,0
0x0014c710,0x0042f3a0,upstream,2,0
0x0014ccf0,0x00428df8,upstream,3,0
0x0014cfa0,0x00428df8,upstream,2,0
0x0014d000,0x0023c590,upstream,2,0
0x0014d0f0,0x0023c590,upstream,1,0
0x0014d350,0x0023c590,upstream,1,0
0x0014d3f0,0x00238120,upstream,1,0
0x0014d550,0x00238120,upstream,1,0
0x0014d680,0x00238120,upstream,1,0
0x0014d710,0x004ba240,upstream,4,0
0x0014d780,0x0023c590,upstream,1,0
0x0014d830,0x004ba240,upstream,6,0
0x0014d8b0,0x00428df8,upstream,2,0
0x0014d970,0x0042f3a0,upstream,2,0
0x0014dbe0,0x00428df8,upstream,2,0
0x0014dcc0,0x0042f3a0,upstream,2,0
0x0014ddc0,0x00428df8,upstream,2,0
0x0014de80,0x0023c590,upstream,1,0
0x0014df90,0x0023c590,upstream,1,0
0x0014e040,0x0042f3a0,upstream,3,0
0x0014e1f0,,-,1000000000,0
0x0014e220,,-,1000000000,0
0x0014e250,,-,1000000000,0
0x0014e3c0,,-,1000000000,0
0x0014e4a0,,-,1000000000,0
0x0014e4c0,,-,1000000000,0
0x0014e540,0x0023c590,upstream,2,0
0x0014ec90,0x0023c590,upstream,1,0
0x0014ed40,0x00428df8,upstream,2,0
0x0014eff0,0x0023c590,upstream,1,0
0x0014f090,,-,1000000000,0
0x0014f0d0,0x0042f3a0,upstream,1,0
0x0014f150,0x00428df8,upstream,3,0
0x0014f1f0,0x0051e5a0,upstream,2,0
0x0014f2d0,,-,1000000000,0
0x0014f350,0x0042f3a0,upstream,1,0
0x0014f4b0,0x0042f3a0,upstream,1,0
0x0014f5f0,0x0042f3a0,upstream,1,0
0x0014f730,0x0042f3a0,upstream,1,0
0x0014f870,0x0042f3a0,upstream,1,0
0x0014f9b0,0x0042f3a0,upstream,1,0
0x0014fcd0,0x00429068,upstream,1,0
0x0014ffa0,,-,1000000000,0
0x0014ffe0,,-,1000000000,0
0x001500c0,0x00428df8,upstream,3,0
0x00150240,0x00429068,upstream,1,0
0x00150410,0x00429068,upstream,1,0
0x001505b0,,-,1000000000,0
0x001505f0,0x0042f3a0,upstream,3,0
0x00150630,0x0042f3a0,upstream,3,0
0x001506c0,,-,1000000000,0
0x00150700,,-,1000000000,0
0x00150710,,-,1000000000,0
0x00150720,,-,1000000000,0
0x001507c0,0x0042f3a0,upstream,1,0
0x00150890,0x0042f3a0,upstream,1,0
0x00150a50,0x0042f3a0,upstream,1,0
0x00150ae0,0x0042f3a0,upstream,1,0
0x00150c30,0x0042f3a0,upstream,1,0
0x00150ca0,0x0023c590,upstream,2,0
0x00150ce0,0x00429068,upstream,1,0
0x00150d60,0x00429068,upstream,2,1
0x00150ea0,0x00428df8,upstream,2,1
0x00150fd0,0x0042f3a0,upstream,1,0
0x00151160,0x00428df8,upstream,2,1
0x00151310,0x0023c590,upstream,1,0
0x001514f0,0x00428df8,upstream,2,0
0x001516c0,0x00428df8,upstream,2,0
0x001518e0,0x00511940,upstream,2,0
0x00151930,0x00511940,upstream,2,0
0x00151980,0x00428df8,upstream,2,0
0x001519b0,,-,1000000000,0
0x00151b50,,-,1000000000,0
0x00151b70,0x00429068,upstream,3,1
0x00151bc0,,-,1000000000,0
0x00151be0,,-,1000000000,0
0x00151d40,0x00511940,upstream,1,0
0x00151e90,0x00511940,upstream,1,0
0x00151f10,0x004ba240,upstream,1,0
0x00151fa0,,-,1000000000,0
0x00151fc0,,-,1000000000,0
0x00152040,0x00238120,upstream,4,0
0x001520f0,,-,1000000000,0
0x00152180,0x00238120,upstream,3,0
0x001521e0,,-,1000000000,0
0x00152260,,-,1000000000,0
0x001522d0,0x00238120,upstream,1,0
0x001525b0,0x00238120,upstream,2,0
0x00152600,,-,1000000000,0
0x00152660,,-,1000000000,0
0x00152680,,-,1000000000,0
0x001526d0,,-,1000000000,0
0x001526e0,0x004ba240,upstream,1,0
0x00152730,,-,1000000000,0
0x00152740,,-,1000000000,0
0x00152750,,-,1000000000,0
0x00152760,,-,1000000000,0
0x00152770,,-,1000000000,0
0x00152780,0x00511940,upstream,1,0
0x001528d0,0x00511940,upstream,1,0
0x001535f0,,-,1000000000,0
0x00153600,,-,1000000000,0
0x00153610,0x0011b5d0,upstream,1,0
0x00153670,,-,1000000000,0
0x00153790,0x004ba240,upstream,2,0
0x001537f0,0x004ba240,upstream,2,0
0x00153850,0x00511940,upstream,1,0
0x00153c30,,-,1000000000,0
0x00153d50,0x004ba240,upstream,1,0
0x00153dc0,0x004ba240,upstream,1,0
0x00153eb0,,-,1000000000,0
0x00153ed0,,-,1000000000,0
0x00153f90,,-,1000000000,0
0x00153ff0,0x00238120,upstream,1,0
0x001540d0,0x0042f3a0,upstream,2,0
0x00154240,,-,1000000000,0
0x001542b0,,-,1000000000,0
0x00154350,,-,1000000000,0
0x001544a0,,-,1000000000,0
0x001544b0,,-,1000000000,0
0x00154580,,-,1000000000,0
0x001545c0,0x00238120,upstream,1,0
0x00154aa0,0x0058a7a0,upstream,2,0
0x00154d30,,-,1000000000,0
0x00154d50,,-,1000000000,0
0x00154de0,,-,1000000000,0
0x00154e00,,-,1000000000,0
0x00154e20,,-,1000000000,0
0x00154e30,,-,1000000000,0
0x00155130,,-,1000000000,0
0x00155280,,-,1000000000,0
0x00155350,,-,1000000000,0
0x00155410,0x004f2210,upstream,6,0
0x00155580,,-,1000000000,0
0x00155590,,-,1000000000,0
0x001555a0,0x004ba240,upstream,1,0
0x00155670,0x0023c590,upstream,2,0
0x00155710,0x004ba240,upstream,1,0
0x00155810,0x004ba240,upstream,1,0
0x001558e0,0x004f2210,upstream,6,0
0x00155ad0,0x004ba240,upstream,1,0
0x00155c30,,-,1000000000,0
0x00155cc0,0x004ba240,upstream,1,0
0x00155d80,,-,1000000000,0
0x00155e00,0x004ba240,upstream,2,0
0x00155e60,,-,1000000000,0
0x00155fb0,,-,1000000000,0
0x00156800,,-,1000000000,0
0x001568e0,,-,1000000000,0
0x001569e0,,-,1000000000,0
0x00156a50,,-,1000000000,0
0x00156c10,,-,1000000000,0
0x00156c70,0x00511940,upstream,2,0
0x00156fc0,,-,1000000000,0
0x00157110,,-,1000000000,0
0x00157140,,-,1000000000,0
0x00157210,,-,1000000000,0
0x001572a0,,-,1000000000,0
0x00157360,,-,1000000000,0
0x001575c0,,-,1000000000,0
0x001576a0,0x0033c1b0,upstream,2,0
0x00157760,0x0033c1b0,upstream,3,0
0x001577a0,0x004ba240,upstream,2,0
0x00157810,,-,1000000000,0
0x00157960,,-,1000000000,0
0x00157a50,0x004ba240,upstream,1,0
0x00157b00,,-,1000000000,0
0x00157f60,,-,1000000000,0
0x00157f70,,-,1000000000,0
0x00157fd0,,-,1000000000,0
0x00158910,0x00428998,upstream,1,0
0x00158d00,0x004ba240,upstream,1,0
0x00158d80,0x004ba240,upstream,1,0
0x00159030,,-,1000000000,0
0x00159350,,-,1000000000,0
0x00159370,,-,1000000000,0
0x001594d0,,-,1000000000,0
0x001594f0,,-,1000000000,0
0x00159640,0x0043b320,upstream,3,0
0x00159b70,,-,1000000000,0
0x0015b970,,-,1000000000,0
0x0015b9f0,,-,1000000000,0
0x0015ba00,,-,1000000000,0
0x0015ba10,,-,1000000000,0
0x0015ba30,,-,1000000000,0
0x0015ba70,,-,1000000000,0
0x0015baa0,,-,1000000000,0
0x0015bc70,0x0043b320,upstream,3,0
0x0015be40,0x0043b320,upstream,3,0
0x0015c2e0,,-,1000000000,0
0x0015c320,0x0043b320,upstream,4,0
0x0015c400,0x0043b320,upstream,3,0
0x0015c8d0,0x0043b320,upstream,2,0
0x0015cad0,0x0043b320,upstream,2,0
0x0015cb20,,-,1000000000,0
0x0015cc30,0x00238120,upstream,2,0
0x0015ced0,,-,1000000000,0
0x0015d3b0,,-,1000000000,0
0x0015d3c0,,-,1000000000,0
0x0015d3d0,,-,1000000000,0
0x0015d5d0,0x00512ee0,upstream,2,0
0x0015d610,0x0043b320,upstream,2,0
0x0015d670,0x0043b320,upstream,2,0
0x0015d700,,-,1000000000,0
0x0015d880,,-,1000000000,0
0x0015d8e0,,-,1000000000,0
0x0015d910,0x0043b320,upstream,2,0
0x0015d990,,-,1000000000,0
0x0015d9b0,,-,1000000000,0
0x0015d9c0,,-,1000000000,0
0x0015d9d0,,-,1000000000,0
0x0015d9e0,,-,1000000000,0
0x0015d9f0,,-,1000000000,0
0x0015da00,,-,1000000000,0
0x0015da50,,-,1000000000,0
0x0015da80,,-,1000000000,0
0x0015da90,,-,1000000000,0
0x0015daa0,,-,1000000000,0
0x0015db70,0x00428998,upstream,1,0
0x0015dd20,0x00238120,upstream,2,0
0x0015ded0,,-,1000000000,0
0x0015df20,,-,1000000000,0
0x0015df50,,-,1000000000,0
0x0015df80,0x0042f3a0,upstream,4,0
0x0015dff0,,-,1000000000,0
0x0015e090,,-,1000000000,0
0x0015e0f0,,-,1000000000,0
0x0015e100,,-,1000000000,0
0x0015e580,,-,1000000000,0
0x0015e980,,-,1000000000,0
0x0015ef40,0x00511940,upstream,1,0
0x0015efc0,0x00511940,upstream,1,0
0x0015f090,0x005c0d40,upstream,1,0
0x0015ff60,,-,1000000000,0
0x00160080,0x00511940,upstream,1,0
0x001604f0,0x004ba240,upstream,1,0
0x001605e0,,-,1000000000,0
0x00160600,,-,1000000000,0
0x00160610,,-,1000000000,0
0x001606d0,,-,1000000000,0
0x001606e0,,-,1000000000,0
0x001607f0,,-,1000000000,0
0x00160860,,-,1000000000,0
0x00160890,,-,1000000000,0
0x001608c0,,-,1000000000,0
0x00160910,,-,1000000000,0
0x00160a60,,-,1000000000,0
0x00160ad0,,-,1000000000,0
0x00160b20,,-,1000000000,0
0x00160b90,0x001071e0,upstream,1,1
0x00160ca0,,-,1000000000,0
0x00160cb0,,-,1000000000,0
0x00160d30,,-,1000000000,0
0x00160d40,,-,1000000000,0
0x001610c0,,-,1000000000,0
0x001610e0,,-,1000000000,0
0x001610f0,0x001071e0,upstream,1,0
0x001614d0,,-,1000000000,0
0x00161590,,-,1000000000,0
0x00161730,0x004f2210,upstream,6,0
0x00161800,0x0043b320,upstream,1,0
0x00161c80,,-,1000000000,0
0x00161ce0,,-,1000000000,1
0x00161db0,,-,1000000000,1
0x00161dc0,,-,1000000000,1
0x00161dd0,,-,1000000000,0
0x00161de0,,-,1000000000,0
0x00161f50,,-,1000000000,1
0x00161f90,,-,1000000000,0
0x00162000,,-,1000000000,0
0x00162020,,-,1000000000,0
0x001621e0,,-,1000000000,0
0x001621f0,0x0043b320,upstream,2,0
0x001625d0,,-,1000000000,0
0x001627a0,0x0042f3a0,upstream,2,0
0x00162ae0,0x00512ee0,upstream,1,0
0x001633a0,,-,1000000000,0
0x001637a0,0x0043b320,upstream,4,0
0x00163b80,0x0043b320,upstream,5,0
0x00164170,0x0058a7a0,upstream,1,0
0x00164420,0x0058a7a0,upstream,2,0
0x00164560,0x00511940,upstream,3,0
0x001658f0,0x00511940,upstream,3,0
0x00165ab0,0x004f2210,upstream,7,0
0x00165d10,,-,1000000000,0
0x00165e20,,-,1000000000,0
0x00165e70,,-,1000000000,0
0x00165f60,0x0058a7a0,upstream,2,0
0x00166040,0x0058a7a0,upstream,1,0
0x00166610,,-,1000000000,0
0x00166870,,-,1000000000,0
0x00166e20,0x001071e0,upstream,1,0
0x00166fe0,,-,1000000000,0
0x00167100,0x00511940,upstream,1,0
0x00167220,0x00511940,upstream,1,0
0x00167340,0x00511940,upstream,1,0
0x001673e0,0x00511940,upstream,1,0
0x00167480,,-,1000000000,0
0x00167490,,-,1000000000,0
0x001674c0,,-,1000000000,0
0x00167500,,-,1000000000,0
0x001675d0,,-,1000000000,0
0x00167780,0x004ba240,upstream,1,0
0x001677e0,0x004ba240,upstream,1,0
0x00167830,0x004ba240,upstream,1,0
0x00167900,0x0043b320,upstream,1,0
0x00167c50,,-,1000000000,0
0x00167cb0,,-,1000000000,0
0x00167d20,0x0023c590,upstream,3,0
0x001690c0,,-,1000000000,0
0x001690d0,,-,1000000000,0
0x001690e0,,-,1000000000,0
0x001690f0,,-,1000000000,0
0x00169100,,-,1000000000,0
0x00169250,,-,1000000000,0
0x00169770,,-,1000000000,0
0x00169780,0x005110e0,upstream,1,0
0x001698c0,0x004ba240,upstream,1,0
0x00169930,0x003fad18,upstream,3,0
0x00169d30,,-,1000000000,0
0x00169d90,0x00428998,upstream,2,0
0x00169e50,,-,1000000000,0
0x00169e80,,-,1000000000,0
0x00169eb0,,-,1000000000,0
0x00169f00,,-,1000000000,0
0x00169f60,,-,1000000000,0
0x0016a110,,-,1000000000,0
0x0016a270,,-,1000000000,0
0x0016a350,,-,1000000000,0
0x0016a430,,-,1000000000,0
0x0016a5d0,,-,1000000000,0
0x0016a670,,-,1000000000,0
0x0016a6e0,0x003fad18,upstream,2,0
0x0016a9e0,,-,1000000000,0
0x0016ab70,,-,1000000000,0
0x0016add0,,-,1000000000,0
0x0016af40,,-,1000000000,0
0x0016b030,,-,1000000000,0
0x0016b230,,-,1000000000,0
0x0016b3c0,0x004ba240,upstream,1,0
0x0016b4d0,0x0026d230,upstream,3,0
0x0016b550,,-,1000000000,0
0x0016b590,,-,1000000000,0
0x0016b5d0,0x0043b320,upstream,4,0
0x0016b620,0x0043b320,upstream,5,0
0x0016b660,,-,1000000000,0
0x0016b710,,-,1000000000,0
0x0016b740,0x0011b5d0,upstream,1,0
0x0016bc70,0x0023c590,upstream,3,0
0x0016c010,0x00428998,upstream,3,0
0x0016c060,,-,1000000000,0
0x0016c0c0,0x0026d230,upstream,2,0
0x0016c170,,-,1000000000,0
0x0016c230,,-,1000000000,0
0x0016c2b0,0x004ba240,upstream,1,0
0x0016c3a0,0x0023c590,upstream,1,0
0x0016c3e0,0x0026d230,upstream,1,0
0x0016c6d0,,-,1000000000,0
0x0016c920,,-,1000000000,0
0x0016c9e0,,-,1000000000,0
0x0016ca40,0x0026d230,upstream,2,0
0x0016cba0,0x004ba240,upstream,1,0
0x0016cbf0,0x0023c590,upstream,1,0
0x0016cc30,0x0026d230,upstream,1,0
0x0016ccd0,0x0023c590,upstream,2,0
0x0016cd30,0x0026d230,upstream,2,0
0x0016cdc0,,-,1000000000,0
0x0016cdd0,,-,1000000000,0
0x0016ce60,0x004ba240,upstream,1,0
0x0016cf30,0x0023c590,upstream,1,0
0x0016cf70,0x0026d230,upstream,1,0
0x0016d210,0x0043b320,upstream,3,0
0x0016d3b0,0x0043b320,upstream,3,0
0x0016d510,,-,1000000000,0
0x0016d620,,-,1000000000,0
0x0016d6c0,0x004ba240,upstream,1,0
0x0016d9a0,0x00428998,upstream,1,0
0x0016de60,0x004ba240,upstream,1,0
0x0016e320,,-,1000000000,0
0x0016e330,,-,1000000000,0
0x0016e340,0x0042f3a0,upstream,1,0
0x0016e610,0x0042f3a0,upstream,1,0
0x0016e840,0x00511940,upstream,2,0
0x0016e890,0x00513f30,upstream,2,0
0x0016e940,,-,1000000000,0
0x0016e950,,-,1000000000,0
0x0016e9a0,0x00511940,upstream,1,0
0x0016eaa0,0x00513f30,upstream,1,0
0x0016ef90,0x00511940,upstream,1,0
0x0016f170,0x00511940,upstream,1,0
0x0016f230,,-,1000000000,0
0x0016f240,0x0042f3a0,upstream,2,0
0x0016f390,0x0042f3a0,upstream,2,0
0x001704f0,0x0042f3a0,upstream,2,0
0x00170ad0,0x0042f3a0,upstream,1,0
0x00170b90,0x0023c590,upstream,2,0
0x00170be0,0x0023c590,upstream,2,0
0x00170c60,0x0023c590,upstream,2,0
0x00170d10,0x0023c590,upstream,2,0
0x00170d60,0x0023c590,upstream,1,0
0x00170e40,0x0042f3a0,upstream,2,0
0x00171530,0x004ba240,upstream,1,0
0x00171580,0x00511940,upstream,1,0
0x001716d0,0x00511940,upstream,1,0
0x00171790,0x005c0d40,upstream,2,0
0x001718a0,,-,1000000000,0
0x001718b0,,-,1000000000,0
0x00171930,,-,1000000000,0
0x001719b0,,-,1000000000,0
0x001719d0,,-,1000000000,0
0x00171a10,,-,1000000000,0
0x00171a50,,-,1000000000,0
0x00171b60,0x003fb210,upstream,1,0
0x00171bc0,,-,1000000000,0
0x00171c30,,-,1000000000,0
0x00171c40,,-,1000000000,0
0x00171c50,,-,1000000000,0
0x00171c60,,-,1000000000,0
0x00171c70,,-,1000000000,0
0x00171ca0,,-,1000000000,0
0x00171cc0,,-,1000000000,0
0x00171ce0,,-,1000000000,0
0x00171cf0,0x00512ee0,upstream,3,0
0x00171e10,,-,1000000000,0
0x00171e50,,-,1000000000,0
0x00171e70,,-,1000000000,1
0x00171e90,0x004ba240,upstream,1,0
0x00171f70,,-,1000000000,0
0x00172000,0x00428f48,upstream,1,0
0x00172090,0x004ba240,upstream,1,0
0x00172100,0x004f2210,upstream,2,0
0x001722c0,0x003fb210,upstream,2,0
0x00172e00,0x00428f48,upstream,1,0
0x00172e90,0x004ba240,upstream,1,0
0x00172f00,0x004f2210,upstream,2,0
0x00172fb0,,-,1000000000,0
0x00173250,0x00428f48,upstream,1,0
0x001732e0,0x004ba240,upstream,1,0
0x00173350,0x004f2210,upstream,2,0
0x001733a0,,-,1000000000,0
0x00173500,0x00428f48,upstream,1,0
0x00173590,0x004ba240,upstream,1,0
0x00173600,0x004f2210,upstream,2,0
0x00173680,0x003fb210,upstream,2,0
0x00173c20,0x00428f48,upstream,1,0
0x00173cc0,0x004ba240,upstream,1,0
0x00173d20,0x004f2210,upstream,2,0
0x00173db0,0x003fb210,upstream,2,0
0x00174130,0x00428f48,upstream,1,0
0x001741c0,0x004ba240,upstream,1,0
0x00174230,0x004f2210,upstream,2,0
0x00174290,0x003fb210,upstream,2,0
0x00174570,0x00428f48,upstream,1,0
0x00174600,0x004ba240,upstream,1,0
0x00174670,0x004f2210,upstream,2,0
0x001747e0,0x003fb210,upstream,2,0
0x00176640,0x00428f48,upstream,1,0
0x001766d0,0x004ba240,upstream,1,0
0x00176740,0x004f2210,upstream,2,0
0x001767a0,0x003fb210,upstream,2,0
0x00176a00,0x00428f48,upstream,1,0
0x00176a90,0x004ba240,upstream,1,0
0x00176b00,0x004f2210,upstream,2,0
0x00176bb0,0x003fb210,upstream,2,0
0x00177170,0x00428f48,upstream,1,0
0x00177200,0x004ba240,upstream,1,0
0x00177270,0x004f2210,upstream,2,0
0x00177450,0x003fb210,upstream,2,0
0x001786d0,0x00428f48,upstream,1,0
0x00178760,0x004ba240,upstream,1,0
0x001787d0,0x004f2210,upstream,2,0
0x00178870,0x003fb210,upstream,2,0
0x00178d20,0x00428f48,upstream,1,0
0x00178db0,0x004ba240,upstream,1,0
0x00178e20,0x004f2210,upstream,2,0
0x00178e70,0x003fb210,upstream,2,0
0x00178ff0,0x00428f48,upstream,1,0
0x00179080,0x004ba240,upstream,1,0
0x001790f0,0x004f2210,upstream,2,0
0x00179150,0x003fb210,upstream,2,0
0x00179370,0x00428f48,upstream,1,0
0x00179400,0x004ba240,upstream,1,0
0x00179470,0x004f2210,upstream,2,0
0x001794d0,0x003fb210,upstream,2,0
0x00179770,0x00428f48,upstream,1,0
0x00179800,0x004ba240,upstream,1,0
0x00179870,0x004f2210,upstream,2,0
0x001798c0,0x003fb210,upstream,2,0
0x00179aa0,0x00428f48,upstream,1,0
0x00179b30,0x004ba240,upstream,1,0
0x00179ba0,0x004f2210,upstream,2,0
0x00179c20,0x003fb210,upstream,2,0
0x00179f70,0x004ba240,upstream,1,0
0x00179ff0,,-,1000000000,0
0x0017a220,,-,1000000000,0
0x0017a230,,-,1000000000,0
0x0017a370,,-,1000000000,0
0x0017a3d0,,-,1000000000,0
0x0017a490,,-,1000000000,0
0x0017a4b0,,-,1000000000,0
0x0017a4e0,0x0026d230,upstream,2,0
0x0017a520,0x004ba240,upstream,1,0
0x0017a570,0x0023c590,upstream,2,0
0x0017a5d0,0x0026d230,upstream,1,0
0x0017a6d0,,-,1000000000,0
0x0017a6e0,,-,1000000000,0
0x0017a6f0,,-,1000000000,0
0x0017a710,0x004ba240,upstream,1,0
0x0017a760,,-,1000000000,0
0x0017a850,,-,1000000000,0
0x0017a9c0,,-,1000000000,0
0x0017aa80,0x004ba240,upstream,1,0
0x0017ab10,0x0023c590,upstream,2,0
0x0017ab70,0x0026d230,upstream,1,0
0x0017af20,,-,1000000000,0
0x0017b580,,-,1000000000,0
0x0017b590,,-,1000000000,0
0x0017b720,,-,1000000000,0
0x0017b730,,-,1000000000,0
0x0017b9d0,,-,1000000000,0
0x0017ba30,,-,1000000000,0
0x0017bac0,0x004ba240,upstream,1,0
0x0017bb50,0x0023c590,upstream,2,0
0x0017bbb0,0x0026d230,upstream,1,0
0x0017bdb0,,-,1000000000,0
0x0017c100,,-,1000000000,0
0x0017c110,,-,1000000000,0
0x0017c170,0x004ba240,upstream,1,0
0x0017c220,0x0023c590,upstream,2,0
0x0017c280,,-,1000000000,0
0x0017c320,0x0026d230,upstream,1,0
0x0017c530,,-,1000000000,0
0x0017c800,0x004ba240,upstream,1,0
0x0017c850,,-,1000000000,0
0x0017c860,,-,1000000000,0
0x0017c870,,-,1000000000,0
0x0017c880,,-,1000000000,0
0x0017c990,0x004ba240,upstream,1,0
0x0017ca00,0x0023c590,upstream,2,0
0x0017ca60,0x0026d230,upstream,1,0
0x0017cbe0,,-,1000000000,0
0x0017cd20,,-,1000000000,0
0x0017cdb0,0x004ba240,upstream,1,0
0x0017cea0,0x0023c590,upstream,2,0
0x0017cf00,0x0026d230,upstream,1,0
0x0017d1d0,0x004ba240,upstream,2,0
0x0017d780,,-,1000000000,0
0x0017d7a0,,-,1000000000,0
0x0017d860,,-,1000000000,0
0x0017d8c0,,-,1000000000,0
0x0017d970,,-,1000000000,0
0x0017da10,,-,1000000000,0
0x0017da80,0x004ba240,upstream,1,0
0x0017daf0,0x0023c590,upstream,2,0
0x0017db50,0x0026d230,upstream,1,0
0x0017dd00,,-,1000000000,0
0x0017dec0,,-,1000000000,0
0x0017df30,,-,1000000000,0
0x0017dfb0,0x004ba240,upstream,1,0
0x0017e020,0x0023c590,upstream,2,0
0x0017e080,0x0026d230,upstream,1,0
0x0017e2e0,,-,1000000000,0
0x0017e3d0,,-,1000000000,0
0x0017e4e0,,-,1000000000,0
0x0017e5b0,,-,1000000000,0
0x0017e750,,-,1000000000,0
0x0017e800,,-,1000000000,0
0x0017e960,,-,1000000000,0
0x0017ea30,0x004ba240,upstream,1,0
0x0017ead0,0x0023c590,upstream,2,0
0x0017eb30,0x0026d230,upstream,1,0
0x0017ed00,0x004ba240,upstream,2,0
0x0017f540,,-,1000000000,0
0x0017f550,,-,1000000000,0
0x0017f560,,-,1000000000,0
0x0017f5a0,,-,1000000000,0
0x0017f600,,-,1000000000,0
0x0017f6b0,,-,1000000000,0
0x0017f730,0x004ba240,upstream,1,0
0x0017f7a0,0x0023c590,upstream,2,0
0x0017f800,0x0026d230,upstream,1,0
0x0017fa00,,-,1000000000,0
0x0017fcb0,,-,1000000000,0
0x0017fcf0,0x004ba240,upstream,1,0
0x0017fd40,0x0023c590,upstream,2,0
0x0017fda0,0x0026d230,upstream,1,0
0x0017fee0,,-,1000000000,0
0x00180300,,-,1000000000,0
0x00180310,0x004ba240,upstream,1,0
0x00180360,,-,1000000000,0
0x001803c0,0x004ba240,upstream,1,0
0x00180470,0x0023c590,upstream,2,0
0x001804d0,,-,1000000000,0
0x00180560,0x0026d230,upstream,1,0
0x00180770,,-,1000000000,0
0x00180850,,-,1000000000,0
0x00180870,,-,1000000000,0
0x00180c50,0x004ba240,upstream,1,0
0x00180f70,0x004ba240,upstream,1,0
0x00181060,0x0023c590,upstream,3,0
0x001810e0,0x00512ee0,upstream,1,0
0x00181300,,-,1000000000,0
0x00181310,,-,1000000000,0
0x00181500,,-,1000000000,0
0x00181540,,-,1000000000,0
0x00181670,0x004ba240,upstream,2,0
0x00181910,,-,1000000000,0
0x00181920,,-,1000000000,0
0x001819e0,,-,1000000000,0
0x00181c70,0x004ba240,upstream,2,0
0x00181f80,,-,1000000000,0
0x001820c0,,-,1000000000,0
0x00182160,0x004ba240,upstream,3,0
0x001821c0,,-,1000000000,0
0x00182200,0x004ba240,upstream,1,0
0x00182250,0x0023c590,upstream,2,0
0x001822e0,,-,1000000000,0
0x001823e0,,-,1000000000,0
0x00182440,,-,1000000000,0
0x001824b0,0x004ba240,upstream,1,0
0x00182520,0x0023c590,upstream,2,0
0x00182590,0x0026d230,upstream,1,0
0x00182660,,-,1000000000,0
0x00182670,,-,1000000000,0
0x00182680,,-,1000000000,0
0x001826d0,,-,1000000000,0
0x001826e0,,-,1000000000,0
0x00182710,0x004f2210,upstream,6,0
0x00182a90,,-,1000000000,0
0x00182ac0,,-,1000000000,0
0x00182ad0,,-,1000000000,0
0x00182ae0,0x003fad18,upstream,4,0
0x00182b60,,-,1000000000,0
0x00182ba0,0x00513f30,upstream,2,0
0x00182c80,,-,1000000000,0
0x00182cc0,,-,1000000000,0
0x00182d00,,-,1000000000,0
0x00182d50,0x00238120,upstream,2,0
0x00182f00,,-,1000000000,0
0x00182f10,0x003fad18,upstream,3,0
0x00183630,,-,1000000000,0
0x00183650,0x003fad18,upstream,2,0
0x001836a0,,-,1000000000,0
0x00183720,,-,1000000000,0
0x001837b0,0x00513f30,upstream,1,0
0x00183a30,0x00512ee0,upstream,1,0
0x00183ee0,,-,1000000000,0
0x00183fe0,0x0042f3a0,upstream,2,0
0x00184030,0x00429068,upstream,1,0
0x001840c0,0x0042f3a0,upstream,1,0
0x00184180,0x0023c590,upstream,3,0
0x001843d0,0x004ba240,upstream,1,0
0x00184570,0x0023c590,upstream,2,0
0x00184670,0x0026d230,upstream,1,0
0x00184810,,-,1000000000,0
0x00184850,0x00428df8,upstream,1,0
0x00184940,,-,1000000000,0
0x00184950,,-,1000000000,0
0x00185000,,-,1000000000,0
0x00185010,,-,1000000000,0
0x00185020,,-,1000000000,0
0x00185030,,-,1000000000,0
0x00185040,,-,1000000000,0
0x00185050,,-,1000000000,0
0x00185060,,-,1000000000,0
0x00185070,,-,1000000000,0
0x00185080,,-,1000000000,0
0x00185090,,-,1000000000,0
0x001850a0,,-,1000000000,0
0x001850b0,,-,1000000000,0
0x001850c0,,-,1000000000,0
0x001850d0,,-,1000000000,0
0x001850e0,,-,1000000000,0
0x001850f0,,-,1000000000,0
0x00185120,0x0042f3a0,upstream,3,0
0x001851a0,0x0042f3a0,upstream,3,0
0x001851e0,,-,1000000000,0
0x001851f0,,-,1000000000,0
0x00185250,,-,1000000000,0
0x00185310,,-,1000000000,0
0x00185320,,-,1000000000,0
0x001858a0,,-,1000000000,0
0x001858f0,,-,1000000000,0
0x00185900,,-,1000000000,0
0x00185910,,-,1000000000,0
0x00185920,,-,1000000000,0
0x00185b70,,-,1000000000,0
0x00185b80,,-,1000000000,0
0x00185e20,,-,1000000000,0
0x00185e30,,-,1000000000,0
0x00185e40,,-,1000000000,0
0x00185eb0,,-,1000000000,0
0x00185ec0,,-,1000000000,0
0x00185ed0,,-,1000000000,0
0x00185f50,0x0023c590,upstream,1,0
0x001861a0,,-,1000000000,0
0x001861b0,,-,1000000000,0
0x001861c0,,-,1000000000,0
0x001861d0,,-,1000000000,0
0x001861e0,,-,1000000000,0
0x001862d0,,-,1000000000,0
0x001863c0,0x0042f3a0,upstream,1,0
0x001865c0,0x004287e0,upstream,1,0
0x00186680,,-,1000000000,0
0x00186710,0x0042f3a0,upstream,1,0
0x00186870,,-,1000000000,0
0x00186880,,-,1000000000,0
0x00186890,0x0042f3a0,upstream,1,0
0x00186af0,0x00512ee0,upstream,1,0
0x00186db0,0x00429068,upstream,1,0
0x00186e60,,-,1000000000,0
0x00186e70,0x00429068,upstream,1,0
0x001874d0,0x0042f3a0,upstream,2,0
0x00187600,0x0042f3a0,upstream,3,0
0x001876e0,0x00429068,upstream,1,0
0x00187b20,0x00511940,upstream,3,0
0x00187d30,,-,1000000000,0
0x00187e40,,-,1000000000,0
0x00188080,,-,1000000000,0
0x00188160,,-,1000000000,0
0x00188170,,-,1000000000,0
0x00188180,,-,1000000000,0
0x001881b0,,-,1000000000,0
0x001881c0,,-,1000000000,0
0x001881d0,,-,1000000000,0
0x001881e0,,-,1000000000,0
0x001886e0,,-,1000000000,0
0x001886f0,,-,1000000000,0
0x00188750,,-,1000000000,0
0x001887a0,,-,1000000000,0
0x001887f0,,-,1000000000,0
0x00188800,,-,1000000000,0
0x00188810,,-,1000000000,0
0x00188820,,-,1000000000,0
0x00188950,0x0023c590,upstream,2,0
0x001889a0,0x0042f3a0,upstream,1,0
0x00188fc0,,-,1000000000,0
0x00189030,0x004ba240,upstream,1,0
0x00189090,,-,1000000000,0
0x001890e0,,-,1000000000,0
0x00189130,,-,1000000000,0
0x00189170,,-,1000000000,0
0x001891b0,,-,1000000000,0
0x001891d0,,-,1000000000,0
0x001892e0,,-,1000000000,0
0x001893f0,0x004ba240,upstream,1,0
0x00189450,0x0023c590,upstream,2,0
0x001894b0,,-,1000000000,0
0x001894f0,0x0042f3a0,upstream,1,0
0x00189720,,-,1000000000,0
0x00189790,0x004ba240,upstream,1,0
0x00189830,,-,1000000000,0
0x001898c0,,-,1000000000,0
0x00189900,,-,1000000000,0
0x00189aa0,,-,1000000000,0
0x00189c30,,-,1000000000,0
0x00189c60,,-,1000000000,0
0x00189c90,,-,1000000000,0
0x00189cf0,,-,1000000000,0
0x00189d40,,-,1000000000,0
0x00189d90,,-,1000000000,0
0x00189dd0,,-,1000000000,0
0x00189e00,,-,1000000000,0
0x00189e20,0x004ba240,upstream,1,0
0x00189e90,0x0023c590,upstream,2,0
0x00189fc0,,-,1000000000,0
0x0018a0a0,,-,1000000000,0
0x0018a100,0x0042f3a0,upstream,1,0
0x0018a480,,-,1000000000,0
0x0018a510,0x0023c590,upstream,2,0
0x0018a570,0x0042f3a0,upstream,1,0
0x0018a960,,-,1000000000,0
0x0018a970,,-,1000000000,0
0x0018ab80,,-,1000000000,0
0x0018ace0,,-,1000000000,0
0x0018ad20,0x004ba240,upstream,1,0
0x0018ae20,,-,1000000000,0
0x0018ae80,,-,1000000000,0
0x0018aee0,,-,1000000000,0
0x0018af00,,-,1000000000,0
0x0018af40,,-,1000000000,0
0x0018afd0,,-,1000000000,0
0x0018b000,0x004ba240,upstream,1,0
0x0018b0a0,0x0023c590,upstream,2,0
0x0018b0f0,,-,1000000000,0
0x0018b120,0x0042f3a0,upstream,2,0
0x0018b1f0,0x0042f3a0,upstream,1,0
0x0018b290,0x0042f3a0,upstream,1,0
0x0018b4d0,,-,1000000000,0
0x0018b4e0,,-,1000000000,0
0x0018b4f0,,-,1000000000,0
0x0018b500,,-,1000000000,0
0x0018b510,,-,1000000000,0
0x0018b540,,-,1000000000,0
0x0018b580,0x004ba240,upstream,2,0
0x0018b5d0,,-,1000000000,0
0x0018b620,0x004ba240,upstream,1,0
0x0018b6e0,0x0023c590,upstream,2,0
0x0018b730,0x0042f3a0,upstream,1,0
0x0018b9f0,0x0042f3a0,upstream,1,0
0x0018bb20,0x0042f3a0,upstream,1,0
0x0018bce0,,-,1000000000,0
0x0018bcf0,,-,1000000000,0
0x0018bd00,,-,1000000000,0
0x0018bd10,,-,1000000000,0
0x0018bd20,,-,1000000000,0
0x0018bd40,,-,1000000000,0
0x0018bdd0,0x0023c590,upstream,2,0
0x0018be40,0x0026d230,upstream,1,0
0x0018bf70,,-,1000000000,0
0x0018bfd0,0x004ba240,upstream,1,0
0x0018c040,,-,1000000000,0
0x0018c050,0x0023c590,upstream,2,0
0x0018c090,0x004ba240,upstream,2,0
0x0018c0e0,0x0023c590,upstream,1,0
0x0018c2a0,0x004ba240,upstream,1,0
0x0018c360,,-,1000000000,0
0x0018c3e0,,-,1000000000,0
0x0018c460,,-,1000000000,0
0x0018c4b0,,-,1000000000,0
0x0018c4d0,0x0023c590,upstream,2,0
0x0018c570,0x0042f3a0,upstream,1,0
0x0018c750,0x0026d230,upstream,1,0
0x0018cb10,0x0042f3a0,upstream,2,0
0x0018cb60,0x0042f3a0,upstream,2,0
0x0018ccb0,0x0042f3a0,upstream,2,0
0x0018d5f0,0x0042f3a0,upstream,1,0
0x0018d690,,-,1000000000,0
0x0018d6d0,,-,1000000000,0
0x0018d730,0x0023c590,upstream,1,0
0x0018daf0,,-,1000000000,0
0x0018db70,,-,1000000000,0
0x0018dbf0,,-,1000000000,0
0x0018dc20,,-,1000000000,0
0x0018dcb0,0x0023c590,upstream,2,0
0x0018dd10,0x0026d230,upstream,1,0
0x0018ddc0,,-,1000000000,0
0x0018ddd0,0x0042f3a0,upstream,1,0
0x0018df70,,-,1000000000,0
0x0018dfa0,0x004ba240,upstream,1,0
0x0018dff0,,-,1000000000,0
0x0018e080,0x0023c590,upstream,2,0
0x0018e0f0,0x0026d230,upstream,1,0
0x0018e2d0,,-,1000000000,0
0x0018e3e0,,-,1000000000,0
0x0018e480,0x004ba240,upstream,1,0
0x0018e520,,-,1000000000,0
0x0018e530,,-,1000000000,0
0x0018e5e0,0x0023c590,upstream,2,0
0x0018e650,0x0026d230,upstream,1,0
0x0018e700,,-,1000000000,0
0x0018e760,0x004ba240,upstream,1,0
0x0018e7d0,,-,1000000000,0
0x0018e7e0,,-,1000000000,0
0x0018e870,0x0023c590,upstream,2,0
0x0018e8e0,0x0026d230,upstream,1,0
0x0018ea60,,-,1000000000,0
0x0018eac0,0x004ba240,upstream,1,0
0x0018eb10,,-,1000000000,0
0x0018eb20,,-,1000000000,0
0x0018ebb0,0x0023c590,upstream,2,0
0x0018ec20,0x0026d230,upstream,1,0
0x0018ecc0,,-,1000000000,0
0x0018ecf0,0x004ba240,upstream,1,0
0x0018ed40,,-,1000000000,0
0x0018ed50,,-,1000000000,0
0x0018ede0,0x0023c590,upstream,2,0
0x0018ee80,0x0026d230,upstream,1,0
0x0018f100,,-,1000000000,0
0x0018f1f0,,-,1000000000,0
0x0018f230,0x0023c590,upstream,2,0
0x0018f3d0,,-,1000000000,0
0x0018f460,,-,1000000000,0
0x0018f4c0,0x004ba240,upstream,1,0
0x0018f510,,-,1000000000,0
0x0018f520,,-,1000000000,0
0x0018f570,,-,1000000000,0
0x0018f5b0,0x0026d230,upstream,1,0
0x0018f800,0x0026d230,upstream,2,0
0x0018f880,0x004ba240,upstream,1,0
0x0018f8d0,0x0033c1b0,upstream,1,0
0x0018f950,,-,1000000000,0
0x0018f980,0x00345a10,upstream,2,0
0x0018fbb0,,-,1000000000,0
0x0018fca0,,-,1000000000,0
0x0018fcd0,,-,1000000000,0
0x0018fd80,,-,1000000000,0
0x0018fd90,,-,1000000000,0
0x0018fde0,,-,1000000000,0
0x0018fdf0,,-,1000000000,0
0x0018fe00,,-,1000000000,0
0x0018fe20,,-,1000000000,0
0x0018fe40,0x0033c3b0,upstream,1,0
0x0018fed0,0x00512ee0,upstream,2,0
0x00190280,,-,1000000000,0
0x00190350,,-,1000000000,0
0x00190370,,-,1000000000,0
0x001904c0,,-,1000000000,0
0x00190530,,-,1000000000,0
0x00190540,,-,1000000000,0
0x00190670,0x00512ee0,upstream,1,0
0x00190f60,,-,1000000000,0
0x001911b0,,-,1000000000,0
0x001911f0,0x0043b320,upstream,1,0
0x00191bc0,0x0033c3b0,upstream,3,0
0x00191f60,,-,1000000000,0
0x00192220,,-,1000000000,0
0x00192650,0x00512ee0,upstream,1,0
0x001927a0,,-,1000000000,0
0x00192840,,-,1000000000,0
0x00192960,0x003fad18,upstream,2,0
0x00192c80,,-,1000000000,0
0x00192d40,,-,1000000000,0
0x00192d70,,-,1000000000,0
0x00192e80,,-,1000000000,0
0x00192fc0,0x00512ee0,upstream,2,0
0x001936b0,0x00512ee0,upstream,2,0
0x001938d0,0x00512ee0,upstream,2,0
0x00194280,0x00512ee0,upstream,2,0
0x001944c0,0x00512ee0,upstream,2,0
0x00194720,0x00512ee0,upstream,2,0
0x00194850,0x00512ee0,upstream,2,0
0x001948d0,0x00429068,upstream,2,0
0x001949b0,,-,1000000000,0
0x00194bc0,,-,1000000000,0
0x00194d20,,-,1000000000,0
0x00194dd0,0x003fad18,upstream,2,0
0x00194f90,0x00429068,upstream,2,0
0x00194fd0,0x0043b320,upstream,1,0
0x00195410,0x0043b320,upstream,1,0
0x001957e0,,-,1000000000,0
0x00195800,,-,1000000000,0
0x00195820,,-,1000000000,0
0x00195900,,-,1000000000,0
0x00195c80,,-,1000000000,0
0x00195cd0,,-,1000000000,0
0x00195ce0,,-,1000000000,0
0x00195e20,,-,1000000000,0
0x00195e50,0x00512ee0,upstream,1,0
0x00196280,,-,1000000000,0
0x001963d0,,-,1000000000,0
0x00196690,0x00512ee0,upstream,2,0
0x00196700,0x00512ee0,upstream,1,0
0x001967e0,,-,1000000000,0
0x00196800,,-,1000000000,0
0x00196890,,-,1000000000,0
0x00196aa0,,-,1000000000,0
0x00196b40,0x0043b320,upstream,1,0
0x001972a0,,-,1000000000,0
0x00197300,,-,1000000000,0
0x00197510,0x003fad18,upstream,2,0
0x00197870,,-,1000000000,0
0x001979d0,,-,1000000000,0
0x00197b50,,-,1000000000,0
0x00197b90,,-,1000000000,0
0x00197d50,0x003fad18,upstream,2,0
0x00197e30,,-,1000000000,0
0x00198720,0x0043b320,upstream,3,0
0x00198830,,-,1000000000,0
0x00198900,,-,1000000000,0
0x001989b0,,-,1000000000,0
0x00198a40,,-,1000000000,0
0x00198a70,,-,1000000000,0
0x00198ac0,,-,1000000000,0
0x00198b60,,-,1000000000,0
0x00198bf0,0x00512ee0,upstream,1,0
0x00198d50,,-,1000000000,0
0x00198de0,,-,1000000000,0
0x00198e80,,-,1000000000,0
0x00198ed0,,-,1000000000,0
0x00198f80,,-,1000000000,0
0x00199120,,-,1000000000,0
0x00199220,0x00512ee0,upstream,2,0
0x00199330,,-,1000000000,0
0x00199c90,0x00512ee0,upstream,1,0
0x0019a440,0x00512ee0,upstream,1,0
0x0019a560,,-,1000000000,0
0x0019a780,0x00428998,upstream,1,0
0x0019a890,0x004ba240,upstream,1,0
0x0019a8e0,0x0023c590,upstream,2,0
0x0019a9e0,0x0026d230,upstream,1,0
0x0019bf40,0x0026d230,upstream,1,0
0x0019c420,0x004287e0,upstream,1,0
0x0019c4a0,,-,1000000000,0
0x0019c4b0,,-,1000000000,0
0x0019c4e0,,-,1000000000,0
0x0019c850,0x0033c1b0,upstream,1,0
0x0019c8a0,,-,1000000000,0
0x0019c8d0,0x0026d230,upstream,1,0
0x0019cb20,0x0033c3b0,upstream,1,0
0x0019cb90,,-,1000000000,0
0x0019d000,0x00345a10,upstream,2,0
0x0019d450,0x0033c3b0,upstream,3,0
0x0019d780,0x003fad18,upstream,2,0
0x0019daf0,0x003fad18,upstream,2,0
0x0019dc10,0x00512ee0,upstream,2,0
0x0019df40,0x0033c3b0,upstream,1,0
0x0019dfb0,0x0033c1b0,upstream,1,0
0x0019e060,0x00345a10,upstream,3,0
0x0019e0d0,0x0033c3b0,upstream,1,0
0x0019e150,,-,1000000000,0
0x0019e280,0x003fad18,upstream,3,0
0x0019e410,0x003fad18,upstream,2,0
0x0019e8b0,0x0033c1b0,upstream,1,0
0x0019e950,0x00345a10,upstream,3,0
0x0019e9b0,0x0033c3b0,upstream,1,0
0x0019ea30,,-,1000000000,0
0x0019eb20,0x003fad18,upstream,3,0
0x0019ec70,0x003fad18,upstream,2,0
0x0019efb0,0x0033c1b0,upstream,1,0
0x0019f050,0x00345a10,upstream,3,0
0x0019f0b0,0x0033c3b0,upstream,1,0
0x0019f130,,-,1000000000,0
0x0019f1f0,0x003fad18,upstream,3,0
0x0019f310,0x003fad18,upstream,2,0
0x0019f650,0x0033c1b0,upstream,1,0
0x0019f6f0,0x00345a10,upstream,2,0
0x0019f770,0x0033c3b0,upstream,1,0
0x0019f7f0,,-,1000000000,0
0x0019f8e0,0x003fad18,upstream,3,0
0x0019fa30,0x003fad18,upstream,2,0
0x0019fd90,0x0033c1b0,upstream,1,0
0x0019fdd0,,-,1000000000,0
0x0019fe00,,-,1000000000,0
0x0019fe40,0x0033c3b0,upstream,1,0
0x0019feb0,0x0058a7a0,upstream,1,0
0x001a08d0,,-,1000000000,0
0x001a0930,0x0042f3a0,upstream,2,0
0x001a0a40,0x0042bd70,upstream,4,0
0x001a0ae0,,-,1000000000,0
0x001a0b20,0x00428998,upstream,1,0
0x001a0ca0,0x00511940,upstream,1,0
0x001a0da0,0x00512ee0,upstream,1,0
0x001a0ed0,0x00511940,upstream,1,0
0x001a0f30,,-,1000000000,0
0x001a0f80,,-,1000000000,0
0x001a1040,,-,1000000000,0
0x001a1060,,-,1000000000,0
0x001a1080,,-,1000000000,0
0x001a1150,,-,1000000000,0
0x001a1220,,-,1000000000,0
0x001a13d0,,-,1000000000,0
0x001a1800,,-,1000000000,0
0x001a1a40,,-,1000000000,0
0x001a1d90,0x00512ee0,upstream,2,0
0x001a1e20,0x004ba240,upstream,1,0
0x001a1e80,0x00428998,upstream,2,0
0x001a1ee0,0x004ba240,upstream,2,0
0x001a1f20,0x00428998,upstream,1,0
0x001a1fa0,0x004ba240,upstream,1,0
0x001a2060,,-,1000000000,0
0x001a2090,,-,1000000000,0
0x001a20c0,0x004ba240,upstream,1,0
0x001a2110,0x00512ee0,upstream,1,0
0x001a2220,0x0043b320,upstream,1,0
0x001a23f0,,-,1000000000,0
0x001a2810,,-,1000000000,0
0x001a2850,0x004ba240,upstream,1,0
0x001a28b0,0x0043b320,upstream,1,0
0x001a29f0,0x0043b320,upstream,1,0
0x001a2d90,0x00512ee0,upstream,2,0
0x001a2e10,,-,1000000000,0
0x001a2e50,0x004ba240,upstream,1,0
0x001a32d0,,-,1000000000,0
0x001a33d0,0x004ba240,upstream,1,0
0x001a34d0,0x00428df8,upstream,3,0
0x001a3530,0x0026d230,upstream,1,0
0x001a36b0,0x00428df8,upstream,2,0
0x001a3780,,-,1000000000,0
0x001a37b0,,-,1000000000,0
0x001a37f0,,-,1000000000,0
0x001a3810,0x004ba240,upstream,1,0
0x001a38a0,0x00429068,upstream,1,0
0x001a3b90,0x00428df8,upstream,1,0
0x001a3c30,0x004f2210,upstream,6,0
0x001a3d90,,-,1000000000,0
0x001a3eb0,0x0026d230,upstream,1,0
0x001a3fb0,0x004ba240,upstream,1,0
0x001a4040,0x0042f3a0,upstream,2,0
0x001a4120,,-,1000000000,0
0x001a4140,0x004ba240,upstream,1,0
0x001a4200,0x004287e0,upstream,2,0
0x001a43a0,0x00428df8,upstream,2,0
0x001a4470,0x00428df8,upstream,1,0
0x001a4520,0x00428df8,upstream,1,0
0x001a4630,,-,1000000000,0
0x001a46b0,,-,1000000000,0
0x001a4720,,-,1000000000,0
0x001a4790,,-,1000000000,0
0x001a4800,0x004287e0,upstream,3,0
0x001a4870,,-,1000000000,0
0x001a48e0,0x00428df8,upstream,4,0
0x001a4950,0x00428df8,upstream,4,0
0x001a49c0,0x00428df8,upstream,4,0
0x001a4a30,0x00428df8,upstream,3,0
0x001a4aa0,0x004287e0,upstream,3,0
0x001a4b10,0x004287e0,upstream,3,0
0x001a4b80,0x00428df8,upstream,3,0
0x001a4bf0,0x004287e0,upstream,3,0
0x001a4c60,0x004287e0,upstream,3,0
0x001a4cd0,,-,1000000000,0
0x001a4d40,0x00428df8,upstream,4,0
0x001a4db0,0x00428df8,upstream,4,0
0x001a4e20,0x004287e0,upstream,3,0
0x001a4e90,,-,1000000000,0
0x001a4f00,0x0042f3a0,upstream,3,0
0x001a4f70,0x00428df8,upstream,3,0
0x001a4ff0,0x004287e0,upstream,3,0
0x001a5060,0x004287e0,upstream,3,0
0x001a50d0,0x004287e0,upstream,3,0
0x001a5150,0x004287e0,upstream,3,0
0x001a51d0,,-,1000000000,0
0x001a5250,0x004287e0,upstream,3,0
0x001a52c0,,-,1000000000,0
0x001a5330,0x004287e0,upstream,3,0
0x001a53a0,0x004287e0,upstream,3,0
0x001a5410,0x00428df8,upstream,3,0
0x001a5480,0x00428df8,upstream,3,0
0x001a54f0,0x00428df8,upstream,1,0
0x001a5570,0x004287e0,upstream,2,0
0x001a55e0,,-,1000000000,0
0x001a56f0,,-,1000000000,0
0x001a5720,,-,1000000000,0
0x001a5750,,-,1000000000,0
0x001a5840,,-,1000000000,0
0x001a58e0,,-,1000000000,0
0x001a59c0,,-,1000000000,0
0x001a5a00,,-,1000000000,0
0x001a5aa0,,-,1000000000,0
0x001a5ab0,,-,1000000000,0
0x001a5b40,,-,1000000000,0
0x001a5cf0,0x00428df8,upstream,1,0
0x001a5ef0,0x00428df8,upstream,1,0
0x001a60f0,,-,1000000000,0
0x001a6110,0x004ba240,upstream,1,0
0x001a61d0,0x0026d230,upstream,1,0
0x001a62f0,,-,1000000000,0
0x001a6330,,-,1000000000,0
0x001a63a0,,-,1000000000,0
0x001a6410,,-,1000000000,0
0x001a6440,,-,1000000000,0
0x001a64a0,,-,1000000000,0
0x001a64b0,0x00428df8,upstream,2,0
0x001a66d0,,-,1000000000,0
0x001a66e0,,-,1000000000,0
0x001a66f0,,-,1000000000,0
0x001a68d0,,-,1000000000,0
0x001a6900,0x004ba240,upstream,1,0
0x001a6970,,-,1000000000,0
0x001a6af0,,-,1000000000,0
0x001a6b70,,-,1000000000,0
0x001a6c20,0x004287e0,upstream,2,0
0x001a6ca0,0x0043b320,upstream,2,0
0x001a6cf0,0x0043b320,upstream,1,0
0x001a73d0,0x0042f3a0,upstream,1,0
0x001a76a0,,-,1000000000,0
0x001a7890,0x004ba240,upstream,2,0
0x001a7900,0x004ba240,upstream,1,0
0x001a7980,0x00428df8,upstream,2,0
0x001a7ad0,0x00511940,upstream,1,0
0x001a7c00,0x005c0d40,upstream,1,0
0x001a7ff0,,-,1000000000,0
0x001a8330,0x00428df8,upstream,2,0
0x001a8430,0x004ba240,upstream,1,0
0x001a84c0,,-,1000000000,0
0x001a8580,,-,1000000000,0
0x001a8690,0x004287e0,upstream,2,0
0x001a8730,0x004ba240,upstream,1,0
0x001a8780,0x004ba240,upstream,1,0
0x001a87e0,0x004f2210,upstream,6,0
0x001a8890,0x004287e0,upstream,2,0
0x001a8960,0x004ba240,upstream,1,0
0x001a8a80,,-,1000000000,0
0x001a8aa0,0x004ba240,upstream,1,0
0x001a8b00,,-,1000000000,0
0x001a8c90,,-,1000000000,0
0x001a8cb0,0x004ba240,upstream,1,0
0x001a8d10,,-,1000000000,0
0x001a8da0,,-,1000000000,0
0x001a8dc0,0x004ba240,upstream,1,0
0x001a8e20,0x0043b320,upstream,3,0
0x001a8ff0,,-,1000000000,0
0x001a9010,0x004ba240,upstream,1,0
0x001a9070,,-,1000000000,0
0x001a90f0,0x004287e0,upstream,2,0
0x001a91c0,0x004ba240,upstream,1,0
0x001a9220,0x0043b320,upstream,3,0
0x001a9420,,-,1000000000,0
0x001a9440,0x004ba240,upstream,1,0
0x001a94a0,,-,1000000000,0
0x001a9530,0x004287e0,upstream,2,0
0x001a95c0,0x004ba240,upstream,1,0
0x001a9620,,-,1000000000,0
0x001a9760,0x00428df8,upstream,2,0
0x001a98c0,0x004ba240,upstream,1,0
0x001a9950,0x00428df8,upstream,3,0
0x001a9990,0x004ba240,upstream,1,0
0x001a99f0,,-,1000000000,0
0x001a9a80,0x00428df8,upstream,3,0
0x001a9ac0,0x004ba240,upstream,1,0
0x001a9b20,,-,1000000000,0
0x001a9ba0,0x00428df8,upstream,3,0
0x001a9be0,0x004ba240,upstream,1,0
0x001a9c40,,-,1000000000,0
0x001a9db0,0x00428df8,upstream,2,0
0x001a9e90,0x004ba240,upstream,1,0
0x001a9ef0,,-,1000000000,0
0x001aa000,0x004287e0,upstream,2,0
0x001aa090,0x004ba240,upstream,1,0
0x001aa0f0,0x0043b320,upstream,3,0
0x001aa2e0,0x00428df8,upstream,2,0
0x001aa4c0,0x00511940,upstream,1,0
0x001aa5a0,,-,1000000000,0
0x001aa7c0,0x005c0d40,upstream,1,0
0x001aa8a0,0x001071e0,upstream,1,0
0x001aaad0,0x004287e0,upstream,2,0
0x001aac70,0x004ba240,upstream,1,0
0x001aacd0,,-,1000000000,0
0x001aad90,0x004287e0,upstream,2,0
0x001aae20,0x004ba240,upstream,1,0
0x001aae80,0x004f2210,upstream,6,0
0x001aaf70,,-,1000000000,0
0x001aaf90,0x004ba240,upstream,1,0
0x001aaff0,0x0043b320,upstream,3,0
0x001ab1f0,0x00428df8,upstream,3,0
0x001ab230,0x004ba240,upstream,1,0
0x001ab2e0,0x00428df8,upstream,3,0
0x001ab320,0x004ba240,upstream,1,0
0x001ab470,0x004287e0,upstream,2,0
0x001ab550,0x004ba240,upstream,1,0
0x001ab5b0,,-,1000000000,0
0x001ab630,,-,1000000000,0
0x001ab650,0x004ba240,upstream,1,0
0x001ab6b0,,-,1000000000,0
0x001ab740,0x0042f3a0,upstream,2,0
0x001ab820,0x004ba240,upstream,1,0
0x001ab880,0x00345a10,upstream,3,0
0x001ab8d0,0x00345a10,upstream,3,0
0x001ab970,0x00428df8,upstream,2,0
0x001abae0,0x004ba240,upstream,1,0
0x001abdd0,0x004287e0,upstream,2,0
0x001abe70,0x004ba240,upstream,1,0
0x001abed0,,-,1000000000,0
0x001abf70,0x004287e0,upstream,2,0
0x001ac050,0x004ba240,upstream,1,0
0x001ac0b0,,-,1000000000,0
0x001ac150,0x004287e0,upstream,2,0
0x001ac1f0,0x004ba240,upstream,1,0
0x001ac250,,-,1000000000,0
0x001ac2f0,,-,1000000000,0
0x001ac3a0,0x004ba240,upstream,1,0
0x001ac470,0x0026d230,upstream,1,0
0x001ac530,0x0023c590,upstream,1,0
0x001ac6a0,0x00511940,upstream,1,0
0x001acde0,,-,1000000000,0
0x001ace20,0x00428df8,upstream,1,0
0x001acee0,0x00428df8,upstream,1,0
0x001acf80,0x005c0d40,upstream,2,0
0x001acff0,,-,1000000000,0
0x001ad050,,-,1000000000,0
0x001ad0b0,0x005c0d40,upstream,2,0
0x001ad1a0,0x005c0d40,upstream,1,0
0x001ad3f0,0x005c0d40,upstream,2,0
0x001ad4b0,0x005c0d40,upstream,1,0
0x001ad680,0x001071e0,upstream,1,0
0x001ad860,0x00428df8,upstream,1,0
0x001ad950,0x005c0d40,upstream,3,0
0x001ad980,0x005c0d40,upstream,2,0
0x001adb50,0x00511940,upstream,1,0
0x001adcc0,0x00511940,upstream,1,0
0x001add50,0x00511940,upstream,1,0
0x001ade50,0x00428df8,upstream,1,0
0x001ae330,,-,1000000000,0
0x001ae340,0x005c0d40,upstream,1,0
0x001ae9d0,0x00512ee0,upstream,1,0
0x001aeb90,0x00511940,upstream,1,0
0x001aec10,0x004ba240,upstream,1,0
0x001aec60,0x004ba240,upstream,1,0
0x001aecc0,,-,1000000000,0
0x001aecd0,,-,1000000000,0
0x001aed90,,-,1000000000,0
0x001aeee0,,-,1000000000,0
0x001aefc0,0x00512ee0,upstream,1,0
0x001af290,0x0051e5a0,upstream,1,0
0x001af570,0x0051e5a0,upstream,1,0
0x001af8f0,0x00513210,upstream,2,0
0x001af930,0x00511940,upstream,3,0
0x001af970,,-,1000000000,0
0x001af980,,-,1000000000,0
0x001af990,,-,1000000000,0
0x001af9a0,,-,1000000000,0
0x001af9b0,0x0058a7a0,upstream,2,0
0x001afb50,,-,1000000000,0
0x001afb90,,-,1000000000,0
0x001afba0,0x0023c590,upstream,2,0
0x001afc10,,-,1000000000,0
0x001afc30,0x0058a7a0,upstream,1,0
0x001b0610,,-,1000000000,0
0x001b0620,,-,1000000000,0
0x001b06b0,,-,1000000000,0
0x001b0740,0x00511940,upstream,1,0
0x001b07c0,0x00511940,upstream,1,0
0x001b0840,0x00512ee0,upstream,1,0
0x001b0b50,0x00511940,upstream,1,0
0x001b0d10,0x00429068,upstream,2,0
0x001b0d50,0x0042f3a0,upstream,1,0
0x001b0de0,,-,1000000000,1
0x001b0e10,,-,1000000000,0
0x001b0ee0,,-,1000000000,0
0x001b0f10,,-,1000000000,0
0x001b0f40,,-,1000000000,0
0x001b0f80,0x004ba240,upstream,1,0
0x001b0ff0,,-,1000000000,0
0x001b1000,0x004ba240,upstream,1,0
0x001b1050,,-,1000000000,0
0x001b1060,,-,1000000000,0
0x001b10c0,,-,1000000000,0
0x001b1120,,-,1000000000,0
0x001b1180,,-,1000000000,0
0x001b11a0,0x004ba240,upstream,1,0
0x001b11f0,,-,1000000000,0
0x001b12c0,,-,1000000000,0
0x001b1300,,-,1000000000,0
0x001b1380,,-,1000000000,0
0x001b1420,0x0033c3b0,upstream,3,0
0x001b1b00,0x00238120,upstream,1,0
0x001b1d80,,-,1000000000,0
0x001b1e10,0x003fad18,upstream,1,0
0x001b2330,0x00238120,upstream,1,0
0x001b28e0,0x0043b320,upstream,1,0
0x001b3080,0x0043b320,upstream,1,0
0x001b3510,0x00238120,upstream,1,0
0x001b3940,0x00238120,upstream,2,0
0x001b3b70,0x0043b320,upstream,1,0
0x001b46e0,0x0043b320,upstream,1,0
0x001b5320,0x00238120,upstream,1,0
0x001b5580,0x00238120,upstream,2,0
0x001b59b0,0x00238120,upstream,2,0
0x001b5ce0,0x00238120,upstream,2,0
0x001b6010,0x00238120,upstream,2,0
0x001b6340,,-,1000000000,0
0x001b6500,0x0043b320,upstream,2,0
0x001b68c0,0x0043b320,upstream,2,0
0x001b6f90,,-,1000000000,0
0x001b6fa0,,-,1000000000,0
0x001b6fc0,,-,1000000000,0
0x001b6fe0,0x004ba240,upstream,1,0
0x001b7030,,-,1000000000,0
0x001b7100,,-,1000000000,0
0x001b7140,0x004ba240,upstream,1,0
0x001b71a0,0x00511940,upstream,4,0
0x001b71e0,0x00511940,upstream,3,0
0x001b7260,,-,1000000000,0
0x001b7330,0x004ba240,upstream,1,0
0x001b73d0,,-,1000000000,0
0x001b7400,,-,1000000000,0
0x001b7510,,-,1000000000,0
0x001b7570,,-,1000000000,0
0x001b75b0,0x004ba240,upstream,1,0
0x001b7620,,-,1000000000,0
0x001b7720,,-,1000000000,0
0x001b7780,0x004ba240,upstream,1,0
0x001b77e0,0x00511940,upstream,5,0
0x001b7900,,-,1000000000,0
0x001b79d0,,-,1000000000,0
0x001b7ac0,0x004ba240,upstream,1,0
0x001b7b30,0x0043b320,upstream,1,0
0x001b7dd0,,-,1000000000,0
0x001b8270,,-,1000000000,0
0x001b82f0,,-,1000000000,0
0x001b8330,,-,1000000000,0
0x001b8340,,-,1000000000,0
0x001b8380,,-,1000000000,0
0x001b83e0,0x004ba240,upstream,1,0
0x001b8440,0x0058a7a0,upstream,2,0
0x001b8600,,-,1000000000,0
0x001b8990,,-,1000000000,0
0x001b8b60,,-,1000000000,0
0x001b8bc0,,-,1000000000,0
0x001b8c00,0x004ba240,upstream,1,0
0x001b8c60,,-,1000000000,0
0x001b8cc0,,-,1000000000,0
0x001b8d30,0x004ba240,upstream,1,0
0x001b8da0,,-,1000000000,0
0x001b8e90,0x0043b320,upstream,2,0
0x001b8f20,,-,1000000000,0
0x001b8f60,0x004ba240,upstream,1,0
0x001b9010,,-,1000000000,0
0x001b9050,0x004ba240,upstream,1,0
0x001b90b0,,-,1000000000,0
0x001b9110,,-,1000000000,0
0x001b9180,0x004ba240,upstream,1,0
0x001b91f0,0x0033c3b0,upstream,3,0
0x001b94d0,,-,1000000000,0
0x001b9680,0x005110e0,upstream,1,0
0x001b9b10,0x005110e0,upstream,2,0
0x001ba0b0,,-,1000000000,0
0x001ba0f0,0x004ba240,upstream,1,0
0x001ba1a0,0x0042f3a0,upstream,2,0
0x001ba210,0x0058a7a0,upstream,1,0
0x001ba400,0x004ba240,upstream,2,0
0x001ba4b0,0x0033c1b0,upstream,2,0
0x001ba650,0x004ba240,upstream,1,0
0x001ba6f0,,-,1000000000,0
0x001ba920,0x0043b320,upstream,3,0
0x001ba9d0,0x0043b320,upstream,1,0
0x001bac00,,-,1000000000,1
0x001baca0,,-,1000000000,0
0x001bad00,0x0043b320,upstream,1,0
0x001bb010,,-,1000000000,0
0x001bb020,,-,1000000000,0
0x001bb070,0x004ba240,upstream,1,0
0x001bb130,,-,1000000000,0
0x001bb2f0,,-,1000000000,0
0x001bb5d0,,-,1000000000,0
0x001bb820,,-,1000000000,0
0x001bb860,,-,1000000000,0
0x001bb870,,-,1000000000,0
0x001bb880,,-,1000000000,0
0x001bb890,,-,1000000000,0
0x001bb910,,-,1000000000,0
0x001bb950,0x004ba240,upstream,1,0
0x001bba00,0x0042f3a0,upstream,2,0
0x001bba80,0x00512ee0,upstream,4,0
0x001bbc00,0x004ba240,upstream,2,0
0x001bbce0,0x0033c1b0,upstream,2,0
0x001bbe70,0x004ba240,upstream,1,0
0x001bc350,,-,1000000000,0
0x001bc3b0,0x0043b320,upstream,1,0
0x001bc5e0,0x0043b320,upstream,1,0
0x001bcae0,,-,1000000000,0
0x001bcb20,0x004ba240,upstream,1,0
0x001bcb90,,-,1000000000,0
0x001bcd20,0x0033c1b0,upstream,2,0
0x001bcea0,0x004ba240,upstream,1,0
0x001bcf40,,-,1000000000,0
0x001bcfc0,0x003fad18,upstream,1,0
0x001bd100,0x00238120,upstream,1,0
0x001bd290,,-,1000000000,0
0x001bd320,,-,1000000000,0
0x001bd380,0x00238120,upstream,2,0
0x001bd500,,-,1000000000,0
0x001bd540,0x004ba240,upstream,1,0
0x001bd620,0x0042f3a0,upstream,2,0
0x001bd690,0x00512ee0,upstream,4,0
0x001bd780,0x004ba240,upstream,2,0
0x001bd830,0x0042f3a0,upstream,2,0
0x001bd8b0,0x00512ee0,upstream,4,0
0x001bd9a0,0x004ba240,upstream,2,0
0x001bda50,0x0033c1b0,upstream,2,0
0x001bdbc0,0x004ba240,upstream,1,0
0x001bdc60,0x005110e0,upstream,3,0
0x001be1b0,0x0043b320,upstream,3,0
0x001be700,0x0043b320,upstream,5,0
0x001be8b0,,-,1000000000,0
0x001be8c0,,-,1000000000,0
0x001be970,,-,1000000000,0
0x001bea20,,-,1000000000,0
0x001bea60,0x004ba240,upstream,1,0
0x001bebc0,,-,1000000000,0
0x001bec10,0x0042f3a0,upstream,2,0
0x001bed80,0x004ba240,upstream,2,0
0x001bee70,0x0033c1b0,upstream,2,0
0x001bf050,0x004ba240,upstream,1,0
0x001bf0f0,,-,1000000000,0
0x001bf2b0,0x0043b320,upstream,3,0
0x001bf2f0,0x0043b320,upstream,1,0
0x001bf560,,-,1000000000,0
0x001bf5f0,,-,1000000000,0
0x001bf650,0x0043b320,upstream,1,0
0x001bf9e0,,-,1000000000,0
0x001bf9f0,,-,1000000000,0
0x001bfa50,,-,1000000000,0
0x001bfb80,0x004ba240,upstream,1,0
0x001bfc00,0x0043b320,upstream,5,0
0x001bfc70,,-,1000000000,0
0x001bfd40,,-,1000000000,0
0x001bfd80,0x004ba240,upstream,1,0
0x001bfec0,,-,1000000000,0
0x001bff50,,-,1000000000,0
0x001c0020,0x004ba240,upstream,1,0
0x001c0270,0x00511940,upstream,2,0
0x001c0400,0x0043b320,upstream,1,0
0x001c0b70,,-,1000000000,0
0x001c0bd0,0x004f2210,upstream,6,0
0x001c0d60,0x00511940,upstream,3,0
0x001c1230,0x0043b320,upstream,2,0
0x001c1320,,-,1000000000,0
0x001c13b0,,-,1000000000,0
0x001c13c0,,-,1000000000,0
0x001c13f0,0x004ba240,upstream,1,0
0x001c1440,,-,1000000000,0
0x001c1a00,0x0043b320,upstream,3,0
0x001c1f50,0x0043b320,upstream,4,0
0x001c1fb0,,-,1000000000,0
0x001c1ff0,,-,1000000000,0
0x001c2010,,-,1000000000,0
0x001c2030,,-,1000000000,0
0x001c2040,,-,1000000000,0
0x001c2110,,-,1000000000,0
0x001c2120,0x0043b320,upstream,4,0
0x001c2810,,-,1000000000,0
0x001c2820,,-,1000000000,0
0x001c2830,0x004ba240,upstream,1,0
0x001c2880,,-,1000000000,0
0x001c2d70,,-,1000000000,0
0x001c2e80,,-,1000000000,0
0x001c2ef0,,-,1000000000,0
0x001c3010,,-,1000000000,0
0x001c3130,0x004ba240,upstream,1,0
0x001c31e0,,-,1000000000,0
0x001c31f0,,-,1000000000,0
0x001c33f0,,-,1000000000,0
0x001c3470,,-,1000000000,0
0x001c34b0,0x0043b320,upstream,1,0
0x001c35d0,0x004ba240,upstream,1,0
0x001c3640,,-,1000000000,0
0x001c3650,,-,1000000000,0
0x001c3860,,-,1000000000,0
0x001c38d0,,-,1000000000,0
0x001c3910,,-,1000000000,0
0x001c39e0,0x004ba240,upstream,1,0
0x001c3a60,0x0043b320,upstream,2,0
0x001c3c50,,-,1000000000,0
0x001c3cb0,,-,1000000000,0
0x001c3cd0,0x0043b320,upstream,1,0
0x001c3f40,,-,1000000000,0
0x001c4060,,-,1000000000,0
0x001c41d0,0x004ba240,upstream,1,0
0x001c4240,,-,1000000000,0
0x001c4580,,-,1000000000,0
0x001c45c0,,-,1000000000,0
0x001c45e0,,-,1000000000,0
0x001c45f0,,-,1000000000,0
0x001c4600,,-,1000000000,0
0x001c4610,,-,1000000000,0
0x001c4620,,-,1000000000,0
0x001c4640,,-,1000000000,0
0x001c4660,,-,1000000000,0
0x001c4890,,-,1000000000,0
0x001c4960,,-,1000000000,0
0x001c49d0,,-,1000000000,0
0x001c4aa0,,-,1000000000,0
0x001c4b10,,-,1000000000,0
0x001c4b90,0x004ba240,upstream,1,0
0x001c4c00,,-,1000000000,0
0x001c4c90,,-,1000000000,0
0x001c4f30,0x00512ee0,upstream,2,0
0x001c4f90,0x00512ee0,upstream,2,0
0x001c5070,0x0043b320,upstream,3,0
0x001c5110,0x0043b320,upstream,2,0
0x001c5150,0x004ba240,upstream,1,0
0x001c51b0,0x004ba240,upstream,1,0
0x001c5220,,-,1000000000,0
0x001c52a0,,-,1000000000,0
0x001c52f0,,-,1000000000,0
0x001c5390,,-,1000000000,0
0x001c53d0,0x004ba240,upstream,1,0
0x001c5430,0x004ba240,upstream,1,0
0x001c54a0,0x0042f3a0,upstream,2,0
0x001c55c0,,-,1000000000,0
0x001c5680,,-,1000000000,0
0x001c56e0,0x004ba240,upstream,1,0
0x001c5750,,-,1000000000,0
0x001c59b0,,-,1000000000,0
0x001c5ad0,,-,1000000000,0
0x001c5ae0,,-,1000000000,0
0x001c5c90,0x0043b320,upstream,3,0
0x001c5d30,0x0043b320,upstream,2,0
0x001c5d70,0x004ba240,upstream,1,0
0x001c5dd0,,-,1000000000,0
0x001c5ea0,,-,1000000000,0
0x001c5f00,,-,1000000000,0
0x001c5fa0,0x0042f3a0,upstream,2,0
0x001c6000,0x004ba240,upstream,1,0
0x001c6060,0x0043b320,upstream,3,0
0x001c6110,,-,1000000000,0
0x001c61d0,,-,1000000000,0
0x001c6250,0x004ba240,upstream,1,0
0x001c62c0,,-,1000000000,0
0x001c6350,0x0043b320,upstream,1,0
0x001c64d0,0x0043b320,upstream,3,0
0x001c6570,0x0043b320,upstream,2,0
0x001c65b0,0x004ba240,upstream,1,0
0x001c6610,,-,1000000000,0
0x001c6690,,-,1000000000,0
0x001c66d0,0x0043b320,upstream,1,0
0x001c67d0,,-,1000000000,0
0x001c6870,,-,1000000000,0
0x001c68b0,0x004ba240,upstream,1,0
0x001c6910,0x0042f3a0,upstream,2,0
0x001c69c0,,-,1000000000,0
0x001c6a20,,-,1000000000,0
0x001c6ae0,,-,1000000000,0
0x001c6b40,,-,1000000000,0
0x001c6c10,0x004ba240,upstream,1,0
0x001c6e20,0x00512ee0,upstream,2,0
0x001c6ea0,0x00238120,upstream,3,0
0x001c6f80,0x0043b320,upstream,3,0
0x001c7020,0x0043b320,upstream,2,0
0x001c7070,0x004ba240,upstream,1,0
0x001c70e0,,-,1000000000,0
0x001c71d0,,-,1000000000,0
0x001c7220,,-,1000000000,0
0x001c72c0,0x0042f3a0,upstream,3,0
0x001c7360,0x0042f3a0,upstream,2,0
0x001c73d0,0x004ba240,upstream,1,0
0x001c7440,0x0043b320,upstream,3,0
0x001c7500,,-,1000000000,0
0x001c75c0,,-,1000000000,0
0x001c7670,0x004ba240,upstream,1,0
0x001c7810,0x00238120,upstream,2,0
0x001c7890,0x0043b320,upstream,3,0
0x001c7930,0x0043b320,upstream,2,0
0x001c7980,0x004ba240,upstream,1,0
0x001c79f0,,-,1000000000,0
0x001c7a90,,-,1000000000,0
0x001c7ad0,,-,1000000000,0
0x001c7b70,0x0042f3a0,upstream,3,0
0x001c7c10,0x0042f3a0,upstream,2,0
0x001c7c70,0x004ba240,upstream,1,0
0x001c7ce0,0x0043b320,upstream,3,0
0x001c7d90,,-,1000000000,0
0x001c7e60,,-,1000000000,0
0x001c7ec0,0x004ba240,upstream,1,0
0x001c7f30,,-,1000000000,0
0x001c8050,0x0043b320,upstream,3,0
0x001c80f0,0x0043b320,upstream,2,0
0x001c8130,0x004ba240,upstream,1,0
0x001c8190,,-,1000000000,0
0x001c8210,,-,1000000000,0
0x001c8260,,-,1000000000,0
0x001c8300,0x0042f3a0,upstream,2,0
0x001c83a0,0x004ba240,upstream,1,0
0x001c8400,0x0043b320,upstream,3,0
0x001c84f0,,-,1000000000,0
0x001c85b0,,-,1000000000,0
0x001c8600,0x004ba240,upstream,1,0
0x001c8670,,-,1000000000,0
0x001c8720,,-,1000000000,0
0x001c88a0,0x00238120,upstream,1,0
0x001c8990,0x0043b320,upstream,3,0
0x001c8a30,0x0043b320,upstream,2,0
0x001c8a70,0x004ba240,upstream,1,0
0x001c8ad0,,-,1000000000,0
0x001c8b60,,-,1000000000,0
0x001c8bb0,,-,1000000000,0
0x001c8c50,0x0042f3a0,upstream,2,0
0x001c8cf0,0x004ba240,upstream,1,0
0x001c8d50,0x0043b320,upstream,3,0
0x001c8e50,,-,1000000000,0
0x001c8f10,,-,1000000000,0
0x001c8f60,0x004ba240,upstream,1,0
0x001c8fd0,,-,1000000000,0
0x001c9380,0x0043b320,upstream,3,0
0x001c9420,0x0043b320,upstream,2,0
0x001c9460,0x004ba240,upstream,1,0
0x001c94c0,,-,1000000000,0
0x001c9540,,-,1000000000,0
0x001c9590,,-,1000000000,0
0x001c9630,0x0042f3a0,upstream,2,0
0x001c96d0,0x004ba240,upstream,1,0
0x001c9730,0x0043b320,upstream,3,0
0x001c9820,,-,1000000000,0
0x001c9880,,-,1000000000,0
0x001c9940,,-,1000000000,0
0x001c9990,,-,1000000000,0
0x001c9a00,0x004ba240,upstream,1,0
0x001c9a70,0x0043b320,upstream,1,0
0x001c9b80,0x00512ee0,upstream,2,0
0x001c9bc0,,-,1000000000,0
0x001c9c30,0x0043b320,upstream,3,0
0x001c9cd0,0x0043b320,upstream,2,0
0x001c9d10,0x004ba240,upstream,1,0
0x001c9d80,0x0043b320,upstream,1,0
0x001c9e80,0x0042f3a0,upstream,3,0
0x001c9f20,0x0042f3a0,upstream,2,0
0x001c9f80,0x004ba240,upstream,1,0
0x001c9ff0,0x0058a7a0,upstream,1,0
0x001ca130,,-,1000000000,0
0x001ca170,0x0042f3a0,upstream,1,0
0x001ca330,,-,1000000000,0
0x001ca390,0x004ba240,upstream,1,0
0x001ca430,0x00428df8,upstream,2,0
0x001ca550,0x0042bd70,upstream,5,0
0x001ca8b0,,-,1000000000,0
0x001ca8c0,,-,1000000000,0
0x001cad10,,-,1000000000,0
0x001cad90,,-,1000000000,0
0x001cade0,0x00428df8,upstream,2,0
0x001cb220,0x00428df8,upstream,3,0
0x001cb2c0,,-,1000000000,0
0x001cb4a0,0x00428df8,upstream,2,0
0x001cb760,,-,1000000000,0
0x001cb820,0x004ba240,upstream,1,0
0x001cb920,0x00511940,upstream,1,0
0x001cbb20,0x00511940,upstream,1,0
0x001cbc50,0x00511940,upstream,2,0
0x001cbd60,0x00512ee0,upstream,4,0
0x001ccb00,,-,1000000000,0
0x001ccb40,0x00511940,upstream,2,0
0x001ccd30,0x0042f3a0,upstream,1,0
0x001cced0,0x0042f3a0,upstream,1,0
0x001cd110,0x00511940,upstream,2,0
0x001cd1b0,0x0042f3a0,upstream,1,0
0x001cdac0,0x0042f3a0,upstream,2,0
0x001cdf60,0x00511940,upstream,2,0
0x001ce090,0x0042f3a0,upstream,2,0
0x001ce1f0,0x004ba240,upstream,2,0
0x001ce230,,-,1000000000,0
0x001ce270,0x004ba240,upstream,1,0
0x001ce2f0,,-,1000000000,0
0x001ce700,,-,1000000000,0
0x001ce740,0x004ba240,upstream,1,0
0x001ce7d0,0x00512ee0,upstream,4,0
0x001ce900,,-,1000000000,0
0x001ce960,0x004f2210,upstream,6,0
0x001cea10,,-,1000000000,0
0x001ceba0,0x004ba240,upstream,1,0
0x001cec60,0x0058a7a0,upstream,2,0
0x001cee40,,-,1000000000,0
0x001cf600,,-,1000000000,0
0x001cf680,,-,1000000000,0
0x001cf6f0,,-,1000000000,0
0x001cf8b0,0x0058a7a0,upstream,1,0
0x001cfc50,,-,1000000000,0
0x001cfd00,,-,1000000000,0
0x001cfd80,0x004ba240,upstream,1,0
0x001cfdf0,0x0058a7a0,upstream,1,0
0x001cfff0,,-,1000000000,0
0x001d0050,,-,1000000000,0
0x001d0740,,-,1000000000,0
0x001d07b0,,-,1000000000,0
0x001d08a0,,-,1000000000,0
0x001d08e0,0x0042f3a0,upstream,2,0
0x001d0a50,0x004ba240,upstream,2,0
0x001d0aa0,,-,1000000000,0
0x001d0b40,0x004ba240,upstream,1,0
0x001d0bb0,0x0043b320,upstream,2,0
0x001d0dc0,0x0043b320,upstream,1,0
0x001d0fe0,,-,1000000000,0
0x001d1040,0x0043b320,upstream,1,0
0x001d1270,,-,1000000000,0
0x001d1390,0x0043b320,upstream,1,0
0x001d15e0,,-,1000000000,0
0x001d1620,0x004ba240,upstream,1,0
0x001d16d0,,-,1000000000,0
0x001d17b0,,-,1000000000,0
0x001d17f0,0x0042f3a0,upstream,2,0
0x001d1900,0x004ba240,upstream,2,0
0x001d1950,,-,1000000000,0
0x001d19c0,0x004ba240,upstream,1,0
0x001d1b80,,-,1000000000,0
0x001d1c90,,-,1000000000,0
0x001d1d90,,-,1000000000,0
0x001d1dd0,0x004ba240,upstream,1,0
0x001d1ed0,,-,1000000000,0
0x001d1f60,,-,1000000000,0
0x001d1fa0,0x0042f3a0,upstream,2,0
0x001d20c0,0x004ba240,upstream,2,0
0x001d2110,,-,1000000000,0
0x001d21c0,0x004ba240,upstream,1,0
0x001d2230,0x0058a7a0,upstream,3,0
0x001d22c0,,-,1000000000,0
0x001d2760,0x0043b320,upstream,4,0
0x001d28c0,,-,1000000000,0
0x001d2bf0,,-,1000000000,0
0x001d2c40,0x004ba240,upstream,1,0
0x001d2ca0,0x0058a7a0,upstream,2,0
0x001d2f00,,-,1000000000,0
0x001d2f70,,-,1000000000,0
0x001d31b0,0x0042f3a0,upstream,2,0
0x001d3220,0x00512ee0,upstream,5,0
0x001d32d0,0x004ba240,upstream,2,0
0x001d3320,,-,1000000000,0
0x001d3390,0x004ba240,upstream,1,0
0x001d3540,,-,1000000000,0
0x001d3670,,-,1000000000,0
0x001d36b0,0x004ba240,upstream,1,0
0x001d3760,,-,1000000000,0
0x001d37f0,0x004ba240,upstream,1,0
0x001d3890,0x0058a7a0,upstream,2,0
0x001d3c10,,-,1000000000,0
0x001d40f0,,-,1000000000,0
0x001d45b0,,-,1000000000,0
0x001d45e0,0x0058a7a0,upstream,1,0
0x001d5210,,-,1000000000,0
0x001d5280,,-,1000000000,0
0x001d52e0,0x0058a7a0,upstream,1,0
0x001d5bb0,0x0058a7a0,upstream,1,0
0x001d5f60,0x0058a7a0,upstream,2,0
0x001d5fb0,0x00238120,upstream,1,0
0x001d60c0,0x00238120,upstream,1,0
0x001d6170,0x00238120,upstream,1,0
0x001d6220,0x00238120,upstream,1,0
0x001d62e0,0x00238120,upstream,1,0
0x001d6400,,-,1000000000,0
0x001d64a0,0x004ba240,upstream,1,0
0x001d6540,0x00512ee0,upstream,2,0
0x001d6760,,-,1000000000,0
0x001d68d0,0x0043b320,upstream,1,0
0x001d6a30,0x0043b320,upstream,1,0
0x001d6bd0,0x00238120,upstream,1,0
0x001d6c50,0x0043b320,upstream,1,0
0x001d6e90,0x0043b320,upstream,1,0
0x001d70a0,0x00238120,upstream,1,0
0x001d71a0,0x0043b320,upstream,1,0
0x001d7510,0x00512ee0,upstream,1,0
0x001d7730,0x0043b320,upstream,1,0
0x001d7910,0x0043b320,upstream,1,0
0x001d7ab0,0x00512ee0,upstream,1,0
0x001d7d30,0x00512ee0,upstream,1,0
0x001d7e90,0x0043b320,upstream,1,0
0x001d85f0,0x0043b320,upstream,1,0
0x001d8df0,0x0043b320,upstream,1,0
0x001d9220,0x00512ee0,upstream,1,0
0x001d9310,0x0043b320,upstream,1,0
0x001d9750,,-,1000000000,0
0x001d9c40,,-,1000000000,0
0x001da120,,-,1000000000,0
0x001da150,0x0033c3b0,upstream,3,1
0x001da310,0x00512ee0,upstream,1,0
0x001da7f0,0x0033c3b0,upstream,2,0
0x001daaa0,,-,1000000000,0
0x001daae0,0x0042f3a0,upstream,2,0
0x001dabe0,0x004ba240,upstream,2,0
0x001dac30,,-,1000000000,0
0x001dacd0,0x004ba240,upstream,1,0
0x001dad40,0x0058a7a0,upstream,3,0
0x001dad90,0x00238120,upstream,1,0
0x001daf40,,-,1000000000,0
0x001dafd0,,-,1000000000,0
0x001db030,0x00238120,upstream,2,0
0x001db090,0x00238120,upstream,1,0
0x001db160,0x00238120,upstream,2,0
0x001db250,0x004ba240,upstream,1,0
0x001db370,,-,1000000000,0
0x001db3b0,0x004ba240,upstream,1,0
0x001db460,,-,1000000000,0
0x001db4c0,0x00511940,upstream,2,0
0x001db580,0x00511940,upstream,2,0
0x001db610,0x0043b320,upstream,1,0
0x001dbea0,,-,1000000000,0
0x001dbee0,,-,1000000000,0
0x001dbf40,0x00511940,upstream,2,0
0x001dc050,,-,1000000000,0
0x001dc100,,-,1000000000,0
0x001dc190,0x004ba240,upstream,1,0
0x001dc200,0x00238120,upstream,2,0
0x001dc6b0,,-,1000000000,0
0x001dc8c0,0x00238120,upstream,2,0
0x001dcbe0,0x00238120,upstream,2,0
0x001dcd70,0x00238120,upstream,2,0
0x001dcdd0,0x00238120,upstream,2,0
0x001dcf90,0x00238120,upstream,2,0
0x001dd0c0,,-,1000000000,0
0x001dd450,0x00238120,upstream,1,0
0x001dd560,,-,1000000000,0
0x001dd5f0,,-,1000000000,0
0x001dd720,,-,1000000000,0
0x001dd760,0x004ba240,upstream,1,0
0x001dd7c0,,-,1000000000,0
0x001dd940,0x0058a7a0,upstream,2,0
0x001dda00,,-,1000000000,0
0x001dda70,,-,1000000000,0
0x001ddcc0,,-,1000000000,0
0x001ddda0,0x0042f3a0,upstream,2,0
0x001dde00,0x00512ee0,upstream,5,0
0x001ddeb0,0x004ba240,upstream,2,0
0x001ddf00,0x00429068,upstream,1,0
0x001de080,0x004ba240,upstream,1,0
0x001de100,,-,1000000000,0
0x001de110,,-,1000000000,0
0x001de2c0,,-,1000000000,0
0x001de300,0x004ba240,upstream,1,0
0x001de3b0,,-,1000000000,0
0x001de3f0,0x0042f3a0,upstream,2,0
0x001de510,0x004ba240,upstream,2,0
0x001de560,,-,1000000000,0
0x001de5e0,0x004ba240,upstream,1,0
0x001de650,0x0058a7a0,upstream,3,0
0x001de6b0,,-,1000000000,0
0x001de750,0x00238120,upstream,2,0
0x001de8a0,,-,1000000000,0
0x001de8e0,0x004ba240,upstream,1,0
0x001de9d0,,-,1000000000,0
0x001dea60,,-,1000000000,0
0x001dea90,,-,1000000000,1
0x001deed0,,-,1000000000,0
0x001def00,0x004ba240,upstream,1,0
0x001defa0,,-,1000000000,0
0x001defe0,,-,1000000000,0
0x001df270,,-,1000000000,0
0x001df2b0,0x004ba240,upstream,1,0
0x001df310,0x0042f3a0,upstream,2,0
0x001df540,,-,1000000000,0
0x001df580,0x004ba240,upstream,1,0
0x001df5e0,0x0042f3a0,upstream,2,0
0x001df6d0,0x0042f3a0,upstream,2,0
0x001df730,0x004ba240,upstream,1,0
0x001df7b0,0x00512ee0,upstream,4,0
0x001df840,,-,1000000000,0
0x001df880,,-,1000000000,0
0x001df910,0x0042f3a0,upstream,2,0
0x001df970,0x004ba240,upstream,1,0
0x001df9f0,0x0042f3a0,upstream,2,0
0x001dfb10,,-,1000000000,0
0x001dfb80,0x0042f3a0,upstream,2,0
0x001dfbe0,0x004ba240,upstream,1,0
0x001dfc60,0x0042f3a0,upstream,2,0
0x001dfdb0,,-,1000000000,0
0x001dfdf0,,-,1000000000,0
0x001dfeb0,0x0042f3a0,upstream,2,0
0x001dff10,0x004ba240,upstream,1,0
0x001dff90,0x00512ee0,upstream,4,0
0x001e0050,,-,1000000000,0
0x001e0090,,-,1000000000,0
0x001e00d0,,-,1000000000,0
0x001e0100,0x004ba240,upstream,1,0
0x001e0170,,-,1000000000,0
0x001e0260,,-,1000000000,0
0x001e0290,0x004ba240,upstream,1,0
0x001e0300,0x005c0d40,upstream,3,0
0x001e0570,,-,1000000000,0
0x001e05a0,0x004ba240,upstream,1,0
0x001e0610,0x004f2210,upstream,7,0
0x001e0770,,-,1000000000,0
0x001e07c0,0x0042f3a0,upstream,2,0
0x001e08b0,0x005c0d40,upstream,1,0
0x001e14e0,0x00511940,upstream,1,0
0x001e1560,0x00511940,upstream,1,0
0x001e15e0,0x00511940,upstream,1,0
0x001e1680,0x0051e5a0,upstream,1,0
0x001e1a70,0x00512ee0,upstream,1,0
0x001e1b50,0x00511940,upstream,1,0
0x001e1d40,0x00511940,upstream,1,0
0x001e1dc0,0x00511940,upstream,2,0
0x001e1e20,0x00511940,upstream,1,0
0x001e22e0,0x00511940,upstream,1,0
0x001e29a0,0x0042f3a0,upstream,1,0
0x001e2ba0,0x0010f760,upstream,1,0
0x001e2bf0,0x00512ee0,upstream,1,0
0x001e2ce0,0x0042f3a0,upstream,1,0
0x001e4320,0x004ba240,upstream,1,0
0x001e4380,0x00511940,upstream,1,0
0x001e4400,0x004ba240,upstream,1,0
0x001e4460,0x00513f30,upstream,2,0
0x001e4560,0x004ba240,upstream,1,0
0x001e45b0,0x0011b5d0,upstream,1,0
0x001e47d0,,-,1000000000,0
0x001e47e0,0x00428df8,upstream,1,0
0x001e4930,0x0026d230,upstream,1,0
0x001e4b10,,-,1000000000,0
0x001e4ba0,0x0051e5a0,upstream,1,0
0x001e4f20,,-,1000000000,0
0x001e4fb0,0x00511940,upstream,1,0
0x001e5220,0x00511940,upstream,1,0
0x001e52b0,,-,1000000000,0
0x001e56a0,,-,1000000000,0
0x001e56b0,,-,1000000000,0
0x001e5740,0x00428df8,upstream,1,0
0x001e5800,,-,1000000000,0
0x001e5990,,-,1000000000,0
0x001e5ac0,0x00428df8,upstream,1,0
0x001e5cf0,,-,1000000000,0
0x001e5e00,,-,1000000000,0
0x001e5e40,,-,1000000000,0
0x001e5e90,,-,1000000000,0
0x001e5f60,,-,1000000000,0
0x001e60a0,,-,1000000000,0
0x001e60f0,,-,1000000000,0
0x001e61b0,,-,1000000000,0
0x001e6230,0x00512ee0,upstream,1,0
0x001e6460,0x00511940,upstream,1,0
0x001e6590,0x00511940,upstream,1,0
0x001e6620,0x00511940,upstream,1,0
0x001e67e0,0x00513f30,upstream,1,0
0x001e6a70,0x005c0d40,upstream,1,0
0x001e6c50,0x005c0d40,upstream,1,0
0x001e6e10,0x00512ee0,upstream,1,0
0x001e6f10,0x00238120,upstream,1,0
0x001e6fc0,0x005c0d40,upstream,1,0
0x001e7210,0x00512ee0,upstream,1,0
0x001e7480,0x0023c590,upstream,2,0
0x001e74f0,0x00428df8,upstream,1,0
0x001e7570,,-,1000000000,0
0x001e7580,,-,1000000000,0
0x001e75d0,0x00429068,upstream,2,0
0x001e7620,0x00429068,upstream,2,0
0x001e7680,0x00429068,upstream,2,0
0x001e76f0,0x00429068,upstream,2,0
0x001e7760,0x00429068,upstream,2,0
0x001e7820,0x00429068,upstream,2,0
0x001e78d0,0x00511940,upstream,1,0
0x001e7960,0x00511940,upstream,1,0
0x001e7a60,0x0042f3a0,upstream,1,0
0x001e7ad0,,-,1000000000,0
0x001e7b40,0x005c0d40,upstream,1,0
0x001e7c10,0x00511940,upstream,1,0
0x001e7da0,0x00511940,upstream,1,0
0x001e7f10,0x0042f3a0,upstream,1,0
0x001e8350,0x005c0d40,upstream,1,0
0x001e8710,0x0043b320,upstream,2,0
0x001e8a70,0x00428df8,upstream,2,0
0x001e8ba0,0x001071e0,upstream,2,0
0x001e8f40,0x005c0d40,upstream,1,0
0x001e9380,,-,1000000000,0
0x001e94e0,,-,1000000000,0
0x001e9610,,-,1000000000,0
0x001e9680,,-,1000000000,0
0x001e9790,0x00511940,upstream,1,0
0x001e98b0,,-,1000000000,0
0x001e9950,,-,1000000000,0
0x001e9a50,0x00512ee0,upstream,1,0
0x001e9c00,0x00428df8,upstream,1,0
0x001e9d60,0x001071e0,upstream,2,0
0x001e9dc0,0x001071e0,upstream,1,0
0x001e9e30,0x001071e0,upstream,1,0
0x001e9ea0,0x0058a7a0,upstream,1,0
0x001e9fb0,,-,1000000000,0
0x001e9fe0,,-,1000000000,0
0x001ea060,0x00511940,upstream,1,0
0x001ea180,0x00513f30,upstream,1,0
0x001ea3f0,0x00511940,upstream,1,0
0x001ea470,0x00511940,upstream,1,0
0x001ea6f0,0x00511940,upstream,1,0
0x001ea770,0x00428df8,upstream,1,0
0x001eaa60,0x0058a7a0,upstream,2,0
0x001eaa90,0x00512ee0,upstream,2,0
0x001eab50,0x00428df8,upstream,1,1
0x001eacb0,0x00512ee0,upstream,3,0
0x001eadb0,0x00511940,upstream,1,0
0x001eaec0,0x00512ee0,upstream,2,0
0x001eafb0,0x00512ee0,upstream,3,0
0x001eb0a0,0x005c0d40,upstream,1,0
0x001eb260,0x00512ee0,upstream,1,0
0x001eb3f0,0x00511940,upstream,1,0
0x001eb500,0x00511940,upstream,1,0
0x001eb740,0x00512ee0,upstream,1,0
0x001eb8a0,0x00512ee0,upstream,2,0
0x001eb8d0,0x00428df8,upstream,1,0
0x001ebaa0,0x00511940,upstream,1,0
0x001ebba0,0x00512ee0,upstream,1,0
0x001ebc20,0x00512ee0,upstream,1,0
0x001ebcb0,0x00513f30,upstream,1,0
0x001ebd40,0x00513f30,upstream,1,0
0x001ebea0,0x00512ee0,upstream,2,0
0x001ebee0,0x00512ee0,upstream,1,0
0x001ebf90,,-,1000000000,0
0x001ec060,0x00513f30,upstream,1,0
0x001ec0e0,,-,1000000000,0
0x001ec1a0,0x00511940,upstream,1,0
0x001ec270,0x00511940,upstream,1,0
0x001ec350,0x00428df8,upstream,1,0
0x001ec3d0,0x005c0d40,upstream,1,0
0x001ec4e0,0x00512ee0,upstream,2,0
0x001ec5a0,0x0051e5a0,upstream,1,0
0x001ec950,0x005c0d40,upstream,1,0
0x001ecc70,0x0023c590,upstream,1,0
0x001ecdc0,0x00428df8,upstream,1,0
0x001ecee0,0x00429068,upstream,1,0
0x001ed1d0,0x0042f3a0,upstream,1,0
0x001ed240,0x0023c590,upstream,1,0
0x001ed3e0,0x0023c590,upstream,1,0
0x001ed6d0,0x0023c590,upstream,1,0
0x001ed7b0,0x0023c590,upstream,1,0
0x001ed820,0x0023c590,upstream,1,0
0x001ed880,0x0042f3a0,upstream,1,0
0x001eda70,0x0042f3a0,upstream,1,0
0x001ede30,,-,1000000000,0
0x001eded0,0x004ba240,upstream,1,0
0x001edf50,0x0042f3a0,upstream,1,0
0x001ee150,0x0058a7a0,upstream,2,0
0x001ee280,0x00429068,upstream,1,0
0x001ee540,0x00428df8,upstream,2,0
0x001ee5e0,0x00428df8,upstream,2,0
0x001ee690,,-,1000000000,0
0x001ee880,0x00428df8,upstream,2,0
0x001ee950,0x00429068,upstream,2,0
0x001eeb10,,-,1000000000,0
0x001eee80,0x00512ee0,upstream,3,0
0x001ef140,0x004ba240,upstream,1,0
0x001ef1f0,0x004ba240,upstream,1,0
0x001ef2a0,0x004ba240,upstream,1,0
0x001ef350,0x004ba240,upstream,1,0
0x001ef400,0x004ba240,upstream,1,0
0x001ef4b0,0x004ba240,upstream,1,0
0x001ef5b0,0x004ba240,upstream,1,0
0x001ef660,0x004ba240,upstream,1,0
0x001ef710,0x004ba240,upstream,1,0
0x001ef7c0,0x004ba240,upstream,1,0
0x001ef870,0x004ba240,upstream,1,0
0x001ef920,0x004ba240,upstream,1,0
0x001ef9d0,0x004ba240,upstream,1,0
0x001efae0,0x004ba240,upstream,1,0
0x001efba0,0x004ba240,upstream,1,0
0x001efc50,0x00428df8,upstream,2,0
0x001efd60,0x00513f30,upstream,2,0
0x001efea0,0x004ba240,upstream,1,0
0x001eff00,0x0023c590,upstream,1,0
0x001f0090,0x001071e0,upstream,2,0
0x001f01a0,0x0042f3a0,upstream,1,0
0x001f0320,0x0023c590,upstream,1,0
0x001f04b0,0x0023c590,upstream,1,0
0x001f0500,0x004ba240,upstream,1,0
0x001f0600,0x004ba240,upstream,1,0
0x001f06b0,0x00511940,upstream,1,0
0x001f08b0,0x004f2210,upstream,6,0
0x001f0a30,0x0042f3a0,upstream,1,0
0x001f0ad0,0x0058a7a0,upstream,1,0
0x001f0e90,0x005c0d40,upstream,1,0
0x001f1da0,0x00511940,upstream,1,0
0x001f2200,0x00511940,upstream,2,0
0x001f2330,,-,1000000000,0
0x001f2340,0x00511940,upstream,1,0
0x001f2480,0x00428df8,upstream,1,0
0x001f2570,0x00428df8,upstream,2,0
0x001f2ad0,0x005c0d40,upstream,1,0
0x001f3a00,0x00512ee0,upstream,1,0
0x001f3b50,0x00511940,upstream,1,0
0x001f3d70,0x00511940,upstream,1,0
0x001f3e20,0x00429068,upstream,1,0
0x001f3ea0,,-,1000000000,0
0x001f3fb0,0x0042f3a0,upstream,1,0
0x001f4100,,-,1000000000,0
0x001f4180,0x001071e0,upstream,2,0
0x001f43f0,0x0023c590,upstream,1,0
0x001f4ca0,0x004ba240,upstream,1,0
0x001f4da0,,-,1000000000,0
0x001f4e00,,-,1000000000,0
0x001f52a0,0x004ba240,upstream,1,0
0x001f5340,0x00238120,upstream,1,0
0x001f5770,0x0026d230,upstream,1,0
0x001f77f0,,-,1000000000,0
0x001f7800,0x004ba240,upstream,1,0
0x001f7850,0x00238120,upstream,1,0
0x001f78b0,0x0026d230,upstream,1,0
0x001f7cf0,0x00428df8,upstream,1,0
0x001f7ea0,,-,1000000000,0
0x001f7f00,,-,1000000000,0
0x001f7f60,0x001071e0,upstream,2,0
0x001f8040,0x0023c590,upstream,1,0
0x001f84f0,0x004ba240,upstream,1,0
0x001f85e0,0x00511940,upstream,2,0
0x001f86c0,0x004ba240,upstream,1,0
0x001f8720,0x00428df8,upstream,1,0
0x001f88e0,0x001071e0,upstream,2,0
0x001f8930,0x00512ee0,upstream,1,0
0x001f9220,,-,1000000000,0
0x001f9230,,-,1000000000,0
0x001f9260,0x005c0d40,upstream,1,0
0x001f9380,0x00513f30,upstream,2,0
0x001f9600,0x004ba240,upstream,1,0
0x001f9660,0x00428df8,upstream,1,0
0x001f98a0,0x00513f30,upstream,2,0
0x001f9bf0,0x00513f30,upstream,2,0
0x001fa100,0x00512ee0,upstream,3,0
0x001fa1c0,0x004ba240,upstream,1,0
0x001fa2e0,,-,1000000000,0
0x001fa3b0,0x005c0d40,upstream,1,0
0x001fa760,,-,1000000000,0
0x001fa820,0x004ba240,upstream,1,0
0x001fa8e0,0x00511940,upstream,1,0
0x001fa9d0,0x0023c590,upstream,1,0
0x001fade0,0x004ba240,upstream,1,0
0x001fae90,0x0023c590,upstream,1,0
0x001faf60,0x004ba240,upstream,1,0
0x001fb010,,-,1000000000,0
0x001fb060,0x001071e0,upstream,2,0
0x001fb2c0,0x004ba240,upstream,1,0
0x001fb370,0x00512ee0,upstream,1,0
0x001fb410,0x005c0d40,upstream,1,0
0x001fb8c0,0x00513f30,upstream,1,0
0x001fbad0,,-,1000000000,0
0x001fbb20,0x00511940,upstream,1,0
0x001fbc80,0x00511940,upstream,1,0
0x001fbd10,0x005c0d40,upstream,1,0
0x001fbec0,0x00511940,upstream,1,0
0x001fbf80,0x0042f3a0,upstream,1,0
0x001fc0b0,0x005c0d40,upstream,1,0
0x001fc1b0,0x005c0d40,upstream,1,0
0x001fc270,0x005c0d40,upstream,1,0
0x001fc830,,-,1000000000,0
0x001fc8b0,,-,1000000000,0
0x001fc8d0,0x00511940,upstream,1,0
0x001fca20,0x00511940,upstream,1,0
0x001fcc90,0x00511940,upstream,1,0
0x001fcd10,0x00511940,upstream,1,0
0x001fcdd0,0x0042f3a0,upstream,2,0
0x001fcf10,0x004ba240,upstream,1,0
0x001fcf70,0x00428df8,upstream,1,0
0x001fd190,0x001071e0,upstream,2,0
0x001fd6c0,0x0042f3a0,upstream,2,0
0x001fd7e0,0x004ba240,upstream,1,0
0x001fd840,0x0042f3a0,upstream,1,0
0x001fda80,0x001071e0,upstream,2,0
0x001fdfb0,0x00428df8,upstream,1,0
0x001fe020,0x0058a7a0,upstream,1,0
0x001fe100,0x00428df8,upstream,1,0
0x001fe170,0x0058a7a0,upstream,1,0
0x001fe220,0x004ba240,upstream,1,0
0x001fe2d0,0x004ba240,upstream,1,0
0x001fe380,0x0042f3a0,upstream,1,0
0x001fe6e0,0x004ba240,upstream,1,0
0x001fe790,0x00511940,upstream,1,0
0x001fea60,0x00511940,upstream,1,0
0x001febe0,0x00511940,upstream,2,0
0x001fecd0,,-,1000000000,0
0x001feeb0,0x00238120,upstream,1,0
0x001fefe0,0x00238120,upstream,1,0
0x001ff0c0,0x0023c590,upstream,1,0
0x001ff340,0x0026d230,upstream,2,0
0x001ff3d0,0x00428998,upstream,2,0
0x001ff430,0x00511940,upstream,2,0
0x001ff490,0x00511940,upstream,2,0
0x001ff4d0,0x00511940,upstream,2,0
0x001ff510,0x0023c590,upstream,1,0
0x001ff5a0,0x00511940,upstream,2,0
0x001ff620,0x00511940,upstream,2,0
0x001ff680,0x00511940,upstream,2,0
0x001ff6b0,0x00511940,upstream,2,0
0x001ff6f0,0x004f2210,upstream,5,0
0x001ff880,,-,1000000000,0
0x001ff8c0,,-,1000000000,0
0x001ff910,,-,1000000000,0
0x001ff950,0x00511940,upstream,2,0
0x001ffbe0,0x00511940,upstream,2,0
0x001ffe80,0x00511940,upstream,2,0
0x001ffec0,0x00428df8,upstream,1,0
0x001fff70,0x00429068,upstream,2,0
0x00200070,0x00511940,upstream,2,0
0x00200190,0x004f2210,upstream,4,0
0x00200290,0x00511940,upstream,2,0
0x00200410,0x00511940,upstream,3,0
0x002004b0,0x00511940,upstream,2,0
0x002005b0,0x00511940,upstream,1,0
0x002006a0,,-,1000000000,0
0x00200760,,-,1000000000,0
0x00200860,,-,1000000000,0
0x00200a10,0x0026d230,upstream,1,0
0x00200b40,0x00428998,upstream,1,0
0x00200f10,0x0026d230,upstream,1,0
0x00201050,0x0026d230,upstream,1,0
0x00201230,0x00428998,upstream,1,0
0x002015b0,0x0026d230,upstream,1,0
0x002017e0,0x00238120,upstream,1,0
0x002018a0,0x00511940,upstream,1,0
0x002019b0,0x00238120,upstream,1,0
0x00201a80,0x00511940,upstream,1,0
0x00201b20,0x00238120,upstream,1,0
0x00201c00,,-,1000000000,0
0x00201c70,0x0023c590,upstream,2,0
0x00201d20,0x00511940,upstream,1,0
0x00201e10,0x0023c590,upstream,1,0
0x00201e50,0x00238120,upstream,1,0
0x00201ee0,,-,1000000000,0
0x00201ef0,,-,1000000000,0
0x00201fb0,,-,1000000000,0
0x00202000,0x004ba240,upstream,1,0
0x00202080,0x004f2210,upstream,6,0
0x00202250,0x004f2210,upstream,6,0
0x00202310,0x00429068,upstream,1,0
0x00202860,0x00511940,upstream,1,0
0x002028e0,0x00511940,upstream,1,0
0x002029e0,,-,1000000000,0
0x002029f0,,-,1000000000,0
0x00202a00,,-,1000000000,0
0x00202a10,0x00511940,upstream,1,0
0x00202af0,0x004f2210,upstream,4,0
0x00202c80,,-,1000000000,0
0x00202e20,,-,1000000000,0
0x00202e80,,-,1000000000,0
0x00202ed0,,-,1000000000,0
0x00202f30,,-,1000000000,0
0x00202f90,0x004f2210,upstream,4,0
0x00202ff0,,-,1000000000,0
0x00203080,0x00428df8,upstream,1,0
0x00203330,,-,1000000000,0
0x00203410,,-,1000000000,0
0x002034e0,0x00428df8,upstream,2,0
0x00203570,0x00428df8,upstream,2,0
0x00203660,0x00511940,upstream,1,0
0x00203710,0x004f2210,upstream,4,0
0x00203ae0,0x00428df8,upstream,2,0
0x00203cb0,0x00511940,upstream,1,0
0x00203ed0,,-,1000000000,0
0x00204550,,-,1000000000,0
0x00204640,0x00511940,upstream,1,0
0x00204900,,-,1000000000,0
0x00204910,0x00511940,upstream,1,0
0x00204990,,-,1000000000,0
0x002049a0,,-,1000000000,0
0x002049b0,0x00511940,upstream,1,0
0x00204a30,0x004f2210,upstream,3,0
0x00204a80,,-,1000000000,0
0x00204ad0,,-,1000000000,0
0x00204b40,0x004f2210,upstream,3,0
0x00204ba0,0x00428998,upstream,1,0
0x00204c30,0x00238120,upstream,1,0
0x00204ca0,0x00428df8,upstream,1,0
0x00204db0,0x0023c590,upstream,2,0
0x00204ea0,0x00511940,upstream,1,0
0x00205110,0x0042f3a0,upstream,2,0
0x00205250,0x004ba240,upstream,1,0
0x002052b0,0x0042f3a0,upstream,1,0
0x00205450,0x00428df8,upstream,2,0
0x002057b0,0x005c0d40,upstream,2,0
0x00205810,0x004ba240,upstream,1,0
0x00205a60,0x00512ee0,upstream,1,0
0x00205bb0,0x0051e5a0,upstream,1,0
0x00205f70,,-,1000000000,0
0x00206100,,-,1000000000,0
0x00206170,0x00512ee0,upstream,1,0
0x002063a0,0x0043b320,upstream,2,0
0x002064a0,0x0043b320,upstream,2,0
0x002064f0,,-,1000000000,0
0x00206570,0x00428df8,upstream,1,0
0x00206630,0x00511940,upstream,1,0
0x00206720,0x004ba240,upstream,1,0
0x002067d0,,-,1000000000,0
0x00206860,0x00511940,upstream,1,0
0x002068e0,0x00511940,upstream,1,0
0x00206b90,0x00511940,upstream,1,0
0x00206d00,0x00511940,upstream,1,0
0x00206e80,0x00513f30,upstream,1,0
0x00207490,0x00511940,upstream,1,0
0x00207510,0x00511940,upstream,1,0
0x00207590,0x00511940,upstream,1,0
0x00207690,0x0058a7a0,upstream,1,0
0x00207c40,0x00513f30,upstream,1,0
0x002083c0,0x00511940,upstream,1,0
0x0020aa80,0x00511940,upstream,1,0
0x0020ab00,0x00511940,upstream,1,0
0x0020ab80,,-,1000000000,0
0x0020ab90,,-,1000000000,0
0x0020aba0,,-,1000000000,1
0x0020abb0,,-,1000000000,0
0x0020abc0,,-,1000000000,0
0x0020abd0,,-,1000000000,0
0x0020abe0,,-,1000000000,0
0x0020abf0,,-,1000000000,0
0x0020ac00,0x00511940,upstream,1,0
0x0020ac70,,-,1000000000,0
0x0020ac80,,-,1000000000,0
0x0020acb0,,-,1000000000,0
0x0020ace0,,-,1000000000,0
0x0020acf0,,-,1000000000,0
0x0020ad00,,-,1000000000,0
0x0020ad10,,-,1000000000,0
0x0020ad20,0x00511940,upstream,1,0
0x0020ad90,,-,1000000000,0
0x0020ada0,0x00512ee0,upstream,2,0
0x0020af00,0x0023c590,upstream,1,0
0x0020aff0,0x0023c590,upstream,1,0
0x0020b0b0,0x0023c590,upstream,1,0
0x0020b170,0x005c0d40,upstream,1,0
0x0020b650,0x00511940,upstream,1,0
0x0020b7b0,,-,1000000000,0
0x0020b7d0,0x00512ee0,upstream,1,0
0x0020b9f0,,-,1000000000,0
0x0020bd80,,-,1000000000,0
0x0020bdd0,,-,1000000000,0
0x0020c010,,-,1000000000,0
0x0020c0e0,0x00511940,upstream,1,0
0x0020c430,0x00511940,upstream,1,0
0x0020c4e0,0x0051e5a0,upstream,1,0
0x0020ce10,0x00428df8,upstream,1,0
0x0020cf70,0x00511940,upstream,1,0
0x0020cff0,0x001071e0,upstream,2,0
0x0020d090,0x00512ee0,upstream,2,0
0x0020d470,0x00429068,upstream,2,0
0x0020d550,,-,1000000000,0
0x0020d640,,-,1000000000,0
0x0020d7a0,0x00511940,upstream,1,0
0x0020d8f0,0x0023c590,upstream,1,0
0x0020dab0,0x0026d230,upstream,1,0
0x0020dee0,0x0042f3a0,upstream,1,0
0x0020e030,0x00512ee0,upstream,1,0
0x0020e230,0x005c0d40,upstream,1,0
0x0020e5c0,,-,1000000000,0
0x0020e5d0,,-,1000000000,0
0x0020e630,0x005c0d40,upstream,1,0
0x0020e800,,-,1000000000,0
0x0020ea70,0x00512ee0,upstream,3,0
0x0020eae0,,-,1000000000,0
0x0020ed10,0x0058a7a0,upstream,1,0
0x0020f3d0,0x0058a7a0,upstream,1,0
0x0020fcb0,0x00511940,upstream,3,0
0x0020fd00,0x005c0d40,upstream,1,0
0x00210410,0x00512ee0,upstream,2,0
0x00210530,0x0043b320,upstream,3,0
0x00210610,0x0043b320,upstream,3,0
0x002106b0,0x00512ee0,upstream,1,0
0x002107a0,0x00511940,upstream,3,0
0x002107f0,0x00429068,upstream,2,0
0x00210860,0x0058a7a0,upstream,1,0
0x00210910,0x0058a7a0,upstream,1,0
0x00210a50,0x0058a7a0,upstream,2,0
0x00210ab0,0x0058a7a0,upstream,3,0
0x00210b50,,-,1000000000,0
0x00210b70,0x00513f30,upstream,2,0
0x00210ce0,0x004ba240,upstream,1,0
0x00210db0,0x00428df8,upstream,1,0
0x002110e0,0x001071e0,upstream,2,0
0x00211250,0x001071e0,upstream,2,0
0x00211470,,-,1000000000,0
0x00211500,,-,1000000000,0
0x00211560,0x001071e0,upstream,2,0
0x00211700,,-,1000000000,0
0x00211760,0x00512ee0,upstream,3,0
0x002117d0,0x00512ee0,upstream,3,0
0x00211880,,-,1000000000,0
0x00211990,0x004ba240,upstream,1,0
0x00211a40,0x004ba240,upstream,1,0
0x00211af0,0x004ba240,upstream,1,0
0x00211bb0,0x004ba240,upstream,1,0
0x00211c20,0x00513f30,upstream,2,0
0x00211f30,0x004ba240,upstream,1,0
0x00212070,0x00429068,upstream,1,0
0x00212540,0x00428df8,upstream,2,0
0x00212650,0x00428df8,upstream,2,0
0x00212b00,,-,1000000000,0
0x00212b20,0x001071e0,upstream,2,0
0x00212c90,,-,1000000000,0
0x00212e90,0x004ba240,upstream,1,0
0x00212f40,0x00429068,upstream,1,0
0x00212fd0,0x0023c590,upstream,1,0
0x00213070,,-,1000000000,0
0x00213100,,-,1000000000,0
0x002131c0,,-,1000000000,0
0x00213420,0x0011b5d0,upstream,1,0
0x00213470,,-,1000000000,0
0x00213830,,-,1000000000,0
0x00213880,0x004ba240,upstream,1,0
0x002138d0,,-,1000000000,0
0x002139c0,,-,1000000000,0
0x00213a60,,-,1000000000,0
0x00213a70,,-,1000000000,0
0x00213a80,,-,1000000000,0
0x00213a90,0x004ba240,upstream,1,0
0x00213b00,0x00511940,upstream,1,0
0x00213c50,,-,1000000000,0
0x00213fa0,,-,1000000000,0
0x00214210,,-,1000000000,0
0x00214240,,-,1000000000,0
0x00214290,0x00511940,upstream,2,0
0x00214420,0x00511940,upstream,1,0
0x002144a0,0x00511940,upstream,1,0
0x00214520,0x00511940,upstream,1,0
0x002145a0,0x005c0d40,upstream,1,0
0x002151a0,,-,1000000000,0
0x002151b0,,-,1000000000,0
0x002151c0,,-,1000000000,0
0x00215230,0x0058a7a0,upstream,1,0
0x00215310,0x005c0d40,upstream,2,0
0x00215500,0x00511940,upstream,1,0
0x002156a0,,-,1000000000,0
0x002156b0,,-,1000000000,0
0x002156c0,,-,1000000000,0
0x002156d0,,-,1000000000,0
0x002156e0,0x0050f930,upstream,2,0
0x00215710,,-,1000000000,0
0x00215720,,-,1000000000,0
0x00215730,0x0050f930,upstream,2,0
0x00215760,,-,1000000000,0
0x00215770,,-,1000000000,1
0x00215780,,-,1000000000,1
0x00215790,,-,1000000000,1
0x00215890,,-,1000000000,1
0x002158a0,,-,1000000000,1
0x002158c0,0x005c0d40,upstream,1,1
0x00215e00,,-,1000000000,0
0x00215e10,,-,1000000000,0
0x00215e20,,-,1000000000,0
0x00215e30,,-,1000000000,0
0x00215e40,,-,1000000000,0
0x00215e50,,-,1000000000,0
0x00216050,,-,1000000000,0
0x002161c0,,-,1000000000,0
0x002162f0,0x005c0d40,upstream,2,0
0x002165f0,0x005c0d40,upstream,1,1
0x00216720,,-,1000000000,1
0x00216730,,-,1000000000,1
0x00216740,0x005c0d40,upstream,1,1
0x00216950,,-,1000000000,0
0x00216960,,-,1000000000,0
0x00216980,,-,1000000000,0
0x00216990,,-,1000000000,0
0x002169b0,,-,1000000000,0
0x002169c0,,-,1000000000,0
0x002169d0,,-,1000000000,0
0x002169e0,,-,1000000000,0
0x002169f0,,-,1000000000,0
0x00216a30,,-,1000000000,0
0x00216a60,,-,1000000000,0
0x00216ac0,,-,1000000000,0
0x00216b60,,-,1000000000,0
0x00216ce0,,-,1000000000,0
0x00216ee0,,-,1000000000,0
0x00217080,,-,1000000000,0
0x00217280,,-,1000000000,0
0x00217300,,-,1000000000,0
0x002174c0,,-,1000000000,0
0x00217680,,-,1000000000,0
0x00217890,,-,1000000000,0
0x002179c0,0x005c0d40,upstream,1,0
0x002188d0,,-,1000000000,0
0x002189a0,,-,1000000000,0
0x00218bf0,0x005c0d40,upstream,1,1
0x00218fa0,0x0043b320,upstream,2,0
0x00219470,,-,1000000000,0
0x002194e0,0x0043b320,upstream,2,0
0x00219680,0x0023c590,upstream,2,0
0x002199b0,,-,1000000000,0
0x002199c0,0x0023c590,upstream,1,0
0x00219b30,,-,1000000000,0
0x00219b50,0x0043b320,upstream,2,0
0x00219d90,0x005c0d40,upstream,1,0
0x0021a4d0,0x0058a7a0,upstream,2,0
0x0021a710,,-,1000000000,0
0x0021a730,,-,1000000000,0
0x0021a740,0x0058a7a0,upstream,1,0
0x0021a770,,-,1000000000,0
0x0021a790,,-,1000000000,0
0x0021a7d0,,-,1000000000,0
0x0021a7e0,,-,1000000000,0
0x0021a8b0,0x005c0d40,upstream,1,0
0x0021aba0,,-,1000000000,1
0x0021abb0,,-,1000000000,0
0x0021ac00,,-,1000000000,0
0x0021ac10,0x005c0d40,upstream,2,0
0x0021ad90,,-,1000000000,0
0x0021ade0,,-,1000000000,0
0x0021ae00,0x005c0d40,upstream,1,0
0x0021b030,,-,1000000000,0
0x0021b040,0x00511940,upstream,1,0
0x0021b0b0,,-,1000000000,0
0x0021b0c0,0x00511940,upstream,1,0
0x0021b130,,-,1000000000,0
0x0021b140,0x00511940,upstream,1,0
0x0021b1b0,,-,1000000000,0
0x0021b1c0,,-,1000000000,0
0x0021b1f0,,-,1000000000,0
0x0021b200,,-,1000000000,0
0x0021b210,,-,1000000000,0
0x0021b220,0x00511940,upstream,1,0
0x0021b290,,-,1000000000,0
0x0021b2a0,,-,1000000000,0
0x0021b2b0,,-,1000000000,0
0x0021b2f0,,-,1000000000,0
0x0021b3b0,,-,1000000000,0
0x0021b3e0,,-,1000000000,0
0x0021b3f0,,-,1000000000,0
0x0021b400,,-,1000000000,0
0x0021b8f0,0x0058a7a0,upstream,2,0
0x0021bd00,0x005c0d40,upstream,1,0
0x0021c2a0,0x0023c590,upstream,1,0
0x0021c3b0,0x005c0d40,upstream,1,0
0x0021c690,0x005c0d40,upstream,2,0
0x0021c800,,-,1000000000,0
0x0021c810,,-,1000000000,0
0x0021c900,,-,1000000000,0
0x0021c910,0x005c0d40,upstream,1,0
0x0021cb60,0x00511940,upstream,1,0
0x0021cd80,,-,1000000000,0
0x0021cd90,,-,1000000000,0
0x0021cda0,,-,1000000000,0
0x0021cdb0,0x0050f930,upstream,2,0
0x0021cde0,,-,1000000000,0
0x0021cdf0,0x00511940,upstream,1,0
0x0021ce60,,-,1000000000,0
0x0021ce70,0x00511940,upstream,1,0
0x0021cee0,,-,1000000000,0
0x0021cef0,,-,1000000000,0
0x0021cf00,,-,1000000000,0
0x0021cf10,,-,1000000000,0
0x0021cf20,,-,1000000000,0
0x0021d230,0x005c0d40,upstream,1,0
0x0021d510,,-,1000000000,0
0x0021d540,,-,1000000000,0
0x0021d560,,-,1000000000,0
0x0021d620,0x005c0d40,upstream,1,0
0x0021d990,,-,1000000000,0
0x0021daa0,,-,1000000000,0
0x0021db80,,-,1000000000,0
0x0021db90,,-,1000000000,0
0x0021dc70,,-,1000000000,0
0x0021dc80,,-,1000000000,0
0x0021dc90,0x0042f3a0,upstream,2,0
0x0021dd90,,-,1000000000,0
0x0021de30,,-,1000000000,0
0x0021def0,,-,1000000000,0
0x0021df00,,-,1000000000,0
0x0021dfd0,,-,1000000000,0
0x0021dfe0,0x005c0d40,upstream,1,0
0x0021e2e0,,-,1000000000,0
0x0021e2f0,,-,1000000000,0
0x0021e300,,-,1000000000,0
0x0021e440,,-,1000000000,0
0x0021e4e0,,-,1000000000,0
0x0021e570,,-,1000000000,0
0x0021e670,,-,1000000000,0
0x0021e6d0,0x005c0d40,upstream,1,0
0x0021ef70,0x005c0d40,upstream,1,0
0x0021f490,0x005c0d40,upstream,1,0
0x002203d0,0x005c0d40,upstream,1,0
0x002205a0,0x005c0d40,upstream,1,0
0x00220a20,0x00511940,upstream,1,0
0x00220b00,,-,1000000000,0
0x00220bb0,0x005c0d40,upstream,1,0
0x00221bd0,0x00511940,upstream,1,0
0x00221dc0,0x00511940,upstream,1,0
0x00221e40,0x0058a7a0,upstream,2,0
0x00222390,,-,1000000000,0
0x002223e0,,-,1000000000,0
0x002223f0,,-,1000000000,0
0x00222410,0x005c0d40,upstream,1,0
0x002228b0,0x005c0d40,upstream,1,0
0x002234d0,0x005c0d40,upstream,1,0
0x00223780,0x005c0d40,upstream,1,0
0x00223d70,,-,1000000000,0
0x00223d80,,-,1000000000,0
0x00223d90,0x0050f930,upstream,2,0
0x00223dc0,,-,1000000000,0
0x00223dd0,0x00511940,upstream,1,0
0x00223e40,0x00511940,upstream,1,0
0x00223eb0,0x005c0d40,upstream,1,0
0x002241f0,0x005c0d40,upstream,1,0
0x00225460,,-,1000000000,0
0x00225610,,-,1000000000,0
0x00225680,0x005c0d40,upstream,1,0
0x002259e0,0x005c0d40,upstream,1,0
0x00226320,0x0058a7a0,upstream,2,0
0x002264b0,0x005c0d40,upstream,1,0
0x00227190,0x005c0d40,upstream,1,0
0x00227950,0x0023c590,upstream,1,0
0x00227990,0x0023c590,upstream,1,0
0x002279f0,,-,1000000000,0
0x00227a80,0x0023c590,upstream,3,0
0x00227db0,,-,1000000000,0
0x00227eb0,0x005c0d40,upstream,1,0
0x002282e0,0x00511940,upstream,2,0
0x002283c0,0x00429068,upstream,3,0
0x00228d20,,-,1000000000,0
0x00228d40,,-,1000000000,0
0x00228d50,,-,1000000000,0
0x00228ee0,0x005c0d40,upstream,1,0
0x00229050,0x005c0d40,upstream,1,0
0x002291a0,0x005c0d40,upstream,2,0
0x00229210,0x005c0d40,upstream,1,0
0x00229360,0x005c0d40,upstream,1,0
0x00229640,0x0023c590,upstream,1,0
0x00229b90,,-,1000000000,0
0x00229ba0,,-,1000000000,0
0x00229bc0,,-,1000000000,0
0x00229cf0,,-,1000000000,0
0x0022a160,0x005c0d40,upstream,1,0
0x0022a2b0,0x005c0d40,upstream,1,0
0x0022a400,0x00511940,upstream,2,0
0x0022a4e0,,-,1000000000,0
0x0022a970,,-,1000000000,0
0x0022ade0,,-,1000000000,0
0x0022b1a0,,-,1000000000,0
0x0022b1c0,0x005c0d40,upstream,1,0
0x0022b3c0,0x00429068,upstream,3,0
0x0022b800,0x00429068,upstream,3,0
0x0022b8c0,0x00429068,upstream,2,0
0x0022bfe0,,-,1000000000,0
0x0022c1d0,0x00429068,upstream,2,0
0x0022c790,0x005c0d40,upstream,1,0
0x0022c980,,-,1000000000,0
0x0022c9a0,0x00429068,upstream,2,0
0x0022cef0,,-,1000000000,0
0x0022cff0,0x00429068,upstream,2,0
0x0022d1a0,,-,1000000000,0
0x0022d510,,-,1000000000,0
0x0022d7b0,0x005c0d40,upstream,1,0
0x0022da00,,-,1000000000,0
0x0022da60,,-,1000000000,0
0x0022da70,0x00511940,upstream,1,0
0x0022db30,0x0023c590,upstream,2,0
0x0022dce0,,-,1000000000,0
0x0022dcf0,0x005c0d40,upstream,1,0
0x0022ddb0,0x00511940,upstream,2,0
0x0022de70,,-,1000000000,0
0x0022de80,,-,1000000000,0
0x0022de90,0x005c0d40,upstream,1,0
0x0022f020,,-,1000000000,0
0x0022f030,,-,1000000000,0
0x0022f050,,-,1000000000,0
0x0022f190,,-,1000000000,0
0x0022f1a0,0x005c0d40,upstream,1,0
0x0022f760,0x0023c590,upstream,1,0
0x0022f860,0x005c0d40,upstream,1,0
0x0022fba0,,-,1000000000,0
0x0022fc20,,-,1000000000,0
0x0022fc50,0x0023c590,upstream,1,0
0x0022fc90,,-,1000000000,0
0x002301a0,,-,1000000000,0
0x002301b0,,-,1000000000,0
0x002301c0,0x005c0d40,upstream,1,0
0x00230490,,-,1000000000,0
0x002304a0,,-,1000000000,0
0x002307f0,,-,1000000000,0
0x00230800,,-,1000000000,0
0x00230910,0x005c0d40,upstream,1,0
0x002311c0,,-,1000000000,0
0x002313e0,,-,1000000000,0
0x002313f0,,-,1000000000,0
0x00231400,,-,1000000000,0
0x00231440,,-,1000000000,0
0x002316c0,,-,1000000000,0
0x002316d0,,-,1000000000,0
0x002316e0,,-,1000000000,0
0x002316f0,,-,1000000000,0
0x00231700,,-,1000000000,0
0x00231710,,-,1000000000,0
0x002318b0,0x0023c590,upstream,2,0
0x00231900,0x0026d230,upstream,1,0
0x00231b80,,-,1000000000,0
0x00231d80,0x0023c590,upstream,2,0
0x00231e20,0x0023c590,upstream,1,0
0x00231e80,0x00511940,upstream,1,0
0x00231fb0,0x00511940,upstream,1,0
0x00232170,0x00511940,upstream,1,0
0x00232350,0x00511940,upstream,1,0
0x00232510,0x00511940,upstream,1,0
0x002326c0,0x00511940,upstream,1,0
0x002329b0,0x00511940,upstream,1,0
0x00232ab0,0x00511940,upstream,1,0
0x00232cf0,0x00511940,upstream,1,0
0x00232d70,0x00511940,upstream,1,0
0x00232f20,,-,1000000000,0
0x00232f70,,-,1000000000,0
0x002330a0,0x00511940,upstream,1,0
0x002331b0,0x00511940,upstream,1,0
0x00233440,0x00511940,upstream,1,0
0x002335c0,0x00511940,upstream,1,0
0x002337b0,0x00511940,upstream,1,0
0x00233980,0x00511940,upstream,1,0
0x00233bf0,0x00511940,upstream,1,0
0x00233dc0,0x00511940,upstream,1,0
0x00233f60,0x004ba240,upstream,1,0
0x00234010,0x0042f3a0,upstream,1,0
0x002366c0,,-,1000000000,0
0x00236e00,0x00511940,upstream,1,0
0x00236ec0,0x00511940,upstream,1,0
0x00237310,0x00511940,upstream,1,0
0x002374b0,0x0042f3a0,upstream,1,0
0x00237560,0x0043eb80,upstream,2,0
0x002378c0,0x0043fb68,upstream,2,0
0x002379a0,0x0043fb68,upstream,3,0
0x00237bb0,0x003fb210,upstream,2,0
0x00237bf0,0x003fb210,upstream,2,0
0x00237c40,,-,1000000000,0
0x00237c70,,-,1000000000,0
0x00237c90,,-,1000000000,1
0x00237cb0,,-,1000000000,0
0x00237ce0,,-,1000000000,1
0x00237d00,,-,1000000000,0
0x00237d30,,-,1000000000,0
0x00237d60,,-,1000000000,0
0x00237d70,,-,1000000000,0
0x00237ea0,,-,1000000000,0
0x00237f80,0x0050f930,upstream,5,0
0x00238100,,-,1000000000,0
0x00238120,0x00238120,upstream,0,1
0x00238160,,-,1000000000,0
0x002381a0,,-,1000000000,0
0x00238270,0x0050f930,upstream,3,0
0x00238390,0x004ba240,upstream,1,0
0x00238730,,-,1000000000,0
0x00238750,,-,1000000000,0
0x00238800,0x004ba240,upstream,1,0
0x00238860,0x0050f930,upstream,4,0
0x002388e0,0x0050f930,upstream,4,0
0x00238a40,,-,1000000000,0
0x00238b90,,-,1000000000,0
0x00238f70,,-,1000000000,0
0x00239360,0x004287e0,upstream,1,0
0x002398a0,,-,1000000000,0
0x00239ba0,,-,1000000000,0
0x00239c70,,-,1000000000,0
0x00239d50,0x004ba240,upstream,1,0
0x00239db0,0x0050f930,upstream,4,0
0x00239e30,0x0050f930,upstream,4,0
0x00239f80,,-,1000000000,0
0x0023a060,,-,1000000000,0
0x0023a1e0,,-,1000000000,0
0x0023a3a0,0x004ba240,upstream,1,0
0x0023a400,0x0050f930,upstream,4,0
0x0023a840,0x004ba240,upstream,1,0
0x0023a8a0,0x00429068,upstream,4,0
0x0023a8e0,0x004ba240,upstream,1,0
0x0023a940,0x00429068,upstream,4,0
0x0023a990,0x004ba240,upstream,1,0
0x0023a9f0,0x00429068,upstream,4,0
0x0023aa10,0x0050f930,upstream,2,0
0x0023aa50,0x00511940,upstream,1,0
0x0023aae0,,-,1000000000,0
0x0023aca0,0x00513210,upstream,2,0
0x0023ae60,,-,1000000000,0
0x0023ae70,,-,1000000000,0
0x0023aed0,,-,1000000000,0
0x0023aee0,,-,1000000000,0
0x0023af10,,-,1000000000,0
0x0023af50,,-,1000000000,0
0x0023b020,0x0050f930,upstream,2,0
0x0023b070,0x00511940,upstream,1,0
0x0023b110,,-,1000000000,0
0x0023b140,,-,1000000000,0
0x0023b170,0x00429068,upstream,1,0
0x0023b970,,-,1000000000,0
0x0023bae0,,-,1000000000,0
0x0023bdb0,0x003fb210,upstream,1,0
0x0023bf60,0x003fb210,upstream,1,0
0x0023c560,,-,1000000000,0
0x0023c590,0x0023c590,upstream,0,1
0x0023c5f0,0x0023c590,upstream,1,0
0x0023c630,0x0023c590,upstream,1,0
0x0023c680,0x00429068,upstream,1,0
0x0023c750,,-,1000000000,0
0x0023c7e0,,-,1000000000,0
0x0023c840,,-,1000000000,0
0x0023c920,,-,1000000000,0
0x0023c9f0,,-,1000000000,0
0x0023ca10,,-,1000000000,0
0x0023ca40,,-,1000000000,0
0x0023ca50,,-,1000000000,0
0x0023ce00,,-,1000000000,0
0x0023cf10,,-,1000000000,0
0x0023d000,0x004ba240,upstream,1,0
0x0023d090,,-,1000000000,0
0x0023d110,,-,1000000000,0
0x0023d1a0,,-,1000000000,0
0x0023d240,,-,1000000000,0
0x0023d2a0,,-,1000000000,0
0x0023d370,,-,1000000000,0
0x0023d390,,-,1000000000,0
0x0023d3d0,,-,1000000000,0
0x0023d500,0x004ba240,upstream,1,0
0x0023d5b0,0x00428f48,upstream,2,0
0x0023d670,,-,1000000000,0
0x0023d760,,-,1000000000,0
0x0023d7b0,0x0042f3a0,upstream,1,0
0x0023d850,0x0042f3a0,upstream,1,0
0x0023d920,0x0042f3a0,upstream,1,0
0x0023db20,,-,1000000000,0
0x0023dbc0,,-,1000000000,0
0x0023dc60,,-,1000000000,0
0x0023dd10,0x0042f3a0,upstream,1,0
0x0023def0,,-,1000000000,0
0x0023df20,,-,1000000000,0
0x0023df60,0x00428f48,upstream,1,0
0x0023dfd0,0x004ba240,upstream,1,0
0x0023e070,,-,1000000000,0
0x0023e250,0x00429068,upstream,1,0
0x0023e5a0,0x00428f48,upstream,1,0
0x0023e600,0x00429068,upstream,1,0
0x0023e6c0,0x00429068,upstream,1,0
0x0023e760,0x00429068,upstream,1,0
0x0023e7d0,0x00429068,upstream,1,0
0x0023e830,0x00429068,upstream,1,0
0x0023eba0,,-,1000000000,0
0x0023ec00,,-,1000000000,0
0x0023ed40,,-,1000000000,0
0x0023edf0,0x00428f48,upstream,1,0
0x0023eef0,0x0023c590,upstream,2,0
0x0023f280,,-,1000000000,0
0x0023f4e0,,-,1000000000,0
0x0023f5d0,,-,1000000000,0
0x0023f6c0,0x004287e0,upstream,1,0
0x0023fa40,0x00428f48,upstream,1,0
0x0023fc80,0x004287e0,upstream,2,0
0x0023fd10,,-,1000000000,0
0x0023fde0,,-,1000000000,0
0x0023fe60,,-,1000000000,0
0x0023fef0,,-,1000000000,0
0x0023ff90,,-,1000000000,0
0x00240040,,-,1000000000,0
0x002400a0,,-,1000000000,0
0x00240220,,-,1000000000,0
0x00240350,,-,1000000000,0
0x002403c0,,-,1000000000,0
0x002404b0,0x0043fb68,upstream,2,0
0x002405e0,,-,1000000000,0
0x00240610,,-,1000000000,0
0x00240630,0x004ba240,upstream,1,0
0x002406b0,0x00428f48,upstream,1,0
0x00240800,,-,1000000000,0
0x00240890,0x00428f48,upstream,1,0
0x00240a70,0x00428f48,upstream,1,0
0x00240d10,0x004287e0,upstream,1,0
0x00241100,,-,1000000000,0
0x00241210,,-,1000000000,0
0x00241250,,-,1000000000,0
0x002412f0,0x0043fb68,upstream,3,0
0x00241380,,-,1000000000,0
0x002413d0,,-,1000000000,0
0x002414c0,,-,1000000000,0
0x00241500,0x0043eb80,upstream,2,0
0x002415d0,,-,1000000000,0
0x002417a0,0x0043fb68,upstream,2,0
0x00241820,0x0043fb68,upstream,2,0
0x00241960,0x00429068,upstream,2,0
0x002419a0,0x00428f48,upstream,1,0
0x00241f20,,-,1000000000,0
0x00242000,,-,1000000000,0
0x002422e0,,-,1000000000,0
0x00242480,0x00428f48,upstream,3,0
0x002425d0,0x0023c590,upstream,1,0
0x00242d20,0x00428f48,upstream,2,0
0x00242df0,0x00429068,upstream,1,0
0x00243110,,-,1000000000,0
0x00243180,0x004287e0,upstream,1,0
0x00243560,0x004287e0,upstream,2,0
0x002436e0,0x004287e0,upstream,3,0
0x00243810,0x004287e0,upstream,1,0
0x00243b30,,-,1000000000,0
0x00243cc0,0x00429068,upstream,1,0
0x00243e40,,-,1000000000,0
0x00243ff0,,-,1000000000,0
0x002440a0,,-,1000000000,0
0x002440e0,,-,1000000000,0
0x00244280,,-,1000000000,0
0x00244470,,-,1000000000,0
0x00244580,,-,1000000000,0
0x00244650,,-,1000000000,0
0x002447d0,0x004287e0,upstream,1,0
0x002456f0,,-,1000000000,0
0x002457e0,,-,1000000000,0
0x00245860,0x004287e0,upstream,2,0
0x00246270,,-,1000000000,0
0x00246290,,-,1000000000,0
0x002467a0,,-,1000000000,0
0x00246810,,-,1000000000,0
0x00246890,,-,1000000000,0
0x00246ad0,,-,1000000000,0
0x00246af0,,-,1000000000,0
0x002470e0,,-,1000000000,0
0x00247690,,-,1000000000,0
0x002477b0,,-,1000000000,0
0x00247a00,,-,1000000000,0
0x00247a40,0x004287e0,upstream,1,0
0x00247c50,,-,1000000000,0
0x00247c80,,-,1000000000,0
0x00247c90,,-,1000000000,0
0x00247cc0,0x004ba240,upstream,1,0
0x00247d10,,-,1000000000,0
0x00247dc0,,-,1000000000,0
0x00247e70,,-,1000000000,0
0x00247ec0,0x004ba240,upstream,1,0
0x00247f20,0x00429068,upstream,1,0
0x00248060,0x00428998,upstream,1,0
0x00248120,0x0042f3a0,upstream,1,0
0x002485e0,0x004ba240,upstream,1,0
0x00248640,0x004ba240,upstream,1,0
0x00248690,,-,1000000000,0
0x002486b0,,-,1000000000,0
0x002486d0,,-,1000000000,0
0x002486f0,,-,1000000000,0
0x00248790,,-,1000000000,0
0x00248890,,-,1000000000,0
0x002488b0,,-,1000000000,0
0x002488e0,,-,1000000000,0
0x00248a20,,-,1000000000,0
0x00248a40,,-,1000000000,0
0x00248b00,0x004ba240,upstream,1,0
0x00248b90,0x004ba240,upstream,1,0
0x00248c50,,-,1000000000,0
0x00248d10,,-,1000000000,0
0x00248dd0,,-,1000000000,0
0x00248e80,,-,1000000000,0
0x00248fc0,0x004ba240,upstream,1,0
0x002492d0,0x004ba240,upstream,1,0
0x00249390,0x004ba240,upstream,1,0
0x00249440,0x004ba240,upstream,1,0
0x002494a0,,-,1000000000,0
0x00249540,,-,1000000000,0
0x00249730,,-,1000000000,0
0x00249ad0,0x004ba240,upstream,1,0
0x00249b90,0x004ba240,upstream,1,0
0x00249c50,0x004ba240,upstream,1,0
0x00249d10,0x004ba240,upstream,1,0
0x00249d80,,-,1000000000,0
0x00249f30,,-,1000000000,0
0x00249ff0,,-,1000000000,0
0x0024a330,0x004ba240,upstream,1,0
0x0024a3f0,0x004ba240,upstream,1,0
0x0024a4b0,0x004ba240,upstream,1,0
0x0024a570,0x004ba240,upstream,1,0
0x0024a5e0,,-,1000000000,0
0x0024a8e0,0x004ba240,upstream,1,0
0x0024a9a0,0x004ba240,upstream,1,0
0x0024aa10,,-,1000000000,0
0x0024ab90,,-,1000000000,0
0x0024ad80,,-,1000000000,0
0x0024afa0,,-,1000000000,0
0x0024b330,,-,1000000000,0
0x0024b880,0x004ba240,upstream,1,0
0x0024b940,0x004ba240,upstream,1,0
0x0024ba00,0x004ba240,upstream,1,0
0x0024bac0,0x004ba240,upstream,1,0
0x0024bb80,0x004ba240,upstream,1,0
0x0024bc40,0x004ba240,upstream,1,0
0x0024bcb0,,-,1000000000,0
0x0024bf90,,-,1000000000,0
0x0024c420,0x004ba240,upstream,1,0
0x0024c4e0,0x004ba240,upstream,1,0
0x0024c5a0,0x004ba240,upstream,1,0
0x0024c660,0x004ba240,upstream,1,0
0x0024d1b0,0x004ba240,upstream,1,0
0x0024d270,0x004ba240,upstream,1,0
0x0024d330,0x004ba240,upstream,1,0
0x0024d3f0,0x004ba240,upstream,1,0
0x0024d4b0,0x004ba240,upstream,1,0
0x0024d570,0x004ba240,upstream,1,0
0x0024d630,0x004ba240,upstream,1,0
0x0024d6a0,,-,1000000000,0
0x0024d820,,-,1000000000,0
0x0024db80,,-,1000000000,0
0x0024df90,0x004ba240,upstream,1,0
0x0024e050,0x004ba240,upstream,1,0
0x0024e110,0x004ba240,upstream,1,0
0x0024e1d0,0x004ba240,upstream,1,0
0x0024e240,0x0023c590,upstream,1,0
0x0024e2b0,0x0023c590,upstream,1,0
0x0024e310,0x00429068,upstream,1,0
0x0024e3a0,0x00428998,upstream,1,0
0x0024e6d0,0x00428f48,upstream,1,0
0x0024e810,,-,1000000000,0
0x0024e870,,-,1000000000,0
0x0024e910,,-,1000000000,0
0x0024e960,0x0023c590,upstream,2,0
0x0024eb20,,-,1000000000,0
0x0024eb80,,-,1000000000,0
0x0024eca0,,-,1000000000,0
0x0024ed10,0x0042f3a0,upstream,1,0
0x0024ee10,0x00428f48,upstream,1,0
0x0024ef20,0x0043fb68,upstream,3,0
0x0024ef70,0x004ba240,upstream,1,0
0x0024f3a0,0x0011b5d0,upstream,1,0
0x0024f430,,-,1000000000,0
0x0024f540,0x0011b5d0,upstream,1,0
0x0024f5d0,,-,1000000000,0
0x0024f6e0,,-,1000000000,0
0x0024ff60,0x0011b5d0,upstream,1,0
0x0024ffd0,,-,1000000000,0
0x002500e0,,-,1000000000,0
0x00250450,,-,1000000000,0
0x002508b0,,-,1000000000,0
0x00250d60,,-,1000000000,0
0x00251030,0x0011b5d0,upstream,1,0
0x002510a0,,-,1000000000,0
0x00251a10,0x0011b5d0,upstream,1,0
0x00251a80,,-,1000000000,0
0x002520c0,0x0011b5d0,upstream,1,0
0x002522e0,,-,1000000000,0
0x002523f0,0x0011b5d0,upstream,1,0
0x00252550,0x0011b5d0,upstream,1,0
0x002525c0,,-,1000000000,0
0x00252720,0x004ba240,upstream,1,0
0x00252810,0x004ba240,upstream,1,0
0x002528d0,0x004ba240,upstream,1,0
0x00252990,0x004ba240,upstream,1,0
0x00252a80,0x004ba240,upstream,1,0
0x00252b40,0x004ba240,upstream,1,0
0x00252c00,0x004ba240,upstream,1,0
0x00252cc0,0x004ba240,upstream,1,0
0x00252d80,0x004ba240,upstream,1,0
0x00252e40,0x004ba240,upstream,1,0
0x00252f30,0x004ba240,upstream,1,0
0x00252ff0,0x004ba240,upstream,1,0
0x002530b0,0x004ba240,upstream,1,0
0x00253170,0x004ba240,upstream,1,0
0x00253230,0x004ba240,upstream,1,0
0x002532f0,0x004ba240,upstream,1,0
0x002533b0,0x004ba240,upstream,1,0
0x00253470,0x004ba240,upstream,1,0
0x00253560,0x004ba240,upstream,1,0
0x00253620,0x004ba240,upstream,1,0
0x002536e0,0x004ba240,upstream,1,0
0x002537a0,0x004ba240,upstream,1,0
0x00253860,0x004ba240,upstream,1,0
0x00253920,0x004ba240,upstream,1,0
0x002539e0,0x004ba240,upstream,1,0
0x00253ad0,0x004ba240,upstream,1,0
0x00253b90,0x004ba240,upstream,1,0
0x00253c50,0x004ba240,upstream,1,0
0x00253d10,0x004ba240,upstream,1,0
0x00253dd0,0x004ba240,upstream,1,0
0x00253ec0,0x004ba240,upstream,1,0
0x00253f80,0x004ba240,upstream,1,0
0x00254070,0x004ba240,upstream,1,0
0x00254130,0x004ba240,upstream,1,0
0x002541f0,0x004ba240,upstream,1,0
0x00254260,0x004ba240,upstream,1,0
0x00254460,0x004ba240,upstream,1,0
0x00254660,0x004ba240,upstream,1,0
0x00254860,0x004ba240,upstream,1,0
0x00254a60,0x004ba240,upstream,1,0
0x00254c60,0x004ba240,upstream,1,0
0x00254e60,0x004ba240,upstream,1,0
0x00255290,,-,1000000000,0
0x00255710,0x0011b5d0,upstream,1,0
0x00255780,,-,1000000000,0
0x00255890,,-,1000000000,0
0x00255c00,,-,1000000000,0
0x00256080,,-,1000000000,0
0x002569c0,0x0011b5d0,upstream,1,0
0x00256a30,,-,1000000000,0
0x00256df0,0x0011b5d0,upstream,1,0
0x00256e60,,-,1000000000,0
0x00256f70,,-,1000000000,0
0x00257560,0x0011b5d0,upstream,1,0
0x00257620,,-,1000000000,0
0x00257730,,-,1000000000,0
0x00257840,0x0011b5d0,upstream,1,0
0x00257900,,-,1000000000,0
0x00257a10,,-,1000000000,0
0x00257b20,,-,1000000000,0
0x002581a0,0x0011b5d0,upstream,1,0
0x00258210,,-,1000000000,0
0x00258320,0x0011b5d0,upstream,1,0
0x00258390,,-,1000000000,0
0x002584f0,0x004ba240,upstream,1,0
0x002585b0,0x004ba240,upstream,1,0
0x00258670,0x004ba240,upstream,1,0
0x00258730,0x004ba240,upstream,1,0
0x002587f0,0x004ba240,upstream,1,0
0x002588b0,0x004ba240,upstream,1,0
0x00258970,0x004ba240,upstream,1,0
0x00258a30,0x004ba240,upstream,1,0
0x00258af0,0x004ba240,upstream,1,0
0x00258bb0,0x004ba240,upstream,1,0
0x00258c70,0x004ba240,upstream,1,0
0x00258d30,0x004ba240,upstream,1,0
0x00258df0,0x004ba240,upstream,1,0
0x00258eb0,0x004ba240,upstream,1,0
0x00258f70,0x004ba240,upstream,1,0
0x00259030,0x004ba240,upstream,1,0
0x002590f0,0x004ba240,upstream,1,0
0x002591b0,0x004ba240,upstream,1,0
0x00259270,0x004ba240,upstream,1,0
0x00259330,0x004ba240,upstream,1,0
0x002593f0,0x004ba240,upstream,1,0
0x002594b0,0x004ba240,upstream,1,0
0x00259570,0x004ba240,upstream,1,0
0x00259630,0x004ba240,upstream,1,0
0x002596f0,0x004ba240,upstream,1,0
0x002597b0,0x004ba240,upstream,1,0
0x00259820,0x004ba240,upstream,1,0
0x00259a20,0x004ba240,upstream,1,0
0x00259c20,0x004ba240,upstream,1,0
0x00259e20,0x004ba240,upstream,1,0
0x0025a020,0x004ba240,upstream,1,0
0x0025a220,0x004ba240,upstream,1,0
0x0025a420,0x004ba240,upstream,1,0
0x0025a620,0x004ba240,upstream,1,0
0x0025a820,0x004ba240,upstream,1,0
0x0025acf0,,-,1000000000,0
0x0025afc0,,-,1000000000,0
0x0025b770,0x0011b5d0,upstream,1,0
0x0025b7e0,,-,1000000000,0
0x0025bdb0,0x0011b5d0,upstream,1,0
0x0025be20,,-,1000000000,0
0x0025bf30,,-,1000000000,0
0x0025c390,0x0011b5d0,upstream,1,0
0x0025c400,,-,1000000000,0
0x0025c510,0x0011b5d0,upstream,1,0
0x0025c580,,-,1000000000,0
0x0025c6e0,0x004ba240,upstream,1,0
0x0025c7a0,0x004ba240,upstream,1,0
0x0025c860,0x004ba240,upstream,1,0
0x0025c920,0x004ba240,upstream,1,0
0x0025c9e0,0x004ba240,upstream,1,0
0x0025caa0,0x004ba240,upstream,1,0
0x0025cb60,0x004ba240,upstream,1,0
0x0025cc20,0x004ba240,upstream,1,0
0x0025cce0,0x004ba240,upstream,1,0
0x0025cda0,0x004ba240,upstream,1,0
0x0025ce60,0x004ba240,upstream,1,0
0x0025cf20,0x004ba240,upstream,1,0
0x0025cfe0,0x004ba240,upstream,1,0
0x0025d0a0,0x004ba240,upstream,1,0
0x0025d160,0x004ba240,upstream,1,0
0x0025d220,0x004ba240,upstream,1,0
0x0025d2e0,0x004ba240,upstream,1,0
0x0025d3a0,0x004ba240,upstream,1,0
0x0025d410,0x004ba240,upstream,1,0
0x0025d610,0x004ba240,upstream,1,0
0x0025d810,0x004ba240,upstream,1,0
0x0025da10,0x004ba240,upstream,1,0
0x0025df70,,-,1000000000,0
0x0025dfd0,0x004ba240,upstream,1,0
0x0025e020,,-,1000000000,0
0x0025e080,0x0043fb68,upstream,2,0
0x0025e0d0,,-,1000000000,0
0x0025e1a0,0x0043fb68,upstream,2,0
0x0025e2a0,,-,1000000000,0
0x0025e3a0,0x0043fb68,upstream,3,0
0x0025e4b0,0x0043fb68,upstream,2,0
0x0025e5c0,0x0043fb68,upstream,2,0
0x0025e760,0x0043fb68,upstream,2,0
0x0025e900,0x0043fb68,upstream,2,0
0x0025ea30,0x0043fb68,upstream,2,0
0x0025eb50,0x0043fb68,upstream,2,0
0x0025ec90,0x0043fb68,upstream,2,0
0x0025ee20,0x0043fb68,upstream,2,0
0x0025ef20,0x0043fb68,upstream,2,0
0x0025f050,0x0043fb68,upstream,2,0
0x0025f180,0x0043fb68,upstream,2,0
0x0025f350,0x0043fb68,upstream,2,0
0x0025f480,0x0043fb68,upstream,2,0
0x0025f5a0,0x0043fb68,upstream,2,0
0x0025f680,0x0043fb68,upstream,2,0
0x0025f7a0,0x0043fb68,upstream,2,0
0x00260340,,-,1000000000,0
0x002603e0,0x004ba240,upstream,1,0
0x00260540,,-,1000000000,0
0x00260680,,-,1000000000,0
0x00260690,,-,1000000000,0
0x002606a0,0x004ba240,upstream,1,0
0x00260740,,-,1000000000,0
0x00260860,,-,1000000000,0
0x00260910,,-,1000000000,0
0x00260980,,-,1000000000,0
0x00260a30,0x00511940,upstream,1,0
0x00260ae0,0x00511940,upstream,1,0
0x00260bc0,,-,1000000000,0
0x00260c20,,-,1000000000,0
0x00260c90,,-,1000000000,0
0x00260ce0,,-,1000000000,0
0x00260d40,0x00511940,upstream,2,0
0x00260d90,0x004ba240,upstream,1,0
0x00260df0,,-,1000000000,0
0x00260e50,,-,1000000000,0
0x00260ed0,0x00511940,upstream,3,0
0x00260f10,0x004ba240,upstream,1,0
0x00260f70,,-,1000000000,0
0x00261000,0x00511940,upstream,2,0
0x00261090,0x004ba240,upstream,1,0
0x00261130,0x00428998,upstream,2,0
0x002613a0,0x004ba240,upstream,2,0
0x00261450,0x004ba240,upstream,3,0
0x002614a0,0x004ba240,upstream,4,0
0x002615e0,,-,1000000000,0
0x002615f0,,-,1000000000,0
0x00261640,,-,1000000000,0
0x002617e0,,-,1000000000,0
0x002617f0,,-,1000000000,0
0x00261800,,-,1000000000,0
0x00261810,,-,1000000000,0
0x00261820,,-,1000000000,0
0x00261890,,-,1000000000,0
0x002618a0,,-,1000000000,1
0x002618b0,,-,1000000000,0
0x002618c0,,-,1000000000,0
0x002618d0,,-,1000000000,0
0x00261950,,-,1000000000,0
0x00261960,,-,1000000000,0
0x00261970,,-,1000000000,0
0x00261980,,-,1000000000,0
0x00261990,,-,1000000000,0
0x002619a0,0x004ba240,upstream,1,0
0x002619f0,,-,1000000000,0
0x00261a00,,-,1000000000,0
0x00261a10,,-,1000000000,0
0x00261a90,,-,1000000000,0
0x00261b00,,-,1000000000,0
0x00261c60,0x004ba240,upstream,1,0
0x00261cb0,,-,1000000000,0
0x00261cc0,,-,1000000000,0
0x00261cd0,,-,1000000000,0
0x00261d40,0x004ba240,upstream,1,0
0x00261d90,,-,1000000000,0
0x00261ed0,,-,1000000000,0
0x00262030,,-,1000000000,0
0x00262040,,-,1000000000,0
0x00262090,,-,1000000000,0
0x00262130,,-,1000000000,0
0x00262140,,-,1000000000,0
0x002621d0,0x0011b5d0,upstream,1,0
0x00262460,0x004ba240,upstream,1,0
0x002624b0,,-,1000000000,0
0x002625e0,0x00428998,upstream,1,0
0x002628a0,0x0011b5d0,upstream,1,0
0x00262910,,-,1000000000,0
0x00262a30,0x004ba240,upstream,1,0
0x00262b60,0x004ba240,upstream,1,0
0x00262bd0,0x004ba240,upstream,1,0
0x00262cc0,,-,1000000000,0
0x00262ce0,,-,1000000000,0
0x00262da0,0x004ba240,upstream,1,0
0x00262f60,0x004ba240,upstream,1,0
0x00263050,0x004ba240,upstream,1,0
0x002630a0,,-,1000000000,0
0x002630c0,,-,1000000000,0
0x002630d0,,-,1000000000,0
0x00263190,,-,1000000000,0
0x002631a0,0x00428998,upstream,1,0
0x00263320,0x00428998,upstream,2,0
0x00263490,0x004287e0,upstream,4,0
0x00263620,,-,1000000000,0
0x00263650,0x004ba240,upstream,2,0
0x002638a0,,-,1000000000,0
0x00263a10,,-,1000000000,0
0x00263a90,0x004ba240,upstream,3,0
0x00263d50,0x004287e0,upstream,2,0
0x00263fe0,0x004287e0,upstream,1,0
0x00264080,,-,1000000000,0
0x00264150,,-,1000000000,0
0x002642b0,,-,1000000000,0
0x00264470,,-,1000000000,0
0x002644a0,,-,1000000000,0
0x00264530,,-,1000000000,0
0x00264690,,-,1000000000,0
0x002648c0,,-,1000000000,0
0x002649f0,0x004ba240,upstream,2,0
0x00264bf0,,-,1000000000,0
0x00264c00,,-,1000000000,0
0x00264c10,,-,1000000000,0
0x00264d60,,-,1000000000,0
0x00264e80,,-,1000000000,0
0x00264f30,0x004ba240,upstream,1,0
0x00265000,0x004287e0,upstream,2,0
0x00265170,,-,1000000000,0
0x00265190,0x004287e0,upstream,1,0
0x00265260,,-,1000000000,0
0x002652a0,0x004287e0,upstream,2,0
0x00265430,0x004287e0,upstream,2,0
0x00265570,0x004287e0,upstream,2,0
0x002656b0,0x004287e0,upstream,1,0
0x002657a0,0x003fad18,upstream,2,0
0x00265840,0x003fad18,upstream,2,0
0x00265920,,-,1000000000,0
0x00265970,0x00428998,upstream,1,0
0x00265be0,0x004ba240,upstream,1,0
0x00265d50,0x004287e0,upstream,4,0
0x00265de0,,-,1000000000,0
0x00265f50,,-,1000000000,0
0x00266070,0x004287e0,upstream,3,0
0x00266350,,-,1000000000,0
0x002663c0,0x00428998,upstream,1,0
0x002665b0,,-,1000000000,0
0x002666d0,0x004ba240,upstream,1,0
0x002667c0,0x004ba240,upstream,1,0
0x002668b0,,-,1000000000,0
0x002668d0,,-,1000000000,0
0x00266990,,-,1000000000,0
0x00266c60,0x004287e0,upstream,3,0
0x00266e00,,-,1000000000,0
0x00267000,,-,1000000000,0
0x00267080,,-,1000000000,0
0x00267130,,-,1000000000,0
0x00267230,0x004287e0,upstream,5,0
0x002672f0,0x004287e0,upstream,3,0
0x00267330,0x004287e0,upstream,5,0
0x00267390,0x004287e0,upstream,5,0
0x00267550,0x004287e0,upstream,4,0
0x002676f0,0x004287e0,upstream,3,0
0x00267870,0x00428998,upstream,3,0
0x00267a30,0x004287e0,upstream,1,0
0x00267d40,0x004ba240,upstream,1,0
0x00267f60,,-,1000000000,0
0x00267fe0,0x004ba240,upstream,3,0
0x00268350,0x004ba240,upstream,2,0
0x002685e0,,-,1000000000,0
0x00268700,,-,1000000000,0
0x00268850,0x00428998,upstream,2,0
0x00268ca0,0x004ba240,upstream,3,0
0x00268de0,,-,1000000000,0
0x002690c0,,-,1000000000,0
0x002692d0,,-,1000000000,0
0x00269370,,-,1000000000,0
0x002694b0,,-,1000000000,0
0x00269670,0x004ba240,upstream,2,0
0x00269780,,-,1000000000,0
0x00269790,,-,1000000000,0
0x002697a0,,-,1000000000,0
0x002699c0,,-,1000000000,0
0x00269b10,0x004ba240,upstream,2,0
0x00269d20,0x004ba240,upstream,2,0
0x00269ea0,,-,1000000000,0
0x00269f30,,-,1000000000,0
0x0026a000,0x00511940,upstream,1,0
0x0026a1f0,0x004ba240,upstream,1,0
0x0026a280,,-,1000000000,0
0x0026a340,0x00428998,upstream,1,0
0x0026a540,0x0011b5d0,upstream,1,0
0x0026a5a0,,-,1000000000,0
0x0026a6c0,0x004ba240,upstream,1,0
0x0026a730,0x004ba240,upstream,1,0
0x0026a820,0x004ba240,upstream,1,0
0x0026a870,,-,1000000000,0
0x0026a890,,-,1000000000,0
0x0026a8a0,,-,1000000000,0
0x0026a960,,-,1000000000,0
0x0026a970,,-,1000000000,0
0x0026a9e0,0x004ba240,upstream,2,0
0x0026aad0,,-,1000000000,0
0x0026aae0,,-,1000000000,0
0x0026aaf0,,-,1000000000,0
0x0026abb0,0x00428998,upstream,1,0
0x0026ad10,0x004ba240,upstream,1,0
0x0026ae50,0x004287e0,upstream,1,0
0x0026b160,0x004287e0,upstream,2,0
0x0026b1d0,0x004287e0,upstream,1,0
0x0026b510,,-,1000000000,0
0x0026b560,0x004ba240,upstream,1,0
0x0026b5b0,,-,1000000000,0
0x0026b610,,-,1000000000,0
0x0026b620,,-,1000000000,0
0x0026b6e0,0x004287e0,upstream,2,0
0x0026b780,,-,1000000000,0
0x0026b860,,-,1000000000,0
0x0026b930,,-,1000000000,0
0x0026b9d0,,-,1000000000,0
0x0026bc50,,-,1000000000,0
0x0026bca0,,-,1000000000,0
0x0026bd90,,-,1000000000,0
0x0026be10,0x004287e0,upstream,2,0
0x0026beb0,0x004ba240,upstream,1,0
0x0026bf00,,-,1000000000,0
0x0026bf10,,-,1000000000,0
0x0026bf90,,-,1000000000,0
0x0026c040,,-,1000000000,0
0x0026c0d0,,-,1000000000,0
0x0026c150,,-,1000000000,0
0x0026c170,,-,1000000000,0
0x0026c1a0,,-,1000000000,0
0x0026c1c0,0x004ba240,upstream,1,0
0x0026c210,0x004287e0,upstream,2,0
0x0026c790,,-,1000000000,0
0x0026c890,,-,1000000000,0
0x0026c8d0,,-,1000000000,0
0x0026ca00,0x004287e0,upstream,1,0
0x0026cb30,0x004287e0,upstream,1,0
0x0026cd30,,-,1000000000,0
0x0026cd50,0x004ba240,upstream,1,0
0x0026cdb0,,-,1000000000,0
0x0026ce00,,-,1000000000,0
0x0026cf20,,-,1000000000,0
0x0026cfa0,,-,1000000000,0
0x0026d0b0,,-,1000000000,0
0x0026d190,,-,1000000000,0
0x0026d1a0,,-,1000000000,0
0x0026d230,0x0026d230,upstream,0,1
0x0026d2b0,,-,1000000000,0
0x0026d320,,-,1000000000,1
0x0026d3e0,,-,1000000000,1
0x0026d4a0,0x004287e0,upstream,1,1
0x0026d6f0,0x004287e0,upstream,1,1
0x0026d960,,-,1000000000,0
0x0026daf0,0x004287e0,upstream,1,1
0x0026ddc0,0x0042f3a0,upstream,1,0
0x0026e060,,-,1000000000,1
0x0026e1a0,,-,1000000000,0
0x0026e2e0,,-,1000000000,0
0x0026e420,,-,1000000000,0
0x0026e560,,-,1000000000,0
0x0026e6f0,0x004ba240,upstream,1,0
0x0026e750,0x00429068,upstream,1,0
0x0026e800,0x00429068,upstream,1,0
0x0026e8d0,,-,1000000000,0
0x0026e930,0x004287e0,upstream,1,0
0x0026ea70,0x005118a0,upstream,1,0
0x0026eb30,0x0051e5a0,upstream,1,0
0x0026ebc0,0x0051e5a0,upstream,1,0
0x0026ecc0,,-,1000000000,0
0x0026edc0,0x00510a20,upstream,1,0
0x0026ee40,,-,1000000000,0
0x0026eea0,,-,1000000000,0
0x0026ef10,,-,1000000000,0
0x0026ef40,0x0042f3a0,upstream,2,0
0x0026f0a0,0x0051e5a0,upstream,2,0
0x0026f370,,-,1000000000,0
0x0026f540,0x00511940,upstream,1,0
0x0026f5c0,0x0051e5a0,upstream,1,0
0x0026f6e0,0x00511940,upstream,1,0
0x0026f760,0x0051e5a0,upstream,1,0
0x0026f8d0,,-,1000000000,0
0x0026f910,0x0050f930,upstream,1,0
0x0026f950,0x005118a0,upstream,1,0
0x0026fa50,,-,1000000000,0
0x0026fb60,0x00510a20,upstream,1,0
0x0026fbb0,0x00510320,upstream,1,0
0x0026fd50,0x00429068,upstream,2,0
0x0026fda0,,-,1000000000,0
0x0026fe20,0x0051e5a0,upstream,1,0
0x0026fee0,0x00429068,upstream,1,0
0x0026ff50,,-,1000000000,0
0x0026ff80,,-,1000000000,0
0x0026ffb0,0x00512ee0,upstream,1,0
0x00270040,0x004f2210,upstream,1,0
0x00270490,,-,1000000000,0
0x002704c0,0x005118a0,upstream,1,0
0x00270530,,-,1000000000,0
0x00270630,0x00510a20,upstream,1,0
0x00270690,0x005118a0,upstream,1,0
0x00270760,0x00511940,upstream,1,0
0x002707e0,,-,1000000000,0
0x002708f0,0x00510a20,upstream,1,0
0x00270950,0x00510320,upstream,1,0
0x00270b20,,-,1000000000,0
0x00270be0,0x005118a0,upstream,1,0
0x00270c50,,-,1000000000,0
0x00270d50,0x00510a20,upstream,1,0
0x00270da0,0x00511940,upstream,1,0
0x00270eb0,,-,1000000000,0
0x00270fc0,0x00510a20,upstream,1,0
0x00271020,0x00510320,upstream,1,0
0x00271140,0x0058a7a0,upstream,1,0
0x00271220,0x00511940,upstream,1,0
0x002712a0,0x00511940,upstream,1,0
0x00271320,0x00511940,upstream,1,0
0x00271480,0x00511940,upstream,1,0
0x00271500,0x00511940,upstream,1,0
0x00271580,0x00511940,upstream,1,0
0x00271760,,-,1000000000,0
0x00271860,0x00510a20,upstream,1,0
0x002718c0,0x00510320,upstream,1,0
0x00271960,0x005118a0,upstream,1,0
0x002719d0,,-,1000000000,0
0x00271ad0,0x00510a20,upstream,1,0
0x00271b20,0x005118a0,upstream,1,0
0x00271b90,,-,1000000000,0
0x00271c90,0x00510a20,upstream,1,0
0x00271ce0,0x0050f930,upstream,1,0
0x00271d20,0x005118a0,upstream,1,0
0x00271e30,0x00511940,upstream,1,0
0x00271eb0,0x00511940,upstream,1,0
0x00271f30,,-,1000000000,0
0x00272040,0x00510a20,upstream,1,0
0x00272090,0x00510320,upstream,1,0
0x00272220,0x00511940,upstream,1,0
0x002722e0,0x0058a7a0,upstream,1,0
0x00272460,,-,1000000000,0
0x00272480,,-,1000000000,0
0x00272490,,-,1000000000,0
0x002724a0,,-,1000000000,0
0x002724c0,,-,1000000000,0
0x002724d0,,-,1000000000,0
0x00272560,,-,1000000000,0
0x00272570,,-,1000000000,0
0x00272600,,-,1000000000,0
0x00272620,,-,1000000000,0
0x00272630,0x005118a0,upstream,1,0
0x002726a0,,-,1000000000,0
0x002727a0,0x00510a20,upstream,1,0
0x002727f0,0x0050f930,upstream,1,0
0x00272830,0x0058a7a0,upstream,1,0
0x002728a0,,-,1000000000,0
0x002729a0,0x00510a20,upstream,1,0
0x00272a00,0x00510320,upstream,1,0
0x00272aa0,0x005118a0,upstream,1,0
0x00272b10,,-,1000000000,0
0x00272c10,0x00510a20,upstream,1,0
0x00272c60,0x0050e310,upstream,1,0
0x00272cc0,0x0050f930,upstream,1,0
0x00272d00,0x0058a7a0,upstream,1,0
0x00272e20,0x00511940,upstream,1,0
0x00272ea0,0x00511940,upstream,1,0
0x00272f20,0x00511940,upstream,1,0
0x00272fa0,,-,1000000000,0
0x002730b0,0x00510320,upstream,1,0
0x00273360,0x00511940,upstream,1,0
0x00273410,0x0058a7a0,upstream,1,0
0x002734f0,,-,1000000000,0
0x00273500,0x0050f930,upstream,1,0
0x00273540,0x005118a0,upstream,1,0
0x00273630,0x00511940,upstream,1,0
0x002736b0,,-,1000000000,0
0x002737c0,0x00510a20,upstream,1,0
0x00273810,0x00510320,upstream,1,0
0x00273930,0x00511940,upstream,1,0
0x002739e0,0x0058a7a0,upstream,2,0
0x00273b00,0x0058a7a0,upstream,1,0
0x00273d60,,-,1000000000,0
0x00273d70,0x0050f930,upstream,1,0
0x00273db0,0x005118a0,upstream,1,0
0x00273e90,0x00511940,upstream,1,0
0x00273f10,,-,1000000000,0
0x00274020,0x00510a20,upstream,1,0
0x00274070,0x00510320,upstream,1,0
0x00274140,0x00511940,upstream,1,0
0x002741f0,0x0058a7a0,upstream,3,0
0x00274290,0x005118a0,upstream,1,0
0x00274300,,-,1000000000,0
0x00274400,0x00510a20,upstream,1,0
0x00274450,0x00511940,upstream,1,0
0x00274560,0x00511940,upstream,1,0
0x002745e0,,-,1000000000,0
0x002746f0,0x00510a20,upstream,1,0
0x00274740,0x00510320,upstream,1,0
0x00274860,0x005118a0,upstream,1,0
0x002748d0,,-,1000000000,0
0x002749d0,0x00510a20,upstream,1,0
0x00274a20,0x005118a0,upstream,1,0
0x00274af0,0x00511940,upstream,1,0
0x00274b70,0x00511940,upstream,1,0
0x00274bf0,0x0051e5a0,upstream,1,0
0x00274cd0,0x0051e5a0,upstream,1,0
0x00274e80,,-,1000000000,0
0x00274f80,0x00510a20,upstream,1,0
0x00274fe0,0x00510320,upstream,1,0
0x00275070,0x005118a0,upstream,1,0
0x00275170,0x0051e5a0,upstream,1,0
0x00275210,0x00511940,upstream,1,0
0x00275290,0x00511940,upstream,1,0
0x00275310,0x00511940,upstream,1,0
0x00275390,0x00511940,upstream,1,0
0x00275410,,-,1000000000,0
0x00275520,0x00510a20,upstream,1,0
0x00275580,0x00510320,upstream,1,0
0x002757b0,0x005118a0,upstream,1,0
0x002758b0,0x00511940,upstream,1,0
0x00275930,0x00511940,upstream,1,0
0x002759b0,0x00511940,upstream,1,0
0x00275a30,0x00511940,upstream,1,0
0x00275ab0,0x00511940,upstream,1,0
0x00275b30,,-,1000000000,0
0x00275c40,0x00510a20,upstream,1,0
0x00275c90,0x00510320,upstream,1,0
0x00275f20,0x005118a0,upstream,1,0
0x00275f90,,-,1000000000,0
0x00276090,0x00510a20,upstream,1,0
0x002760e0,0x005118a0,upstream,1,0
0x00276240,0x00511940,upstream,1,0
0x002762c0,0x00511940,upstream,1,0
0x00276340,0x00511940,upstream,1,0
0x002763c0,0x00511940,upstream,1,0
0x00276440,,-,1000000000,0
0x00276550,0x00510a20,upstream,1,0
0x002765a0,0x00510320,upstream,1,0
0x00276980,0x00511940,upstream,3,0
0x00276bf0,0x001071e0,upstream,1,0
0x00276c80,,-,1000000000,0
0x00276d00,,-,1000000000,0
0x00276d50,,-,1000000000,0
0x00276e00,,-,1000000000,0
0x00277020,,-,1000000000,0
0x00277130,0x00512ee0,upstream,1,0
0x002772d0,0x0051e5a0,upstream,1,0
0x00277580,,-,1000000000,0
0x00277620,0x00512ee0,upstream,1,0
0x00277910,0x0058a7a0,upstream,1,0
0x00278050,0x00513f30,upstream,1,0
0x00278420,,-,1000000000,0
0x00278440,0x0058a7a0,upstream,1,0
0x00278830,,-,1000000000,0
0x00278840,0x005c0d40,upstream,1,0
0x00278a30,,-,1000000000,0
0x00278a50,0x00511940,upstream,1,0
0x00278b10,,-,1000000000,0
0x00278b20,,-,1000000000,0
0x00278b30,0x0050f930,upstream,2,0
0x00278b60,,-,1000000000,0
0x00278b70,0x00511940,upstream,1,0
0x00278c30,0x00513210,upstream,1,0
0x00278da0,,-,1000000000,0
0x00278db0,0x00511940,upstream,1,0
0x00279070,0x00512ee0,upstream,2,0
0x002792c0,,-,1000000000,0
0x00279340,,-,1000000000,0
0x002793a0,0x00512ee0,upstream,1,0
0x002793f0,,-,1000000000,0
0x00279400,,-,1000000000,0
0x00279420,,-,1000000000,0
0x00279430,0x00512ee0,upstream,2,0
0x00279900,0x00513f30,upstream,4,0
0x00279930,,-,1000000000,0
0x00279940,,-,1000000000,0
0x00279990,,-,1000000000,0
0x002799b0,,-,1000000000,0
0x002799c0,,-,1000000000,0
0x002799d0,,-,1000000000,0
0x002799f0,,-,1000000000,0
0x00279ab0,0x004f2210,upstream,1,0
0x00279c10,0x00512ee0,upstream,1,0
0x00279da0,0x00512ee0,upstream,2,0
0x0027a040,,-,1000000000,0
0x0027a090,,-,1000000000,0
0x0027a250,,-,1000000000,0
0x0027a460,0x0058a7a0,upstream,1,0
0x0027b070,0x004f2210,upstream,1,0
0x0027b0f0,0x0058a7a0,upstream,2,0
0x0027b440,,-,1000000000,0
0x0027bcb0,0x001071e0,upstream,1,0
0x0027bd30,,-,1000000000,0
0x0027be00,0x00511940,upstream,1,0
0x0027be70,0x00511940,upstream,1,0
0x0027bee0,,-,1000000000,0
0x0027bfa0,0x004f2210,upstream,1,0
0x0027c440,,-,1000000000,0
0x0027c640,0x00511940,upstream,1,0
0x0027c710,,-,1000000000,0
0x0027c820,0x00510a20,upstream,1,0
0x0027c870,0x00510320,upstream,1,0
0x0027c940,0x0051e5a0,upstream,1,0
0x0027ca00,,-,1000000000,0
0x0027cb00,0x00510a20,upstream,1,0
0x0027cb50,0x00510320,upstream,1,0
0x0027cbc0,0x00511940,upstream,1,0
0x0027cc90,,-,1000000000,0
0x0027cda0,0x00510a20,upstream,1,0
0x0027cdf0,0x00510320,upstream,1,0
0x0027cec0,0x005118a0,upstream,1,0
0x0027cf30,,-,1000000000,0
0x0027d040,0x00510a20,upstream,1,0
0x0027d090,0x00512e00,upstream,1,0
0x0027d180,0x00511940,upstream,1,0
0x0027d250,,-,1000000000,0
0x0027d360,0x00510a20,upstream,1,0
0x0027d3b0,0x00510320,upstream,1,0
0x0027d4a0,0x00511940,upstream,1,0
0x0027d570,,-,1000000000,0
0x0027d680,0x00510a20,upstream,1,0
0x0027d6d0,0x00510320,upstream,1,0
0x0027d7a0,0x005118a0,upstream,1,0
0x0027d810,,-,1000000000,0
0x0027d910,0x00510a20,upstream,1,0
0x0027d970,0x00512e00,upstream,1,0
0x0027da60,0x0051e5a0,upstream,1,0
0x0027db90,0x00511940,upstream,1,0
0x0027dc10,,-,1000000000,0
0x0027dd10,0x00510a20,upstream,1,0
0x0027dd70,0x0050f930,upstream,1,0
0x0027e210,0x005118a0,upstream,1,0
0x0027e280,,-,1000000000,0
0x0027e390,0x00510a20,upstream,1,0
0x0027e3e0,0x00512e00,upstream,1,0
0x0027e520,0x00511940,upstream,1,0
0x0027e5f0,,-,1000000000,0
0x0027e700,0x00510a20,upstream,1,0
0x0027e750,0x00510320,upstream,1,0
0x0027e820,0x005118a0,upstream,1,0
0x0027e890,,-,1000000000,0
0x0027e990,0x00510a20,upstream,1,0
0x0027e9e0,0x00512e00,upstream,1,0
0x0027ead0,0x0051e5a0,upstream,1,0
0x0027ec00,,-,1000000000,0
0x0027ed00,0x00510a20,upstream,1,0
0x0027ed50,0x0050f930,upstream,1,0
0x0027f3d0,0x00511940,upstream,1,0
0x0027f4a0,,-,1000000000,0
0x0027f5b0,0x00510a20,upstream,1,0
0x0027f600,0x00510320,upstream,1,0
0x0027f6d0,0x005118a0,upstream,1,0
0x0027f7b0,0x00511940,upstream,1,0
0x0027f830,0x00511940,upstream,1,0
0x0027f8b0,0x00511940,upstream,1,0
0x0027f930,0x00511940,upstream,1,0
0x0027f9b0,,-,1000000000,0
0x0027fac0,0x00510a20,upstream,1,0
0x0027fb10,0x00510320,upstream,1,0
0x0027fd20,0x005118a0,upstream,1,0
0x0027fd90,,-,1000000000,0
0x0027fea0,0x00510a20,upstream,1,0
0x0027fef0,0x00512e00,upstream,1,0
0x0027ffe0,0x0051e5a0,upstream,1,0
0x002800c0,,-,1000000000,0
0x002801c0,0x00510a20,upstream,1,0
0x00280220,0x00510320,upstream,1,0
0x00280290,0x005118a0,upstream,1,0
0x00280300,,-,1000000000,0
0x00280410,0x00510a20,upstream,1,0
0x00280460,0x00512e00,upstream,1,0
0x00280550,0x0051e5a0,upstream,1,0
0x00280670,,-,1000000000,0
0x00280780,0x00510a20,upstream,1,0
0x002807d0,0x00510320,upstream,1,0
0x002808a0,0x005118a0,upstream,1,0
0x00280910,,-,1000000000,0
0x00280a20,0x00510a20,upstream,1,0
0x00280a70,0x00512e00,upstream,1,0
0x00280b60,0x0051e5a0,upstream,1,0
0x00280c40,,-,1000000000,0
0x00280d40,0x00510a20,upstream,1,0
0x00280d90,0x00510320,upstream,1,0
0x00280e00,0x005118a0,upstream,1,0
0x00280e70,,-,1000000000,0
0x00280f80,0x00510a20,upstream,1,0
0x00280fd0,0x00512e00,upstream,1,0
0x002810c0,0x0051e5a0,upstream,1,0
0x002811a0,,-,1000000000,0
0x002812a0,0x00510a20,upstream,1,0
0x002812f0,0x00510320,upstream,1,0
0x00281360,0x00511940,upstream,1,0
0x00281430,,-,1000000000,0
0x00281540,0x00510a20,upstream,1,0
0x00281590,0x00510320,upstream,1,0
0x00281660,0x00511940,upstream,1,0
0x00281730,,-,1000000000,0
0x00281840,0x00510a20,upstream,1,0
0x00281890,0x00510320,upstream,1,0
0x00281960,0x0050e310,upstream,1,0
0x002819c0,0x00511940,upstream,1,0
0x00281a90,,-,1000000000,0
0x00281ba0,0x00510a20,upstream,1,0
0x00281bf0,0x00510320,upstream,1,0
0x00281ce0,0x005118a0,upstream,1,0
0x00281d50,,-,1000000000,0
0x00281e50,0x00510a20,upstream,1,0
0x00281ea0,0x00512e00,upstream,1,0
0x00281f90,0x0051e5a0,upstream,1,0
0x002820c0,,-,1000000000,0
0x002821c0,0x00510a20,upstream,1,0
0x00282210,0x0050f930,upstream,1,0
0x002824d0,0x00511940,upstream,1,0
0x002825e0,,-,1000000000,0
0x002826f0,0x00510a20,upstream,1,0
0x00282740,0x00510320,upstream,1,0
0x00282860,0x005118a0,upstream,1,0
0x002828d0,,-,1000000000,0
0x002829d0,0x00510a20,upstream,1,0
0x00282a20,0x00512e00,upstream,1,0
0x00282b10,0x0051e5a0,upstream,1,0
0x00282c40,,-,1000000000,0
0x00282d40,0x00510a20,upstream,1,0
0x00282d90,0x0050f930,upstream,1,0
0x00283140,0x005118a0,upstream,1,0
0x002831b0,,-,1000000000,0
0x002832b0,0x00510a20,upstream,1,0
0x00283300,0x00512e00,upstream,1,0
0x002833f0,0x0051e5a0,upstream,1,0
0x00283520,,-,1000000000,0
0x00283620,0x00510a20,upstream,1,0
0x00283670,0x0050f930,upstream,1,0
0x00283930,0x005118a0,upstream,1,0
0x002839a0,,-,1000000000,0
0x00283aa0,0x00510a20,upstream,1,0
0x00283af0,0x00510320,upstream,1,0
0x00283b60,0x00511940,upstream,1,0
0x00283c70,,-,1000000000,0
0x00283d80,0x00510a20,upstream,1,0
0x00283dd0,0x00510320,upstream,1,0
0x00283ef0,0x00511940,upstream,1,0
0x00284040,,-,1000000000,0
0x00284150,0x00510a20,upstream,1,0
0x002841a0,0x00510320,upstream,1,0
0x00284310,0x00511940,upstream,1,0
0x002843e0,,-,1000000000,0
0x002844f0,0x00510a20,upstream,1,0
0x00284540,0x00510320,upstream,1,0
0x00284610,0x005118a0,upstream,1,0
0x00284680,,-,1000000000,0
0x00284780,0x00510a20,upstream,1,0
0x002847d0,0x00512e00,upstream,1,0
0x002848c0,0x0051e5a0,upstream,1,0
0x002849f0,,-,1000000000,0
0x00284af0,0x00510a20,upstream,1,0
0x00284b40,0x0050f930,upstream,1,0
0x00284fe0,0x005118a0,upstream,1,0
0x002850a0,0x00511940,upstream,1,0
0x00285130,,-,1000000000,0
0x00285240,0x00510a20,upstream,1,0
0x00285290,0x00510320,upstream,1,0
0x00285370,0x005118a0,upstream,1,0
0x002853e0,,-,1000000000,0
0x002854e0,0x00510a20,upstream,1,0
0x00285530,0x00512e00,upstream,1,0
0x00285620,0x0051e5a0,upstream,1,0
0x00285750,,-,1000000000,0
0x00285850,0x00510a20,upstream,1,0
0x002858a0,0x0050f930,upstream,1,0
0x00285b60,0x0050f930,upstream,1,0
0x00285ba0,0x00511940,upstream,1,0
0x00285c70,,-,1000000000,0
0x00285d80,0x00510a20,upstream,1,0
0x00285dd0,0x00510320,upstream,1,0
0x00285ea0,0x005118a0,upstream,1,0
0x00285f10,,-,1000000000,0
0x00286010,0x00510a20,upstream,1,0
0x00286060,0x00512e00,upstream,1,0
0x00286150,0x0051e5a0,upstream,1,0
0x00286280,,-,1000000000,0
0x00286380,0x00510a20,upstream,1,0
0x002863d0,0x0050f930,upstream,1,0
0x00286780,0x0050f930,upstream,1,0
0x002867c0,0x00511940,upstream,1,0
0x00286890,,-,1000000000,0
0x002869a0,0x00510a20,upstream,1,0
0x002869f0,0x00510320,upstream,1,0
0x00286ac0,0x005118a0,upstream,1,0
0x00286b30,,-,1000000000,0
0x00286c30,0x00510a20,upstream,1,0
0x00286c80,0x00512e00,upstream,1,0
0x00286d70,0x0051e5a0,upstream,1,0
0x00286ea0,,-,1000000000,0
0x00286fa0,0x00510a20,upstream,1,0
0x00286ff0,0x0050f930,upstream,1,0
0x002873b0,0x0050f930,upstream,1,0
0x002873f0,0x00511940,upstream,1,0
0x002874c0,,-,1000000000,0
0x002875d0,0x00510a20,upstream,1,0
0x00287620,0x00510320,upstream,1,0
0x002876f0,0x005118a0,upstream,1,0
0x00287760,,-,1000000000,0
0x00287860,0x00510a20,upstream,1,0
0x002878b0,0x00512e00,upstream,1,0
0x002879a0,0x0051e5a0,upstream,1,0
0x00287ad0,,-,1000000000,0
0x00287bd0,0x00510a20,upstream,1,0
0x00287c20,0x0050f930,upstream,1,0
0x00287fd0,0x0050f930,upstream,1,0
0x00288010,0x00511940,upstream,1,0
0x002880e0,,-,1000000000,0
0x002881f0,0x00510a20,upstream,1,0
0x00288240,0x00510320,upstream,1,0
0x00288310,0x00511940,upstream,1,0
0x002883e0,,-,1000000000,0
0x002884f0,0x00510a20,upstream,1,0
0x00288540,0x00510320,upstream,1,0
0x00288610,0x005118a0,upstream,1,0
0x00288680,,-,1000000000,0
0x00288780,0x00510a20,upstream,1,0
0x002887d0,0x00512e00,upstream,1,0
0x002888c0,0x0051e5a0,upstream,1,0
0x002889f0,,-,1000000000,0
0x00288af0,0x00510a20,upstream,1,0
0x00288b40,0x0050f930,upstream,1,0
0x002892b0,0x00511940,upstream,1,0
0x00289380,,-,1000000000,0
0x00289490,0x00510a20,upstream,1,0
0x002894e0,0x00510320,upstream,1,0
0x002895b0,0x005118a0,upstream,1,0
0x00289620,,-,1000000000,0
0x00289720,0x00510a20,upstream,1,0
0x00289770,0x00512e00,upstream,1,0
0x00289860,0x0051e5a0,upstream,1,0
0x00289990,,-,1000000000,0
0x00289a90,0x00510a20,upstream,1,0
0x00289ae0,0x0050f930,upstream,1,0
0x00289e90,0x00511940,upstream,1,0
0x00289f60,,-,1000000000,0
0x0028a060,0x00510a20,upstream,1,0
0x0028a0b0,0x00510320,upstream,1,0
0x0028a140,0x00511940,upstream,1,0
0x0028a210,,-,1000000000,0
0x0028a320,0x00510a20,upstream,1,0
0x0028a370,0x00510320,upstream,1,0
0x0028a440,0x0051e5a0,upstream,1,0
0x0028a570,,-,1000000000,0
0x0028a680,0x00510a20,upstream,1,0
0x0028a6d0,0x00510320,upstream,1,0
0x0028ace0,0x004f2100,upstream,1,0
0x0028ad20,0x004f2100,upstream,1,0
0x0028ad60,0x004f2100,upstream,1,0
0x0028ada0,0x004f2100,upstream,1,0
0x0028ade0,0x004f2100,upstream,1,0
0x0028ae20,0x004f2100,upstream,1,0
0x0028ae60,0x004f2100,upstream,1,0
0x0028aea0,0x004f2100,upstream,1,0
0x0028aee0,0x004f2100,upstream,1,0
0x0028af20,0x004f2100,upstream,1,0
0x0028af60,0x004f2100,upstream,1,0
0x0028afa0,0x004f2100,upstream,1,0
0x0028afe0,0x00512ee0,upstream,1,1
0x0028b100,0x00512ee0,upstream,1,0
0x0028b2d0,,-,1000000000,0
0x0028b320,,-,1000000000,0
0x0028b3f0,,-,1000000000,0
0x0028b600,,-,1000000000,0
0x0028b900,,-,1000000000,0
0x0028b950,,-,1000000000,0
0x0028bb10,,-,1000000000,0
0x0028bc00,,-,1000000000,0
0x0028bcb0,,-,1000000000,0
0x0028bd40,,-,1000000000,0
0x0028bdd0,,-,1000000000,0
0x0028c110,,-,1000000000,0
0x0028c230,,-,1000000000,0
0x0028c580,,-,1000000000,0
0x0028c6d0,,-,1000000000,0
0x0028c6f0,,-,1000000000,0
0x0028c740,,-,1000000000,0
0x0028c790,,-,1000000000,0
0x0028c8c0,0x005c0d40,upstream,1,0
0x0028c960,0x0050f930,upstream,1,0
0x0028c9a0,0x00511940,upstream,1,0
0x0028ca70,,-,1000000000,0
0x0028cb80,0x00510a20,upstream,1,0
0x0028cbe0,0x00510320,upstream,1,0
0x0028ccb0,0x0050f930,upstream,1,0
0x0028ccf0,0x0058a7a0,upstream,1,0
0x0028cdf0,0x00511940,upstream,1,0
0x0028ce90,0x00511940,upstream,1,0
0x0028cf10,0x00511940,upstream,1,0
0x0028cf90,,-,1000000000,0
0x0028d0a0,0x00510a20,upstream,1,0
0x0028d100,0x00510320,upstream,1,0
0x0028d2b0,0x0050f930,upstream,1,0
0x0028d2f0,0x00511940,upstream,1,0
0x0028d3d0,,-,1000000000,0
0x0028d4d0,0x00510a20,upstream,1,0
0x0028d530,0x0050f930,upstream,1,0
0x0028d570,0x005118a0,upstream,1,0
0x0028d5e0,,-,1000000000,0
0x0028d6e0,0x00510a20,upstream,1,0
0x0028d740,0x0050f930,upstream,1,0
0x0028d780,0x005118a0,upstream,1,0
0x0028d850,0x00511940,upstream,1,0
0x0028d8d0,0x00511940,upstream,1,0
0x0028d950,0x00511940,upstream,1,0
0x0028d9d0,0x00511940,upstream,1,0
0x0028dbb0,,-,1000000000,0
0x0028dcc0,0x00510a20,upstream,1,0
0x0028dd20,0x00510320,upstream,1,0
0x0028ddf0,0x0050f930,upstream,1,0
0x0028de30,0x005118a0,upstream,1,0
0x0028dea0,,-,1000000000,0
0x0028dfa0,0x00510a20,upstream,1,0
0x0028dff0,0x0050f930,upstream,1,0
0x0028e030,0x005118a0,upstream,1,0
0x0028e0f0,0x00511940,upstream,1,0
0x0028e250,0x00511940,upstream,1,0
0x0028e2d0,0x00511940,upstream,1,0
0x0028e350,0x005118a0,upstream,1,0
0x0028e3f0,0x00511940,upstream,1,0
0x0028e470,,-,1000000000,0
0x0028e580,0x00510a20,upstream,1,0
0x0028e5e0,0x00510320,upstream,1,0
0x0028e710,0x0050f930,upstream,1,0
0x0028e750,0x00511940,upstream,1,0
0x0028e880,0x00511940,upstream,1,0
0x0028e900,,-,1000000000,0
0x0028ea00,0x00510a20,upstream,1,0
0x0028ea60,0x0050f930,upstream,1,0
0x0028eaa0,0x005118a0,upstream,1,0
0x0028ebb0,0x00511940,upstream,1,0
0x0028ed20,0x00511940,upstream,1,0
0x0028edc0,,-,1000000000,0
0x0028eec0,0x00510a20,upstream,1,0
0x0028ef20,0x00510320,upstream,1,0
0x0028efc0,0x0050f930,upstream,1,0
0x0028f000,0x005118a0,upstream,1,0
0x0028f150,,-,1000000000,0
0x0028f260,0x00510a20,upstream,1,0
0x0028f2b0,0x00510320,upstream,1,0
0x0028f500,0x0050f930,upstream,1,0
0x0028f540,0x005118a0,upstream,1,0
0x0028f620,0x00511940,upstream,1,0
0x0028f720,0x00511940,upstream,1,0
0x0028f7a0,0x00511940,upstream,1,0
0x0028f840,0x00511940,upstream,1,0
0x0028fa00,0x00511940,upstream,1,0
0x0028fa80,,-,1000000000,0
0x0028fb90,0x00510a20,upstream,1,0
0x0028fbf0,0x00510320,upstream,1,0
0x0028fd10,0x005118a0,upstream,1,0
0x0028fe80,0x00510a20,upstream,1,0
0x0028fed0,0x0050e310,upstream,1,0
0x0028ff30,0x0050f930,upstream,1,0
0x0028ff70,0x005118a0,upstream,1,0
0x00290030,0x00511940,upstream,1,0
0x002900b0,,-,1000000000,0
0x002901c0,0x00510a20,upstream,1,0
0x00290220,0x00510320,upstream,1,0
0x00290360,0x0050f930,upstream,1,0
0x002903a0,0x005118a0,upstream,1,0
0x00290450,,-,1000000000,0
0x00290550,0x00510a20,upstream,1,0
0x002905a0,0x00510320,upstream,1,0
0x00290610,0x0050f930,upstream,1,0
0x00290650,0x005118a0,upstream,1,0
0x00290700,,-,1000000000,0
0x00290800,0x00510a20,upstream,1,0
0x00290850,0x00510320,upstream,1,0
0x002908c0,0x0050f930,upstream,1,0
0x00290900,0x005118a0,upstream,1,0
0x002909b0,,-,1000000000,0
0x00290ab0,0x00510a20,upstream,1,0
0x00290b00,0x00510320,upstream,1,0
0x00290b70,0x0050f930,upstream,1,0
0x00290bb0,0x005118a0,upstream,1,0
0x00290c60,,-,1000000000,0
0x00290d60,0x00510a20,upstream,1,0
0x00290db0,0x00510320,upstream,1,0
0x00290e20,0x0050f930,upstream,1,0
0x00290e60,0x005118a0,upstream,1,0
0x00290f10,,-,1000000000,0
0x00291010,0x00510a20,upstream,1,0
0x00291060,0x00510320,upstream,1,0
0x002910d0,0x0050f930,upstream,1,0
0x00291110,0x00511940,upstream,1,0
0x00291240,0x00511940,upstream,1,0
0x00291320,0x00511940,upstream,1,0
0x002913a0,,-,1000000000,0
0x002914a0,0x00510a20,upstream,1,0
0x00291500,0x0050f930,upstream,1,0
0x00291540,0x005118a0,upstream,1,0
0x00291620,0x00511940,upstream,1,0
0x00291700,0x00511940,upstream,1,0
0x00291780,,-,1000000000,0
0x00291890,0x00510a20,upstream,1,0
0x002918f0,0x00510320,upstream,1,0
0x00291a50,0x0050f930,upstream,1,0
0x00291a90,0x00511940,upstream,1,0
0x00291bd0,,-,1000000000,0
0x00291cd0,0x00510a20,upstream,1,0
0x00291d30,0x0050f930,upstream,1,0
0x00291d70,0x00511940,upstream,1,0
0x00291eb0,,-,1000000000,0
0x00291fb0,0x00510a20,upstream,1,0
0x00292000,0x00511940,upstream,1,0
0x00292130,0x00511940,upstream,1,0
0x00292220,0x00510a20,upstream,1,0
0x00292270,0x0050f930,upstream,1,0
0x002922b0,0x00511940,upstream,1,0
0x00292410,,-,1000000000,0
0x00292510,0x00510a20,upstream,1,0
0x00292570,0x00510320,upstream,1,0
0x002925e0,0x0050f930,upstream,1,0
0x00292620,0x005118a0,upstream,1,0
0x00292690,,-,1000000000,0
0x00292790,0x00510a20,upstream,1,0
0x002927f0,0x0050f930,upstream,1,0
0x00292830,0x0051e5a0,upstream,1,0
0x00292920,0x0051e5a0,upstream,1,0
0x002929c0,,-,1000000000,0
0x00292ac0,0x00510a20,upstream,1,0
0x00292b20,0x00510320,upstream,1,0
0x00292bb0,0x0050f930,upstream,1,0
0x00292bf0,0x005118a0,upstream,1,0
0x00292c60,,-,1000000000,0
0x00292d60,0x00510a20,upstream,1,0
0x00292dc0,0x00510320,upstream,1,0
0x00292e50,0x00511940,upstream,1,0
0x00292ee0,0x0050f930,upstream,1,0
0x00292f20,0x00511940,upstream,1,0
0x00293020,,-,1000000000,0
0x00293120,0x00510a20,upstream,1,0
0x00293180,0x0050f930,upstream,1,0
0x002931c0,0x005118a0,upstream,1,0
0x00293280,0x00511940,upstream,1,0
0x002933b0,,-,1000000000,0
0x002934b0,0x00510a20,upstream,1,0
0x00293510,0x0050f930,upstream,1,0
0x00293550,0x0058a7a0,upstream,1,0
0x00293630,0x00511940,upstream,1,0
0x002936b0,0x00511940,upstream,1,0
0x00293730,0x00511940,upstream,1,0
0x00293830,,-,1000000000,0
0x00293930,0x00510a20,upstream,1,0
0x00293990,0x00510320,upstream,1,0
0x00293ac0,,-,1000000000,0
0x00293b70,,-,1000000000,0
0x00293c20,0x00512ee0,upstream,1,0
0x00293db0,0x004287e0,upstream,1,0
0x00293e20,0x004ba240,upstream,1,0
0x00293f50,0x002b3920,upstream,2,0
0x00293fa0,0x004ba240,upstream,1,0
0x00294000,,-,1000000000,0
0x00294190,,-,1000000000,0
0x00294270,0x002b3920,upstream,1,0
0x00294350,,-,1000000000,0
0x002944d0,,-,1000000000,0
0x00294500,0x00428df8,upstream,1,0
0x00294770,,-,1000000000,0
0x002947e0,,-,1000000000,0
0x002947f0,0x00428df8,upstream,1,0
0x00294850,0x00429068,upstream,2,0
0x00294a40,0x002b3920,upstream,1,0
0x00294e30,0x004ba240,upstream,1,0
0x00294f70,0x004287e0,upstream,1,0
0x002953c0,,-,1000000000,0
0x002953f0,0x00511940,upstream,1,0
0x00295860,0x00511940,upstream,1,0
0x002958e0,0x00511940,upstream,2,0
0x002959e0,0x00429068,upstream,1,0
0x00295a40,0x00429068,upstream,1,0
0x00295ac0,0x00428df8,upstream,2,0
0x00295c80,0x00429068,upstream,2,0
0x00295e40,0x00428df8,upstream,2,0
0x00296090,,-,1000000000,0
0x002960c0,0x00511940,upstream,1,0
0x00296630,0x00511940,upstream,1,0
0x002966b0,0x00511940,upstream,1,0
0x00296730,0x00511940,upstream,1,0
0x002967b0,,-,1000000000,0
0x002967c0,0x00511940,upstream,1,0
0x00296840,0x00511940,upstream,1,0
0x002968c0,,-,1000000000,0
0x002968d0,0x00511940,upstream,1,0
0x00296950,0x00511940,upstream,1,0
0x002969d0,,-,1000000000,0
0x002969e0,,-,1000000000,0
0x002969f0,0x00511940,upstream,1,0
0x00296a70,0x00511940,upstream,1,0
0x00296b50,,-,1000000000,0
0x00296bb0,,-,1000000000,0
0x00296c20,,-,1000000000,0
0x00296c70,0x00428df8,upstream,1,0
0x00296dd0,0x00428df8,upstream,2,0
0x00296e30,0x00511940,upstream,1,0
0x00296ed0,0x00511940,upstream,1,0
0x00297000,0x00428df8,upstream,2,0
0x00297080,0x00428df8,upstream,1,0
0x002971b0,0x00428df8,upstream,1,0
0x002972b0,,-,1000000000,0
0x00297330,0x00511940,upstream,2,0
0x00297380,0x00511940,upstream,2,0
0x00297490,,-,1000000000,0
0x002974b0,0x00511940,upstream,1,0
0x002975b0,0x00512ee0,upstream,1,0
0x00297a80,0x0058a7a0,upstream,1,0
0x00298200,0x00511940,upstream,1,0
0x00298280,0x00511940,upstream,1,0
0x00298300,,-,1000000000,0
0x00298310,,-,1000000000,0
0x00298320,0x00428df8,upstream,1,0
0x00298400,0x00512ee0,upstream,1,0
0x002999a0,0x004ba240,upstream,1,0
0x00299a40,0x00511940,upstream,2,0
0x00299ab0,0x00511940,upstream,2,0
0x00299b60,0x00511940,upstream,1,0
0x00299d00,,-,1000000000,0
0x00299d30,,-,1000000000,0
0x00299dd0,0x004ba240,upstream,1,0
0x00299ef0,,-,1000000000,0
0x00299f30,,-,1000000000,0
0x00299f50,,-,1000000000,0
0x00299f60,,-,1000000000,0
0x0029a030,0x004ba240,upstream,1,0
0x0029a150,,-,1000000000,0
0x0029a190,,-,1000000000,0
0x0029a1b0,0x00511940,upstream,1,0
0x0029a280,,-,1000000000,0
0x0029a320,,-,1000000000,0
0x0029a3a0,,-,1000000000,0
0x0029a530,,-,1000000000,0
0x0029a690,,-,1000000000,0
0x0029a6c0,,-,1000000000,0
0x0029a700,0x002b3920,upstream,4,0
0x0029aad0,0x002b3920,upstream,4,0
0x0029ab90,0x00511940,upstream,1,0
0x0029ad30,0x00511940,upstream,1,0
0x0029adc0,,-,1000000000,0
0x0029ade0,0x00511940,upstream,1,0
0x0029af20,0x00511940,upstream,2,0
0x0029b0e0,0x00511940,upstream,1,0
0x0029b1f0,0x00511940,upstream,1,0
0x0029b4f0,0x004ba240,upstream,2,0
0x0029b550,0x00511940,upstream,1,0
0x0029beb0,0x004ba240,upstream,1,0
0x0029c050,0x00511940,upstream,1,0
0x0029c1e0,0x002b3920,upstream,1,0
0x0029c2d0,0x00512ee0,upstream,1,0
0x0029c960,,-,1000000000,0
0x0029c9c0,,-,1000000000,0
0x0029ca20,,-,1000000000,0
0x0029ca80,,-,1000000000,0
0x0029cae0,,-,1000000000,0
0x0029cb40,,-,1000000000,0
0x0029cba0,,-,1000000000,0
0x0029cc00,,-,1000000000,0
0x0029cc60,,-,1000000000,0
0x0029ccc0,,-,1000000000,0
0x0029cd20,,-,1000000000,0
0x0029cd80,,-,1000000000,0
0x0029cde0,,-,1000000000,0
0x0029ce40,,-,1000000000,0
0x0029cea0,,-,1000000000,0
0x0029cf00,,-,1000000000,0
0x0029cf60,,-,1000000000,0
0x0029cfc0,,-,1000000000,0
0x0029d020,,-,1000000000,0
0x0029d080,,-,1000000000,0
0x0029d0e0,,-,1000000000,0
0x0029d140,,-,1000000000,0
0x0029d1a0,,-,1000000000,0
0x0029d200,,-,1000000000,0
0x0029d260,,-,1000000000,0
0x0029d2c0,,-,1000000000,0
0x0029d320,,-,1000000000,0
0x0029d380,,-,1000000000,0
0x0029d3e0,,-,1000000000,0
0x0029d440,,-,1000000000,0
0x0029d4a0,,-,1000000000,0
0x0029d500,,-,1000000000,0
0x0029d560,,-,1000000000,0
0x0029d5c0,,-,1000000000,0
0x0029d620,,-,1000000000,0
0x0029d680,,-,1000000000,0
0x0029d6e0,,-,1000000000,0
0x0029d740,,-,1000000000,0
0x0029d7a0,,-,1000000000,0
0x0029d800,,-,1000000000,0
0x0029d860,,-,1000000000,0
0x0029d8c0,,-,1000000000,0
0x0029d920,,-,1000000000,0
0x0029d980,,-,1000000000,0
0x0029d9e0,,-,1000000000,0
0x0029da40,,-,1000000000,0
0x0029dad0,0x00511940,upstream,2,0
0x0029db60,0x00511940,upstream,2,0
0x0029dbf0,,-,1000000000,0
0x0029dc80,,-,1000000000,0
0x0029dd10,,-,1000000000,0
0x0029dda0,0x00511940,upstream,2,0
0x0029de30,,-,1000000000,0
0x0029dec0,,-,1000000000,0
0x0029df50,,-,1000000000,0
0x0029dfe0,,-,1000000000,0
0x0029e070,,-,1000000000,0
0x0029e100,,-,1000000000,0
0x0029e190,0x00511940,upstream,2,0
0x0029e220,0x00511940,upstream,2,0
0x0029e2b0,,-,1000000000,0
0x0029e340,,-,1000000000,0
0x0029e3d0,,-,1000000000,0
0x0029e460,,-,1000000000,0
0x0029e4f0,,-,1000000000,0
0x0029e580,0x00511940,upstream,2,0
0x0029e610,0x004f2210,upstream,4,0
0x0029e6a0,0x00511940,upstream,3,0
0x0029e730,0x00511940,upstream,4,0
0x0029e7c0,0x00511940,upstream,4,0
0x0029e850,0x00511940,upstream,4,0
0x0029e8e0,0x00511940,upstream,4,0
0x0029e970,,-,1000000000,0
0x0029ea00,,-,1000000000,0
0x0029ea90,,-,1000000000,0
0x0029eb20,,-,1000000000,0
0x0029ebb0,,-,1000000000,0
0x0029ec40,,-,1000000000,0
0x0029ecd0,,-,1000000000,0
0x0029ed60,,-,1000000000,0
0x0029edf0,0x00511940,upstream,2,0
0x0029ee80,0x00511940,upstream,4,0
0x0029ef10,,-,1000000000,0
0x0029efa0,,-,1000000000,0
0x0029f030,0x00511940,upstream,2,0
0x0029f0c0,0x00511940,upstream,2,0
0x0029f150,,-,1000000000,0
0x0029f1e0,,-,1000000000,0
0x0029f270,,-,1000000000,0
0x0029f300,0x00511940,upstream,2,0
0x0029f390,0x00513f30,upstream,1,0
0x002a31e0,0x00511940,upstream,1,0
0x002a3260,0x00511940,upstream,1,0
0x002a32e0,0x00511940,upstream,1,0
0x002a3360,0x00511940,upstream,1,0
0x002a33e0,0x00511940,upstream,1,0
0x002a3460,0x00511940,upstream,1,0
0x002a34e0,0x00511940,upstream,1,0
0x002a3560,0x00511940,upstream,1,0
0x002a35e0,0x00511940,upstream,1,0
0x002a3660,0x00511940,upstream,1,0
0x002a36e0,0x00511940,upstream,1,0
0x002a3760,0x00511940,upstream,1,0
0x002a37e0,0x00511940,upstream,1,0
0x002a3860,0x00511940,upstream,1,0
0x002a38e0,0x00511940,upstream,1,0
0x002a3960,,-,1000000000,0
0x002a3970,0x00511940,upstream,1,0
0x002a39f0,0x00511940,upstream,1,0
0x002a3a70,,-,1000000000,0
0x002a3a80,0x00511940,upstream,1,0
0x002a3b00,0x00511940,upstream,1,0
0x002a3b80,,-,1000000000,0
0x002a3b90,0x00511940,upstream,1,0
0x002a3c10,0x00511940,upstream,1,0
0x002a3c90,,-,1000000000,0
0x002a3ca0,0x00511940,upstream,1,0
0x002a3d20,0x00511940,upstream,1,0
0x002a3da0,,-,1000000000,0
0x002a3db0,0x00511940,upstream,1,0
0x002a3e30,0x00511940,upstream,1,0
0x002a3eb0,,-,1000000000,0
0x002a3ec0,0x00511940,upstream,1,0
0x002a3f40,0x00511940,upstream,1,0
0x002a3fc0,,-,1000000000,0
0x002a3fd0,0x00511940,upstream,1,0
0x002a4050,0x00511940,upstream,1,0
0x002a40d0,,-,1000000000,0
0x002a40e0,0x00511940,upstream,1,0
0x002a4160,0x00511940,upstream,1,0
0x002a41e0,,-,1000000000,0
0x002a41f0,0x00511940,upstream,1,0
0x002a4270,0x00511940,upstream,1,0
0x002a42f0,,-,1000000000,0
0x002a4300,0x00511940,upstream,1,0
0x002a4380,0x00511940,upstream,1,0
0x002a4400,,-,1000000000,0
0x002a4410,0x00511940,upstream,1,0
0x002a4490,0x00511940,upstream,1,0
0x002a4510,,-,1000000000,0
0x002a4520,0x00511940,upstream,1,0
0x002a45a0,0x00511940,upstream,1,0
0x002a4620,,-,1000000000,0
0x002a4630,0x00511940,upstream,1,0
0x002a46b0,0x00511940,upstream,1,0
0x002a4730,,-,1000000000,0
0x002a4740,0x00511940,upstream,1,0
0x002a47c0,0x00511940,upstream,1,0
0x002a4840,,-,1000000000,0
0x002a4850,0x00511940,upstream,1,0
0x002a48d0,0x00511940,upstream,1,0
0x002a4950,,-,1000000000,0
0x002a4960,0x00511940,upstream,1,0
0x002a49e0,0x00511940,upstream,1,0
0x002a4a60,,-,1000000000,0
0x002a4a70,0x00511940,upstream,1,0
0x002a4af0,0x00511940,upstream,1,0
0x002a4b70,,-,1000000000,0
0x002a4b80,0x00511940,upstream,1,0
0x002a4c00,0x00511940,upstream,1,0
0x002a4c80,,-,1000000000,0
0x002a4c90,0x00511940,upstream,1,0
0x002a4d10,0x00511940,upstream,1,0
0x002a4d90,,-,1000000000,0
0x002a4da0,0x00511940,upstream,1,0
0x002a4e20,0x00511940,upstream,1,0
0x002a4ea0,,-,1000000000,0
0x002a4eb0,0x00511940,upstream,1,0
0x002a4f30,0x00511940,upstream,1,0
0x002a4fb0,,-,1000000000,0
0x002a4fc0,0x00511940,upstream,1,0
0x002a5040,0x00511940,upstream,1,0
0x002a5250,0x004ba240,upstream,1,0
0x002a5380,0x004ba240,upstream,1,0
0x002a5580,0x004ba240,upstream,1,0
0x002a5630,0x002b3920,upstream,1,0
0x002a56f0,,-,1000000000,0
0x002a5780,,-,1000000000,0
0x002a57b0,,-,1000000000,0
0x002a5810,0x002b3920,upstream,1,0
0x002a5890,0x002b3920,upstream,1,0
0x002a5910,0x002b3920,upstream,1,0
0x002a5990,0x002b3920,upstream,1,0
0x002a5a10,0x002b3920,upstream,1,0
0x002a5ad0,0x002b3920,upstream,1,0
0x002a5c30,0x002b3920,upstream,1,0
0x002a5dc0,,-,1000000000,0
0x002a5eb0,,-,1000000000,0
0x002a5f90,,-,1000000000,0
0x002a5fa0,,-,1000000000,0
0x002a6040,0x00511940,upstream,2,0
0x002a6120,,-,1000000000,0
0x002a6210,,-,1000000000,0
0x002a62c0,,-,1000000000,0
0x002a63b0,,-,1000000000,0
0x002a64a0,,-,1000000000,0
0x002a6580,,-,1000000000,0
0x002a6620,,-,1000000000,0
0x002a6650,0x002b3920,upstream,1,0
0x002a66b0,0x004ba240,upstream,1,0
0x002a69e0,0x002b3920,upstream,1,0
0x002a6aa0,0x004ba240,upstream,1,0
0x002a6e70,0x005c0d40,upstream,1,0
0x002a7200,0x00511940,upstream,1,0
0x002a72f0,0x005c0d40,upstream,1,0
0x002a78a0,0x005c0d40,upstream,1,0
0x002a7a30,0x005c0d40,upstream,2,0
0x002a7a70,,-,1000000000,0
0x002a7ab0,,-,1000000000,0
0x002a7b30,,-,1000000000,0
0x002a7b60,,-,1000000000,0
0x002a7c20,0x004287e0,upstream,1,0
0x002a7e10,0x002b3920,upstream,1,0
0x002a81c0,,-,1000000000,0
0x002a83f0,,-,1000000000,0
0x002a8450,,-,1000000000,0
0x002a84a0,,-,1000000000,0
0x002a84d0,0x004287e0,upstream,1,0
0x002a85b0,0x0050f930,upstream,2,0
0x002a8900,,-,1000000000,0
0x002a8930,0x0051e5a0,upstream,1,0
0x002a8bf0,0x00511940,upstream,1,0
0x002a8d20,0x00511940,upstream,1,0
0x002a8ef0,0x004287e0,upstream,1,0
0x002a9010,0x004287e0,upstream,1,0
0x002a9190,,-,1000000000,0
0x002a9220,0x0042f3a0,upstream,2,0
0x002a92b0,,-,1000000000,0
0x002a92c0,,-,1000000000,0
0x002a92d0,,-,1000000000,0
0x002a92e0,0x00238120,upstream,1,0
0x002a9450,0x00428998,upstream,1,0
0x002abcb0,0x00511940,upstream,1,0
0x002abda0,0x00511940,upstream,1,0
0x002abe90,0x00511940,upstream,1,0
0x002abf80,0x00511940,upstream,1,0
0x002ac070,0x00511940,upstream,1,0
0x002ac160,0x00511940,upstream,1,0
0x002ac250,0x00511940,upstream,1,0
0x002ac340,0x00511940,upstream,1,0
0x002ac430,0x00511940,upstream,1,0
0x002ac520,0x00511940,upstream,1,0
0x002ac610,0x00511940,upstream,1,0
0x002ac700,0x00511940,upstream,1,0
0x002ac7f0,0x00511940,upstream,1,0
0x002ac8e0,0x00511940,upstream,1,0
0x002ac9d0,0x00511940,upstream,1,0
0x002acac0,0x00511940,upstream,1,0
0x002acbb0,0x00511940,upstream,1,0
0x002acca0,0x00511940,upstream,1,0
0x002acd90,0x00511940,upstream,1,0
0x002ace80,0x00511940,upstream,1,0
0x002acf70,0x00511940,upstream,1,0
0x002ad060,0x00511940,upstream,1,0
0x002ad150,0x00511940,upstream,1,0
0x002ad240,0x00511940,upstream,1,0
0x002ad330,0x00511940,upstream,1,0
0x002ad420,0x00511940,upstream,1,0
0x002ad510,0x00511940,upstream,1,0
0x002ad600,0x00511940,upstream,1,0
0x002ad6f0,0x00511940,upstream,1,0
0x002ad7e0,0x00511940,upstream,1,0
0x002ad8d0,0x00511940,upstream,1,0
0x002ad9c0,0x00511940,upstream,1,0
0x002adab0,0x00511940,upstream,1,0
0x002adba0,0x00511940,upstream,1,0
0x002adc90,0x00511940,upstream,1,0
0x002add80,0x00511940,upstream,1,0
0x002ade70,0x00511940,upstream,1,0
0x002adf60,0x00511940,upstream,1,0
0x002ae050,0x00511940,upstream,1,0
0x002ae140,0x00511940,upstream,1,0
0x002ae230,0x00511940,upstream,1,0
0x002ae320,0x00511940,upstream,1,0
0x002ae410,0x00511940,upstream,1,0
0x002ae500,0x00511940,upstream,1,0
0x002ae5f0,0x00511940,upstream,1,0
0x002ae6e0,0x00511940,upstream,1,0
0x002ae750,,-,1000000000,0
0x002ae760,,-,1000000000,0
0x002ae790,0x00511940,upstream,1,0
0x002ae800,,-,1000000000,0
0x002ae810,,-,1000000000,0
0x002ae840,,-,1000000000,0
0x002ae890,0x00511940,upstream,1,0
0x002ae900,,-,1000000000,0
0x002ae910,,-,1000000000,0
0x002ae940,,-,1000000000,0
0x002ae990,0x00511940,upstream,1,0
0x002aea00,,-,1000000000,0
0x002aea10,,-,1000000000,0
0x002aea40,0x00511940,upstream,1,0
0x002aeac0,0x00511940,upstream,1,0
0x002aeb30,,-,1000000000,0
0x002aeb40,,-,1000000000,0
0x002aeb70,,-,1000000000,0
0x002aebc0,0x00511940,upstream,1,0
0x002aec40,0x00511940,upstream,1,0
0x002aecc0,0x00511940,upstream,1,0
0x002aed30,,-,1000000000,0
0x002aed40,,-,1000000000,0
0x002aed70,,-,1000000000,0
0x002aedc0,0x00511940,upstream,1,0
0x002aee40,0x00511940,upstream,1,0
0x002aeec0,0x00511940,upstream,1,0
0x002aef30,,-,1000000000,0
0x002aef40,,-,1000000000,0
0x002aef70,0x00511940,upstream,1,0
0x002aeff0,0x00511940,upstream,1,0
0x002af060,,-,1000000000,0
0x002af070,,-,1000000000,0
0x002af0a0,,-,1000000000,0
0x002af0f0,0x00511940,upstream,1,0
0x002af170,0x00511940,upstream,1,0
0x002af1e0,,-,1000000000,0
0x002af1f0,,-,1000000000,0
0x002af220,,-,1000000000,0
0x002af270,0x00511940,upstream,1,0
0x002af2f0,0x00511940,upstream,1,0
0x002af360,,-,1000000000,0
0x002af370,,-,1000000000,0
0x002af3a0,,-,1000000000,0
0x002af3f0,0x00511940,upstream,1,0
0x002af470,0x00511940,upstream,1,0
0x002af4e0,,-,1000000000,0
0x002af510,,-,1000000000,0
0x002af560,0x00511940,upstream,1,0
0x002af5e0,0x00511940,upstream,1,0
0x002af650,,-,1000000000,0
0x002af680,,-,1000000000,0
0x002af6d0,0x00511940,upstream,1,0
0x002af750,0x00511940,upstream,1,0
0x002af7c0,,-,1000000000,0
0x002af7d0,,-,1000000000,0
0x002af800,,-,1000000000,0
0x002af850,0x00511940,upstream,1,0
0x002af8d0,0x00511940,upstream,1,0
0x002af940,,-,1000000000,0
0x002af950,,-,1000000000,0
0x002af980,,-,1000000000,0
0x002af9d0,0x00511940,upstream,1,0
0x002afa50,0x00511940,upstream,1,0
0x002afad0,0x00511940,upstream,1,0
0x002afb40,,-,1000000000,0
0x002afb50,,-,1000000000,0
0x002afb80,0x00511940,upstream,1,0
0x002afc00,0x00511940,upstream,1,0
0x002afc70,,-,1000000000,0
0x002afca0,0x00511940,upstream,1,0
0x002afd20,0x00511940,upstream,1,0
0x002afd90,,-,1000000000,0
0x002afda0,,-,1000000000,0
0x002afdd0,,-,1000000000,0
0x002afe20,0x00511940,upstream,1,0
0x002afea0,0x00511940,upstream,1,0
0x002aff10,,-,1000000000,0
0x002aff40,,-,1000000000,0
0x002aff90,0x00511940,upstream,1,0
0x002b0010,0x00511940,upstream,1,0
0x002b0080,,-,1000000000,0
0x002b00b0,,-,1000000000,0
0x002b0100,0x00511940,upstream,1,0
0x002b0180,0x00511940,upstream,1,0
0x002b01f0,,-,1000000000,0
0x002b0200,,-,1000000000,0
0x002b0230,,-,1000000000,0
0x002b0280,0x00511940,upstream,1,0
0x002b0300,0x00511940,upstream,1,0
0x002b0370,,-,1000000000,0
0x002b03a0,,-,1000000000,0
0x002b03f0,0x00511940,upstream,1,0
0x002b0470,0x00511940,upstream,1,0
0x002b04f0,0x00511940,upstream,1,0
0x002b0560,,-,1000000000,0
0x002b0570,,-,1000000000,0
0x002b05a0,,-,1000000000,0
0x002b05f0,0x00511940,upstream,1,0
0x002b0670,0x00511940,upstream,1,0
0x002b06e0,,-,1000000000,0
0x002b06f0,,-,1000000000,0
0x002b0720,,-,1000000000,0
0x002b0770,0x00511940,upstream,1,0
0x002b07e0,,-,1000000000,0
0x002b07f0,,-,1000000000,0
0x002b0820,0x00511940,upstream,1,0
0x002b0890,,-,1000000000,0
0x002b08a0,,-,1000000000,0
0x002b08d0,0x00511940,upstream,1,0
0x002b0940,,-,1000000000,0
0x002b0950,,-,1000000000,0
0x002b0980,0x00511940,upstream,1,0
0x002b09f0,,-,1000000000,0
0x002b0a00,,-,1000000000,0
0x002b0a30,0x00511940,upstream,1,0
0x002b0aa0,,-,1000000000,0
0x002b0ab0,,-,1000000000,0
0x002b0ae0,,-,1000000000,0
0x002b0b30,0x00511940,upstream,1,0
0x002b0ba0,,-,1000000000,0
0x002b0bb0,,-,1000000000,0
0x002b0be0,0x00511940,upstream,1,0
0x002b0c50,,-,1000000000,0
0x002b0c60,,-,1000000000,0
0x002b0c90,0x00511940,upstream,1,0
0x002b0d10,0x00511940,upstream,1,0
0x002b0d90,0x00511940,upstream,1,0
0x002b0e00,,-,1000000000,0
0x002b0e10,,-,1000000000,0
0x002b0e40,,-,1000000000,0
0x002b0e90,0x00511940,upstream,1,0
0x002b0f00,,-,1000000000,0
0x002b0f10,,-,1000000000,0
0x002b0f40,0x00511940,upstream,1,0
0x002b0fb0,,-,1000000000,0
0x002b0fc0,,-,1000000000,0
0x002b0ff0,,-,1000000000,0
0x002b1040,0x00511940,upstream,1,0
0x002b10b0,,-,1000000000,0
0x002b10c0,,-,1000000000,0
0x002b10f0,,-,1000000000,0
0x002b1140,0x00511940,upstream,1,0
0x002b11b0,,-,1000000000,0
0x002b11c0,,-,1000000000,0
0x002b11f0,,-,1000000000,0
0x002b1240,0x00511940,upstream,1,0
0x002b12b0,,-,1000000000,0
0x002b12c0,,-,1000000000,0
0x002b12f0,0x00511940,upstream,1,0
0x002b1360,,-,1000000000,0
0x002b1370,,-,1000000000,0
0x002b13a0,0x00511940,upstream,1,0
0x002b1410,,-,1000000000,0
0x002b1420,,-,1000000000,0
0x002b1450,0x00511940,upstream,1,0
0x002b14c0,,-,1000000000,0
0x002b14d0,,-,1000000000,0
0x002b1500,,-,1000000000,0
0x002b1550,0x00511940,upstream,1,0
0x002b15c0,,-,1000000000,0
0x002b15d0,,-,1000000000,0
0x002b1600,0x00511940,upstream,1,0
0x002b1670,,-,1000000000,0
0x002b1680,,-,1000000000,0
0x002b16b0,0x00511940,upstream,1,0
0x002b1720,,-,1000000000,0
0x002b1730,,-,1000000000,0
0x002b1760,0x00511940,upstream,1,0
0x002b17d0,,-,1000000000,0
0x002b17e0,,-,1000000000,0
0x002b1810,,-,1000000000,0
0x002b1860,0x00511940,upstream,1,0
0x002b18d0,,-,1000000000,0
0x002b18e0,,-,1000000000,0
0x002b1910,0x00511940,upstream,1,0
0x002b1980,,-,1000000000,0
0x002b1990,,-,1000000000,0
0x002b19c0,0x00238120,upstream,1,0
0x002b1a70,0x00511940,upstream,1,0
0x002b3870,,-,1000000000,0
0x002b3880,,-,1000000000,0
0x002b38d0,0x00238120,upstream,1,1
0x002b3920,0x002b3920,upstream,0,0
0x002b3930,,-,1000000000,0
0x002b39d0,,-,1000000000,1
0x002b3cf0,,-,1000000000,0
0x002b4050,0x002b3920,upstream,2,0
0x002b4470,0x002b3920,upstream,3,0
0x002b4550,0x004287e0,upstream,1,0
0x002b45d0,,-,1000000000,0
0x002b45f0,,-,1000000000,0
0x002b46c0,0x002b3920,upstream,1,0
0x002b47a0,,-,1000000000,0
0x002b47c0,,-,1000000000,0
0x002b48f0,,-,1000000000,0
0x002b4950,,-,1000000000,0
0x002b4a00,0x00511940,upstream,1,0
0x002b4a80,,-,1000000000,0
0x002b4ab0,0x004287e0,upstream,1,0
0x002b4d70,,-,1000000000,0
0x002b4da0,0x002b3920,upstream,1,0
0x002b4e80,0x004f2210,upstream,6,0
0x002b4f00,0x004287e0,upstream,1,0
0x002b50f0,0x004287e0,upstream,1,0
0x002b5210,0x00429068,upstream,1,0
0x002b5430,0x00429068,upstream,1,0
0x002b5620,0x00429068,upstream,2,0
0x002b56c0,0x004287e0,upstream,1,0
0x002b57d0,0x004287e0,upstream,1,0
0x002b5ad0,,-,1000000000,0
0x002b5b00,0x002b3920,upstream,1,0
0x002b5bf0,0x00428df8,upstream,3,0
0x002b5cb0,,-,1000000000,0
0x002b5e20,,-,1000000000,0
0x002b5e70,0x00428df8,upstream,1,0
0x002b5f60,,-,1000000000,0
0x002b5fa0,0x00512ee0,upstream,1,0
0x002b60a0,,-,1000000000,0
0x002b61b0,0x00511940,upstream,1,0
0x002b6700,,-,1000000000,0
0x002b6710,0x00511940,upstream,1,0
0x002b6790,,-,1000000000,0
0x002b67a0,0x00511940,upstream,1,0
0x002b6820,0x0058a7a0,upstream,2,0
0x002b6900,0x002b3920,upstream,1,0
0x002b6970,0x0051e5a0,upstream,1,0
0x002b6cc0,0x0051e5a0,upstream,1,0
0x002b6f50,,-,1000000000,0
0x002b6f60,0x00511940,upstream,2,0
0x002b7110,0x0051e5a0,upstream,2,0
0x002b7160,0x00511940,upstream,1,0
0x002b7350,,-,1000000000,0
0x002b7360,,-,1000000000,0
0x002b7520,0x0058a7a0,upstream,1,0
0x002b77c0,0x0058a7a0,upstream,1,0
0x002b7860,0x0058a7a0,upstream,1,0
0x002b7a40,0x0058a7a0,upstream,2,0
0x002b7c30,,-,1000000000,0
0x002b7c60,,-,1000000000,0
0x002b7ca0,0x0058a7a0,upstream,1,0
0x002b7d00,0x0058a7a0,upstream,1,0
0x002b7d60,0x0058a7a0,upstream,1,0
0x002b7df0,0x00511940,upstream,1,0
0x002b7fa0,,-,1000000000,0
0x002b7ff0,0x00428df8,upstream,1,0
0x002b8200,0x00511940,upstream,2,0
0x002b82f0,0x0058a7a0,upstream,1,0
0x002b8670,,-,1000000000,0
0x002b8710,0x002b3920,upstream,2,0
0x002b8890,0x00512ee0,upstream,1,0
0x002b8a40,0x00512ee0,upstream,1,0
0x002b8ac0,0x00512ee0,upstream,1,0
0x002b8bd0,0x00512ee0,upstream,1,0
0x002b8dd0,,-,1000000000,0
0x002b8e20,0x00511940,upstream,3,0
0x002b8f50,0x0058a7a0,upstream,3,0
0x002b8fe0,0x0058a7a0,upstream,2,0
0x002b9630,0x00511940,upstream,1,0
0x002b9720,0x00429068,upstream,3,0
0x002b9760,0x00511940,upstream,1,0
0x002b9860,,-,1000000000,0
0x002b98a0,0x00511940,upstream,1,0
0x002b9b30,0x00511940,upstream,1,0
0x002ba8f0,0x005c0d40,upstream,3,0
0x002ba960,,-,1000000000,0
0x002bac40,0x00511940,upstream,1,0
0x002bacb0,0x00511940,upstream,1,0
0x002bad20,0x00511940,upstream,1,0
0x002bafb0,,-,1000000000,0
0x002bafc0,,-,1000000000,0
0x002bb340,,-,1000000000,0
0x002bb3a0,0x00512ee0,upstream,1,0
0x002bb460,0x00512ee0,upstream,1,0
0x002bb520,0x00511940,upstream,2,0
0x002bb600,0x00511940,upstream,2,0
0x002bb680,0x00513f30,upstream,2,0
0x002bb790,0x005c0d40,upstream,1,0
0x002bc060,,-,1000000000,0
0x002bc070,0x00511940,upstream,1,0
0x002bc0f0,0x00511940,upstream,1,0
0x002bc170,,-,1000000000,0
0x002bc180,0x00511940,upstream,1,0
0x002bc200,0x00511940,upstream,1,0
0x002bc280,0x00513f30,upstream,1,0
0x002bcd90,,-,1000000000,0
0x002bcda0,0x00511940,upstream,1,0
0x002bce20,,-,1000000000,0
0x002bce30,0x00511940,upstream,1,0
0x002bceb0,,-,1000000000,0
0x002bcec0,0x00511940,upstream,1,0
0x002bcf40,0x00513f30,upstream,1,0
0x002bd570,,-,1000000000,0
0x002bd580,0x00511940,upstream,1,0
0x002bd600,,-,1000000000,0
0x002bd610,0x00511940,upstream,1,0
0x002bd690,0x00511940,upstream,1,0
0x002bdda0,0x00511940,upstream,2,0
0x002bdfb0,0x00511940,upstream,3,0
0x002be030,0x00511940,upstream,1,0
0x002be0c0,,-,1000000000,0
0x002be200,,-,1000000000,0
0x002be3b0,0x00511940,upstream,1,0
0x002be480,0x0058a7a0,upstream,1,0
0x002be5c0,0x005c0d40,upstream,1,0
0x002be690,0x00511940,upstream,1,0
0x002be870,0x003fb210,upstream,2,0
0x002beaa0,,-,1000000000,0
0x002beab0,0x00511940,upstream,1,0
0x002bebf0,0x00512ee0,upstream,1,0
0x002bec80,,-,1000000000,0
0x002bed70,,-,1000000000,0
0x002bee00,,-,1000000000,0
0x002bee50,,-,1000000000,0
0x002beea0,,-,1000000000,0
0x002beef0,,-,1000000000,0
0x002bef40,,-,1000000000,0
0x002bef90,,-,1000000000,0
0x002befc0,0x0058a7a0,upstream,1,0
0x002bf300,0x005c0d40,upstream,1,0
0x002bf980,0x00238120,upstream,1,0
0x002bfac0,0x00512ee0,upstream,1,0
0x002bfcd0,0x005c0d40,upstream,1,0
0x002bfee0,0x005c0d40,upstream,1,0
0x002c0050,0x0023c590,upstream,1,0
0x002c0130,0x005c0d40,upstream,1,0
0x002c0540,0x0051e5a0,upstream,1,0
0x002c0710,0x00428df8,upstream,1,0
0x002c0860,0x00428df8,upstream,1,0
0x002c0990,,-,1000000000,0
0x002c0a30,,-,1000000000,0
0x002c0b90,0x004f2210,upstream,7,0
0x002c0d20,,-,1000000000,0
0x002c0fa0,0x00511940,upstream,1,0
0x002c1410,0x005c0d40,upstream,1,0
0x002c16d0,0x005c0d40,upstream,1,0
0x002c17d0,0x00429068,upstream,2,0
0x002c1830,0x00429068,upstream,2,0
0x002c1880,0x005c0d40,upstream,2,0
0x002c1910,0x00429068,upstream,1,0
0x002c1a10,,-,1000000000,0
0x002c1a30,,-,1000000000,0
0x002c1a50,0x005c0d40,upstream,1,0
0x002c1b10,0x00511940,upstream,1,0
0x002c1bb0,0x00429068,upstream,1,0
0x002c1ca0,0x005c0d40,upstream,1,0
0x002c2470,,-,1000000000,0
0x002c24a0,0x00511940,upstream,1,0
0x002c2770,0x00238120,upstream,2,0
0x002c2800,0x00238120,upstream,2,0
0x002c2920,0x00238120,upstream,2,0
0x002c29b0,0x0026d230,upstream,1,0
0x002c2bc0,0x0026d230,upstream,2,0
0x002c2c30,0x002b3920,upstream,1,0
0x002c2f40,0x00512ee0,upstream,1,0
0x002c31b0,0x00511940,upstream,1,0
0x002c3210,0x0042f3a0,upstream,1,0
0x002c33d0,0x00428df8,upstream,1,0
0x002c3410,0x00512ee0,upstream,1,0
0x002c3560,0x00511940,upstream,1,0
0x002c35e0,0x00511940,upstream,1,0
0x002c3690,0x00429068,upstream,1,0
0x002c3740,0x00428df8,upstream,1,0
0x002c3f40,0x005c0d40,upstream,2,0
0x002c40d0,0x004ba240,upstream,1,0
0x002c41f0,0x00511940,upstream,1,0
0x002c4360,0x00511940,upstream,1,0
0x002c4500,,-,1000000000,0
0x002c4540,,-,1000000000,0
0x002c4600,0x0058a7a0,upstream,2,0
0x002c46d0,0x005c0d40,upstream,2,0
0x002c4780,0x00511940,upstream,1,0
0x002c48f0,0x00429068,upstream,2,0
0x002c4930,,-,1000000000,0
0x002c4940,,-,1000000000,0
0x002c4990,0x00512ee0,upstream,1,0
0x002c4ad0,0x005c0d40,upstream,1,0
0x002c5030,0x005c0d40,upstream,1,0
0x002c5250,0x0058a7a0,upstream,1,0
0x002c5680,0x00511940,upstream,1,0
0x002c5770,0x00511940,upstream,1,0
0x002c58b0,,-,1000000000,0
0x002c5ac0,,-,1000000000,0
0x002c5cd0,0x00512ee0,upstream,1,0
0x002c5ef0,0x00429068,upstream,1,0
0x002c6200,0x005c0d40,upstream,1,0
0x002c6750,0x00511940,upstream,1,0
0x002c6810,,-,1000000000,0
0x002c6920,,-,1000000000,0
0x002c6990,,-,1000000000,0
0x002c69b0,,-,1000000000,0
0x002c6a40,0x00512ee0,upstream,1,0
0x002c6e00,0x00512ee0,upstream,1,0
0x002c6e50,0x00428df8,upstream,1,0
0x002c6ff0,0x00429068,upstream,2,0
0x002c7030,0x00511940,upstream,1,0
0x002c70c0,,-,1000000000,0
0x002c70d0,,-,1000000000,0
0x002c70e0,,-,1000000000,0
0x002c7110,0x00511940,upstream,1,0
0x002c72a0,0x00511940,upstream,1,0
0x002c74f0,,-,1000000000,0
0x002c7500,,-,1000000000,0
0x002c7530,0x00511940,upstream,3,0
0x002c7560,0x00511940,upstream,1,0
0x002c7900,,-,1000000000,0
0x002c7910,,-,1000000000,0
0x002c7920,,-,1000000000,0
0x002c7930,,-,1000000000,0
0x002c79f0,,-,1000000000,0
0x002c7a20,,-,1000000000,0
0x002c7a30,,-,1000000000,0
0x002c7a40,,-,1000000000,0
0x002c7a50,0x00511940,upstream,3,0
0x002c7a80,0x00511940,upstream,3,0
0x002c7ab0,0x00511940,upstream,3,0
0x002c7ae0,0x00511940,upstream,3,0
0x002c7b10,0x00511940,upstream,2,0
0x002c7b60,0x004f2210,upstream,3,0
0x002c7b90,0x00511940,upstream,1,0
0x002c7d20,,-,1000000000,0
0x002c7d30,,-,1000000000,0
0x002c7ec0,,-,1000000000,0
0x002c7ed0,,-,1000000000,0
0x002c7ee0,,-,1000000000,0
0x002c7f40,0x00511940,upstream,1,0
0x002c80d0,0x00511940,upstream,1,0
0x002c81e0,,-,1000000000,0
0x002c81f0,,-,1000000000,0
0x002c8200,,-,1000000000,0
0x002c8210,,-,1000000000,0
0x002c8220,,-,1000000000,0
0x002c8230,,-,1000000000,0
0x002c8240,0x00511940,upstream,1,0
0x002c83d0,,-,1000000000,0
0x002c83e0,,-,1000000000,0
0x002c83f0,,-,1000000000,0
0x002c8400,0x00511940,upstream,1,0
0x002c8460,0x00511940,upstream,1,0
0x002c8520,,-,1000000000,0
0x002c8530,,-,1000000000,0
0x002c8590,,-,1000000000,0
0x002c85f0,0x00511940,upstream,2,0
0x002c8650,,-,1000000000,0
0x002c86b0,0x00511940,upstream,1,0
0x002c8760,0x0026d230,upstream,1,0
0x002c8eb0,0x0058a7a0,upstream,1,0
0x002c9310,,-,1000000000,0
0x002c9320,,-,1000000000,0
0x002c9330,,-,1000000000,0
0x002c9340,0x00511940,upstream,1,0
0x002c93b0,0x00511940,upstream,1,0
0x002c9420,0x00511940,upstream,1,0
0x002c96a0,0x005c0d40,upstream,1,0
0x002c9b00,0x00428df8,upstream,2,0
0x002c9b70,0x00512ee0,upstream,1,0
0x002c9e00,0x00511940,upstream,1,0
0x002ca020,0x00511940,upstream,1,0
0x002ca540,0x005c0d40,upstream,1,0
0x002caa10,0x00511940,upstream,1,0
0x002cab20,,-,1000000000,0
0x002cabd0,0x00511940,upstream,1,0
0x002cac70,0x0026d230,upstream,1,0
0x002caf40,0x005c0d40,upstream,1,0
0x002cba50,0x00511940,upstream,1,0
0x002cbbc0,0x00513f30,upstream,1,0
0x002cc090,0x0042f3a0,upstream,1,0
0x002cc2f0,,-,1000000000,0
0x002cc3f0,0x0042f3a0,upstream,1,0
0x002cc760,0x00513f30,upstream,2,0
0x002cc920,0x004287e0,upstream,1,0
0x002ccad0,0x00511940,upstream,2,0
0x002ccd20,,-,1000000000,0
0x002ccd90,0x005c0d40,upstream,1,0
0x002cd330,0x005c0d40,upstream,1,0
0x002cd700,0x00511940,upstream,1,0
0x002cd760,0x005c0d40,upstream,1,0
0x002cdb50,0x00512ee0,upstream,2,0
0x002cdc20,0x0023c590,upstream,1,0
0x002cdd80,0x0023c590,upstream,1,0
0x002ce0d0,0x00511940,upstream,3,0
0x002ce100,0x0023c590,upstream,1,0
0x002ce240,0x00512ee0,upstream,2,0
0x002ce360,,-,1000000000,0
0x002ce3f0,,-,1000000000,0
0x002ce440,,-,1000000000,0
0x002ce450,,-,1000000000,0
0x002ce4e0,,-,1000000000,0
0x002ce510,0x00511940,upstream,1,0
0x002ce590,0x0023c590,upstream,1,0
0x002ce6d0,,-,1000000000,0
0x002ce6f0,,-,1000000000,0
0x002ce750,0x00238120,upstream,1,0
0x002ce800,0x0011b5d0,upstream,2,0
0x002ce860,0x004ba240,upstream,1,0
0x002ce8e0,,-,1000000000,0
0x002ce8f0,,-,1000000000,0
0x002ce900,,-,1000000000,0
0x002ce910,,-,1000000000,0
0x002ce930,,-,1000000000,0
0x002ce940,,-,1000000000,0
0x002ce950,,-,1000000000,0
0x002ce960,,-,1000000000,0
0x002ce990,,-,1000000000,0
0x002ce9a0,,-,1000000000,0
0x002ce9b0,,-,1000000000,0
0x002ce9c0,,-,1000000000,0
0x002ce9d0,,-,1000000000,0
0x002ce9e0,,-,1000000000,0
0x002ce9f0,,-,1000000000,0
0x002cea00,,-,1000000000,0
0x002cea70,,-,1000000000,0
0x002cea80,,-,1000000000,0
0x002cea90,,-,1000000000,0
0x002ceab0,,-,1000000000,0
0x002ceac0,,-,1000000000,0
0x002cead0,,-,1000000000,0
0x002ceaf0,,-,1000000000,0
0x002ceb40,0x005118a0,upstream,1,0
0x002cec10,0x005118a0,upstream,1,0
0x002cec90,,-,1000000000,0
0x002ced90,0x00510a20,upstream,1,0
0x002cedf0,0x005118a0,upstream,1,0
0x002ceec0,,-,1000000000,0
0x002cefc0,0x00510a20,upstream,1,0
0x002cf010,0x005118a0,upstream,1,0
0x002cf0e0,,-,1000000000,0
0x002cf1e0,0x00510a20,upstream,1,0
0x002cf230,0x00510320,upstream,1,0
0x002cf2a0,0x0050f930,upstream,1,0
0x002cf2e0,0x005118a0,upstream,1,0
0x002cf350,,-,1000000000,0
0x002cf450,0x00510a20,upstream,1,0
0x002cf4a0,0x00512e00,upstream,1,0
0x002cf590,0x005118a0,upstream,1,0
0x002cf680,,-,1000000000,0
0x002cf790,0x00510a20,upstream,1,0
0x002cf7e0,0x00510320,upstream,1,0
0x002cf9f0,,-,1000000000,0
0x002cfaf0,0x00510a20,upstream,1,0
0x002cfba0,0x004f2100,upstream,1,0
0x002cfbe0,0x00511940,upstream,1,0
0x002cfe00,0x00511940,upstream,1,0
0x002d0200,0x00512ee0,upstream,1,0
0x002d02d0,0x00512ee0,upstream,1,0
0x002d0d30,0x00512ee0,upstream,1,0
0x002d0eb0,0x00512ee0,upstream,1,0
0x002d1030,0x00512ee0,upstream,1,0
0x002d1220,0x00512ee0,upstream,1,0
0x002d14f0,0x004ba240,upstream,2,0
0x002d1830,0x00511940,upstream,1,0
0x002d18e0,0x00511940,upstream,1,0
0x002d19e0,0x00512ee0,upstream,1,0
0x002d1d80,,-,1000000000,0
0x002d1d90,,-,1000000000,0
0x002d1da0,,-,1000000000,0
0x002d1db0,,-,1000000000,0
0x002d1dc0,0x00512ee0,upstream,2,0
0x002d1e00,0x00512ee0,upstream,1,0
0x002d2100,0x00511940,upstream,1,0
0x002d21c0,0x00512ee0,upstream,1,0
0x002d26b0,,-,1000000000,0
0x002d26c0,,-,1000000000,0
0x002d26d0,0x00511940,upstream,1,0
0x002d2790,,-,1000000000,0
0x002d27a0,0x00511940,upstream,1,0
0x002d2840,0x00512ee0,upstream,2,0
0x002d2880,0x00512ee0,upstream,1,0
0x002d3570,0x005c0d40,upstream,1,0
0x002d3620,0x00511940,upstream,1,0
0x002d3710,,-,1000000000,0
0x002d3720,0x00511940,upstream,1,0
0x002d3830,0x00512ee0,upstream,1,0
0x002d39a0,0x00512ee0,upstream,1,0
0x002d41c0,0x00511940,upstream,1,0
0x002d4240,0x00512ee0,upstream,1,0
0x002d44b0,0x00511940,upstream,1,0
0x002d4640,,-,1000000000,0
0x002d4690,,-,1000000000,0
0x002d46a0,,-,1000000000,0
0x002d46b0,,-,1000000000,0
0x002d46e0,0x00511940,upstream,1,0
0x002d4ac0,0x0042bd70,upstream,1,0
0x002d4e90,0x0042bd70,upstream,1,0
0x002d4fe0,0x004ba240,upstream,1,0
0x002d5050,,-,1000000000,0
0x002d5060,0x0050f930,upstream,1,0
0x002d50a0,0x005118a0,upstream,1,0
0x002d5170,0x005118a0,upstream,1,0
0x002d51f0,0x005118a0,upstream,1,0
0x002d5260,,-,1000000000,0
0x002d5370,0x00510a20,upstream,1,0
0x002d53d0,0x00510320,upstream,1,0
0x002d54b0,0x003fb210,upstream,2,0
0x002d55b0,0x00511940,upstream,1,0
0x002d56b0,0x00512ee0,upstream,1,0
0x002d57e0,0x0050f930,upstream,1,0
0x002d5820,0x005118a0,upstream,1,0
0x002d58b0,0x0051e5a0,upstream,1,0
0x002d5a20,0x005110e0,upstream,1,0
0x002d5ab0,,-,1000000000,0
0x002d5bc0,0x00510a20,upstream,1,0
0x002d5c20,0x00510320,upstream,1,0
0x002d6070,,-,1000000000,0
0x002d6350,0x0058a7a0,upstream,1,0
0x002d64a0,0x00511940,upstream,1,0
0x002d6520,0x00511940,upstream,1,0
0x002d67c0,0x00511940,upstream,1,0
0x002d6870,0x0050f930,upstream,2,0
0x002d68c0,0x00511940,upstream,1,0
0x002d69b0,0x0050f930,upstream,1,0
0x002d69f0,0x005118a0,upstream,1,0
0x002d6ae0,,-,1000000000,0
0x002d6bf0,0x00510a20,upstream,1,0
0x002d6c40,0x00510320,upstream,1,0
0x002d6e50,,-,1000000000,0
0x002d6fb0,0x00511940,upstream,1,0
0x002d7010,0x00511940,upstream,1,0
0x002d7100,,-,1000000000,0
0x002d73c0,0x00513f30,upstream,1,0
0x002d75a0,0x00511940,upstream,1,0
0x002d7620,0x00513f30,upstream,1,0
0x002d7b20,0x00511940,upstream,1,0
0x002d7bb0,0x005c0d40,upstream,1,0
0x002d7e00,,-,1000000000,0
0x002d7ef0,0x00511940,upstream,1,0
0x002d82c0,,-,1000000000,0
0x002d82d0,,-,1000000000,0
0x002d82e0,,-,1000000000,0
0x002d8540,,-,1000000000,0
0x002d8550,,-,1000000000,0
0x002d8560,,-,1000000000,0
0x002d8570,,-,1000000000,0
0x002d8590,0x005c0d40,upstream,1,0
0x002d86d0,,-,1000000000,0
0x002d87f0,,-,1000000000,0
0x002d8830,,-,1000000000,0
0x002d8870,,-,1000000000,0
0x002d8880,,-,1000000000,0
0x002d88c0,,-,1000000000,0
0x002d8910,0x0050e310,upstream,1,0
0x002d8970,0x005118a0,upstream,1,0
0x002d8a60,0x00511940,upstream,1,0
0x002d8ae0,0x00511940,upstream,1,0
0x002d8b60,,-,1000000000,0
0x002d8c70,0x00510a20,upstream,1,0
0x002d8cc0,0x00510320,upstream,1,0
0x002d8ee0,,-,1000000000,0
0x002d8fe0,0x00510a20,upstream,1,0
0x002d9030,0x0050e310,upstream,1,0
0x002d9090,0x005118a0,upstream,1,0
0x002d91a0,0x00511940,upstream,1,0
0x002d9220,0x00511940,upstream,1,0
0x002d92a0,,-,1000000000,0
0x002d93b0,0x00510a20,upstream,1,0
0x002d9400,0x00510320,upstream,1,0
0x002d9740,,-,1000000000,0
0x002d9840,0x00510a20,upstream,1,0
0x002d9890,0x005118a0,upstream,1,0
0x002d9900,,-,1000000000,0
0x002d9a00,0x00510a20,upstream,1,0
0x002d9a50,0x0050f930,upstream,1,0
0x002d9a90,0x005118a0,upstream,1,0
0x002d9b00,,-,1000000000,0
0x002d9c00,0x00510a20,upstream,1,0
0x002d9c50,0x0050e310,upstream,1,0
0x002d9cb0,0x00511940,upstream,1,0
0x002d9dc0,0x00511940,upstream,1,0
0x002d9e40,,-,1000000000,0
0x002d9f50,0x00510a20,upstream,1,0
0x002d9fa0,0x00510320,upstream,1,0
0x002da1e0,0x00512ee0,upstream,1,0
0x002da270,0x00511940,upstream,1,0
0x002da3c0,0x00511940,upstream,1,0
0x002da420,0x004f2210,upstream,1,0
0x002da840,0x00512ee0,upstream,1,0
0x002da8e0,0x00511940,upstream,1,0
0x002daa30,0x00511940,upstream,1,0
0x002daa90,0x00512ee0,upstream,1,0
0x002dafe0,0x00513f30,upstream,1,0
0x002db100,0x00511940,upstream,1,0
0x002db3f0,0x00513f30,upstream,1,0
0x002db620,0x00513f30,upstream,1,0
0x002db710,0x00511940,upstream,1,0
0x002db830,0x00513f30,upstream,1,0
0x002dba10,,-,1000000000,0
0x002dbb40,,-,1000000000,0
0x002dbb70,0x005118a0,upstream,1,0
0x002dbc70,0x00511940,upstream,1,0
0x002dbcf0,,-,1000000000,0
0x002dbe00,0x00510a20,upstream,1,0
0x002dbe50,0x00510320,upstream,1,0
0x002dc060,,-,1000000000,0
0x002dc160,0x00510a20,upstream,1,0
0x002dc1c0,0x00510320,upstream,1,0
0x002dc2e0,0x00512ee0,upstream,1,0
0x002dc370,0x00511940,upstream,1,0
0x002dc4c0,0x0058a7a0,upstream,1,0
0x002dca30,0x00512ee0,upstream,1,0
0x002dcad0,,-,1000000000,0
0x002dcb00,0x005118a0,upstream,1,0
0x002dcb70,,-,1000000000,0
0x002dcc70,0x00510a20,upstream,1,0
0x002dccc0,0x005118a0,upstream,1,0
0x002dcde0,0x005118a0,upstream,1,0
0x002dce60,0x00511940,upstream,1,0
0x002dcee0,0x00511940,upstream,1,0
0x002dcf60,,-,1000000000,0
0x002dd070,0x00510a20,upstream,1,0
0x002dd0d0,0x00510320,upstream,1,0
0x002dd3a0,,-,1000000000,0
0x002dd4b0,0x00510a20,upstream,1,0
0x002dd500,0x00510320,upstream,1,0
0x002dd5e0,0x00512ee0,upstream,1,0
0x002dd700,,-,1000000000,0
0x002dd760,0x00238120,upstream,1,0
0x002dd890,0x00511940,upstream,1,0
0x002ddb40,0x0058a7a0,upstream,1,0
0x002de1d0,0x00511940,upstream,1,0
0x002de2b0,,-,1000000000,0
0x002de320,0x00512ee0,upstream,1,0
0x002de3b0,,-,1000000000,0
0x002de3f0,0x005118a0,upstream,1,0
0x002de4e0,,-,1000000000,0
0x002de5f0,0x00510a20,upstream,1,0
0x002de640,0x00510320,upstream,1,0
0x002de780,,-,1000000000,0
0x002de7c0,0x005118a0,upstream,1,0
0x002de830,,-,1000000000,0
0x002de930,0x00510a20,upstream,1,0
0x002de980,0x00510320,upstream,1,0
0x002dea40,0x005118a0,upstream,1,0
0x002deb40,0x00511940,upstream,1,0
0x002debc0,,-,1000000000,0
0x002decd0,0x00510a20,upstream,1,0
0x002ded20,0x00510320,upstream,1,0
0x002deee0,,-,1000000000,0
0x002def20,0x005118a0,upstream,1,0
0x002deff0,,-,1000000000,0
0x002df100,0x00510a20,upstream,1,0
0x002df150,0x00510320,upstream,1,0
0x002df200,0x00512ee0,upstream,1,0
0x002df500,0x00512ee0,upstream,1,0
0x002df5c0,0x00512ee0,upstream,1,0
0x002df6c0,0x00511940,upstream,1,0
0x002df7a0,0x005c0d40,upstream,2,0
0x002df7f0,0x00512ee0,upstream,1,0
0x002df9f0,0x00511940,upstream,1,0
0x002dfa50,0x005c0d40,upstream,1,0
0x002dfa80,0x00511940,upstream,1,0
0x002dfb80,,-,1000000000,0
0x002dfbf0,,-,1000000000,0
0x002dfc50,0x00513f30,upstream,1,0
0x002e0760,,-,1000000000,0
0x002e0790,0x0058a7a0,upstream,1,0
0x002e0ea0,0x00512ee0,upstream,1,0
0x002e0f20,0x00512ee0,upstream,1,0
0x002e0f90,0x00512ee0,upstream,1,0
0x002e1050,0x0058a7a0,upstream,1,0
0x002e1b40,0x00511940,upstream,1,0
0x002e1e20,0x00513f30,upstream,1,0
0x002e21b0,0x004f2210,upstream,1,0
0x002e2cc0,,-,1000000000,0
0x002e2df0,0x00511940,upstream,1,0
0x002e2e70,0x00511940,upstream,1,0
0x002e2ef0,0x0050f930,upstream,1,0
0x002e2f30,0x005118a0,upstream,1,0
0x002e2fa0,,-,1000000000,0
0x002e30a0,0x00510a20,upstream,1,0
0x002e30f0,0x0050f930,upstream,1,0
0x002e3130,0x0051e5a0,upstream,1,0
0x002e3270,,-,1000000000,0
0x002e3380,0x00510a20,upstream,1,0
0x002e33e0,0x00510320,upstream,1,0
0x002e3590,0x0050f930,upstream,1,0
0x002e35d0,0x005118a0,upstream,1,0
0x002e36d0,0x00511940,upstream,1,0
0x002e3750,0x00511940,upstream,1,0
0x002e3810,0x00511940,upstream,1,0
0x002e38d0,,-,1000000000,0
0x002e39d0,0x00510a20,upstream,1,0
0x002e3a30,0x0050f930,upstream,1,0
0x002e3a70,0x005118a0,upstream,1,0
0x002e3b60,,-,1000000000,0
0x002e3c70,0x00510a20,upstream,1,0
0x002e3de0,,-,1000000000,0
0x002e3ee0,0x00510a20,upstream,1,0
0x002e3f40,0x0050f930,upstream,1,0
0x002e4020,0x00511940,upstream,1,0
0x002e40c0,,-,1000000000,0
0x002e4110,0x00511940,upstream,1,0
0x002e41c0,0x004287e0,upstream,1,0
0x002e42d0,0x00511940,upstream,1,0
0x002e4360,,-,1000000000,0
0x002e43a0,,-,1000000000,0
0x002e4710,,-,1000000000,0
0x002e4720,,-,1000000000,0
0x002e4730,,-,1000000000,0
0x002e4740,,-,1000000000,0
0x002e4750,,-,1000000000,0
0x002e4760,0x0051e5a0,upstream,2,0
0x002e47d0,,-,1000000000,0
0x002e4850,,-,1000000000,0
0x002e48c0,,-,1000000000,0
0x002e4fb0,,-,1000000000,0
0x002e50b0,0x005c0d40,upstream,1,0
0x002e56f0,0x005c0d40,upstream,1,0
0x002e5a10,0x005c0d40,upstream,2,0
0x002e5b80,,-,1000000000,0
0x002e5cd0,,-,1000000000,0
0x002e5ea0,,-,1000000000,0
0x002e5f80,,-,1000000000,0
0x002e6540,,-,1000000000,0
0x002e6880,,-,1000000000,0
0x002e68a0,,-,1000000000,0
0x002e68b0,,-,1000000000,0
0x002e68c0,,-,1000000000,0
0x002e68d0,,-,1000000000,0
0x002e6b20,,-,1000000000,0
0x002e6b40,,-,1000000000,0
0x002e6b60,,-,1000000000,0
0x002e6d60,,-,1000000000,0
0x002e6e90,,-,1000000000,0
0x002e7100,,-,1000000000,0
0x002e7130,,-,1000000000,0
0x002e7160,,-,1000000000,0
0x002e7180,,-,1000000000,0
0x002e71c0,0x00511940,upstream,2,0
0x002e7230,0x00511940,upstream,1,0
0x002e73f0,0x0058a7a0,upstream,3,0
0x002e7420,0x00511940,upstream,1,0
0x002e74d0,0x0058a7a0,upstream,1,0
0x002e7680,0x0058a7a0,upstream,2,0
0x002e76e0,,-,1000000000,0
0x002e7710,,-,1000000000,0
0x002e77b0,0x00511940,upstream,1,0
0x002e7870,0x00511940,upstream,1,0
0x002e7930,0x0042f3a0,upstream,1,0
0x002e7a30,,-,1000000000,0
0x002e7a80,0x0050e310,upstream,1,0
0x002e7ae0,0x005118a0,upstream,1,0
0x002e7bb0,0x00511940,upstream,1,0
0x002e7c30,0x0051e5a0,upstream,1,0
0x002e7d10,0x0051e5a0,upstream,1,0
0x002e7e80,,-,1000000000,0
0x002e7f80,0x00510a20,upstream,1,0
0x002e7fe0,0x00510320,upstream,1,0
0x002e80f0,0x0050f930,upstream,1,0
0x002e8130,0x005118a0,upstream,1,0
0x002e8220,,-,1000000000,0
0x002e8330,0x00510320,upstream,1,0
0x002e84f0,0x00511940,upstream,1,0
0x002e8600,,-,1000000000,0
0x002e8710,0x00510a20,upstream,1,0
0x002e8760,0x00510320,upstream,1,0
0x002e8880,0x005118a0,upstream,1,0
0x002e88f0,,-,1000000000,0
0x002e89f0,0x00510a20,upstream,1,0
0x002e8a40,0x0050f930,upstream,1,0
0x002e8a80,0x005118a0,upstream,1,0
0x002e8b40,0x00511940,upstream,1,0
0x002e8c60,0x00511940,upstream,1,0
0x002e8e10,,-,1000000000,0
0x002e8f20,0x0050f930,upstream,1,0
0x002e8f60,0x005118a0,upstream,1,0
0x002e9030,,-,1000000000,0
0x002e9150,0x00510320,upstream,1,0
0x002e9290,0x0050f930,upstream,1,0
0x002e92d0,0x005118a0,upstream,1,0
0x002e9370,,-,1000000000,0
0x002e9480,0x00510320,upstream,1,0
0x002e95c0,0x00513f30,upstream,1,0
0x002e9680,,-,1000000000,0
0x002e96f0,0x00238120,upstream,1,0
0x002e9740,0x00238120,upstream,1,0
0x002e9790,0x00513f30,upstream,3,0
0x002e9810,0x00512ee0,upstream,1,0
0x002e9990,0x00513f30,upstream,1,0
0x002e9a00,0x005c0d40,upstream,1,0
0x002e9a90,,-,1000000000,0
0x002e9bd0,0x00511940,upstream,1,0
0x002e9cb0,,-,1000000000,0
0x002e9d80,0x0058a7a0,upstream,2,0
0x002e9e40,0x00513210,upstream,1,0
0x002e9e90,0x00513f30,upstream,2,0
0x002e9ed0,0x00238120,upstream,1,0
0x002e9fb0,0x00511940,upstream,1,0
0x002ea260,0x00513210,upstream,1,0
0x002ea330,0x00513f30,upstream,1,0
0x002ea5b0,0x00512ee0,upstream,1,0
0x002eafb0,0x00238120,upstream,1,0
0x002eb120,0x00429068,upstream,1,0
0x002eb240,,-,1000000000,0
0x002eb270,0x0050f930,upstream,1,0
0x002eb2b0,,-,1000000000,0
0x002eb3b0,0x00510a20,upstream,1,0
0x002eb400,0x00510320,upstream,1,0
0x002eb7a0,,-,1000000000,0
0x002eb7f0,0x005118a0,upstream,1,0
0x002eb860,,-,1000000000,0
0x002eb960,0x00510a20,upstream,1,0
0x002eb9b0,0x00510320,upstream,1,0
0x002ebaa0,0x005118a0,upstream,1,0
0x002ebc30,0x00511940,upstream,1,0
0x002ebcb0,0x00511940,upstream,1,0
0x002ebe50,0x00511940,upstream,1,0
0x002ebed0,,-,1000000000,0
0x002ebef0,,-,1000000000,0
0x002ebf00,,-,1000000000,0
0x002ec020,0x00510320,upstream,1,0
0x002ec380,,-,1000000000,0
0x002ec820,0x00513f30,upstream,1,0
0x002ec980,0x00511940,upstream,1,0
0x002eca80,0x004f2210,upstream,1,0
0x002ecd40,,-,1000000000,0
0x002ecd70,,-,1000000000,0
0x002ecd80,,-,1000000000,0
0x002ecea0,,-,1000000000,0
0x002ecfa0,,-,1000000000,0
0x002ed080,,-,1000000000,0
0x002ed1d0,0x004f2210,upstream,1,0
0x002edb40,0x0058a7a0,upstream,1,0
0x002edc00,0x00512ee0,upstream,1,0
0x002edcf0,0x00512ee0,upstream,1,0
0x002edd60,,-,1000000000,0
0x002edda0,,-,1000000000,0
0x002eddb0,,-,1000000000,0
0x002eddf0,0x005118a0,upstream,1,0
0x002edef0,0x00511940,upstream,1,0
0x002edf70,0x00511940,upstream,1,0
0x002ee110,0x00511940,upstream,1,0
0x002ee190,0x00511940,upstream,1,0
0x002ee210,0x00511940,upstream,1,0
0x002ee300,,-,1000000000,0
0x002ee410,0x00510a20,upstream,1,0
0x002ee470,0x00510320,upstream,1,0
0x002ee540,0x00513210,upstream,1,0
0x002ee6f0,,-,1000000000,0
0x002ee780,,-,1000000000,0
0x002ee7b0,,-,1000000000,0
0x002ee7e0,,-,1000000000,0
0x002ee910,,-,1000000000,0
0x002ee930,0x00511940,upstream,1,0
0x002ee9d0,0x00513210,upstream,1,0
0x002eeca0,,-,1000000000,0
0x002eed20,0x0050f930,upstream,1,0
0x002eed60,0x00511940,upstream,1,0
0x002eeeb0,,-,1000000000,0
0x002eefc0,0x00510a20,upstream,1,0
0x002ef020,0x00510320,upstream,1,0
0x002ef190,0x0050f930,upstream,1,0
0x002ef1d0,0x005118a0,upstream,1,0
0x002ef290,0x00511940,upstream,1,0
0x002ef3c0,,-,1000000000,0
0x002ef4c0,0x00510a20,upstream,1,0
0x002ef520,0x0050f930,upstream,1,0
0x002ef560,0x0058a7a0,upstream,1,0
0x002ef730,,-,1000000000,0
0x002ef750,,-,1000000000,0
0x002ef860,0x00510a20,upstream,1,0
0x002ef8b0,0x00510320,upstream,1,0
0x002efad0,0x0050f930,upstream,1,0
0x002efb10,0x0051e5a0,upstream,1,0
0x002efc00,,-,1000000000,0
0x002efd00,0x00510a20,upstream,1,0
0x002efd50,0x00510320,upstream,1,0
0x002efdf0,0x005118a0,upstream,1,0
0x002eff70,0x00511940,upstream,1,0
0x002efff0,0x00511940,upstream,1,0
0x002f0070,0x00511940,upstream,1,0
0x002f00f0,0x00511940,upstream,1,0
0x002f0170,,-,1000000000,0
0x002f0290,0x00510a20,upstream,1,0
0x002f02e0,0x00510320,upstream,1,0
0x002f0680,0x005118a0,upstream,1,0
0x002f0740,0x00511940,upstream,1,0
0x002f08d0,0x00510a20,upstream,1,0
0x002f0920,0x00510320,upstream,1,0
0x002f0a40,0x0050f930,upstream,1,0
0x002f0a80,0x0051e5a0,upstream,1,0
0x002f0bc0,,-,1000000000,0
0x002f0cd0,0x00510a20,upstream,1,0
0x002f0d30,0x00510320,upstream,1,0
0x002f0e00,0x005118a0,upstream,1,0
0x002f0fe0,0x00510a20,upstream,1,0
0x002f1030,0x00510320,upstream,1,0
0x002f11a0,0x0051e5a0,upstream,1,0
0x002f1390,0x00510a20,upstream,1,0
0x002f13e0,0x00510320,upstream,1,0
0x002f1450,0x005118a0,upstream,1,0
0x002f1510,0x00511940,upstream,1,0
0x002f1730,0x00511940,upstream,1,0
0x002f17d0,0x00511940,upstream,1,0
0x002f1850,0x00511940,upstream,1,0
0x002f18d0,0x00511940,upstream,1,0
0x002f1950,0x00511940,upstream,1,0
0x002f19d0,0x00511940,upstream,1,0
0x002f1a50,0x00511940,upstream,1,0
0x002f1ad0,0x00511940,upstream,1,0
0x002f1b50,0x00511940,upstream,1,0
0x002f1bd0,0x00511940,upstream,1,0
0x002f1c50,0x00511940,upstream,1,0
0x002f1cd0,0x00511940,upstream,1,0
0x002f1d50,0x00511940,upstream,1,0
0x002f1dd0,0x00511940,upstream,1,0
0x002f1e50,0x00511940,upstream,1,0
0x002f1ed0,0x00511940,upstream,1,0
0x002f1f50,0x00511940,upstream,1,0
0x002f1fd0,0x00511940,upstream,1,0
0x002f2050,0x00511940,upstream,1,0
0x002f20d0,0x00511940,upstream,1,0
0x002f2150,0x00511940,upstream,1,0
0x002f21d0,,-,1000000000,0
0x002f21e0,0x0058a7a0,upstream,1,0
0x002f2320,0x00511940,upstream,1,0
0x002f2a10,,-,1000000000,0
0x002f2a20,,-,1000000000,0
0x002f2a30,,-,1000000000,0
0x002f2a40,,-,1000000000,0
0x002f2a50,,-,1000000000,0
0x002f2a60,,-,1000000000,0
0x002f2a70,,-,1000000000,0
0x002f2a80,,-,1000000000,0
0x002f2a90,,-,1000000000,0
0x002f2aa0,,-,1000000000,0
0x002f2ab0,,-,1000000000,0
0x002f2ac0,,-,1000000000,0
0x002f2ad0,,-,1000000000,0
0x002f2ae0,,-,1000000000,0
0x002f2af0,,-,1000000000,0
0x002f2b00,,-,1000000000,0
0x002f2b10,,-,1000000000,0
0x002f2b20,,-,1000000000,0
0x002f2b30,,-,1000000000,0
0x002f2b40,,-,1000000000,0
0x002f2b50,,-,1000000000,0
0x002f2b60,,-,1000000000,0
0x002f2b70,,-,1000000000,0
0x002f2b80,0x005110e0,upstream,1,0
0x002f2cd0,0x00510a20,upstream,1,0
0x002f2d30,0x00510320,upstream,1,0
0x002f2e50,0x0058a7a0,upstream,1,0
0x002f2f70,0x00511940,upstream,1,0
0x002f3100,0x00510a20,upstream,1,0
0x002f3150,0x00510320,upstream,1,0
0x002f3320,0x0051e5a0,upstream,1,0
0x002f35b0,0x00510a20,upstream,1,0
0x002f3600,0x00510320,upstream,1,0
0x002f3890,0x00511940,upstream,1,0
0x002f39b0,,-,1000000000,0
0x002f39c0,0x00511940,upstream,1,0
0x002f44e0,0x0051e5a0,upstream,1,0
0x002f4920,0x00511940,upstream,1,0
0x002f4a30,0x00512ee0,upstream,1,0
0x002f4b90,,-,1000000000,0
0x002f4d80,0x00512ee0,upstream,1,0
0x002f4e60,0x0051e5a0,upstream,1,0
0x002f5210,0x00511940,upstream,1,0
0x002f5290,0x005c0d40,upstream,1,0
0x002f5440,0x00512ee0,upstream,1,0
0x002f55c0,0x00511940,upstream,1,0
0x002f5670,0x00513f30,upstream,3,0
0x002f56c0,,-,1000000000,0
0x002f5720,0x00512ee0,upstream,1,0
0x002f58c0,0x0051e5a0,upstream,1,0
0x002f5c60,0x00511940,upstream,3,0
0x002f5cc0,0x005c0d40,upstream,1,0
0x002f5e10,0x00512ee0,upstream,1,0
0x002f5f50,0x00511940,upstream,1,0
0x002f6100,0x00511940,upstream,1,0
0x002f6250,,-,1000000000,0
0x002f62f0,0x00511940,upstream,1,0
0x002f6370,0x0051e5a0,upstream,1,0
0x002f6450,0x00511940,upstream,1,0
0x002f6540,0x00510a20,upstream,1,0
0x002f6590,0x00512ee0,upstream,1,0
0x002f65f0,0x00512ee0,upstream,1,0
0x002f6650,0x00512ee0,upstream,1,0
0x002f66c0,,-,1000000000,0
0x002f6710,,-,1000000000,0
0x002f6760,,-,1000000000,0
0x002f67b0,,-,1000000000,0
0x002f6820,,-,1000000000,0
0x002f6870,,-,1000000000,0
0x002f68f0,,-,1000000000,0
0x002f6a10,,-,1000000000,0
0x002f6d30,0x00511940,upstream,1,0
0x002f6f80,,-,1000000000,0
0x002f6f90,,-,1000000000,0
0x002f6fa0,,-,1000000000,0
0x002f7160,0x00428998,upstream,4,0
0x002f71e0,,-,1000000000,0
0x002f7220,,-,1000000000,0
0x002f7240,,-,1000000000,0
0x002f7260,,-,1000000000,0
0x002f7280,,-,1000000000,0
0x002f72a0,,-,1000000000,0
0x002f72e0,,-,1000000000,0
0x002f7320,,-,1000000000,0
0x002f7360,0x0050f930,upstream,1,0
0x002f73a0,0x0058a7a0,upstream,1,0
0x002f7490,,-,1000000000,0
0x002f75a0,0x00510a20,upstream,1,0
0x002f75f0,0x00510320,upstream,1,0
0x002f76e0,,-,1000000000,0
0x002f7720,0x005118a0,upstream,1,0
0x002f7920,0x00510a20,upstream,1,0
0x002f7970,0x00510320,upstream,1,0
0x002f7ab0,,-,1000000000,0
0x002f7e10,0x0058a7a0,upstream,1,0
0x002f7fe0,0x005c0d40,upstream,1,0
0x002f8340,0x005c0d40,upstream,1,0
0x002f83c0,0x0058a7a0,upstream,1,0
0x002f8890,0x00511940,upstream,1,0
0x002f8910,,-,1000000000,0
0x002f8ef0,0x00513f30,upstream,1,0
0x002f90e0,0x00513f30,upstream,2,0
0x002f91b0,,-,1000000000,0
0x002f9240,0x0058a7a0,upstream,1,0
0x002f92c0,0x0058a7a0,upstream,1,0
0x002f9590,0x0058a7a0,upstream,1,0
0x002f95d0,0x00511940,upstream,1,0
0x002f9630,0x0058a7a0,upstream,2,0
0x002f9660,0x00511940,upstream,1,0
0x002f96e0,0x005c0d40,upstream,2,0
0x002f9750,0x00511940,upstream,1,0
0x002f97b0,,-,1000000000,0
0x002f97e0,0x0050f930,upstream,1,0
0x002f9820,0x00511940,upstream,1,0
0x002f9900,,-,1000000000,0
0x002f9a00,0x00510a20,upstream,1,0
0x002f9a60,0x0050f930,upstream,1,0
0x002f9aa0,0x005118a0,upstream,1,0
0x002f9b60,0x00511940,upstream,1,0
0x002f9be0,0x00511940,upstream,1,0
0x002f9c60,0x00511940,upstream,1,0
0x002f9e00,,-,1000000000,0
0x002f9f00,0x00510a20,upstream,1,0
0x002f9f60,0x00510320,upstream,1,0
0x002fa100,0x0050f930,upstream,1,0
0x002fa140,0x005118a0,upstream,1,0
0x002fa230,0x00511940,upstream,1,0
0x002fa2b0,,-,1000000000,0
0x002fa3c0,0x00510a20,upstream,1,0
0x002fa410,0x00510320,upstream,1,0
0x002fa610,,-,1000000000,0
0x002fa650,0x00511940,upstream,1,0
0x002fa830,0x00510a20,upstream,1,0
0x002fa880,0x00510320,upstream,1,0
0x002faa30,,-,1000000000,0
0x002faa70,0x005118a0,upstream,1,0
0x002fabf0,0x00510a20,upstream,1,0
0x002fac40,0x00510320,upstream,1,0
0x002fad70,0x003fb210,upstream,2,0
0x002fafe0,,-,1000000000,0
0x002fb050,0x00511940,upstream,2,0
0x002fb0d0,,-,1000000000,0
0x002fb170,,-,1000000000,0
0x002fb590,,-,1000000000,0
0x002fb5a0,,-,1000000000,0
0x002fb5b0,,-,1000000000,0
0x002fb5e0,,-,1000000000,0
0x002fb610,,-,1000000000,0
0x002fb630,,-,1000000000,0
0x002fb640,,-,1000000000,0
0x002fb650,,-,1000000000,0
0x002fb660,,-,1000000000,0
0x002fb6b0,,-,1000000000,0
0x002fb6c0,,-,1000000000,0
0x002fb710,,-,1000000000,0
0x002fb750,,-,1000000000,0
0x002fb760,,-,1000000000,0
0x002fb770,,-,1000000000,0
0x002fb7b0,,-,1000000000,0
0x002fb7c0,,-,1000000000,0
0x002fb7f0,,-,1000000000,0
0x002fb800,,-,1000000000,0
0x002fb810,0x00511940,upstream,2,0
0x002fba80,,-,1000000000,0
0x002fbcd0,,-,1000000000,0
0x002fbdd0,,-,1000000000,0
0x002fbe90,,-,1000000000,0
0x002fc250,0x00511940,upstream,1,0
0x002fc2b0,,-,1000000000,0
0x002fc7e0,0x003fb210,upstream,2,0
0x002fc920,0x00511940,upstream,1,0
0x002fc990,0x00511940,upstream,1,0
0x002fcb30,,-,1000000000,0
0x002fcce0,,-,1000000000,0
0x002fce90,0x00513210,upstream,1,0
0x002fd0c0,0x00511940,upstream,1,0
0x002fd230,0x00513f30,upstream,1,0
0x002fd820,0x005c0d40,upstream,1,0
0x002fdb50,0x00513210,upstream,2,0
0x002fdd20,0x00513210,upstream,1,0
0x002fe120,,-,1000000000,0
0x002fe1b0,0x00513210,upstream,2,0
0x002fe1f0,0x00511940,upstream,1,0
0x002fe260,,-,1000000000,0
0x002fe290,,-,1000000000,0
0x002fe2d0,0x005118a0,upstream,1,0
0x002fe340,,-,1000000000,0
0x002fe440,0x00510a20,upstream,1,0
0x002fe490,0x0050f930,upstream,1,0
0x002fe4d0,0x005118a0,upstream,1,0
0x002fe5f0,0x00511940,upstream,1,0
0x002fe670,,-,1000000000,0
0x002fe780,0x00510a20,upstream,1,0
0x002fe7d0,0x00510320,upstream,1,0
0x002feaa0,,-,1000000000,0
0x002feba0,0x00510a20,upstream,1,0
0x002febf0,0x0050f930,upstream,1,0
0x002fec30,0x005118a0,upstream,1,0
0x002feca0,,-,1000000000,0
0x002feda0,0x00510a20,upstream,1,0
0x002fedf0,0x00510320,upstream,1,0
0x002feeb0,0x005118a0,upstream,1,0
0x002fefa0,0x00511940,upstream,1,0
0x002ff020,,-,1000000000,0
0x002ff130,0x00510a20,upstream,1,0
0x002ff180,0x00510320,upstream,1,0
0x002ff300,0x00511940,upstream,1,0
0x002ff4d0,0x00511940,upstream,1,0
0x002ff5f0,0x00513f30,upstream,1,0
0x002ffb00,0x00513210,upstream,1,0
0x00300600,0x0058a7a0,upstream,1,0
0x003008e0,0x00513210,upstream,2,0
0x00300af0,0x00513210,upstream,2,0
0x00301080,0x00513f30,upstream,1,0
0x00301390,0x0058a7a0,upstream,2,0
0x00301520,0x00511940,upstream,1,0
0x003015b0,0x00511940,upstream,1,0
0x00301600,,-,1000000000,0
0x00301630,,-,1000000000,0
0x00301660,,-,1000000000,0
0x00301780,0x00511940,upstream,1,0
0x00301820,,-,1000000000,0
0x00301850,0x0050f930,upstream,1,0
0x00301890,0x005118a0,upstream,1,0
0x00301900,,-,1000000000,0
0x00301a00,0x00510a20,upstream,1,0
0x00301a60,0x0050f930,upstream,1,0
0x00301aa0,0x005118a0,upstream,1,0
0x00301b60,,-,1000000000,0
0x00301c70,0x00510a20,upstream,1,0
0x00301cc0,0x00510320,upstream,1,0
0x00301e90,0x00513210,upstream,1,0
0x00301fa0,0x005c0d40,upstream,1,0
0x00302450,0x003fb210,upstream,2,0
0x00302600,0x00511940,upstream,1,0
0x003027a0,0x00513210,upstream,1,0
0x003028c0,0x00511940,upstream,1,0
0x003029e0,0x00511940,upstream,1,0
0x00302a60,0x00511940,upstream,1,0
0x00302af0,,-,1000000000,0
0x00302b20,0x0050f930,upstream,1,0
0x00302b60,0x005118a0,upstream,1,0
0x00302cc0,0x00511940,upstream,1,0
0x00302d40,0x00511940,upstream,1,0
0x00302dc0,0x00511940,upstream,1,0
0x00302e40,0x00511940,upstream,1,0
0x00302ec0,,-,1000000000,0
0x00302fd0,0x00510a20,upstream,1,0
0x00303020,0x00510320,upstream,1,0
0x00303640,,-,1000000000,0
0x00303740,0x00510a20,upstream,1,0
0x00303790,0x00510320,upstream,1,0
0x00303820,0x00511940,upstream,1,0
0x00303970,,-,1000000000,0
0x00303a80,0x00510a20,upstream,1,0
0x00303ad0,0x00510320,upstream,1,0
0x00303c70,,-,1000000000,0
0x00303d00,0x004ba240,upstream,1,0
0x00303d60,,-,1000000000,0
0x00303fb0,,-,1000000000,0
0x00304190,,-,1000000000,0
0x00304290,0x00512ee0,upstream,1,0
0x00304330,0x005c0d40,upstream,1,0
0x00304420,,-,1000000000,0
0x003044b0,,-,1000000000,0
0x00304620,0x00238120,upstream,1,0
0x00304690,0x00511940,upstream,1,0
0x00304840,0x004ba240,upstream,2,0
0x00304890,0x004f2210,upstream,1,0
0x00305570,0x00512ee0,upstream,1,0
0x00305620,,-,1000000000,0
0x00305650,0x00238120,upstream,1,0
0x003056b0,0x00508930,upstream,1,0
0x00305880,0x00508930,upstream,1,0
0x00305920,0x00513f30,upstream,1,0
0x00305c80,0x003fad18,upstream,1,0
0x003062e0,0x0058a7a0,upstream,1,0
0x003065b0,0x0058a7a0,upstream,1,0
0x00306990,,-,1000000000,0
0x003069c0,0x0050f930,upstream,1,0
0x00306a00,0x005118a0,upstream,1,0
0x00306a70,,-,1000000000,0
0x00306b70,0x00510a20,upstream,1,0
0x00306bc0,0x005118a0,upstream,1,0
0x00306ca0,0x00511940,upstream,1,0
0x00306d20,0x00511940,upstream,1,0
0x00306da0,0x0051e5a0,upstream,1,0
0x00306f50,0x00511940,upstream,1,0
0x00306fd0,,-,1000000000,0
0x003070e0,0x00510a20,upstream,1,0
0x00307140,0x00510320,upstream,1,0
0x00307310,,-,1000000000,0
0x00307420,0x00510a20,upstream,1,0
0x00307470,0x00510320,upstream,1,0
0x00307650,0x00513210,upstream,1,0
0x00307720,0x00511940,upstream,1,0
0x00307880,0x005c0d40,upstream,1,0
0x00307ab0,0x00511940,upstream,1,0
0x00307ca0,0x00511940,upstream,1,0
0x00307d10,0x00511940,upstream,1,0
0x00307d70,0x005c0d40,upstream,1,0
0x00307ee0,0x005c0d40,upstream,1,0
0x00308080,0x00511940,upstream,2,0
0x00308140,0x00512ee0,upstream,1,0
0x00308220,0x00511940,upstream,1,0
0x003082c0,,-,1000000000,0
0x003083d0,0x00511940,upstream,1,0
0x00308620,0x00510a20,upstream,1,0
0x00308680,0x00510320,upstream,1,0
0x00308940,,-,1000000000,0
0x00308a20,0x00511940,upstream,2,0
0x00308b20,0x00513210,upstream,2,0
0x00308b60,0x005c0d40,upstream,1,0
0x00308f70,0x005c0d40,upstream,2,0
0x00309110,,-,1000000000,0
0x003092d0,,-,1000000000,0
0x00309540,,-,1000000000,0
0x00309590,,-,1000000000,0
0x00309670,,-,1000000000,0
0x003096a0,0x003fb210,upstream,2,0
0x00309780,0x0050f930,upstream,1,0
0x003097c0,0x005118a0,upstream,1,0
0x00309830,,-,1000000000,0
0x00309930,0x00510a20,upstream,1,0
0x00309980,0x0050f930,upstream,1,0
0x003099c0,0x005118a0,upstream,1,0
0x00309a80,,-,1000000000,0
0x00309a90,,-,1000000000,0
0x00309ab0,0x005110e0,upstream,1,0
0x00309b00,,-,1000000000,0
0x00309c10,0x00510a20,upstream,1,0
0x00309c60,0x00510320,upstream,1,0
0x00309f70,0x005c0d40,upstream,1,0
0x0030a570,0x00513210,upstream,1,0
0x0030a6f0,0x00513210,upstream,1,0
0x0030a890,0x00511940,upstream,1,0
0x0030aa20,0x00511940,upstream,1,0
0x0030ad50,,-,1000000000,0
0x0030ae80,,-,1000000000,0
0x0030b4a0,,-,1000000000,0
0x0030b4e0,,-,1000000000,0
0x0030b860,,-,1000000000,0
0x0030b8a0,,-,1000000000,0
0x0030bad0,0x003fb210,upstream,2,0
0x0030bd30,0x00511940,upstream,1,0
0x0030be00,,-,1000000000,0
0x0030be40,,-,1000000000,0
0x0030be70,0x0050f930,upstream,1,0
0x0030beb0,0x005118a0,upstream,1,0
0x0030bf90,,-,1000000000,0
0x0030c0a0,0x00510a20,upstream,1,0
0x0030c0f0,0x00510320,upstream,1,0
0x0030c3f0,,-,1000000000,0
0x0030c500,0x00510a20,upstream,1,0
0x0030c550,0x00510320,upstream,1,0
0x0030c720,0x005118a0,upstream,1,0
0x0030c7e0,0x0051e5a0,upstream,1,0
0x0030c910,,-,1000000000,0
0x0030ca10,0x00510a20,upstream,1,0
0x0030caa0,0x003fb210,upstream,2,0
0x0030cb80,0x00511940,upstream,1,0
0x0030cc00,,-,1000000000,0
0x0030cca0,0x00513210,upstream,2,0
0x0030ccf0,0x005c0d40,upstream,1,0
0x0030d210,0x005c0d40,upstream,2,0
0x0030d460,,-,1000000000,0
0x0030d570,,-,1000000000,0
0x0030d730,,-,1000000000,0
0x0030e0c0,,-,1000000000,0
0x0030e0d0,,-,1000000000,0
0x0030e0e0,,-,1000000000,0
0x0030e120,,-,1000000000,0
0x0030e4f0,,-,1000000000,0
0x0030e550,0x003fb210,upstream,2,0
0x0030e630,0x00511940,upstream,1,0
0x0030e6b0,,-,1000000000,0
0x0030e9a0,0x00511940,upstream,1,0
0x0030ea10,,-,1000000000,0
0x0030ea40,0x005118a0,upstream,1,0
0x0030eb40,0x00511940,upstream,1,0
0x0030ebc0,0x00511940,upstream,1,0
0x0030ec40,,-,1000000000,0
0x0030ed50,0x00510a20,upstream,1,0
0x0030eda0,0x00510320,upstream,1,0
0x0030efc0,0x005118a0,upstream,1,0
0x0030f0a0,,-,1000000000,0
0x0030f1b0,0x00510a20,upstream,1,0
0x0030f200,0x00510320,upstream,1,0
0x0030f390,0x00513210,upstream,1,0
0x0030f3f0,,-,1000000000,0
0x0030f640,0x00510a20,upstream,1,0
0x0030f690,0x00510320,upstream,1,0
0x0030f770,,-,1000000000,0
0x0030f7b0,0x0050f930,upstream,1,0
0x0030f7f0,0x005118a0,upstream,1,0
0x0030f8c0,,-,1000000000,0
0x0030f9d0,0x00510a20,upstream,1,0
0x0030fa50,,-,1000000000,0
0x0030fb60,0x00510a20,upstream,1,0
0x0030fbc0,0x00510320,upstream,1,0
0x0030fd40,,-,1000000000,0
0x0030fe80,0x00511940,upstream,1,0
0x0030fff0,0x005118a0,upstream,1,0
0x00310070,0x00511940,upstream,1,0
0x003100f0,0x00511940,upstream,1,0
0x00310170,0x00511940,upstream,1,0
0x003101f0,0x00511940,upstream,1,0
0x00310270,,-,1000000000,0
0x00310280,0x005110e0,upstream,1,0
0x00310310,0x00511940,upstream,1,0
0x00310490,,-,1000000000,0
0x003105b0,0x00510320,upstream,1,0
0x003107d0,0x005118a0,upstream,1,0
0x003108f0,0x00511940,upstream,1,0
0x00310a50,0x00511940,upstream,1,0
0x00310ad0,0x00511940,upstream,1,0
0x00310b50,0x005118a0,upstream,1,0
0x00310c20,,-,1000000000,0
0x00310d30,0x00510a20,upstream,1,0
0x00310d90,0x00510320,upstream,1,0
0x00310ea0,0x00511940,upstream,1,0
0x00310f30,,-,1000000000,0
0x00310fa0,0x004f2210,upstream,1,0
0x00311470,0x00511940,upstream,1,0
0x003115e0,0x00511940,upstream,1,0
0x00311680,,-,1000000000,0
0x003116b0,0x00511940,upstream,1,0
0x00311780,,-,1000000000,0
0x003117b0,0x00511940,upstream,1,0
0x003120f0,0x00511940,upstream,1,0
0x00312550,0x00513f30,upstream,1,0
0x00312910,0x00511940,upstream,1,0
0x00312970,0x00511940,upstream,1,0
0x00312a10,0x00511940,upstream,1,0
0x00312ad0,0x001071e0,upstream,1,0
0x00312b60,0x00511940,upstream,1,0
0x00312be0,0x00511940,upstream,1,0
0x00312c60,0x00511940,upstream,1,0
0x00312ce0,0x00511940,upstream,1,0
0x00312d60,0x00511940,upstream,1,0
0x00312de0,,-,1000000000,0
0x00312e10,0x005118a0,upstream,1,0
0x00312f10,,-,1000000000,0
0x00313020,0x00510a20,upstream,1,0
0x00313070,0x00510320,upstream,1,0
0x00313330,0x0051e5a0,upstream,1,0
0x003134b0,,-,1000000000,0
0x003135c0,0x00510a20,upstream,1,0
0x00313620,0x00510320,upstream,1,0
0x00313b80,0x00511940,upstream,1,0
0x00313c60,0x00511940,upstream,1,0
0x00313d40,0x00511940,upstream,2,0
0x00313eb0,0x005c0d40,upstream,1,0
0x00314060,,-,1000000000,0
0x00314080,,-,1000000000,0
0x00314090,,-,1000000000,0
0x003140c0,0x00512ee0,upstream,1,0
0x00314110,,-,1000000000,0
0x00314120,,-,1000000000,0
0x00314130,,-,1000000000,0
0x00314160,0x00512ee0,upstream,1,0
0x003141b0,0x00512ee0,upstream,1,0
0x003143a0,,-,1000000000,0
0x003143b0,,-,1000000000,0
0x003143e0,0x00512ee0,upstream,1,0
0x00314430,0x0058a7a0,upstream,1,0
0x00314590,,-,1000000000,0
0x00314660,,-,1000000000,0
0x00314790,,-,1000000000,0
0x00314800,,-,1000000000,0
0x00314820,,-,1000000000,0
0x00314860,,-,1000000000,0
0x00314890,0x005118a0,upstream,1,0
0x00314990,,-,1000000000,0
0x00314aa0,0x00510a20,upstream,1,0
0x00314af0,0x00510320,upstream,1,0
0x00314e10,,-,1000000000,0
0x00314f20,0x00510a20,upstream,1,0
0x00314f70,0x00510320,upstream,1,0
0x003152a0,0x00511940,upstream,1,0
0x00315380,0x00511940,upstream,2,0
0x00315430,0x00513210,upstream,2,0
0x00315470,,-,1000000000,0
0x003154c0,0x00512ee0,upstream,1,0
0x00315630,0x005c0d40,upstream,1,0
0x003157e0,0x00512ee0,upstream,1,0
0x003159d0,0x003fb210,upstream,2,0
0x00315a90,,-,1000000000,0
0x00315bc0,,-,1000000000,0
0x00315de0,,-,1000000000,0
0x00315e50,,-,1000000000,0
0x00315e70,,-,1000000000,0
0x00315eb0,0x005118a0,upstream,1,0
0x00316020,0x00510a20,upstream,1,0
0x00316070,0x0050f930,upstream,1,0
0x003160b0,0x0051e5a0,upstream,1,0
0x00316210,,-,1000000000,0
0x00316320,0x00510a20,upstream,1,0
0x00316370,0x00510320,upstream,1,0
0x003164d0,0x00511940,upstream,1,0
0x003165a0,0x00511940,upstream,1,0
0x003166a0,0x00510a20,upstream,1,0
0x003166f0,0x00510320,upstream,1,0
0x00316810,0x005118a0,upstream,1,0
0x00316980,0x00510a20,upstream,1,0
0x003169d0,0x0050f930,upstream,1,0
0x00316a10,0x0051e5a0,upstream,1,0
0x00316b30,,-,1000000000,0
0x00316c40,0x00510a20,upstream,1,0
0x00316c90,0x00510320,upstream,1,0
0x00316d60,0x0050e310,upstream,1,0
0x00316dc0,0x0050f930,upstream,1,0
0x00316e00,,-,1000000000,0
0x00316f00,0x00510a20,upstream,1,0
0x00316f60,0x00510320,upstream,1,0
0x00317070,,-,1000000000,0
0x00317250,0x00510a20,upstream,1,0
0x003172a0,0x0050e310,upstream,1,0
0x00317300,0x0050f930,upstream,1,0
0x00317340,0x00511940,upstream,1,0
0x00317450,,-,1000000000,0
0x00317560,0x00510a20,upstream,1,0
0x003175b0,0x00510320,upstream,1,0
0x00317720,0x005118a0,upstream,1,0
0x00317890,0x00510a20,upstream,1,0
0x003178e0,0x005118a0,upstream,1,0
0x00317a50,0x00510a20,upstream,1,0
0x00317aa0,0x0050e310,upstream,1,0
0x00317b00,0x0050f930,upstream,1,0
0x00317b40,,-,1000000000,0
0x00317c40,0x00510a20,upstream,1,0
0x00317c90,0x00510320,upstream,1,0
0x00317e70,,-,1000000000,0
0x00317ec0,0x0050e310,upstream,1,0
0x00318020,0x00510a20,upstream,1,0
0x00318070,0x00510320,upstream,1,0
0x003181a0,,-,1000000000,0
0x003181f0,0x0050f930,upstream,1,0
0x00318230,,-,1000000000,0
0x00318330,0x00510a20,upstream,1,0
0x00318380,0x00510320,upstream,1,0
0x00318610,,-,1000000000,0
0x00318660,0x0050f930,upstream,1,0
0x003186a0,0x00511940,upstream,1,0
0x00318770,0x00511940,upstream,1,0
0x003187f0,,-,1000000000,0
0x00318900,0x00510a20,upstream,1,0
0x00318950,0x00510320,upstream,1,0
0x00318a20,0x0051e5a0,upstream,1,0
0x00318b60,,-,1000000000,0
0x00318c70,0x0050f930,upstream,1,0
0x00318cb0,0x005118a0,upstream,1,0
0x00318d20,,-,1000000000,0
0x00318e20,0x00510a20,upstream,1,0
0x00318e70,0x00510320,upstream,1,0
0x00318ee0,0x005118a0,upstream,1,0
0x00318fb0,0x00511940,upstream,1,0
0x003190a0,0x00511940,upstream,1,0
0x00319120,,-,1000000000,0
0x00319240,0x00510320,upstream,1,0
0x00319340,0x0058a7a0,upstream,1,0
0x003193d0,,-,1000000000,0
0x003194e0,0x00510320,upstream,1,0
0x003195a0,0x005118a0,upstream,1,0
0x00319670,0x00511940,upstream,1,0
0x003196f0,0x00511940,upstream,1,0
0x00319910,0x00511940,upstream,1,0
0x00319990,,-,1000000000,0
0x00319ab0,0x00510320,upstream,1,0
0x00319d00,,-,1000000000,0
0x00319d10,,-,1000000000,0
0x00319ef0,0x00511940,upstream,1,0
0x00319f90,,-,1000000000,0
0x00319fc0,,-,1000000000,0
0x0031a130,0x00513210,upstream,1,0
0x0031a370,0x00513210,upstream,1,0
0x0031a4e0,0x00513210,upstream,1,0
0x0031a640,0x00513210,upstream,1,0
0x0031a710,,-,1000000000,0
0x0031a770,0x00513210,upstream,1,0
0x0031a840,,-,1000000000,0
0x0031a8f0,,-,1000000000,0
0x0031a940,,-,1000000000,0
0x0031a960,,-,1000000000,0
0x0031a980,,-,1000000000,0
0x0031a9b0,,-,1000000000,0
0x0031a9e0,,-,1000000000,0
0x0031aa00,,-,1000000000,0
0x0031aa20,0x004f2210,upstream,2,0
0x0031aa90,,-,1000000000,0
0x0031aae0,,-,1000000000,0
0x0031ab10,0x00513210,upstream,1,0
0x0031ac90,,-,1000000000,0
0x0031acc0,,-,1000000000,0
0x0031ad70,0x00511940,upstream,1,0
0x0031ae10,0x00511940,upstream,1,0
0x0031af10,,-,1000000000,0
0x0031af60,,-,1000000000,0
0x0031afb0,0x00511940,upstream,1,0
0x0031b1e0,,-,1000000000,0
0x0031b210,0x00511940,upstream,1,0
0x0031b280,0x00511940,upstream,1,0
0x0031b2e0,0x0051e5a0,upstream,1,0
0x0031b410,0x00428f48,upstream,1,0
0x0031b470,,-,1000000000,0
0x0031b4c0,0x00511940,upstream,1,0
0x0031b570,,-,1000000000,0
0x0031b5e0,0x004f2210,upstream,1,0
0x0031b6c0,,-,1000000000,0
0x0031b740,,-,1000000000,0
0x0031b760,,-,1000000000,0
0x0031b780,,-,1000000000,0
0x0031b970,,-,1000000000,0
0x0031b990,,-,1000000000,0
0x0031b9a0,0x00513f30,upstream,1,0
0x0031ba20,0x00428df8,upstream,1,0
0x0031bc30,,-,1000000000,0
0x0031bc40,0x00511940,upstream,1,0
0x0031be70,,-,1000000000,0
0x0031be90,,-,1000000000,0
0x0031bea0,,-,1000000000,0
0x0031beb0,0x0051e5a0,upstream,1,0
0x0031bf70,0x0051e5a0,upstream,1,0
0x0031c000,0x0051e5a0,upstream,1,0
0x0031c380,,-,1000000000,0
0x0031c3c0,0x00511940,upstream,2,0
0x0031c450,0x0043fb68,upstream,2,0
0x0031c530,0x0043fb68,upstream,2,0
0x0031c600,0x00513210,upstream,2,0
0x0031c650,0x00513210,upstream,2,0
0x0031c690,0x00513210,upstream,1,0
0x0031c700,,-,1000000000,0
0x0031c760,0x0043fb68,upstream,1,0
0x0031c7d0,,-,1000000000,0
0x0031c830,0x0043fb68,upstream,1,0
0x0031c920,,-,1000000000,0
0x0031c930,,-,1000000000,0
0x0031c940,,-,1000000000,0
0x0031c980,,-,1000000000,0
0x0031c990,,-,1000000000,0
0x0031cb60,,-,1000000000,0
0x0031cc30,,-,1000000000,0
0x0031cc70,,-,1000000000,0
0x0031cc80,,-,1000000000,0
0x0031ccb0,,-,1000000000,0
0x0031ccd0,0x00513210,upstream,1,0
0x0031d130,,-,1000000000,0
0x0031d870,,-,1000000000,0
0x0031dbd0,,-,1000000000,0
0x0031dc30,,-,1000000000,0
0x0031dca0,0x00428f48,upstream,2,0
0x0031ddb0,,-,1000000000,0
0x0031de40,,-,1000000000,0
0x0031dfd0,,-,1000000000,0
0x0031e1a0,,-,1000000000,0
0x0031e1c0,,-,1000000000,0
0x0031e240,,-,1000000000,0
0x0031e290,0x0050e310,upstream,1,0
0x0031e2f0,0x0050e310,upstream,1,0
0x0031e350,0x0050f930,upstream,1,0
0x0031e390,0x005118a0,upstream,1,0
0x0031e460,,-,1000000000,0
0x0031e570,0x00510a20,upstream,1,0
0x0031e5c0,0x00510320,upstream,1,0
0x0031e7b0,,-,1000000000,0
0x0031e8c0,0x00510a20,upstream,1,0
0x0031e920,0x00510320,upstream,1,0
0x0031eae0,,-,1000000000,0
0x0031ebf0,0x00510a20,upstream,1,0
0x0031ec40,0x00512e00,upstream,1,0
0x0031ed30,0x0050f930,upstream,1,0
0x0031ed70,0x005118a0,upstream,1,0
0x0031ee70,,-,1000000000,0
0x0031ef80,0x00510a20,upstream,1,0
0x0031efd0,0x00510320,upstream,1,0
0x0031f0c0,0x0050f930,upstream,1,0
0x0031f100,0x005118a0,upstream,1,0
0x0031f1d0,,-,1000000000,0
0x0031f2e0,0x00510a20,upstream,1,0
0x0031f330,0x00510320,upstream,1,0
0x0031f4b0,0x00511940,upstream,1,0
0x0031f570,,-,1000000000,0
0x0031f680,0x00510a20,upstream,1,0
0x0031f790,0x004f2100,upstream,1,0
0x0031f8c0,0x00512ee0,upstream,1,0
0x0031fa30,,-,1000000000,0
0x0031fb50,0x004f2210,upstream,1,0
0x0031fd90,0x001071e0,upstream,2,0
0x003200b0,0x001071e0,upstream,1,0
0x00320210,0x005c0d40,upstream,1,0
0x00320290,0x00511940,upstream,1,0
0x00320300,0x00508930,upstream,1,0
0x00320380,0x00511940,upstream,1,0
0x003203f0,0x0058a7a0,upstream,1,0
0x00320610,,-,1000000000,0
0x00320680,,-,1000000000,0
0x00320b10,,-,1000000000,0
0x00320d10,,-,1000000000,0
0x00320d70,0x005118a0,upstream,1,0
0x00320de0,,-,1000000000,0
0x00320ee0,0x00510a20,upstream,1,0
0x00320f30,0x0050f930,upstream,1,0
0x00320f70,0x00511940,upstream,1,0
0x00321060,,-,1000000000,0
0x00321170,0x00510a20,upstream,1,0
0x003211c0,0x00510320,upstream,1,0
0x003212e0,0x005118a0,upstream,1,0
0x003213f0,0x005118a0,upstream,1,0
0x00321470,0x00511940,upstream,1,0
0x003214f0,0x00511940,upstream,1,0
0x00321570,,-,1000000000,0
0x00321580,,-,1000000000,0
0x00321590,,-,1000000000,0
0x003215a0,,-,1000000000,0
0x003215b0,0x005110e0,upstream,1,0
0x00321640,,-,1000000000,0
0x00321750,0x00510a20,upstream,1,0
0x003217b0,0x00510320,upstream,1,0
0x00321c20,0x00511940,upstream,1,0
0x00321ca0,,-,1000000000,0
0x00321db0,0x00510a20,upstream,1,0
0x00321e00,0x00510320,upstream,1,0
0x003220f0,,-,1000000000,0
0x003221f0,0x00510a20,upstream,1,0
0x00322240,0x00512e00,upstream,1,0
0x00322330,0x005118a0,upstream,1,0
0x00322420,,-,1000000000,0
0x00322520,0x00510a20,upstream,1,0
0x00322570,0x00510320,upstream,1,0
0x00322600,0x005118a0,upstream,1,0
0x00322670,,-,1000000000,0
0x00322770,0x00510a20,upstream,1,0
0x003227c0,0x00512e00,upstream,1,0
0x003228b0,0x005118a0,upstream,1,0
0x00322920,,-,1000000000,0
0x00322a20,0x00510a20,upstream,1,0
0x00322a80,0x00510320,upstream,1,0
0x00322b10,0x005118a0,upstream,1,0
0x00322b80,,-,1000000000,0
0x00322c80,0x00510a20,upstream,1,0
0x00322cd0,0x00510320,upstream,1,0
0x00322df0,0x004f2100,upstream,1,0
0x00322e30,0x004f2100,upstream,1,0
0x00322e70,0x00429068,upstream,5,0
0x00323020,0x00512ee0,upstream,1,0
0x003233a0,0x00512ee0,upstream,1,0
0x00323660,0x0051e5a0,upstream,1,0
0x00323800,0x0051e5a0,upstream,1,0
0x003239b0,0x00512ee0,upstream,1,0
0x00323c80,,-,1000000000,0
0x00323c90,,-,1000000000,0
0x00323cb0,0x0051e5a0,upstream,1,0
0x003240d0,0x00512ee0,upstream,1,0
0x00324230,0x00511940,upstream,1,0
0x00324310,0x00511940,upstream,1,0
0x00324410,0x00513f30,upstream,1,0
0x00324780,0x00513f30,upstream,1,0
0x003252e0,,-,1000000000,0
0x00325b80,,-,1000000000,0
0x00325fb0,0x00513f30,upstream,1,0
0x00326110,0x00511940,upstream,1,0
0x003263a0,0x005c0d40,upstream,1,0
0x00326530,0x00511940,upstream,1,0
0x003265b0,0x00513f30,upstream,1,0
0x003267a0,0x00513f30,upstream,1,0
0x00326990,,-,1000000000,0
0x00326b80,,-,1000000000,0
0x00326b90,,-,1000000000,0
0x00326d90,,-,1000000000,0
0x00326ff0,,-,1000000000,0
0x00327040,0x005118a0,upstream,1,0
0x00327160,,-,1000000000,0
0x00327270,0x00510a20,upstream,1,0
0x003272c0,0x00510320,upstream,1,0
0x003276a0,,-,1000000000,0
0x003277b0,0x00510a20,upstream,1,0
0x00327800,0x00510320,upstream,1,0
0x00327ba0,0x00511940,upstream,1,0
0x00327ce0,0x00511940,upstream,1,0
0x00327d70,,-,1000000000,0
0x00327e80,0x00510a20,upstream,1,0
0x00327ee0,0x00512e00,upstream,1,0
0x00328160,0x005118a0,upstream,1,0
0x00328220,0x005110e0,upstream,1,0
0x003282e0,,-,1000000000,0
0x003283f0,0x00510a20,upstream,1,0
0x00328450,0x00510320,upstream,1,0
0x003286f0,,-,1000000000,0
0x00328800,0x00510a20,upstream,1,0
0x00328850,0x00510320,upstream,1,0
0x00328b30,,-,1000000000,0
0x00328c40,0x00510a20,upstream,1,0
0x00328c90,0x00510320,upstream,1,0
0x00328e60,,-,1000000000,0
0x00329000,0x0051e5a0,upstream,1,0
0x003291e0,0x0051e5a0,upstream,1,0
0x00329390,0x0051e5a0,upstream,1,0
0x00329550,0x0051e5a0,upstream,2,0
0x00329700,0x00512ee0,upstream,1,0
0x00329840,0x0058a7a0,upstream,1,0
0x00329ac0,0x00511940,upstream,1,0
0x00329c20,,-,1000000000,0
0x00329c90,0x00513f30,upstream,1,0
0x00329f00,0x00513f30,upstream,1,0
0x0032a0e0,0x004f2210,upstream,1,0
0x0032a370,0x00512ee0,upstream,1,0
0x0032a740,0x0043af80,upstream,1,0
0x0032a920,0x0043b320,upstream,1,0
0x0032aa50,,-,1000000000,0
0x0032aa90,0x0043b320,upstream,2,0
0x0032abe0,,-,1000000000,0
0x0032ac60,,-,1000000000,0
0x0032adc0,0x00511940,upstream,1,0
0x0032aea0,0x00511940,upstream,1,0
0x0032b140,,-,1000000000,0
0x0032b670,0x00512ee0,upstream,1,0
0x0032b710,0x00511940,upstream,1,0
0x0032b860,0x00511940,upstream,1,0
0x0032b940,0x00511940,upstream,1,0
0x0032b9b0,,-,1000000000,0
0x0032ba00,,-,1000000000,0
0x0032ba50,0x00513f30,upstream,1,0
0x0032bc90,0x00512ee0,upstream,1,0
0x0032bd40,,-,1000000000,0
0x0032c3b0,0x0042f3a0,upstream,1,0
0x0032c560,0x005c0d40,upstream,1,0
0x0032c720,0x00511940,upstream,1,0
0x0032c7a0,0x00512ee0,upstream,1,0
0x0032c8f0,0x00511940,upstream,1,0
0x0032c9e0,,-,1000000000,0
0x0032ca90,0x00511940,upstream,1,0
0x0032cb20,0x00513210,upstream,1,0
0x0032cc40,0x0043af80,upstream,2,0
0x0032cce0,0x00512ee0,upstream,1,0
0x0032ce30,0x00511940,upstream,1,0
0x0032cf20,0x00513f30,upstream,1,0
0x0032d150,0x00512ee0,upstream,1,0
0x0032d460,,-,1000000000,0
0x0032d590,,-,1000000000,0
0x0032d6a0,0x00510a20,upstream,1,0
0x0032d6f0,0x00510320,upstream,1,0
0x0032df00,0x00511940,upstream,1,0
0x0032dff0,,-,1000000000,0
0x0032e080,,-,1000000000,0
0x0032e1f0,,-,1000000000,0
0x0032e230,0x005118a0,upstream,1,0
0x0032e320,,-,1000000000,0
0x0032e430,0x00510a20,upstream,1,0
0x0032e480,0x00510320,upstream,1,0
0x0032e5b0,0x005118a0,upstream,1,0
0x0032e680,,-,1000000000,0
0x0032e790,0x00510a20,upstream,1,0
0x0032e7e0,0x00510320,upstream,1,0
0x0032e900,0x005118a0,upstream,1,0
0x0032e9f0,,-,1000000000,0
0x0032eb00,0x00510a20,upstream,1,0
0x0032eb50,0x00510320,upstream,1,0
0x0032ece0,,-,1000000000,0
0x0032ede0,0x00510a20,upstream,1,0
0x0032ee50,0x00513210,upstream,1,0
0x0032f060,0x00513210,upstream,1,0
0x0032fb70,0x00511940,upstream,1,0
0x0032fd30,,-,1000000000,0
0x0032fd80,0x00511940,upstream,2,0
0x0032ffb0,0x00511940,upstream,3,0
0x0032ffe0,0x00511940,upstream,1,0
0x003300e0,0x0042f3a0,upstream,1,0
0x00330210,0x00512ee0,upstream,1,0
0x003303a0,,-,1000000000,0
0x00330400,0x005118a0,upstream,1,0
0x003304d0,0x00511940,upstream,1,0
0x00330550,0x0051e5a0,upstream,1,0
0x003306c0,,-,1000000000,0
0x003307d0,0x00510a20,upstream,1,0
0x00330830,0x00510320,upstream,1,0
0x00330940,,-,1000000000,0
0x00330a40,0x00510a20,upstream,1,0
0x00330a90,0x005118a0,upstream,1,0
0x00330b00,,-,1000000000,0
0x00330c00,0x00510a20,upstream,1,0
0x00330c50,0x005118a0,upstream,1,0
0x00330d30,,-,1000000000,0
0x00330e30,0x00510a20,upstream,1,0
0x00330e80,0x00512e00,upstream,1,0
0x00330fb0,0x005118a0,upstream,1,0
0x00331090,0x00511940,upstream,1,0
0x00331110,0x00511940,upstream,1,0
0x003311d0,,-,1000000000,0
0x003312e0,0x00510a20,upstream,1,0
0x00331340,0x00510320,upstream,1,0
0x003314c0,,-,1000000000,0
0x003315c0,0x00510a20,upstream,1,0
0x00331610,0x0050f930,upstream,1,0
0x00331650,0x005118a0,upstream,1,0
0x00331710,,-,1000000000,0
0x00331820,0x00510a20,upstream,1,0
0x00331870,0x00510320,upstream,1,0
0x00331990,0x005118a0,upstream,1,0
0x00331a60,0x00511940,upstream,1,0
0x00331ae0,,-,1000000000,0
0x00331bf0,0x00510a20,upstream,1,0
0x00331c40,0x00510320,upstream,1,0
0x00331e30,0x00428df8,upstream,1,0
0x00331f20,0x00513f30,upstream,1,0
0x00332040,0x00511940,upstream,1,0
0x00332350,0x00511940,upstream,1,0
0x003325a0,0x00511940,upstream,2,0
0x00332610,,-,1000000000,0
0x003326c0,0x00513f30,upstream,1,0
0x003327b0,0x005c0d40,upstream,1,0
0x00332940,0x00512ee0,upstream,1,0
0x00332b30,0x004f2210,upstream,3,0
0x00332e30,,-,1000000000,0
0x00332ea0,0x0050f930,upstream,1,0
0x00332ee0,,-,1000000000,0
0x00332fe0,0x00510a20,upstream,1,0
0x00333030,0x00510320,upstream,1,0
0x00333150,,-,1000000000,0
0x003331a0,0x0050f930,upstream,1,0
0x003331e0,0x00511940,upstream,1,0
0x003332b0,,-,1000000000,0
0x003333c0,0x00510a20,upstream,1,0
0x00333410,0x00510320,upstream,1,0
0x003334f0,0x00511940,upstream,1,0
0x003335d0,,-,1000000000,0
0x00333720,,-,1000000000,0
0x003337a0,0x00512ee0,upstream,1,0
0x00333950,,-,1000000000,0
0x003339d0,0x00512ee0,upstream,1,0
0x00333c70,0x00513f30,upstream,1,0
0x00333f90,0x00512ee0,upstream,1,0
0x00334270,0x00512ee0,upstream,1,0
0x003342e0,0x00512ee0,upstream,1,0
0x00334310,,-,1000000000,0
0x00334390,,-,1000000000,0
0x003343e0,,-,1000000000,0
0x003344e0,0x00510a20,upstream,1,0
0x00334690,,-,1000000000,0
0x00334790,0x00510a20,upstream,1,0
0x003347e0,0x005118a0,upstream,1,0
0x003348c0,0x005118a0,upstream,1,0
0x00334970,,-,1000000000,0
0x00334bd0,0x00511940,upstream,1,0
0x00334c50,,-,1000000000,0
0x00334d60,0x00510a20,upstream,1,0
0x00334db0,0x00510320,upstream,1,0
0x00334f70,,-,1000000000,0
0x00335080,0x00510a20,upstream,1,0
0x003350d0,0x00510320,upstream,1,0
0x003351c0,0x005118a0,upstream,1,0
0x00335230,,-,1000000000,0
0x00335330,0x00510a20,upstream,1,0
0x003353d0,0x00511940,upstream,1,0
0x00335490,0x00513f30,upstream,1,0
0x00335dd0,0x00512ee0,upstream,2,0
0x00336140,0x00512ee0,upstream,1,0
0x003361d0,0x004f2210,upstream,1,0
0x00336290,0x00511940,upstream,1,0
0x00336360,0x0033c1b0,upstream,2,0
0x003364c0,0x004ba240,upstream,1,0
0x00336600,0x00511940,upstream,3,0
0x00336640,0x00429068,upstream,2,0
0x00336950,0x00345a10,upstream,3,0
0x00336b60,0x00345a10,upstream,3,0
0x00336c20,,-,1000000000,0
0x00336c70,,-,1000000000,0
0x00336cd0,,-,1000000000,0
0x00336d40,0x0042f3a0,upstream,1,0
0x00336f20,,-,1000000000,0
0x00336fd0,,-,1000000000,0
0x003370d0,0x00429068,upstream,1,0
0x00337350,,-,1000000000,0
0x003373f0,,-,1000000000,0
0x00337430,0x00345a10,upstream,2,0
0x00337480,,-,1000000000,0
0x00337490,,-,1000000000,0
0x003374e0,0x0042bd70,upstream,2,0
0x00337690,0x00429068,upstream,1,0
0x003376a0,,-,1000000000,0
0x003378e0,0x0033c3b0,upstream,1,0
0x00337930,0x0042bd70,upstream,1,1
0x00337d50,0x004ba240,upstream,1,0
0x00337dc0,,-,1000000000,0
0x00337dd0,0x0033c1b0,upstream,1,0
0x00337e10,,-,1000000000,0
0x00337e40,,-,1000000000,0
0x00337f90,0x0033c3b0,upstream,1,0
0x003380e0,0x004ba240,upstream,1,0
0x00338170,0x0033c3b0,upstream,1,0
0x00338210,0x0033c3b0,upstream,1,0
0x00338280,,-,1000000000,0
0x003382a0,,-,1000000000,0
0x003382c0,0x004ba240,upstream,1,0
0x00338320,0x004ba240,upstream,1,0
0x00338380,,-,1000000000,0
0x003383a0,0x0033c3b0,upstream,1,0
0x00338480,0x0042bd70,upstream,3,0
0x00338520,,-,1000000000,0
0x003385c0,,-,1000000000,0
0x00338700,0x0033c3b0,upstream,2,0
0x003388f0,0x0033c3b0,upstream,1,0
0x003389c0,0x0033c3b0,upstream,1,0
0x00338a30,0x0033c3b0,upstream,1,0
0x00338af0,0x0033c3b0,upstream,1,0
0x00338b60,,-,1000000000,0
0x00338ba0,,-,1000000000,0
0x00338ca0,,-,1000000000,0
0x00338df0,,-,1000000000,0
0x00338e10,,-,1000000000,0
0x00338e30,,-,1000000000,0
0x00338e50,,-,1000000000,0
0x00338e70,,-,1000000000,0
0x00338eb0,,-,1000000000,0
0x00338ed0,,-,1000000000,0
0x00338ff0,,-,1000000000,0
0x00339310,,-,1000000000,0
0x00339820,0x0033c3b0,upstream,1,0
0x00339f20,,-,1000000000,0
0x00339f90,,-,1000000000,0
0x00339fd0,,-,1000000000,0
0x0033a050,,-,1000000000,0
0x0033a0c0,,-,1000000000,0
0x0033a0f0,,-,1000000000,0
0x0033a140,,-,1000000000,0
0x0033a1b0,0x0033c3b0,upstream,1,0
0x0033a270,0x0033c3b0,upstream,1,0
0x0033a320,,-,1000000000,0
0x0033a390,,-,1000000000,0
0x0033a3f0,,-,1000000000,0
0x0033a410,,-,1000000000,0
0x0033a420,0x0033c3b0,upstream,1,0
0x0033a520,0x0042bd70,upstream,3,0
0x0033a570,,-,1000000000,0
0x0033a5b0,0x00345a10,upstream,2,0
0x0033a650,,-,1000000000,0
0x0033a760,,-,1000000000,0
0x0033aa50,,-,1000000000,0
0x0033aab0,0x0033c3b0,upstream,1,0
0x0033abd0,,-,1000000000,0
0x0033abf0,0x0033c1b0,upstream,1,0
0x0033adc0,,-,1000000000,0
0x0033ae60,0x0033c3b0,upstream,1,0
0x0033aed0,,-,1000000000,0
0x0033af10,,-,1000000000,0
0x0033afa0,,-,1000000000,0
0x0033b140,,-,1000000000,0
0x0033b190,0x0033c3b0,upstream,1,0
0x0033b2b0,0x0042f3a0,upstream,2,0
0x0033b300,0x00429068,upstream,1,0
0x0033b450,0x0042bd70,upstream,3,0
0x0033b520,,-,1000000000,0
0x0033b560,,-,1000000000,0
0x0033b5e0,,-,1000000000,0
0x0033b7e0,,-,1000000000,0
0x0033b820,0x004ba240,upstream,2,0
0x0033b860,,-,1000000000,0
0x0033b8b0,,-,1000000000,0
0x0033b930,,-,1000000000,0
0x0033b950,0x004ba240,upstream,1,0
0x0033b9a0,0x00511940,upstream,2,0
0x0033ba80,0x00511940,upstream,2,0
0x0033bae0,,-,1000000000,0
0x0033baf0,0x0033c1b0,upstream,1,0
0x0033bb60,0x0033c1b0,upstream,2,0
0x0033bbc0,0x0033c3b0,upstream,1,0
0x0033bc40,0x0033c3b0,upstream,1,0
0x0033bcb0,0x0033c3b0,upstream,1,0
0x0033bd60,0x0033c1b0,upstream,2,0
0x0033be20,0x0033c3b0,upstream,1,0
0x0033bed0,,-,1000000000,0
0x0033c070,,-,1000000000,0
0x0033c120,0x0033c120,upstream,0,1
0x0033c170,0x0033c170,upstream,0,1
0x0033c1b0,0x0033c1b0,upstream,0,1
0x0033c3b0,0x0033c3b0,upstream,0,0
0x0033c490,0x004ba240,upstream,1,0
0x0033c5d0,0x00428998,upstream,4,0
0x0033c610,0x004ba240,upstream,1,0
0x0033c700,0x0033c3b0,upstream,2,0
0x0033c790,,-,1000000000,0
0x0033c7d0,,-,1000000000,0
0x0033c810,0x00511940,upstream,1,0
0x0033c8b0,0x00511940,upstream,1,0
0x0033c970,0x0033c3b0,upstream,1,0
0x0033c9e0,,-,1000000000,0
0x0033ca10,,-,1000000000,0
0x0033ca40,,-,1000000000,0
0x0033ca70,,-,1000000000,0
0x0033ca80,,-,1000000000,0
0x0033cad0,0x0033c3b0,upstream,1,0
0x0033cb80,,-,1000000000,0
0x0033cb90,,-,1000000000,0
0x0033cca0,,-,1000000000,0
0x0033ce50,0x004287e0,upstream,4,0
0x0033d050,,-,1000000000,0
0x0033d0f0,,-,1000000000,0
0x0033d210,,-,1000000000,0
0x0033d290,0x004287e0,upstream,5,0
0x0033d2d0,,-,1000000000,0
0x0033d310,,-,1000000000,0
0x0033d320,,-,1000000000,0
0x0033d340,0x0033c3b0,upstream,1,0
0x0033d3e0,,-,1000000000,0
0x0033d420,,-,1000000000,0
0x0033d480,,-,1000000000,0
0x0033d4e0,0x003fad18,upstream,1,0
0x0033d550,,-,1000000000,0
0x0033d5e0,,-,1000000000,0
0x0033d5f0,,-,1000000000,0
0x0033d600,,-,1000000000,0
0x0033d650,0x0033c1b0,upstream,1,0
0x0033d740,0x0033c1b0,upstream,1,0
0x0033d7f0,0x0033c3b0,upstream,1,0
0x0033d860,0x0033c1b0,upstream,2,0
0x0033d8f0,,-,1000000000,0
0x0033d9b0,,-,1000000000,0
0x0033db20,,-,1000000000,0
0x0033dc90,0x0033c3b0,upstream,1,0
0x0033dd10,0x0033c1b0,upstream,1,0
0x0033ddb0,0x0033c1b0,upstream,1,0
0x0033de50,,-,1000000000,0
0x0033deb0,0x0033c3b0,upstream,1,0
0x0033df30,0x004287e0,upstream,1,0
0x0033dfb0,0x0033c3b0,upstream,1,0
0x0033e060,0x0033c1b0,upstream,1,0
0x0033e0d0,0x00428998,upstream,4,0
0x0033e130,0x0033c3b0,upstream,1,0
0x0033e1b0,0x004ba240,upstream,1,0
0x0033e2a0,0x0033c1b0,upstream,1,0
0x0033e340,0x0033c3b0,upstream,1,0
0x0033e550,0x0033c3b0,upstream,1,0
0x0033e600,0x0033c3b0,upstream,1,0
0x0033e6f0,0x0033c3b0,upstream,2,0
0x0033e920,,-,1000000000,0
0x0033e930,,-,1000000000,0
0x0033e990,,-,1000000000,0
0x0033e9f0,,-,1000000000,0
0x0033ea00,,-,1000000000,0
0x0033ea10,,-,1000000000,0
0x0033ea20,,-,1000000000,0
0x0033ea30,,-,1000000000,0
0x0033ea40,,-,1000000000,0
0x0033ea90,,-,1000000000,0
0x0033eaf0,,-,1000000000,0
0x0033eb00,,-,1000000000,0
0x0033eb10,,-,1000000000,0
0x0033eb20,,-,1000000000,0
0x0033eb70,0x0043fb68,upstream,2,0
0x0033ee30,0x0033c1b0,upstream,2,0
0x0033eec0,0x0033c1b0,upstream,1,0
0x0033f0d0,0x0033c3b0,upstream,1,0
0x0033f1a0,,-,1000000000,0
0x0033f1c0,,-,1000000000,0
0x0033f1d0,,-,1000000000,0
0x0033f220,0x0033c3b0,upstream,1,0
0x0033f2e0,0x0033c3b0,upstream,1,0
0x0033f380,,-,1000000000,0
0x0033f570,,-,1000000000,0
0x0033f590,,-,1000000000,0
0x0033f5b0,,-,1000000000,0
0x0033f610,,-,1000000000,0
0x0033f6e0,,-,1000000000,0
0x0033f700,,-,1000000000,0
0x0033f720,,-,1000000000,0
0x0033f740,,-,1000000000,0
0x0033f750,,-,1000000000,0
0x0033f780,,-,1000000000,0
0x0033f790,,-,1000000000,0
0x0033f7a0,,-,1000000000,0
0x0033f7c0,,-,1000000000,0
0x0033f7f0,,-,1000000000,0
0x0033f800,0x0042bd70,upstream,1,1
0x0033fc30,0x004ba240,upstream,1,0
0x0033fca0,,-,1000000000,0
0x0033fd20,0x0033c3b0,upstream,1,0
0x0033fda0,,-,1000000000,0
0x0033fde0,0x0033c3b0,upstream,1,0
0x0033fe90,0x0033c170,upstream,3,0
0x0033ff10,0x0042bd70,upstream,3,1
0x0033ff40,0x0033c170,upstream,3,0
0x0033ff70,0x0033c170,upstream,2,0
0x0033ffd0,,-,1000000000,0
0x00340050,0x0033c170,upstream,1,0
0x00340280,,-,1000000000,0
0x00340290,,-,1000000000,0
0x003402a0,,-,1000000000,0
0x003402b0,,-,1000000000,0
0x003402c0,,-,1000000000,0
0x003402d0,0x0033c170,upstream,2,0
0x00340310,0x0042bd70,upstream,2,0
0x003403d0,,-,1000000000,0
0x003403f0,,-,1000000000,0
0x00340470,0x0042bd70,upstream,1,0
0x00340580,0x0033c170,upstream,1,0
0x00340650,,-,1000000000,0
0x00340bf0,,-,1000000000,1
0x00340e30,,-,1000000000,0
0x00340ed0,,-,1000000000,0
0x00340f70,0x0042bd70,upstream,1,0
0x00341410,0x004ba240,upstream,1,0
0x00341480,,-,1000000000,0
0x00341490,0x0033c1b0,upstream,1,0
0x003416c0,0x0033c3b0,upstream,1,0
0x00341750,0x00345a10,upstream,2,0
0x00341860,0x00345a10,upstream,2,0
0x003418b0,0x0050f930,upstream,1,0
0x003418f0,0x00511940,upstream,1,0
0x00341a70,,-,1000000000,0
0x00341b80,0x00510a20,upstream,1,0
0x00341bd0,0x00510320,upstream,1,0
0x00341ca0,0x0050f930,upstream,1,0
0x00341ce0,0x00511940,upstream,1,0
0x00341e60,,-,1000000000,0
0x00341f70,0x00510a20,upstream,1,0
0x00341fd0,0x00510320,upstream,1,0
0x003420a0,,-,1000000000,0
0x003420e0,,-,1000000000,0
0x00342120,,-,1000000000,0
0x00342160,,-,1000000000,0
0x00342210,,-,1000000000,0
0x00342280,,-,1000000000,0
0x003422c0,,-,1000000000,0
0x00342300,,-,1000000000,0
0x00342340,,-,1000000000,0
0x003423f0,,-,1000000000,0
0x00342500,0x0058a7a0,upstream,1,0
0x003425e0,,-,1000000000,0
0x00342630,,-,1000000000,0
0x00342640,,-,1000000000,0
0x00342690,,-,1000000000,0
0x003426d0,,-,1000000000,0
0x003427c0,0x00511940,upstream,1,0
0x00342990,0x00511940,upstream,1,0
0x00342a40,0x00511940,upstream,1,0
0x00342c30,,-,1000000000,0
0x00342c50,0x00511940,upstream,1,0
0x00342da0,0x00511940,upstream,1,0
0x00342f80,0x004ba240,upstream,1,0
0x00342fd0,0x00429068,upstream,8,0
0x003430e0,0x00428998,upstream,1,0
0x003431f0,0x0023c590,upstream,1,0
0x003432c0,,-,1000000000,0
0x00343350,,-,1000000000,0
0x003433c0,0x0049f028,upstream,2,0
0x00343420,,-,1000000000,0
0x00343460,,-,1000000000,0
0x003434b0,0x00428998,upstream,1,0
0x00343630,0x00428998,upstream,1,0
0x00343720,,-,1000000000,0
0x003437a0,0x0049f028,upstream,3,0
0x00343860,,-,1000000000,0
0x00343890,,-,1000000000,0
0x003438d0,0x004ba240,upstream,1,0
0x00343940,0x00428998,upstream,1,0
0x003439f0,0x00428998,upstream,1,0
0x00343c60,,-,1000000000,0
0x00343cc0,0x0049f028,upstream,3,0
0x00343e10,,-,1000000000,0
0x00343e90,,-,1000000000,0
0x00344070,0x0058a7a0,upstream,1,0
0x00344d70,,-,1000000000,0
0x00344e20,0x0023c590,upstream,1,0
0x00345010,0x00238120,upstream,1,0
0x003450d0,0x004ba240,upstream,1,0
0x00345150,0x0023c590,upstream,2,0
0x00345190,,-,1000000000,0
0x00345230,,-,1000000000,0
0x003453d0,,-,1000000000,0
0x003453f0,,-,1000000000,0
0x00345460,0x0043fb68,upstream,2,0
0x00345510,0x0023c590,upstream,1,0
0x003455c0,,-,1000000000,0
0x003455d0,,-,1000000000,0
0x003455e0,0x004ba240,upstream,1,1
0x00345640,,-,1000000000,1
0x00345660,,-,1000000000,1
0x00345670,0x0033c120,upstream,1,0
0x003457e0,0x0033c170,upstream,1,0
0x00345860,0x00345a10,upstream,1,0
0x00345a10,0x00345a10,upstream,0,1
0x00345a20,0x0033c1b0,upstream,2,0
0x00345a70,0x0033c3b0,upstream,1,0
0x00345ae0,0x0042bd70,upstream,2,0
0x00345cc0,,-,1000000000,1
0x00345ce0,,-,1000000000,0
0x00345d70,0x0033c3b0,upstream,1,0
0x00345e10,,-,1000000000,0
0x00345e20,0x0033c3b0,upstream,1,0
0x00345e90,0x0033c1b0,upstream,1,0
0x00346240,0x0033c3b0,upstream,2,0
0x00346610,0x0033c1b0,upstream,1,0
0x003466c0,0x0033c3b0,upstream,1,0
0x00346740,0x0033c3b0,upstream,1,0
0x003467b0,,-,1000000000,0
0x003467c0,0x0033c3b0,upstream,1,0
0x00346830,0x0033c1b0,upstream,1,0
0x00346d20,0x0033c3b0,upstream,2,0
0x003472f0,,-,1000000000,0
0x00347330,,-,1000000000,0
0x00347390,0x0033c1b0,upstream,1,0
0x00347440,0x0033c3b0,upstream,1,0
0x003474c0,0x0033c3b0,upstream,1,0
0x00347530,0x0033c1b0,upstream,1,0
0x00347600,,-,1000000000,0
0x00347640,,-,1000000000,0
0x00347650,,-,1000000000,0
0x00347660,0x0033c3b0,upstream,1,0
0x00347740,,-,1000000000,1
0x003477b0,,-,1000000000,0
0x003477f0,0x00345a10,upstream,2,0
0x003478e0,0x0033c1b0,upstream,1,0
0x00347960,0x0033c170,upstream,1,1
0x003479b0,,-,1000000000,1
0x003479c0,0x0033c3b0,upstream,2,0
0x00347aa0,0x0033c3b0,upstream,1,0
0x00347b10,0x0033c1b0,upstream,2,0
0x00347ba0,0x004ba240,upstream,1,0
0x00347c00,,-,1000000000,0
0x00347c10,0x0033c3b0,upstream,1,0
0x00347ca0,0x0033c3b0,upstream,2,0
0x00347de0,0x0033c3b0,upstream,1,0
0x00347e50,0x0033c170,upstream,2,0
0x00347ed0,0x0033c170,upstream,1,0
0x00348120,,-,1000000000,0
0x00348130,0x0033c3b0,upstream,1,0
0x003481c0,,-,1000000000,0
0x003481d0,,-,1000000000,0
0x003481f0,,-,1000000000,0
0x00348200,0x0033c3b0,upstream,1,0
0x00348280,0x0033c3b0,upstream,2,0
0x00348330,0x0033c1b0,upstream,1,0
0x003483d0,0x0033c3b0,upstream,1,0
0x00348450,0x0033c3b0,upstream,1,0
0x003484c0,0x0033c1b0,upstream,2,0
0x00348510,0x0033c3b0,upstream,1,0
0x00348580,0x0042bd70,upstream,2,0
0x00348700,,-,1000000000,0
0x00348790,0x0033c3b0,upstream,1,0
0x00348830,,-,1000000000,0
0x00348880,0x0033c1b0,upstream,3,0
0x003488e0,0x0033c3b0,upstream,1,0
0x003489c0,0x0033c1b0,upstream,1,0
0x00348c00,0x0033c3b0,upstream,2,0
0x00348cc0,0x00345a10,upstream,2,0
0x00348e00,,-,1000000000,0
0x00348e20,,-,1000000000,0
0x00348e30,0x0033c3b0,upstream,1,0
0x00348ea0,0x0033c1b0,upstream,1,0
0x003492b0,0x0033c3b0,upstream,2,0
0x003496d0,0x0033c1b0,upstream,1,0
0x00349780,0x0033c3b0,upstream,1,0
0x00349800,,-,1000000000,0
0x00349810,0x0033c3b0,upstream,1,0
0x00349880,0x0033c3b0,upstream,2,0
0x00349a90,0x0033c1b0,upstream,1,0
0x00349b40,0x0033c3b0,upstream,1,0
0x00349bc0,0x0033c1b0,upstream,2,0
0x00349c40,,-,1000000000,0
0x00349c60,0x0033c3b0,upstream,1,0
0x00349cf0,0x0033c170,upstream,2,0
0x00349e20,0x0033c170,upstream,2,0
0x00349e80,0x0033c3b0,upstream,2,0
0x00349f70,0x004ba240,upstream,1,0
0x00349fe0,,-,1000000000,0
0x0034a020,0x0033c1b0,upstream,2,0
0x0034a090,0x0033c3b0,upstream,1,0
0x0034a100,0x00345a10,upstream,1,0
0x0034a570,,-,1000000000,0
0x0034a580,,-,1000000000,0
0x0034a590,,-,1000000000,0
0x0034a5a0,,-,1000000000,0
0x0034a5c0,0x0033c170,upstream,2,0
0x0034a640,0x0042bd70,upstream,1,0
0x0034a710,0x0033c3b0,upstream,1,0
0x0034a780,0x0033c3b0,upstream,1,0
0x0034a810,,-,1000000000,0
0x0034a870,0x0033c1b0,upstream,2,0
0x0034a8f0,0x0033c3b0,upstream,1,0
0x0034a960,0x0033c1b0,upstream,1,0
0x0034ae50,0x0033c170,upstream,2,0
0x0034aed0,0x0033c1b0,upstream,2,0
0x0034af40,0x0033c3b0,upstream,1,0
0x0034afb0,0x0033c1b0,upstream,1,0
0x0034b220,0x0033c170,upstream,2,0
0x0034b2a0,0x0033c1b0,upstream,2,0
0x0034b370,0x0033c3b0,upstream,1,0
0x0034b520,0x00345a10,upstream,1,0
0x0034bad0,,-,1000000000,0
0x0034bb20,,-,1000000000,0
0x0034bb50,0x0033c170,upstream,2,0
0x0034bc60,,-,1000000000,0
0x0034bd00,,-,1000000000,0
0x0034bd10,0x0033c3b0,upstream,1,0
0x0034bd80,0x00345a10,upstream,1,0
0x0034bf10,0x0033c3b0,upstream,2,0
0x0034c0c0,0x0033c1b0,upstream,1,0
0x0034c160,0x0033c3b0,upstream,1,0
0x0034c1e0,0x0033c1b0,upstream,2,0
0x0034c230,0x0033c3b0,upstream,1,0
0x0034c2e0,0x0042bd70,upstream,2,0
0x0034c370,,-,1000000000,0
0x0034c400,0x0033c3b0,upstream,1,0
0x0034c4a0,,-,1000000000,0
0x0034c4b0,0x0033c3b0,upstream,1,0
0x0034c530,0x0033c3b0,upstream,2,0
0x0034c5e0,0x0033c1b0,upstream,1,0
0x0034c680,0x0033c3b0,upstream,1,0
0x0034c700,0x0033c3b0,upstream,1,0
0x0034c770,,-,1000000000,0
0x0034c780,0x0033c3b0,upstream,1,0
0x0034c7f0,0x0033c1b0,upstream,1,0
0x0034c900,0x0033c3b0,upstream,2,0
0x0034ca80,0x0033c1b0,upstream,1,0
0x0034cb20,0x0033c3b0,upstream,1,0
0x0034cbb0,0x0033c3b0,upstream,1,0
0x0034cc20,0x004ba240,upstream,2,0
0x0034d030,0x0033c170,upstream,1,0
0x0034d060,,-,1000000000,0
0x0034d070,0x004ba240,upstream,3,0
0x0034d100,0x004ba240,upstream,1,0
0x0034d160,,-,1000000000,0
0x0034d180,0x004ba240,upstream,1,0
0x0034d1e0,,-,1000000000,0
0x0034d200,,-,1000000000,0
0x0034d210,,-,1000000000,0
0x0034d220,0x004ba240,upstream,1,0
0x0034d290,0x0033c3b0,upstream,1,0
0x0034d300,0x004ba240,upstream,1,0
0x0034d390,0x004ba240,upstream,1,0
0x0034d400,,-,1000000000,0
0x0034d410,0x00345a10,upstream,2,0
0x0034d5f0,,-,1000000000,0
0x0034d620,0x0033c3b0,upstream,2,0
0x0034d7e0,0x0042bd70,upstream,5,0
0x0034d850,,-,1000000000,0
0x0034d8a0,0x004ba240,upstream,1,0
0x0034d950,0x004ba240,upstream,2,0
0x0034d9e0,0x004ba240,upstream,1,0
0x0034daa0,0x0033c1b0,upstream,1,0
0x0034db50,0x0033c3b0,upstream,1,0
0x0034dbd0,0x0033c3b0,upstream,1,0
0x0034dc40,0x0033c1b0,upstream,2,0
0x0034dcb0,0x0033c3b0,upstream,1,0
0x0034dd20,0x0042bd70,upstream,4,0
0x0034dda0,0x0042bd70,upstream,2,0
0x0034de30,,-,1000000000,0
0x0034dec0,0x0033c3b0,upstream,1,0
0x0034df60,,-,1000000000,0
0x0034df70,0x0033c3b0,upstream,1,0
0x0034dfe0,0x0033c1b0,upstream,1,0
0x0034e3e0,0x0033c3b0,upstream,2,0
0x0034e840,0x0033c1b0,upstream,1,0
0x0034e8f0,0x0033c3b0,upstream,1,0
0x0034e970,,-,1000000000,0
0x0034e980,0x0033c3b0,upstream,1,0
0x0034e9f0,0x0033c1b0,upstream,1,0
0x0034ec40,0x0033c3b0,upstream,2,0
0x0034ee40,0x0033c1b0,upstream,1,0
0x0034eec0,0x0033c3b0,upstream,1,0
0x0034ef40,0x0033c3b0,upstream,1,0
0x0034efb0,,-,1000000000,0
0x0034efc0,0x0033c3b0,upstream,1,0
0x0034f030,0x0033c1b0,upstream,1,0
0x0034f2d0,0x0033c3b0,upstream,2,0
0x0034f4c0,0x0043b320,upstream,2,0
0x0034f680,0x0033c3b0,upstream,2,0
0x0034f830,,-,1000000000,0
0x0034f860,0x0033c1b0,upstream,1,0
0x0034f900,0x0033c3b0,upstream,1,0
0x0034f980,,-,1000000000,0
0x0034f990,0x0033c3b0,upstream,1,0
0x0034fa00,0x0033c1b0,upstream,1,0
0x0034ff90,0x0033c3b0,upstream,2,0
0x00350510,0x0033c1b0,upstream,1,0
0x003505c0,0x0033c3b0,upstream,1,0
0x00350640,0x0033c1b0,upstream,2,0
0x003506e0,0x0033c3b0,upstream,1,0
0x00350750,0x0043b320,upstream,2,0
0x003508d0,0x0033c1b0,upstream,2,0
0x00350960,0x0033c3b0,upstream,1,0
0x00350a40,0x0033c1b0,upstream,1,0
0x00350b50,0x0033c170,upstream,2,0
0x00350c20,,-,1000000000,0
0x00350c30,0x0033c3b0,upstream,1,0
0x00350ca0,0x0033c1b0,upstream,1,0
0x00350ea0,0x0033c3b0,upstream,2,0
0x00351120,0x0033c1b0,upstream,1,0
0x003511c0,0x0033c3b0,upstream,1,0
0x00351240,0x0033c1b0,upstream,2,0
0x00351290,0x0033c3b0,upstream,1,0
0x00351300,0x0042bd70,upstream,2,0
0x003513c0,,-,1000000000,0
0x00351450,0x0033c3b0,upstream,1,0
0x00351500,0x0033c3b0,upstream,1,0
0x00351570,0x00345a10,upstream,2,0
0x003516e0,0x0033c3b0,upstream,2,0
0x003518d0,0x0033c1b0,upstream,1,0
0x00351980,0x0033c3b0,upstream,1,0
0x00351a00,0x0033c1b0,upstream,2,0
0x00351a70,0x0033c3b0,upstream,1,0
0x00351ae0,0x0033c3b0,upstream,1,0
0x00351b60,0x0043b320,upstream,2,0
0x00351d00,0x0033c3b0,upstream,2,0
0x00351d70,0x0033c3b0,upstream,2,0
0x00351f60,0x0033c3b0,upstream,2,0
0x00351ff0,,-,1000000000,0
0x003520e0,,-,1000000000,0
0x00352170,0x0033c3b0,upstream,1,0
0x00352210,,-,1000000000,0
0x00352220,0x0033c3b0,upstream,1,0
0x00352290,0x0033c1b0,upstream,1,0
0x003525b0,0x0033c3b0,upstream,2,0
0x00352850,0x0033c1b0,upstream,1,0
0x00352980,0x0033c3b0,upstream,1,0
0x00352a00,,-,1000000000,0
0x00352a10,0x0033c3b0,upstream,1,0
0x00352a80,0x0033c1b0,upstream,1,0
0x00352f20,0x0033c3b0,upstream,2,0
0x00353540,,-,1000000000,0
0x00353580,0x0033c1b0,upstream,1,0
0x00353630,0x0033c3b0,upstream,1,0
0x003536b0,0x0033c1b0,upstream,2,0
0x00353700,0x0033c3b0,upstream,1,0
0x00353770,0x0042bd70,upstream,2,0
0x00353800,,-,1000000000,0
0x00353890,0x0033c3b0,upstream,1,0
0x00353930,,-,1000000000,0
0x00353980,0x0033c1b0,upstream,2,0
0x00353a20,0x0033c3b0,upstream,1,0
0x00353b00,0x00345a10,upstream,1,0
0x00354310,0x0033c3b0,upstream,2,0
0x00354860,,-,1000000000,0
0x003548e0,,-,1000000000,0
0x00354970,0x003fad18,upstream,1,0
0x00354c10,,-,1000000000,0
0x00354c20,,-,1000000000,0
0x00354c70,0x004ba240,upstream,1,0
0x00354cd0,0x0033c3b0,upstream,1,0
0x00354e00,0x00345a10,upstream,1,0
0x00355300,,-,1000000000,0
0x00355310,,-,1000000000,0
0x00355320,,-,1000000000,0
0x00355330,,-,1000000000,0
0x00355350,,-,1000000000,0
0x00355360,,-,1000000000,0
0x00355380,0x0033c3b0,upstream,2,0
0x003555c0,0x0033c170,upstream,1,0
0x003556e0,,-,1000000000,0
0x00355760,,-,1000000000,0
0x003557e0,0x0033c170,upstream,2,0
0x003558d0,0x0033c170,upstream,1,0
0x00355a90,,-,1000000000,0
0x00355aa0,,-,1000000000,0
0x00355ab0,0x0042bd70,upstream,2,0
0x00355bd0,,-,1000000000,0
0x00355bf0,0x0042bd70,upstream,1,0
0x00355d10,0x0033c1b0,upstream,1,0
0x00355e10,,-,1000000000,0
0x00355e20,,-,1000000000,0
0x00355e30,0x0033c3b0,upstream,1,0
0x00355eb0,0x0033c3b0,upstream,1,0
0x00355f20,,-,1000000000,0
0x00355f30,0x0033c3b0,upstream,1,0
0x00355fb0,0x0033c3b0,upstream,2,0
0x00356060,0x0033c1b0,upstream,1,0
0x00356100,0x0033c3b0,upstream,1,0
0x00356190,0x0033c3b0,upstream,1,0
0x00356200,0x00345a10,upstream,2,0
0x00356340,0x0033c3b0,upstream,2,0
0x003564e0,0x0033c1b0,upstream,1,0
0x00356590,0x0033c3b0,upstream,1,0
0x00356610,,-,1000000000,0
0x00356620,0x0033c3b0,upstream,1,0
0x00356690,0x0033c1b0,upstream,1,0
0x00356b50,0x0033c3b0,upstream,2,0
0x00357060,0x0033c1b0,upstream,1,0
0x00357110,0x0033c3b0,upstream,1,0
0x00357190,,-,1000000000,0
0x003571a0,0x0033c3b0,upstream,1,0
0x00357210,0x0033c1b0,upstream,1,0
0x00357530,0x0033c3b0,upstream,2,0
0x00357810,0x0033c1b0,upstream,1,0
0x003578c0,0x0033c3b0,upstream,1,0
0x00357940,,-,1000000000,0
0x00357950,,-,1000000000,1
0x003579c0,,-,1000000000,0
0x003579e0,0x0033c3b0,upstream,1,1
0x00357a50,,-,1000000000,0
0x00357a60,0x0033c170,upstream,1,0
0x00357ac0,0x0033c170,upstream,1,0
0x00357b10,,-,1000000000,0
0x00357b20,,-,1000000000,0
0x00357b30,,-,1000000000,0
0x00357b40,,-,1000000000,0
0x00357b60,,-,1000000000,1
0x00357b90,,-,1000000000,0
0x00357bb0,,-,1000000000,0
0x00357bf0,,-,1000000000,0
0x00357c90,,-,1000000000,0
0x00357cd0,,-,1000000000,0
0x00357d20,,-,1000000000,0
0x00357d50,0x0033c3b0,upstream,1,0
0x00357dc0,0x0033c1b0,upstream,2,0
0x00357e90,,-,1000000000,0
0x00357eb0,0x0033c3b0,upstream,1,0
0x00358080,,-,1000000000,0
0x00358130,0x0033c1b0,upstream,1,0
0x003588c0,,-,1000000000,0
0x00358940,,-,1000000000,1
0x003589c0,,-,1000000000,0
0x00358a40,,-,1000000000,0
0x00358ac0,0x00345a10,upstream,1,0
0x00359150,,-,1000000000,0
0x00359160,,-,1000000000,0
0x00359170,,-,1000000000,0
0x00359180,,-,1000000000,0
0x00359190,,-,1000000000,0
0x003591a0,0x004ba240,upstream,1,0
0x00359200,,-,1000000000,0
0x00359210,,-,1000000000,0
0x00359220,,-,1000000000,0
0x00359260,0x0042bd70,upstream,1,0
0x00359460,0x004ba240,upstream,1,0
0x003594d0,0x0033c170,upstream,1,0
0x00359690,,-,1000000000,0
0x003596a0,,-,1000000000,0
0x003596b0,0x0042bd70,upstream,2,0
0x003597d0,,-,1000000000,0
0x003597f0,,-,1000000000,0
0x00359830,0x0042bd70,upstream,1,0
0x00359950,0x0033c1b0,upstream,2,0
0x00359a50,0x0033c3b0,upstream,1,0
0x00359cb0,,-,1000000000,0
0x00359d20,0x0033c1b0,upstream,1,0
0x0035a2c0,,-,1000000000,0
0x0035a340,0x0033c170,upstream,2,0
0x0035a470,,-,1000000000,0
0x0035a4f0,,-,1000000000,0
0x0035a590,,-,1000000000,0
0x0035a5d0,,-,1000000000,0
0x0035a610,0x004287e0,upstream,7,1
0x0035a660,0x0043b320,upstream,1,0
0x0035a750,,-,1000000000,0
0x0035a770,0x004287e0,upstream,7,0
0x0035a800,0x0033c170,upstream,2,0
0x0035a8d0,0x0033c3b0,upstream,2,1
0x0035aa40,,-,1000000000,1
0x0035aae0,,-,1000000000,0
0x0035ab90,0x0033c3b0,upstream,1,0
0x0035ac50,,-,1000000000,1
0x0035acd0,,-,1000000000,0
0x0035ad30,0x004287e0,upstream,6,1
0x0035ad90,0x0033c3b0,upstream,2,0
0x0035aef0,,-,1000000000,0
0x0035af20,,-,1000000000,0
0x0035af50,0x003fad18,upstream,3,0
0x0035afa0,0x003fad18,upstream,2,0
0x0035b0e0,,-,1000000000,0
0x0035b120,0x003fad18,upstream,3,0
0x0035b160,0x0033c3b0,upstream,2,0
0x0035b2b0,0x0033c170,upstream,1,0
0x0035b360,,-,1000000000,0
0x0035b3e0,0x003fad18,upstream,2,0
0x0035b460,,-,1000000000,0
0x0035b4f0,,-,1000000000,0
0x0035b550,,-,1000000000,0
0x0035b5b0,0x0033c3b0,upstream,1,0
0x0035b6e0,,-,1000000000,0
0x0035b710,,-,1000000000,0
0x0035b760,,-,1000000000,0
0x0035b7b0,0x0033c3b0,upstream,1,0
0x0035b830,,-,1000000000,0
0x0035b940,0x0033c3b0,upstream,1,0
0x0035bbd0,,-,1000000000,0
0x0035bc10,,-,1000000000,0
0x0035bc40,,-,1000000000,0
0x0035bc90,0x0042bd70,upstream,2,1
0x0035bd00,,-,1000000000,0
0x0035bda0,,-,1000000000,0
0x0035bde0,,-,1000000000,0
0x0035bdf0,,-,1000000000,0
0x0035be10,,-,1000000000,0
0x0035be90,,-,1000000000,0
0x0035bfa0,,-,1000000000,0
0x0035c020,,-,1000000000,0
0x0035c180,,-,1000000000,0
0x0035c2b0,0x0033c3b0,upstream,1,0
0x0035c340,0x0033c3b0,upstream,1,0
0x0035c3f0,,-,1000000000,0
0x0035c430,,-,1000000000,1
0x0035c440,0x0042bd70,upstream,2,0
0x0035c600,0x0042bd70,upstream,2,0
0x0035c830,0x003fad18,upstream,1,0
0x0035ccc0,,-,1000000000,0
0x0035ce20,,-,1000000000,0
0x0035cf30,0x0033c3b0,upstream,1,0
0x0035cfb0,0x0042bd70,upstream,2,0
0x0035d170,0x0033c3b0,upstream,1,0
0x0035d250,,-,1000000000,0
0x0035d2c0,0x0033c1b0,upstream,1,0
0x0035d470,,-,1000000000,0
0x0035d590,0x0033c3b0,upstream,1,0
0x0035d640,,-,1000000000,0
0x0035d680,,-,1000000000,0
0x0035d730,,-,1000000000,0
0x0035d770,,-,1000000000,0
0x0035d820,0x0042bd70,upstream,2,0
0x0035da30,0x0042bd70,upstream,2,0
0x0035dcb0,,-,1000000000,0
0x0035e110,,-,1000000000,0
0x0035e230,0x0033c3b0,upstream,1,0
0x0035e2e0,,-,1000000000,0
0x0035e3b0,,-,1000000000,0
0x0035e4f0,0x0033c3b0,upstream,1,0
0x0035e580,0x0033c1b0,upstream,1,0
0x0035e6f0,0x004ba240,upstream,1,0
0x0035e750,,-,1000000000,0
0x0035e760,0x0033c3b0,upstream,1,0
0x0035e7f0,0x0033c3b0,upstream,1,0
0x0035e950,0x0033c3b0,upstream,1,0
0x0035ea40,0x00345a10,upstream,1,0
0x0035ebe0,,-,1000000000,0
0x0035ebf0,0x0033c170,upstream,2,0
0x0035ed80,0x00345a10,upstream,2,0
0x0035ee80,,-,1000000000,0
0x0035ee90,,-,1000000000,0
0x0035eed0,,-,1000000000,0
0x0035ef40,0x0042bd70,upstream,2,0
0x0035eff0,,-,1000000000,0
0x0035f070,,-,1000000000,0
0x0035f0e0,0x0033c170,upstream,1,0
0x0035f2a0,,-,1000000000,0
0x0035f2b0,,-,1000000000,0
0x0035f2c0,0x0033c170,upstream,1,0
0x0035f340,,-,1000000000,0
0x0035f350,,-,1000000000,0
0x0035f370,0x0042bd70,upstream,1,0
0x0035f490,,-,1000000000,0
0x0035f610,,-,1000000000,0
0x0035f680,0x00345a10,upstream,1,0
0x0035f6d0,,-,1000000000,0
0x0035f730,0x00345a10,upstream,2,0
0x0035f7f0,0x00345a10,upstream,1,0
0x0035fa80,,-,1000000000,0
0x0035fa90,0x0042bd70,upstream,3,0
0x0035fba0,0x003fad18,upstream,1,0
0x0035fe20,0x0033c1b0,upstream,1,0
0x003600a0,0x0033c3b0,upstream,1,0
0x00360110,0x0042bd70,upstream,2,0
0x00360470,,-,1000000000,0
0x00360510,0x0033c3b0,upstream,1,0
0x00360600,0x004ba240,upstream,1,0
0x00360660,0x0042bd70,upstream,2,0
0x00360df0,,-,1000000000,0
0x00360e20,0x0043b320,upstream,2,0
0x003618d0,,-,1000000000,0
0x00361980,0x0033c170,upstream,1,0
0x00361b30,,-,1000000000,0
0x00361b50,,-,1000000000,0
0x00361b70,0x0033c170,upstream,1,0
0x00361c50,0x0042bd70,upstream,1,0
0x00361f40,,-,1000000000,0
0x00361f50,,-,1000000000,0
0x00361fb0,,-,1000000000,0
0x00361ff0,0x0042bd70,upstream,1,0
0x003621a0,0x0042bd70,upstream,2,0
0x00362350,0x0033c120,upstream,1,0
0x00362580,,-,1000000000,0
0x003626a0,,-,1000000000,0
0x00362920,,-,1000000000,0
0x00362970,0x0042bd70,upstream,1,0
0x00362b60,,-,1000000000,0
0x00362b80,,-,1000000000,0
0x00362bc0,,-,1000000000,0
0x00362bd0,,-,1000000000,0
0x00362be0,,-,1000000000,0
0x00362c30,,-,1000000000,0
0x00362f60,0x0042bd70,upstream,1,0
0x00363910,0x0042bd70,upstream,1,0
0x00363b70,,-,1000000000,0
0x00363b90,0x0042bd70,upstream,3,0
0x00363c90,0x0033c1b0,upstream,1,0
0x00363e40,0x0033c3b0,upstream,1,0
0x00363ea0,0x0033c3b0,upstream,1,0
0x00363ef0,0x0033c3b0,upstream,1,0
0x00363f60,0x0042bd70,upstream,3,0
0x00363fd0,0x0033c1b0,upstream,1,0
0x00364120,0x0033c3b0,upstream,1,0
0x00364190,0x0042bd70,upstream,3,0
0x00364270,0x0033c1b0,upstream,2,0
0x00364370,,-,1000000000,0
0x00364410,0x0033c1b0,upstream,1,0
0x00364590,0x0033c3b0,upstream,1,0
0x00364600,,-,1000000000,0
0x00364620,0x0042bd70,upstream,2,0
0x00364820,0x0042bd70,upstream,2,0
0x00364a90,0x0033c3b0,upstream,1,0
0x00364b40,,-,1000000000,0
0x00364f70,,-,1000000000,0
0x00365080,,-,1000000000,0
0x003651b0,0x0033c3b0,upstream,1,0
0x00365250,0x00345a10,upstream,1,0
0x00365450,,-,1000000000,0
0x00365480,0x0042bd70,upstream,3,0
0x00365500,0x0033c1b0,upstream,1,0
0x00365660,0x0033c3b0,upstream,1,0
0x003656d0,0x0042bd70,upstream,3,0
0x003657f0,0x0033c1b0,upstream,2,0
0x00365a20,0x0033c1b0,upstream,1,0
0x00365d10,0x0033c3b0,upstream,1,0
0x00365d80,,-,1000000000,0
0x00365f60,0x00345a10,upstream,2,0
0x00365fa0,0x0042bd70,upstream,4,0
0x00365ff0,0x0042bd70,upstream,3,0
0x003660d0,,-,1000000000,0
0x003660e0,,-,1000000000,0
0x00366100,0x00345a10,upstream,1,0
0x00366510,0x00345a10,upstream,1,0
0x00366820,,-,1000000000,0
0x00366840,,-,1000000000,0
0x00366c10,,-,1000000000,0
0x00366f00,0x0042bd70,upstream,2,0
0x00367010,,-,1000000000,0
0x00367020,,-,1000000000,0
0x00367030,0x00345a10,upstream,1,0
0x003671c0,,-,1000000000,0
0x00367440,,-,1000000000,0
0x003674c0,0x0042bd70,upstream,1,1
0x003678b0,,-,1000000000,0
0x003678d0,,-,1000000000,0
0x003678e0,0x0042bd70,upstream,2,0
0x00367960,0x004ba240,upstream,1,0
0x003679d0,,-,1000000000,0
0x00367b10,,-,1000000000,0
0x00367d80,,-,1000000000,0
0x00367da0,,-,1000000000,0
0x00367dc0,,-,1000000000,0
0x00368070,,-,1000000000,0
0x003680a0,,-,1000000000,0
0x00368150,,-,1000000000,0
0x00368250,0x0042bd70,upstream,1,0
0x00368710,,-,1000000000,0
0x00368720,,-,1000000000,0
0x00368740,,-,1000000000,0
0x00368750,,-,1000000000,0
0x003687a0,0x0033c1b0,upstream,1,0
0x00368830,,-,1000000000,0
0x003688b0,,-,1000000000,0
0x003688c0,0x0033c170,upstream,1,0
0x00368990,0x0033c1b0,upstream,1,0
0x00368ca0,0x0033c3b0,upstream,1,0
0x00368d20,0x0033c3b0,upstream,1,0
0x00368d90,,-,1000000000,0
0x00368e10,0x0033c3b0,upstream,2,0
0x00368ef0,0x0033c1b0,upstream,1,0
0x00369040,,-,1000000000,0
0x003690c0,0x0033c3b0,upstream,2,0
0x003691a0,0x0033c1b0,upstream,1,0
0x00369310,,-,1000000000,0
0x00369390,0x0033c170,upstream,2,0
0x00369480,0x0033c3b0,upstream,1,0
0x003694f0,0x0033c1b0,upstream,1,0
0x00369740,,-,1000000000,0
0x003697c0,0x0033c3b0,upstream,1,0
0x003698d0,0x0033c1b0,upstream,1,0
0x00369c20,,-,1000000000,0
0x00369c30,,-,1000000000,0
0x00369c50,,-,1000000000,0
0x00369c60,0x0033c1b0,upstream,1,0
0x0036a050,,-,1000000000,0
0x0036a080,,-,1000000000,0
0x0036a0b0,0x0033c1b0,upstream,2,0
0x0036a280,,-,1000000000,0
0x0036a290,,-,1000000000,0
0x0036a3c0,0x0033c3b0,upstream,1,0
0x0036a5a0,,-,1000000000,0
0x0036a670,0x0033c1b0,upstream,1,0
0x0036a7c0,,-,1000000000,0
0x0036a7d0,0x004ba240,upstream,1,0
0x0036a830,0x004ba240,upstream,1,0
0x0036a890,0x0033c3b0,upstream,1,0
0x0036a910,0x0033c3b0,upstream,1,0
0x0036aa90,0x0033c3b0,upstream,1,0
0x0036ac10,,-,1000000000,0
0x0036ac20,0x0033c3b0,upstream,2,0
0x0036ac80,0x0033c170,upstream,2,0
0x0036acf0,0x0042bd70,upstream,2,0
0x0036adf0,,-,1000000000,0
0x0036ae50,,-,1000000000,0
0x0036aed0,,-,1000000000,0
0x0036afc0,0x0042bd70,upstream,1,0
0x0036b240,0x004ba240,upstream,2,0
0x0036b300,0x0033c3b0,upstream,1,0
0x0036b370,0x004ba240,upstream,1,0
0x0036b3e0,0x004ba240,upstream,1,0
0x0036b440,,-,1000000000,0
0x0036b460,0x004ba240,upstream,1,0
0x0036b4d0,0x0033c170,upstream,1,0
0x0036b690,,-,1000000000,0
0x0036b6a0,,-,1000000000,0
0x0036b6b0,0x0033c170,upstream,1,0
0x0036b780,,-,1000000000,0
0x0036b790,,-,1000000000,0
0x0036b7b0,0x0033c170,upstream,1,0
0x0036b970,,-,1000000000,0
0x0036b980,,-,1000000000,0
0x0036b990,,-,1000000000,0
0x0036b9b0,0x0033c3b0,upstream,1,0
0x0036bce0,0x0033c3b0,upstream,1,0
0x0036bd50,0x0033c1b0,upstream,1,0
0x0036bf40,,-,1000000000,0
0x0036bf70,0x0033c3b0,upstream,1,0
0x0036c140,0x00345a10,upstream,1,0
0x0036c220,,-,1000000000,0
0x0036c230,0x004ba240,upstream,2,0
0x0036c380,0x0042bd70,upstream,3,0
0x0036c3b0,0x0042bd70,upstream,1,0
0x0036c860,,-,1000000000,0
0x0036c870,,-,1000000000,0
0x0036c890,,-,1000000000,0
0x0036c8a0,,-,1000000000,0
0x0036c8b0,,-,1000000000,0
0x0036c8c0,0x004ba240,upstream,2,0
0x0036c950,0x0042bd70,upstream,1,0
0x0036ca70,0x0033c170,upstream,1,0
0x0036cb40,,-,1000000000,0
0x0036cb50,0x00345a10,upstream,1,0
0x0036cf40,,-,1000000000,0
0x0036cf50,0x00345a10,upstream,1,0
0x0036d190,0x0042bd70,upstream,2,0
0x0036d1e0,0x0042bd70,upstream,2,0
0x0036d230,,-,1000000000,0
0x0036d490,0x0042bd70,upstream,1,0
0x0036d550,0x0042bd70,upstream,1,0
0x0036d630,,-,1000000000,0
0x0036d660,,-,1000000000,0
0x0036d690,,-,1000000000,0
0x0036d940,,-,1000000000,0
0x0036daf0,0x0042bd70,upstream,2,0
0x0036de90,0x0033c3b0,upstream,1,0
0x0036df80,0x004ba240,upstream,1,0
0x0036dfe0,0x004ba240,upstream,1,0
0x0036e040,0x004ba240,upstream,1,0
0x0036e0a0,0x0033c3b0,upstream,1,0
0x0036e190,0x004ba240,upstream,1,0
0x0036e1f0,0x004ba240,upstream,1,0
0x0036e250,,-,1000000000,0
0x0036e270,0x004ba240,upstream,1,0
0x0036e2d0,0x0033c3b0,upstream,1,0
0x0036e9a0,0x004ba240,upstream,1,0
0x0036ea00,0x004ba240,upstream,1,0
0x0036ea60,0x004ba240,upstream,1,0
0x0036eac0,0x004ba240,upstream,1,0
0x0036eb30,0x004ba240,upstream,1,0
0x0036eb90,0x00345a10,upstream,1,0
0x0036edc0,,-,1000000000,0
0x0036f5a0,,-,1000000000,0
0x0036f780,0x0042bd70,upstream,3,0
0x0036f800,,-,1000000000,0
0x0036f840,0x0042bd70,upstream,3,0
0x0036f910,0x0033c3b0,upstream,1,0
0x0036f990,0x0042bd70,upstream,3,0
0x0036fb10,0x00345a10,upstream,1,0
0x0036fdd0,0x004ba240,upstream,2,0
0x00370200,0x0042bd70,upstream,2,0
0x00370820,,-,1000000000,0
0x00370830,0x00345a10,upstream,2,0
0x00370a20,,-,1000000000,0
0x00370bf0,0x0033c3b0,upstream,2,0
0x00370d10,0x0042bd70,upstream,2,0
0x003710a0,,-,1000000000,0
0x003710b0,0x0042bd70,upstream,2,0
0x00371460,0x0042bd70,upstream,2,0
0x003717f0,0x004ba240,upstream,2,0
0x00372270,0x0033c3b0,upstream,1,0
0x003722e0,0x004ba240,upstream,1,0
0x00372340,0x004ba240,upstream,1,0
0x003723a0,,-,1000000000,0
0x003723c0,,-,1000000000,0
0x003723d0,,-,1000000000,0
0x003723e0,,-,1000000000,0
0x00372460,,-,1000000000,0
0x00372480,0x004ba240,upstream,2,0
0x00372980,0x004ba240,upstream,1,0
0x00372a10,0x004ba240,upstream,1,0
0x00372a80,0x0042bd70,upstream,2,0
0x00372ac0,,-,1000000000,0
0x00372ae0,0x00345a10,upstream,1,0
0x00373050,0x0033c3b0,upstream,1,0
0x00374770,,-,1000000000,0
0x00374780,0x00345a10,upstream,2,0
0x00374820,0x00345a10,upstream,1,0
0x00375a50,0x0042bd70,upstream,2,0
0x00375db0,0x004ba240,upstream,2,0
0x00376250,0x004ba240,upstream,2,0
0x00376900,0x00345a10,upstream,1,0
0x00376b90,0x00345a10,upstream,2,0
0x00376d10,0x00345a10,upstream,2,0
0x00376d50,0x00345a10,upstream,1,0
0x003770e0,0x0042bd70,upstream,2,0
0x00377190,,-,1000000000,0
0x003771c0,0x0042bd70,upstream,2,0
0x00377290,0x0042bd70,upstream,2,0
0x00377590,0x0033c3b0,upstream,1,0
0x00377620,,-,1000000000,0
0x00377720,0x004ba240,upstream,2,0
0x00377b60,0x00345a10,upstream,1,0
0x00377e80,0x0033c3b0,upstream,1,0
0x00378320,0x004ba240,upstream,2,0
0x00378750,0x004ba240,upstream,2,0
0x00378cf0,0x00345a10,upstream,2,0
0x00378e60,0x00345a10,upstream,1,0
0x00379170,0x00345a10,upstream,2,0
0x00379200,0x00345a10,upstream,1,0
0x00379600,0x00345a10,upstream,2,0
0x003796b0,0x00345a10,upstream,2,0
0x00379810,0x00345a10,upstream,1,0
0x00379b60,,-,1000000000,0
0x00379b70,,-,1000000000,0
0x00379bc0,0x0042bd70,upstream,2,0
0x00379c30,,-,1000000000,0
0x00379ea0,,-,1000000000,0
0x0037a0e0,0x0042bd70,upstream,1,0
0x0037a530,0x0042bd70,upstream,1,0
0x0037a5e0,0x0042bd70,upstream,1,0
0x0037aa40,,-,1000000000,0
0x0037aa50,,-,1000000000,0
0x0037aa70,,-,1000000000,0
0x0037aa80,,-,1000000000,0
0x0037ab50,,-,1000000000,0
0x0037abd0,0x0042bd70,upstream,1,0
0x0037ad60,,-,1000000000,0
0x0037ae50,0x0042bd70,upstream,1,0
0x0037b400,,-,1000000000,0
0x0037b410,,-,1000000000,0
0x0037b430,,-,1000000000,0
0x0037b440,,-,1000000000,0
0x0037b4e0,0x0042bd70,upstream,1,0
0x0037b650,0x0042bd70,upstream,1,0
0x0037b720,0x004ba240,upstream,1,0
0x0037b7d0,0x004ba240,upstream,1,0
0x0037b840,0x004ba240,upstream,1,0
0x0037b8b0,0x004ba240,upstream,1,0
0x0037b920,0x004ba240,upstream,1,0
0x0037b990,0x0033c170,upstream,1,0
0x0037bb50,,-,1000000000,0
0x0037bb60,,-,1000000000,0
0x0037bb70,0x0042bd70,upstream,2,0
0x0037bc40,,-,1000000000,0
0x0037bc60,0x0033c170,upstream,1,0
0x0037be20,,-,1000000000,0
0x0037be30,,-,1000000000,0
0x0037be40,0x0042bd70,upstream,2,0
0x0037c030,,-,1000000000,0
0x0037c040,,-,1000000000,0
0x0037c050,0x004ba240,upstream,2,0
0x0037c1d0,,-,1000000000,0
0x0037c1f0,,-,1000000000,0
0x0037c200,,-,1000000000,0
0x0037c220,0x0042bd70,upstream,2,0
0x0037c430,0x004ba240,upstream,2,0
0x0037c5b0,,-,1000000000,0
0x0037c5d0,,-,1000000000,0
0x0037c5f0,,-,1000000000,0
0x0037c700,,-,1000000000,0
0x0037c990,,-,1000000000,0
0x0037c9b0,,-,1000000000,0
0x0037cc50,,-,1000000000,0
0x0037cc80,,-,1000000000,0
0x0037cd30,0x0042bd70,upstream,2,0
0x0037cde0,,-,1000000000,0
0x0037ce60,0x004ba240,upstream,2,0
0x0037cf30,0x004ba240,upstream,1,0
0x0037cfa0,,-,1000000000,0
0x0037cfe0,,-,1000000000,0
0x0037cff0,0x0042bd70,upstream,1,0
0x0037d4b0,,-,1000000000,0
0x0037d4c0,,-,1000000000,0
0x0037d4e0,,-,1000000000,0
0x0037d4f0,0x0042bd70,upstream,1,0
0x0037d6a0,0x004ba240,upstream,2,0
0x0037d780,0x004ba240,upstream,1,0
0x0037d7f0,0x0042bd70,upstream,1,0
0x0037dcb0,,-,1000000000,0
0x0037dcc0,,-,1000000000,0
0x0037dce0,,-,1000000000,0
0x0037dcf0,0x0042bd70,upstream,1,0
0x0037dea0,0x0033c3b0,upstream,2,0
0x0037df20,,-,1000000000,0
0x0037df70,0x0033c3b0,upstream,2,0
0x0037e000,,-,1000000000,0
0x0037e050,0x0042bd70,upstream,1,0
0x0037e160,0x0033c170,upstream,1,0
0x0037e1e0,,-,1000000000,0
0x0037e1f0,,-,1000000000,0
0x0037e210,,-,1000000000,0
0x0037e260,0x00345a10,upstream,1,0
0x0037e2d0,0x0042bd70,upstream,3,0
0x0037e330,,-,1000000000,0
0x0037e390,,-,1000000000,0
0x0037e3f0,0x0042bd70,upstream,2,0
0x0037e440,,-,1000000000,0
0x0037e4f0,,-,1000000000,0
0x0037e570,,-,1000000000,0
0x0037e6b0,,-,1000000000,0
0x0037ebd0,,-,1000000000,0
0x0037f0f0,0x0042bd70,upstream,1,0
0x0037f1c0,0x0033c3b0,upstream,2,0
0x0037f2f0,0x0042bd70,upstream,2,0
0x0037f3c0,,-,1000000000,0
0x0037f3d0,0x0042bd70,upstream,1,0
0x0037fa40,,-,1000000000,0
0x0037fa50,,-,1000000000,0
0x0037fa70,,-,1000000000,0
0x0037fa80,0x0042bd70,upstream,2,0
0x0037fad0,0x0042bd70,upstream,2,0
0x0037fb50,,-,1000000000,0
0x0037fb60,0x0033c3b0,upstream,2,0
0x0037fcc0,0x0042bd70,upstream,2,0
0x0037fd50,0x0042bd70,upstream,1,0
0x00380260,,-,1000000000,0
0x00380270,,-,1000000000,0
0x00380290,,-,1000000000,0
0x003802a0,0x0042bd70,upstream,1,0
0x003803c0,,-,1000000000,0
0x00380560,,-,1000000000,0
0x00380700,,-,1000000000,0
0x00380790,,-,1000000000,0
0x00380860,,-,1000000000,0
0x00380930,0x0042bd70,upstream,1,0
0x00380a30,0x0042bd70,upstream,1,0
0x00380cf0,0x0033c1b0,upstream,1,0
0x00380db0,0x0033c3b0,upstream,1,0
0x00380e80,0x00345a10,upstream,1,0
0x00380ef0,0x00345a10,upstream,1,0
0x00380f60,,-,1000000000,0
0x00380f70,,-,1000000000,0
0x00380f80,,-,1000000000,0
0x00380f90,,-,1000000000,0
0x00380fa0,,-,1000000000,0
0x00380fb0,,-,1000000000,0
0x00380fc0,,-,1000000000,0
0x00380fd0,,-,1000000000,0
0x00380fe0,,-,1000000000,0
0x00380ff0,,-,1000000000,0
0x00381000,,-,1000000000,0
0x00381010,,-,1000000000,0
0x00381020,,-,1000000000,0
0x00381030,,-,1000000000,0
0x00383070,,-,1000000000,0
0x00383640,,-,1000000000,0
0x00383c30,,-,1000000000,0
0x00384230,,-,1000000000,0
0x003847a0,,-,1000000000,0
0x00384990,,-,1000000000,0
0x00384b80,,-,1000000000,0
0x00384d70,,-,1000000000,0
0x00384f20,0x0042bd70,upstream,2,0
0x00385300,0x0042bd70,upstream,2,0
0x003856e0,0x0042bd70,upstream,2,0
0x00385c10,,-,1000000000,0
0x00385c40,,-,1000000000,0
0x00385d10,,-,1000000000,0
0x00385dc0,,-,1000000000,0
0x00385e20,,-,1000000000,0
0x00386090,,-,1000000000,0
0x00386120,,-,1000000000,0
0x00386130,,-,1000000000,0
0x00386150,,-,1000000000,0
0x00386160,,-,1000000000,0
0x00386170,,-,1000000000,0
0x003863e0,,-,1000000000,0
0x00386a00,,-,1000000000,0
0x00387230,0x00345a10,upstream,1,0
0x00387570,,-,1000000000,0
0x003876a0,,-,1000000000,0
0x00387780,,-,1000000000,0
0x00387850,,-,1000000000,0
0x00387a00,,-,1000000000,0
0x00387c40,0x004ba240,upstream,2,0
0x00387e10,0x0033c3b0,upstream,1,0
0x00387e70,0x00345a10,upstream,1,0
0x00388210,,-,1000000000,0
0x00388430,0x00345a10,upstream,1,0
0x003885d0,0x0033c3b0,upstream,1,0
0x00388870,,-,1000000000,0
0x003890e0,,-,1000000000,0
0x00389170,0x0033c3b0,upstream,1,0
0x00389300,0x0033c1b0,upstream,1,0
0x003894e0,,-,1000000000,0
0x00389570,0x00345a10,upstream,1,0
0x00389950,0x00345a10,upstream,1,0
0x00389bb0,,-,1000000000,0
0x00389bf0,,-,1000000000,0
0x0038a010,0x003fad18,upstream,2,0
0x0038a250,,-,1000000000,0
0x0038a850,,-,1000000000,0
0x0038b350,,-,1000000000,0
0x0038b460,,-,1000000000,0
0x0038cd30,,-,1000000000,0
0x0038d950,,-,1000000000,0
0x0038da20,0x00345a10,upstream,3,0
0x0038dab0,,-,1000000000,0
0x0038dc90,0x004ba240,upstream,3,0
0x0038dea0,,-,1000000000,0
0x0038dec0,,-,1000000000,0
0x0038dee0,,-,1000000000,0
0x0038df00,0x0033c3b0,upstream,1,0
0x0038df70,0x0033c3b0,upstream,1,0
0x0038e150,0x00345a10,upstream,1,0
0x0038e2a0,,-,1000000000,0
0x0038e3b0,,-,1000000000,0
0x0038e3c0,,-,1000000000,0
0x0038e480,0x0042bd70,upstream,2,0
0x0038e5a0,0x00345a10,upstream,1,0
0x0038e6e0,,-,1000000000,0
0x0038e7c0,,-,1000000000,0
0x0038e8b0,0x00345a10,upstream,1,0
0x0038e9a0,0x00345a10,upstream,1,0
0x0038ea50,0x00345a10,upstream,1,0
0x0038eaf0,,-,1000000000,0
0x0038eb40,,-,1000000000,0
0x0038ed80,0x0042bd70,upstream,2,0
0x0038edf0,0x004ba240,upstream,2,0
0x0038eec0,0x0033c3b0,upstream,1,0
0x0038ef40,,-,1000000000,0
0x0038ef50,,-,1000000000,0
0x0038efd0,0x0042bd70,upstream,1,0
0x0038f3d0,,-,1000000000,0
0x0038f3f0,,-,1000000000,0
0x0038f400,0x004ba240,upstream,1,0
0x0038f470,0x004ba240,upstream,1,0
0x0038f4e0,0x004ba240,upstream,1,0
0x0038f550,,-,1000000000,0
0x0038f590,,-,1000000000,0
0x0038f670,,-,1000000000,0
0x0038f8a0,,-,1000000000,0
0x0038f8b0,,-,1000000000,0
0x0038fb30,,-,1000000000,0
0x0038fb40,,-,1000000000,0
0x0038fbe0,,-,1000000000,0
0x0038fcb0,0x0042bd70,upstream,1,0
0x003900f0,,-,1000000000,0
0x00390100,,-,1000000000,0
0x00390120,,-,1000000000,0
0x00390130,0x004ba240,upstream,2,0
0x00390260,,-,1000000000,0
0x00390270,0x0042bd70,upstream,3,0
0x003902a0,0x0042bd70,upstream,1,0
0x00390740,,-,1000000000,0
0x00390750,,-,1000000000,0
0x00390770,,-,1000000000,0
0x00390780,0x0042bd70,upstream,3,0
0x003907b0,0x0042bd70,upstream,3,0
0x003907e0,,-,1000000000,0
0x00390820,0x004ba240,upstream,2,0
0x003908a0,0x0042bd70,upstream,2,0
0x003908f0,0x0042bd70,upstream,1,0
0x003909f0,,-,1000000000,0
0x00390af0,0x0033c3b0,upstream,1,0
0x00390bb0,0x0033c3b0,upstream,1,0
0x00390cf0,0x0033c1b0,upstream,1,0
0x00390e80,,-,1000000000,0
0x00390eb0,,-,1000000000,0
0x00390f40,,-,1000000000,0
0x00391030,,-,1000000000,0
0x00391090,,-,1000000000,0
0x00391100,0x0033c1b0,upstream,2,0
0x00391160,0x0033c1b0,upstream,2,0
0x003911c0,0x0033c1b0,upstream,2,0
0x00391220,0x0033c1b0,upstream,2,0
0x00391280,0x0033c1b0,upstream,2,0
0x003912e0,0x0033c3b0,upstream,1,0
0x00392bd0,,-,1000000000,0
0x00392e50,,-,1000000000,0
0x00392f00,0x0033c3b0,upstream,4,0
0x00392f30,0x0033c170,upstream,2,0
0x00393040,,-,1000000000,0
0x00393130,0x0033c1b0,upstream,2,0
0x00393570,0x0033c3b0,upstream,1,0
0x00393630,0x00345a10,upstream,2,0
0x00393680,0x00345a10,upstream,1,0
0x00393b20,,-,1000000000,0
0x00393c90,,-,1000000000,0
0x00394030,,-,1000000000,0
0x00394050,,-,1000000000,0
0x00394090,,-,1000000000,0
0x003944d0,,-,1000000000,0
0x003946e0,0x0033c3b0,upstream,1,0
0x00394790,0x0033c1b0,upstream,1,0
0x00394850,,-,1000000000,0
0x00394960,0x0033c1b0,upstream,1,0
0x00394a80,,-,1000000000,0
0x00395010,,-,1000000000,0
0x00395520,0x0033c3b0,upstream,1,0
0x00395650,,-,1000000000,0
0x003958c0,0x00345a10,upstream,2,0
0x00395920,,-,1000000000,0
0x00395990,,-,1000000000,0
0x00395a50,,-,1000000000,0
0x00395b30,,-,1000000000,0
0x00395bc0,,-,1000000000,0
0x00395cb0,,-,1000000000,0
0x00395d70,,-,1000000000,0
0x00395e70,,-,1000000000,0
0x00395f10,0x0043b320,upstream,1,0
0x00396380,0x00345a10,upstream,1,0
0x003967e0,,-,1000000000,0
0x00396800,0x0042bd70,upstream,2,0
0x003968b0,,-,1000000000,0
0x003968c0,,-,1000000000,0
0x003968d0,0x0033c3b0,upstream,1,0
0x003969e0,,-,1000000000,0
0x00396a90,,-,1000000000,0
0x00396f00,,-,1000000000,0
0x00396fc0,,-,1000000000,0
0x00397050,,-,1000000000,0
0x003970a0,,-,1000000000,0
0x00397200,,-,1000000000,0
0x003975c0,,-,1000000000,0
0x003976c0,,-,1000000000,0
0x00397a80,,-,1000000000,0
0x00397a90,,-,1000000000,0
0x00397bf0,,-,1000000000,0
0x00397ca0,,-,1000000000,0
0x00397ea0,,-,1000000000,0
0x00398090,,-,1000000000,0
0x003981c0,0x00345a10,upstream,1,0
0x00398780,0x00345a10,upstream,1,0
0x00398850,,-,1000000000,0
0x003988c0,0x00345a10,upstream,1,0
0x00398930,,-,1000000000,0
0x00398c80,,-,1000000000,0
0x00399000,,-,1000000000,0
0x00399050,,-,1000000000,0
0x003994a0,0x00345a10,upstream,4,0
0x00399520,0x00345a10,upstream,1,0
0x00399ca0,,-,1000000000,0
0x00399d00,0x0033c3b0,upstream,1,0
0x00399e40,,-,1000000000,0
0x00399ed0,,-,1000000000,0
0x0039a110,0x0033c1b0,upstream,1,0
0x0039a300,0x0042bd70,upstream,1,0
0x0039a3e0,0x0033c1b0,upstream,2,0
0x0039a4a0,0x0033c3b0,upstream,1,0
0x0039a590,0x0033c3b0,upstream,1,0
0x0039a600,0x0033c1b0,upstream,1,0
0x0039a6f0,,-,1000000000,0
0x0039a750,,-,1000000000,0
0x0039a800,0x00345a10,upstream,1,0
0x0039a8f0,0x00345a10,upstream,1,0
0x0039a9a0,,-,1000000000,0
0x0039aa60,,-,1000000000,0
0x0039ab30,,-,1000000000,0
0x0039ac90,,-,1000000000,0
0x0039ad50,,-,1000000000,0
0x0039adb0,0x00345a10,upstream,1,0
0x0039b540,,-,1000000000,0
0x0039b5a0,,-,1000000000,0
0x0039b700,0x0033c3b0,upstream,1,0
0x0039b7a0,0x0033c1b0,upstream,1,0
0x0039b950,,-,1000000000,0
0x0039ba30,,-,1000000000,0
0x0039bed0,,-,1000000000,0
0x0039bfa0,,-,1000000000,0
0x0039c150,,-,1000000000,0
0x0039c390,0x0033c3b0,upstream,1,0
0x0039c420,,-,1000000000,0
0x0039c4b0,,-,1000000000,0
0x0039c530,0x004ba240,upstream,1,0
0x0039c590,0x0033c3b0,upstream,1,0
0x0039c6a0,0x0033c3b0,upstream,1,0
0x0039c730,0x00345a10,upstream,1,0
0x0039c800,0x0033c3b0,upstream,1,0
0x0039c8b0,0x0042bd70,upstream,3,0
0x0039c8f0,,-,1000000000,0
0x0039c9b0,,-,1000000000,0
0x0039c9c0,,-,1000000000,0
0x0039c9d0,,-,1000000000,0
0x0039c9e0,,-,1000000000,0
0x0039ca10,,-,1000000000,0
0x0039cb30,0x004ba240,upstream,1,0
0x0039cba0,0x0033c3b0,upstream,1,0
0x0039cc30,,-,1000000000,0
0x0039cc40,0x004ba240,upstream,1,0
0x0039ccb0,0x004ba240,upstream,1,0
0x0039cd10,,-,1000000000,0
0x0039cd90,0x0033c170,upstream,1,0
0x0039cfd0,,-,1000000000,0
0x0039cfe0,,-,1000000000,0
0x0039cff0,,-,1000000000,0
0x0039d010,0x0042bd70,upstream,2,0
0x0039d0e0,0x0033c170,upstream,1,0
0x0039d2a0,0x0042bd70,upstream,1,0
0x0039d3c0,0x0042bd70,upstream,1,0
0x0039d4d0,,-,1000000000,0
0x0039d4e0,,-,1000000000,0
0x0039d4f0,0x0033c120,upstream,2,0
0x0039d5b0,0x0033c120,upstream,1,0
0x0039d810,0x0033c3b0,upstream,1,0
0x0039d880,0x0033c3b0,upstream,1,0
0x0039d8f0,0x0033c3b0,upstream,4,0
0x0039d980,,-,1000000000,0
0x0039d9e0,,-,1000000000,0
0x0039dbf0,,-,1000000000,0
0x0039dc10,,-,1000000000,0
0x0039dcc0,0x0033c3b0,upstream,2,0
0x0039e1d0,,-,1000000000,0
0x0039e2c0,,-,1000000000,0
0x0039e2e0,,-,1000000000,0
0x0039e310,,-,1000000000,0
0x0039e350,,-,1000000000,0
0x0039e4a0,,-,1000000000,0
0x0039e4d0,0x0033c3b0,upstream,1,0
0x0039e540,,-,1000000000,0
0x0039ebb0,,-,1000000000,0
0x0039ebe0,,-,1000000000,0
0x0039ec10,,-,1000000000,0
0x0039ecf0,,-,1000000000,0
0x0039ed20,0x004ba240,upstream,1,0
0x0039ed80,,-,1000000000,0
0x0039f1d0,,-,1000000000,0
0x0039f1f0,0x0033c3b0,upstream,4,0
0x0039f330,0x003fad18,upstream,2,0
0x003a0120,,-,1000000000,0
0x003a0150,,-,1000000000,0
0x003a0170,,-,1000000000,0
0x003a02f0,0x003fad18,upstream,3,0
0x003a0370,0x0033c3b0,upstream,1,0
0x003a03e0,,-,1000000000,0
0x003a0730,,-,1000000000,0
0x003a09f0,,-,1000000000,0
0x003a0cb0,,-,1000000000,0
0x003a0e30,0x0033c3b0,upstream,1,0
0x003a0eb0,0x0033c3b0,upstream,1,0
0x003a0f20,0x0033c3b0,upstream,3,0
0x003a0fb0,0x0033c3b0,upstream,1,0
0x003a13f0,0x0033c3b0,upstream,4,0
0x003a14e0,0x003fad18,upstream,2,0
0x003a1fa0,,-,1000000000,0
0x003a1fd0,,-,1000000000,0
0x003a2170,0x003fad18,upstream,3,0
0x003a21f0,0x0033c3b0,upstream,1,0
0x003a23b0,0x0033c3b0,upstream,4,0
0x003a25c0,,-,1000000000,0
0x003a2910,0x0043b320,upstream,2,0
0x003a3270,0x0033c3b0,upstream,1,0
0x003a3300,0x0043b320,upstream,2,0
0x003a3cd0,,-,1000000000,0
0x003a3d70,,-,1000000000,0
0x003a3e10,0x0043b320,upstream,1,0
0x003a4030,,-,1000000000,0
0x003a4230,0x0043b320,upstream,1,0
0x003a44c0,,-,1000000000,0
0x003a4510,,-,1000000000,0
0x003a47a0,0x0033c3b0,upstream,4,0
0x003a4880,,-,1000000000,0
0x003a5080,,-,1000000000,0
0x003a50a0,,-,1000000000,0
0x003a5350,,-,1000000000,0
0x003a57a0,,-,1000000000,0
0x003a5ba0,0x003fad18,upstream,2,0
0x003a6330,0x0033c3b0,upstream,1,0
0x003a63c0,0x003fad18,upstream,2,0
0x003a6f20,,-,1000000000,0
0x003a7180,,-,1000000000,0
0x003a7290,0x0033c3b0,upstream,4,0
0x003a7360,,-,1000000000,0
0x003a7460,0x0033c3b0,upstream,2,0
0x003a7840,,-,1000000000,0
0x003a7870,0x0033c3b0,upstream,1,0
0x003a78e0,,-,1000000000,0
0x003a7ce0,,-,1000000000,0
0x003a7d50,,-,1000000000,0
0x003a7da0,,-,1000000000,0
0x003a7e30,,-,1000000000,0
0x003a7ec0,,-,1000000000,0
0x003a7ed0,,-,1000000000,0
0x003a7f40,,-,1000000000,0
0x003a8070,,-,1000000000,0
0x003a80b0,0x0033c3b0,upstream,1,0
0x003a81b0,,-,1000000000,0
0x003a8260,,-,1000000000,0
0x003a82f0,0x0033c3b0,upstream,2,0
0x003a8430,0x0033c3b0,upstream,1,0
0x003a86d0,,-,1000000000,0
0x003a86e0,,-,1000000000,0
0x003a8720,0x0033c3b0,upstream,1,0
0x003a87b0,0x0033c3b0,upstream,1,0
0x003a8850,0x0033c3b0,upstream,1,0
0x003a88f0,,-,1000000000,0
0x003a8940,0x0033c3b0,upstream,1,0
0x003a89d0,,-,1000000000,0
0x003a8c90,,-,1000000000,0
0x003a8d80,,-,1000000000,0
0x003a8d90,,-,1000000000,0
0x003a8da0,0x0033c1b0,upstream,1,0
0x003a9010,,-,1000000000,0
0x003a9030,,-,1000000000,0
0x003a9040,0x004ba240,upstream,1,0
0x003a90a0,0x0033c3b0,upstream,1,0
0x003a9120,0x004ba240,upstream,2,0
0x003a9210,0x0042bd70,upstream,2,0
0x003a92c0,0x0042bd70,upstream,1,0
0x003a96c0,,-,1000000000,0
0x003a96e0,,-,1000000000,0
0x003a96f0,0x004ba240,upstream,1,0
0x003a9760,0x0033c170,upstream,1,0
0x003a9920,,-,1000000000,0
0x003a9930,,-,1000000000,0
0x003a9940,,-,1000000000,0
0x003a9960,,-,1000000000,0
0x003a99a0,0x0042bd70,upstream,1,0
0x003a9ac0,0x0033c1b0,upstream,1,0
0x003a9b40,,-,1000000000,0
0x003a9b60,0x0033c3b0,upstream,1,0
0x003a9c10,,-,1000000000,0
0x003aa0c0,0x0042bd70,upstream,3,0
0x003aa190,,-,1000000000,0
0x003aa620,,-,1000000000,0
0x003aa9b0,,-,1000000000,0
0x003aaa60,,-,1000000000,0
0x003aae00,,-,1000000000,0
0x003aae30,0x0042bd70,upstream,2,0
0x003aaf00,0x004ba240,upstream,1,0
0x003aaf70,,-,1000000000,0
0x003ab0a0,0x0042bd70,upstream,1,0
0x003ab600,,-,1000000000,0
0x003ab610,,-,1000000000,0
0x003ab630,,-,1000000000,0
0x003ab640,,-,1000000000,0
0x003ab690,0x0033c1b0,upstream,2,0
0x003ab6f0,0x0033c3b0,upstream,1,0
0x003ab780,0x0042bd70,upstream,3,0
0x003aba60,,-,1000000000,0
0x003abc10,,-,1000000000,0
0x003abc60,0x0033c3b0,upstream,1,0
0x003abcd0,0x0033c1b0,upstream,1,0
0x003abd40,0x0033c3b0,upstream,1,0
0x003abdc0,,-,1000000000,0
0x003ac0c0,,-,1000000000,0
0x003ac1d0,,-,1000000000,0
0x003ac360,,-,1000000000,0
0x003ac3e0,0x0033c3b0,upstream,1,0
0x003ac490,0x0042bd70,upstream,2,0
0x003ac4f0,0x0033c3b0,upstream,1,0
0x003ac5a0,0x0033c3b0,upstream,2,0
0x003ac800,,-,1000000000,0
0x003ac9b0,0x0042bd70,upstream,1,0
0x003acb50,0x0033c1b0,upstream,3,0
0x003acba0,,-,1000000000,0
0x003acbc0,0x0033c3b0,upstream,1,0
0x003acc50,0x0042bd70,upstream,3,0
0x003acda0,,-,1000000000,0
0x003ace70,,-,1000000000,0
0x003ad1e0,0x0042bd70,upstream,2,0
0x003ad270,0x004ba240,upstream,1,0
0x003ad2e0,,-,1000000000,0
0x003ad430,0x0042bd70,upstream,1,0
0x003ad930,,-,1000000000,0
0x003ad940,,-,1000000000,0
0x003ad960,,-,1000000000,0
0x003ad970,,-,1000000000,0
0x003ad9c0,,-,1000000000,1
0x003adaf0,,-,1000000000,1
0x003adc80,0x0033c170,upstream,1,0
0x003ae0e0,,-,1000000000,0
0x003ae550,,-,1000000000,0
0x003ae820,,-,1000000000,0
0x003aed90,,-,1000000000,0
0x003aef30,,-,1000000000,0
0x003af080,0x0033c170,upstream,1,0
0x003af1f0,,-,1000000000,0
0x003af250,0x0033c3b0,upstream,1,0
0x003af2f0,0x00345a10,upstream,1,0
0x003af420,,-,1000000000,0
0x003af430,,-,1000000000,0
0x003af4f0,0x00345a10,upstream,1,0
0x003af6d0,,-,1000000000,0
0x003af730,0x00345a10,upstream,1,0
0x003af8a0,0x0033c1b0,upstream,2,0
0x003af8e0,0x00345a10,upstream,2,0
0x003af920,0x00345a10,upstream,2,0
0x003afe10,0x00345a10,upstream,1,0
0x003b06d0,0x004ba240,upstream,2,0
0x003b0b40,0x0033c3b0,upstream,1,0
0x003b0bb0,0x0042bd70,upstream,2,0
0x003b0c90,,-,1000000000,0
0x003b0dd0,0x0033c1b0,upstream,1,0
0x003b11f0,0x0033c3b0,upstream,1,0
0x003b1390,0x00345a10,upstream,1,0
0x003b1490,0x00345a10,upstream,1,0
0x003b1590,,-,1000000000,0
0x003b15a0,,-,1000000000,0
0x003b15c0,,-,1000000000,0
0x003b15d0,,-,1000000000,0
0x003b15e0,,-,1000000000,0
0x003b1600,0x00345a10,upstream,1,0
0x003b1740,,-,1000000000,0
0x003b1750,0x00345a10,upstream,1,0
0x003b18f0,,-,1000000000,0
0x003b1960,0x0033c3b0,upstream,3,0
0x003b19d0,0x0033c1b0,upstream,1,0
0x003b1b20,0x00345a10,upstream,1,0
0x003b21e0,,-,1000000000,0
0x003b2280,,-,1000000000,0
0x003b2390,,-,1000000000,0
0x003b24c0,,-,1000000000,0
0x003b2500,,-,1000000000,0
0x003b2540,,-,1000000000,0
0x003b2580,,-,1000000000,0
0x003b2590,0x00345a10,upstream,2,0
0x003b25e0,,-,1000000000,0
0x003b25f0,,-,1000000000,0
0x003b2600,,-,1000000000,0
0x003b2660,0x004ba240,upstream,2,0
0x003b2790,0x00428998,upstream,6,0
0x003b2820,,-,1000000000,0
0x003b2a90,,-,1000000000,0
0x003b2b00,,-,1000000000,0
0x003b2b50,,-,1000000000,0
0x003b2c80,0x0033c3b0,upstream,1,0
0x003b2d60,0x00345a10,upstream,1,0
0x003b2db0,0x00345a10,upstream,2,0
0x003b2ea0,0x0033c1b0,upstream,2,0
0x003b38a0,,-,1000000000,0
0x003b39f0,0x0033c1b0,upstream,3,0
0x003b3a50,0x0033c1b0,upstream,2,0
0x003b4ab0,,-,1000000000,0
0x003b4ed0,0x0033c1b0,upstream,3,0
0x003b50f0,0x0033c3b0,upstream,2,0
0x003b5b90,,-,1000000000,0
0x003b5ce0,0x0033c3b0,upstream,3,0
0x003b5d40,0x0033c3b0,upstream,2,0
0x003b6850,0x0033c3b0,upstream,3,0
0x003b6920,0x0033c3b0,upstream,2,0
0x003b71a0,0x0033c3b0,upstream,3,0
0x003b7250,0x0033c120,upstream,1,0
0x003b72a0,0x0033c170,upstream,2,0
0x003b7300,0x0033c170,upstream,2,0
0x003b7360,0x0033c170,upstream,2,0
0x003b7410,0x0033c170,upstream,2,0
0x003b7510,0x0033c170,upstream,2,0
0x003b7660,0x0033c170,upstream,2,0
0x003b7760,0x0033c170,upstream,2,0
0x003b7900,0x0033c170,upstream,1,0
0x003b7970,0x0033c170,upstream,1,0
0x003b79f0,,-,1000000000,0
0x003b7d90,0x0033c3b0,upstream,1,0
0x003b7de0,0x0033c3b0,upstream,1,0
0x003b7e50,,-,1000000000,0
0x003b7f50,0x003fad18,upstream,2,0
0x003b8330,,-,1000000000,0
0x003b8400,0x003fad18,upstream,1,0
0x003b8520,,-,1000000000,0
0x003b8580,,-,1000000000,0
0x003b8620,,-,1000000000,0
0x003b8710,0x003fb210,upstream,2,0
0x003b8b20,0x003fb210,upstream,2,0
0x003b9120,,-,1000000000,0
0x003b91c0,0x0033c170,upstream,3,0
0x003b9220,,-,1000000000,0
0x003b9290,0x0033c170,upstream,3,0
0x003b93c0,0x0033c170,upstream,3,0
0x003b95c0,0x0033c170,upstream,3,0
0x003b9690,0x0033c170,upstream,3,0
0x003b97d0,0x0033c170,upstream,3,0
0x003b9860,,-,1000000000,0
0x003b99c0,0x003fb210,upstream,1,0
0x003b9f10,0x003fad18,upstream,2,0
0x003ba1a0,,-,1000000000,0
0x003ba220,0x004ba240,upstream,1,0
0x003ba270,,-,1000000000,0
0x003ba2a0,,-,1000000000,0
0x003ba2e0,,-,1000000000,0
0x003ba320,,-,1000000000,0
0x003ba370,0x0033c170,upstream,1,0
0x003ba580,0x004ba240,upstream,1,0
0x003ba5e0,0x004ba240,upstream,1,0
0x003ba630,,-,1000000000,0
0x003ba6c0,0x004ba240,upstream,1,0
0x003ba710,0x004ba240,upstream,1,0
0x003ba840,0x00345a10,upstream,1,0
0x003baae0,0x00345a10,upstream,1,0
0x003bae20,0x00345a10,upstream,1,0
0x003bb0a0,0x0033c120,upstream,1,0
0x003bb290,0x0033c3b0,upstream,1,0
0x003bb2f0,,-,1000000000,0
0x003bb320,,-,1000000000,0
0x003bb930,,-,1000000000,0
0x003bb980,0x004ba240,upstream,1,0
0x003bb9d0,0x004ba240,upstream,1,0
0x003bba30,,-,1000000000,0
0x003bbce0,,-,1000000000,0
0x003bbf80,,-,1000000000,0
0x003bc600,,-,1000000000,0
0x003bc8a0,,-,1000000000,0
0x003bca00,,-,1000000000,0
0x003bcbc0,,-,1000000000,0
0x003bd1e0,0x0033c170,upstream,1,0
0x003bd520,,-,1000000000,0
0x003bd590,0x00345a10,upstream,2,0
0x003bd7a0,,-,1000000000,0
0x003bd7f0,0x0042bd70,upstream,3,0
0x003bd930,0x0042bd70,upstream,2,0
0x003bdc60,0x00345a10,upstream,1,0
0x003be1b0,0x00345a10,upstream,1,0
0x003be4e0,,-,1000000000,0
0x003be4f0,0x004ba240,upstream,1,0
0x003be550,,-,1000000000,0
0x003be570,,-,1000000000,0
0x003be580,0x004ba240,upstream,2,0
0x003be740,,-,1000000000,0
0x003be770,,-,1000000000,0
0x003be7d0,0x0042bd70,upstream,2,0
0x003be860,0x0042bd70,upstream,1,0
0x003beb00,0x0042bd70,upstream,1,0
0x003befc0,,-,1000000000,0
0x003befd0,,-,1000000000,0
0x003beff0,,-,1000000000,0
0x003bf000,0x0042bd70,upstream,1,0
0x003bf460,,-,1000000000,0
0x003bf480,,-,1000000000,0
0x003bf490,0x0042bd70,upstream,3,0
0x003bf4c0,0x0042bd70,upstream,1,0
0x003bf6a0,,-,1000000000,0
0x003bf6b0,,-,1000000000,0
0x003bf970,,-,1000000000,0
0x003bfa90,,-,1000000000,0
0x003bfc20,0x004ba240,upstream,2,0
0x003bfde0,0x0042bd70,upstream,2,0
0x003bfe90,,-,1000000000,0
0x003bff30,,-,1000000000,0
0x003c0520,0x004ba240,upstream,2,0
0x003c0600,,-,1000000000,0
0x003c0610,,-,1000000000,0
0x003c0620,0x0033c1b0,upstream,1,0
0x003c0830,0x0042bd70,upstream,2,0
0x003c0ab0,,-,1000000000,0
0x003c0c90,,-,1000000000,0
0x003c1000,0x003c1000,upstream,0,1
0x003c1030,,-,1000000000,0
0x003c1040,,-,1000000000,0
0x003c1050,0x0033c120,upstream,1,0
0x003c11c0,0x003fb210,upstream,1,1
0x003c1610,0x003fad18,upstream,1,0
0x003c1b50,0x003fb210,upstream,2,0
0x003c1f70,0x003fad18,upstream,1,0
0x003c23c0,,-,1000000000,0
0x003c25f0,0x003fad18,upstream,1,0
0x003c2900,0x003fb210,upstream,1,0
0x003c2a00,0x003f2f30,upstream,1,0
0x003c2af0,0x003fb210,upstream,2,0
0x003c2b70,0x003fb210,upstream,2,0
0x003c2ce0,,-,1000000000,0
0x003c2cf0,,-,1000000000,0
0x003c3110,0x003f2f30,upstream,2,0
0x003c31f0,0x003fad18,upstream,1,0
0x003c39d0,,-,1000000000,0
0x003c3ff0,0x003fad18,upstream,2,0
0x003c41c0,0x003f2f30,upstream,1,0
0x003c4260,,-,1000000000,0
0x003c42d0,0x003f2f30,upstream,1,0
0x003c44b0,0x003fb210,upstream,1,0
0x003c4690,0x003fb210,upstream,1,0
0x003c4f60,0x003f2f30,upstream,1,0
0x003c5070,,-,1000000000,0
0x003c50b0,0x003fb210,upstream,1,0
0x003c51a0,,-,1000000000,0
0x003c5290,0x003f2f30,upstream,2,0
0x003c53e0,0x003f2f30,upstream,1,0
0x003c5740,0x003eceb0,upstream,1,0
0x003c57c0,0x003fb210,upstream,2,0
0x003c59c0,0x003c1000,upstream,1,0
0x003c5b90,0x003fad18,upstream,1,0
0x003c5d50,,-,1000000000,0
0x003c5e90,0x003fb210,upstream,1,0
0x003c62f0,0x003f2f30,upstream,2,0
0x003c6600,,-,1000000000,0
0x003c6630,0x003f2f30,upstream,1,0
0x003c6a60,0x003fb210,upstream,2,0
0x003c6b00,0x003fb210,upstream,1,0
0x003c6d20,,-,1000000000,0
0x003c6d90,0x003fad18,upstream,1,0
0x003c6e80,0x003c1000,upstream,1,0
0x003c6f70,0x003fb210,upstream,1,0
0x003c7400,0x003f2f30,upstream,1,0
0x003c75f0,,-,1000000000,0
0x003c7670,,-,1000000000,0
0x003c76c0,,-,1000000000,0
0x003c7760,0x003fb210,upstream,1,0
0x003c78c0,0x003f2f30,upstream,1,0
0x003c79b0,0x003fad18,upstream,1,0
0x003c7b90,0x003f2f30,upstream,1,0
0x003c7c80,0x003fad18,upstream,1,0
0x003c7e30,0x003fad18,upstream,1,0
0x003c81c0,0x003fad18,upstream,2,0
0x003c8280,0x003fad18,upstream,1,0
0x003c85b0,0x003f2f30,upstream,1,0
0x003c86d0,0x003f2f30,upstream,2,0
0x003c8830,0x003f2f30,upstream,1,0
0x003c8cb0,0x0033c170,upstream,1,0
0x003c8ee0,0x003f2f30,upstream,2,0
0x003c92d0,0x00428998,upstream,1,0
0x003c9330,0x003fb210,upstream,2,0
0x003c9650,0x00428998,upstream,1,0
0x003cca00,0x003f2f30,upstream,2,0
0x003ccbd0,0x003fb210,upstream,1,0
0x003cdd70,0x00428998,upstream,2,0
0x003cde20,0x00428998,upstream,1,0
0x003cdfd0,0x003fad18,upstream,1,0
0x003ce5a0,0x00429068,upstream,1,0
0x003ce6c0,0x004287e0,upstream,3,0
0x003ce720,,-,1000000000,0
0x003ce780,0x003f2f30,upstream,1,0
0x003ceb80,0x003eceb0,upstream,1,0
0x003cee20,0x003fad18,upstream,1,0
0x003cf7e0,0x003eceb0,upstream,1,0
0x003cf900,0x003f2f30,upstream,1,0
0x003cfbb0,0x003f2f30,upstream,2,0
0x003cff10,0x003f2f30,upstream,2,0
0x003d0100,0x003eceb0,upstream,1,0
0x003d03a0,0x003f2f30,upstream,2,0
0x003d0690,0x003f2f30,upstream,1,0
0x003d07d0,0x003fad18,upstream,1,0
0x003d1150,0x003fb210,upstream,1,0
0x003d22f0,0x003fad18,upstream,1,0
0x003d2530,0x003fad18,upstream,1,0
0x003d2840,0x003f2f30,upstream,1,0
0x003d2a80,0x003fad18,upstream,1,0
0x003d2da0,0x003eceb0,upstream,1,0
0x003d2f20,0x003eceb0,upstream,1,0
0x003d3150,0x003c1000,upstream,1,0
0x003d32c0,0x003fad18,upstream,2,0
0x003d3310,0x003fb210,upstream,1,0
0x003d36c0,0x003fad18,upstream,1,0
0x003d3850,0x003fad18,upstream,1,0
0x003d39b0,0x003fb210,upstream,1,0
0x003d3e80,0x003fad18,upstream,1,0
0x003d40e0,0x003fb210,upstream,1,0
0x003d4570,0x003fad18,upstream,1,0
0x003d4740,0x003eceb0,upstream,1,0
0x003d4800,0x003fad18,upstream,1,0
0x003d4ae0,0x003fad18,upstream,1,0
0x003d4db0,0x003c1000,upstream,1,0
0x003d4f70,0x003eceb0,upstream,1,0
0x003d50e0,0x003fad18,upstream,1,0
0x003d5950,0x003eceb0,upstream,1,0
0x003d5c30,0x003fad18,upstream,1,0
0x003d61b0,0x003fb210,upstream,1,0
0x003d6610,0x003fad18,upstream,1,0
0x003d6850,0x003fad18,upstream,2,0
0x003d68b0,0x003fad18,upstream,1,0
0x003d69c0,0x003fad18,upstream,1,0
0x003d6a60,0x003eceb0,upstream,1,0
0x003d6e10,0x003fad18,upstream,2,0
0x003d6f40,0x003fad18,upstream,3,0
0x003d6ff0,0x003c1000,upstream,1,0
0x003d70d0,0x003fad18,upstream,1,0
0x003d7240,0x003f2f30,upstream,1,0
0x003d7370,0x003eceb0,upstream,1,0
0x003d74c0,0x003fad18,upstream,1,0
0x003d7680,0x003fad18,upstream,2,0
0x003d7710,0x003c1000,upstream,1,0
0x003d77b0,0x003eceb0,upstream,1,0
0x003d7b50,0x003eceb0,upstream,1,0
0x003d8130,0x003fad18,upstream,1,0
0x003d8240,0x003eceb0,upstream,1,0
0x003d8310,,-,1000000000,0
0x003d83d0,0x003f2f30,upstream,1,0
0x003d8520,,-,1000000000,0
0x003d8610,0x003f2f30,upstream,1,0
0x003d88b0,0x003c1000,upstream,1,1
0x003d8990,0x00428998,upstream,1,0
0x003d8a50,0x00428998,upstream,1,0
0x003d8a90,0x00428998,upstream,1,0
0x003d8ba0,0x003f2f30,upstream,1,0
0x003d8d50,0x003f2f30,upstream,1,0
0x003d8e40,0x003fad18,upstream,1,0
0x003d9060,0x003f2f30,upstream,2,0
0x003d9260,0x003fad18,upstream,1,0
0x003d9580,0x003eceb0,upstream,1,0
0x003d98d0,0x003c1000,upstream,1,0
0x003d9b60,0x003f2f30,upstream,2,0
0x003d9c70,0x003fb210,upstream,2,0
0x003d9fc0,0x003eceb0,upstream,1,0
0x003da0e0,0x003eceb0,upstream,1,0
0x003da270,0x003eceb0,upstream,1,0
0x003da560,0x003fb210,upstream,2,0
0x003da670,0x003f2f30,upstream,1,0
0x003da860,0x003f2f30,upstream,2,0
0x003daac0,0x003c1000,upstream,1,0
0x003dadf0,0x003eceb0,upstream,1,0
0x003db0d0,0x003eceb0,upstream,1,0
0x003db2f0,,-,1000000000,0
0x003db390,,-,1000000000,0
0x003db4c0,0x003eceb0,upstream,1,0
0x003db6e0,0x003eceb0,upstream,2,0
0x003db8d0,0x003eceb0,upstream,1,0
0x003dba50,0x003eceb0,upstream,1,0
0x003dbd30,0x003fb210,upstream,1,0
0x003dc040,0x003f2f30,upstream,1,0
0x003dc1e0,0x003f2f30,upstream,1,0
0x003dc4c0,0x003eceb0,upstream,1,0
0x003dc5c0,0x003f2f30,upstream,2,0
0x003dc840,0x003f2f30,upstream,1,0
0x003dcbb0,0x003f2f30,upstream,2,0
0x003dcd00,0x003f2f30,upstream,1,0
0x003dd2d0,0x003f2f30,upstream,2,0
0x003dd460,0x003f2f30,upstream,2,0
0x003dd5b0,0x004287e0,upstream,3,0
0x003dd6b0,0x003eceb0,upstream,1,0
0x003ddb40,0x004287e0,upstream,3,0
0x003ddbb0,0x003c1000,upstream,1,0
0x003ddd20,0x003f2f30,upstream,1,0
0x003ddf10,0x003eceb0,upstream,1,0
0x003de0a0,,-,1000000000,0
0x003de110,0x003f2f30,upstream,2,0
0x003de340,0x003f2f30,upstream,2,0
0x003de3d0,0x003eceb0,upstream,1,0
0x003de560,0x003f2f30,upstream,1,0
0x003de780,0x003f2f30,upstream,2,0
0x003de910,0x003eceb0,upstream,1,0
0x003debf0,0x003fb210,upstream,2,0
0x003def20,0x003fb210,upstream,3,0
0x003df0f0,0x003f2f30,upstream,1,0
0x003df150,0x003fad18,upstream,1,0
0x003df230,0x003eceb0,upstream,1,0
0x003df3c0,0x003eceb0,upstream,1,0
0x003df4e0,0x004287e0,upstream,3,0
0x003df5a0,,-,1000000000,0
0x003df610,,-,1000000000,0
0x003df690,,-,1000000000,0
0x003df710,0x003c1000,upstream,1,0
0x003dfa90,0x003fad18,upstream,1,0
0x003dfbb0,0x003c1000,upstream,3,0
0x003dfe00,0x003f2f30,upstream,1,0
0x003dff70,0x003c1000,upstream,1,0
0x003e0120,,-,1000000000,0
0x003e02b0,,-,1000000000,0
0x003e0370,0x003c1000,upstream,1,0
0x003e0710,0x00428998,upstream,2,0
0x003e0920,0x003c1000,upstream,1,0
0x003e0cf0,0x00428998,upstream,1,0
0x003e0fd0,,-,1000000000,0
0x003e10a0,0x00428998,upstream,1,0
0x003e1200,0x00428998,upstream,1,0
0x003e1300,,-,1000000000,1
0x003e13e0,,-,1000000000,0
0x003e1470,,-,1000000000,0
0x003e14d0,0x004287e0,upstream,3,0
0x003e1770,,-,1000000000,0
0x003e17d0,0x003fad18,upstream,1,0
0x003e1b60,0x003fad18,upstream,1,0
0x003e1fd0,0x003fad18,upstream,2,0
0x003e2090,0x003fad18,upstream,1,0
0x003e25f0,0x003fad18,upstream,1,0
0x003e2be0,0x003f2f30,upstream,1,0
0x003e36f0,0x003fad18,upstream,1,0
0x003e3810,0x003f2f30,upstream,1,0
0x003e3dc0,0x003c1000,upstream,2,0
0x003e3e70,0x003eceb0,upstream,1,0
0x003e4070,0x003c1000,upstream,3,0
0x003e4100,0x003c1000,upstream,2,0
0x003e4150,0x003f2f30,upstream,1,0
0x003e4300,0x003fad18,upstream,1,0
0x003e4730,0x003c1000,upstream,1,0
0x003e4a40,,-,1000000000,0
0x003e4ae0,0x003fb210,upstream,2,0
0x003e4bd0,0x003f2f30,upstream,1,0
0x003e4c20,0x003f2f30,upstream,1,0
0x003e52a0,0x003fad18,upstream,1,0
0x003e56a0,0x003fad18,upstream,1,0
0x003e5ad0,,-,1000000000,0
0x003e5b20,0x00428998,upstream,2,0
0x003e5d00,0x003f2f30,upstream,1,0
0x003e6190,0x003fb210,upstream,1,0
0x003e6380,0x003f2f30,upstream,1,0
0x003e6560,0x00428998,upstream,2,0
0x003e65f0,0x00428998,upstream,1,0
0x003e66e0,,-,1000000000,0
0x003e6790,0x003fb210,upstream,2,0
0x003e6880,0x003eceb0,upstream,1,0
0x003e6920,0x003f2f30,upstream,1,0
0x003e6a00,0x003f2f30,upstream,1,0
0x003e6d50,0x003f2f30,upstream,1,0
0x003e6e90,,-,1000000000,0
0x003e6f10,0x003eceb0,upstream,1,0
0x003e7140,0x003c1000,upstream,1,0
0x003e7300,,-,1000000000,0
0x003e74e0,0x003f2f30,upstream,1,0
0x003e7a70,0x00428998,upstream,2,0
0x003e7dd0,0x003eceb0,upstream,1,0
0x003e7f70,0x003c1000,upstream,1,0
0x003e8080,0x003f2f30,upstream,2,0
0x003e80d0,0x004287e0,upstream,3,0
0x003e8190,0x004287e0,upstream,3,0
0x003e8290,0x003f2f30,upstream,1,0
0x003e85b0,0x003f2f30,upstream,1,0
0x003e8be0,0x00429068,upstream,1,0
0x003e8ef0,0x003f2f30,upstream,1,0
0x003e9130,0x003fad18,upstream,1,0
0x003e9580,0x003f2f30,upstream,1,1
0x003e95d0,0x003f2f30,upstream,1,0
0x003e9aa0,0x003fad18,upstream,1,0
0x003e9e30,0x003eceb0,upstream,1,0
0x003ea320,0x003fad18,upstream,1,0
0x003ea650,0x003fad18,upstream,2,0
0x003ea980,0x003f2f30,upstream,1,0
0x003eac30,,-,1000000000,0
0x003eaca0,0x003fb210,upstream,1,0
0x003eba10,0x003f2f30,upstream,1,0
0x003ebb50,0x004287e0,upstream,2,1
0x003ebbf0,0x004287e0,upstream,1,0
0x003ebd10,0x004287e0,upstream,2,0
0x003ebdb0,0x003f2f30,upstream,1,0
0x003ebea0,0x003f2f30,upstream,2,0
0x003ebf30,0x004287e0,upstream,1,0
0x003ebfc0,,-,1000000000,1
0x003ec060,,-,1000000000,0
0x003ec0d0,0x003f2f30,upstream,1,0
0x003ec1b0,0x003f2f30,upstream,1,0
0x003ec2b0,,-,1000000000,0
0x003ec350,,-,1000000000,0
0x003ec3e0,,-,1000000000,0
0x003ec490,,-,1000000000,0
0x003ec510,0x003c1000,upstream,2,1
0x003ec5c0,0x003c1000,upstream,2,0
0x003ec620,,-,1000000000,0
0x003ec660,,-,1000000000,0
0x003ec6e0,0x004287e0,upstream,1,0
0x003ec880,,-,1000000000,0
0x003ec8d0,0x003f2f30,upstream,2,0
0x003ec9e0,0x004287e0,upstream,1,0
0x003ecc40,0x003c1000,upstream,1,1
0x003ecd40,0x003f2f30,upstream,1,0
0x003eceb0,0x003eceb0,upstream,0,1
0x003ed040,0x003f2f30,upstream,1,1
0x003ed1c0,0x003f2f30,upstream,1,1
0x003ed480,0x003c1000,upstream,2,0
0x003ed5e0,0x003f2f30,upstream,1,0
0x003ed7e0,0x003f2f30,upstream,1,0
0x003ed9d0,0x003f2f30,upstream,1,0
0x003edb50,0x004287e0,upstream,2,0
0x003edc40,0x00428998,upstream,1,0
0x003eddf0,,-,1000000000,0
0x003ee2e0,,-,1000000000,0
0x003eea70,,-,1000000000,0
0x003ef2b0,,-,1000000000,0
0x003ef8c0,,-,1000000000,0
0x003efc30,,-,1000000000,0
0x003f00a0,,-,1000000000,0
0x003f0810,,-,1000000000,0
0x003f0d60,,-,1000000000,0
0x003f1430,,-,1000000000,0
0x003f19b0,,-,1000000000,0
0x003f19f0,0x003eceb0,upstream,1,0
0x003f20f0,,-,1000000000,0
0x003f2100,0x003c1000,upstream,1,0
0x003f2260,,-,1000000000,0
0x003f2350,,-,1000000000,0
0x003f2400,0x003fad18,upstream,2,0
0x003f2480,0x003fad18,upstream,1,0
0x003f2800,0x003fad18,upstream,1,0
0x003f2b30,0x003c1000,upstream,1,0
0x003f2ce0,,-,1000000000,0
0x003f2d20,0x003c1000,upstream,1,0
0x003f2f30,0x003f2f30,upstream,0,1
0x003f2f50,,-,1000000000,1
0x003f2f60,,-,1000000000,0
0x003f2f70,,-,1000000000,0
0x003f2f80,,-,1000000000,0
0x003f3010,0x0033c3b0,upstream,1,0
0x003f3110,0x0033c170,upstream,1,0
0x003f31f0,0x0033c120,upstream,1,0
0x003f3520,,-,1000000000,0
0x003f36a0,,-,1000000000,0
0x003f39d0,,-,1000000000,0
0x003f4030,,-,1000000000,0
0x003f42e0,,-,1000000000,0
0x003f44a0,0x0033c170,upstream,1,0
0x003f4a00,0x0033c170,upstream,1,0
0x003f5180,,-,1000000000,0
0x003f54f0,,-,1000000000,0
0x003f5ac0,0x0033c3b0,upstream,1,0
0x003f5b50,,-,1000000000,0
0x003f5be0,,-,1000000000,0
0x003f5ca0,,-,1000000000,0
0x003f5e70,,-,1000000000,0
0x003f6030,,-,1000000000,0
0x003f61d0,,-,1000000000,0
0x003f6210,,-,1000000000,0
0x003f6270,,-,1000000000,0
0x003f62b0,0x003fad18,upstream,1,0
0x003f6780,,-,1000000000,0
0x003f6840,,-,1000000000,0
0x003f68e0,,-,1000000000,0
0x003f6a00,,-,1000000000,0
0x003f6b20,,-,1000000000,0
0x003f6bd0,,-,1000000000,0
0x003f6eb0,,-,1000000000,0
0x003f70b0,,-,1000000000,0
0x003f71a0,,-,1000000000,0
0x003f71b0,0x00345a10,upstream,1,0
0x003f7a90,0x0033c3b0,upstream,1,0
0x003f7b98,,-,1000000000,0
0x003f7c10,,-,1000000000,0
0x003f82a8,,-,1000000000,0
0x003f8938,,-,1000000000,0
0x003f8eb8,,-,1000000000,0
0x003f9420,0x003fb210,upstream,1,1
0x003f94c8,0x003fb210,upstream,1,0
0x003f95b0,0x003fb210,upstream,1,0
0x003f96c8,0x003fb210,upstream,2,1
0x003f9740,0x003fb210,upstream,1,0
0x003f9868,,-,1000000000,0
0x003f98c0,,-,1000000000,0
0x003f9910,0x00428998,upstream,1,0
0x003f9990,,-,1000000000,0
0x003f99b8,,-,1000000000,0
0x003f99e0,,-,1000000000,0
0x003f9c00,,-,1000000000,0
0x003f9c68,0x00428998,upstream,1,0
0x003f9cd0,0x00428998,upstream,2,0
0x003f9d58,0x0042bd70,upstream,1,0
0x003f9e38,,-,1000000000,0
0x003f9ef0,,-,1000000000,0
0x003fa1d0,,-,1000000000,0
0x003fa2a0,,-,1000000000,0
0x003fa3e0,,-,1000000000,0
0x003fa470,0x00428998,upstream,2,0
0x003fa4d8,,-,1000000000,0
0x003fa588,,-,1000000000,0
0x003fa590,0x00428998,upstream,3,0
0x003fa920,0x00428998,upstream,2,1
0x003faa70,0x00428998,upstream,2,0
0x003fabd0,,-,1000000000,0
0x003fac88,,-,1000000000,0
0x003face8,,-,1000000000,0
0x003fad18,0x003fad18,upstream,0,1
0x003fad58,,-,1000000000,0
0x003fae30,,-,1000000000,0
0x003faef0,,-,1000000000,0
0x003fb150,,-,1000000000,1
0x003fb1a8,,-,1000000000,1
0x003fb210,0x003fb210,upstream,0,1
0x003fb498,,-,1000000000,1
0x003fb5d8,,-,1000000000,0
0x003fb6f8,,-,1000000000,1
0x003fb748,,-,1000000000,1
0x003fb800,,-,1000000000,1
0x003fb8a0,,-,1000000000,0
0x003fb8d0,,-,1000000000,1
0x003fb928,,-,1000000000,0
0x003fb9c8,,-,1000000000,0
0x003fba10,,-,1000000000,0
0x003fba68,,-,1000000000,0
0x003fbb60,0x0042bd70,upstream,1,0
0x003fc0d8,,-,1000000000,0
0x003fc140,,-,1000000000,0
0x003fc170,,-,1000000000,0
0x003fc1d8,,-,1000000000,0
0x003fc208,,-,1000000000,0
0x003fc2e8,,-,1000000000,0
0x003fc328,,-,1000000000,0
0x003fc3b8,,-,1000000000,0
0x003fc410,0x0042bd70,upstream,2,0
0x003fc578,0x0042bd70,upstream,3,0
0x003fc720,0x00429068,upstream,1,0
0x003fc830,0x0042bd70,upstream,1,0
0x003fc950,0x0042bd70,upstream,1,0
0x003fcda0,0x00428998,upstream,1,0
0x003fcf58,,-,1000000000,0
0x003fd320,0x00429068,upstream,4,0
0x003fd378,0x0043fb68,upstream,1,0
0x003fd488,0x0043fb68,upstream,1,0
0x003fd570,0x0043fb68,upstream,1,0
0x003fd620,0x0043fb68,upstream,1,0
0x003fd710,0x0043fb68,upstream,1,0
0x003fd7e0,0x0043fb68,upstream,1,0
0x003fd8e8,0x0043fb68,upstream,1,0
0x003fdab8,0x0043fb68,upstream,1,0
0x003fdc40,0x0043fb68,upstream,1,0
0x003fddb0,0x0043fb68,upstream,1,0
0x003fde60,0x0043fb68,upstream,1,0
0x003fdf90,0x0043fb68,upstream,1,0
0x003fe040,0x0043fb68,upstream,1,0
0x003fe170,0x0043fb68,upstream,1,0
0x003fe220,0x0043fb68,upstream,1,0
0x003fe388,,-,1000000000,1
0x003fe538,0x0043fb68,upstream,1,0
0x003fe5e0,0x0043fb68,upstream,1,0
0x003fe6b0,0x0043fb68,upstream,1,0
0x003fe820,0x0043fb68,upstream,1,0
0x003fe970,0x0043fb68,upstream,1,0
0x003fea00,0x0043fb68,upstream,1,0
0x003feb20,0x0043fb68,upstream,1,0
0x003febb0,0x0043fb68,upstream,1,0
0x003fecd0,0x004ba240,upstream,1,0
0x003fed20,0x004ba240,upstream,1,0
0x003fed80,0x004ba240,upstream,1,0
0x003fee10,0x004ba240,upstream,1,0
0x003fef10,0x00428998,upstream,4,0
0x003ff010,,-,1000000000,0
0x003ff050,0x004ba240,upstream,1,0
0x003ff0d0,0x004ba240,upstream,2,0
0x003ff160,0x004ba240,upstream,1,0
0x003ff1e0,0x004ba240,upstream,1,0
0x003ff320,0x004ba240,upstream,1,0
0x003ff370,0x004ba240,upstream,1,0
0x003ff3e0,0x004ba240,upstream,2,0
0x003ff660,0x004ba240,upstream,1,0
0x003ff6e0,0x004ba240,upstream,1,0
0x003ff7d0,0x004ba240,upstream,1,0
0x003ff870,0x004ba240,upstream,1,0
0x003ff910,0x004ba240,upstream,2,0
0x003ffb90,0x004ba240,upstream,1,0
0x003ffc10,0x004ba240,upstream,1,0
0x003ffd00,0x004ba240,upstream,1,0
0x003ffda0,0x004ba240,upstream,1,0
0x003ffe40,0x004ba240,upstream,1,0
0x003ffea0,0x004ba240,upstream,1,0
0x003fff20,0x004ba240,upstream,1,0
0x003fff80,0x004ba240,upstream,1,0
0x004000f0,0x004287e0,upstream,1,0
0x00400230,0x004287e0,upstream,1,0
0x00400380,0x004ba240,upstream,2,0
0x00400850,0x004ba240,upstream,2,0
0x00400870,0x004ba240,upstream,1,0
0x00400990,,-,1000000000,0
0x004009b0,0x004ba240,upstream,1,0
0x00400ae0,0x00429068,upstream,1,0
0x00400cb0,0x004ba240,upstream,1,0
0x00400d40,0x004ba240,upstream,1,0
0x00400e60,0x00429068,upstream,1,0
0x00401030,0x004ba240,upstream,1,0
0x004010c0,0x004ba240,upstream,1,0
0x004011e0,0x004ba240,upstream,1,0
0x004012d0,,-,1000000000,0
0x004012f0,,-,1000000000,0
0x004013b0,0x00428998,upstream,4,0
0x00401570,0x00428998,upstream,4,0
0x004017e0,0x004287e0,upstream,1,0
0x00401c50,,-,1000000000,0
0x00401d20,0x00428998,upstream,4,0
0x00401ed0,0x00428998,upstream,4,0
0x004020f0,0x004ba240,upstream,1,0
0x00402220,0x004ba240,upstream,1,0
0x00402310,,-,1000000000,0
0x00402330,,-,1000000000,0
0x004023f0,0x00428998,upstream,4,0
0x004025b0,0x00428998,upstream,4,0
0x00402830,0x004287e0,upstream,1,0
0x00402d10,,-,1000000000,0
0x00402de0,0x00428998,upstream,4,0
0x00402f90,0x00428998,upstream,4,0
0x004031d0,0x004ba240,upstream,1,0
0x00403300,0x004ba240,upstream,1,0
0x004033a0,,-,1000000000,0
0x00403450,,-,1000000000,0
0x004035f0,,-,1000000000,0
0x004036a0,,-,1000000000,0
0x00403830,,-,1000000000,0
0x00403a10,0x004287e0,upstream,1,0
0x00403bd0,0x004ba240,upstream,4,0
0x00403cc0,0x004ba240,upstream,4,0
0x00403db0,0x004ba240,upstream,4,0
0x00403ea0,0x004ba240,upstream,4,0
0x00403fc0,0x004287e0,upstream,1,0
0x00404180,,-,1000000000,0
0x00404360,,-,1000000000,0
0x004044f0,,-,1000000000,0
0x004046a0,0x00429068,upstream,1,0
0x00404970,0x00429068,upstream,1,0
0x00404c50,,-,1000000000,0
0x00404c80,,-,1000000000,0
0x00404ca0,0x004ba240,upstream,1,0
0x00404d00,0x004ba240,upstream,1,0
0x00404ed0,0x004ba240,upstream,3,0
0x00405160,0x004ba240,upstream,1,0
0x004051e0,0x004ba240,upstream,1,0
0x00405260,0x004ba240,upstream,3,0
0x00405370,0x004ba240,upstream,1,0
0x00405480,,-,1000000000,0
0x004054d0,,-,1000000000,0
0x00405550,,-,1000000000,0
0x004055e0,,-,1000000000,0
0x00405670,,-,1000000000,0
0x004056a0,,-,1000000000,0
0x00405710,,-,1000000000,0
0x00405740,,-,1000000000,0
0x004058b0,0x004ba240,upstream,2,0
0x00405930,0x004ba240,upstream,2,0
0x00405b30,0x004ba240,upstream,2,0
0x00405d20,,-,1000000000,0
0x00405dc0,,-,1000000000,0
0x00405e70,,-,1000000000,0
0x00405fa0,0x004ba240,upstream,1,0
0x00406470,0x004ba240,upstream,1,0
0x00406520,0x004ba240,upstream,1,0
0x004065e0,0x004ba240,upstream,1,0
0x00406cf0,0x004ba240,upstream,1,0
0x00407390,,-,1000000000,0
0x00407470,,-,1000000000,0
0x00407550,,-,1000000000,0
0x004075f0,,-,1000000000,0
0x004076e0,,-,1000000000,0
0x00407780,0x004ba240,upstream,2,0
0x00407860,0x004ba240,upstream,1,0
0x004078d0,,-,1000000000,0
0x00407940,0x004ba240,upstream,1,0
0x00407aa0,0x004287e0,upstream,1,0
0x00407ae0,0x004287e0,upstream,1,0
0x00407b10,0x00429068,upstream,1,0
0x00407b90,0x004ba240,upstream,2,0
0x00407c20,0x004ba240,upstream,1,0
0x00408080,0x004ba240,upstream,1,0
0x00408120,0x004ba240,upstream,1,0
0x00408390,0x004ba240,upstream,2,0
0x004083e0,0x00428998,upstream,4,0
0x00408430,0x00428998,upstream,4,0
0x00408490,,-,1000000000,0
0x004084c0,,-,1000000000,0
0x004087a0,0x00428998,upstream,4,0
0x00408860,0x00428998,upstream,3,0
0x004090e0,,-,1000000000,0
0x00409110,,-,1000000000,0
0x00409300,,-,1000000000,0
0x00409410,,-,1000000000,0
0x00409470,,-,1000000000,0
0x00409770,,-,1000000000,0
0x004098b0,0x00428998,upstream,2,0
0x00409a60,,-,1000000000,0
0x00409aa0,,-,1000000000,0
0x00409b00,0x00428998,upstream,2,0
0x00409c30,,-,1000000000,0
0x00409f40,,-,1000000000,0
0x00409f70,,-,1000000000,0
0x0040a070,,-,1000000000,0
0x0040a1d0,,-,1000000000,0
0x0040a300,,-,1000000000,0
0x0040a400,,-,1000000000,0
0x0040a4b0,,-,1000000000,0
0x0040a580,,-,1000000000,0
0x0040a590,,-,1000000000,0
0x0040a5a0,,-,1000000000,0
0x0040a5d0,0x00428998,upstream,2,0
0x0040a820,,-,1000000000,0
0x0040a830,,-,1000000000,0
0x0040a850,0x00428998,upstream,3,0
0x0040aaf0,0x00428998,upstream,3,0
0x0040ad60,0x00428998,upstream,3,0
0x0040afd0,,-,1000000000,0
0x0040b000,,-,1000000000,0
0x0040b010,0x00429068,upstream,5,0
0x0040b1b0,,-,1000000000,0
0x0040b1d0,0x00429068,upstream,1,0
0x0040b2d0,,-,1000000000,0
0x0040b360,,-,1000000000,0
0x0040b380,,-,1000000000,0
0x0040b3e0,,-,1000000000,0
0x0040b530,0x00429068,upstream,1,0
0x0040b8c0,0x00429068,upstream,1,0
0x0040b930,,-,1000000000,0
0x0040b950,,-,1000000000,0
0x0040b990,,-,1000000000,0
0x0040b9c0,0x00428df8,upstream,1,0
0x0040ba50,,-,1000000000,0
0x0040bac0,,-,1000000000,0
0x0040bb40,,-,1000000000,0
0x0040bbb0,,-,1000000000,0
0x0040bbd0,,-,1000000000,0
0x0040bc00,,-,1000000000,0
0x0040bcb0,,-,1000000000,0
0x0040bd20,,-,1000000000,0
0x0040bd64,,-,1000000000,0
0x0040bde0,,-,1000000000,0
0x0040be00,0x00429068,upstream,4,0
0x0040be60,0x00429068,upstream,2,0
0x0040ccc0,0x00429068,upstream,4,0
0x0040d770,,-,1000000000,0
0x0040d7f0,,-,1000000000,0
0x0040db30,,-,1000000000,0
0x0040db40,0x00429068,upstream,4,0
0x0040ddc0,,-,1000000000,0
0x0040dde0,,-,1000000000,0
0x0040de30,,-,1000000000,0
0x0040de50,,-,1000000000,0
0x0040dfd0,,-,1000000000,0
0x0040e180,0x00428998,upstream,1,0
0x0040e2b0,,-,1000000000,0
0x0040e2c0,,-,1000000000,0
0x0040e390,,-,1000000000,0
0x0040e3e0,,-,1000000000,0
0x0040e420,,-,1000000000,0
0x0040e430,,-,1000000000,0
0x0040e670,,-,1000000000,0
0x0040e6d0,,-,1000000000,0
0x0040e7c0,,-,1000000000,0
0x0040e8b0,,-,1000000000,0
0x0040ea40,,-,1000000000,0
0x0040ebd0,,-,1000000000,0
0x0040ed70,,-,1000000000,0
0x0040edc0,,-,1000000000,0
0x0040eea0,,-,1000000000,0
0x0040eec0,,-,1000000000,0
0x0040ef10,,-,1000000000,0
0x0040efc0,,-,1000000000,0
0x0040f030,,-,1000000000,0
0x0040f0b0,,-,1000000000,0
0x0040f0d0,,-,1000000000,0
0x0040f0f0,,-,1000000000,0
0x0040f100,,-,1000000000,0
0x0040f130,,-,1000000000,0
0x0040f2a0,,-,1000000000,0
0x0040f2c0,,-,1000000000,0
0x0040f4c0,,-,1000000000,0
0x0040f4e0,,-,1000000000,0
0x0040f810,,-,1000000000,0
0x0040f830,,-,1000000000,0
0x0040f860,0x0043af80,upstream,3,0
0x0040fc00,0x0043af80,upstream,3,0
0x0040ffb0,0x0043af80,upstream,3,0
0x00410370,0x0043af80,upstream,3,0
0x00410740,0x0043af80,upstream,3,0
0x00410ae0,0x00428998,upstream,2,0
0x00411170,0x0043af80,upstream,3,0
0x00411560,0x0043af80,upstream,3,0
0x00411980,0x0043af80,upstream,3,0
0x00411d60,0x0043af80,upstream,3,0
0x00412160,0x0043af80,upstream,3,0
0x00412580,0x00428998,upstream,2,0
0x00414700,,-,1000000000,0
0x00414710,,-,1000000000,0
0x00414740,0x00428998,upstream,2,0
0x00415d20,0x00428998,upstream,2,0
0x00416860,,-,1000000000,0
0x00416b60,0x00428998,upstream,2,0
0x00416c40,,-,1000000000,0
0x00416c50,,-,1000000000,0
0x00416c70,,-,1000000000,0
0x00416c80,0x00428998,upstream,2,0
0x00416d80,,-,1000000000,0
0x00416da0,0x00429068,upstream,4,0
0x00416e40,0x00429068,upstream,5,0
0x00416fd0,0x00428998,upstream,3,0
0x00417000,0x00428998,upstream,2,0
0x004171e0,,-,1000000000,0
0x00417370,,-,1000000000,0
0x00417470,0x00428998,upstream,2,0
0x00417650,0x00429068,upstream,4,0
0x00417790,,-,1000000000,0
0x00417920,0x00429068,upstream,5,0
0x00417950,0x00429068,upstream,5,0
0x00417a80,,-,1000000000,0
0x00417d20,,-,1000000000,0
0x00417d70,0x00428998,upstream,5,0
0x00417e00,,-,1000000000,0
0x00417e80,,-,1000000000,0
0x00417f00,,-,1000000000,0
0x00417f50,,-,1000000000,0
0x00417fb0,,-,1000000000,0
0x00418020,,-,1000000000,0
0x00418060,,-,1000000000,0
0x004180d0,,-,1000000000,0
0x00418800,0x0043af80,upstream,1,0
0x0041a160,,-,1000000000,0
0x0041a300,0x00428998,upstream,2,0
0x0041a5b0,,-,1000000000,0
0x0041a800,,-,1000000000,0
0x0041ada0,0x00428998,upstream,2,0
0x0041b0f0,,-,1000000000,0
0x0041b350,,-,1000000000,0
0x0041b540,,-,1000000000,0
0x0041b5c0,,-,1000000000,0
0x0041b6a0,,-,1000000000,0
0x0041b780,,-,1000000000,0
0x0041b840,,-,1000000000,0
0x0041b8f0,,-,1000000000,0
0x0041b9e0,,-,1000000000,0
0x0041bcc0,,-,1000000000,0
0x0041bd70,,-,1000000000,0
0x0041c210,,-,1000000000,0
0x0041c5d0,,-,1000000000,0
0x0041c690,,-,1000000000,0
0x0041c7d0,,-,1000000000,0
0x0041c940,,-,1000000000,0
0x0041c9b0,,-,1000000000,0
0x0041ca70,,-,1000000000,0
0x0041cbc0,,-,1000000000,0
0x0041cd30,,-,1000000000,0
0x0041cda0,0x00428998,upstream,2,0
0x0041da70,,-,1000000000,0
0x0041e2a0,,-,1000000000,0
0x0041e3f0,,-,1000000000,0
0x0041f170,,-,1000000000,0
0x0041f6f0,0x00428998,upstream,2,0
0x0041f8e0,0x003fb210,upstream,4,0
0x00420350,,-,1000000000,0
0x00420490,,-,1000000000,0
0x004204e0,,-,1000000000,0
0x00420540,0x003fb210,upstream,3,0
0x00420a10,,-,1000000000,0
0x00420a80,0x00428998,upstream,5,0
0x00420fd0,0x00429068,upstream,4,0
0x00421450,,-,1000000000,0
0x004214a0,,-,1000000000,0
0x00421590,,-,1000000000,0
0x00421ba0,,-,1000000000,0
0x00421c70,,-,1000000000,0
0x00421cb0,,-,1000000000,0
0x00422190,,-,1000000000,0
0x004221f0,,-,1000000000,0
0x00422ce0,,-,1000000000,0
0x00422d10,,-,1000000000,0
0x00422db0,,-,1000000000,0
0x00422ec0,,-,1000000000,0
0x00422f70,,-,1000000000,0
0x00422f80,,-,1000000000,0
0x00422fa0,0x00428998,upstream,4,0
0x00423280,0x00429068,upstream,5,0
0x00423690,,-,1000000000,0
0x00423780,,-,1000000000,0
0x00423850,0x00428998,upstream,4,0
0x004238c0,,-,1000000000,0
0x004238e0,,-,1000000000,0
0x004239f0,0x00429068,upstream,5,0
0x00423a40,,-,1000000000,0
0x00423a90,,-,1000000000,0
0x00423b20,,-,1000000000,0
0x00423b30,,-,1000000000,0
0x00423b80,0x00429068,upstream,4,0
0x00423cd0,,-,1000000000,0
0x00423d80,,-,1000000000,0
0x00424470,,-,1000000000,0
0x004244c0,0x00428998,upstream,3,0
0x004245e0,0x00428998,upstream,3,0
0x00424760,0x00428998,upstream,3,0
0x00424a10,,-,1000000000,0
0x00424ba0,,-,1000000000,0
0x00424cd0,,-,1000000000,0
0x00424d40,,-,1000000000,0
0x00424d70,0x0043af80,upstream,3,0
0x004254f0,0x00428998,upstream,3,0
0x00425860,0x00428998,upstream,3,0
0x00425c30,0x00428998,upstream,3,0
0x00425fe0,0x00428998,upstream,3,0
0x00426100,,-,1000000000,0
0x00426110,0x00429068,upstream,4,0
0x00426630,,-,1000000000,0
0x00426670,,-,1000000000,0
0x00426680,,-,1000000000,0
0x004266c0,,-,1000000000,0
0x00426700,,-,1000000000,0
0x00426730,,-,1000000000,0
0x00426850,,-,1000000000,0
0x00426860,,-,1000000000,0
0x00426ad0,,-,1000000000,0
0x00426b10,,-,1000000000,0
0x00426b90,,-,1000000000,0
0x00426bd0,,-,1000000000,0
0x00426ef0,,-,1000000000,0
0x00427120,,-,1000000000,0
0x00427140,,-,1000000000,0
0x004271c0,,-,1000000000,0
0x004271e0,,-,1000000000,0
0x00427280,,-,1000000000,0
0x00427340,,-,1000000000,0
0x00427470,0x00429f38,upstream,1,0
0x00427610,0x00429068,upstream,1,0
0x004276a0,,-,1000000000,0
0x004276b0,0x00429068,upstream,1,0
0x00427850,,-,1000000000,0
0x004279e0,,-,1000000000,0
0x00427d10,,-,1000000000,0
0x00427d20,,-,1000000000,0
0x00427de0,,-,1000000000,0
0x00427e60,,-,1000000000,0
0x00427e80,,-,1000000000,0
0x00428080,,-,1000000000,0
0x00428120,0x00429068,upstream,4,0
0x00428320,0x0042bd70,upstream,1,0
0x004283d0,,-,1000000000,0
0x004283f0,,-,1000000000,0
0x00428410,,-,1000000000,0
0x00428420,0x00429068,upstream,1,0
0x004285f0,,-,1000000000,0
0x00428630,,-,1000000000,0
0x00428658,,-,1000000000,0
0x00428748,,-,1000000000,0
0x004287e0,0x004287e0,upstream,0,0
0x00428890,,-,1000000000,0
0x00428998,0x00428998,upstream,0,1
0x00428a58,,-,1000000000,0
0x00428ab0,,-,1000000000,0
0x00428b18,0x00428f48,upstream,1,1
0x00428c50,,-,1000000000,0
0x00428df8,0x00428df8,upstream,0,1
0x00428f48,0x00428f48,upstream,0,1
0x00429068,0x00429068,upstream,0,1
0x004291b0,,-,1000000000,0
0x00429370,,-,1000000000,0
0x00429538,,-,1000000000,0
0x00429708,,-,1000000000,0
0x00429760,,-,1000000000,0
0x004297c0,,-,1000000000,0
0x00429820,,-,1000000000,0
0x00429880,,-,1000000000,0
0x004298e0,,-,1000000000,0
0x00429940,,-,1000000000,0
0x004299a0,,-,1000000000,0
0x00429ab0,,-,1000000000,0
0x00429b08,0x00428998,upstream,1,0
0x00429b80,0x00428998,upstream,2,0
0x00429c60,,-,1000000000,0
0x00429cf0,0x00429068,upstream,3,0
0x00429d38,,-,1000000000,0
0x00429de0,0x00428998,upstream,3,0
0x00429ef0,,-,1000000000,0
0x00429f10,,-,1000000000,0
0x00429f38,0x00429f38,upstream,0,1
0x00429f80,,-,1000000000,0
0x00429fb8,,-,1000000000,0
0x0042a0d0,,-,1000000000,0
0x0042a4e0,,-,1000000000,0
0x0042a5e8,,-,1000000000,0
0x0042a680,,-,1000000000,0
0x0042a748,0x00429068,upstream,2,0
0x0042a798,0x00429068,upstream,3,1
0x0042a7f8,,-,1000000000,0
0x0042a818,,-,1000000000,0
0x0042a980,,-,1000000000,0
0x0042a9c8,0x00429068,upstream,3,0
0x0042aa40,0x00429068,upstream,3,1
0x0042aac8,0x00429068,upstream,1,1
0x0042ab60,,-,1000000000,0
0x0042abc8,,-,1000000000,0
0x0042ac48,,-,1000000000,0
0x0042acb0,,-,1000000000,0
0x0042acd0,,-,1000000000,0
0x0042ae68,0x00429068,upstream,2,0
0x0042b980,,-,1000000000,0
0x0042ba78,0x00429068,upstream,3,0
0x0042baa8,,-,1000000000,0
0x0042bb00,0x00429068,upstream,3,0
0x0042bb70,,-,1000000000,0
0x0042bc88,,-,1000000000,0
0x0042bd70,0x0042bd70,upstream,0,1
0x0042bd80,,-,1000000000,0
0x0042bd98,0x004287e0,upstream,3,0
0x0042bdb8,,-,1000000000,0
0x0042bde0,,-,1000000000,0
0x0042beb8,,-,1000000000,0
0x0042bf18,,-,1000000000,0
0x0042bf98,,-,1000000000,0
0x0042bfa0,,-,1000000000,0
0x0042bfa8,,-,1000000000,0
0x0042c070,,-,1000000000,0
0x0042c098,,-,1000000000,0
0x0042c1c8,,-,1000000000,0
0x0042c1e8,,-,1000000000,0
0x0042c238,,-,1000000000,0
0x0042c280,0x00429068,upstream,1,0
0x0042c5c0,,-,1000000000,0
0x0042c620,,-,1000000000,0
0x0042c660,,-,1000000000,0
0x0042c708,,-,1000000000,0
0x0042c740,0x004287e0,upstream,1,0
0x0042c848,0x004287e0,upstream,2,0
0x0042c980,,-,1000000000,0
0x0042ca08,,-,1000000000,0
0x0042cac8,,-,1000000000,0
0x0042cb00,,-,1000000000,0
0x0042cd18,0x004287e0,upstream,2,0
0x0042ce18,,-,1000000000,0
0x0042cf78,,-,1000000000,0
0x0042cfe0,,-,1000000000,0
0x0042d170,,-,1000000000,0
0x0042d238,,-,1000000000,0
0x0042d3d0,,-,1000000000,0
0x0042d550,,-,1000000000,0
0x0042d610,0x003fb210,upstream,1,0
0x0042d680,,-,1000000000,0
0x0042d6b0,0x00429068,upstream,5,0
0x0042d708,0x00429068,upstream,4,0
0x0042d770,,-,1000000000,1
0x0042e160,,-,1000000000,0
0x0042e190,0x004287e0,upstream,2,0
0x0042e1f0,0x004287e0,upstream,1,0
0x0042f100,0x004287e0,upstream,2,0
0x0042f130,0x004287e0,upstream,3,0
0x0042f158,,-,1000000000,0
0x0042f368,,-,1000000000,0
0x0042f3a0,0x0042f3a0,upstream,0,1
0x0042f450,,-,1000000000,0
0x0042f498,,-,1000000000,0
0x0042f568,,-,1000000000,0
0x0042f5b8,,-,1000000000,0
0x0042f638,,-,1000000000,0
0x0042f660,,-,1000000000,0
0x0042f708,,-,1000000000,0
0x0042f750,,-,1000000000,0
0x0042fb10,,-,1000000000,0
0x0042fd98,,-,1000000000,0
0x00430000,,-,1000000000,0
0x00430748,,-,1000000000,0
0x00430a40,,-,1000000000,0
0x00430bb0,0x004287e0,upstream,1,0
0x00431130,,-,1000000000,0
0x004311f0,,-,1000000000,0
0x004312a0,,-,1000000000,0
0x00431390,0x00429068,upstream,4,0
0x00431488,,-,1000000000,0
0x00431548,,-,1000000000,0
0x004318c0,,-,1000000000,0
0x00431920,,-,1000000000,0
0x00431b18,0x003fb210,upstream,1,0
0x00431f70,0x003fb210,upstream,1,0
0x00432588,0x003fb210,upstream,1,0
0x00432730,,-,1000000000,0
0x004327a0,,-,1000000000,0
0x00432818,,-,1000000000,0
0x004328b8,0x003fb210,upstream,1,0
0x00432e90,,-,1000000000,0
0x00432eb8,,-,1000000000,0
0x00432fc0,0x00429068,upstream,2,0
0x00433090,0x00429068,upstream,1,0
0x00433db8,,-,1000000000,0
0x00433ec0,0x00429068,upstream,2,0
0x00433ef0,0x00429068,upstream,1,0
0x00434af0,,-,1000000000,0
0x00434ee0,0x003fb210,upstream,1,0
0x004353d0,0x003fb210,upstream,1,0
0x004360f8,0x003fb210,upstream,1,0
0x00436618,0x003fb210,upstream,1,0
0x00436920,,-,1000000000,0
0x00436d50,,-,1000000000,0
0x004370f0,,-,1000000000,0
0x004373d8,,-,1000000000,0
0x00437628,,-,1000000000,0
0x00437950,,-,1000000000,0
0x00437a80,,-,1000000000,0
0x00437e60,,-,1000000000,0
0x00437f98,0x003fb210,upstream,1,0
0x004381e8,,-,1000000000,0
0x00438d50,0x003fb210,upstream,1,0
0x00439080,,-,1000000000,0
0x00439d70,0x003fb210,upstream,1,0
0x0043a180,,-,1000000000,0
0x0043a340,,-,1000000000,0
0x0043a388,0x003fb210,upstream,2,0
0x0043a490,,-,1000000000,0
0x0043a4c8,,-,1000000000,0
0x0043a4e8,,-,1000000000,0
0x0043a6c0,,-,1000000000,0
0x0043a6f8,,-,1000000000,0
0x0043a720,,-,1000000000,0
0x0043a920,0x003fb210,upstream,1,0
0x0043aad8,0x003fb210,upstream,2,0
0x0043abd0,,-,1000000000,0
0x0043ae78,,-,1000000000,0
0x0043af50,,-,1000000000,0
0x0043af80,0x0043af80,upstream,0,1
0x0043b068,,-,1000000000,0
0x0043b088,,-,1000000000,0
0x0043b0b0,,-,1000000000,0
0x0043b198,,-,1000000000,0
0x0043b1c0,,-,1000000000,0
0x0043b320,0x0043b320,upstream,0,1
0x0043b410,,-,1000000000,0
0x0043b498,,-,1000000000,0
0x0043b5b8,0x003fb210,upstream,2,0
0x0043b700,0x003fb210,upstream,1,0
0x0043bb30,0x003fb210,upstream,2,1
0x0043bc40,0x003fad18,upstream,1,0
0x0043bd40,0x003fad18,upstream,1,0
0x0043be40,0x003fad18,upstream,1,0
0x0043bf68,0x003fad18,upstream,1,0
0x0043c0a8,0x003fad18,upstream,1,0
0x0043c1f0,0x003fad18,upstream,1,0
0x0043c340,0x003fad18,upstream,1,0
0x0043c458,0x00429068,upstream,1,0
0x0043c688,0x00429068,upstream,2,0
0x0043c790,,-,1000000000,0
0x0043c7c0,,-,1000000000,0
0x0043c7e0,,-,1000000000,0
0x0043c7f0,,-,1000000000,0
0x0043c800,,-,1000000000,0
0x0043c810,,-,1000000000,0
0x0043c820,,-,1000000000,0
0x0043c830,,-,1000000000,0
0x0043c840,,-,1000000000,0
0x0043c850,,-,1000000000,0
0x0043c860,,-,1000000000,0
0x0043c880,,-,1000000000,0
0x0043c890,,-,1000000000,0
0x0043c8a0,,-,1000000000,0
0x0043c8b0,,-,1000000000,0
0x0043c8e0,,-,1000000000,0
0x0043c8f0,,-,1000000000,0
0x0043c900,,-,1000000000,0
0x0043c920,,-,1000000000,0
0x0043c930,,-,1000000000,0
0x0043c970,,-,1000000000,0
0x0043c980,,-,1000000000,0
0x0043c990,,-,1000000000,0
0x0043c9d0,,-,1000000000,0
0x0043c9e0,,-,1000000000,0
0x0043c9f0,,-,1000000000,0
0x0043ca00,,-,1000000000,0
0x0043ca10,,-,1000000000,0
0x0043ca20,,-,1000000000,0
0x0043ca50,,-,1000000000,0
0x0043ca60,,-,1000000000,0
0x0043ca70,,-,1000000000,0
0x0043ca80,,-,1000000000,0
0x0043cac0,,-,1000000000,0
0x0043cae0,,-,1000000000,1
0x0043caf0,,-,1000000000,1
0x0043cb00,,-,1000000000,1
0x0043cb10,,-,1000000000,0
0x0043cb20,,-,1000000000,1
0x0043cb30,,-,1000000000,1
0x0043cb40,,-,1000000000,0
0x0043cb50,,-,1000000000,0
0x0043cb80,,-,1000000000,0
0x0043cb90,,-,1000000000,0
0x0043cd30,,-,1000000000,0
0x0043cd60,,-,1000000000,0
0x0043cd90,,-,1000000000,0
0x0043cdb0,,-,1000000000,0
0x0043ce20,,-,1000000000,0
0x0043ce50,,-,1000000000,0
0x0043ce80,,-,1000000000,0
0x0043cea0,,-,1000000000,0
0x0043ceb0,,-,1000000000,0
0x0043cec0,,-,1000000000,0
0x0043ced0,,-,1000000000,0
0x0043cee0,,-,1000000000,0
0x0043cef0,,-,1000000000,0
0x0043cf10,,-,1000000000,0
0x0043cf40,,-,1000000000,0
0x0043cf50,,-,1000000000,0
0x0043cf60,,-,1000000000,0
0x0043cf70,,-,1000000000,0
0x0043d000,,-,1000000000,0
0x0043d0a8,,-,1000000000,0
0x0043d128,,-,1000000000,0
0x0043d1a0,,-,1000000000,0
0x0043d1c8,,-,1000000000,0
0x0043d1d8,,-,1000000000,0
0x0043d1e0,,-,1000000000,0
0x0043d298,,-,1000000000,0
0x0043d2b8,,-,1000000000,0
0x0043d2e0,,-,1000000000,0
0x0043d308,,-,1000000000,0
0x0043d330,,-,1000000000,0
0x0043d3d8,,-,1000000000,0
0x0043d470,,-,1000000000,0
0x0043d518,,-,1000000000,0
0x0043d5c0,,-,1000000000,0
0x0043d628,,-,1000000000,0
0x0043d690,,-,1000000000,0
0x0043d6f8,,-,1000000000,0
0x0043d760,,-,1000000000,0
0x0043d780,,-,1000000000,0
0x0043d7a0,,-,1000000000,0
0x0043d7c0,,-,1000000000,0
0x0043d7e0,0x003fad18,upstream,3,0
0x0043d8b8,,-,1000000000,0
0x0043d990,,-,1000000000,0
0x0043da28,,-,1000000000,0
0x0043daa8,,-,1000000000,0
0x0043db40,,-,1000000000,0
0x0043db88,,-,1000000000,0
0x0043dbb0,,-,1000000000,0
0x0043dbe0,,-,1000000000,0
0x0043dc08,,-,1000000000,0
0x0043dc40,,-,1000000000,0
0x0043dca8,,-,1000000000,0
0x0043dcd0,,-,1000000000,0
0x0043dcf8,,-,1000000000,0
0x0043dd20,,-,1000000000,0
0x0043dd48,,-,1000000000,0
0x0043dd88,,-,1000000000,0
0x0043ddc8,0x003fad18,upstream,3,0
0x0043df60,,-,1000000000,0
0x0043e0b0,,-,1000000000,0
0x0043e180,,-,1000000000,0
0x0043e240,,-,1000000000,0
0x0043e278,,-,1000000000,0
0x0043e328,,-,1000000000,0
0x0043e360,,-,1000000000,0
0x0043e3f0,0x003fb210,upstream,1,0
0x0043e558,0x003fad18,upstream,1,0
0x0043eb48,0x003fad18,upstream,2,0
0x0043eb80,0x0043eb80,upstream,0,0
0x0043ec58,,-,1000000000,0
0x0043eed8,,-,1000000000,0
0x0043ef10,,-,1000000000,0
0x0043ef40,,-,1000000000,0
0x0043ef70,,-,1000000000,0
0x0043ef98,,-,1000000000,0
0x0043f0d0,,-,1000000000,0
0x0043f150,,-,1000000000,0
0x0043f278,,-,1000000000,1
0x0043f328,,-,1000000000,1
0x0043f4c8,,-,1000000000,0
0x0043f4f0,,-,1000000000,0
0x0043f598,,-,1000000000,0
0x0043f5b8,,-,1000000000,0
0x0043f5e8,,-,1000000000,0
0x0043f628,,-,1000000000,0
0x0043f6e0,,-,1000000000,0
0x0043f740,,-,1000000000,0
0x0043f898,,-,1000000000,0
0x0043f8e8,,-,1000000000,0
0x0043f998,,-,1000000000,1
0x0043fb68,0x0043fb68,upstream,0,1
0x0043fd58,,-,1000000000,0
0x0043fd98,,-,1000000000,0
0x0043fe30,,-,1000000000,0
0x0043ff00,,-,1000000000,0
0x0043ff98,,-,1000000000,0
0x00440028,,-,1000000000,0
0x00440080,,-,1000000000,0
0x00440248,,-,1000000000,0
0x00440288,,-,1000000000,0
0x004402e8,,-,1000000000,0
0x00440370,,-,1000000000,0
0x004403e0,0x004287e0,upstream,1,0
0x00440768,,-,1000000000,0
0x004407b8,,-,1000000000,1
0x004407e8,,-,1000000000,1
0x004408c0,0x0043fb68,upstream,1,1
0x00440ac8,,-,1000000000,0
0x00440b58,0x00428998,upstream,1,0
0x00440b90,0x0043fb68,upstream,1,0
0x00440e18,0x0043fb68,upstream,1,0
0x00440f98,0x0043fb68,upstream,1,0
0x004411d0,0x0043fb68,upstream,1,0
0x00441430,0x0043fb68,upstream,1,0
0x004416f0,0x0043fb68,upstream,1,0
0x00441a68,0x0043fb68,upstream,1,0
0x00441c48,0x0043fb68,upstream,1,0
0x00441df0,0x0043fb68,upstream,2,0
0x00441e10,0x0043fb68,upstream,1,0
0x00441fc0,0x0043fb68,upstream,2,0
0x00441fe0,0x0043fb68,upstream,1,0
0x00442250,0x0043fb68,upstream,1,0
0x00442370,0x0043fb68,upstream,2,0
0x00442390,0x0043fb68,upstream,2,0
0x00442458,0x0043fb68,upstream,1,0
0x004425c0,0x0043fb68,upstream,1,0
0x00442718,0x0043fb68,upstream,1,0
0x004428b8,0x0043fb68,upstream,1,0
0x00442af8,0x0043fb68,upstream,1,0
0x00442ce8,0x0043fb68,upstream,2,0
0x00442d08,0x0043fb68,upstream,1,0
0x00442ea0,0x0043fb68,upstream,1,0
0x00443110,0x0043fb68,upstream,2,0
0x00443130,0x0043fb68,upstream,1,0
0x00443368,0x0043fb68,upstream,1,0
0x004435a0,0x0043fb68,upstream,1,0
0x00443780,0x0043fb68,upstream,1,0
0x00443948,,-,1000000000,0
0x004439d0,0x0043fb68,upstream,1,0
0x00443a40,0x0043fb68,upstream,1,0
0x00443ac0,0x0043fb68,upstream,1,0
0x00443b38,0x0043fb68,upstream,2,0
0x00443b58,0x0043fb68,upstream,1,0
0x00443c48,0x0043fb68,upstream,1,0
0x00443cb8,0x0043fb68,upstream,1,0
0x00443d28,0x0043fb68,upstream,1,0
0x00443d98,0x0043fb68,upstream,1,0
0x00443e18,0x0043fb68,upstream,1,0
0x00443e98,0x0043fb68,upstream,1,0
0x00443f98,,-,1000000000,0
0x00444028,0x00428998,upstream,1,0
0x00444060,0x0043fb68,upstream,1,0
0x00444268,0x0043fb68,upstream,1,0
0x00444470,0x0043fb68,upstream,1,0
0x00444500,0x0043fb68,upstream,1,0
0x004445a0,0x0043fb68,upstream,1,0
0x00444630,0x0043fb68,upstream,2,0
0x00444650,0x0043fb68,upstream,2,0
0x00444670,0x0043fb68,upstream,1,0
0x00444898,0x0043fb68,upstream,2,0
0x004448b8,0x0043fb68,upstream,2,0
0x004448d8,0x0043fb68,upstream,1,0
0x004449e0,0x0043fb68,upstream,2,0
0x00444a28,0x0043fb68,upstream,1,0
0x00444b18,0x0043fb68,upstream,1,0
0x00444bf8,,-,1000000000,0
0x00444d38,,-,1000000000,0
0x00444d60,,-,1000000000,0
0x00444d98,0x0043eb80,upstream,1,0
0x00444ea8,,-,1000000000,0
0x00444f90,,-,1000000000,0
0x00444fd8,,-,1000000000,0
0x00444fe8,,-,1000000000,0
0x00444ff8,,-,1000000000,0
0x004450e0,,-,1000000000,0
0x004450f0,,-,1000000000,0
0x00445180,0x003fad18,upstream,4,0
0x004451c0,0x003fad18,upstream,3,0
0x00445720,,-,1000000000,0
0x00445768,,-,1000000000,0
0x00445780,,-,1000000000,0
0x004457c8,,-,1000000000,0
0x00445850,,-,1000000000,0
0x00445860,,-,1000000000,0
0x00445898,,-,1000000000,0
0x00445998,,-,1000000000,0
0x004459a8,,-,1000000000,0
0x004459e8,,-,1000000000,0
0x004459f8,,-,1000000000,0
0x00445a40,,-,1000000000,0
0x00445a50,,-,1000000000,0
0x00445ab8,,-,1000000000,0
0x00445b68,,-,1000000000,0
0x00445ba8,,-,1000000000,0
0x00445bb8,0x00429068,upstream,1,0
0x00445cd0,,-,1000000000,0
0x00445d48,0x00429068,upstream,2,0
0x00445d90,,-,1000000000,0
0x00445db8,0x00429068,upstream,2,0
0x00445e08,,-,1000000000,0
0x00445e18,,-,1000000000,0
0x00445e60,,-,1000000000,0
0x00445e70,,-,1000000000,0
0x00445f48,,-,1000000000,0
0x004460d8,,-,1000000000,0
0x004460e8,,-,1000000000,0
0x00446150,0x0043eb80,upstream,1,0
0x00446468,,-,1000000000,0
0x00446508,0x0043eb80,upstream,1,0
0x00446578,0x0043eb80,upstream,1,0
0x00446600,,-,1000000000,0
0x00446628,,-,1000000000,0
0x00446660,,-,1000000000,0
0x00446688,,-,1000000000,0
0x00446768,,-,1000000000,0
0x00446990,0x0043eb80,upstream,2,0
0x004469f8,0x0043eb80,upstream,2,0
0x00446a70,0x0043eb80,upstream,2,0
0x00446ae8,0x0043eb80,upstream,2,0
0x00446b30,0x0043eb80,upstream,2,0
0x00446bb0,0x0043eb80,upstream,2,0
0x00446c30,0x0043eb80,upstream,2,0
0x00446c68,0x0043eb80,upstream,2,0
0x00446ca0,,-,1000000000,0
0x00446d50,0x0043eb80,upstream,1,0
0x00446e68,0x0043eb80,upstream,1,0
0x00446fa8,0x0043fb68,upstream,1,0
0x00447048,0x0043fb68,upstream,1,0
0x004470c8,0x0043fb68,upstream,1,0
0x004472b0,,-,1000000000,0
0x00447368,,-,1000000000,0
0x00447418,,-,1000000000,0
0x00447498,,-,1000000000,0
0x00447548,,-,1000000000,0
0x004475b0,,-,1000000000,0
0x00447638,,-,1000000000,0
0x00447878,,-,1000000000,0
0x004479b0,0x0043fb68,upstream,1,0
0x00447a68,0x0043eb80,upstream,2,0
0x00447b28,0x0043fb68,upstream,1,0
0x00447cb8,0x0043fb68,upstream,1,0
0x00447d68,,-,1000000000,0
0x00447dc8,,-,1000000000,0
0x00447e20,,-,1000000000,0
0x00447e78,0x0043fb68,upstream,1,0
0x00447f48,0x0043fb68,upstream,1,0
0x00447fb0,0x0043fb68,upstream,1,0
0x00448018,0x0043fb68,upstream,1,0
0x00448080,0x0043fb68,upstream,1,0
0x004480f0,0x0042bd70,upstream,3,0
0x00448150,,-,1000000000,0
0x004481e0,0x00428998,upstream,1,0
0x00448260,,-,1000000000,0
0x00448270,,-,1000000000,0
0x004482b0,,-,1000000000,0
0x00448340,0x00428998,upstream,2,0
0x00448390,,-,1000000000,0
0x004483f0,,-,1000000000,0
0x00448400,,-,1000000000,0
0x004488e0,,-,1000000000,0
0x00448960,,-,1000000000,0
0x00448a10,0x0042bd70,upstream,2,0
0x00448a60,0x00429f38,upstream,2,0
0x00448aa0,0x004287e0,upstream,1,0
0x00448bd0,0x004287e0,upstream,2,0
0x00448c10,0x004287e0,upstream,2,0
0x00448c50,0x0042bd70,upstream,1,0
0x00448c90,0x00429f38,upstream,1,0
0x00448cd0,,-,1000000000,0
0x00448ce0,,-,1000000000,0
0x00448d10,,-,1000000000,0
0x00448d40,0x00429f38,upstream,3,0
0x00448e70,,-,1000000000,0
0x00448ec0,,-,1000000000,0
0x00448f10,,-,1000000000,0
0x00448fb0,0x00428998,upstream,1,0
0x00449070,,-,1000000000,0
0x004490b0,0x0042bd70,upstream,4,0
0x00449110,0x0042bd70,upstream,3,0
0x00449160,,-,1000000000,0
0x004491c0,,-,1000000000,0
0x00449200,0x004287e0,upstream,1,0
0x00449260,0x00428998,upstream,1,0
0x004492c0,,-,1000000000,0
0x004492d0,0x00428998,upstream,2,0
0x00449550,0x00429f38,upstream,2,0
0x00449b40,0x00428998,upstream,3,0
0x00449b90,0x004287e0,upstream,2,0
0x00449ea0,0x00429f38,upstream,2,0
0x0044a3b0,0x00428998,upstream,2,0
0x0044a4c0,0x00428998,upstream,1,0
0x0044a790,0x0042bd70,upstream,3,0
0x0044a7e0,0x0042bd70,upstream,3,0
0x0044a840,0x00429f38,upstream,3,0
0x0044a8c0,,-,1000000000,0
0x0044a8d0,,-,1000000000,0
0x0044a8e0,,-,1000000000,0
0x0044a8f0,,-,1000000000,0
0x0044a910,0x003fb210,upstream,1,0
0x0044bc20,,-,1000000000,0
0x0044bf20,0x004287e0,upstream,2,0
0x0044c400,,-,1000000000,0
0x0044c5c0,,-,1000000000,0
0x0044cdd0,,-,1000000000,0
0x0044cec0,,-,1000000000,0
0x0044daa0,,-,1000000000,0
0x0044e190,,-,1000000000,0
0x0044f6b0,,-,1000000000,0
0x0044fcb0,,-,1000000000,0
0x00450460,0x004287e0,upstream,1,0
0x004518d0,,-,1000000000,0
0x00452810,,-,1000000000,0
0x00452df0,,-,1000000000,0
0x00453380,,-,1000000000,0
0x00453a60,0x003fb210,upstream,1,0
0x004543d0,,-,1000000000,0
0x00454400,,-,1000000000,0
0x00454430,,-,1000000000,0
0x00454450,0x0042bd70,upstream,4,0
0x004544a0,0x004287e0,upstream,3,0
0x004545a0,0x0042bd70,upstream,4,0
0x00454650,0x004287e0,upstream,1,0
0x004549d0,0x0042bd70,upstream,3,0
0x00454d10,0x00428998,upstream,2,0
0x00454f80,0x0042bd70,upstream,3,0
0x00455020,0x00429f38,upstream,1,0
0x00455220,0x004287e0,upstream,2,0
0x00455410,0x00429f38,upstream,1,0
0x00455bf0,0x00429f38,upstream,1,0
0x00455f20,0x00429068,upstream,2,0
0x00456200,0x004287e0,upstream,2,0
0x004564c0,0x004287e0,upstream,2,0
0x00456750,0x0042bd70,upstream,3,0
0x00456920,0x0042bd70,upstream,3,0
0x00456a60,0x0042bd70,upstream,3,0
0x00456ba0,0x00429068,upstream,2,0
0x00456f10,0x0042bd70,upstream,3,0
0x00457160,0x004287e0,upstream,2,0
0x004572a0,0x00429068,upstream,1,0
0x00457400,0x00429068,upstream,2,0
0x004575b0,0x00428f48,upstream,1,0
0x00457770,0x004287e0,upstream,3,0
0x00457860,0x004287e0,upstream,1,0
0x00457c60,0x00429f38,upstream,3,0
0x00458370,0x00428998,upstream,2,0
0x004586e0,0x00428998,upstream,2,0
0x00458a90,0x004287e0,upstream,1,0
0x00458af0,0x003fb210,upstream,1,0
0x00458d80,,-,1000000000,0
0x00458f70,0x003fb210,upstream,1,0
0x00459010,,-,1000000000,0
0x00459090,,-,1000000000,0
0x004590c0,0x00429f38,upstream,3,0
0x004591e0,,-,1000000000,0
0x00459220,0x00429068,upstream,1,0
0x004593c0,,-,1000000000,0
0x00459400,,-,1000000000,0
0x00459440,,-,1000000000,0
0x00459480,0x004287e0,upstream,1,0
0x004594e0,,-,1000000000,0
0x00459510,0x003fad18,upstream,1,0
0x004596e0,0x00429068,upstream,1,0
0x00459940,0x004287e0,upstream,1,0
0x004599b0,0x004287e0,upstream,1,0
0x00459a40,0x00429068,upstream,1,0
0x00459ba0,0x00428f48,upstream,1,0
0x00459d10,,-,1000000000,0
0x00459d40,,-,1000000000,0
0x00459e20,,-,1000000000,0
0x00459f20,,-,1000000000,0
0x0045a070,,-,1000000000,0
0x0045ab20,,-,1000000000,0
0x0045b010,0x00428998,upstream,2,0
0x0045b0f0,0x00428998,upstream,1,0
0x0045b208,,-,1000000000,0
0x0045b230,,-,1000000000,0
0x0045b298,0x0043eb80,upstream,2,0
0x0045b2f8,,-,1000000000,0
0x0045b398,0x0043eb80,upstream,1,0
0x0045b5d0,,-,1000000000,0
0x0045b668,,-,1000000000,0
0x0045b700,,-,1000000000,0
0x0045b7b8,,-,1000000000,0
0x0045b830,0x0043fb68,upstream,1,0
0x0045bb48,0x0043fb68,upstream,2,0
0x0045bb68,0x0043eb80,upstream,1,0
0x0045bcd8,0x0043fb68,upstream,1,0
0x0045bd70,0x0043eb80,upstream,1,1
0x0045be10,0x0043eb80,upstream,1,0
0x0045be80,0x0043eb80,upstream,1,0
0x0045bff0,0x0043fb68,upstream,1,0
0x0045c2d0,0x0043fb68,upstream,1,0
0x0045c4c8,0x0043fb68,upstream,1,0
0x0045c590,0x0043fb68,upstream,1,0
0x0045c770,0x0043fb68,upstream,1,0
0x0045c840,0x0043fb68,upstream,1,0
0x0045c8f0,0x0043fb68,upstream,1,0
0x0045c988,0x0043fb68,upstream,1,0
0x0045ca40,0x0043fb68,upstream,1,0
0x0045cb38,0x0043fb68,upstream,1,0
0x0045cc28,,-,1000000000,0
0x0045cc50,0x0043eb80,upstream,1,0
0x0045ced0,0x0043fb68,upstream,1,0
0x0045cf40,0x0043fb68,upstream,1,0
0x0045cfb0,0x0043fb68,upstream,1,0
0x0045d020,0x0043fb68,upstream,1,0
0x0045d090,0x0043fb68,upstream,1,0
0x0045d0f8,0x0043eb80,upstream,1,0
0x0045d1a0,,-,1000000000,0
0x0045d238,0x0043fb68,upstream,1,0
0x0045d4f8,0x0043fb68,upstream,1,0
0x0045d6b0,,-,1000000000,0
0x0045d720,0x0043fb68,upstream,1,0
0x0045d7d8,0x0043fb68,upstream,1,0
0x0045d8a0,0x0043fb68,upstream,1,0
0x0045d9c8,0x0043fb68,upstream,2,0
0x0045da00,0x0043fb68,upstream,1,0
0x0045dab8,0x0043fb68,upstream,1,0
0x0045dc20,0x0043fb68,upstream,1,0
0x0045dd38,0x0043fb68,upstream,1,0
0x0045deb0,,-,1000000000,0
0x0045ded8,,-,1000000000,0
0x0045df20,,-,1000000000,0
0x0045e058,0x0043fb68,upstream,1,0
0x0045e1d8,0x0043fb68,upstream,1,0
0x0045e248,0x0043fb68,upstream,1,0
0x0045e390,0x00429068,upstream,1,0
0x0045e418,0x0043fb68,upstream,1,0
0x0045e558,0x0043fb68,upstream,1,0
0x0045e628,0x0043fb68,upstream,1,0
0x0045e740,0x0043fb68,upstream,1,0
0x0045e7f8,0x0043fb68,upstream,1,0
0x0045e9c0,0x0043fb68,upstream,1,0
0x0045eb18,0x0043fb68,upstream,1,0
0x0045ebe8,0x0043fb68,upstream,1,0
0x0045ecf0,,-,1000000000,0
0x0045ef40,,-,1000000000,0
0x0045f648,,-,1000000000,0
0x0045fa68,,-,1000000000,0
0x00460a38,,-,1000000000,0
0x00460a60,,-,1000000000,0
0x00460c60,,-,1000000000,0
0x00460c80,,-,1000000000,0
0x00460e08,,-,1000000000,0
0x00460f18,,-,1000000000,0
0x00461020,,-,1000000000,0
0x00461150,,-,1000000000,0
0x00461340,,-,1000000000,0
0x00461400,,-,1000000000,0
0x004618a8,,-,1000000000,0
0x00461930,,-,1000000000,0
0x00461ad0,,-,1000000000,0
0x00461c20,,-,1000000000,0
0x00461c50,,-,1000000000,0
0x00461cf8,,-,1000000000,0
0x00461da8,,-,1000000000,0
0x00461f20,,-,1000000000,0
0x00462028,,-,1000000000,0
0x00462118,,-,1000000000,0
0x00462268,,-,1000000000,0
0x004622e8,,-,1000000000,0
0x00462350,,-,1000000000,0
0x00462460,,-,1000000000,0
0x00462528,,-,1000000000,0
0x00462650,,-,1000000000,0
0x00462840,,-,1000000000,0
0x00462900,,-,1000000000,0
0x004629a0,,-,1000000000,0
0x00462a68,,-,1000000000,0
0x00462b60,,-,1000000000,0
0x00462bf0,,-,1000000000,0
0x00462cc0,0x00429068,upstream,6,0
0x00462d50,,-,1000000000,0
0x00463008,0x00429068,upstream,4,0
0x004630a8,,-,1000000000,0
0x00463360,,-,1000000000,0
0x004634f0,0x00429068,upstream,5,0
0x00463600,0x00429068,upstream,5,0
0x004637b8,,-,1000000000,0
0x00463928,,-,1000000000,0
0x004639b0,,-,1000000000,0
0x00463c18,,-,1000000000,0
0x00463ea8,,-,1000000000,0
0x00464130,,-,1000000000,0
0x004641d8,0x00428998,upstream,1,0
0x00464410,,-,1000000000,0
0x00464458,0x00429068,upstream,10,0
0x004644a0,0x00429068,upstream,10,0
0x00464548,0x00429068,upstream,5,0
0x00464598,,-,1000000000,0
0x004645f0,,-,1000000000,0
0x00464618,,-,1000000000,0
0x00464668,,-,1000000000,0
0x00464730,,-,1000000000,0
0x00464748,,-,1000000000,0
0x00464758,,-,1000000000,0
0x00464768,,-,1000000000,0
0x004647f0,0x00429068,upstream,9,0
0x00464960,0x00429068,upstream,7,0
0x00464a78,0x00429068,upstream,8,0
0x00464ac0,0x00429068,upstream,7,0
0x00464c20,,-,1000000000,0
0x00464c98,,-,1000000000,0
0x00464d18,,-,1000000000,0
0x00464d78,0x00429068,upstream,4,0
0x00464e40,,-,1000000000,0
0x00464e50,,-,1000000000,0
0x00464e88,,-,1000000000,0
0x00464ee0,,-,1000000000,0
0x00464fe0,,-,1000000000,0
0x00465000,,-,1000000000,0
0x004653d0,,-,1000000000,0
0x004654b0,,-,1000000000,0
0x00465590,,-,1000000000,0
0x004656c0,,-,1000000000,0
0x004657b0,,-,1000000000,0
0x00465968,,-,1000000000,0
0x00465b20,,-,1000000000,0
0x00465dc0,0x00428998,upstream,1,0
0x00465e60,,-,1000000000,0
0x00465f90,0x00428998,upstream,1,0
0x00465fe8,0x00428998,upstream,1,0
0x00466188,,-,1000000000,0
0x00466420,,-,1000000000,0
0x00466448,,-,1000000000,0
0x004664b0,,-,1000000000,0
0x00466640,,-,1000000000,0
0x00466670,,-,1000000000,0
0x004666a0,,-,1000000000,0
0x004666e8,,-,1000000000,0
0x00466a78,,-,1000000000,0
0x00466ae0,,-,1000000000,0
0x00466bf0,,-,1000000000,0
0x00466d08,,-,1000000000,0
0x00466ea0,,-,1000000000,0
0x00467048,,-,1000000000,0
0x00467360,,-,1000000000,0
0x004673b8,,-,1000000000,0
0x004674c8,,-,1000000000,0
0x004675c8,,-,1000000000,0
0x00467760,,-,1000000000,0
0x004678e0,,-,1000000000,0
0x00467b20,,-,1000000000,0
0x00467b40,,-,1000000000,0
0x00467b60,,-,1000000000,0
0x00467d18,,-,1000000000,0
0x00467da8,0x00428998,upstream,2,0
0x00467e68,0x00428998,upstream,1,0
0x00467fa8,0x00428998,upstream,1,0
0x00467fe8,,-,1000000000,0
0x00468278,,-,1000000000,0
0x004683e0,,-,1000000000,0
0x00468408,,-,1000000000,0
0x00468418,,-,1000000000,0
0x00468498,,-,1000000000,0
0x004684e8,,-,1000000000,0
0x004684f0,,-,1000000000,0
0x004684f8,,-,1000000000,0
0x00468510,,-,1000000000,0
0x00468550,,-,1000000000,0
0x00468590,0x00429068,upstream,1,0
0x004685f8,0x00429068,upstream,1,0
0x00468640,,-,1000000000,0
0x00468740,,-,1000000000,0
0x00468748,,-,1000000000,0
0x004687e8,,-,1000000000,0
0x00468818,,-,1000000000,0
0x00468858,,-,1000000000,0
0x00468860,,-,1000000000,0
0x00468870,,-,1000000000,0
0x004688b8,,-,1000000000,0
0x00468910,,-,1000000000,0
0x004689f8,,-,1000000000,0
0x00468a28,,-,1000000000,0
0x00468ab8,,-,1000000000,0
0x00468c38,,-,1000000000,0
0x00468d08,,-,1000000000,0
0x00468db8,,-,1000000000,0
0x00468e18,,-,1000000000,0
0x00468f38,,-,1000000000,0
0x00469030,,-,1000000000,0
0x004691a8,,-,1000000000,0
0x004691d0,,-,1000000000,0
0x00469400,,-,1000000000,0
0x00469500,,-,1000000000,0
0x00469678,,-,1000000000,0
0x00469810,,-,1000000000,0
0x004699b0,,-,1000000000,0
0x00469a70,,-,1000000000,0
0x00469a80,,-,1000000000,0
0x00469ac0,,-,1000000000,0
0x00469b00,0x0043af80,upstream,1,0
0x00469c60,,-,1000000000,0
0x00469d88,,-,1000000000,0
0x00469e88,,-,1000000000,0
0x00469f08,,-,1000000000,0
0x00469f80,,-,1000000000,0
0x0046a0b8,,-,1000000000,0
0x0046a318,,-,1000000000,0
0x0046a510,,-,1000000000,0
0x0046a570,,-,1000000000,0
0x0046acc8,,-,1000000000,0
0x0046b5b8,,-,1000000000,0
0x0046b628,0x00428998,upstream,1,0
0x0046b660,0x00428998,upstream,1,0
0x0046b6c0,0x00429068,upstream,1,0
0x0046b718,,-,1000000000,0
0x0046b788,,-,1000000000,0
0x0046b890,0x00429068,upstream,1,0
0x0046b918,0x00428998,upstream,1,0
0x0046b938,,-,1000000000,0
0x0046ba00,0x00428998,upstream,1,0
0x0046bac0,,-,1000000000,0
0x0046bae8,,-,1000000000,0
0x0046bb98,,-,1000000000,0
0x0046bbc8,0x00429068,upstream,2,0
0x0046bc10,0x00429068,upstream,3,0
0x0046bcb0,,-,1000000000,0
0x0046bd28,0x00428998,upstream,2,0
0x0046be50,0x00428998,upstream,1,0
0x0046c050,0x00428998,upstream,2,0
0x0046c0a0,0x00429068,upstream,3,0
0x0046c108,0x00429068,upstream,2,0
0x0046c500,,-,1000000000,0
0x0046c558,0x00429068,upstream,2,0
0x0046c5e8,0x00429068,upstream,2,0
0x0046c6a0,0x00428998,upstream,2,0
0x0046c740,0x00429068,upstream,4,0
0x0046c818,0x00428998,upstream,2,0
0x0046c8b8,0x00428998,upstream,2,0
0x0046c928,0x00428998,upstream,1,0
0x0046c9d0,0x00428998,upstream,2,0
0x0046ca30,0x00429068,upstream,6,0
0x0046cb30,0x00429068,upstream,2,0
0x0046cbc0,0x00429068,upstream,2,0
0x0046cd48,0x00429068,upstream,2,0
0x0046cd88,,-,1000000000,0
0x0046ce78,0x00429068,upstream,2,0
0x0046cf40,0x00428998,upstream,3,0
0x0046d008,0x00428998,upstream,4,0
0x0046d068,0x00429068,upstream,2,0
0x0046d180,0x00429068,upstream,2,0
0x0046d1b0,0x00429068,upstream,2,0
0x0046d250,0x00429068,upstream,3,0
0x0046d270,0x00429068,upstream,2,0
0x0046d2c0,0x00429068,upstream,2,0
0x0046d2f0,0x00429068,upstream,2,0
0x0046d320,0x00429068,upstream,2,0
0x0046d398,0x00429068,upstream,4,0
0x0046d3c0,0x00429068,upstream,3,0
0x0046d518,,-,1000000000,0
0x0046d5b0,0x0043eb80,upstream,3,0
0x0046d6e8,,-,1000000000,0
0x0046d708,0x0043eb80,upstream,5,0
0x0046d738,0x00428998,upstream,4,0
0x0046d758,0x0043eb80,upstream,4,0
0x0046d778,0x00428998,upstream,1,0
0x0046d8e8,0x00428998,upstream,2,0
0x0046d908,,-,1000000000,0
0x0046d9d8,0x004287e0,upstream,1,0
0x0046dbd8,,-,1000000000,0
0x0046dc60,,-,1000000000,0
0x0046dcd0,,-,1000000000,0
0x0046ddf8,,-,1000000000,0
0x0046de10,,-,1000000000,0
0x0046de68,,-,1000000000,0
0x0046df00,,-,1000000000,0
0x0046dfe0,,-,1000000000,0
0x0046e1d0,,-,1000000000,0
0x0046e2a8,,-,1000000000,0
0x0046e2f8,,-,1000000000,0
0x0046e348,,-,1000000000,0
0x0046e360,,-,1000000000,0
0x0046e3c8,,-,1000000000,0
0x0046e428,,-,1000000000,0
0x0046e4d0,,-,1000000000,0
0x0046e558,,-,1000000000,0
0x0046e5e0,,-,1000000000,0
0x0046e668,,-,1000000000,0
0x0046e700,,-,1000000000,0
0x0046e7a0,,-,1000000000,0
0x0046e7b0,,-,1000000000,0
0x0046e880,,-,1000000000,0
0x0046e890,,-,1000000000,0
0x0046e8a8,0x00428998,upstream,3,0
0x0046ea20,,-,1000000000,0
0x0046ea70,,-,1000000000,0
0x0046eb08,,-,1000000000,0
0x0046ebd8,,-,1000000000,0
0x0046eca8,,-,1000000000,0
0x0046ed78,,-,1000000000,0
0x0046ee48,,-,1000000000,0
0x0046ef18,,-,1000000000,0
0x0046efe8,,-,1000000000,0
0x0046f000,,-,1000000000,0
0x0046f028,,-,1000000000,0
0x0046f150,,-,1000000000,0
0x0046f168,,-,1000000000,0
0x0046f180,,-,1000000000,0
0x0046f208,,-,1000000000,0
0x0046f288,0x0043eb80,upstream,4,0
0x0046f2b0,,-,1000000000,0
0x0046f330,0x00428998,upstream,4,0
0x0046f390,0x0043eb80,upstream,4,0
0x0046f5f8,,-,1000000000,0
0x0046f7a8,,-,1000000000,0
0x0046f7e0,,-,1000000000,0
0x0046f878,,-,1000000000,0
0x0046f890,,-,1000000000,0
0x0046f8a8,,-,1000000000,0
0x0046f8b0,,-,1000000000,0
0x0046f8c8,,-,1000000000,0
0x0046f900,0x0043eb80,upstream,1,0
0x0046f930,,-,1000000000,0
0x0046f948,,-,1000000000,0
0x0046f960,,-,1000000000,0
0x0046f978,,-,1000000000,0
0x0046f990,,-,1000000000,0
0x0046f9e0,,-,1000000000,0
0x0046fa10,,-,1000000000,0
0x0046fa28,,-,1000000000,0
0x0046fa40,,-,1000000000,0
0x0046fa58,,-,1000000000,0
0x0046fa70,,-,1000000000,0
0x0046fa78,,-,1000000000,0
0x0046fad8,,-,1000000000,0
0x0046faf8,,-,1000000000,0
0x0046fb20,,-,1000000000,0
0x0046fb40,,-,1000000000,0
0x0046fb60,,-,1000000000,0
0x0046fb78,,-,1000000000,0
0x0046fb90,0x00428998,upstream,3,0
0x0046fbc0,,-,1000000000,0
0x0046fbe8,,-,1000000000,0
0x0046fc20,0x00428998,upstream,2,0
0x0046fda0,0x00428998,upstream,1,0
0x0046fe00,,-,1000000000,0
0x0046fe08,,-,1000000000,0
0x0046fe58,,-,1000000000,0
0x0046fe98,,-,1000000000,0
0x0046feb0,,-,1000000000,0
0x0046fee0,,-,1000000000,0
0x0046ff10,0x004287e0,upstream,1,0
0x004700e8,,-,1000000000,0
0x00470208,,-,1000000000,0
0x00470438,,-,1000000000,0
0x00470600,,-,1000000000,0
0x00470690,,-,1000000000,0
0x00470738,,-,1000000000,0
0x00470778,,-,1000000000,0
0x004707e0,,-,1000000000,0
0x004707e8,,-,1000000000,0
0x00470838,,-,1000000000,0
0x00470848,,-,1000000000,0
0x00470858,,-,1000000000,0
0x00470868,,-,1000000000,0
0x00470878,,-,1000000000,0
0x00470890,,-,1000000000,0
0x004708a8,,-,1000000000,0
0x004708c0,,-,1000000000,0
0x004708d8,,-,1000000000,0
0x00470908,,-,1000000000,0
0x00470938,,-,1000000000,0
0x00470968,,-,1000000000,0
0x00470980,,-,1000000000,0
0x004709b0,,-,1000000000,0
0x004709c8,,-,1000000000,0
0x004709f8,,-,1000000000,0
0x00470a50,,-,1000000000,0
0x00470ab8,,-,1000000000,0
0x00470b30,,-,1000000000,0
0x00470b38,,-,1000000000,0
0x00470b50,,-,1000000000,0
0x00470bc0,,-,1000000000,0
0x00470be0,,-,1000000000,0
0x00470c00,,-,1000000000,0
0x00470db8,,-,1000000000,0
0x00470e60,,-,1000000000,0
0x00470e90,,-,1000000000,0
0x00470fe8,,-,1000000000,0
0x00471050,0x004287e0,upstream,1,0
0x00471238,,-,1000000000,0
0x004712d0,,-,1000000000,0
0x004712e0,,-,1000000000,0
0x004712f0,,-,1000000000,0
0x00471308,,-,1000000000,0
0x00471380,,-,1000000000,0
0x00471420,,-,1000000000,0
0x00471458,,-,1000000000,0
0x00471468,0x0043af80,upstream,2,0
0x004714c0,,-,1000000000,0
0x004714d0,,-,1000000000,0
0x004715b8,,-,1000000000,0
0x00471650,,-,1000000000,0
0x00471688,,-,1000000000,0
0x00471698,0x004287e0,upstream,1,0
0x00471808,0x003fb210,upstream,1,0
0x00471a68,0x003fb210,upstream,1,0
0x00471cf0,0x00428998,upstream,1,0
0x00471eb0,0x004287e0,upstream,2,0
0x00471fe0,0x00428998,upstream,2,0
0x00472090,0x004287e0,upstream,2,0
0x00472190,0x00429068,upstream,1,0
0x00472820,0x00428998,upstream,1,0
0x00472850,,-,1000000000,0
0x00472880,,-,1000000000,0
0x00472a50,,-,1000000000,0
0x00472ac0,0x00428998,upstream,1,0
0x00472be8,,-,1000000000,0
0x00472bf8,,-,1000000000,0
0x00472c08,,-,1000000000,0
0x00472c18,,-,1000000000,0
0x00472c88,,-,1000000000,0
0x00472d28,0x00428998,upstream,1,0
0x00472de0,0x00429068,upstream,1,0
0x00472ef0,0x00429068,upstream,2,0
0x00473060,0x00428998,upstream,3,0
0x004730f8,,-,1000000000,0
0x00473138,,-,1000000000,0
0x004731c8,0x00428998,upstream,1,0
0x00473200,,-,1000000000,0
0x00473208,,-,1000000000,0
0x00473308,,-,1000000000,0
0x004733e8,,-,1000000000,0
0x004734c8,,-,1000000000,0
0x00473510,0x00429068,upstream,6,0
0x00473568,,-,1000000000,0
0x004735d8,0x00429068,upstream,5,0
0x00473610,,-,1000000000,0
0x00473650,0x00429068,upstream,5,0
0x004736a8,,-,1000000000,0
0x004736b0,,-,1000000000,0
0x004736f8,,-,1000000000,0
0x00473710,,-,1000000000,0
0x00473748,,-,1000000000,0
0x00473780,,-,1000000000,0
0x004737b8,,-,1000000000,0
0x00473820,0x00429068,upstream,5,0
0x00473898,,-,1000000000,0
0x004738a8,,-,1000000000,0
0x004738e8,,-,1000000000,0
0x00473900,0x00428998,upstream,3,0
0x00473c48,0x00429068,upstream,3,0
0x00473e18,0x00429068,upstream,4,0
0x00473e90,,-,1000000000,0
0x00473ee0,,-,1000000000,0
0x00473ef0,,-,1000000000,0
0x00473f08,,-,1000000000,0
0x00473f10,,-,1000000000,0
0x00473f20,0x00428998,upstream,3,0
0x00473f60,0x00429068,upstream,3,0
0x00473fb8,0x00429068,upstream,3,0
0x00473fe8,,-,1000000000,0
0x004740b0,0x00429068,upstream,4,0
0x00474150,0x00429068,upstream,2,0
0x00474258,0x0043eb80,upstream,2,0
0x004742b8,0x0043eb80,upstream,1,0
0x00474480,,-,1000000000,0
0x00474768,,-,1000000000,0
0x00474790,,-,1000000000,0
0x004747b8,0x00428998,upstream,1,0
0x00474960,0x00428998,upstream,2,0
0x004749c0,,-,1000000000,0
0x004749d8,,-,1000000000,0
0x00474ac8,,-,1000000000,0
0x00474b90,,-,1000000000,0
0x00474c10,0x00429068,upstream,7,0
0x00474cb0,,-,1000000000,0
0x00474d70,0x00429068,upstream,2,0
0x00474dd8,,-,1000000000,0
0x00474ea0,0x00429068,upstream,3,0
0x00474fc0,,-,1000000000,0
0x00474fd8,0x00429068,upstream,2,0
0x004752d0,0x00429068,upstream,3,0
0x00475320,0x00429068,upstream,2,0
0x00475370,0x00429068,upstream,2,0
0x004753c0,0x00429068,upstream,2,0
0x00475410,0x00429068,upstream,2,0
0x00475460,0x00429068,upstream,2,0
0x004754b0,0x00429068,upstream,2,0
0x00475568,0x00429068,upstream,2,0
0x004755a8,,-,1000000000,0
0x00475600,0x00429068,upstream,2,0
0x00475630,,-,1000000000,0
0x00475698,0x00429068,upstream,2,0
0x004756c8,,-,1000000000,0
0x004756e8,,-,1000000000,0
0x00475810,0x00429068,upstream,2,0
0x00475870,0x00429068,upstream,2,0
0x004758d8,0x00429068,upstream,2,0
0x004759c0,0x00429068,upstream,2,0
0x00475a30,,-,1000000000,0
0x00475a38,0x00429068,upstream,2,0
0x00475a70,0x00428998,upstream,3,0
0x00475b38,0x00429068,upstream,2,0
0x00475b50,,-,1000000000,0
0x00475bc0,0x00429068,upstream,2,0
0x00475c20,0x00429068,upstream,2,0
0x00475c80,0x00429068,upstream,2,0
0x00475cb0,0x00429068,upstream,2,0
0x00475de0,0x00429068,upstream,2,0
0x00475e40,,-,1000000000,0
0x00475e48,,-,1000000000,0
0x00475ea0,0x00429068,upstream,3,0
0x00475eb8,,-,1000000000,0
0x00475fa0,,-,1000000000,0
0x00475fd0,0x00429068,upstream,2,0
0x00476008,,-,1000000000,0
0x004760a0,,-,1000000000,0
0x004760e0,0x00428998,upstream,1,0
0x004762f0,,-,1000000000,0
0x004763a8,0x00429068,upstream,2,0
0x00476538,,-,1000000000,0
0x004765b8,,-,1000000000,0
0x00476780,,-,1000000000,0
0x00476a50,0x00429068,upstream,2,0
0x00476e28,0x00428998,upstream,1,0
0x00476fa0,,-,1000000000,0
0x00477060,0x00428998,upstream,1,0
0x00477268,,-,1000000000,0
0x00477270,0x00429068,upstream,6,0
0x004775b0,,-,1000000000,0
0x00477630,0x00429068,upstream,3,0
0x004776c8,0x00428998,upstream,2,0
0x00477800,0x00428998,upstream,1,0
0x00477828,,-,1000000000,0
0x00477850,,-,1000000000,0
0x00477920,,-,1000000000,0
0x00477948,,-,1000000000,0
0x00477970,,-,1000000000,0
0x00477998,,-,1000000000,0
0x004779c8,,-,1000000000,0
0x00477a08,,-,1000000000,0
0x00477a10,,-,1000000000,0
0x00477a40,,-,1000000000,0
0x00477a90,,-,1000000000,0
0x00477ab8,,-,1000000000,0
0x00477ad0,,-,1000000000,0
0x00477ad8,,-,1000000000,0
0x00477ae8,,-,1000000000,0
0x00477be0,,-,1000000000,0
0x00477c70,0x00428998,upstream,1,0
0x00477d60,0x00428998,upstream,1,0
0x00477e68,0x00429068,upstream,2,0
0x00477ef8,0x00429068,upstream,1,0
0x00477fd0,0x00429068,upstream,1,0
0x00478068,0x00429068,upstream,1,0
0x004780c8,0x00429068,upstream,1,0
0x004781a0,0x00429068,upstream,1,0
0x004782e8,,-,1000000000,0
0x004782f8,0x00428f48,upstream,1,0
0x004783a0,0x00429068,upstream,2,0
0x004784c8,,-,1000000000,0
0x00478530,,-,1000000000,0
0x00478540,0x00429068,upstream,1,0
0x00478688,0x00429068,upstream,1,0
0x004786f0,,-,1000000000,0
0x00478768,,-,1000000000,0
0x004787d0,0x00428998,upstream,2,0
0x00478838,0x00428998,upstream,2,0
0x004788a0,0x00428998,upstream,2,0
0x00478908,,-,1000000000,0
0x00478960,,-,1000000000,0
0x004789c0,0x00428998,upstream,2,0
0x00478a28,0x00429068,upstream,2,0
0x00478ae8,0x00429068,upstream,2,0
0x00478bb8,0x00428998,upstream,2,0
0x00478c18,0x00429068,upstream,1,0
0x00478d58,0x00428998,upstream,2,0
0x00478e18,0x00428998,upstream,2,0
0x00478e80,0x00429068,upstream,2,0
0x00478f40,0x00429068,upstream,2,0
0x00478fe8,0x00429068,upstream,1,0
0x004790f8,0x00429068,upstream,2,0
0x004791d0,0x00428998,upstream,2,0
0x00479228,0x00429068,upstream,2,0
0x004792e8,0x00429068,upstream,2,0
0x004793a8,0x00429068,upstream,2,0
0x00479468,0x00428998,upstream,2,0
0x004794f0,,-,1000000000,0
0x00479518,0x00428998,upstream,2,0
0x00479580,0x00428998,upstream,2,0
0x004795e8,0x00428998,upstream,1,0
0x004796b0,0x00428998,upstream,1,0
0x004797b8,0x00428998,upstream,1,0
0x00479878,0x00428998,upstream,1,0
0x00479948,0x00428998,upstream,1,0
0x00479a08,0x00429068,upstream,2,0
0x00479a58,0x00428f48,upstream,1,0
0x00479af0,0x00429068,upstream,2,0
0x00479b10,0x00428998,upstream,2,0
0x00479ba8,0x00429068,upstream,2,0
0x00479c60,0x00429068,upstream,2,0
0x00479d20,0x00428998,upstream,2,0
0x00479d80,,-,1000000000,0
0x00479db0,,-,1000000000,0
0x00479e38,0x0043eb80,upstream,1,0
0x00479ed8,0x0043eb80,upstream,2,0
0x00479fc8,,-,1000000000,0
0x0047a078,,-,1000000000,0
0x0047a080,,-,1000000000,0
0x0047a0b0,0x0043eb80,upstream,2,0
0x0047a0d8,0x0043eb80,upstream,1,0
0x0047a1a8,0x0043eb80,upstream,2,0
0x0047a2b8,0x0043eb80,upstream,1,0
0x0047a2d8,,-,1000000000,0
0x0047a340,0x0043eb80,upstream,1,0
0x0047a440,0x0043eb80,upstream,1,0
0x0047a610,0x0043eb80,upstream,2,0
0x0047a7f0,0x0043eb80,upstream,2,0
0x0047a900,0x0043eb80,upstream,1,0
0x0047a968,0x0043eb80,upstream,2,0
0x0047a9a0,0x0043eb80,upstream,2,0
0x0047a9d8,0x0043eb80,upstream,2,0
0x0047aa10,0x0043eb80,upstream,2,0
0x0047aa58,0x0043eb80,upstream,2,0
0x0047aa98,0x0043eb80,upstream,2,0
0x0047ab38,0x0043eb80,upstream,3,0
0x0047ab88,0x0043eb80,upstream,1,0
0x0047ac78,,-,1000000000,1
0x0047ad60,,-,1000000000,0
0x0047ad98,,-,1000000000,0
0x0047add0,0x0043fb68,upstream,2,0
0x0047ae58,0x0043eb80,upstream,1,0
0x0047af10,0x0043eb80,upstream,1,0
0x0047af88,0x0043eb80,upstream,1,0
0x0047aff0,0x0043eb80,upstream,1,0
0x0047b048,0x0043eb80,upstream,1,0
0x0047b0c0,0x0043eb80,upstream,1,0
0x0047b440,,-,1000000000,0
0x0047b448,0x0043eb80,upstream,2,0
0x0047b4a8,0x0043eb80,upstream,1,0
0x0047b528,0x0043eb80,upstream,1,0
0x0047b618,,-,1000000000,0
0x0047b640,,-,1000000000,0
0x0047b650,,-,1000000000,0
0x0047b700,0x0043eb80,upstream,2,0
0x0047b7d0,,-,1000000000,0
0x0047b858,0x0043fb68,upstream,1,0
0x0047b8c8,0x0043fb68,upstream,1,0
0x0047b930,0x00429068,upstream,4,0
0x0047b9e8,0x0043eb80,upstream,1,0
0x0047bb80,0x0043fb68,upstream,2,0
0x0047bbe8,,-,1000000000,0
0x0047bbf8,,-,1000000000,0
0x0047bc08,,-,1000000000,0
0x0047bd68,0x0043eb80,upstream,1,0
0x0047be58,0x0043fb68,upstream,3,0
0x0047bed0,0x0043fb68,upstream,1,0
0x0047bfd8,,-,1000000000,0
0x0047c038,0x00429068,upstream,2,0
0x0047c068,,-,1000000000,0
0x0047c098,0x0043fb68,upstream,2,0
0x0047c140,0x0043eb80,upstream,2,0
0x0047c208,0x0043eb80,upstream,3,0
0x0047c298,0x00429068,upstream,1,0
0x0047c310,0x0043eb80,upstream,2,0
0x0047c398,0x0043eb80,upstream,1,0
0x0047c468,,-,1000000000,0
0x0047c4a0,0x0043eb80,upstream,1,0
0x0047c648,0x0043eb80,upstream,2,0
0x0047c6a0,,-,1000000000,0
0x0047c738,,-,1000000000,0
0x0047c770,0x0043eb80,upstream,2,0
0x0047c918,0x0043eb80,upstream,1,0
0x0047ca18,,-,1000000000,0
0x0047ca58,,-,1000000000,0
0x0047caf8,0x0043eb80,upstream,1,0
0x0047cba0,,-,1000000000,0
0x0047cbb0,,-,1000000000,0
0x0047cbd0,,-,1000000000,0
0x0047cbd8,,-,1000000000,0
0x0047ccb8,0x00429068,upstream,1,0
0x0047cd60,,-,1000000000,0
0x0047cd98,,-,1000000000,0
0x0047cdf0,0x00429068,upstream,1,0
0x0047ce88,0x004287e0,upstream,1,0
0x0047cfb8,0x0042f3a0,upstream,1,0
0x0047d110,0x0043eb80,upstream,1,0
0x0047d2c8,0x00429068,upstream,2,0
0x0047d390,0x0043eb80,upstream,1,0
0x0047d3b8,,-,1000000000,0
0x0047d468,0x0043eb80,upstream,1,0
0x0047d5a0,0x0043eb80,upstream,1,0
0x0047d6c8,,-,1000000000,0
0x0047d6f0,,-,1000000000,0
0x0047d710,0x00429068,upstream,1,0
0x0047d7e8,,-,1000000000,0
0x0047d898,,-,1000000000,0
0x0047d8c8,,-,1000000000,0
0x0047d8f8,,-,1000000000,0
0x0047d948,0x0043eb80,upstream,2,0
0x0047d9b0,,-,1000000000,0
0x0047da10,0x0043eb80,upstream,2,0
0x0047dad8,0x0043eb80,upstream,3,0
0x0047db68,0x0043eb80,upstream,2,0
0x0047dc08,0x0043eb80,upstream,2,0
0x0047dc30,0x0043eb80,upstream,1,0
0x0047de28,0x0043eb80,upstream,2,0
0x0047deb0,,-,1000000000,0
0x0047dee8,0x0043eb80,upstream,1,0
0x0047e090,0x0043eb80,upstream,1,0
0x0047e140,,-,1000000000,0
0x0047e1d8,,-,1000000000,0
0x0047e210,0x0043eb80,upstream,2,0
0x0047e3a0,0x0043eb80,upstream,1,0
0x0047e4a8,,-,1000000000,0
0x0047e4e8,,-,1000000000,0
0x0047e538,,-,1000000000,0
0x0047e550,,-,1000000000,0
0x0047e570,,-,1000000000,0
0x0047e5a0,,-,1000000000,0
0x0047e5c0,,-,1000000000,0
0x0047e5f0,,-,1000000000,0
0x0047e6b8,0x00429068,upstream,1,0
0x0047e728,0x00428df8,upstream,1,0
0x0047e780,0x00429068,upstream,1,0
0x0047e898,,-,1000000000,0
0x0047e8b0,,-,1000000000,0
0x0047e908,0x00429068,upstream,1,0
0x0047e9a0,0x004287e0,upstream,1,0
0x0047eae8,0x00428998,upstream,1,0
0x0047ec48,0x0043eb80,upstream,1,0
0x0047ee38,0x0043eb80,upstream,1,0
0x0047efa0,0x00429068,upstream,2,0
0x0047f068,,-,1000000000,0
0x0047f090,,-,1000000000,0
0x0047f0e0,0x0043eb80,upstream,1,0
0x0047f210,0x0043eb80,upstream,1,0
0x0047f310,,-,1000000000,0
0x0047f368,,-,1000000000,0
0x0047f3f8,,-,1000000000,0
0x0047f4a0,,-,1000000000,0
0x0047f500,,-,1000000000,0
0x0047f608,0x00429068,upstream,7,0
0x0047f658,,-,1000000000,0
0x0047f660,0x00429068,upstream,1,0
0x0047f688,,-,1000000000,0
0x0047f828,,-,1000000000,0
0x0047f868,0x00429068,upstream,7,0
0x0047f8d0,0x00429068,upstream,6,0
0x0047f998,,-,1000000000,0
0x0047f9f8,,-,1000000000,0
0x0047fa28,,-,1000000000,0
0x0047fa58,,-,1000000000,0
0x0047fae8,,-,1000000000,0
0x0047fb80,,-,1000000000,0
0x0047fc18,,-,1000000000,0
0x0047fd18,,-,1000000000,0
0x0047fd88,,-,1000000000,0
0x0047fdf0,,-,1000000000,0
0x0047fe10,,-,1000000000,0
0x0047fe28,,-,1000000000,0
0x0047fe50,,-,1000000000,0
0x0047fee0,,-,1000000000,0
0x0047fee8,,-,1000000000,0
0x0047fef0,0x00428998,upstream,1,0
0x0047ff70,0x00428998,upstream,1,0
0x00480030,,-,1000000000,0
0x004800e8,,-,1000000000,0
0x00480198,,-,1000000000,0
0x004802a0,,-,1000000000,0
0x00480430,0x0043eb80,upstream,1,0
0x00480728,0x00428998,upstream,1,0
0x00480808,,-,1000000000,0
0x00480880,,-,1000000000,0
0x00480ba0,0x0043eb80,upstream,1,0
0x00480e50,0x0043fb68,upstream,2,0
0x00480e80,,-,1000000000,0
0x00480ea8,,-,1000000000,0
0x00480ed0,0x0043fb68,upstream,2,0
0x00480f28,0x0043fb68,upstream,2,0
0x00480fa8,0x00428998,upstream,2,0
0x00481058,0x0043eb80,upstream,1,0
0x004813a8,0x0043fb68,upstream,2,0
0x00481470,,-,1000000000,0
0x004814c0,,-,1000000000,0
0x00481538,,-,1000000000,0
0x00481540,,-,1000000000,0
0x00481610,,-,1000000000,0
0x004817d0,0x0043eb80,upstream,3,0
0x004819a0,0x0043eb80,upstream,1,0
0x004819f0,0x0043eb80,upstream,1,0
0x00481a40,0x0043eb80,upstream,1,0
0x00481a68,0x0043eb80,upstream,1,0
0x00481a88,,-,1000000000,0
0x00481ab0,,-,1000000000,0
0x00481ac8,,-,1000000000,0
0x00481b00,,-,1000000000,0
0x00481b18,,-,1000000000,0
0x00481b40,,-,1000000000,0
0x00481b80,,-,1000000000,0
0x00481bd8,,-,1000000000,0
0x00481c28,,-,1000000000,0
0x00481c78,,-,1000000000,0
0x00481d40,0x00428998,upstream,1,0
0x00481d90,,-,1000000000,0
0x00481de8,,-,1000000000,0
0x00481f40,,-,1000000000,0
0x00482038,,-,1000000000,0
0x00482110,,-,1000000000,0
0x00482170,,-,1000000000,0
0x004821c0,,-,1000000000,0
0x004822b0,0x00428998,upstream,1,0
0x00482308,,-,1000000000,0
0x00482380,0x004287e0,upstream,1,0
0x00482650,,-,1000000000,0
0x004827e8,,-,1000000000,0
0x004828b0,,-,1000000000,0
0x004828b8,,-,1000000000,0
0x004828c0,,-,1000000000,0
0x004828e0,,-,1000000000,0
0x00482918,,-,1000000000,0
0x00482968,,-,1000000000,0
0x004829b8,,-,1000000000,0
0x00482aa0,0x00428998,upstream,1,0
0x00482af0,,-,1000000000,0
0x00482bf8,,-,1000000000,0
0x00482d30,,-,1000000000,0
0x00482e88,,-,1000000000,0
0x004830d8,,-,1000000000,0
0x004831d0,,-,1000000000,0
0x00483280,0x00428998,upstream,1,0
0x004832e0,,-,1000000000,0
0x00483318,,-,1000000000,0
0x004833e8,0x0043fb68,upstream,2,0
0x00483440,0x0043fb68,upstream,2,0
0x00483490,0x0043fb68,upstream,2,0
0x004834e8,,-,1000000000,0
0x00483518,0x0043fb68,upstream,2,0
0x004835b8,0x0043fb68,upstream,2,0
0x00483628,0x0043fb68,upstream,2,0
0x004836c8,,-,1000000000,0
0x00483718,0x0043fb68,upstream,2,0
0x00483780,0x0043eb80,upstream,2,0
0x00483810,,-,1000000000,0
0x004839c0,,-,1000000000,0
0x00483a50,,-,1000000000,0
0x00483b60,0x0043eb80,upstream,1,0
0x00483b78,,-,1000000000,0
0x00483d10,0x0043fb68,upstream,3,0
0x00483d88,0x0043eb80,upstream,1,0
0x00483e80,0x0043fb68,upstream,2,0
0x00483f38,0x00428998,upstream,2,0
0x00483fc8,,-,1000000000,0
0x00483fe0,,-,1000000000,0
0x00483ff8,,-,1000000000,0
0x00484010,,-,1000000000,0
0x00484028,,-,1000000000,0
0x00484040,,-,1000000000,0
0x00484070,,-,1000000000,0
0x004840a0,,-,1000000000,0
0x004840f8,0x00428998,upstream,1,0
0x004841a0,,-,1000000000,0
0x004841f0,,-,1000000000,0
0x00484260,0x00429068,upstream,1,0
0x00484370,0x00429068,upstream,1,0
0x00484408,,-,1000000000,0
0x004844d8,,-,1000000000,0
0x00484550,,-,1000000000,0
0x00484610,,-,1000000000,0
0x004846a8,,-,1000000000,0
0x004846e8,,-,1000000000,0
0x00484700,,-,1000000000,0
0x004847e0,,-,1000000000,0
0x00484888,,-,1000000000,0
0x004848a0,,-,1000000000,0
0x004848b8,,-,1000000000,0
0x004848e8,,-,1000000000,0
0x00484900,,-,1000000000,0
0x00484918,,-,1000000000,0
0x00484930,,-,1000000000,0
0x00484970,0x00428998,upstream,1,0
0x004849f0,0x00428998,upstream,2,0
0x00484a30,0x00428998,upstream,2,0
0x00484a88,,-,1000000000,0
0x00484b18,,-,1000000000,0
0x00484b30,,-,1000000000,0
0x00484b68,,-,1000000000,0
0x00484b70,,-,1000000000,0
0x00484b80,,-,1000000000,0
0x00484ba8,,-,1000000000,0
0x00484be8,,-,1000000000,0
0x00484bf0,,-,1000000000,0
0x00484c08,,-,1000000000,0
0x00484c18,,-,1000000000,0
0x00484c20,,-,1000000000,0
0x00484c28,,-,1000000000,0
0x00484c30,,-,1000000000,0
0x00484c40,,-,1000000000,0
0x004861b8,,-,1000000000,0
0x00488920,,-,1000000000,0
0x0048b018,,-,1000000000,0
0x0048b038,,-,1000000000,0
0x0048b130,,-,1000000000,0
0x0048b150,,-,1000000000,0
0x0048b270,0x003fb210,upstream,1,0
0x0048b540,0x003fb210,upstream,1,0
0x0048b8b0,,-,1000000000,0
0x0048b8b8,,-,1000000000,0
0x0048b968,,-,1000000000,0
0x0048ba78,,-,1000000000,0
0x0048bb50,0x003fb210,upstream,1,0
0x0048bbe0,,-,1000000000,0
0x0048bdb8,,-,1000000000,0
0x0048bde0,,-,1000000000,0
0x0048be08,,-,1000000000,0
0x0048be30,,-,1000000000,0
0x0048be58,,-,1000000000,0
0x0048be80,,-,1000000000,0
0x0048bea8,,-,1000000000,0
0x0048bed0,,-,1000000000,0
0x0048bef8,,-,1000000000,0
0x0048bf30,,-,1000000000,0
0x0048bfa0,,-,1000000000,0
0x0048c020,,-,1000000000,0
0x0048c070,,-,1000000000,0
0x0048c0a8,,-,1000000000,0
0x0048c168,,-,1000000000,0
0x0048c288,,-,1000000000,0
0x0048c2e8,,-,1000000000,0
0x0048c378,,-,1000000000,0
0x0048c3f0,,-,1000000000,0
0x0048c420,0x00428998,upstream,1,0
0x0048c4d8,0x003fb210,upstream,3,0
0x0048c5e0,0x003fb210,upstream,2,0
0x0048c7a0,,-,1000000000,0
0x0048c7a8,,-,1000000000,0
0x0048c870,0x003fb210,upstream,1,0
0x0048ca10,,-,1000000000,0
0x0048ca60,,-,1000000000,0
0x0048cad0,,-,1000000000,0
0x0048cad8,0x003fb210,upstream,2,0
0x0048d218,,-,1000000000,0
0x0048d310,0x004287e0,upstream,2,0
0x0048d500,0x004287e0,upstream,1,0
0x0048d660,0x003fb210,upstream,1,0
0x00490618,,-,1000000000,0
0x00490b48,,-,1000000000,0
0x004911a0,,-,1000000000,0
0x00491350,0x00428998,upstream,2,0
0x00491400,0x00428998,upstream,1,0
0x004914a0,,-,1000000000,0
0x00491508,,-,1000000000,0
0x00491540,,-,1000000000,0
0x00491590,0x00428998,upstream,2,0
0x00491650,,-,1000000000,0
0x004916a8,,-,1000000000,0
0x00491758,,-,1000000000,0
0x004917b0,,-,1000000000,0
0x004917d8,,-,1000000000,0
0x00491a68,,-,1000000000,0
0x00491c48,,-,1000000000,0
0x00491d10,,-,1000000000,0
0x00491d18,,-,1000000000,0
0x00491d20,,-,1000000000,0
0x00491d78,,-,1000000000,0
0x00491ec0,,-,1000000000,0
0x00491fb0,,-,1000000000,0
0x00492410,,-,1000000000,0
0x00492a50,,-,1000000000,0
0x004936a0,,-,1000000000,0
0x004936b8,,-,1000000000,0
0x00493738,,-,1000000000,0
0x00493748,,-,1000000000,0
0x004937b8,,-,1000000000,0
0x00493868,,-,1000000000,0
0x00493900,,-,1000000000,0
0x00493998,,-,1000000000,0
0x004939a8,,-,1000000000,0
0x00493a10,,-,1000000000,0
0x00493aa8,,-,1000000000,0
0x00493b20,,-,1000000000,0
0x00493b38,,-,1000000000,0
0x00493b48,,-,1000000000,0
0x00493b98,,-,1000000000,0
0x00493bd0,,-,1000000000,0
0x00493c68,,-,1000000000,0
0x00493c78,,-,1000000000,0
0x00493d18,,-,1000000000,0
0x00493d40,,-,1000000000,0
0x00493d78,,-,1000000000,0
0x00493dd0,,-,1000000000,0
0x00493e50,,-,1000000000,0
0x00493e68,,-,1000000000,0
0x00493e90,,-,1000000000,0
0x00493eb8,,-,1000000000,0
0x00493f08,,-,1000000000,0
0x00493fa0,,-,1000000000,0
0x004940a0,,-,1000000000,0
0x004941a8,,-,1000000000,0
0x004942b8,,-,1000000000,0
0x00494780,,-,1000000000,0
0x00494798,,-,1000000000,0
0x00494808,,-,1000000000,0
0x00494888,,-,1000000000,0
0x004948d8,,-,1000000000,0
0x00494910,,-,1000000000,0
0x004949c0,,-,1000000000,0
0x00494a78,,-,1000000000,0
0x00494a80,,-,1000000000,0
0x00494b38,,-,1000000000,0
0x00494c60,,-,1000000000,0
0x00494cc0,,-,1000000000,0
0x00494d88,,-,1000000000,0
0x00494e00,,-,1000000000,0
0x00494e28,,-,1000000000,0
0x00494e40,,-,1000000000,0
0x00494e68,0x004287e0,upstream,3,0
0x00495058,,-,1000000000,0
0x004950c8,0x004287e0,upstream,4,0
0x00495168,,-,1000000000,0
0x00495210,,-,1000000000,0
0x004958e0,,-,1000000000,0
0x00495ba0,,-,1000000000,0
0x00496190,,-,1000000000,0
0x00496280,0x004287e0,upstream,2,0
0x004963a0,0x004287e0,upstream,1,0
0x00496568,,-,1000000000,0
0x00496670,,-,1000000000,0
0x00496718,,-,1000000000,0
0x00496870,,-,1000000000,0
0x00496940,,-,1000000000,0
0x004969a8,,-,1000000000,0
0x00496b08,,-,1000000000,0
0x00496b58,,-,1000000000,0
0x00496c28,,-,1000000000,0
0x00496c60,,-,1000000000,0
0x00496d10,,-,1000000000,0
0x00496d70,,-,1000000000,0
0x00496d98,,-,1000000000,0
0x00496df0,,-,1000000000,0
0x00496e40,,-,1000000000,0
0x00496f08,,-,1000000000,0
0x00496f20,,-,1000000000,0
0x00496f88,,-,1000000000,0
0x00496f90,,-,1000000000,0
0x00496fa0,,-,1000000000,0
0x00497058,,-,1000000000,0
0x004970a8,,-,1000000000,0
0x004970d0,,-,1000000000,0
0x00497100,,-,1000000000,0
0x00497118,,-,1000000000,0
0x00497130,,-,1000000000,0
0x00497148,,-,1000000000,0
0x00497208,,-,1000000000,0
0x00497358,,-,1000000000,0
0x00497370,,-,1000000000,0
0x004973e0,0x003fb210,upstream,1,0
0x00497490,,-,1000000000,0
0x00497578,,-,1000000000,0
0x004975c8,0x0049f028,upstream,2,0
0x004976b0,0x0049f028,upstream,1,0
0x00497700,,-,1000000000,0
0x00497720,,-,1000000000,0
0x00497728,0x0049f028,upstream,3,0
0x004977e0,,-,1000000000,0
0x00497838,0x0049f028,upstream,1,0
0x00497898,0x0049f028,upstream,1,0
0x00497968,0x0049f028,upstream,2,0
0x00497a10,0x0049f028,upstream,2,0
0x00497b00,0x0049f028,upstream,1,0
0x00498180,,-,1000000000,0
0x004981b0,,-,1000000000,0
0x00498310,,-,1000000000,0
0x00498358,0x0049f028,upstream,1,0
0x004984b8,,-,1000000000,0
0x00498548,0x0049f028,upstream,1,0
0x00498570,,-,1000000000,0
0x004988e8,,-,1000000000,0
0x00498938,,-,1000000000,0
0x00498990,0x0049f028,upstream,1,0
0x004989f8,0x0049f028,upstream,1,0
0x00498ac0,0x0049f028,upstream,1,0
0x00498bc8,0x0049f028,upstream,1,0
0x00498d60,,-,1000000000,0
0x00498db0,,-,1000000000,0
0x00498e48,,-,1000000000,0
0x00498e90,0x0049f028,upstream,1,0
0x00498f30,,-,1000000000,0
0x00498f68,,-,1000000000,0
0x00498fa0,,-,1000000000,0
0x00498ff0,,-,1000000000,0
0x00498ff8,,-,1000000000,0
0x00499030,,-,1000000000,0
0x00499090,,-,1000000000,0
0x004990b0,,-,1000000000,0
0x004990b8,,-,1000000000,0
0x00499110,0x0049f028,upstream,1,0
0x00499168,0x0049f028,upstream,1,0
0x004992c8,0x004287e0,upstream,3,0
0x00499318,,-,1000000000,0
0x00499398,0x0049f028,upstream,1,0
0x00499518,,-,1000000000,0
0x004995b0,,-,1000000000,0
0x00499600,,-,1000000000,0
0x00499640,0x0049f028,upstream,1,0
0x004996a8,0x0049f028,upstream,1,0
0x00499750,,-,1000000000,0
0x00499798,0x00428998,upstream,5,0
0x00499838,0x00428998,upstream,4,0
0x00499910,0x00428998,upstream,1,0
0x00499938,,-,1000000000,0
0x00499a50,,-,1000000000,0
0x00499a60,,-,1000000000,0
0x00499a98,0x0049f028,upstream,2,0
0x00499b60,,-,1000000000,0
0x00499ba0,0x0049f028,upstream,1,0
0x00499c08,,-,1000000000,0
0x00499c38,0x0049f028,upstream,2,0
0x00499ce0,0x0049f028,upstream,1,0
0x00499d68,0x0049f028,upstream,1,0
0x00499da8,0x00428998,upstream,4,0
0x00499e60,,-,1000000000,0
0x00499e90,0x00428998,upstream,4,0
0x00499f68,,-,1000000000,0
0x00499f90,0x0049f028,upstream,1,0
0x0049a108,0x00428998,upstream,1,0
0x0049a150,,-,1000000000,0
0x0049a1f8,,-,1000000000,0
0x0049a220,,-,1000000000,0
0x0049a240,,-,1000000000,0
0x0049a268,,-,1000000000,0
0x0049a288,,-,1000000000,0
0x0049a2f0,0x0049f028,upstream,2,0
0x0049a3e0,,-,1000000000,1
0x0049a410,,-,1000000000,0
0x0049a430,0x0049f028,upstream,1,0
0x0049a4d8,,-,1000000000,0
0x0049a4f8,0x0049f028,upstream,2,0
0x0049a6f0,,-,1000000000,0
0x0049a718,,-,1000000000,0
0x0049a738,0x0049f028,upstream,1,0
0x0049a778,0x0049f028,upstream,1,0
0x0049a7b8,,-,1000000000,0
0x0049a848,0x0049f028,upstream,1,0
0x0049a8a8,0x0049f028,upstream,2,0
0x0049a998,,-,1000000000,0
0x0049a9a8,,-,1000000000,0
0x0049aa30,0x0049f028,upstream,2,0
0x0049aab0,0x0049f028,upstream,2,0
0x0049ab60,,-,1000000000,0
0x0049abe0,0x0049f028,upstream,1,0
0x0049ac70,0x0049f028,upstream,1,0
0x0049acd8,,-,1000000000,0
0x0049adf8,0x0049f028,upstream,2,0
0x0049ae98,0x003fb210,upstream,1,0
0x0049aef0,,-,1000000000,0
0x0049af78,0x0049f028,upstream,1,0
0x0049aff0,0x0049f028,upstream,2,0
0x0049b030,0x0049f028,upstream,1,0
0x0049b108,0x0043eb80,upstream,4,0
0x0049b188,0x0043eb80,upstream,4,0
0x0049b1f8,0x0043eb80,upstream,4,0
0x0049b218,0x0043eb80,upstream,3,0
0x0049b280,0x0043eb80,upstream,3,0
0x0049b2e8,0x0043eb80,upstream,3,0
0x0049b330,0x0043eb80,upstream,3,0
0x0049b368,,-,1000000000,0
0x0049b390,,-,1000000000,0
0x0049b3a8,,-,1000000000,0
0x0049b3c0,,-,1000000000,0
0x0049b3d0,,-,1000000000,0
0x0049b3d8,,-,1000000000,0
0x0049b438,0x0049f028,upstream,1,0
0x0049b478,0x0049f028,upstream,1,0
0x0049b4c8,0x0049f028,upstream,1,0
0x0049b530,0x0049f028,upstream,1,0
0x0049b590,,-,1000000000,0
0x0049b5f0,,-,1000000000,0
0x0049b670,0x0049f028,upstream,1,0
0x0049b6c8,,-,1000000000,0
0x0049b748,0x0049f028,upstream,1,0
0x0049b7a0,,-,1000000000,0
0x0049b7b8,,-,1000000000,0
0x0049b7d0,,-,1000000000,0
0x0049b830,,-,1000000000,0
0x0049b8d8,,-,1000000000,1
0x0049b908,,-,1000000000,0
0x0049b978,0x0049f028,upstream,1,0
0x0049ba58,,-,1000000000,0
0x0049bb40,0x0049f028,upstream,1,0
0x0049bbe0,0x0049f028,upstream,1,0
0x0049bc48,0x0049f028,upstream,1,0
0x0049bca0,,-,1000000000,0
0x0049bcd0,0x0049f028,upstream,1,0
0x0049bdb8,,-,1000000000,0
0x0049be10,0x0049f028,upstream,1,0
0x0049be60,,-,1000000000,0
0x0049bed0,0x0049f028,upstream,1,0
0x0049c028,0x0049f028,upstream,1,0
0x0049c080,0x0049f028,upstream,1,0
0x0049c0f0,,-,1000000000,0
0x0049c130,0x0049f028,upstream,1,0
0x0049c1c8,,-,1000000000,0
0x0049c2b8,0x003fad18,upstream,1,0
0x0049c430,0x0049f028,upstream,2,0
0x0049c478,0x00428998,upstream,3,0
0x0049c4b8,,-,1000000000,0
0x0049c4d0,,-,1000000000,0
0x0049c4d8,,-,1000000000,0
0x0049c4f0,,-,1000000000,0
0x0049c508,,-,1000000000,1
0x0049c518,0x0049f028,upstream,1,0
0x0049c530,,-,1000000000,1
0x0049c5a8,,-,1000000000,0
0x0049c608,,-,1000000000,0
0x0049c6c0,,-,1000000000,0
0x0049c6d0,,-,1000000000,0
0x0049c6e0,,-,1000000000,0
0x0049c728,0x0049f028,upstream,2,0
0x0049c7a0,0x0049f028,upstream,1,0
0x0049c810,0x0049f028,upstream,1,0
0x0049c880,0x0049f028,upstream,1,0
0x0049c900,0x0049f028,upstream,1,0
0x0049c9a8,0x0049f028,upstream,1,0
0x0049ca50,0x0049f028,upstream,1,0
0x0049cb10,0x0049f028,upstream,1,0
0x0049cbb8,0x0049f028,upstream,1,0
0x0049cc60,0x0049f028,upstream,1,0
0x0049cd08,0x0049f028,upstream,1,0
0x0049cdb0,,-,1000000000,0
0x0049ce60,0x0049f028,upstream,1,0
0x0049cef0,,-,1000000000,0
0x0049cf38,0x0049f028,upstream,1,0
0x0049d1c8,,-,1000000000,0
0x0049d1d8,,-,1000000000,0
0x0049d200,0x0049f028,upstream,1,0
0x0049d260,,-,1000000000,0
0x0049d290,,-,1000000000,0
0x0049d2f0,,-,1000000000,0
0x0049d310,,-,1000000000,0
0x0049d340,0x004287e0,upstream,2,0
0x0049d398,0x004287e0,upstream,2,0
0x0049d3e0,0x004287e0,upstream,1,0
0x0049d530,0x0049f028,upstream,1,0
0x0049d590,,-,1000000000,0
0x0049d638,,-,1000000000,0
0x0049d6e0,,-,1000000000,0
0x0049d730,,-,1000000000,0
0x0049d7a8,,-,1000000000,0
0x0049d7f8,,-,1000000000,0
0x0049d868,0x0049f028,upstream,1,0
0x0049d908,0x0049f028,upstream,1,0
0x0049d9a8,,-,1000000000,0
0x0049d9c0,,-,1000000000,0
0x0049d9d8,,-,1000000000,0
0x0049da68,0x0049f028,upstream,1,0
0x0049db40,0x0049f028,upstream,1,0
0x0049dbe8,0x0049f028,upstream,1,0
0x0049dc90,0x0049f028,upstream,1,0
0x0049dd38,0x0049f028,upstream,1,0
0x0049de00,,-,1000000000,0
0x0049dec0,0x0049f028,upstream,2,0
0x0049df50,,-,1000000000,0
0x0049dfa8,0x00429068,upstream,7,0
0x0049e040,,-,1000000000,0
0x0049e0e0,,-,1000000000,0
0x0049e0f8,0x0049f028,upstream,1,0
0x0049e1c0,0x0049f028,upstream,2,0
0x0049e248,0x0049f028,upstream,1,0
0x0049e308,,-,1000000000,0
0x0049e368,,-,1000000000,0
0x0049e3c0,,-,1000000000,0
0x0049e3f0,0x0049f028,upstream,1,0
0x0049e490,,-,1000000000,0
0x0049e4b8,,-,1000000000,0
0x0049e4e0,,-,1000000000,0
0x0049e508,,-,1000000000,0
0x0049e538,,-,1000000000,0
0x0049e570,,-,1000000000,0
0x0049e600,,-,1000000000,0
0x0049e668,,-,1000000000,0
0x0049e6c8,,-,1000000000,0
0x0049e730,,-,1000000000,0
0x0049e788,,-,1000000000,0
0x0049e7d0,,-,1000000000,0
0x0049e828,,-,1000000000,0
0x0049e880,,-,1000000000,0
0x0049e8e8,,-,1000000000,0
0x0049e958,,-,1000000000,0
0x0049e9b8,,-,1000000000,0
0x0049ea18,,-,1000000000,0
0x0049ea80,0x0049f028,upstream,1,0
0x0049eba0,,-,1000000000,0
0x0049ec50,,-,1000000000,0
0x0049ece8,,-,1000000000,0
0x0049ecf8,,-,1000000000,0
0x0049ed18,,-,1000000000,0
0x0049ed58,0x00428998,upstream,3,0
0x0049ed98,,-,1000000000,0
0x0049ede0,,-,1000000000,0
0x0049ee30,,-,1000000000,0
0x0049ee70,,-,1000000000,0
0x0049eec0,,-,1000000000,0
0x0049eee0,,-,1000000000,0
0x0049ef10,,-,1000000000,0
0x0049ef30,,-,1000000000,0
0x0049ef50,,-,1000000000,0
0x0049ef68,,-,1000000000,0
0x0049ef88,,-,1000000000,0
0x0049efc0,,-,1000000000,0
0x0049efd8,,-,1000000000,0
0x0049eff8,0x00428998,upstream,1,0
0x0049f010,,-,1000000000,0
0x0049f028,0x0049f028,upstream,0,0
0x0049f0c0,,-,1000000000,0
0x0049f0d8,,-,1000000000,0
0x0049f0f0,,-,1000000000,0
0x0049f158,,-,1000000000,0
0x0049f1c0,0x0049f028,upstream,2,0
0x0049f260,,-,1000000000,0
0x0049f288,0x0049f028,upstream,1,0
0x0049f360,0x0049f028,upstream,2,0
0x0049f3e8,0x0049f028,upstream,1,0
0x0049f4a8,0x0049f028,upstream,1,0
0x0049f530,0x0049f028,upstream,2,0
0x0049f5a8,,-,1000000000,0
0x0049f610,,-,1000000000,0
0x0049f658,0x0049f028,upstream,3,0
0x0049f6d8,0x0049f028,upstream,3,0
0x0049f740,,-,1000000000,0
0x0049f760,,-,1000000000,0
0x0049f798,,-,1000000000,0
0x0049f838,,-,1000000000,0
0x0049f890,,-,1000000000,0
0x0049f8c0,,-,1000000000,0
0x0049f8f0,0x0049f028,upstream,2,0
0x0049f990,0x0049f028,upstream,1,0
0x0049fa30,0x0049f028,upstream,3,0
0x0049faf0,,-,1000000000,0
0x0049fb28,,-,1000000000,0
0x0049fb50,,-,1000000000,0
0x0049fb70,,-,1000000000,0
0x0049fb78,,-,1000000000,0
0x0049fb80,,-,1000000000,0
0x0049fb90,0x0049f028,upstream,1,0
0x0049fbe0,,-,1000000000,0
0x0049fc20,,-,1000000000,0
0x0049fc40,,-,1000000000,0
0x0049fc68,,-,1000000000,0
0x0049fcc0,,-,1000000000,0
0x0049fcd0,,-,1000000000,0
0x0049fcd8,,-,1000000000,0
0x0049fd08,,-,1000000000,0
0x0049fda8,,-,1000000000,0
0x0049fdc8,,-,1000000000,0
0x0049fdf8,,-,1000000000,0
0x0049fe20,,-,1000000000,0
0x0049fe38,,-,1000000000,0
0x0049fe78,,-,1000000000,0
0x0049fe90,,-,1000000000,0
0x0049ff00,,-,1000000000,0
0x0049ff78,,-,1000000000,0
0x0049ffb8,0x00429068,upstream,6,0
0x0049ffe0,,-,1000000000,0
0x0049fff8,,-,1000000000,0
0x004a0098,0x003fb210,upstream,3,0
0x004a01b8,,-,1000000000,0
0x004a0210,0x00428998,upstream,2,0
0x004a0250,,-,1000000000,0
0x004a0278,0x00429068,upstream,3,0
0x004a0308,0x00429068,upstream,4,0
0x004a03b0,,-,1000000000,0
0x004a0428,,-,1000000000,0
0x004a0458,,-,1000000000,0
0x004a04e0,,-,1000000000,0
0x004a0598,,-,1000000000,0
0x004a07f8,,-,1000000000,0
0x004a0880,,-,1000000000,0
0x004a0958,,-,1000000000,0
0x004a0a78,,-,1000000000,0
0x004a0b80,,-,1000000000,0
0x004a0bd0,0x00429068,upstream,4,0
0x004a0c78,0x00429068,upstream,3,0
0x004a0ca0,0x00429068,upstream,3,0
0x004a0e30,,-,1000000000,0
0x004a0e78,,-,1000000000,0
0x004a0e98,,-,1000000000,0
0x004a0eb0,,-,1000000000,0
0x004a0ec8,0x00429068,upstream,3,0
0x004a0ee8,,-,1000000000,0
0x004a0fa0,0x00429068,upstream,3,0
0x004a0fc8,,-,1000000000,0
0x004a1030,0x00428998,upstream,3,0
0x004a1188,0x00428998,upstream,2,0
0x004a1340,,-,1000000000,0
0x004a13b0,,-,1000000000,0
0x004a13c0,0x00429068,upstream,4,0
0x004a14c0,0x00429068,upstream,3,0
0x004a1568,0x00428998,upstream,3,0
0x004a1638,0x00428998,upstream,2,0
0x004a1658,,-,1000000000,0
0x004a1670,,-,1000000000,0
0x004a1690,,-,1000000000,0
0x004a16b8,0x00429068,upstream,3,0
0x004a17a8,,-,1000000000,0
0x004a17f8,,-,1000000000,0
0x004a1840,0x00429068,upstream,3,0
0x004a1880,,-,1000000000,0
0x004a18d0,0x004287e0,upstream,2,0
0x004a19e0,,-,1000000000,0
0x004a1a10,,-,1000000000,0
0x004a1aa0,,-,1000000000,0
0x004a1b18,,-,1000000000,0
0x004a1b98,,-,1000000000,0
0x004a1c08,,-,1000000000,0
0x004a1c70,,-,1000000000,0
0x004a1cb0,,-,1000000000,0
0x004a1ce0,,-,1000000000,0
0x004a1d50,,-,1000000000,0
0x004a1dc0,,-,1000000000,0
0x004a1e00,,-,1000000000,0
0x004a1e10,,-,1000000000,0
0x004a1e58,,-,1000000000,0
0x004a1ea0,,-,1000000000,0
0x004a1ee8,,-,1000000000,0
0x004a1fc8,,-,1000000000,0
0x004a1fd0,,-,1000000000,0
0x004a1fd8,,-,1000000000,0
0x004a2138,,-,1000000000,0
0x004a2178,,-,1000000000,0
0x004a2240,,-,1000000000,0
0x004a2298,,-,1000000000,0
0x004a22d8,,-,1000000000,0
0x004a2340,,-,1000000000,0
0x004a23f8,,-,1000000000,0
0x004a2520,,-,1000000000,0
0x004a25c0,,-,1000000000,0
0x004a2668,,-,1000000000,0
0x004a2720,,-,1000000000,0
0x004a27c0,,-,1000000000,0
0x004a27d0,,-,1000000000,0
0x004a2818,,-,1000000000,0
0x004a2888,,-,1000000000,0
0x004a28a0,,-,1000000000,0
0x004a2980,,-,1000000000,0
0x004a2998,,-,1000000000,0
0x004a29b0,,-,1000000000,0
0x004a2b08,,-,1000000000,0
0x004a2b98,,-,1000000000,0
0x004a2c90,,-,1000000000,0
0x004a2ce8,,-,1000000000,0
0x004a2d58,,-,1000000000,0
0x004a2dc0,,-,1000000000,0
0x004a2de0,,-,1000000000,0
0x004a2e00,,-,1000000000,0
0x004a2ea0,,-,1000000000,0
0x004a3490,,-,1000000000,0
0x004a3558,,-,1000000000,0
0x004a3578,,-,1000000000,0
0x004a3598,,-,1000000000,0
0x004a35b8,,-,1000000000,0
0x004a35d8,,-,1000000000,0
0x004a3600,,-,1000000000,0
0x004a3628,,-,1000000000,0
0x004a3688,,-,1000000000,0
0x004a36a8,,-,1000000000,0
0x004a36f0,,-,1000000000,0
0x004a3738,,-,1000000000,0
0x004a37c0,,-,1000000000,0
0x004a3878,,-,1000000000,0
0x004a3948,,-,1000000000,0
0x004a3aa0,0x00428998,upstream,3,0
0x004a3b98,0x00428998,upstream,2,0
0x004a3c30,0x00428998,upstream,1,0
0x004a3c90,0x004287e0,upstream,5,0
0x004a3d48,,-,1000000000,0
0x004a3e30,,-,1000000000,0
0x004a3ec8,0x004287e0,upstream,4,0
0x004a3f80,0x004287e0,upstream,3,0
0x004a3fd0,,-,1000000000,0
0x004a40d8,,-,1000000000,0
0x004a4140,,-,1000000000,0
0x004a41c0,0x004287e0,upstream,2,0
0x004a4258,0x004287e0,upstream,1,0
0x004a4330,,-,1000000000,0
0x004a43a8,,-,1000000000,0
0x004a4460,,-,1000000000,0
0x004a4528,,-,1000000000,0
0x004a45f8,,-,1000000000,0
0x004a4678,,-,1000000000,0
0x004a4818,,-,1000000000,0
0x004a4830,,-,1000000000,0
0x004a4840,0x00428998,upstream,5,0
0x004a48f8,,-,1000000000,0
0x004a4920,,-,1000000000,0
0x004a4950,0x00428998,upstream,4,0
0x004a49a8,0x00428998,upstream,5,0
0x004a4a20,,-,1000000000,0
0x004a4a60,,-,1000000000,0
0x004a4b30,0x00428998,upstream,5,0
0x004a4b98,,-,1000000000,0
0x004a4be8,0x00428998,upstream,4,0
0x004a4c50,0x00428998,upstream,3,0
0x004a4da8,,-,1000000000,0
0x004a4e38,,-,1000000000,0
0x004a4ef0,,-,1000000000,0
0x004a4f68,,-,1000000000,0
0x004a5000,,-,1000000000,0
0x004a5198,,-,1000000000,0
0x004a51d0,,-,1000000000,0
0x004a5208,,-,1000000000,0
0x004a5238,,-,1000000000,0
0x004a5270,,-,1000000000,0
0x004a52a8,,-,1000000000,0
0x004a52b8,,-,1000000000,0
0x004a5320,,-,1000000000,0
0x004a53e0,,-,1000000000,0
0x004a53f0,,-,1000000000,0
0x004a5498,,-,1000000000,0
0x004a54b0,,-,1000000000,0
0x004a54c8,,-,1000000000,0
0x004a5538,,-,1000000000,0
0x004a5578,,-,1000000000,0
0x004a5610,,-,1000000000,0
0x004a5620,,-,1000000000,0
0x004a56e8,,-,1000000000,0
0x004a5708,,-,1000000000,0
0x004a5720,,-,1000000000,0
0x004a5758,,-,1000000000,0
0x004a5778,,-,1000000000,0
0x004a5780,,-,1000000000,0
0x004a5798,,-,1000000000,0
0x004a57c0,,-,1000000000,0
0x004a58a8,,-,1000000000,0
0x004a5958,,-,1000000000,0
0x004a59c8,,-,1000000000,0
0x004a59d0,,-,1000000000,0
0x004a59f0,,-,1000000000,0
0x004a5a78,,-,1000000000,0
0x004a5b48,,-,1000000000,0
0x004a5bb0,,-,1000000000,0
0x004a5bd0,,-,1000000000,0
0x004a5d70,,-,1000000000,0
0x004a5e50,,-,1000000000,0
0x004a5e90,,-,1000000000,0
0x004a5ef0,,-,1000000000,0
0x004a5f18,,-,1000000000,0
0x004a6078,,-,1000000000,0
0x004a60e8,,-,1000000000,0
0x004a6260,,-,1000000000,0
0x004a6438,,-,1000000000,0
0x004a64c0,0x00428998,upstream,6,0
0x004a6560,,-,1000000000,0
0x004a6638,,-,1000000000,0
0x004a66e0,,-,1000000000,0
0x004a6758,,-,1000000000,0
0x004a6880,,-,1000000000,0
0x004a68f8,,-,1000000000,0
0x004a6968,,-,1000000000,0
0x004a6980,,-,1000000000,0
0x004a6ad0,,-,1000000000,0
0x004a6b20,,-,1000000000,0
0x004a6b70,,-,1000000000,0
0x004a6bf8,,-,1000000000,0
0x004a6c68,,-,1000000000,0
0x004a6cc8,,-,1000000000,0
0x004a6d28,,-,1000000000,0
0x004a6df0,,-,1000000000,0
0x004a6ea0,,-,1000000000,0
0x004a6f38,,-,1000000000,0
0x004a6ff0,,-,1000000000,0
0x004a70a8,,-,1000000000,0
0x004a7170,,-,1000000000,0
0x004a71e0,,-,1000000000,0
0x004a7248,,-,1000000000,0
0x004a7280,0x00428998,upstream,6,0
0x004a73a8,,-,1000000000,0
0x004a73b0,,-,1000000000,0
0x004a7450,,-,1000000000,0
0x004a74a0,,-,1000000000,0
0x004a74b0,0x00428998,upstream,1,0
0x004a7560,,-,1000000000,0
0x004a76f0,,-,1000000000,0
0x004a7790,,-,1000000000,0
0x004a7848,,-,1000000000,0
0x004a78b8,,-,1000000000,0
0x004a7908,,-,1000000000,0
0x004a79b0,,-,1000000000,0
0x004a7a90,0x00428998,upstream,1,0
0x004a7b70,,-,1000000000,0
0x004a7b78,,-,1000000000,0
0x004a7b98,0x004287e0,upstream,5,0
0x004a7c30,,-,1000000000,0
0x004a7ca0,,-,1000000000,0
0x004a7cb8,,-,1000000000,0
0x004a7d68,,-,1000000000,0
0x004a7dc8,,-,1000000000,0
0x004a7e10,,-,1000000000,0
0x004a7f20,0x004287e0,upstream,4,0
0x004a7fc8,0x004287e0,upstream,3,0
0x004a7fe8,,-,1000000000,0
0x004a8058,0x004287e0,upstream,2,0
0x004a8268,0x004287e0,upstream,1,0
0x004a8410,,-,1000000000,0
0x004a8478,,-,1000000000,0
0x004a8500,0x004287e0,upstream,1,0
0x004a8658,0x004287e0,upstream,1,0
0x004a87c0,0x004287e0,upstream,2,0
0x004a8a18,,-,1000000000,0
0x004a8a68,,-,1000000000,0
0x004a8b18,,-,1000000000,0
0x004a8b68,,-,1000000000,0
0x004a8c38,,-,1000000000,0
0x004a8cc8,,-,1000000000,0
0x004a8d70,,-,1000000000,0
0x004a8e30,,-,1000000000,0
0x004a8e50,,-,1000000000,0
0x004a8e98,,-,1000000000,0
0x004a8eb0,,-,1000000000,0
0x004a8f50,0x004287e0,upstream,4,0
0x004a9108,,-,1000000000,0
0x004a91c8,,-,1000000000,0
0x004a91f0,,-,1000000000,0
0x004a9368,,-,1000000000,0
0x004a9388,,-,1000000000,0
0x004a9450,,-,1000000000,0
0x004a94e0,0x003fb210,upstream,3,0
0x004a95c8,0x003fb210,upstream,2,0
0x004a97b0,,-,1000000000,0
0x004a9868,,-,1000000000,0
0x004a9910,,-,1000000000,0
0x004a9a20,,-,1000000000,0
0x004a9a60,,-,1000000000,0
0x004a9b90,,-,1000000000,0
0x004a9ca8,,-,1000000000,0
0x004a9ce0,,-,1000000000,0
0x004a9e98,,-,1000000000,0
0x004a9ea8,0x003fb210,upstream,3,0
0x004a9f98,,-,1000000000,0
0x004a9ff8,,-,1000000000,0
0x004aa0c0,0x003fb210,upstream,2,0
0x004aa110,,-,1000000000,0
0x004aa160,,-,1000000000,0
0x004aa1e8,0x003fb210,upstream,2,0
0x004aa360,,-,1000000000,0
0x004aa378,,-,1000000000,0
0x004aa450,,-,1000000000,0
0x004aa4c0,0x004287e0,upstream,1,0
0x004aa750,,-,1000000000,0
0x004aaa60,,-,1000000000,0
0x004aab68,,-,1000000000,0
0x004aac68,0x004287e0,upstream,2,0
0x004aad40,,-,1000000000,0
0x004aad60,0x00428998,upstream,3,0
0x004aaef8,,-,1000000000,0
0x004ab0f0,,-,1000000000,0
0x004ab1b8,,-,1000000000,0
0x004ab248,,-,1000000000,0
0x004ab268,,-,1000000000,0
0x004ab2f8,0x00429068,upstream,7,0
0x004ab468,,-,1000000000,0
0x004ab4a0,,-,1000000000,0
0x004ab580,,-,1000000000,0
0x004ab678,,-,1000000000,0
0x004ab6c8,,-,1000000000,0
0x004ab760,0x004287e0,upstream,6,0
0x004ab7d0,0x004287e0,upstream,5,0
0x004ab8c0,,-,1000000000,0
0x004ab8f0,,-,1000000000,0
0x004ab900,,-,1000000000,0
0x004ab910,,-,1000000000,0
0x004ab920,,-,1000000000,0
0x004ab9c0,,-,1000000000,0
0x004aba48,,-,1000000000,0
0x004aba58,,-,1000000000,0
0x004aba70,,-,1000000000,0
0x004aba88,,-,1000000000,0
0x004abab0,,-,1000000000,0
0x004abad8,,-,1000000000,0
0x004abbc0,0x003fb210,upstream,5,0
0x004abcf8,,-,1000000000,0
0x004abd18,,-,1000000000,0
0x004abd68,,-,1000000000,0
0x004abdd0,,-,1000000000,0
0x004abe38,,-,1000000000,0
0x004abe60,,-,1000000000,0
0x004abed8,,-,1000000000,0
0x004ac018,,-,1000000000,0
0x004ac108,,-,1000000000,0
0x004ac158,,-,1000000000,0
0x004ac1d8,,-,1000000000,0
0x004ac3d8,,-,1000000000,0
0x004ac4d8,,-,1000000000,0
0x004ac7f0,,-,1000000000,0
0x004ac848,,-,1000000000,0
0x004ac898,,-,1000000000,0
0x004ac8a8,,-,1000000000,0
0x004ac8b8,,-,1000000000,0
0x004ac968,0x00428998,upstream,2,0
0x004acb80,,-,1000000000,0
0x004acb90,,-,1000000000,0
0x004acbf8,0x004287e0,upstream,2,0
0x004acc98,0x004287e0,upstream,3,0
0x004acd18,,-,1000000000,0
0x004acd40,,-,1000000000,0
0x004acd68,0x00429068,upstream,6,0
0x004ace18,,-,1000000000,0
0x004ace40,,-,1000000000,0
0x004aceb0,,-,1000000000,0
0x004acf58,0x004287e0,upstream,1,0
0x004ad088,0x00429068,upstream,11,0
0x004ad1d0,,-,1000000000,0
0x004ad1e0,,-,1000000000,0
0x004ad378,,-,1000000000,0
0x004ad390,,-,1000000000,0
0x004ad3f0,,-,1000000000,0
0x004ad440,,-,1000000000,0
0x004ad4d0,,-,1000000000,0
0x004ad560,,-,1000000000,0
0x004ad5c8,,-,1000000000,0
0x004ad5f0,,-,1000000000,0
0x004ad638,,-,1000000000,0
0x004ad648,,-,1000000000,0
0x004ad6b8,,-,1000000000,0
0x004ad728,,-,1000000000,0
0x004ad798,,-,1000000000,0
0x004ad7f8,,-,1000000000,0
0x004ad818,,-,1000000000,0
0x004ad840,,-,1000000000,0
0x004ad8a8,,-,1000000000,0
0x004ad900,0x003fb210,upstream,5,0
0x004ad958,,-,1000000000,0
0x004ada70,,-,1000000000,0
0x004ada98,,-,1000000000,0
0x004adab0,,-,1000000000,0
0x004adae0,,-,1000000000,0
0x004adba0,,-,1000000000,0
0x004adc50,,-,1000000000,0
0x004adc80,,-,1000000000,0
0x004add28,,-,1000000000,0
0x004addb0,,-,1000000000,0
0x004ade40,,-,1000000000,0
0x004adee0,0x003fb210,upstream,4,0
0x004adf50,,-,1000000000,0
0x004adf58,,-,1000000000,0
0x004adfc0,,-,1000000000,0
0x004ae070,,-,1000000000,0
0x004ae1f0,,-,1000000000,0
0x004ae2d0,,-,1000000000,0
0x004ae370,,-,1000000000,0
0x004ae428,,-,1000000000,0
0x004ae4a8,0x003fb210,upstream,3,0
0x004ae518,0x003fb210,upstream,2,0
0x004ae588,,-,1000000000,0
0x004ae650,,-,1000000000,0
0x004ae6a8,,-,1000000000,0
0x004ae738,,-,1000000000,0
0x004ae770,,-,1000000000,0
0x004ae830,,-,1000000000,0
0x004ae8c8,,-,1000000000,0
0x004ae8e8,,-,1000000000,0
0x004ae928,,-,1000000000,0
0x004aeb18,,-,1000000000,0
0x004aeb80,,-,1000000000,0
0x004aebd8,,-,1000000000,0
0x004aec38,,-,1000000000,0
0x004aeca0,,-,1000000000,0
0x004aed08,,-,1000000000,0
0x004aed20,,-,1000000000,0
0x004aedc0,,-,1000000000,0
0x004aede8,,-,1000000000,0
0x004aee68,,-,1000000000,0
0x004aee78,,-,1000000000,0
0x004aeea0,,-,1000000000,0
0x004aeef8,,-,1000000000,0
0x004aef68,,-,1000000000,0
0x004aef78,,-,1000000000,0
0x004aef88,,-,1000000000,0
0x004aefe8,,-,1000000000,0
0x004af1b0,,-,1000000000,0
0x004af220,,-,1000000000,0
0x004af2a0,,-,1000000000,0
0x004af308,,-,1000000000,0
0x004af328,,-,1000000000,0
0x004af3a8,,-,1000000000,0
0x004af418,,-,1000000000,0
0x004af478,,-,1000000000,0
0x004af490,0x00428998,upstream,2,0
0x004af518,0x00428998,upstream,1,0
0x004af590,,-,1000000000,0
0x004af620,,-,1000000000,0
0x004af6a0,,-,1000000000,0
0x004af718,,-,1000000000,0
0x004af7c0,,-,1000000000,0
0x004af890,,-,1000000000,0
0x004af8b0,,-,1000000000,0
0x004af8f8,,-,1000000000,0
0x004af968,,-,1000000000,0
0x004afa20,,-,1000000000,0
0x004afa78,,-,1000000000,0
0x004afad8,,-,1000000000,0
0x004afba8,,-,1000000000,0
0x004afbf0,,-,1000000000,0
0x004afc38,,-,1000000000,0
0x004afda0,,-,1000000000,0
0x004afe20,,-,1000000000,0
0x004afea0,,-,1000000000,0
0x004afec0,,-,1000000000,0
0x004aff30,,-,1000000000,0
0x004affa0,,-,1000000000,0
0x004b0040,,-,1000000000,0
0x004b0098,,-,1000000000,0
0x004b0140,,-,1000000000,0
0x004b01d8,,-,1000000000,0
0x004b02d0,,-,1000000000,0
0x004b0340,,-,1000000000,0
0x004b03c8,,-,1000000000,0
0x004b0438,,-,1000000000,0
0x004b0498,,-,1000000000,0
0x004b0588,,-,1000000000,0
0x004b05d0,,-,1000000000,0
0x004b0658,,-,1000000000,0
0x004b0670,,-,1000000000,0
0x004b06b0,,-,1000000000,0
0x004b0768,,-,1000000000,0
0x004b07d8,,-,1000000000,0
0x004b0828,,-,1000000000,0
0x004b0878,,-,1000000000,0
0x004b0900,,-,1000000000,0
0x004b09a0,,-,1000000000,0
0x004b09b0,,-,1000000000,0
0x004b0a88,,-,1000000000,0
0x004b0b60,,-,1000000000,0
0x004b0c68,,-,1000000000,0
0x004b0ce8,,-,1000000000,0
0x004b0d18,,-,1000000000,0
0x004b0db0,,-,1000000000,0
0x004b0dc0,,-,1000000000,0
0x004b0dc8,,-,1000000000,0
0x004b0fc8,,-,1000000000,0
0x004b1010,,-,1000000000,0
0x004b1030,,-,1000000000,0
0x004b10d0,,-,1000000000,0
0x004b1110,,-,1000000000,0
0x004b1178,,-,1000000000,0
0x004b11c8,,-,1000000000,0
0x004b1238,,-,1000000000,0
0x004b1270,,-,1000000000,0
0x004b1298,,-,1000000000,0
0x004b12e0,,-,1000000000,0
0x004b1378,,-,1000000000,0
0x004b13b8,,-,1000000000,0
0x004b1438,,-,1000000000,0
0x004b1488,,-,1000000000,0
0x004b1500,,-,1000000000,0
0x004b1510,,-,1000000000,0
0x004b1588,,-,1000000000,0
0x004b1638,,-,1000000000,0
0x004b16b0,,-,1000000000,0
0x004b16c8,,-,1000000000,0
0x004b1718,,-,1000000000,0
0x004b1790,,-,1000000000,0
0x004b1828,,-,1000000000,0
0x004b1870,,-,1000000000,0
0x004b18d0,,-,1000000000,0
0x004b18f0,,-,1000000000,0
0x004b19e8,,-,1000000000,0
0x004b1a38,,-,1000000000,0
0x004b1a98,,-,1000000000,0
0x004b1af0,,-,1000000000,0
0x004b1b80,,-,1000000000,0
0x004b1c40,,-,1000000000,0
0x004b1ca8,,-,1000000000,0
0x004b1d28,,-,1000000000,0
0x004b1d38,,-,1000000000,0
0x004b1dd8,,-,1000000000,0
0x004b1e48,,-,1000000000,0
0x004b1e80,,-,1000000000,0
0x004b1eb8,,-,1000000000,0
0x004b2080,,-,1000000000,0
0x004b20e0,,-,1000000000,0
0x004b2128,,-,1000000000,0
0x004b2160,,-,1000000000,0
0x004b21a0,,-,1000000000,0
0x004b2218,,-,1000000000,0
0x004b22a8,,-,1000000000,0
0x004b22e0,0x003fb210,upstream,4,0
0x004b2318,,-,1000000000,0
0x004b23a0,0x003fb210,upstream,4,0
0x004b2468,0x003fb210,upstream,3,0
0x004b25b8,0x003fb210,upstream,2,0
0x004b2630,,-,1000000000,0
0x004b2720,0x003fb210,upstream,2,0
0x004b27b8,,-,1000000000,0
0x004b27c0,,-,1000000000,0
0x004b27c8,,-,1000000000,0
0x004b27e8,,-,1000000000,0
0x004b2828,,-,1000000000,0
0x004b28c0,,-,1000000000,0
0x004b2958,,-,1000000000,0
0x004b2a10,,-,1000000000,0
0x004b2a58,,-,1000000000,0
0x004b2b78,,-,1000000000,0
0x004b2c68,,-,1000000000,0
0x004b2d08,,-,1000000000,0
0x004b2da8,,-,1000000000,0
0x004b2dc8,,-,1000000000,0
0x004b2de8,,-,1000000000,0
0x004b2e08,,-,1000000000,0
0x004b2e28,,-,1000000000,0
0x004b2e88,,-,1000000000,0
0x004b2f58,,-,1000000000,0
0x004b2fc0,,-,1000000000,0
0x004b2ff0,,-,1000000000,0
0x004b3008,,-,1000000000,0
0x004b3028,0x00428998,upstream,1,0
0x004b3108,,-,1000000000,0
0x004b3148,,-,1000000000,0
0x004b3150,,-,1000000000,0
0x004b3168,,-,1000000000,0
0x004b3180,,-,1000000000,0
0x004b3198,,-,1000000000,0
0x004b31b0,,-,1000000000,0
0x004b31c8,,-,1000000000,0
0x004b31d0,,-,1000000000,0
0x004b3228,,-,1000000000,0
0x004b3690,,-,1000000000,0
0x004b36f0,,-,1000000000,0
0x004b3750,,-,1000000000,0
0x004b37b8,0x00429068,upstream,1,0
0x004b3918,0x00428f48,upstream,1,0
0x004b3b60,,-,1000000000,0
0x004b3c88,,-,1000000000,0
0x004b3da8,,-,1000000000,0
0x004b3df0,,-,1000000000,0
0x004b3e70,,-,1000000000,0
0x004b3e78,,-,1000000000,0
0x004b3ef8,,-,1000000000,0
0x004b3f00,,-,1000000000,0
0x004b3f08,,-,1000000000,0
0x004b3f38,,-,1000000000,0
0x004b3fb0,,-,1000000000,0
0x004b3fd8,,-,1000000000,0
0x004b40b0,0x003fb210,upstream,5,0
0x004b4108,0x003fb210,upstream,4,0
0x004b4188,0x003fb210,upstream,3,0
0x004b41d0,,-,1000000000,0
0x004b4250,,-,1000000000,0
0x004b4258,,-,1000000000,0
0x004b4290,,-,1000000000,0
0x004b4370,,-,1000000000,0
0x004b4390,,-,1000000000,0
0x004b4468,,-,1000000000,0
0x004b4530,,-,1000000000,0
0x004b4580,,-,1000000000,0
0x004b4598,,-,1000000000,0
0x004b45b0,,-,1000000000,0
0x004b4600,,-,1000000000,0
0x004b4610,,-,1000000000,0
0x004b4658,,-,1000000000,0
0x004b4680,0x00428998,upstream,3,0
0x004b4770,,-,1000000000,0
0x004b47e0,,-,1000000000,0
0x004b48b0,,-,1000000000,0
0x004b48f8,0x00428998,upstream,1,0
0x004b4968,0x00428998,upstream,1,0
0x004b49d8,0x00428998,upstream,1,0
0x004b4a68,0x00428998,upstream,2,0
0x004b4ab8,0x00428998,upstream,1,0
0x004b4b88,,-,1000000000,0
0x004b4bd0,,-,1000000000,0
0x004b4c18,,-,1000000000,0
0x004b4c60,,-,1000000000,0
0x004b4ca8,,-,1000000000,0
0x004b4d08,,-,1000000000,0
0x004b4d90,,-,1000000000,0
0x004b4dd8,,-,1000000000,0
0x004b4e20,,-,1000000000,0
0x004b4e68,,-,1000000000,0
0x004b4eb0,,-,1000000000,0
0x004b4f18,,-,1000000000,0
0x004b4f60,,-,1000000000,0
0x004b4fa8,,-,1000000000,0
0x004b4ff0,0x00428998,upstream,1,0
0x004b5060,0x00428998,upstream,1,0
0x004b50d0,,-,1000000000,0
0x004b5128,,-,1000000000,0
0x004b5190,,-,1000000000,0
0x004b5210,,-,1000000000,0
0x004b5278,,-,1000000000,0
0x004b52e0,,-,1000000000,0
0x004b5348,,-,1000000000,0
0x004b53b8,,-,1000000000,0
0x004b5460,,-,1000000000,0
0x004b54d0,,-,1000000000,0
0x004b5538,,-,1000000000,0
0x004b55a0,,-,1000000000,0
0x004b5610,,-,1000000000,0
0x004b5680,,-,1000000000,0
0x004b56e8,,-,1000000000,0
0x004b5760,,-,1000000000,0
0x004b57d8,,-,1000000000,0
0x004b5860,,-,1000000000,0
0x004b58d0,,-,1000000000,0
0x004b5910,,-,1000000000,0
0x004b5950,,-,1000000000,0
0x004b5998,0x00428998,upstream,1,0
0x004b59f0,,-,1000000000,0
0x004b59f8,,-,1000000000,0
0x004b5a50,,-,1000000000,0
0x004b5aa0,,-,1000000000,0
0x004b5ac8,,-,1000000000,0
0x004b5af0,0x003fb210,upstream,2,0
0x004b5b48,,-,1000000000,0
0x004b5b90,,-,1000000000,0
0x004b5c90,,-,1000000000,0
0x004b5da8,,-,1000000000,0
0x004b5fe0,,-,1000000000,0
0x004b60d0,,-,1000000000,0
0x004b6120,,-,1000000000,0
0x004b61d8,,-,1000000000,0
0x004b6270,,-,1000000000,0
0x004b6388,,-,1000000000,0
0x004b6408,,-,1000000000,0
0x004b6688,,-,1000000000,0
0x004b6760,,-,1000000000,0
0x004b68e8,,-,1000000000,0
0x004b6930,,-,1000000000,0
0x004b6a10,,-,1000000000,0
0x004b6c88,,-,1000000000,0
0x004b6d60,,-,1000000000,0
0x004b6e20,,-,1000000000,0
0x004b6ee8,,-,1000000000,0
0x004b6f68,,-,1000000000,0
0x004b6ff8,,-,1000000000,0
0x004b70b0,,-,1000000000,0
0x004b7220,,-,1000000000,0
0x004b7330,,-,1000000000,0
0x004b7558,,-,1000000000,0
0x004b7598,,-,1000000000,0
0x004b76e8,,-,1000000000,0
0x004b7878,,-,1000000000,0
0x004b7988,,-,1000000000,0
0x004b79e8,,-,1000000000,0
0x004b7b60,,-,1000000000,0
0x004b7d98,,-,1000000000,0
0x004b7e00,,-,1000000000,0
0x004b7e68,,-,1000000000,0
0x004b7f68,,-,1000000000,0
0x004b8020,,-,1000000000,0
0x004b8170,,-,1000000000,0
0x004b8268,,-,1000000000,0
0x004b8270,,-,1000000000,0
0x004b8278,0x00428998,upstream,2,0
0x004b82f0,,-,1000000000,0
0x004b8300,0x00428998,upstream,1,0
0x004b83b8,0x00428998,upstream,2,0
0x004b84d0,,-,1000000000,0
0x004b8520,0x00428998,upstream,1,0
0x004b85c0,,-,1000000000,0
0x004b85d0,,-,1000000000,0
0x004b8620,,-,1000000000,0
0x004b8660,,-,1000000000,0
0x004b8670,,-,1000000000,0
0x004b86a0,,-,1000000000,0
0x004b86a8,,-,1000000000,0
0x004b86b0,,-,1000000000,0
0x004b86c0,,-,1000000000,0
0x004b86d8,,-,1000000000,0
0x004b8738,,-,1000000000,0
0x004b8748,,-,1000000000,0
0x004b87e0,,-,1000000000,0
0x004b8860,,-,1000000000,0
0x004b8898,,-,1000000000,0
0x004b88b8,,-,1000000000,0
0x004b88e0,,-,1000000000,0
0x004b8968,,-,1000000000,0
0x004b8990,,-,1000000000,0
0x004b89d8,,-,1000000000,0
0x004b89f0,,-,1000000000,0
0x004b8a68,0x00428998,upstream,1,0
0x004b8ac0,,-,1000000000,0
0x004b8ac8,,-,1000000000,0
0x004b8b20,,-,1000000000,0
0x004b8b70,,-,1000000000,0
0x004b8b80,,-,1000000000,0
0x004b8ba8,,-,1000000000,0
0x004b8bd0,,-,1000000000,0
0x004b8ce8,0x00429068,upstream,2,0
0x004b8df0,,-,1000000000,0
0x004b8e70,,-,1000000000,0
0x004b91e0,0x003fb210,upstream,2,0
0x004b9230,0x003fb210,upstream,1,0
0x004b9450,0x00429068,upstream,3,0
0x004b94a0,,-,1000000000,0
0x004b9638,,-,1000000000,0
0x004b96a0,,-,1000000000,0
0x004b96e8,,-,1000000000,0
0x004b9728,,-,1000000000,0
0x004b9738,,-,1000000000,0
0x004b9788,,-,1000000000,0
0x004b97b8,0x00428f48,upstream,2,0
0x004b9848,,-,1000000000,0
0x004b98e8,,-,1000000000,0
0x004b9928,,-,1000000000,0
0x004b9968,,-,1000000000,0
0x004b9a30,,-,1000000000,0
0x004b9a40,,-,1000000000,0
0x004b9b38,,-,1000000000,0
0x004b9c60,,-,1000000000,0
0x004b9ce8,,-,1000000000,0
0x004b9d70,,-,1000000000,0
0x004b9e60,,-,1000000000,0
0x004b9ee0,,-,1000000000,0
0x004ba010,0x004ba240,upstream,1,0
0x004ba0d0,,-,1000000000,0
0x004ba220,0x004ba240,upstream,1,0
0x004ba240,0x004ba240,upstream,0,1
0x004ba2a0,0x00428998,upstream,4,1
0x004ba2c0,0x00428998,upstream,3,0
0x004ba340,0x004ba240,upstream,1,0
0x004ba3b0,0x00428998,upstream,5,0
0x004ba3d0,0x00428998,upstream,4,0
0x004ba460,0x00428998,upstream,3,0
0x004ba510,,-,1000000000,0
0x004ba790,,-,1000000000,0
0x004ba7c0,,-,1000000000,0
0x004ba820,0x0042bd70,upstream,1,0
0x004ba8a0,,-,1000000000,0
0x004ba920,,-,1000000000,0
0x004ba960,,-,1000000000,0
0x004ba980,,-,1000000000,0
0x004baa20,,-,1000000000,0
0x004baac0,,-,1000000000,1
0x004bab00,0x00428998,upstream,3,0
0x004bad00,0x004ba240,upstream,1,0
0x004bad90,0x0050f930,upstream,1,0
0x004badd0,0x00511940,upstream,1,0
0x004baea0,,-,1000000000,0
0x004baf90,,-,1000000000,0
0x004baff0,0x00510320,upstream,1,0
0x004bb0c0,,-,1000000000,0
0x004bb1a0,,-,1000000000,0
0x004bb200,0x0050f930,upstream,1,0
0x004bb240,0x00511940,upstream,1,0
0x004bb320,,-,1000000000,0
0x004bb410,,-,1000000000,0
0x004bb460,0x00510320,upstream,1,0
0x004bb590,0x005118a0,upstream,1,0
0x004bb610,,-,1000000000,0
0x004bb700,,-,1000000000,0
0x004bb750,0x00510320,upstream,1,0
0x004bb800,0x005118a0,upstream,1,0
0x004bb880,,-,1000000000,0
0x004bb970,,-,1000000000,0
0x004bb9c0,0x00510320,upstream,1,0
0x004bba30,0x0050f930,upstream,1,0
0x004bba70,0x0058a7a0,upstream,1,0
0x004bbb60,,-,1000000000,0
0x004bbc50,,-,1000000000,0
0x004bbca0,0x00510320,upstream,1,0
0x004bbdc0,0x0050f930,upstream,1,0
0x004bbe00,0x0058a7a0,upstream,1,0
0x004bbe90,,-,1000000000,0
0x004bbf80,,-,1000000000,0
0x004bbfd0,0x00510320,upstream,1,0
0x004bc0e0,0x005118a0,upstream,1,0
0x004bc170,,-,1000000000,0
0x004bc260,,-,1000000000,0
0x004bc2c0,0x00510320,upstream,1,0
0x004bc350,0x0050f930,upstream,1,0
0x004bc390,0x005118a0,upstream,1,0
0x004bc410,,-,1000000000,0
0x004bc500,,-,1000000000,0
0x004bc550,0x00510320,upstream,1,0
0x004bc5e0,0x005118a0,upstream,1,0
0x004bc660,,-,1000000000,0
0x004bc750,,-,1000000000,0
0x004bc7a0,0x00510320,upstream,1,0
0x004bc880,0x0050f930,upstream,1,1
0x004bc8c0,0x005118a0,upstream,1,0
0x004bc940,,-,1000000000,0
0x004bca30,0x00510320,upstream,1,0
0x004bcac0,0x0050f930,upstream,1,0
0x004bcb00,0x005118a0,upstream,1,0
0x004bcb80,,-,1000000000,0
0x004bcc70,,-,1000000000,0
0x004bccc0,0x00510320,upstream,1,0
0x004bcd50,0x0050f930,upstream,1,0
0x004bcd90,0x0058a7a0,upstream,1,0
0x004bce20,,-,1000000000,0
0x004bcf10,,-,1000000000,0
0x004bcf60,0x00510320,upstream,1,0
0x004bd080,0x0051e5a0,upstream,1,0
0x004bd1b0,,-,1000000000,0
0x004bd2a0,,-,1000000000,0
0x004bd2f0,0x00510320,upstream,1,0
0x004bd3c0,0x0050f930,upstream,1,0
0x004bd400,0x005118a0,upstream,1,0
0x004bd480,,-,1000000000,0
0x004bd570,,-,1000000000,0
0x004bd5c0,0x00510320,upstream,1,0
0x004bd780,0x005118a0,upstream,1,0
0x004bd880,,-,1000000000,0
0x004bd970,,-,1000000000,0
0x004bd9d0,0x00510320,upstream,1,0
0x004bdac0,0x0050f930,upstream,1,0
0x004bdb00,0x005118a0,upstream,1,0
0x004bdb80,,-,1000000000,0
0x004bdc70,,-,1000000000,0
0x004bdcc0,0x00510320,upstream,1,0
0x004bdd80,0x0050f930,upstream,1,1
0x004bddc0,0x00511940,upstream,1,0
0x004bdea0,,-,1000000000,0
0x004bdfa0,,-,1000000000,0
0x004bdff0,0x00510320,upstream,1,0
0x004be0e0,,-,1000000000,0
0x004be120,0x005118a0,upstream,1,0
0x004be200,,-,1000000000,0
0x004be2f0,,-,1000000000,0
0x004be340,0x00510320,upstream,1,0
0x004be650,0x005118a0,upstream,1,0
0x004be6f0,,-,1000000000,0
0x004be7e0,,-,1000000000,0
0x004be830,0x0050f930,upstream,1,0
0x004be870,0x0058a7a0,upstream,1,0
0x004be900,,-,1000000000,0
0x004be9f0,,-,1000000000,0
0x004bea40,0x00510320,upstream,1,0
0x004beb50,0x005118a0,upstream,1,0
0x004bebd0,,-,1000000000,0
0x004becc0,,-,1000000000,0
0x004bed10,0x00510320,upstream,1,0
0x004bed80,0x0050f930,upstream,1,0
0x004bedc0,0x005118a0,upstream,1,0
0x004bee40,,-,1000000000,0
0x004bef30,,-,1000000000,0
0x004bef80,0x00510320,upstream,1,0
0x004bf0e0,0x0050f930,upstream,1,0
0x004bf120,0x00511940,upstream,1,0
0x004bf200,,-,1000000000,0
0x004bf2f0,,-,1000000000,0
0x004bf340,0x00510320,upstream,1,0
0x004bf400,0x00511940,upstream,1,0
0x004bf4e0,,-,1000000000,0
0x004bf5d0,,-,1000000000,0
0x004bf620,0x00510320,upstream,1,0
0x004bf720,0x0050e310,upstream,1,0
0x004bf780,0x0050e310,upstream,1,0
0x004bf7e0,0x0050f930,upstream,1,0
0x004bf820,0x00511940,upstream,1,0
0x004bf940,,-,1000000000,0
0x004bfa30,,-,1000000000,0
0x004bfa80,0x00510320,upstream,1,0
0x004bfd50,0x0050f930,upstream,1,0
0x004bfd90,0x0058a7a0,upstream,1,0
0x004bfe20,,-,1000000000,0
0x004bff10,0x00510320,upstream,1,0
0x004c0000,0x0050f930,upstream,1,0
0x004c0040,0x005118a0,upstream,1,0
0x004c00c0,,-,1000000000,0
0x004c01b0,,-,1000000000,0
0x004c0200,0x00510320,upstream,1,0
0x004c02b0,0x00511940,upstream,1,0
0x004c0390,,-,1000000000,0
0x004c0480,,-,1000000000,0
0x004c04d0,0x00510320,upstream,1,0
0x004c05c0,0x005118a0,upstream,1,0
0x004c0640,,-,1000000000,0
0x004c0730,,-,1000000000,0
0x004c0780,0x00510320,upstream,1,0
0x004c07f0,0x0050f930,upstream,1,0
0x004c0830,0x005118a0,upstream,1,0
0x004c08b0,,-,1000000000,0
0x004c09a0,,-,1000000000,0
0x004c09f0,0x00510320,upstream,1,0
0x004c0a60,0x00511940,upstream,1,0
0x004c0ae0,0x00511940,upstream,1,0
0x004c0b60,0x005118a0,upstream,1,0
0x004c0c00,,-,1000000000,0
0x004c0cf0,,-,1000000000,0
0x004c0d40,0x0050f930,upstream,1,0
0x004c0d80,0x0058a7a0,upstream,1,0
0x004c0e10,,-,1000000000,0
0x004c0f00,0x00510320,upstream,1,0
0x004c1020,,-,1000000000,0
0x004c1060,0x005118a0,upstream,1,0
0x004c10e0,,-,1000000000,0
0x004c11d0,,-,1000000000,0
0x004c1220,0x00510320,upstream,1,0
0x004c12b0,0x005118a0,upstream,1,0
0x004c1330,,-,1000000000,0
0x004c1420,,-,1000000000,0
0x004c1470,0x00510320,upstream,1,0
0x004c1520,0x0050f930,upstream,1,0
0x004c1560,0x005118a0,upstream,1,0
0x004c15e0,,-,1000000000,0
0x004c16d0,,-,1000000000,0
0x004c1720,0x00510320,upstream,1,0
0x004c1840,0x0050f930,upstream,1,1
0x004c1880,0x005118a0,upstream,1,0
0x004c1900,,-,1000000000,0
0x004c19f0,0x00510320,upstream,1,0
0x004c1a60,0x005118a0,upstream,1,0
0x004c1b00,,-,1000000000,0
0x004c1bf0,,-,1000000000,0
0x004c1c40,0x0050f930,upstream,1,0
0x004c1c80,0x00511940,upstream,1,0
0x004c1da0,,-,1000000000,0
0x004c1e90,,-,1000000000,0
0x004c1ee0,0x00510320,upstream,1,0
0x004c1fd0,0x005118a0,upstream,1,0
0x004c2070,,-,1000000000,0
0x004c2160,,-,1000000000,0
0x004c21b0,0x00511940,upstream,1,0
0x004c2290,,-,1000000000,0
0x004c2380,,-,1000000000,0
0x004c23d0,0x00510320,upstream,1,0
0x004c2760,0x0050e310,upstream,1,0
0x004c27c0,0x00511940,upstream,1,0
0x004c28e0,,-,1000000000,0
0x004c29d0,,-,1000000000,0
0x004c2a20,0x00510320,upstream,1,0
0x004c2bc0,0x0050f930,upstream,1,0
0x004c2c00,0x005118a0,upstream,1,0
0x004c2c80,,-,1000000000,0
0x004c2d70,,-,1000000000,0
0x004c2dc0,0x00510320,upstream,1,0
0x004c2e50,0x00511940,upstream,1,0
0x004c2ed0,0x005118a0,upstream,1,0
0x004c2fa0,,-,1000000000,0
0x004c3090,,-,1000000000,0
0x004c30f0,0x00510320,upstream,1,0
0x004c31b0,0x0050f930,upstream,1,0
0x004c31f0,,-,1000000000,0
0x004c32e0,,-,1000000000,0
0x004c3330,0x00510320,upstream,1,0
0x004c3540,0x0050f930,upstream,1,0
0x004c3580,0x005118a0,upstream,1,0
0x004c3600,,-,1000000000,0
0x004c36e0,,-,1000000000,0
0x004c3730,0x0050f930,upstream,1,0
0x004c3770,0x005118a0,upstream,1,0
0x004c37f0,,-,1000000000,0
0x004c38e0,,-,1000000000,0
0x004c3930,0x00510320,upstream,1,0
0x004c39a0,0x005118a0,upstream,1,0
0x004c3a20,,-,1000000000,0
0x004c3b10,,-,1000000000,0
0x004c3b60,0x00510320,upstream,1,0
0x004c3c50,0x005118a0,upstream,1,0
0x004c3cd0,,-,1000000000,0
0x004c3dc0,,-,1000000000,0
0x004c3e10,0x00510320,upstream,1,0
0x004c3eb0,0x00511940,upstream,1,0
0x004c3f80,,-,1000000000,0
0x004c4070,,-,1000000000,0
0x004c40c0,0x00510320,upstream,1,0
0x004c4190,0x0050f930,upstream,1,0
0x004c41d0,0x005118a0,upstream,1,0
0x004c4250,,-,1000000000,0
0x004c4340,,-,1000000000,0
0x004c4390,0x00510320,upstream,1,0
0x004c4420,0x0050f930,upstream,1,0
0x004c4460,0x005118a0,upstream,1,0
0x004c44e0,,-,1000000000,0
0x004c45d0,,-,1000000000,0
0x004c4620,0x00510320,upstream,1,0
0x004c46b0,0x0050f930,upstream,1,0
0x004c46f0,0x005118a0,upstream,1,0
0x004c4770,,-,1000000000,0
0x004c4860,,-,1000000000,0
0x004c48b0,0x00510320,upstream,1,0
0x004c4940,0x0050f930,upstream,1,1
0x004c4980,0x005118a0,upstream,1,0
0x004c4a00,,-,1000000000,0
0x004c4af0,0x00510320,upstream,1,0
0x004c4b80,0x005118a0,upstream,1,0
0x004c4c00,,-,1000000000,0
0x004c4cf0,,-,1000000000,0
0x004c4d40,0x00510320,upstream,1,0
0x004c4df0,0x005118a0,upstream,1,0
0x004c4e70,,-,1000000000,0
0x004c4f60,,-,1000000000,0
0x004c4fb0,0x00510320,upstream,1,0
0x004c5020,,-,1000000000,0
0x004c5100,,-,1000000000,0
0x004c5150,0x0050f930,upstream,1,0
0x004c5190,0x005118a0,upstream,1,0
0x004c5210,,-,1000000000,0
0x004c5300,,-,1000000000,0
0x004c5350,0x00510320,upstream,1,0
0x004c5400,0x0050f930,upstream,1,0
0x004c5440,0x005118a0,upstream,1,0
0x004c54c0,,-,1000000000,0
0x004c55b0,,-,1000000000,0
0x004c5600,0x00510320,upstream,1,0
0x004c56d0,0x0050f930,upstream,1,0
0x004c5710,0x005118a0,upstream,1,0
0x004c5790,,-,1000000000,0
0x004c5880,,-,1000000000,0
0x004c58d0,0x00510320,upstream,1,0
0x004c59b0,0x0050f930,upstream,1,0
0x004c59f0,0x005118a0,upstream,1,0
0x004c5a70,,-,1000000000,0
0x004c5b60,,-,1000000000,0
0x004c5bb0,0x00510320,upstream,1,0
0x004c5c40,0x005118a0,upstream,1,0
0x004c5cc0,,-,1000000000,0
0x004c5db0,,-,1000000000,0
0x004c5e00,0x00510320,upstream,1,0
0x004c5f10,0x0050f930,upstream,1,0
0x004c5f50,0x005118a0,upstream,1,0
0x004c5fd0,,-,1000000000,0
0x004c60c0,,-,1000000000,0
0x004c6110,0x00510320,upstream,1,0
0x004c6180,0x0050f930,upstream,1,1
0x004c61c0,0x005118a0,upstream,1,0
0x004c6240,,-,1000000000,0
0x004c6330,0x00510320,upstream,1,0
0x004c63a0,0x005118a0,upstream,1,0
0x004c6440,,-,1000000000,0
0x004c6530,,-,1000000000,0
0x004c6580,0x0050f930,upstream,1,0
0x004c65c0,0x005118a0,upstream,1,0
0x004c6640,,-,1000000000,0
0x004c6730,,-,1000000000,0
0x004c6780,0x00510320,upstream,1,0
0x004c6880,0x0050f930,upstream,1,0
0x004c68c0,0x005118a0,upstream,1,0
0x004c6940,,-,1000000000,0
0x004c6a30,,-,1000000000,0
0x004c6a80,0x00510320,upstream,1,0
0x004c6b40,0x0050f930,upstream,1,0
0x004c6b80,0x00511940,upstream,1,0
0x004c6c60,,-,1000000000,0
0x004c6d50,,-,1000000000,0
0x004c6da0,0x00510320,upstream,1,0
0x004c6f50,0x0050f930,upstream,1,0
0x004c6f90,0x005118a0,upstream,1,0
0x004c7030,,-,1000000000,0
0x004c7120,,-,1000000000,0
0x004c7170,0x0050f930,upstream,1,0
0x004c71b0,0x005118a0,upstream,1,0
0x004c7250,,-,1000000000,0
0x004c7340,,-,1000000000,0
0x004c7390,0x0050f930,upstream,1,0
0x004c73d0,0x00511940,upstream,1,0
0x004c7520,0x00511940,upstream,1,0
0x004c75a0,0x00511940,upstream,1,0
0x004c7620,,-,1000000000,0
0x004c7720,,-,1000000000,0
0x004c7770,0x00510320,upstream,1,0
0x004c7900,,-,1000000000,0
0x004c79e0,,-,1000000000,0
0x004c7a30,0x005118a0,upstream,1,0
0x004c7ad0,,-,1000000000,0
0x004c7bc0,,-,1000000000,0
0x004c7c10,0x005118a0,upstream,1,0
0x004c7cb0,,-,1000000000,0
0x004c7da0,,-,1000000000,0
0x004c7df0,0x0050f930,upstream,1,0
0x004c7e30,0x005118a0,upstream,1,0
0x004c7ed0,,-,1000000000,0
0x004c7fc0,,-,1000000000,0
0x004c8010,,-,1000000000,0
0x004c8100,,-,1000000000,0
0x004c8150,0x00510320,upstream,1,0
0x004c81f0,,-,1000000000,0
0x004c8220,0x0050f930,upstream,1,0
0x004c8260,0x005118a0,upstream,1,0
0x004c82e0,,-,1000000000,0
0x004c83d0,,-,1000000000,0
0x004c8420,0x00510320,upstream,1,0
0x004c8490,0x0050f930,upstream,1,0
0x004c84d0,0x005118a0,upstream,1,0
0x004c8550,,-,1000000000,0
0x004c8640,,-,1000000000,0
0x004c8690,0x00510320,upstream,1,0
0x004c8740,,-,1000000000,0
0x004c8870,,-,1000000000,0
0x004c8880,,-,1000000000,0
0x004c8890,,-,1000000000,0
0x004c88e0,,-,1000000000,0
0x004c8920,,-,1000000000,0
0x004c89a0,0x00511940,upstream,1,0
0x004c8ad0,0x00513f30,upstream,1,0
0x004c9080,0x00511940,upstream,1,0
0x004c9110,0x00511940,upstream,1,0
0x004c92e0,,-,1000000000,0
0x004c9340,,-,1000000000,0
0x004c9610,,-,1000000000,0
0x004c9680,0x003fad18,upstream,1,0
0x004c96f0,,-,1000000000,0
0x004c9730,,-,1000000000,0
0x004c97d0,,-,1000000000,0
0x004c9810,,-,1000000000,0
0x004c98a0,,-,1000000000,0
0x004c99f0,0x00428998,upstream,6,0
0x004c9a40,,-,1000000000,0
0x004c9ab0,,-,1000000000,0
0x004c9c80,,-,1000000000,0
0x004c9ec0,,-,1000000000,0
0x004ca010,0x00428998,upstream,6,0
0x004ca210,0x00511940,upstream,1,0
0x004ca2c0,0x00511940,upstream,1,0
0x004ca400,,-,1000000000,0
0x004ca550,0x00513210,upstream,1,0
0x004ca6c0,0x00513210,upstream,1,0
0x004ca800,,-,1000000000,0
0x004cae30,,-,1000000000,0
0x004caf70,0x0058a7a0,upstream,1,0
0x004cb120,0x00513210,upstream,1,0
0x004cb340,,-,1000000000,0
0x004cb4d0,0x00511940,upstream,1,0
0x004cb910,,-,1000000000,0
0x004cb980,0x00512ee0,upstream,1,0
0x004cbb40,0x00511940,upstream,1,0
0x004cbbc0,0x00512ee0,upstream,2,0
0x004cbc00,,-,1000000000,0
0x004cbc40,0x00511940,upstream,1,0
0x004cbd30,0x00511940,upstream,1,0
0x004cbf00,0x00511940,upstream,1,0
0x004cbfa0,,-,1000000000,0
0x004cc150,,-,1000000000,0
0x004cc8c0,0x00511940,upstream,1,0
0x004cc950,0x00511940,upstream,1,0
0x004cc9b0,0x0058a7a0,upstream,1,0
0x004ccb90,0x00511940,upstream,1,0
0x004ccd60,0x00511940,upstream,1,0
0x004ccfc0,,-,1000000000,0
0x004cd000,0x00511940,upstream,1,0
0x004cd0b0,0x00513210,upstream,4,0
0x004cd0f0,,-,1000000000,0
0x004cd130,0x00511940,upstream,1,0
0x004cd1b0,0x00428998,upstream,5,0
0x004cd2e0,0x00513210,upstream,1,0
0x004cd3d0,,-,1000000000,0
0x004cd440,0x00428998,upstream,6,0
0x004cd670,0x00429068,upstream,1,0
0x004cd6e0,0x00511940,upstream,1,0
0x004cd810,0x00428df8,upstream,1,0
0x004cd9a0,,-,1000000000,0
0x004cdba0,0x00511940,upstream,1,0
0x004cdcd0,,-,1000000000,0
0x004cdd00,,-,1000000000,0
0x004cdd40,0x00511940,upstream,1,0
0x004cdea0,,-,1000000000,0
0x004cdee0,,-,1000000000,0
0x004cdf90,0x00513210,upstream,3,0
0x004ce030,,-,1000000000,0
0x004ce0d0,,-,1000000000,0
0x004ce1e0,,-,1000000000,0
0x004ce310,,-,1000000000,0
0x004ce350,,-,1000000000,0
0x004ce460,0x00428998,upstream,5,0
0x004ce520,0x00429068,upstream,1,0
0x004ce670,0x00512ee0,upstream,1,0
0x004cea50,0x00513f30,upstream,1,0
0x004cebc0,0x0058a7a0,upstream,2,0
0x004cec20,,-,1000000000,0
0x004cef20,,-,1000000000,0
0x004cf020,,-,1000000000,0
0x004cf0d0,,-,1000000000,0
0x004cf180,0x00513f30,upstream,1,0
0x004cf270,0x00511940,upstream,1,0
0x004cf350,0x0058a7a0,upstream,1,0
0x004cf3f0,,-,1000000000,0
0x004cf810,0x001071e0,upstream,1,0
0x004cf960,0x00513210,upstream,2,0
0x004cfb10,0x00513210,upstream,1,0
0x004cff20,0x00511940,upstream,1,0
0x004d0070,0x00511940,upstream,1,0
0x004d03d0,,-,1000000000,0
0x004d0500,0x004f2100,upstream,1,0
0x004d0530,0x00511940,upstream,1,0
0x004d05b0,0x00511940,upstream,1,0
0x004d0630,0x00511940,upstream,1,0
0x004d06b0,,-,1000000000,0
0x004d0710,0x0050f930,upstream,1,0
0x004d0770,0x005110e0,upstream,2,0
0x004d07b0,0x0051e5a0,upstream,3,0
0x004d0860,0x0051e5a0,upstream,1,0
0x004d0920,,-,1000000000,0
0x004d0a20,0x0050f930,upstream,1,0
0x004d0ab0,0x0051e5a0,upstream,1,0
0x004d0b80,,-,1000000000,0
0x004d0c70,,-,1000000000,0
0x004d0cd0,0x00510320,upstream,1,0
0x004d0d60,0x0050f930,upstream,1,0
0x004d0df0,0x0050f930,upstream,1,0
0x004d0e50,0x005110e0,upstream,2,0
0x004d0e90,0x0051e5a0,upstream,3,0
0x004d0f40,0x0051e5a0,upstream,1,0
0x004d1000,,-,1000000000,0
0x004d1100,0x0050f930,upstream,1,0
0x004d1190,0x0051e5a0,upstream,1,0
0x004d1260,,-,1000000000,0
0x004d1350,,-,1000000000,0
0x004d13b0,0x00510320,upstream,1,0
0x004d1440,0x0050f930,upstream,1,0
0x004d14d0,0x0050f930,upstream,1,0
0x004d1530,0x005110e0,upstream,2,0
0x004d1570,0x0051e5a0,upstream,3,0
0x004d1620,0x0051e5a0,upstream,1,0
0x004d16e0,,-,1000000000,0
0x004d17e0,0x0050f930,upstream,1,0
0x004d1870,0x0050f930,upstream,1,0
0x004d18b0,0x0051e5a0,upstream,1,0
0x004d1980,,-,1000000000,0
0x004d1a70,,-,1000000000,0
0x004d1ad0,0x00510320,upstream,1,0
0x004d1b60,0x0050f930,upstream,1,0
0x004d1bf0,0x0050f930,upstream,1,0
0x004d1c30,0x0051e5a0,upstream,1,0
0x004d1cf0,,-,1000000000,0
0x004d1de0,,-,1000000000,0
0x004d1e30,0x0050f930,upstream,1,0
0x004d1ec0,0x0050f930,upstream,1,0
0x004d1f00,0x0051e5a0,upstream,1,0
0x004d1fe0,,-,1000000000,0
0x004d20d0,,-,1000000000,0
0x004d2130,0x00510320,upstream,1,0
0x004d21c0,0x0050f930,upstream,1,0
0x004d2250,0x0050f930,upstream,1,0
0x004d2290,,-,1000000000,0
0x004d2370,,-,1000000000,0
0x004d23e0,,-,1000000000,0
0x004d2430,0x0050f930,upstream,1,0
0x004d2470,,-,1000000000,0
0x004d2560,,-,1000000000,0
0x004d25b0,0x00510320,upstream,1,0
0x004d26f0,,-,1000000000,0
0x004d27c0,0x0050e310,upstream,1,0
0x004d2820,0x0050e310,upstream,1,0
0x004d2880,0x0050e310,upstream,1,0
0x004d28e0,0x0050f930,upstream,1,0
0x004d2920,,-,1000000000,0
0x004d2a00,,-,1000000000,0
0x004d2a50,0x00510320,upstream,1,0
0x004d2bb0,,-,1000000000,0
0x004d2c00,0x005118a0,upstream,1,0
0x004d2ca0,,-,1000000000,0
0x004d2d90,,-,1000000000,0
0x004d2de0,0x005118a0,upstream,1,0
0x004d2e80,,-,1000000000,0
0x004d2f70,,-,1000000000,0
0x004d2fc0,0x0050f930,upstream,1,0
0x004d3000,0x005118a0,upstream,1,0
0x004d30c0,,-,1000000000,0
0x004d31b0,,-,1000000000,0
0x004d3200,0x00510320,upstream,1,0
0x004d33e0,0x0050f930,upstream,1,0
0x004d3420,0x0051e5a0,upstream,1,0
0x004d34e0,,-,1000000000,0
0x004d35d0,,-,1000000000,0
0x004d3620,0x00512e00,upstream,1,0
0x004d3740,0x0050f930,upstream,1,0
0x004d37d0,0x0050f930,upstream,1,0
0x004d3810,0x00511940,upstream,1,0
0x004d3920,0x00511940,upstream,1,0
0x004d39a0,,-,1000000000,0
0x004d3a90,,-,1000000000,0
0x004d3ae0,0x00510320,upstream,1,0
0x004d3bf0,0x0050f930,upstream,1,0
0x004d3c30,0x005118a0,upstream,1,0
0x004d3cb0,,-,1000000000,0
0x004d3da0,,-,1000000000,0
0x004d3df0,0x00512e00,upstream,1,0
0x004d3ed0,0x005118a0,upstream,1,0
0x004d3f40,,-,1000000000,0
0x004d4030,,-,1000000000,0
0x004d4080,0x00510320,upstream,1,0
0x004d4130,0x0050f930,upstream,1,0
0x004d4170,0x005118a0,upstream,1,0
0x004d4210,,-,1000000000,0
0x004d4300,,-,1000000000,0
0x004d4350,0x0050f930,upstream,1,1
0x004d4390,0x005118a0,upstream,1,0
0x004d4400,,-,1000000000,0
0x004d44f0,,-,1000000000,0
0x004d4540,0x00510320,upstream,1,0
0x004d4600,0x0050f930,upstream,1,0
0x004d4660,0x005110e0,upstream,3,0
0x004d46a0,0x00512ee0,upstream,3,0
0x004d4750,0x0051e5a0,upstream,1,0
0x004d4820,,-,1000000000,0
0x004d4940,0x00512e00,upstream,1,0
0x004d4af0,0x0050f930,upstream,1,0
0x004d4b80,0x0051e5a0,upstream,1,0
0x004d4c60,,-,1000000000,0
0x004d4d50,,-,1000000000,0
0x004d4db0,0x00510320,upstream,1,0
0x004d4e40,0x0050f930,upstream,1,0
0x004d4ed0,0x0050f930,upstream,1,0
0x004d4f30,0x005110e0,upstream,2,0
0x004d4f70,0x0051e5a0,upstream,3,0
0x004d5020,0x0051e5a0,upstream,1,0
0x004d50e0,,-,1000000000,0
0x004d51e0,0x0050f930,upstream,1,0
0x004d5270,0x0050f930,upstream,1,0
0x004d52b0,,-,1000000000,0
0x004d5390,,-,1000000000,0
0x004d5400,,-,1000000000,0
0x004d5450,0x00511940,upstream,1,0
0x004d54d0,0x00511940,upstream,1,0
0x004d5550,0x00511940,upstream,1,0
0x004d55d0,0x0050f930,upstream,1,0
0x004d5610,0x005118a0,upstream,1,0
0x004d5740,0x00511940,upstream,1,0
0x004d57c0,0x00511940,upstream,1,0
0x004d5840,0x00511940,upstream,1,0
0x004d58c0,,-,1000000000,0
0x004d59b0,,-,1000000000,0
0x004d5a00,0x00510320,upstream,1,0
0x004d5d00,0x0050f930,upstream,1,0
0x004d5d40,0x00511940,upstream,1,0
0x004d5e90,,-,1000000000,0
0x004d5f80,,-,1000000000,0
0x004d5fd0,0x00510320,upstream,1,0
0x004d6150,0x005118a0,upstream,1,0
0x004d61f0,,-,1000000000,0
0x004d62e0,,-,1000000000,0
0x004d6330,0x0050f930,upstream,1,0
0x004d6370,0x00511940,upstream,1,0
0x004d6480,,-,1000000000,0
0x004d6570,,-,1000000000,0
0x004d65c0,0x00510320,upstream,1,0
0x004d66f0,0x005110e0,upstream,2,0
0x004d6730,,-,1000000000,0
0x004d6830,0x00510320,upstream,1,0
0x004d68a0,0x0050f930,upstream,1,0
0x004d6930,0x0050f930,upstream,1,0
0x004d6990,0x005110e0,upstream,3,0
0x004d69d0,0x00512ee0,upstream,3,0
0x004d6a80,0x0051e5a0,upstream,1,0
0x004d6b50,,-,1000000000,0
0x004d6c50,0x0050f930,upstream,1,0
0x004d6ce0,0x0050f930,upstream,1,0
0x004d6d20,0x0051e5a0,upstream,1,0
0x004d6e00,,-,1000000000,0
0x004d6ef0,,-,1000000000,0
0x004d6f40,0x00510320,upstream,1,0
0x004d6fd0,0x0050f930,upstream,1,0
0x004d7060,0x0050f930,upstream,1,0
0x004d70a0,,-,1000000000,0
0x004d7190,,-,1000000000,0
0x004d71e0,0x00510320,upstream,1,0
0x004d72c0,,-,1000000000,0
0x004d7310,0x0050f930,upstream,1,0
0x004d7350,0x005118a0,upstream,1,0
0x004d7410,0x00511940,upstream,1,0
0x004d7490,0x00511940,upstream,1,0
0x004d7510,0x00511940,upstream,1,0
0x004d7590,,-,1000000000,0
0x004d7680,,-,1000000000,0
0x004d76d0,0x00510320,upstream,1,0
0x004d7850,0x005118a0,upstream,1,0
0x004d78f0,,-,1000000000,0
0x004d79e0,,-,1000000000,0
0x004d7a30,0x0050e310,upstream,1,0
0x004d7a90,0x0050f930,upstream,1,0
0x004d7ad0,0x0051e5a0,upstream,1,0
0x004d7be0,,-,1000000000,0
0x004d7cd0,,-,1000000000,0
0x004d7d20,0x00510320,upstream,1,0
0x004d7db0,0x00511940,upstream,1,0
0x004d7e30,0x00511940,upstream,1,0
0x004d7f40,,-,1000000000,0
0x004d8030,,-,1000000000,0
0x004d8080,0x00510320,upstream,1,0
0x004d8190,0x0050f930,upstream,1,0
0x004d81f0,0x005110e0,upstream,3,0
0x004d8230,0x00512ee0,upstream,3,0
0x004d82e0,0x0051e5a0,upstream,1,0
0x004d83b0,,-,1000000000,1
0x004d84c0,0x00510320,upstream,1,0
0x004d8570,0x0050f930,upstream,1,0
0x004d8600,0x0050f930,upstream,1,0
0x004d8640,0x0051e5a0,upstream,1,0
0x004d8720,,-,1000000000,0
0x004d8810,,-,1000000000,0
0x004d8870,0x00510320,upstream,1,0
0x004d8900,0x0050f930,upstream,1,0
0x004d8990,0x0050f930,upstream,1,0
0x004d89d0,0x005118a0,upstream,1,0
0x004d8a50,,-,1000000000,0
0x004d8b40,,-,1000000000,0
0x004d8b90,0x00512e00,upstream,1,0
0x004d8c70,0x0050f930,upstream,1,0
0x004d8cb0,0x005118a0,upstream,1,0
0x004d8d80,0x0051e5a0,upstream,1,0
0x004d8e20,0x00511940,upstream,1,0
0x004d8ea0,,-,1000000000,0
0x004d8f90,,-,1000000000,0
0x004d8ff0,0x00510320,upstream,1,0
0x004d91b0,0x005118a0,upstream,1,0
0x004d9230,,-,1000000000,0
0x004d9320,,-,1000000000,0
0x004d9370,0x00512e00,upstream,1,0
0x004d9450,0x0051e5a0,upstream,1,0
0x004d9580,,-,1000000000,0
0x004d9670,,-,1000000000,0
0x004d96c0,0x00510320,upstream,1,0
0x004d9790,0x005118a0,upstream,1,0
0x004d9830,,-,1000000000,0
0x004d9920,,-,1000000000,0
0x004d9970,0x0050f930,upstream,1,0
0x004d99b0,0x0051e5a0,upstream,1,0
0x004d9a70,,-,1000000000,0
0x004d9b60,,-,1000000000,0
0x004d9bb0,0x00510320,upstream,1,0
0x004d9c40,0x004d9c40,upstream,0,1
0x004d9ca0,0x005110e0,upstream,1,0
0x004d9ce0,0x0051e5a0,upstream,2,0
0x004d9d90,0x0051e5a0,upstream,1,0
0x004d9e40,,-,1000000000,0
0x004d9f40,0x00510320,upstream,1,0
0x004da1b0,0x0050e310,upstream,1,0
0x004da210,0x005110e0,upstream,1,1
0x004da250,,-,1000000000,0
0x004da340,0x00510320,upstream,1,0
0x004da510,0x0050f930,upstream,1,0
0x004da550,0x0051e5a0,upstream,1,0
0x004da690,,-,1000000000,0
0x004da780,,-,1000000000,0
0x004da7d0,0x00510320,upstream,1,0
0x004da8d0,0x0050f930,upstream,1,0
0x004da930,0x005110e0,upstream,3,0
0x004da970,0x00511940,upstream,1,0
0x004da9f0,0x00512ee0,upstream,3,0
0x004daaa0,0x0051e5a0,upstream,1,0
0x004dabb0,,-,1000000000,0
0x004dacc0,0x00512e00,upstream,1,0
0x004daf30,0x0050f930,upstream,1,0
0x004dafc0,0x0051e5a0,upstream,1,0
0x004db0e0,,-,1000000000,0
0x004db1d0,,-,1000000000,0
0x004db230,0x00510320,upstream,1,0
0x004db2c0,0x0050f930,upstream,1,0
0x004db350,0x005110e0,upstream,1,0
0x004db390,,-,1000000000,0
0x004db4a0,,-,1000000000,0
0x004db4f0,0x0050f930,upstream,1,0
0x004db530,0x005118a0,upstream,1,0
0x004db5e0,,-,1000000000,0
0x004db6d0,,-,1000000000,0
0x004db720,0x00510320,upstream,1,0
0x004db7d0,,-,1000000000,0
0x004db810,0x005118a0,upstream,1,0
0x004db8b0,,-,1000000000,0
0x004db9a0,,-,1000000000,0
0x004db9f0,0x0050f930,upstream,1,0
0x004dba30,0x0051e5a0,upstream,1,0
0x004dbb00,,-,1000000000,0
0x004dbbf0,,-,1000000000,0
0x004dbc40,0x00510320,upstream,1,0
0x004dbcb0,0x0050f930,upstream,1,0
0x004dbcf0,0x0051e5a0,upstream,1,0
0x004dbde0,,-,1000000000,0
0x004dbed0,,-,1000000000,0
0x004dbf20,0x00510320,upstream,1,0
0x004dc050,0x005118a0,upstream,1,0
0x004dc110,0x00511940,upstream,1,0
0x004dc190,,-,1000000000,0
0x004dc280,,-,1000000000,0
0x004dc2d0,0x00510320,upstream,1,0
0x004dc3c0,0x0050f930,upstream,1,0
0x004dc400,0x005118a0,upstream,1,0
0x004dc4a0,,-,1000000000,0
0x004dc590,,-,1000000000,0
0x004dc5e0,,-,1000000000,0
0x004dc6d0,,-,1000000000,0
0x004dc7b0,,-,1000000000,0
0x004dc8a0,0x00510320,upstream,1,0
0x004dc940,,-,1000000000,0
0x004dc990,0x0050f930,upstream,1,0
0x004dc9d0,0x0051e5a0,upstream,1,0
0x004dca90,,-,1000000000,0
0x004dcb80,,-,1000000000,0
0x004dcbd0,0x0050f930,upstream,1,0
0x004dcc60,0x0051e5a0,upstream,1,0
0x004dcd40,,-,1000000000,0
0x004dce30,,-,1000000000,0
0x004dce90,0x00510320,upstream,1,0
0x004dcf20,0x0050f930,upstream,1,0
0x004dcfb0,0x005118a0,upstream,1,0
0x004dd070,,-,1000000000,0
0x004dd160,,-,1000000000,0
0x004dd1b0,0x00510320,upstream,1,0
0x004dd360,,-,1000000000,0
0x004dd440,,-,1000000000,0
0x004dd490,0x005118a0,upstream,1,0
0x004dd530,,-,1000000000,0
0x004dd620,,-,1000000000,0
0x004dd670,,-,1000000000,0
0x004dd750,,-,1000000000,0
0x004dd7a0,0x00510320,upstream,1,0
0x004dd810,0x0050f930,upstream,1,0
0x004dd870,0x005110e0,upstream,1,0
0x004dd8b0,0x00513210,upstream,2,0
0x004dd960,0x005118a0,upstream,1,0
0x004dd9c0,,-,1000000000,0
0x004ddac0,0x00510320,upstream,1,0
0x004ddb90,0x0050f930,upstream,1,0
0x004ddbf0,0x005110e0,upstream,2,0
0x004ddc30,0x0051e5a0,upstream,3,0
0x004ddce0,0x0051e5a0,upstream,1,0
0x004ddda0,,-,1000000000,0
0x004ddea0,0x0050f930,upstream,1,0
0x004ddf30,0x0050f930,upstream,1,0
0x004ddf70,0x0051e5a0,upstream,1,0
0x004de040,,-,1000000000,0
0x004de130,,-,1000000000,0
0x004de190,0x00510320,upstream,1,0
0x004de220,0x0050f930,upstream,1,0
0x004de2b0,0x0050f930,upstream,1,0
0x004de2f0,0x005118a0,upstream,1,0
0x004de390,,-,1000000000,0
0x004de480,,-,1000000000,0
0x004de4d0,0x0051e5a0,upstream,1,0
0x004de5a0,,-,1000000000,0
0x004de690,,-,1000000000,0
0x004de6e0,0x00510320,upstream,1,0
0x004de7c0,0x0050f930,upstream,1,0
0x004de800,0x005118a0,upstream,1,0
0x004de950,0x0051e5a0,upstream,1,0
0x004deae0,,-,1000000000,0
0x004deaf0,,-,1000000000,0
0x004deb00,,-,1000000000,0
0x004deb10,,-,1000000000,0
0x004deb20,,-,1000000000,0
0x004deb30,,-,1000000000,0
0x004deb40,,-,1000000000,0
0x004deb50,0x005110e0,upstream,1,0
0x004debd0,0x00511940,upstream,1,0
0x004dec50,,-,1000000000,0
0x004ded50,,-,1000000000,0
0x004dedb0,0x00512e00,upstream,1,0
0x004df460,,-,1000000000,0
0x004df4a0,0x0051e5a0,upstream,1,0
0x004df560,,-,1000000000,0
0x004df650,,-,1000000000,0
0x004df6a0,0x00510320,upstream,1,0
0x004df730,,-,1000000000,0
0x004df780,0x0050f930,upstream,1,0
0x004df7c0,0x0051e5a0,upstream,1,0
0x004df880,,-,1000000000,0
0x004df970,,-,1000000000,0
0x004df9c0,0x0050f930,upstream,1,0
0x004dfa50,0x0050f930,upstream,1,0
0x004dfa90,0x0051e5a0,upstream,1,0
0x004dfb70,,-,1000000000,0
0x004dfc60,,-,1000000000,0
0x004dfcc0,0x00510320,upstream,1,0
0x004dfd50,0x0050f930,upstream,1,0
0x004dfde0,0x0050e310,upstream,1,0
0x004dfe40,0x0050e310,upstream,1,0
0x004dfea0,0x0050f930,upstream,1,0
0x004dfee0,,-,1000000000,0
0x004dffc0,0x00510320,upstream,1,0
0x004e0130,,-,1000000000,0
0x004e0180,0x0050f930,upstream,1,0
0x004e01c0,0x005118a0,upstream,1,0
0x004e0290,,-,1000000000,0
0x004e0380,,-,1000000000,0
0x004e03d0,0x00510320,upstream,1,0
0x004e0490,0x005118a0,upstream,1,0
0x004e0560,,-,1000000000,0
0x004e0650,,-,1000000000,0
0x004e06a0,0x00510320,upstream,1,0
0x004e0780,0x005118a0,upstream,1,0
0x004e0860,,-,1000000000,0
0x004e0950,,-,1000000000,0
0x004e09a0,0x00510320,upstream,1,0
0x004e0b30,0x0050f930,upstream,1,0
0x004e0b70,0x005118a0,upstream,1,0
0x004e0ca0,,-,1000000000,0
0x004e0d90,,-,1000000000,0
0x004e0de0,0x00510320,upstream,1,0
0x004e1320,0x0050f930,upstream,1,0
0x004e1360,0x005118a0,upstream,1,0
0x004e13d0,,-,1000000000,0
0x004e14c0,,-,1000000000,0
0x004e1540,,-,1000000000,0
0x004e15a0,0x005110e0,upstream,2,0
0x004e15e0,0x0051e5a0,upstream,3,0
0x004e1690,0x0051e5a0,upstream,1,0
0x004e1750,,-,1000000000,0
0x004e1860,0x00510320,upstream,1,0
0x004e18e0,0x0050f930,upstream,1,0
0x004e1970,0x0050f930,upstream,1,0
0x004e19b0,0x0051e5a0,upstream,1,0
0x004e1a80,,-,1000000000,0
0x004e1b70,,-,1000000000,0
0x004e1bd0,0x00510320,upstream,1,0
0x004e1c60,0x0050f930,upstream,1,0
0x004e1cf0,0x0050e310,upstream,1,0
0x004e1d50,0x0050f930,upstream,1,0
0x004e1d90,0x005118a0,upstream,1,0
0x004e1e80,0x00511940,upstream,1,0
0x004e1f00,0x00511940,upstream,1,0
0x004e1f80,,-,1000000000,0
0x004e2070,,-,1000000000,0
0x004e20c0,0x00510320,upstream,1,0
0x004e2400,0x0050f930,upstream,1,0
0x004e2440,0x0051e5a0,upstream,1,0
0x004e2500,,-,1000000000,0
0x004e25f0,,-,1000000000,0
0x004e2640,0x0050f930,upstream,1,0
0x004e26d0,0x0051e5a0,upstream,1,0
0x004e27b0,,-,1000000000,0
0x004e28a0,,-,1000000000,0
0x004e2900,0x00510320,upstream,1,0
0x004e2990,0x0050f930,upstream,1,0
0x004e2a20,0x005118a0,upstream,1,0
0x004e2ac0,,-,1000000000,0
0x004e2bb0,,-,1000000000,0
0x004e2c00,0x0050f930,upstream,1,0
0x004e2c40,0x005118a0,upstream,1,0
0x004e2d40,,-,1000000000,0
0x004e2e40,,-,1000000000,0
0x004e2e90,0x00510320,upstream,1,0
0x004e3140,0x0050e310,upstream,1,0
0x004e31a0,0x0050f930,upstream,1,0
0x004e31e0,0x0051e5a0,upstream,1,0
0x004e32b0,,-,1000000000,0
0x004e33a0,,-,1000000000,0
0x004e33f0,0x00510320,upstream,1,0
0x004e3500,0x005118a0,upstream,1,0
0x004e35c0,0x00511940,upstream,1,0
0x004e3640,,-,1000000000,0
0x004e3730,,-,1000000000,0
0x004e3780,0x00510320,upstream,1,0
0x004e3930,0x005118a0,upstream,1,0
0x004e39b0,,-,1000000000,0
0x004e3aa0,,-,1000000000,0
0x004e3af0,0x00512e00,upstream,1,0
0x004e3bd0,0x0051e5a0,upstream,1,0
0x004e3cf0,,-,1000000000,0
0x004e3de0,,-,1000000000,0
0x004e3e30,0x0050f930,upstream,1,0
0x004e40d0,0x0050f930,upstream,1,0
0x004e4110,0x005118a0,upstream,1,0
0x004e4180,,-,1000000000,0
0x004e4270,,-,1000000000,0
0x004e42c0,0x00510320,upstream,1,0
0x004e4380,0x005118a0,upstream,1,0
0x004e4420,,-,1000000000,0
0x004e4510,,-,1000000000,0
0x004e4560,0x005118a0,upstream,1,0
0x004e4600,,-,1000000000,0
0x004e46f0,,-,1000000000,0
0x004e4740,0x005118a0,upstream,1,0
0x004e47e0,,-,1000000000,0
0x004e48d0,,-,1000000000,0
0x004e4920,0x0050f930,upstream,1,0
0x004e4960,0x005118a0,upstream,1,0
0x004e4a00,,-,1000000000,0
0x004e4ae0,,-,1000000000,0
0x004e4b30,0x005118a0,upstream,1,0
0x004e4bd0,,-,1000000000,0
0x004e4cc0,,-,1000000000,0
0x004e4d10,0x0050f930,upstream,1,0
0x004e4d50,0x005118a0,upstream,1,0
0x004e4df0,,-,1000000000,0
0x004e4ed0,,-,1000000000,0
0x004e4f20,0x005118a0,upstream,1,0
0x004e4fc0,,-,1000000000,0
0x004e50b0,,-,1000000000,0
0x004e5100,0x0050f930,upstream,1,0
0x004e5140,0x005118a0,upstream,1,0
0x004e51c0,,-,1000000000,0
0x004e52b0,,-,1000000000,0
0x004e5300,0x00512e00,upstream,1,0
0x004e53e0,0x005118a0,upstream,1,0
0x004e5460,,-,1000000000,0
0x004e5550,,-,1000000000,0
0x004e55a0,0x00512e00,upstream,1,0
0x004e5680,0x005118a0,upstream,1,0
0x004e5720,,-,1000000000,0
0x004e5810,,-,1000000000,0
0x004e5860,0x0050f930,upstream,1,0
0x004e58a0,0x005118a0,upstream,1,0
0x004e5920,,-,1000000000,0
0x004e5a10,,-,1000000000,0
0x004e5a60,0x00512e00,upstream,1,0
0x004e5b40,0x0050f930,upstream,1,0
0x004e5b80,0x005118a0,upstream,1,0
0x004e5c00,,-,1000000000,0
0x004e5cf0,,-,1000000000,0
0x004e5d40,0x00512e00,upstream,1,0
0x004e5e20,0x0050f930,upstream,1,0
0x004e5e60,0x005118a0,upstream,1,0
0x004e5f00,,-,1000000000,0
0x004e5ff0,,-,1000000000,0
0x004e6040,0x0050f930,upstream,1,0
0x004e6080,0x005118a0,upstream,1,0
0x004e6100,,-,1000000000,0
0x004e61f0,,-,1000000000,0
0x004e6240,0x00512e00,upstream,1,0
0x004e6320,0x005118a0,upstream,1,0
0x004e63c0,,-,1000000000,0
0x004e64b0,,-,1000000000,0
0x004e6500,0x005118a0,upstream,1,0
0x004e6580,,-,1000000000,0
0x004e6670,,-,1000000000,0
0x004e66c0,0x00512e00,upstream,1,0
0x004e67a0,0x0050f930,upstream,1,0
0x004e67e0,0x005118a0,upstream,1,0
0x004e6860,,-,1000000000,0
0x004e6950,,-,1000000000,0
0x004e69a0,0x00512e00,upstream,1,0
0x004e6a80,0x005118a0,upstream,1,0
0x004e6b00,,-,1000000000,0
0x004e6bf0,,-,1000000000,0
0x004e6c40,0x00512e00,upstream,1,0
0x004e6d20,0x005118a0,upstream,1,0
0x004e6da0,,-,1000000000,0
0x004e6e90,,-,1000000000,0
0x004e6ee0,0x00512e00,upstream,1,0
0x004e6fc0,0x0050f930,upstream,1,0
0x004e7000,0x005118a0,upstream,1,0
0x004e7080,,-,1000000000,0
0x004e7170,,-,1000000000,0
0x004e71c0,0x00512e00,upstream,1,0
0x004e72a0,0x005118a0,upstream,1,0
0x004e7320,,-,1000000000,0
0x004e7410,,-,1000000000,0
0x004e7460,0x00512e00,upstream,1,0
0x004e7540,0x005118a0,upstream,1,0
0x004e75c0,,-,1000000000,0
0x004e76b0,,-,1000000000,0
0x004e7700,0x00512e00,upstream,1,0
0x004e77e0,0x005118a0,upstream,1,0
0x004e7880,,-,1000000000,0
0x004e7970,,-,1000000000,0
0x004e79c0,0x0050f930,upstream,1,0
0x004e7a00,0x005118a0,upstream,1,0
0x004e7aa0,,-,1000000000,0
0x004e7b90,,-,1000000000,0
0x004e7be0,0x0050f930,upstream,1,0
0x004e7c20,0x0051e5a0,upstream,1,0
0x004e7d20,,-,1000000000,0
0x004e7e10,,-,1000000000,0
0x004e7e60,0x00510320,upstream,1,0
0x004e7f50,,-,1000000000,0
0x004e8030,,-,1000000000,0
0x004e8090,0x0050f930,upstream,1,0
0x004e80d0,0x005118a0,upstream,1,0
0x004e8170,,-,1000000000,0
0x004e8260,,-,1000000000,0
0x004e82b0,,-,1000000000,0
0x004e83a0,,-,1000000000,0
0x004e83f0,0x00510320,upstream,1,0
0x004e8500,,-,1000000000,0
0x004e85f0,,-,1000000000,0
0x004e8640,0x00510320,upstream,1,0
0x004e8710,0x0050f930,upstream,1,0
0x004e87d0,0x0050f930,upstream,1,0
0x004e8830,0x005110e0,upstream,2,0
0x004e8870,0x0051e5a0,upstream,3,0
0x004e8920,0x0051e5a0,upstream,1,0
0x004e89e0,,-,1000000000,0
0x004e8ae0,0x0050f930,upstream,1,0
0x004e8b70,0x0050f930,upstream,1,0
0x004e8bb0,0x0051e5a0,upstream,1,0
0x004e8c80,,-,1000000000,0
0x004e8d70,,-,1000000000,0
0x004e8dd0,0x00510320,upstream,1,0
0x004e8e60,0x0050f930,upstream,1,0
0x004e8ef0,0x005118a0,upstream,1,0
0x004e8f80,,-,1000000000,0
0x004e9070,,-,1000000000,0
0x004e90f0,,-,1000000000,0
0x004e9140,0x00511940,upstream,1,0
0x004e9250,,-,1000000000,0
0x004e9340,,-,1000000000,0
0x004e9390,0x00510320,upstream,1,0
0x004e94a0,0x0050f930,upstream,1,0
0x004e9500,0x005110e0,upstream,2,0
0x004e9540,0x0051e5a0,upstream,3,0
0x004e95f0,0x0051e5a0,upstream,1,0
0x004e96b0,,-,1000000000,0
0x004e97b0,0x0050f930,upstream,1,0
0x004e9840,0x0050f930,upstream,1,0
0x004e9880,0x0051e5a0,upstream,1,0
0x004e9950,,-,1000000000,0
0x004e9a40,,-,1000000000,0
0x004e9aa0,0x00510320,upstream,1,0
0x004e9b30,0x0050f930,upstream,1,0
0x004e9bc0,0x0050e310,upstream,1,0
0x004e9c20,0x0050e310,upstream,1,0
0x004e9c80,0x0050e310,upstream,1,0
0x004e9ce0,0x0050f930,upstream,1,0
0x004e9d20,0x00511940,upstream,1,0
0x004e9e30,,-,1000000000,0
0x004e9f30,0x00510320,upstream,1,0
0x004ea110,0x0050f930,upstream,1,0
0x004ea150,0x00511940,upstream,1,0
0x004ea220,,-,1000000000,0
0x004ea310,,-,1000000000,0
0x004ea360,0x00510320,upstream,1,0
0x004ea440,0x0051e5a0,upstream,1,0
0x004ea540,,-,1000000000,0
0x004ea630,,-,1000000000,0
0x004ea680,0x00510320,upstream,1,0
0x004ea780,,-,1000000000,0
0x004ea7d0,0x0050f930,upstream,1,0
0x004ea810,0x0051e5a0,upstream,1,0
0x004ea930,,-,1000000000,0
0x004eaa30,0x00510320,upstream,1,0
0x004eab70,0x0050e310,upstream,1,0
0x004eabd0,0x00511940,upstream,1,0
0x004eace0,,-,1000000000,0
0x004eadd0,,-,1000000000,0
0x004eae20,0x00510320,upstream,1,0
0x004eafb0,0x005118a0,upstream,1,0
0x004eb080,0x00511940,upstream,1,0
0x004eb120,,-,1000000000,0
0x004eb220,0x00510320,upstream,1,0
0x004eb410,0x005118a0,upstream,1,0
0x004eb490,,-,1000000000,0
0x004eb5b0,0x0051e5a0,upstream,1,0
0x004eb6e0,,-,1000000000,0
0x004eb7e0,0x00510320,upstream,1,0
0x004eb8f0,0x0051e5a0,upstream,1,0
0x004eb9e0,,-,1000000000,0
0x004ebae0,0x00510320,upstream,1,0
0x004ebbb0,0x0050f930,upstream,1,0
0x004ebbf0,0x00511940,upstream,1,0
0x004ebd50,,-,1000000000,0
0x004ebe50,0x00510320,upstream,1,0
0x004ec0b0,0x005118a0,upstream,1,0
0x004ec130,,-,1000000000,0
0x004ec2b0,,-,1000000000,0
0x004ec3a0,,-,1000000000,0
0x004ec3f0,0x00510320,upstream,1,0
0x004ec460,0x0051e5a0,upstream,1,0
0x004ec530,,-,1000000000,0
0x004ec620,0x0050f930,upstream,1,0
0x004ec660,0x005118a0,upstream,1,0
0x004ec720,,-,1000000000,0
0x004ec810,0x00510320,upstream,1,0
0x004ec9a0,,-,1000000000,0
0x004ecb10,,-,1000000000,0
0x004ecb20,0x0051e5a0,upstream,2,0
0x004ecbf0,0x0051e5a0,upstream,1,0
0x004eccf0,0x0050e310,upstream,1,0
0x004ecd40,,-,1000000000,0
0x004ecd50,,-,1000000000,0
0x004ecdb0,,-,1000000000,0
0x004ece70,0x004d9c40,upstream,1,0
0x004ecec0,0x004d9c40,upstream,1,0
0x004ed3a0,,-,1000000000,0
0x004ed3b0,,-,1000000000,0
0x004ed3c0,0x0051e5a0,upstream,1,0
0x004ed5c0,0x0051e5a0,upstream,1,0
0x004eddc0,0x004f2100,upstream,4,0
0x004ede20,0x0051e5a0,upstream,1,0
0x004ee4e0,0x00513210,upstream,1,0
0x004ee5c0,0x0051e5a0,upstream,2,0
0x004ee640,,-,1000000000,0
0x004ee6d0,0x0051e5a0,upstream,1,0
0x004eed30,,-,1000000000,0
0x004eed40,,-,1000000000,0
0x004eed80,,-,1000000000,0
0x004eee20,,-,1000000000,0
0x004eeea0,,-,1000000000,0
0x004eef10,,-,1000000000,0
0x004eef80,,-,1000000000,0
0x004eeff0,,-,1000000000,0
0x004ef040,,-,1000000000,0
0x004ef090,,-,1000000000,0
0x004ef0d0,,-,1000000000,0
0x004ef0e0,,-,1000000000,0
0x004ef170,,-,1000000000,0
0x004ef1d0,0x00429068,upstream,2,0
0x004ef290,0x00504220,upstream,1,0
0x004ef340,0x0051e5a0,upstream,2,0
0x004ef390,0x004ef390,upstream,0,1
0x004ef3d0,,-,1000000000,0
0x004ef3e0,,-,1000000000,0
0x004ef3f0,0x004f2100,upstream,1,0
0x004ef450,0x004f2210,upstream,1,0
0x004ef520,,-,1000000000,0
0x004ef5a0,0x004f2210,upstream,1,0
0x004ef6e0,0x004f2100,upstream,1,0
0x004efbe0,0x00513210,upstream,1,0
0x004efdc0,0x004f2210,upstream,1,0
0x004eff50,0x00429068,upstream,4,0
0x004f00b0,0x00429068,upstream,1,0
0x004f0690,,-,1000000000,0
0x004f0710,,-,1000000000,0
0x004f0770,0x00429068,upstream,2,0
0x004f07c0,0x00504220,upstream,1,0
0x004f0850,0x0051e5a0,upstream,2,0
0x004f08a0,,-,1000000000,0
0x004f1770,0x00429068,upstream,2,0
0x004f1850,0x0051e5a0,upstream,1,0
0x004f1b10,0x0051e5a0,upstream,1,0
0x004f1df0,0x0051e5a0,upstream,2,0
0x004f1e40,0x00428df8,upstream,1,0
0x004f1f20,0x00513f30,upstream,1,0
0x004f2060,0x00512ee0,upstream,1,0
0x004f2100,0x004f2100,upstream,0,0
0x004f2210,0x004f2210,upstream,0,1
0x004f2290,0x004f2210,upstream,1,0
0x004f2380,0x004f2210,upstream,1,0
0x004f2420,,-,1000000000,0
0x004f24a0,,-,1000000000,0
0x004f25a0,0x004f2210,upstream,1,0
0x004f2600,,-,1000000000,0
0x004f2690,0x004f2210,upstream,1,0
0x004f2770,0x004f2210,upstream,1,0
0x004f2800,,-,1000000000,0
0x004f28b0,,-,1000000000,1
0x004f2930,,-,1000000000,0
0x004f2a20,,-,1000000000,0
0x004f2b10,0x00513f30,upstream,1,0
0x004f2c50,0x004f2210,upstream,1,0
0x004f2cf0,0x00513210,upstream,1,0
0x004f2e40,0x00513210,upstream,1,0
0x004f3250,,-,1000000000,0
0x004f3340,0x00513210,upstream,2,0
0x004f33e0,0x0051e5a0,upstream,1,0
0x004f3490,,-,1000000000,0
0x004f35d0,0x0051e5a0,upstream,2,0
0x004f3610,,-,1000000000,0
0x004f3790,0x00511940,upstream,2,0
0x004f3850,,-,1000000000,0
0x004f3890,,-,1000000000,0
0x004f3910,0x00512ee0,upstream,1,0
0x004f3bf0,0x0051e5a0,upstream,2,0
0x004f3c30,0x00511940,upstream,1,0
0x004f3d10,0x00513f30,upstream,1,0
0x004f3d50,,-,1000000000,0
0x004f3d70,,-,1000000000,0
0x004f3db0,,-,1000000000,0
0x004f3e60,,-,1000000000,0
0x004f3ed0,0x00513210,upstream,2,0
0x004f3fd0,0x0051e5a0,upstream,2,0
0x004f4060,0x00513210,upstream,1,0
0x004f4250,0x00513210,upstream,1,0
0x004f4430,0x00513210,upstream,1,0
0x004f45a0,0x0051e5a0,upstream,2,0
0x004f45e0,0x00512ee0,upstream,1,0
0x004f4640,,-,1000000000,0
0x004f4650,,-,1000000000,0
0x004f4710,0x0051e5a0,upstream,1,0
0x004f47b0,,-,1000000000,0
0x004f4850,,-,1000000000,0
0x004f4860,,-,1000000000,0
0x004f4920,0x00504220,upstream,1,0
0x004f49c0,,-,1000000000,0
0x004f4a00,0x00513210,upstream,1,0
0x004f4b80,,-,1000000000,0
0x004f4bb0,,-,1000000000,0
0x004f4bd0,,-,1000000000,0
0x004f4c00,0x0051e5a0,upstream,1,0
0x004f51b0,0x0051e5a0,upstream,1,0
0x004f54d0,0x00513210,upstream,1,0
0x004f5690,0x0051e5a0,upstream,1,0
0x004f5be0,0x00511940,upstream,1,0
0x004f5c60,0x00429068,upstream,2,0
0x004f5cc0,,-,1000000000,0
0x004f5cd0,,-,1000000000,0
0x004f5da0,0x00511940,upstream,1,0
0x004f5e90,0x004ba240,upstream,1,0
0x004f5ee0,0x00513210,upstream,1,0
0x004f6000,,-,1000000000,0
0x004f6010,0x00429068,upstream,1,0
0x004f60d0,0x00429068,upstream,1,0
0x004f6180,0x00429068,upstream,2,0
0x004f61b0,0x00429068,upstream,2,0
0x004f61e0,0x00429068,upstream,2,0
0x004f6210,,-,1000000000,0
0x004f62f0,,-,1000000000,0
0x004f6390,0x00511940,upstream,1,0
0x004f6580,0x00429068,upstream,1,0
0x004f6710,0x00513210,upstream,1,0
0x004f6830,0x00513210,upstream,1,0
0x004f69c0,,-,1000000000,0
0x004f6a20,0x00429068,upstream,1,0
0x004f6a80,0x00513210,upstream,1,0
0x004f6b20,0x00513210,upstream,1,0
0x004f6bd0,0x00429068,upstream,1,0
0x004f6c90,0x00511940,upstream,1,0
0x004f6f90,0x00511940,upstream,1,0
0x004f7150,0x00513210,upstream,2,0
0x004f71e0,,-,1000000000,0
0x004f7250,0x00513210,upstream,1,0
0x004f74f0,0x0042f3a0,upstream,1,0
0x004f7590,,-,1000000000,0
0x004f75e0,,-,1000000000,0
0x004f7660,,-,1000000000,0
0x004f76c0,0x0050f930,upstream,2,0
0x004f7710,0x00511940,upstream,1,0
0x004f77d0,0x0050f930,upstream,2,0
0x004f7830,0x00511940,upstream,1,0
0x004f7980,0x0050f930,upstream,2,0
0x004f79f0,0x00511940,upstream,1,0
0x004f7b80,,-,1000000000,0
0x004f7c00,,-,1000000000,0
0x004f7c70,,-,1000000000,1
0x004f7cc0,0x00504220,upstream,1,0
0x004f7d50,0x0051e5a0,upstream,2,0
0x004f7e20,0x0050f930,upstream,2,0
0x004f7e80,,-,1000000000,0
0x004f7e90,,-,1000000000,0
0x004f7ea0,,-,1000000000,0
0x004f7eb0,0x004f2100,upstream,3,0
0x004f7f40,0x004f2100,upstream,3,0
0x004f7fd0,0x004f2100,upstream,1,0
0x004f8150,0x004f2210,upstream,1,0
0x004f8230,0x004f2210,upstream,1,0
0x004f82c0,0x004f2100,upstream,1,0
0x004f92e0,,-,1000000000,0
0x004f9ff0,0x00428998,upstream,1,0
0x004fa3d0,0x00428df8,upstream,1,0
0x004fa720,,-,1000000000,0
0x004fa820,,-,1000000000,0
0x004fa940,0x00428df8,upstream,1,0
0x004facd0,0x004f2210,upstream,1,0
0x004fae20,0x00429068,upstream,1,0
0x004fc100,,-,1000000000,0
0x004fc150,,-,1000000000,0
0x004fc1a0,,-,1000000000,0
0x004fc1f0,,-,1000000000,0
0x004fc240,,-,1000000000,0
0x004fc360,,-,1000000000,0
0x004fc540,0x00429068,upstream,1,0
0x004fc6b0,,-,1000000000,0
0x004fc7b0,0x00513210,upstream,1,0
0x004fcc70,,-,1000000000,0
0x004fcca0,0x004287e0,upstream,1,0
0x004fccd0,,-,1000000000,0
0x004fcd80,,-,1000000000,0
0x004fce30,,-,1000000000,0
0x004fce80,,-,1000000000,0
0x004fce90,,-,1000000000,0
0x004fcee0,,-,1000000000,0
0x004fcf10,,-,1000000000,0
0x004fcf30,,-,1000000000,0
0x004fcf80,,-,1000000000,0
0x004fcfa0,,-,1000000000,0
0x004fcff0,,-,1000000000,0
0x004fd010,,-,1000000000,0
0x004fd050,,-,1000000000,0
0x004fd0d0,0x0051e5a0,upstream,1,0
0x004fd1d0,0x0051e5a0,upstream,1,0
0x004fd270,0x00511940,upstream,1,0
0x004fd2f0,0x00513210,upstream,1,0
0x004fd470,0x00513f30,upstream,1,0
0x004fd6d0,0x0051e5a0,upstream,3,0
0x004fd700,,-,1000000000,0
0x004fd740,,-,1000000000,0
0x004fd7a0,,-,1000000000,0
0x004fd810,0x0051e5a0,upstream,1,0
0x004fda80,0x0051e5a0,upstream,1,0
0x004fdb50,0x0051e5a0,upstream,1,0
0x004fdc50,,-,1000000000,0
0x004fdc60,,-,1000000000,0
0x004fdcc0,,-,1000000000,0
0x004fdd20,0x0051e5a0,upstream,1,0
0x004fde70,0x00511940,upstream,1,0
0x004fdf30,0x0051e5a0,upstream,2,0
0x004fdf60,0x00429068,upstream,1,0
0x004fe0a0,0x0051e5a0,upstream,1,0
0x004fe150,,-,1000000000,0
0x004fe200,0x00504220,upstream,1,0
0x004fe2b0,,-,1000000000,1
0x004fe2f0,0x0051e5a0,upstream,1,0
0x004fe3f0,0x00513210,upstream,1,0
0x004fe4b0,,-,1000000000,0
0x004fe510,0x00511940,upstream,1,0
0x004fe760,0x00511940,upstream,1,0
0x004fe7e0,0x0051e5a0,upstream,1,0
0x004fe8e0,0x00511940,upstream,1,0
0x004fea00,0x00511940,upstream,1,0
0x004feb40,,-,1000000000,0
0x004febd0,,-,1000000000,0
0x004fec60,0x00511940,upstream,1,0
0x004ff170,0x00429068,upstream,1,0
0x004ff3b0,0x00511940,upstream,1,0
0x004ff600,0x00429068,upstream,1,0
0x004ff7d0,0x00510320,upstream,2,0
0x004ff8c0,,-,1000000000,0
0x004ff960,0x00428998,upstream,1,0
0x004ffaa0,,-,1000000000,0
0x004ffc80,0x00511940,upstream,2,0
0x004ffcc0,,-,1000000000,0
0x004ffd70,0x0051e5a0,upstream,3,0
0x004ffdd0,0x00511940,upstream,1,0
0x00500110,0x00511940,upstream,1,0
0x00500230,0x00511940,upstream,1,0
0x00500460,,-,1000000000,0
0x00500510,0x00513f30,upstream,1,0
0x005010b0,0x00429068,upstream,1,0
0x00501190,,-,1000000000,0
0x00501260,0x00512ee0,upstream,1,0
0x00501510,0x00511940,upstream,1,0
0x00501900,,-,1000000000,0
0x005019d0,,-,1000000000,0
0x00501a20,0x00513f30,upstream,1,0
0x00501c70,0x00511940,upstream,1,0
0x00501d90,0x00511940,upstream,1,0
0x00502160,0x00512ee0,upstream,1,0
0x00502370,0x00512ee0,upstream,1,0
0x00502500,0x00511940,upstream,2,0
0x00502530,0x00511940,upstream,1,0
0x00502690,0x00511940,upstream,1,0
0x00502790,0x00511940,upstream,1,0
0x005028a0,0x0051e5a0,upstream,1,0
0x00502c30,0x00511940,upstream,2,0
0x00502c70,,-,1000000000,0
0x00502d20,,-,1000000000,0
0x00502da0,0x0051e5a0,upstream,2,0
0x005032a0,,-,1000000000,0
0x005032e0,0x00511940,upstream,2,0
0x00503350,0x00512ee0,upstream,1,0
0x005035b0,,-,1000000000,0
0x005036b0,,-,1000000000,0
0x00503740,0x00512ee0,upstream,1,0
0x00503830,0x0050fe00,upstream,1,0
0x005038a0,,-,1000000000,0
0x00503920,,-,1000000000,0
0x005039d0,0x00504220,upstream,1,0
0x00503a70,0x0051e5a0,upstream,2,0
0x00503ab0,0x00503ab0,upstream,0,1
0x00503af0,0x00513210,upstream,1,0
0x00503b50,0x00513210,upstream,1,0
0x00503bb0,0x00428998,upstream,1,0
0x00503ca0,0x0051e5a0,upstream,1,0
0x00503d80,,-,1000000000,0
0x00503db0,0x00428998,upstream,2,0
0x00503e70,,-,1000000000,0
0x00503ec0,0x00511940,upstream,1,0
0x00503f40,,-,1000000000,0
0x00503fb0,0x00428998,upstream,2,1
0x00504040,0x00504040,upstream,0,1
0x005040d0,,-,1000000000,0
0x00504130,,-,1000000000,0
0x00504170,0x00504170,upstream,0,1
0x00504220,0x00504220,upstream,0,1
0x00504230,,-,1000000000,0
0x00504240,,-,1000000000,0
0x00504250,,-,1000000000,0
0x00504260,0x004f2100,upstream,1,0
0x00504300,0x004f2210,upstream,1,0
0x005043c0,,-,1000000000,0
0x00504400,0x004f2210,upstream,1,0
0x00504460,,-,1000000000,0
0x00504640,,-,1000000000,0
0x00504880,0x004f2100,upstream,1,0
0x00504b30,0x004f2210,upstream,1,0
0x00504c60,,-,1000000000,0
0x00504d20,0x00504220,upstream,1,0
0x00504dc0,,-,1000000000,0
0x00504e00,,-,1000000000,0
0x00504eb0,0x00511940,upstream,1,0
0x00504f20,,-,1000000000,0
0x00504f90,,-,1000000000,0
0x00504fa0,0x0051e5a0,upstream,1,0
0x00505410,0x00511940,upstream,1,0
0x005054d0,0x00428df8,upstream,1,0
0x00505730,,-,1000000000,0
0x005057c0,0x004287e0,upstream,1,0
0x00505990,0x004287e0,upstream,1,0
0x00505b40,0x00429068,upstream,1,0
0x00505e10,0x004287e0,upstream,1,0
0x00505fe0,,-,1000000000,0
0x00506110,0x00429068,upstream,1,0
0x005063c0,,-,1000000000,0
0x00506400,,-,1000000000,0
0x00506420,,-,1000000000,0
0x00506440,,-,1000000000,0
0x00506470,,-,1000000000,0
0x005064a0,,-,1000000000,0
0x00506520,,-,1000000000,0
0x005065b0,,-,1000000000,0
0x005065c0,,-,1000000000,0
0x00506610,,-,1000000000,0
0x00506620,,-,1000000000,0
0x00506660,,-,1000000000,0
0x00506670,,-,1000000000,0
0x005066e0,0x00429068,upstream,1,0
0x00506730,,-,1000000000,0
0x00506770,0x00511940,upstream,1,0
0x00507560,,-,1000000000,0
0x005075d0,,-,1000000000,0
0x00507640,,-,1000000000,0
0x00507810,0x00512ee0,upstream,1,0
0x00507b50,0x00513f30,upstream,1,0
0x00507f10,0x004287e0,upstream,1,0
0x00508210,0x00508930,upstream,1,0
0x00508240,0x00511940,upstream,1,0
0x00508290,0x00513f30,upstream,1,0
0x00508350,0x0051e5a0,upstream,2,0
0x005083c0,0x0051e5a0,upstream,2,0
0x00508410,0x0051e5a0,upstream,3,0
0x00508510,0x00428df8,upstream,1,0
0x00508830,,-,1000000000,0
0x00508840,,-,1000000000,0
0x005088b0,,-,1000000000,0
0x005088c0,0x00511940,upstream,1,0
0x00508930,0x00508930,upstream,0,1
0x00508950,,-,1000000000,0
0x00508a00,,-,1000000000,0
0x00508a90,,-,1000000000,0
0x00508bc0,,-,1000000000,0
0x00508c50,,-,1000000000,0
0x00508e40,0x00429068,upstream,1,0
0x00508ec0,0x00511940,upstream,1,0
0x00508f00,,-,1000000000,0
0x00508f90,,-,1000000000,0
0x005090a0,,-,1000000000,0
0x005091a0,,-,1000000000,0
0x005092a0,,-,1000000000,0
0x005093b0,,-,1000000000,0
0x005094b0,,-,1000000000,0
0x00509640,,-,1000000000,0
0x005097b0,0x00429068,upstream,1,0
0x005098c0,0x00429068,upstream,1,0
0x005099c0,,-,1000000000,0
0x00509b20,,-,1000000000,0
0x00509c60,,-,1000000000,0
0x00509da0,,-,1000000000,0
0x00509ea0,,-,1000000000,0
0x00509f60,0x00428998,upstream,2,0
0x0050a010,,-,1000000000,0
0x0050a0a0,0x00428998,upstream,1,0
0x0050a110,,-,1000000000,0
0x0050a190,,-,1000000000,0
0x0050a1e0,0x00428998,upstream,1,0
0x0050a280,,-,1000000000,0
0x0050a2a0,,-,1000000000,0
0x0050a2e0,0x00428df8,upstream,1,0
0x0050a380,0x00511940,upstream,1,0
0x0050a440,0x00428998,upstream,1,0
0x0050a4a0,0x004ba240,upstream,1,0
0x0050a530,0x00428df8,upstream,1,0
0x0050a740,,-,1000000000,0
0x0050a810,0x0051e5a0,upstream,1,0
0x0050b170,0x00511940,upstream,2,0
0x0050b270,0x0051e5a0,upstream,1,0
0x0050c050,0x00429068,upstream,4,0
0x0050c210,0x004f2100,upstream,4,0
0x0050c320,0x004f2100,upstream,4,0
0x0050c470,0x004f2100,upstream,4,0
0x0050c5a0,0x004f2100,upstream,4,0
0x0050c6b0,0x004f2100,upstream,4,0
0x0050c800,0x004f2100,upstream,4,0
0x0050c930,,-,1000000000,0
0x0050cae0,0x00512ee0,upstream,1,0
0x0050cec0,0x00429068,upstream,5,0
0x0050cfb0,,-,1000000000,0
0x0050cfc0,,-,1000000000,0
0x0050d020,,-,1000000000,0
0x0050d090,,-,1000000000,0
0x0050d130,0x00429068,upstream,6,0
0x0050d1f0,0x00512ee0,upstream,1,0
0x0050d310,,-,1000000000,0
0x0050d340,0x00513210,upstream,1,0
0x0050d3d0,0x00512ee0,upstream,2,0
0x0050d430,0x00512ee0,upstream,1,0
0x0050d4e0,0x00512ee0,upstream,1,0
0x0050d5b0,0x00512ee0,upstream,2,0
0x0050d640,0x00512ee0,upstream,1,0
0x0050d7f0,0x00512ee0,upstream,2,0
0x0050d890,0x00512ee0,upstream,1,0
0x0050d990,0x00512ee0,upstream,1,0
0x0050da70,0x00512ee0,upstream,1,0
0x0050db60,0x00511940,upstream,1,0
0x0050dcb0,0x00512ee0,upstream,1,0
0x0050de40,0x00512ee0,upstream,1,0
0x0050df60,,-,1000000000,0
0x0050e040,,-,1000000000,0
0x0050e110,0x0051e5a0,upstream,3,0
0x0050e180,0x0051e5a0,upstream,1,0
0x0050e290,,-,1000000000,0
0x0050e310,0x0050e310,upstream,0,0
0x0050e600,0x0051e5a0,upstream,1,0
0x0050e720,0x0051e5a0,upstream,1,0
0x0050e810,0x00513210,upstream,2,0
0x0050e8a0,0x004287e0,upstream,1,0
0x0050e8f0,0x0051e5a0,upstream,1,0
0x0050e960,,-,1000000000,0
0x0050ea30,,-,1000000000,1
0x0050eac0,,-,1000000000,0
0x0050eb00,,-,1000000000,0
0x0050eb50,,-,1000000000,0
0x0050eb90,,-,1000000000,0
0x0050ebd0,0x004287e0,upstream,1,0
0x0050ec40,0x004287e0,upstream,1,0
0x0050edb0,,-,1000000000,0
0x0050edc0,,-,1000000000,0
0x0050edd0,,-,1000000000,0
0x0050ee90,0x0051e5a0,upstream,1,0
0x0050f370,,-,1000000000,0
0x0050f380,,-,1000000000,0
0x0050f390,,-,1000000000,0
0x0050f420,,-,1000000000,0
0x0050f4a0,0x0051e5a0,upstream,1,0
0x0050f560,,-,1000000000,0
0x0050f640,0x00511940,upstream,1,0
0x0050f710,0x00511940,upstream,1,0
0x0050f7f0,0x0051e5a0,upstream,1,0
0x0050f920,,-,1000000000,0
0x0050f930,0x0050f930,upstream,0,1
0x0050fa30,,-,1000000000,0
0x0050fb00,0x0050fde0,upstream,1,0
0x0050fbd0,,-,1000000000,0
0x0050fc60,0x0051e5a0,upstream,1,0
0x0050fd00,,-,1000000000,0
0x0050fd10,,-,1000000000,0
0x0050fd50,0x0050fd50,upstream,0,1
0x0050fde0,0x0050fde0,upstream,0,1
0x0050fe00,0x0050fe00,upstream,0,1
0x0050fe20,0x0050fe20,upstream,0,1
0x0050fea0,0x0050fea0,upstream,0,1
0x0050ff70,0x00510320,upstream,1,0
0x00510130,,-,1000000000,0
0x00510160,,-,1000000000,0
0x00510180,,-,1000000000,0
0x00510190,,-,1000000000,0
0x005101b0,,-,1000000000,0
0x00510280,,-,1000000000,0
0x00510310,,-,1000000000,0
0x00510320,0x00510320,upstream,0,1
0x00510330,,-,1000000000,1
0x00510340,,-,1000000000,0
0x00510490,0x00428998,upstream,3,0
0x00510560,0x00510320,upstream,3,0
0x00510590,0x00510320,upstream,2,0
0x005105f0,0x00510320,upstream,1,0
0x00510690,0x004f2210,upstream,2,0
0x005107c0,0x00510320,upstream,1,0
0x00510830,,-,1000000000,0
0x00510910,0x004287e0,upstream,1,0
0x00510a20,0x00510a20,upstream,0,0
0x00510ad0,0x00511940,upstream,1,0
0x00510ea0,0x0051e5a0,upstream,1,0
0x00510f40,0x0051e5a0,upstream,2,0
0x00510fc0,0x00428df8,upstream,1,0
0x005110e0,0x005110e0,upstream,0,1
0x00511100,0x00512ee0,upstream,3,0
0x00511140,,-,1000000000,0
0x005111e0,,-,1000000000,0
0x005111f0,,-,1000000000,0
0x00511200,,-,1000000000,0
0x00511210,,-,1000000000,0
0x00511220,,-,1000000000,0
0x00511260,,-,1000000000,0
0x00511270,,-,1000000000,0
0x00511280,,-,1000000000,0
0x005112a0,,-,1000000000,0
0x005112f0,0x00512ee0,upstream,2,0
0x005113f0,,-,1000000000,0
0x00511480,0x00428998,upstream,3,0
0x00511540,0x005118a0,upstream,1,0
0x005115f0,0x0050f930,upstream,2,0
0x00511630,0x0051e5a0,upstream,1,0
0x00511810,,-,1000000000,0
0x00511860,0x00511860,upstream,0,1
0x005118a0,0x005118a0,upstream,0,1
0x00511940,0x00511940,upstream,0,1
0x00511a30,,-,1000000000,0
0x00511b00,,-,1000000000,0
0x00511bb0,,-,1000000000,0
0x00511c50,0x00512ee0,upstream,1,0
0x00511d20,,-,1000000000,0
0x00511dc0,,-,1000000000,0
0x00511e50,0x00510320,upstream,1,0
0x00511f20,0x00510320,upstream,1,0
0x005120c0,0x00512ee0,upstream,1,0
0x005123d0,0x00512ee0,upstream,1,0
0x00512630,0x00429068,upstream,1,0
0x005127a0,0x00510320,upstream,1,0
0x00512840,0x00510320,upstream,1,0
0x00512910,0x00510320,upstream,1,0
0x005129c0,0x00510320,upstream,1,0
0x00512ac0,0x00510320,upstream,1,0
0x00512bc0,0x00510320,upstream,1,0
0x00512ca0,0x00510320,upstream,1,0
0x00512da0,0x00510320,upstream,2,0
0x00512e00,0x00512e00,upstream,0,1
0x00512e70,0x0050f930,upstream,1,0
0x00512ee0,0x00512ee0,upstream,0,1
0x00512f40,,-,1000000000,0
0x00512f80,0x00513210,upstream,1,0
0x00512fc0,0x00513210,upstream,1,0
0x00513010,0x00513210,upstream,1,0
0x00513060,0x00513210,upstream,1,0
0x005130b0,0x00513210,upstream,1,0
0x00513110,0x00513210,upstream,1,0
0x00513160,0x00513210,upstream,1,0
0x005131b0,0x00429068,upstream,1,0
0x00513210,0x00513210,upstream,0,1
0x00513220,,-,1000000000,0
0x00513300,0x00512e00,upstream,1,0
0x005133e0,,-,1000000000,0
0x00513420,0x00513f30,upstream,1,0
0x005137f0,0x00511940,upstream,1,0
0x00513830,0x0051e5a0,upstream,1,0
0x00513990,0x00511940,upstream,1,0
0x00513a10,0x00510320,upstream,2,0
0x00513a80,0x0051e5a0,upstream,2,0
0x00513ae0,0x00510320,upstream,2,0
0x00513b70,0x00428998,upstream,4,0
0x00513c60,0x00512ee0,upstream,2,0
0x00513ce0,0x00511940,upstream,1,0
0x00513e80,0x00511940,upstream,1,0
0x00513f30,0x00513f30,upstream,0,1
0x00513f90,,-,1000000000,0
0x00513fe0,,-,1000000000,0
0x00514100,0x00511940,upstream,1,0
0x005141e0,0x00511940,upstream,1,0
0x005142e0,0x00511940,upstream,1,0
0x00514420,0x00513f30,upstream,1,0
0x005144a0,0x0051e5a0,upstream,1,1
0x00514590,,-,1000000000,0
0x00514600,,-,1000000000,0
0x00514690,,-,1000000000,0
0x00514750,0x00511940,upstream,1,0
0x00514930,,-,1000000000,0
0x005149a0,0x00511940,upstream,1,0
0x00514a50,,-,1000000000,0
0x00514af0,0x00513210,upstream,1,0
0x00514bb0,0x00511940,upstream,1,0
0x00514c50,0x00511940,upstream,1,0
0x00514d10,,-,1000000000,0
0x00514d90,0x00511940,upstream,2,0
0x00514e00,0x00511940,upstream,2,0
0x00514e80,0x00512e00,upstream,1,0
0x00514fa0,0x00512e00,upstream,1,0
0x005150c0,,-,1000000000,0
0x00515140,0x00429068,upstream,6,0
0x00515200,0x00510320,upstream,2,0
0x00515290,0x00510320,upstream,2,0
0x00515350,0x00510320,upstream,2,0
0x00515410,0x00510320,upstream,2,0
0x005154d0,0x00511940,upstream,2,0
0x00515500,,-,1000000000,0
0x00515540,0x00511940,upstream,1,0
0x00515610,0x00511940,upstream,1,0
0x00515690,,-,1000000000,0
0x005156f0,0x00513210,upstream,1,0
0x005157a0,0x00511940,upstream,1,0
0x00515800,0x00511940,upstream,1,0
0x00515880,,-,1000000000,0
0x005159f0,0x00512e00,upstream,1,0
0x00515ae0,,-,1000000000,0
0x00515b10,0x00429068,upstream,2,0
0x00515ba0,0x00510320,upstream,2,0
0x00515c00,0x00510320,upstream,2,0
0x00515c60,0x00510320,upstream,2,0
0x00515cc0,0x00510320,upstream,2,0
0x00515d20,0x0051e5a0,upstream,3,0
0x00515d70,0x00513f30,upstream,1,0
0x00515e10,0x0051e5a0,upstream,3,0
0x00515e60,0x0051e5a0,upstream,2,0
0x00515ef0,,-,1000000000,0
0x00515f00,,-,1000000000,0
0x00515f20,,-,1000000000,0
0x00515f50,0x00511940,upstream,1,0
0x005160b0,0x00511940,upstream,1,0
0x005163d0,0x00510320,upstream,3,0
0x00516420,0x00511940,upstream,1,0
0x00516490,0x00511940,upstream,1,0
0x00516500,0x00429068,upstream,4,0
0x00516570,0x00429068,upstream,3,0
0x00516610,0x00429f38,upstream,2,0
0x00516680,0x00429f38,upstream,1,0
0x00516730,,-,1000000000,0
0x00516780,,-,1000000000,0
0x005167d0,0x0051e5a0,upstream,1,0
0x005168f0,0x0051e5a0,upstream,1,0
0x00516bc0,0x0051e5a0,upstream,1,0
0x00516e40,0x00511940,upstream,1,0
0x00516f10,,-,1000000000,0
0x00516fb0,0x00513f30,upstream,1,0
0x005170a0,0x00511940,upstream,1,0
0x00517240,,-,1000000000,0
0x005172c0,,-,1000000000,0
0x00517360,0x00429068,upstream,6,0
0x00517430,,-,1000000000,0
0x00517460,0x00429068,upstream,5,0
0x005174a0,0x00513210,upstream,2,0
0x005174e0,0x0051e5a0,upstream,3,0
0x00517550,0x00428998,upstream,1,0
0x00517590,0x00428998,upstream,1,0
0x005175d0,,-,1000000000,0
0x00517680,0x00429068,upstream,5,0
0x00517810,,-,1000000000,0
0x00517860,0x0051e5a0,upstream,1,0
0x00517a90,0x00429068,upstream,2,0
0x00517be0,0x0051e5a0,upstream,2,0
0x00517c30,,-,1000000000,0
0x00517c40,,-,1000000000,0
0x00517c70,0x0051e5a0,upstream,1,0
0x00518100,0x00511940,upstream,1,0
0x005182a0,0x00513f30,upstream,1,0
0x005183f0,,-,1000000000,0
0x00518450,0x00511940,upstream,1,0
0x00518530,0x00513210,upstream,2,0
0x005185f0,0x00513210,upstream,2,0
0x005186b0,0x00513210,upstream,1,0
0x00518850,0x0051e5a0,upstream,1,0
0x005189e0,0x0051e5a0,upstream,1,0
0x00518d90,0x00513210,upstream,2,0
0x00518e50,0x00429068,upstream,1,0
0x00519140,0x00429068,upstream,1,0
0x005193b0,0x00513210,upstream,2,0
0x00519490,0x00513210,upstream,2,0
0x00519570,,-,1000000000,0
0x00519590,,-,1000000000,0
0x005195a0,0x00513210,upstream,2,0
0x005195f0,0x00513210,upstream,2,0
0x00519640,0x00513210,upstream,2,0
0x00519690,0x00513210,upstream,2,0
0x005196e0,0x00511940,upstream,1,0
0x005197b0,0x00513f30,upstream,2,0
0x00519990,,-,1000000000,0
0x00519b50,0x00513210,upstream,1,0
0x00519ec0,,-,1000000000,0
0x00519f10,0x00513210,upstream,1,0
0x0051a110,0x00429068,upstream,4,0
0x0051a180,0x00429068,upstream,4,0
0x0051a1f0,0x00429068,upstream,4,0
0x0051a260,0x00429068,upstream,4,0
0x0051a2d0,0x00429f38,upstream,3,0
0x0051a410,0x00429068,upstream,3,0
0x0051a460,0x00511940,upstream,1,0
0x0051a5f0,,-,1000000000,0
0x0051a620,0x00428df8,upstream,1,0
0x0051a6d0,,-,1000000000,0
0x0051a6e0,,-,1000000000,0
0x0051a910,0x0051e5a0,upstream,1,0
0x0051aa80,0x00511940,upstream,2,0
0x0051ab00,0x00513210,upstream,1,0
0x0051ac80,0x00511940,upstream,1,0
0x0051ad80,0x00511940,upstream,1,0
0x0051ae30,0x0051e5a0,upstream,1,0
0x0051b100,0x0051e5a0,upstream,1,0
0x0051b450,0x00429068,upstream,1,0
0x0051b550,0x00511940,upstream,1,0
0x0051b710,0x00511940,upstream,1,0
0x0051b810,0x00512ee0,upstream,1,0
0x0051b8f0,,-,1000000000,0
0x0051b900,0x00512ee0,upstream,1,0
0x0051bb30,0x00512ee0,upstream,1,0
0x0051be80,0x00512ee0,upstream,1,0
0x0051c100,0x00511940,upstream,1,0
0x0051c1e0,0x00504220,upstream,1,0
0x0051c270,0x0051e5a0,upstream,2,0
0x0051c2c0,,-,1000000000,0
0x0051c300,,-,1000000000,0
0x0051c370,0x0051e5a0,upstream,2,0
0x0051c410,0x00429068,upstream,2,0
0x0051c4c0,0x0051e5a0,upstream,1,0
0x0051c5a0,0x0051e5a0,upstream,2,0
0x0051c5d0,,-,1000000000,0
0x0051c610,0x0051e5a0,upstream,1,0
0x0051c6c0,0x0051e5a0,upstream,1,0
0x0051c780,0x0051e5a0,upstream,1,0
0x0051c840,0x0051e5a0,upstream,1,1
0x0051c8e0,0x0051e5a0,upstream,1,0
0x0051c980,0x0051e5a0,upstream,1,0
0x0051cbd0,0x00429068,upstream,1,0
0x0051ccc0,0x0051e5a0,upstream,1,0
0x0051cd90,0x0051e5a0,upstream,1,0
0x0051ce00,0x0051e5a0,upstream,1,0
0x0051ce70,0x0051e5a0,upstream,1,0
0x0051cf50,0x0051e5a0,upstream,1,0
0x0051cfa0,0x0051e5a0,upstream,1,0
0x0051d080,0x0051e5a0,upstream,1,0
0x0051d160,0x0051e5a0,upstream,1,0
0x0051d240,0x0051e5a0,upstream,3,0
0x0051d290,0x004287e0,upstream,1,0
0x0051d330,0x00429068,upstream,1,1
0x0051d390,0x00513210,upstream,2,0
0x0051d3d0,0x004287e0,upstream,1,0
0x0051d530,,-,1000000000,0
0x0051d560,0x00429068,upstream,2,0
0x0051d5a0,0x00429068,upstream,2,0
0x0051d5e0,,-,1000000000,0
0x0051d690,,-,1000000000,0
0x0051d6a0,,-,1000000000,0
0x0051d6e0,0x00429068,upstream,2,0
0x0051d750,0x004287e0,upstream,3,0
0x0051d7b0,0x004287e0,upstream,2,0
0x0051d810,0x00429068,upstream,2,0
0x0051d8b0,0x0042f3a0,upstream,1,0
0x0051d960,0x00513210,upstream,1,0
0x0051da50,0x0051e5a0,upstream,1,0
0x0051dc40,,-,1000000000,0
0x0051dc50,,-,1000000000,0
0x0051dd10,,-,1000000000,0
0x0051dd40,,-,1000000000,0
0x0051dda0,,-,1000000000,0
0x0051de00,0x00511940,upstream,1,0
0x0051dea0,0x00428df8,upstream,2,0
0x0051df30,0x00428df8,upstream,2,0
0x0051dff0,0x00428df8,upstream,2,0
0x0051e090,,-,1000000000,0
0x0051e160,0x00428df8,upstream,1,0
0x0051e260,,-,1000000000,0
0x0051e2d0,,-,1000000000,0
0x0051e3a0,,-,1000000000,0
0x0051e3c0,,-,1000000000,0
0x0051e3d0,,-,1000000000,0
0x0051e430,,-,1000000000,0
0x0051e490,,-,1000000000,0
0x0051e5a0,0x0051e5a0,upstream,0,1
0x0051e690,,-,1000000000,0
0x0051e6a0,,-,1000000000,0
0x0051e790,,-,1000000000,0
0x0051e7e0,,-,1000000000,0
0x0051e940,,-,1000000000,0
0x0051e960,,-,1000000000,0
0x0051ea50,0x0051e5a0,upstream,1,0
0x0051eb80,,-,1000000000,0
0x0051eb90,,-,1000000000,0
0x0051eba0,0x004f2100,upstream,1,0
0x0051ec00,0x004f2210,upstream,1,0
0x0051ecb0,0x004f2210,upstream,2,0
0x0051ed30,0x004f2210,upstream,1,0
0x0051ee30,,-,1000000000,0
0x0051ee90,0x004f2100,upstream,1,0
0x0051ef60,0x004f2100,upstream,2,0
0x0051efb0,0x00429068,upstream,1,0
0x0051f2f0,0x00513210,upstream,1,0
0x0051f550,,-,1000000000,0
0x0051f560,,-,1000000000,0
0x0051f570,,-,1000000000,0
0x0051f5f0,0x004f2100,upstream,1,0
0x0051f6b0,0x004f2210,upstream,1,0
0x0051f710,,-,1000000000,0
0x0051fb50,0x004f2100,upstream,1,0
0x0051fdf0,0x004f2210,upstream,1,0
0x0051ff80,,-,1000000000,0
0x0051ffc0,0x004f2210,upstream,1,0
0x00520080,,-,1000000000,0
0x00520160,0x00511940,upstream,1,0
0x00520210,0x00511940,upstream,1,0
0x005202c0,,-,1000000000,0
0x00520340,0x00429068,upstream,2,0
0x00520390,0x00504220,upstream,1,0
0x00520430,,-,1000000000,0
0x00520470,,-,1000000000,0
0x00520530,0x00504220,upstream,1,0
0x005205d0,0x0051e5a0,upstream,2,0
0x00520610,,-,1000000000,0
0x00520650,,-,1000000000,0
0x00520710,0x00504220,upstream,1,0
0x005207b0,0x0051e5a0,upstream,2,0
0x005207f0,,-,1000000000,0
0x00520830,,-,1000000000,0
0x005208f0,0x00504220,upstream,1,0
0x00520990,,-,1000000000,0
0x005209c0,0x0051e5a0,upstream,2,0
0x00520a10,0x00429068,upstream,5,0
0x00520ed0,0x00429068,upstream,5,0
0x00521200,0x00429068,upstream,5,0
0x00521840,0x00429068,upstream,5,0
0x00521c70,0x00429068,upstream,5,0
0x00522160,0x00429068,upstream,5,0
0x00522200,0x00429068,upstream,5,0
0x00522f80,0x004287e0,upstream,1,0
0x00523210,,-,1000000000,0
0x00523270,0x00429068,upstream,6,0
0x005232c0,0x00429068,upstream,5,0
0x00523470,0x00429068,upstream,5,0
0x00523820,0x00429068,upstream,5,0
0x00525000,0x00429068,upstream,6,0
0x00525460,0x004287e0,upstream,1,0
0x00525610,0x00429068,upstream,5,0
0x00525ab0,,-,1000000000,0
0x00525bd0,0x00429068,upstream,5,0
0x005289b0,0x00429068,upstream,6,0
0x00529760,0x00429068,upstream,6,0
0x0052a0e0,0x004287e0,upstream,1,0
0x0052bd80,0x00429068,upstream,5,0
0x0052ce90,0x00429068,upstream,7,0
0x0052cf70,0x00428998,upstream,1,0
0x0052d0e0,0x00513210,upstream,1,0
0x0052d4d0,,-,1000000000,0
0x0052d4f0,,-,1000000000,0
0x0052d540,,-,1000000000,0
0x0052d580,,-,1000000000,0
0x0052d5b0,,-,1000000000,0
0x0052d6d0,0x00428998,upstream,1,0
0x0052e130,,-,1000000000,0
0x0052e7b0,0x00511940,upstream,1,0
0x0052e9f0,0x00429068,upstream,5,0
0x0052eca0,0x00429068,upstream,5,0
0x0052ee30,0x00511940,upstream,1,0
0x0052eeb0,0x00513210,upstream,1,0
0x0052f040,0x00428998,upstream,1,0
0x0052f160,,-,1000000000,0
0x0052f1a0,,-,1000000000,0
0x0052f1d0,0x00428998,upstream,1,0
0x00530050,,-,1000000000,0
0x00530080,,-,1000000000,0
0x005300c0,,-,1000000000,0
0x00530140,,-,1000000000,0
0x005301c0,,-,1000000000,0
0x00530210,0x00428998,upstream,1,0
0x00530270,0x0051e5a0,upstream,2,0
0x00530530,0x00513210,upstream,2,0
0x005305c0,,-,1000000000,0
0x00530600,,-,1000000000,0
0x00530690,,-,1000000000,0
0x005306d0,0x00429068,upstream,5,0
0x005309d0,0x004f2100,upstream,2,0
0x00530c30,0x00429068,upstream,1,0
0x00530e00,,-,1000000000,0
0x00530e40,0x00429068,upstream,1,0
0x00530f20,0x00429068,upstream,5,0
0x005311b0,0x00429068,upstream,3,0
0x00531230,0x00429068,upstream,2,0
0x005313b0,0x00429068,upstream,5,0
0x00531430,0x00429068,upstream,5,0
0x005315f0,0x00513210,upstream,1,0
0x00531950,,-,1000000000,0
0x00531990,,-,1000000000,0
0x005319d0,,-,1000000000,0
0x00531a00,,-,1000000000,0
0x00531a40,0x00429068,upstream,5,0
0x00531ed0,0x00429068,upstream,5,0
0x00532400,0x00428998,upstream,1,0
0x00532460,0x00428998,upstream,1,0
0x005324c0,,-,1000000000,0
0x00532bb0,0x004287e0,upstream,1,0
0x00532c90,,-,1000000000,0
0x00533450,,-,1000000000,0
0x00533460,,-,1000000000,0
0x00533550,0x00511940,upstream,1,0
0x00533660,,-,1000000000,0
0x00533890,,-,1000000000,0
0x005339f0,,-,1000000000,0
0x00533ae0,,-,1000000000,0
0x00533c10,0x00511940,upstream,1,0
0x00533c90,0x00513210,upstream,1,0
0x00533df0,0x0051e5a0,upstream,1,0
0x00533ec0,0x0051e5a0,upstream,1,0
0x00534030,,-,1000000000,0
0x00534090,0x00428998,upstream,1,0
0x00534840,0x004287e0,upstream,1,0
0x00534900,0x004287e0,upstream,1,0
0x00535080,0x00511940,upstream,1,0
0x005351c0,,-,1000000000,0
0x00535210,0x00513210,upstream,2,0
0x00535240,0x00513210,upstream,2,0
0x00535280,,-,1000000000,0
0x00535650,,-,1000000000,0
0x00535740,,-,1000000000,0
0x00535850,,-,1000000000,0
0x00535980,,-,1000000000,0
0x005359a0,0x004ba240,upstream,1,0
0x00535f30,0x00428998,upstream,1,0
0x00536030,0x00428998,upstream,1,0
0x005361b0,,-,1000000000,0
0x005362d0,,-,1000000000,0
0x005364b0,0x00428f48,upstream,1,0
0x005366b0,0x00428f48,upstream,1,0
0x00536900,,-,1000000000,0
0x00536930,,-,1000000000,0
0x00536970,,-,1000000000,0
0x005369e0,,-,1000000000,0
0x00536a90,,-,1000000000,0
0x00536b00,,-,1000000000,0
0x00536b30,,-,1000000000,0
0x00536b60,0x004f2210,upstream,1,0
0x00536c50,0x0043fb68,upstream,2,0
0x00536f60,0x00513210,upstream,2,0
0x00536fd0,0x00428df8,upstream,1,0
0x00537230,,-,1000000000,0
0x005372c0,0x004287e0,upstream,1,0
0x005373e0,0x004287e0,upstream,1,0
0x005374f0,0x0043fb68,upstream,2,0
0x00537550,0x00429068,upstream,1,0
0x00537820,0x004287e0,upstream,1,0
0x00537900,0x0043fb68,upstream,2,0
0x005379d0,,-,1000000000,0
0x00537b00,0x00429068,upstream,1,0
0x00537bb0,0x0043fb68,upstream,2,0
0x00537d00,0x0043fb68,upstream,2,0
0x00537d90,0x0051e5a0,upstream,1,0
0x00537e00,0x0051e5a0,upstream,1,0
0x00537eb0,0x0051e5a0,upstream,1,0
0x00538140,0x0051e5a0,upstream,1,0
0x00538370,0x0051e5a0,upstream,1,0
0x005385a0,0x0051e5a0,upstream,1,0
0x00538730,0x00429068,upstream,1,0
0x005387c0,0x00511940,upstream,1,0
0x00538ad0,0x00511940,upstream,2,0
0x00538be0,,-,1000000000,0
0x00538bf0,0x0043fb68,upstream,2,0
0x00538d60,0x0043fb68,upstream,3,0
0x00538d90,0x0051e5a0,upstream,1,0
0x00538fe0,0x00513210,upstream,2,0
0x00539030,0x00513210,upstream,2,0
0x00539080,0x00513210,upstream,2,0
0x00539110,0x0043fb68,upstream,1,0
0x00539290,0x0043fb68,upstream,1,0
0x00539560,0x00513210,upstream,2,0
0x00539640,,-,1000000000,0
0x005396a0,,-,1000000000,0
0x005396d0,0x0043fb68,upstream,2,0
0x00539820,0x00428998,upstream,1,0
0x00539960,,-,1000000000,0
0x00539a30,0x0051e5a0,upstream,1,0
0x00539dd0,0x0051e5a0,upstream,1,0
0x00539f90,0x0043fb68,upstream,2,0
0x0053a020,0x004287e0,upstream,1,0
0x0053a250,0x0043fb68,upstream,2,0
0x0053a310,0x0043fb68,upstream,3,0
0x0053a3c0,0x0043fb68,upstream,3,0
0x0053a470,0x0043fb68,upstream,2,0
0x0053a540,0x0043fb68,upstream,2,0
0x0053a6a0,,-,1000000000,0
0x0053a6e0,,-,1000000000,0
0x0053a7a0,,-,1000000000,0
0x0053a820,,-,1000000000,0
0x0053a890,,-,1000000000,0
0x0053a900,,-,1000000000,0
0x0053a9c0,,-,1000000000,0
0x0053aa30,,-,1000000000,0
0x0053aaa0,,-,1000000000,0
0x0053aae0,0x004ba240,upstream,1,0
0x0053ab40,,-,1000000000,0
0x0053ab70,,-,1000000000,0
0x0053abc0,0x00428998,upstream,2,0
0x0053ac60,,-,1000000000,0
0x0053acd0,0x00511940,upstream,2,0
0x0053ad40,0x00513210,upstream,2,0
0x0053ada0,0x00513210,upstream,2,0
0x0053ade0,,-,1000000000,0
0x0053ae80,,-,1000000000,0
0x0053aee0,,-,1000000000,0
0x0053af10,,-,1000000000,0
0x0053af40,0x00511940,upstream,1,0
0x0053b080,,-,1000000000,0
0x0053b0d0,,-,1000000000,0
0x0053b120,,-,1000000000,0
0x0053b170,,-,1000000000,0
0x0053b230,0x00511940,upstream,1,0
0x0053b370,,-,1000000000,0
0x0053b3c0,,-,1000000000,0
0x0053b410,,-,1000000000,0
0x0053b460,,-,1000000000,0
0x0053b520,0x00428998,upstream,1,0
0x0053b6d0,,-,1000000000,0
0x0053b8a0,,-,1000000000,0
0x0053b8d0,,-,1000000000,0
0x0053b910,,-,1000000000,0
0x0053b920,,-,1000000000,0
0x0053b9c0,0x00511940,upstream,1,0
0x0053ba50,0x004f2210,upstream,1,0
0x0053bb10,,-,1000000000,0
0x0053bbd0,,-,1000000000,0
0x0053bc20,,-,1000000000,0
0x0053bc60,,-,1000000000,0
0x0053bca0,,-,1000000000,0
0x0053bd30,0x00513210,upstream,2,0
0x0053bd90,0x00513210,upstream,2,0
0x0053beb0,,-,1000000000,0
0x0053bf30,0x003fb210,upstream,2,0
0x0053c020,0x003fb210,upstream,2,0
0x0053c210,0x003fb210,upstream,1,0
0x0053c290,0x003fb210,upstream,2,0
0x0053c370,0x0051e5a0,upstream,1,0
0x0053c5e0,0x00513210,upstream,2,0
0x0053cef0,,-,1000000000,0
0x0053d1c0,0x004f2100,upstream,1,0
0x0053d1f0,0x004f2100,upstream,1,0
0x0053d220,0x004f2100,upstream,1,0
0x0053d250,0x004f2100,upstream,1,0
0x0053d280,0x004f2100,upstream,1,0
0x0053d2b0,0x004f2100,upstream,1,0
0x0053d2e0,0x004f2100,upstream,1,0
0x0053d310,0x004f2100,upstream,1,0
0x0053d340,0x004f2100,upstream,1,0
0x0053d370,0x004f2100,upstream,1,0
0x0053d3a0,0x004f2100,upstream,1,0
0x0053d3d0,0x004f2100,upstream,1,0
0x0053d400,0x004f2100,upstream,1,0
0x0053d430,0x00511940,upstream,1,0
0x0053d4d0,0x0050f930,upstream,1,0
0x0053d510,,-,1000000000,0
0x0053d5f0,,-,1000000000,0
0x0053d670,,-,1000000000,0
0x0053d6c0,0x005118a0,upstream,1,0
0x0053d740,,-,1000000000,0
0x0053d830,,-,1000000000,0
0x0053d880,0x00510320,upstream,1,0
0x0053d960,0x005118a0,upstream,1,0
0x0053d9e0,,-,1000000000,0
0x0053dad0,,-,1000000000,0
0x0053db20,0x00510320,upstream,1,0
0x0053dbe0,0x0050e310,upstream,1,0
0x0053dc40,,-,1000000000,0
0x0053dd30,,-,1000000000,0
0x0053dd80,0x00510320,upstream,1,0
0x0053de60,,-,1000000000,0
0x0053deb0,0x005118a0,upstream,1,0
0x0053df50,,-,1000000000,0
0x0053e040,,-,1000000000,0
0x0053e090,,-,1000000000,0
0x0053e170,,-,1000000000,0
0x0053e1d0,0x005118a0,upstream,1,0
0x0053e270,,-,1000000000,0
0x0053e360,,-,1000000000,0
0x0053e3b0,0x00511940,upstream,1,0
0x0053e490,,-,1000000000,0
0x0053e590,0x00510320,upstream,1,0
0x0053e600,,-,1000000000,0
0x0053e6f0,,-,1000000000,0
0x0053e740,0x00510320,upstream,1,0
0x0053e820,,-,1000000000,0
0x0053e870,0x0050e310,upstream,1,0
0x0053e8d0,,-,1000000000,0
0x0053e9b0,,-,1000000000,0
0x0053ea00,0x00510320,upstream,1,0
0x0053ead0,,-,1000000000,0
0x0053eb20,0x0051e5a0,upstream,1,0
0x0053ec30,,-,1000000000,0
0x0053ed30,0x00510320,upstream,1,0
0x0053eec0,0x0050f930,upstream,1,0
0x0053ef00,0x00511940,upstream,1,0
0x0053efe0,,-,1000000000,0
0x0053f0d0,,-,1000000000,0
0x0053f130,0x00510320,upstream,1,0
0x0053f250,0x0050f930,upstream,1,0
0x0053f290,0x00511940,upstream,1,0
0x0053f370,,-,1000000000,0
0x0053f460,,-,1000000000,0
0x0053f4c0,0x00510320,upstream,1,0
0x0053f5e0,0x0050e310,upstream,1,0
0x0053f640,0x00511940,upstream,1,0
0x0053f730,,-,1000000000,0
0x0053f830,0x00510320,upstream,1,0
0x0053f8f0,0x0050e310,upstream,1,0
0x0053f950,0x0050f930,upstream,1,0
0x0053f990,0x00511940,upstream,1,0
0x0053fa70,,-,1000000000,0
0x0053fb70,0x00510320,upstream,1,0
0x0053fd80,,-,1000000000,0
0x0053fda0,,-,1000000000,0
0x00540210,,-,1000000000,0
0x005402a0,,-,1000000000,0
0x005402d0,,-,1000000000,0
0x00540350,0x0043fb68,upstream,2,0
0x00540760,,-,1000000000,0
0x00540780,,-,1000000000,0
0x005407d0,,-,1000000000,0
0x005407f0,0x0043eb80,upstream,3,0
0x00540850,0x0043eb80,upstream,3,0
0x005408e0,,-,1000000000,0
0x00540990,,-,1000000000,0
0x00540a50,,-,1000000000,0
0x00540eb0,0x00513f30,upstream,1,0
0x00541230,0x00511940,upstream,1,0
0x00541310,0x00513210,upstream,2,0
0x00541470,0x0043fb68,upstream,2,0
0x005417c0,,-,1000000000,0
0x00541840,,-,1000000000,0
0x00541c60,0x00513210,upstream,2,0
0x00541db0,0x0043fb68,upstream,2,0
0x00542050,0x0051e5a0,upstream,1,0
0x00542130,0x00511940,upstream,1,0
0x005424d0,0x0051e5a0,upstream,1,0
0x005427a0,,-,1000000000,0
0x005429a0,0x004f2100,upstream,1,0
0x005429d0,0x0050e310,upstream,1,0
0x00542a30,0x0050e310,upstream,1,0
0x00542a90,0x0050e310,upstream,1,0
0x00542af0,0x0050e310,upstream,1,0
0x00542b50,0x0050e310,upstream,1,0
0x00542bb0,0x0050e310,upstream,1,0
0x00542c10,0x0050e310,upstream,1,0
0x00542c70,0x0050e310,upstream,1,0
0x00542cd0,0x0050e310,upstream,1,0
0x00542d30,0x0050e310,upstream,1,0
0x00542d90,0x0050e310,upstream,1,0
0x00542df0,0x0050e310,upstream,1,0
0x00542e50,0x0050e310,upstream,1,0
0x00542eb0,0x0050e310,upstream,1,0
0x00542f10,0x0050e310,upstream,1,0
0x00542f70,0x0050e310,upstream,1,0
0x00542fd0,0x0050e310,upstream,1,0
0x00543030,0x0050e310,upstream,1,0
0x00543090,0x0050e310,upstream,1,0
0x005430f0,0x0050e310,upstream,1,0
0x00543150,0x0050e310,upstream,1,0
0x005431b0,0x0050e310,upstream,1,0
0x00543210,,-,1000000000,0
0x00543280,0x0050f930,upstream,1,0
0x005432c0,0x00511940,upstream,1,0
0x00543390,,-,1000000000,0
0x00543480,,-,1000000000,0
0x005434e0,0x00510320,upstream,1,0
0x005435a0,0x0050f930,upstream,1,0
0x005435e0,0x005118a0,upstream,1,0
0x00543680,,-,1000000000,0
0x00543770,,-,1000000000,0
0x005437c0,0x0050f930,upstream,1,0
0x00543800,,-,1000000000,0
0x005438f0,,-,1000000000,0
0x00543940,0x00510320,upstream,1,0
0x00543d30,,-,1000000000,0
0x00543d80,0x0050f930,upstream,1,0
0x00543dc0,0x0051e5a0,upstream,1,0
0x00543ee0,,-,1000000000,0
0x00543fd0,,-,1000000000,0
0x00544020,0x00510320,upstream,1,0
0x005440e0,0x0050f930,upstream,1,0
0x00544120,0x005118a0,upstream,1,0
0x005441f0,0x00511940,upstream,1,0
0x00544270,,-,1000000000,0
0x00544360,,-,1000000000,0
0x005443b0,0x00510320,upstream,1,0
0x005444f0,,-,1000000000,0
0x00544540,0x0050e310,upstream,1,0
0x005445a0,0x0050e310,upstream,1,0
0x00544600,0x0050f930,upstream,1,0
0x00544640,0x0051e5a0,upstream,1,0
0x00544760,,-,1000000000,0
0x00544850,,-,1000000000,0
0x005448a0,0x00510320,upstream,1,0
0x00544a20,,-,1000000000,0
0x00544a70,0x0050f930,upstream,1,0
0x00544ab0,0x005118a0,upstream,1,0
0x00544b50,,-,1000000000,0
0x00544c40,,-,1000000000,0
0x00544c90,0x0050e310,upstream,1,0
0x00544cf0,0x0050f930,upstream,1,0
0x00544d30,0x0051e5a0,upstream,1,0
0x00544e50,,-,1000000000,0
0x00544f40,,-,1000000000,0
0x00544f90,0x00510320,upstream,1,0
0x00545090,0x0050f930,upstream,1,0
0x005450d0,,-,1000000000,0
0x005451c0,,-,1000000000,0
0x00545220,0x00510320,upstream,1,0
0x005453d0,,-,1000000000,0
0x00545430,,-,1000000000,0
0x00545470,,-,1000000000,0
0x00545550,,-,1000000000,0
0x005455a0,0x00510320,upstream,1,0
0x00545670,,-,1000000000,0
0x00545750,,-,1000000000,0
0x005457d0,,-,1000000000,0
0x00545820,,-,1000000000,0
0x00545900,,-,1000000000,0
0x00545970,,-,1000000000,0
0x005459c0,0x005118a0,upstream,1,0
0x00545a40,,-,1000000000,0
0x00545b30,,-,1000000000,0
0x00545c10,,-,1000000000,0
0x00545d00,,-,1000000000,0
0x00545d60,0x00512e00,upstream,1,0
0x00545e60,0x0050f930,upstream,1,0
0x00545ea0,,-,1000000000,0
0x00545f80,,-,1000000000,0
0x00545fd0,0x00510320,upstream,1,0
0x005460c0,0x0050e310,upstream,1,0
0x00546120,0x0050e310,upstream,1,0
0x00546180,0x0058a7a0,upstream,1,0
0x00546260,0x00511940,upstream,1,0
0x00546350,,-,1000000000,0
0x00546440,,-,1000000000,0
0x00546490,0x00510320,upstream,1,0
0x005466f0,,-,1000000000,0
0x00546740,0x005118a0,upstream,1,0
0x00546810,,-,1000000000,0
0x00546900,,-,1000000000,0
0x00546950,0x00510320,upstream,1,0
0x00546bd0,,-,1000000000,0
0x00546c20,0x0050e310,upstream,1,0
0x00546c80,0x0050f930,upstream,1,0
0x00546cc0,0x005118a0,upstream,1,0
0x00546d30,,-,1000000000,0
0x00546e20,,-,1000000000,0
0x00546e70,0x00510320,upstream,1,0
0x00547050,0x0050e310,upstream,1,0
0x005470b0,0x0050e310,upstream,1,0
0x00547110,0x0050e310,upstream,1,0
0x00547170,,-,1000000000,0
0x00547250,,-,1000000000,0
0x005472c0,,-,1000000000,0
0x00547310,,-,1000000000,0
0x005473f0,,-,1000000000,0
0x00547440,0x00510320,upstream,1,0
0x005474d0,0x0050f930,upstream,1,0
0x00547510,,-,1000000000,0
0x005475f0,,-,1000000000,0
0x00547640,0x00510320,upstream,1,0
0x00547770,,-,1000000000,0
0x005477c0,,-,1000000000,0
0x005478a0,,-,1000000000,0
0x00547900,0x0050f930,upstream,1,0
0x00547940,,-,1000000000,0
0x00547a20,,-,1000000000,0
0x00547a90,,-,1000000000,0
0x00547ae0,,-,1000000000,0
0x00547bc0,,-,1000000000,0
0x00547c10,,-,1000000000,0
0x00547cf0,,-,1000000000,0
0x00547d50,,-,1000000000,0
0x00547e30,,-,1000000000,0
0x00547e80,0x0050f930,upstream,1,0
0x00547ec0,,-,1000000000,0
0x00547fb0,,-,1000000000,0
0x00548000,0x00510320,upstream,1,0
0x005481f0,,-,1000000000,0
0x005482d0,,-,1000000000,0
0x005483c0,,-,1000000000,0
0x00548410,0x00512e00,upstream,1,0
0x005484f0,0x0050e310,upstream,1,0
0x00548550,0x0051e5a0,upstream,1,0
0x00548670,,-,1000000000,0
0x00548760,,-,1000000000,0
0x005487b0,0x0050f930,upstream,1,0
0x00548b50,0x0050f930,upstream,1,0
0x00548b90,0x005118a0,upstream,1,0
0x00548c30,,-,1000000000,0
0x00548d20,,-,1000000000,0
0x00548d70,0x0050f930,upstream,1,0
0x00548db0,0x0051e5a0,upstream,1,0
0x00548ed0,,-,1000000000,0
0x00548fc0,,-,1000000000,0
0x00549010,0x00510320,upstream,1,0
0x005490a0,0x0050f930,upstream,1,0
0x005490e0,0x005118a0,upstream,1,0
0x00549180,,-,1000000000,0
0x00549270,,-,1000000000,0
0x005492c0,0x0050f930,upstream,1,0
0x00549300,0x0051e5a0,upstream,1,0
0x005493f0,,-,1000000000,0
0x005494e0,,-,1000000000,0
0x00549530,0x00510320,upstream,1,0
0x005495c0,,-,1000000000,0
0x005496a0,,-,1000000000,0
0x005496f0,0x005118a0,upstream,1,0
0x00549790,,-,1000000000,0
0x00549880,,-,1000000000,0
0x005498d0,0x0051e5a0,upstream,1,0
0x00549a20,,-,1000000000,0
0x00549b10,,-,1000000000,0
0x00549b60,0x00510320,upstream,1,0
0x00549ca0,0x005118a0,upstream,1,0
0x00549d20,,-,1000000000,0
0x00549e10,,-,1000000000,0
0x00549e60,0x00512e00,upstream,1,0
0x00549fd0,0x005118a0,upstream,1,0
0x0054a070,,-,1000000000,0
0x0054a160,,-,1000000000,0
0x0054a1b0,0x0051e5a0,upstream,1,0
0x0054a2d0,,-,1000000000,0
0x0054a3c0,,-,1000000000,0
0x0054a410,0x00510320,upstream,1,0
0x0054a4b0,0x005118a0,upstream,1,0
0x0054a550,,-,1000000000,0
0x0054a640,,-,1000000000,0
0x0054a690,0x0051e5a0,upstream,1,0
0x0054a760,,-,1000000000,0
0x0054a850,,-,1000000000,0
0x0054a8a0,0x00510320,upstream,1,0
0x0054a910,0x0050f930,upstream,1,0
0x0054a950,0x005118a0,upstream,1,0
0x0054a9d0,,-,1000000000,0
0x0054aab0,,-,1000000000,0
0x0054ab00,0x005118a0,upstream,1,0
0x0054abc0,0x0051e5a0,upstream,1,0
0x0054ad10,,-,1000000000,0
0x0054adf0,,-,1000000000,0
0x0054ae50,,-,1000000000,0
0x0054af30,,-,1000000000,0
0x0054afa0,,-,1000000000,0
0x0054aff0,,-,1000000000,0
0x0054b0d0,,-,1000000000,0
0x0054b120,0x00510320,upstream,1,0
0x0054b1b0,,-,1000000000,0
0x0054b200,0x0050f930,upstream,1,0
0x0054b240,0x005118a0,upstream,1,0
0x0054b2e0,,-,1000000000,0
0x0054b3d0,,-,1000000000,0
0x0054b420,0x0050f930,upstream,1,0
0x0054b460,0x0051e5a0,upstream,1,0
0x0054b550,,-,1000000000,0
0x0054b640,,-,1000000000,0
0x0054b6a0,0x00510320,upstream,1,0
0x0054b740,0x005118a0,upstream,1,0
0x0054b7e0,,-,1000000000,0
0x0054b8d0,,-,1000000000,0
0x0054b920,0x0058a7a0,upstream,1,0
0x0054ba20,,-,1000000000,0
0x0054bb10,,-,1000000000,0
0x0054bb60,0x00510320,upstream,1,0
0x0054bbd0,0x0050f930,upstream,1,0
0x0054bc10,0x005118a0,upstream,1,0
0x0054bc80,,-,1000000000,0
0x0054bd70,,-,1000000000,0
0x0054bdc0,0x00510320,upstream,1,0
0x0054bf10,,-,1000000000,0
0x0054bf60,,-,1000000000,0
0x0054c040,,-,1000000000,0
0x0054c090,,-,1000000000,0
0x0054c170,,-,1000000000,0
0x0054c1c0,0x00510320,upstream,1,0
0x0054c280,,-,1000000000,0
0x0054c2d0,0x0050f930,upstream,1,0
0x0054c310,0x00511940,upstream,1,0
0x0054c3f0,,-,1000000000,0
0x0054c4e0,,-,1000000000,0
0x0054c540,0x00510320,upstream,1,0
0x0054c6a0,0x0050f930,upstream,1,0
0x0054c6e0,0x005118a0,upstream,1,0
0x0054c7a0,0x0051e5a0,upstream,1,0
0x0054c880,,-,1000000000,0
0x0054c970,,-,1000000000,0
0x0054c9d0,0x00510320,upstream,1,0
0x0054ca90,0x0050e310,upstream,1,0
0x0054caf0,0x0050e310,upstream,1,0
0x0054cb50,0x0050e310,upstream,1,0
0x0054cbb0,0x005118a0,upstream,1,0
0x0054cda0,0x00511940,upstream,1,0
0x0054d120,0x00511940,upstream,1,0
0x0054d1a0,0x00511940,upstream,1,0
0x0054d220,,-,1000000000,0
0x0054d240,,-,1000000000,0
0x0054d250,,-,1000000000,0
0x0054d260,,-,1000000000,0
0x0054d270,,-,1000000000,0
0x0054d280,0x0058a7a0,upstream,1,0
0x0054d330,,-,1000000000,0
0x0054d430,0x00510320,upstream,1,0
0x0054e460,0x0051e5a0,upstream,1,0
0x0054e590,,-,1000000000,0
0x0054e690,0x00510320,upstream,1,0
0x0054e760,0x005118a0,upstream,1,0
0x0054e810,0x0051e5a0,upstream,1,0
0x0054e970,,-,1000000000,0
0x0054ea90,0x005118a0,upstream,1,0
0x0054eb70,0x00511940,upstream,1,0
0x0054ec10,0x00511940,upstream,1,0
0x0054ec90,,-,1000000000,0
0x0054ed90,0x00510320,upstream,1,0
0x0054ef50,0x0050f930,upstream,1,0
0x0054ef90,0x005118a0,upstream,1,0
0x0054f010,,-,1000000000,0
0x0054f100,,-,1000000000,0
0x0054f150,0x00512e00,upstream,1,0
0x0054f230,0x005118a0,upstream,1,0
0x0054f310,0x00511940,upstream,1,0
0x0054f410,0x00511940,upstream,1,0
0x0054f490,0x00511940,upstream,1,0
0x0054f510,,-,1000000000,0
0x0054f610,0x00510320,upstream,1,0
0x0054f700,0x00511940,upstream,1,0
0x0054f860,,-,1000000000,0
0x0054f960,0x00510320,upstream,1,0
0x0054fa50,0x0058a7a0,upstream,1,0
0x0054fb30,0x00511940,upstream,1,0
0x0054fc70,,-,1000000000,0
0x0054fd70,0x00510320,upstream,1,0
0x0054fe30,0x005118a0,upstream,1,0
0x0054fee0,,-,1000000000,0
0x0054ffd0,0x00510320,upstream,1,0
0x005500b0,0x0050e310,upstream,1,0
0x00550110,0x0050e310,upstream,1,0
0x00550170,0x0050e310,upstream,1,0
0x005501d0,0x00511940,upstream,1,0
0x00550330,,-,1000000000,0
0x00550430,0x00510320,upstream,1,0
0x005505f0,0x00511940,upstream,1,0
0x005506d0,,-,1000000000,0
0x005507f0,0x005118a0,upstream,1,0
0x00550870,,-,1000000000,0
0x00550990,0x005118a0,upstream,1,0
0x00550a00,,-,1000000000,0
0x00550ae0,,-,1000000000,0
0x00550b30,0x0051e5a0,upstream,1,0
0x00550c60,,-,1000000000,0
0x00550d80,0x00511940,upstream,1,0
0x00550ee0,,-,1000000000,0
0x00550fe0,0x00510320,upstream,1,0
0x005510a0,0x00511940,upstream,1,0
0x00551200,,-,1000000000,0
0x00551300,0x00510320,upstream,1,0
0x005513e0,0x005118a0,upstream,1,0
0x00551460,,-,1000000000,0
0x00551560,0x00510320,upstream,1,0
0x005515f0,0x00511940,upstream,1,0
0x00551750,,-,1000000000,0
0x00551850,0x00510320,upstream,1,0
0x00551910,0x0051e5a0,upstream,2,0
0x00551aa0,0x00428998,upstream,1,0
0x00551ba0,,-,1000000000,0
0x00551bf0,,-,1000000000,0
0x00551c60,,-,1000000000,0
0x00551ca0,,-,1000000000,0
0x00551db0,0x004287e0,upstream,1,0
0x00551e60,,-,1000000000,0
0x00551eb0,,-,1000000000,0
0x00551f20,0x00513210,upstream,2,0
0x00551f60,0x00513210,upstream,2,0
0x00551fc0,0x00428df8,upstream,1,0
0x00552050,0x00511940,upstream,1,0
0x00552230,0x00513210,upstream,1,0
0x005522f0,0x00429068,upstream,1,0
0x005523f0,0x0051e5a0,upstream,2,0
0x00552440,0x00511940,upstream,1,0
0x00552590,0x00511940,upstream,1,0
0x005526c0,0x0051e5a0,upstream,1,0
0x00552ce0,0x00511940,upstream,1,0
0x00552e90,0x00511940,upstream,1,0
0x00552ff0,0x0051e5a0,upstream,1,0
0x00553190,0x0051e5a0,upstream,1,0
0x005533c0,0x00511940,upstream,2,0
0x00553400,0x0051e5a0,upstream,1,0
0x00553470,0x0051e5a0,upstream,1,0
0x00553720,0x00513210,upstream,1,0
0x00553b10,,-,1000000000,0
0x00553b50,0x00511940,upstream,1,0
0x00553bd0,0x00513210,upstream,1,0
0x00554090,0x004287e0,upstream,1,0
0x00554190,,-,1000000000,0
0x00554250,0x0051e5a0,upstream,1,0
0x00554970,,-,1000000000,0
0x00554a30,,-,1000000000,0
0x00554ab0,0x00513210,upstream,1,0
0x00555230,,-,1000000000,0
0x005552a0,,-,1000000000,0
0x005552b0,,-,1000000000,0
0x00555400,0x00513210,upstream,2,0
0x005558a0,0x00513210,upstream,2,0
0x00555a80,0x00513210,upstream,2,0
0x00555ce0,0x0051e5a0,upstream,1,0
0x00556050,0x00513210,upstream,2,0
0x005560b0,,-,1000000000,0
0x00556810,,-,1000000000,0
0x00556c80,,-,1000000000,0
0x00556cf0,,-,1000000000,0
0x00556d00,,-,1000000000,0
0x00556d90,,-,1000000000,0
0x00556db0,0x0051e5a0,upstream,1,0
0x00556e80,,-,1000000000,0
0x00556f80,,-,1000000000,0
0x00556fc0,,-,1000000000,0
0x00556fd0,,-,1000000000,0
0x00557050,,-,1000000000,0
0x005570d0,,-,1000000000,0
0x00557170,0x004287e0,upstream,1,0
0x00557250,0x004287e0,upstream,1,0
0x00557320,,-,1000000000,0
0x005573c0,,-,1000000000,0
0x00557470,,-,1000000000,0
0x00557840,,-,1000000000,0
0x00557860,,-,1000000000,0
0x00557900,,-,1000000000,0
0x00557a10,,-,1000000000,0
0x00557a20,,-,1000000000,0
0x00557a40,,-,1000000000,0
0x00557aa0,0x00513210,upstream,1,0
0x00557b90,0x004287e0,upstream,1,0
0x00557ed0,,-,1000000000,0
0x00557f60,0x00513210,upstream,1,0
0x00558390,,-,1000000000,0
0x00558480,,-,1000000000,0
0x005584c0,0x00511940,upstream,1,0
0x00558fc0,,-,1000000000,0
0x00559220,0x00511940,upstream,1,0
0x005592e0,0x00511940,upstream,1,0
0x00559390,0x00512ee0,upstream,2,0
0x005593e0,,-,1000000000,0
0x005594a0,0x00511940,upstream,1,0
0x005595b0,,-,1000000000,0
0x005595c0,0x00511940,upstream,1,0
0x00559880,0x00511940,upstream,1,0
0x005599a0,0x00511940,upstream,1,0
0x00559a40,,-,1000000000,0
0x0055a1f0,,-,1000000000,0
0x0055a3e0,,-,1000000000,0
0x0055a420,,-,1000000000,0
0x0055a460,,-,1000000000,0
0x0055a4e0,,-,1000000000,0
0x0055a560,,-,1000000000,0
0x0055a580,,-,1000000000,0
0x0055a5a0,,-,1000000000,0
0x0055a720,,-,1000000000,0
0x0055a790,,-,1000000000,0
0x0055a800,,-,1000000000,0
0x0055a820,,-,1000000000,0
0x0055a8a0,,-,1000000000,0
0x0055a8d0,,-,1000000000,0
0x0055ac90,0x00513210,upstream,1,0
0x0055ad20,0x00511940,upstream,2,0
0x0055ad60,0x00513210,upstream,1,0
0x0055ae40,,-,1000000000,0
0x0055ae70,,-,1000000000,0
0x0055af50,,-,1000000000,0
0x0055afc0,0x00513210,upstream,1,0
0x0055b1f0,0x00513210,upstream,1,0
0x0055b4b0,,-,1000000000,0
0x0055b9c0,0x00513210,upstream,1,0
0x0055be40,,-,1000000000,0
0x0055bf40,,-,1000000000,0
0x0055c080,,-,1000000000,0
0x0055c0b0,,-,1000000000,0
0x0055c0f0,,-,1000000000,0
0x0055c160,,-,1000000000,0
0x0055c1d0,0x00512ee0,upstream,1,0
0x0055c2a0,0x00513f30,upstream,1,0
0x0055c370,0x00512ee0,upstream,2,0
0x0055c410,0x00513210,upstream,1,0
0x0055cb00,0x00511940,upstream,1,0
0x0055cb60,0x00513f30,upstream,1,0
0x0055d900,0x00511940,upstream,1,0
0x0055d980,0x00513210,upstream,1,0
0x0055dad0,0x00512ee0,upstream,1,0
0x0055db90,0x00512ee0,upstream,1,0
0x0055dc30,0x00512ee0,upstream,1,0
0x0055dcb0,0x00512ee0,upstream,1,0
0x0055dd70,0x00512ee0,upstream,1,0
0x0055de10,0x00512ee0,upstream,1,0
0x0055de90,0x00512ee0,upstream,1,0
0x0055df50,0x00512ee0,upstream,1,0
0x0055dff0,0x00512ee0,upstream,1,0
0x0055e070,0x00512ee0,upstream,1,0
0x0055e130,0x00512ee0,upstream,1,0
0x0055e1d0,0x00512ee0,upstream,1,0
0x0055e250,0x00512ee0,upstream,2,0
0x0055e360,0x00512ee0,upstream,2,0
0x0055e490,0x00512ee0,upstream,2,0
0x0055e550,0x00512ee0,upstream,2,0
0x0055e630,0x00512ee0,upstream,2,0
0x0055e890,0x00512ee0,upstream,2,0
0x0055ea40,0x00512ee0,upstream,2,0
0x0055ec20,0x00512ee0,upstream,2,0
0x0055ed70,0x00512ee0,upstream,1,0
0x0055ee20,0x00512ee0,upstream,1,0
0x0055eeb0,0x00512ee0,upstream,1,0
0x0055ef20,0x00512ee0,upstream,1,0
0x0055efc0,0x00512ee0,upstream,1,0
0x0055f040,0x00512ee0,upstream,1,0
0x0055f0f0,0x00512ee0,upstream,1,0
0x0055f180,0x00512ee0,upstream,2,0
0x0055f1b0,0x00512ee0,upstream,2,0
0x0055f550,0x00512ee0,upstream,1,0
0x0055f820,,-,1000000000,0
0x0055f8f0,,-,1000000000,0
0x0055f9a0,,-,1000000000,0
0x0055f9d0,,-,1000000000,0
0x0055fa10,,-,1000000000,0
0x0055fa40,,-,1000000000,0
0x0055fa70,,-,1000000000,0
0x0055fad0,,-,1000000000,0
0x0055fb20,,-,1000000000,0
0x0055fb50,,-,1000000000,0
0x0055fb80,,-,1000000000,0
0x0055fbc0,,-,1000000000,0
0x0055fbd0,,-,1000000000,0
0x0055fdc0,,-,1000000000,0
0x0055fe80,0x00513210,upstream,1,0
0x00560810,0x00508930,upstream,1,0
0x00560930,0x00511940,upstream,1,0
0x00560a40,,-,1000000000,0
0x00560a50,,-,1000000000,0
0x00560a60,,-,1000000000,0
0x00560a70,,-,1000000000,0
0x00560a80,,-,1000000000,0
0x00560a90,,-,1000000000,0
0x00560aa0,,-,1000000000,0
0x00560ab0,,-,1000000000,0
0x00560ac0,0x00513210,upstream,2,0
0x00560bd0,0x001071e0,upstream,2,0
0x00561160,,-,1000000000,0
0x005617d0,0x003fad18,upstream,1,0
0x00561aa0,0x00512ee0,upstream,1,0
0x00561b40,0x00511940,upstream,1,0
0x00561d40,0x00511940,upstream,1,0
0x00561e90,,-,1000000000,0
0x00561ed0,0x001071e0,upstream,1,0
0x00561fa0,0x00513210,upstream,2,0
0x00562170,0x00511940,upstream,1,0
0x005622a0,,-,1000000000,0
0x005625c0,0x0051e5a0,upstream,1,0
0x00562f20,0x00429f38,upstream,4,0
0x00563040,,-,1000000000,0
0x00563100,,-,1000000000,0
0x00563160,,-,1000000000,0
0x00563180,,-,1000000000,0
0x005631e0,,-,1000000000,0
0x005632d0,,-,1000000000,0
0x00563440,0x00511940,upstream,1,0
0x00563e10,0x00429068,upstream,5,0
0x00563f60,,-,1000000000,0
0x005640e0,0x00428998,upstream,1,0
0x00564270,,-,1000000000,0
0x00564360,0x00428998,upstream,4,0
0x005644b0,0x00428998,upstream,4,0
0x005647a0,,-,1000000000,0
0x00564820,,-,1000000000,0
0x00564850,,-,1000000000,0
0x00564890,,-,1000000000,0
0x00564cc0,0x00513210,upstream,2,0
0x00564e90,,-,1000000000,0
0x00564ed0,,-,1000000000,0
0x00565180,,-,1000000000,0
0x00565200,,-,1000000000,0
0x005652e0,,-,1000000000,0
0x00565300,,-,1000000000,0
0x00565320,,-,1000000000,0
0x00565340,,-,1000000000,0
0x00565360,,-,1000000000,0
0x005653a0,,-,1000000000,0
0x00565600,,-,1000000000,0
0x00565680,,-,1000000000,0
0x005656e0,0x00429068,upstream,5,0
0x00565830,0x00511940,upstream,2,0
0x00565920,0x00511940,upstream,1,0
0x00565a50,0x00428998,upstream,1,0
0x00565bd0,,-,1000000000,0
0x00565c60,0x00511940,upstream,1,0
0x00565dc0,,-,1000000000,0
0x00566430,0x00511940,upstream,2,0
0x005664c0,0x00511940,upstream,1,0
0x00567070,,-,1000000000,0
0x00567110,0x00428998,upstream,1,0
0x00567270,0x00511940,upstream,1,0
0x00567430,,-,1000000000,0
0x00567470,,-,1000000000,0
0x005674c0,,-,1000000000,0
0x005674d0,0x004f2210,upstream,1,0
0x00567580,,-,1000000000,0
0x005675b0,,-,1000000000,0
0x00567770,0x00428998,upstream,3,0
0x005679c0,,-,1000000000,0
0x005679e0,0x00511940,upstream,1,0
0x00567aa0,0x00511940,upstream,1,0
0x00567b40,0x00511940,upstream,1,0
0x00567bf0,0x00511940,upstream,2,0
0x00567e90,0x003fb210,upstream,2,0
0x00567f50,0x003fad18,upstream,2,0
0x00568080,0x00428998,upstream,5,0
0x005680b0,,-,1000000000,0
0x005683f0,,-,1000000000,0
0x00568450,,-,1000000000,0
0x00568580,,-,1000000000,0
0x005688c0,0x0051e5a0,upstream,1,0
0x00568b50,0x00513210,upstream,2,0
0x00568d10,0x00513210,upstream,1,0
0x00568f40,0x00511940,upstream,1,0
0x00569100,0x004287e0,upstream,1,0
0x0056a060,,-,1000000000,0
0x0056a080,,-,1000000000,0
0x0056a100,,-,1000000000,0
0x0056a470,,-,1000000000,0
0x0056a520,0x0058a7a0,upstream,1,0
0x0056a730,,-,1000000000,0
0x0056a850,0x00428998,upstream,5,0
0x0056a8d0,0x00428998,upstream,1,0
0x0056aa50,,-,1000000000,0
0x0056ab40,,-,1000000000,0
0x0056acb0,,-,1000000000,0
0x0056ada0,,-,1000000000,0
0x0056aef0,,-,1000000000,0
0x0056afe0,,-,1000000000,0
0x0056b210,,-,1000000000,0
0x0056b330,,-,1000000000,0
0x0056b3f0,,-,1000000000,0
0x0056b460,,-,1000000000,0
0x0056b740,,-,1000000000,0
0x0056b770,,-,1000000000,0
0x0056c0b0,,-,1000000000,0
0x0056c310,,-,1000000000,0
0x0056c350,0x004f2100,upstream,1,0
0x0056c5e0,0x004f2210,upstream,1,0
0x0056c8f0,0x001071e0,upstream,1,0
0x0056cae0,0x0058a7a0,upstream,1,0
0x0056d180,0x0058a7a0,upstream,1,0
0x0056d530,0x0058a7a0,upstream,1,0
0x0056d8e0,,-,1000000000,0
0x0056db10,,-,1000000000,0
0x0056dd40,0x001071e0,upstream,1,0
0x0056deb0,0x004f2210,upstream,1,0
0x0056dfb0,0x001071e0,upstream,1,0
0x0056e010,0x00428998,upstream,5,0
0x0056e070,0x00428998,upstream,6,0
0x0056e120,0x0058a7a0,upstream,1,0
0x0056e2e0,0x00428998,upstream,5,0
0x0056e3a0,0x00428998,upstream,5,0
0x0056e450,,-,1000000000,0
0x0056e5c0,,-,1000000000,0
0x0056e820,0x00428998,upstream,5,0
0x0056e880,,-,1000000000,0
0x0056e8b0,,-,1000000000,0
0x0056e8f0,,-,1000000000,0
0x0056e930,,-,1000000000,0
0x0056e990,0x00428998,upstream,5,0
0x0056ea10,0x00428998,upstream,5,0
0x0056ea90,0x00428998,upstream,5,0
0x0056eb00,,-,1000000000,0
0x0056eb40,0x00428998,upstream,5,0
0x0056ebc0,0x00428998,upstream,5,0
0x0056ec60,0x00428998,upstream,5,0
0x0056ed10,0x00428998,upstream,5,0
0x0056eda0,,-,1000000000,0
0x0056ef00,,-,1000000000,0
0x0056ef70,0x00428998,upstream,5,0
0x0056eff0,,-,1000000000,0
0x0056f030,0x00428998,upstream,5,0
0x0056f0f0,,-,1000000000,0
0x0056f110,,-,1000000000,0
0x0056f130,,-,1000000000,0
0x0056f150,,-,1000000000,0
0x0056f1e0,,-,1000000000,0
0x0056f210,0x00428998,upstream,5,0
0x0056f600,0x00428998,upstream,3,0
0x0056f660,,-,1000000000,0
0x0056f730,,-,1000000000,0
0x0056f790,,-,1000000000,0
0x0056f7c0,,-,1000000000,0
0x0056f880,0x00428998,upstream,5,0
0x0056f8e0,,-,1000000000,0
0x0056f910,,-,1000000000,0
0x0056f9b0,0x00513210,upstream,1,0
0x0056fbd0,0x00512ee0,upstream,2,0
0x0056fcf0,0x00428998,upstream,3,0
0x0056fdf0,,-,1000000000,0
0x0056fef0,,-,1000000000,0
0x0056ffc0,,-,1000000000,0
0x00570210,0x00513210,upstream,1,0
0x00570460,0x00513210,upstream,1,0
0x005705b0,0x00511940,upstream,2,0
0x00570610,,-,1000000000,0
0x00570650,,-,1000000000,0
0x00570840,0x00511940,upstream,2,0
0x005708a0,0x00511940,upstream,1,0
0x00570a00,,-,1000000000,0
0x00570a50,,-,1000000000,0
0x00570aa0,,-,1000000000,0
0x00570af0,,-,1000000000,0
0x00570b40,,-,1000000000,0
0x00570b90,,-,1000000000,0
0x00570be0,,-,1000000000,0
0x00570d20,,-,1000000000,0
0x00570d70,,-,1000000000,0
0x00570dc0,0x00428998,upstream,5,0
0x005710f0,0x00428998,upstream,5,0
0x005711f0,0x00428998,upstream,1,0
0x005715e0,0x003fb210,upstream,2,0
0x00572020,0x00511940,upstream,1,0
0x005720b0,0x003fad18,upstream,1,0
0x00573540,0x00511940,upstream,1,0
0x005737b0,0x00511940,upstream,1,0
0x005738c0,0x00511940,upstream,1,0
0x00573a40,0x00511940,upstream,1,0
0x00573c40,0x00511940,upstream,1,0
0x00573e40,0x00429068,upstream,5,0
0x00573ed0,,-,1000000000,0
0x00573f50,0x00428998,upstream,5,0
0x00574080,,-,1000000000,0
0x00574900,,-,1000000000,0
0x00574970,0x00511940,upstream,1,0
0x00574d80,,-,1000000000,0
0x00574ed0,0x00511940,upstream,2,0
0x00575180,0x00511940,upstream,1,0
0x005758c0,,-,1000000000,0
0x00575ad0,0x00428998,upstream,5,0
0x00575b60,0x00428998,upstream,4,0
0x00575c40,,-,1000000000,0
0x00575d70,0x00428998,upstream,5,0
0x00575f40,0x00511940,upstream,2,0
0x00576070,0x00511940,upstream,1,0
0x005762b0,,-,1000000000,0
0x00576320,0x00428998,upstream,4,0
0x00576490,0x00428998,upstream,4,0
0x00576510,0x00511940,upstream,1,0
0x005766f0,0x00513210,upstream,1,0
0x005767a0,0x00513210,upstream,1,0
0x005768e0,0x00511940,upstream,1,0
0x00576f40,,-,1000000000,0
0x005771a0,0x00511940,upstream,2,0
0x00577250,0x00513210,upstream,2,0
0x00577330,0x00511940,upstream,1,0
0x005773d0,0x00512ee0,upstream,1,0
0x00577620,0x00512ee0,upstream,1,0
0x00577790,0x00512ee0,upstream,1,0
0x00577870,0x00512ee0,upstream,2,0
0x00577d00,0x00511940,upstream,1,0
0x00577f70,0x00513210,upstream,1,0
0x00578200,0x00513f30,upstream,1,0
0x00578820,,-,1000000000,0
0x005788f0,0x00511940,upstream,1,0
0x00578a00,0x00511940,upstream,2,0
0x00578a90,,-,1000000000,0
0x00578aa0,,-,1000000000,0
0x00578ad0,,-,1000000000,0
0x00578be0,0x00513210,upstream,1,0
0x00579010,0x00513f30,upstream,1,0
0x00579520,,-,1000000000,0
0x00579880,0x00511940,upstream,1,0
0x00579d40,0x004f2100,upstream,1,0
0x00579d70,0x004f2100,upstream,1,0
0x00579da0,0x00511940,upstream,1,0
0x00579fc0,0x00511940,upstream,1,0
0x0057a230,0x00511940,upstream,1,0
0x0057a4b0,,-,1000000000,0
0x0057a4e0,,-,1000000000,0
0x0057a520,0x00511940,upstream,1,0
0x0057a790,,-,1000000000,0
0x0057a7b0,0x00511940,upstream,1,0
0x0057aa60,,-,1000000000,0
0x0057aaa0,0x00511940,upstream,1,0
0x0057ad00,,-,1000000000,0
0x0057ad60,0x00511940,upstream,1,0
0x0057b070,,-,1000000000,0
0x0057b090,,-,1000000000,0
0x0057b110,0x00511940,upstream,1,0
0x0057b450,0x00511940,upstream,1,0
0x0057b750,0x00511940,upstream,1,0
0x0057ba90,0x00511940,upstream,1,0
0x0057bd20,0x00511940,upstream,1,0
0x0057c030,0x00511940,upstream,1,0
0x0057c370,0x00511940,upstream,1,0
0x0057c6a0,0x00511940,upstream,1,0
0x0057ca10,0x00511940,upstream,1,0
0x0057cc00,,-,1000000000,0
0x0057cc60,0x00511940,upstream,1,0
0x0057ced0,0x00511940,upstream,1,0
0x0057d180,0x00511940,upstream,1,0
0x0057d420,0x00511940,upstream,1,0
0x0057d6f0,0x00511940,upstream,1,0
0x0057d980,0x00511940,upstream,1,0
0x0057dcb0,0x00511940,upstream,1,0
0x0057e020,0x00511940,upstream,1,0
0x0057e350,0x00511940,upstream,1,0
0x0057e6c0,0x00511940,upstream,1,0
0x0057e980,0x00511940,upstream,1,0
0x0057ecb0,0x00511940,upstream,1,0
0x0057f020,0x00511940,upstream,1,0
0x0057f380,0x00511940,upstream,1,0
0x0057f710,0x0050e310,upstream,1,0
0x0057f770,,-,1000000000,0
0x0057f7b0,,-,1000000000,0
0x0057f8a0,,-,1000000000,0
0x0057f940,,-,1000000000,0
0x0057f980,0x005118a0,upstream,1,0
0x0057fa20,,-,1000000000,0
0x0057fb10,,-,1000000000,0
0x0057fb60,0x005118a0,upstream,1,0
0x0057fbd0,,-,1000000000,0
0x0057fcc0,,-,1000000000,0
0x0057fd90,,-,1000000000,0
0x0057fe80,,-,1000000000,0
0x0057ffa0,,-,1000000000,0
0x00580090,,-,1000000000,0
0x005800e0,0x0050f930,upstream,1,0
0x00580170,0x0050f930,upstream,1,0
0x005801b0,0x0051e5a0,upstream,1,0
0x00580270,,-,1000000000,0
0x00580360,,-,1000000000,0
0x005803b0,0x0050f930,upstream,1,0
0x00580440,0x0050f930,upstream,1,0
0x00580480,0x0051e5a0,upstream,1,0
0x00580560,,-,1000000000,0
0x00580650,,-,1000000000,0
0x005806b0,0x00510320,upstream,1,0
0x00580740,0x0050f930,upstream,1,0
0x005807d0,0x0050f930,upstream,1,0
0x00580810,0x0051e5a0,upstream,1,0
0x005808d0,,-,1000000000,0
0x005809c0,,-,1000000000,0
0x00580a10,0x0050f930,upstream,1,0
0x00580aa0,0x0050f930,upstream,1,0
0x00580ae0,0x0051e5a0,upstream,1,0
0x00580ba0,,-,1000000000,0
0x00580c90,,-,1000000000,0
0x00580ce0,0x0050f930,upstream,1,0
0x00580d70,0x0050f930,upstream,1,0
0x00580db0,0x005118a0,upstream,1,0
0x00580e30,,-,1000000000,0
0x00580f20,,-,1000000000,0
0x00580f80,0x00510320,upstream,1,0
0x005810f0,,-,1000000000,0
0x005811e0,,-,1000000000,0
0x00581230,0x005118a0,upstream,1,0
0x005812a0,,-,1000000000,0
0x00581390,,-,1000000000,0
0x005813e0,0x00510320,upstream,1,0
0x005814a0,0x005118a0,upstream,1,0
0x00581520,,-,1000000000,0
0x00581610,,-,1000000000,0
0x00581660,0x00510320,upstream,1,0
0x00581740,0x0051e5a0,upstream,1,0
0x00581800,,-,1000000000,0
0x005818f0,,-,1000000000,0
0x00581940,0x0050f930,upstream,1,0
0x005819d0,0x0050f930,upstream,1,0
0x00581a10,0x0051e5a0,upstream,1,0
0x00581af0,,-,1000000000,0
0x00581be0,,-,1000000000,0
0x00581c40,0x00510320,upstream,1,0
0x00581cd0,0x0050f930,upstream,1,0
0x00581d60,0x0050f930,upstream,1,0
0x00581da0,0x005118a0,upstream,1,0
0x00581e20,,-,1000000000,0
0x00581f00,,-,1000000000,0
0x00581f50,0x0050f930,upstream,1,0
0x00581f90,0x005118a0,upstream,1,0
0x00582010,,-,1000000000,0
0x005820f0,,-,1000000000,0
0x00582140,0x0050f930,upstream,1,0
0x00582180,0x005118a0,upstream,1,0
0x00582200,,-,1000000000,0
0x005822e0,,-,1000000000,0
0x00582330,0x0050f930,upstream,1,0
0x00582370,0x005118a0,upstream,1,0
0x005823f0,,-,1000000000,0
0x005824d0,,-,1000000000,0
0x00582520,0x0050f930,upstream,1,0
0x00582560,0x005118a0,upstream,1,0
0x005825e0,,-,1000000000,0
0x005826c0,,-,1000000000,0
0x00582710,0x0050f930,upstream,1,0
0x00582750,0x005118a0,upstream,1,0
0x005827d0,,-,1000000000,0
0x005828b0,,-,1000000000,0
0x00582900,0x0050f930,upstream,1,0
0x00582940,0x005118a0,upstream,1,0
0x005829c0,,-,1000000000,0
0x00582aa0,,-,1000000000,0
0x00582af0,0x0050f930,upstream,1,0
0x00582b30,0x005118a0,upstream,1,0
0x00582bb0,,-,1000000000,0
0x00582c90,,-,1000000000,0
0x00582ce0,0x0050f930,upstream,1,0
0x00582d20,0x005118a0,upstream,1,0
0x00582da0,,-,1000000000,0
0x00582e80,,-,1000000000,0
0x00582ed0,0x0050f930,upstream,1,0
0x00582f10,0x005118a0,upstream,1,0
0x00582f90,,-,1000000000,0
0x00583070,,-,1000000000,0
0x005830c0,0x0050f930,upstream,1,0
0x00583100,0x005118a0,upstream,1,0
0x00583180,,-,1000000000,0
0x00583260,,-,1000000000,0
0x005832b0,0x0050f930,upstream,1,0
0x005832f0,0x005118a0,upstream,1,0
0x00583370,,-,1000000000,0
0x00583450,,-,1000000000,0
0x005834a0,0x005118a0,upstream,1,0
0x00583540,,-,1000000000,0
0x00583630,,-,1000000000,0
0x00583680,0x005118a0,upstream,1,0
0x00583700,,-,1000000000,0
0x005837f0,,-,1000000000,0
0x00583840,0x00512e00,upstream,1,0
0x00583920,0x0050f930,upstream,1,0
0x00583960,0x005118a0,upstream,1,0
0x005839e0,,-,1000000000,0
0x00583ad0,,-,1000000000,0
0x00583b20,0x00512e00,upstream,1,0
0x00583c00,0x0050f930,upstream,1,0
0x00583c40,0x005118a0,upstream,1,0
0x00583cc0,,-,1000000000,0
0x00583db0,,-,1000000000,0
0x00583e00,0x00512e00,upstream,1,0
0x00583ee0,0x005118a0,upstream,1,0
0x00583f60,,-,1000000000,0
0x00584050,,-,1000000000,0
0x005840a0,0x00512e00,upstream,1,0
0x00584180,0x005118a0,upstream,1,0
0x00584220,,-,1000000000,0
0x00584310,,-,1000000000,0
0x00584360,0x0050f930,upstream,1,0
0x005843a0,0x005118a0,upstream,1,0
0x00584420,,-,1000000000,0
0x00584510,,-,1000000000,0
0x00584560,0x00512e00,upstream,1,0
0x00584640,0x0050f930,upstream,1,0
0x00584680,0x005118a0,upstream,1,0
0x00584700,,-,1000000000,0
0x005847f0,,-,1000000000,0
0x00584840,0x00512e00,upstream,1,0
0x00584920,0x0050f930,upstream,1,0
0x00584960,0x005118a0,upstream,1,0
0x005849e0,,-,1000000000,0
0x00584ad0,,-,1000000000,0
0x00584b20,0x00510320,upstream,1,0
0x00584e00,,-,1000000000,0
0x00584ed0,,-,1000000000,0
0x00584fe0,,-,1000000000,0
0x00585300,,-,1000000000,0
0x00585470,,-,1000000000,0
0x005854d0,,-,1000000000,0
0x00585670,,-,1000000000,0
0x005856c0,,-,1000000000,0
0x005857c0,,-,1000000000,0
0x005858b0,,-,1000000000,0
0x005859a0,,-,1000000000,0
0x00585a20,,-,1000000000,0
0x00585b40,,-,1000000000,0
0x00585c00,,-,1000000000,0
0x00585cb0,,-,1000000000,0
0x00585d00,,-,1000000000,0
0x00585d50,,-,1000000000,0
0x005861f0,0x004287e0,upstream,1,0
0x00586730,,-,1000000000,0
0x005867b0,,-,1000000000,0
0x00586a40,,-,1000000000,0
0x00586a60,,-,1000000000,0
0x00586c80,,-,1000000000,0
0x00586d80,,-,1000000000,0
0x00586e40,,-,1000000000,0
0x00586eb0,,-,1000000000,0
0x005870a0,,-,1000000000,0
0x005871a0,,-,1000000000,0
0x00587540,,-,1000000000,0
0x005875f0,,-,1000000000,0
0x00587640,,-,1000000000,0
0x005876a0,,-,1000000000,0
0x005876f0,,-,1000000000,0
0x00587760,,-,1000000000,0
0x00587840,,-,1000000000,0
0x005878f0,,-,1000000000,0
0x00587a10,,-,1000000000,0
0x00587c20,,-,1000000000,0
0x00587fa0,,-,1000000000,0
0x005881b0,,-,1000000000,0
0x00588310,,-,1000000000,0
0x005885b0,,-,1000000000,0
0x005887a0,,-,1000000000,0
0x005888f0,,-,1000000000,0
0x00588910,,-,1000000000,0
0x00588a80,,-,1000000000,0
0x00588aa0,,-,1000000000,0
0x00588b20,,-,1000000000,0
0x00588ca0,,-,1000000000,0
0x00589210,0x00508930,upstream,1,0
0x00589320,0x004f2210,upstream,1,0
0x00589a10,0x00511940,upstream,1,0
0x00589cd0,0x00511940,upstream,1,0
0x00589ef0,0x00511940,upstream,1,0
0x00589f70,,-,1000000000,0
0x00589fc0,,-,1000000000,0
0x0058a010,,-,1000000000,0
0x0058a030,,-,1000000000,0
0x0058a050,,-,1000000000,0
0x0058a070,,-,1000000000,0
0x0058a090,,-,1000000000,0
0x0058a0b0,,-,1000000000,0
0x0058a120,,-,1000000000,0
0x0058a190,,-,1000000000,0
0x0058a200,,-,1000000000,0
0x0058a240,,-,1000000000,0
0x0058a280,,-,1000000000,0
0x0058a2c0,,-,1000000000,0
0x0058a300,,-,1000000000,0
0x0058a340,,-,1000000000,0
0x0058a380,,-,1000000000,0
0x0058a3c0,,-,1000000000,0
0x0058a400,,-,1000000000,0
0x0058a440,,-,1000000000,0
0x0058a490,,-,1000000000,0
0x0058a500,,-,1000000000,0
0x0058a550,,-,1000000000,0
0x0058a5c0,,-,1000000000,0
0x0058a610,,-,1000000000,0
0x0058a6a0,,-,1000000000,0
0x0058a6f0,,-,1000000000,0
0x0058a740,,-,1000000000,0
0x0058a790,,-,1000000000,0
0x0058a7a0,0x0058a7a0,upstream,0,1
0x0058a7f0,0x001071e0,upstream,1,0
0x0058a890,,-,1000000000,0
0x0058a910,,-,1000000000,0
0x0058ab30,,-,1000000000,0
0x0058b030,,-,1000000000,0
0x0058b090,,-,1000000000,1
0x0058b0b0,,-,1000000000,1
0x0058b0d0,,-,1000000000,0
0x0058b1b0,,-,1000000000,0
0x0058b2e0,0x0058a7a0,upstream,1,0
0x0058b330,,-,1000000000,0
0x0058b350,,-,1000000000,0
0x0058b420,,-,1000000000,0
0x0058b4f0,0x0043b320,upstream,2,0
0x0058b570,0x0043b320,upstream,2,0
0x0058b5f0,0x0043b320,upstream,1,0
0x0058b760,0x0043b320,upstream,1,0
0x0058b8d0,0x0043b320,upstream,3,0
0x0058b910,0x0043b320,upstream,3,0
0x0058b950,,-,1000000000,0
0x0058b9d0,,-,1000000000,0
0x0058bac0,,-,1000000000,0
0x0058bb70,,-,1000000000,0
0x0058bc30,,-,1000000000,0
0x0058bd70,,-,1000000000,0
0x0058c090,,-,1000000000,0
0x0058c3a0,,-,1000000000,1
0x0058c4a0,,-,1000000000,0
0x0058c700,,-,1000000000,0
0x0058c7d0,0x0058a7a0,upstream,1,0
0x0058cb30,,-,1000000000,0
0x0058cc00,,-,1000000000,0
0x0058cce0,,-,1000000000,0
0x0058ce00,,-,1000000000,0
0x0058cee0,,-,1000000000,0
0x0058d100,0x0043b320,upstream,1,0
0x0058d220,,-,1000000000,0
0x0058d2f0,,-,1000000000,0
0x0058d3a0,0x0058a7a0,upstream,1,0
0x0058d4c0,,-,1000000000,0
0x0058d570,,-,1000000000,0
0x0058d690,,-,1000000000,0
0x0058d6d0,,-,1000000000,0
0x0058d710,,-,1000000000,0
0x0058d7c0,,-,1000000000,0
0x0058d810,,-,1000000000,0
0x0058d880,,-,1000000000,0
0x0058d9b0,,-,1000000000,0
0x0058da70,,-,1000000000,0
0x0058dac0,,-,1000000000,0
0x0058db10,,-,1000000000,0
0x0058dea0,,-,1000000000,0
0x0058e5b0,,-,1000000000,0
0x0058e620,,-,1000000000,0
0x0058e6e0,,-,1000000000,0
0x0058eb50,0x004f2100,upstream,1,0
0x0058eb80,0x004f2100,upstream,1,0
0x0058ebb0,0x004f2100,upstream,1,0
0x0058ebe0,0x004f2100,upstream,1,0
0x0058ec10,0x004f2100,upstream,1,0
0x0058ec40,0x004f2100,upstream,1,0
0x0058ec70,0x004f2100,upstream,1,0
0x0058eca0,0x004f2100,upstream,1,0
0x0058ecd0,0x004f2100,upstream,1,0
0x0058ed00,0x004f2100,upstream,1,0
0x0058ed30,0x004f2100,upstream,1,0
0x0058ed60,0x004f2100,upstream,1,0
0x0058ed90,0x004f2100,upstream,1,0
0x0058edc0,0x004f2100,upstream,1,0
0x0058edf0,0x004f2100,upstream,1,0
0x0058ee20,0x004f2100,upstream,1,0
0x0058ee50,0x004f2100,upstream,1,0
0x0058eea0,0x0050f930,upstream,1,0
0x0058eee0,0x005118a0,upstream,1,0
0x0058ef50,,-,1000000000,0
0x0058f030,,-,1000000000,0
0x0058f080,,-,1000000000,0
0x0058f170,,-,1000000000,0
0x0058f1c0,0x00510320,upstream,1,0
0x0058f290,0x0050f930,upstream,1,0
0x0058f2d0,0x00511940,upstream,1,0
0x0058f390,,-,1000000000,0
0x0058f490,,-,1000000000,0
0x0058f4e0,0x00510320,upstream,1,0
0x0058f5c0,0x00508930,upstream,2,0
0x0058f600,,-,1000000000,0
0x0058f640,0x005118a0,upstream,1,0
0x0058f6f0,0x00511940,upstream,1,0
0x0058f770,0x00511940,upstream,1,0
0x0058f8d0,,-,1000000000,0
0x0058f9c0,,-,1000000000,0
0x0058fa20,0x00512e00,upstream,1,0
0x0058fd50,,-,1000000000,0
0x0058fe30,,-,1000000000,0
0x0058fe80,0x005118a0,upstream,1,0
0x0058ff80,,-,1000000000,0
0x00590080,,-,1000000000,0
0x005900e0,0x00512e00,upstream,1,0
0x005903a0,,-,1000000000,0
0x00590490,,-,1000000000,0
0x005904e0,0x00510320,upstream,1,0
0x00590730,0x0050f930,upstream,1,0
0x00590770,0x0058a7a0,upstream,1,0
0x00590840,,-,1000000000,0
0x00590930,,-,1000000000,0
0x00590980,0x00510320,upstream,1,0
0x005909f0,0x005118a0,upstream,1,0
0x00590a90,,-,1000000000,0
0x00590b80,,-,1000000000,0
0x00590bd0,0x0050f930,upstream,1,0
0x00590c10,0x005118a0,upstream,1,0
0x00590cb0,,-,1000000000,0
0x00590da0,,-,1000000000,0
0x00590df0,0x005118a0,upstream,1,0
0x00590e90,,-,1000000000,0
0x00590f80,,-,1000000000,0
0x00590fd0,0x0050f930,upstream,1,0
0x00591010,0x0058a7a0,upstream,1,0
0x00591100,,-,1000000000,0
0x005911f0,0x00510320,upstream,1,0
0x00591390,0x005118a0,upstream,1,0
0x00591460,,-,1000000000,0
0x00591550,,-,1000000000,0
0x005915b0,0x00510320,upstream,1,0
0x00591640,0x0050f930,upstream,1,0
0x00591680,,-,1000000000,0
0x00591760,0x00510320,upstream,1,0
0x00591800,0x0050e310,upstream,1,0
0x00591860,0x005118a0,upstream,1,0
0x00591930,0x00511940,upstream,1,0
0x005919b0,,-,1000000000,0
0x00591aa0,,-,1000000000,0
0x00591af0,0x00510320,upstream,1,0
0x00591c00,0x005118a0,upstream,1,0
0x00591c80,,-,1000000000,0
0x00591d70,,-,1000000000,0
0x00591dc0,0x00512e00,upstream,1,0
0x00591ea0,0x00511940,upstream,1,0
0x00592000,,-,1000000000,0
0x005920f0,,-,1000000000,0
0x00592150,0x00510320,upstream,1,0
0x00592380,0x005118a0,upstream,1,0
0x00592410,,-,1000000000,0
0x00592500,,-,1000000000,0
0x00592550,0x00510320,upstream,1,0
0x005925f0,0x0050f930,upstream,1,0
0x00592630,0x005118a0,upstream,1,0
0x00592700,,-,1000000000,0
0x005927f0,,-,1000000000,0
0x00592840,0x00510320,upstream,1,0
0x00592910,0x0051e5a0,upstream,1,0
0x005929d0,,-,1000000000,0
0x00592ac0,,-,1000000000,0
0x00592b10,0x00510320,upstream,1,0
0x00592b80,0x0050f930,upstream,1,0
0x00592bc0,0x0051e5a0,upstream,1,0
0x00592c80,,-,1000000000,0
0x00592d80,0x00510320,upstream,1,0
0x00592df0,0x0050f930,upstream,1,0
0x00592e30,0x005118a0,upstream,1,0
0x005930a0,0x00511940,upstream,1,0
0x00593120,0x00511940,upstream,1,0
0x005931a0,0x00511940,upstream,1,0
0x00593220,,-,1000000000,0
0x00593230,,-,1000000000,0
0x00593240,,-,1000000000,0
0x00593250,,-,1000000000,0
0x00593260,,-,1000000000,0
0x00593270,,-,1000000000,0
0x00593360,,-,1000000000,0
0x005933b0,0x00510320,upstream,1,0
0x00593bf0,0x005118a0,upstream,1,0
0x00593c90,,-,1000000000,0
0x00593d80,,-,1000000000,0
0x00593dd0,0x005118a0,upstream,1,0
0x00593e80,,-,1000000000,0
0x00593f70,,-,1000000000,0
0x00593fd0,0x0050f930,upstream,1,0
0x00594010,0x00511940,upstream,1,0
0x00594160,,-,1000000000,0
0x00594250,,-,1000000000,0
0x005942a0,0x00510320,upstream,1,0
0x00594450,0x005118a0,upstream,1,0
0x005944f0,,-,1000000000,0
0x005945e0,,-,1000000000,0
0x00594630,0x0051e5a0,upstream,1,0
0x00594790,,-,1000000000,0
0x00594880,,-,1000000000,0
0x005948d0,0x00510320,upstream,1,0
0x005949d0,0x005118a0,upstream,1,0
0x00594a70,,-,1000000000,0
0x00594b60,,-,1000000000,0
0x00594bb0,0x0051e5a0,upstream,1,0
0x00594ce0,,-,1000000000,0
0x00594dd0,,-,1000000000,0
0x00594e30,0x00510320,upstream,1,0
0x00594f40,0x005118a0,upstream,1,0
0x00594fe0,,-,1000000000,0
0x005950d0,,-,1000000000,0
0x00595120,0x0051e5a0,upstream,1,0
0x005951f0,,-,1000000000,0
0x005952e0,,-,1000000000,0
0x00595330,0x00510320,upstream,1,0
0x005953c0,0x0050f930,upstream,1,0
0x00595400,0x005118a0,upstream,1,0
0x005954d0,0x00511940,upstream,1,0
0x00595590,,-,1000000000,0
0x00595680,0x005118a0,upstream,1,0
0x00595790,,-,1000000000,0
0x00595880,,-,1000000000,0
0x005958e0,0x00510320,upstream,1,0
0x00595a90,0x0050f930,upstream,1,0
0x00595ad0,0x005118a0,upstream,1,0
0x00595b40,,-,1000000000,0
0x00595c20,,-,1000000000,0
0x00595c70,0x0050f930,upstream,1,0
0x00595cb0,0x0051e5a0,upstream,1,0
0x00595de0,,-,1000000000,0
0x00595ee0,,-,1000000000,0
0x00595f30,0x00510320,upstream,1,0
0x005960c0,,-,1000000000,0
0x005961b0,,-,1000000000,0
0x00596200,0x0050e310,upstream,1,0
0x00596260,0x0051e5a0,upstream,1,0
0x005963c0,,-,1000000000,0
0x005964b0,,-,1000000000,0
0x00596500,0x00510320,upstream,1,0
0x00596640,0x005118a0,upstream,1,0
0x00596700,,-,1000000000,0
0x005967f0,,-,1000000000,0
0x00596840,0x00510320,upstream,1,0
0x005969e0,,-,1000000000,0
0x00596ac0,,-,1000000000,0
0x00596b10,0x00510320,upstream,1,0
0x00596ba0,0x005118a0,upstream,1,0
0x00596c50,,-,1000000000,0
0x00596d40,,-,1000000000,0
0x00596d90,0x005118a0,upstream,1,0
0x00596e40,,-,1000000000,0
0x00596f30,,-,1000000000,0
0x00596f80,0x005118a0,upstream,1,0
0x00597030,,-,1000000000,0
0x00597120,,-,1000000000,0
0x00597170,0x005118a0,upstream,1,0
0x00597220,,-,1000000000,0
0x00597310,,-,1000000000,0
0x00597360,0x005118a0,upstream,1,0
0x00597410,,-,1000000000,0
0x00597500,,-,1000000000,0
0x00597550,0x005118a0,upstream,1,0
0x00597600,,-,1000000000,0
0x005976f0,,-,1000000000,0
0x00597740,0x005118a0,upstream,1,0
0x005977f0,,-,1000000000,0
0x005978e0,,-,1000000000,0
0x00597930,0x005118a0,upstream,1,0
0x005979e0,,-,1000000000,0
0x00597ad0,,-,1000000000,0
0x00597b20,0x005118a0,upstream,1,0
0x00597bd0,,-,1000000000,0
0x00597cc0,,-,1000000000,0
0x00597d10,0x0050f930,upstream,1,0
0x00597d50,0x005118a0,upstream,1,0
0x00597dd0,,-,1000000000,0
0x00597eb0,,-,1000000000,0
0x00597f00,0x005110e0,upstream,1,0
0x00597f60,0x005118a0,upstream,1,0
0x00598050,0x00511940,upstream,1,0
0x005980d0,,-,1000000000,0
0x005981c0,,-,1000000000,0
0x00598210,0x00510320,upstream,1,0
0x005983e0,,-,1000000000,0
0x005984c0,,-,1000000000,0
0x00598510,,-,1000000000,0
0x005985f0,,-,1000000000,0
0x00598640,0x005118a0,upstream,1,0
0x005986e0,,-,1000000000,0
0x005987d0,,-,1000000000,0
0x00598820,0x0050f930,upstream,1,0
0x00598860,0x00511940,upstream,1,0
0x00598970,,-,1000000000,0
0x00598a60,0x00510320,upstream,1,0
0x00598b60,0x005118a0,upstream,1,0
0x00598cb0,0x00511940,upstream,1,0
0x00598d30,0x00511940,upstream,1,0
0x00598db0,,-,1000000000,0
0x00598dc0,,-,1000000000,0
0x00598dd0,,-,1000000000,0
0x00598de0,,-,1000000000,0
0x00598df0,,-,1000000000,0
0x00598e00,0x005110e0,upstream,1,0
0x00598e70,,-,1000000000,0
0x00598f60,,-,1000000000,0
0x00598fb0,0x00510320,upstream,1,0
0x00599340,0x005118a0,upstream,1,0
0x005993e0,,-,1000000000,0
0x005994d0,,-,1000000000,0
0x00599520,0x005118a0,upstream,1,0
0x005995c0,,-,1000000000,0
0x005996b0,,-,1000000000,0
0x00599700,0x0050f930,upstream,1,0
0x00599740,0x005118a0,upstream,1,0
0x005997e0,,-,1000000000,0
0x005998d0,,-,1000000000,0
0x00599920,0x0051e5a0,upstream,1,0
0x00599a80,,-,1000000000,0
0x00599b70,,-,1000000000,0
0x00599bc0,0x00510320,upstream,1,0
0x00599d10,0x00511940,upstream,1,0
0x00599d90,0x0050e310,upstream,1,0
0x00599df0,0x0050e310,upstream,1,0
0x00599e50,0x00511940,upstream,1,0
0x00599f60,,-,1000000000,0
0x0059a050,,-,1000000000,0
0x0059a0a0,0x00510320,upstream,1,0
0x0059a220,0x005118a0,upstream,1,0
0x0059a2c0,,-,1000000000,0
0x0059a3b0,,-,1000000000,0
0x0059a400,0x00511940,upstream,1,0
0x0059a550,,-,1000000000,0
0x0059a640,,-,1000000000,0
0x0059a690,0x00510320,upstream,1,0
0x0059a810,0x00511940,upstream,1,0
0x0059a890,0x005118a0,upstream,1,0
0x0059a9d0,0x00511940,upstream,1,0
0x0059aa50,,-,1000000000,0
0x0059aa60,,-,1000000000,0
0x0059aa70,,-,1000000000,0
0x0059aa80,,-,1000000000,0
0x0059aa90,,-,1000000000,0
0x0059aaa0,0x005110e0,upstream,1,0
0x0059ab20,,-,1000000000,0
0x0059ac10,,-,1000000000,0
0x0059ac60,0x00510320,upstream,1,0
0x0059af60,0x0050f930,upstream,1,0
0x0059afa0,0x005118a0,upstream,1,0
0x0059b0a0,,-,1000000000,0
0x0059b190,,-,1000000000,0
0x0059b1e0,0x00510320,upstream,1,0
0x0059b4b0,0x005118a0,upstream,1,0
0x0059b550,,-,1000000000,0
0x0059b640,,-,1000000000,0
0x0059b690,0x005118a0,upstream,1,0
0x0059b750,,-,1000000000,0
0x0059b840,,-,1000000000,0
0x0059b890,0x00510320,upstream,1,0
0x0059b920,0x005118a0,upstream,1,0
0x0059ba10,,-,1000000000,0
0x0059bb00,,-,1000000000,0
0x0059bb50,0x00510320,upstream,1,0
0x0059bd30,0x005118a0,upstream,1,0
0x0059be00,,-,1000000000,0
0x0059bef0,,-,1000000000,0
0x0059bf40,0x00510320,upstream,1,0
0x0059c010,0x005118a0,upstream,1,0
0x0059c0d0,,-,1000000000,0
0x0059c1c0,,-,1000000000,0
0x0059c210,0x00510320,upstream,1,0
0x0059c2e0,0x00511940,upstream,1,0
0x0059c360,0x00511940,upstream,1,0
0x0059c3e0,0x00511940,upstream,1,0
0x0059c460,0x005118a0,upstream,1,0
0x0059c550,0x00511940,upstream,1,0
0x0059c5d0,0x00511940,upstream,1,0
0x0059c650,,-,1000000000,0
0x0059c750,,-,1000000000,0
0x0059c7b0,0x00510320,upstream,1,0
0x0059c9e0,,-,1000000000,0
0x0059ca20,,-,1000000000,0
0x0059ca60,0x00511940,upstream,1,0
0x0059cbb0,,-,1000000000,0
0x0059cca0,,-,1000000000,0
0x0059ccf0,0x00510320,upstream,1,0
0x0059ce50,0x0050f930,upstream,1,0
0x0059ce90,0x005118a0,upstream,1,0
0x0059cf10,,-,1000000000,0
0x0059cff0,,-,1000000000,0
0x0059d040,0x005118a0,upstream,1,0
0x0059d110,0x005118a0,upstream,1,0
0x0059d1b0,0x00511940,upstream,1,0
0x0059d230,,-,1000000000,0
0x0059d320,,-,1000000000,0
0x0059d380,0x00510320,upstream,1,0
0x0059d490,0x005118a0,upstream,1,0
0x0059d580,,-,1000000000,0
0x0059d670,,-,1000000000,0
0x0059d6c0,0x00512e00,upstream,1,0
0x0059d7c0,0x005118a0,upstream,1,0
0x0059d830,,-,1000000000,0
0x0059d920,,-,1000000000,0
0x0059d9a0,,-,1000000000,0
0x0059d9e0,0x005118a0,upstream,1,0
0x0059db10,0x0051e5a0,upstream,1,0
0x0059dc30,0x00511940,upstream,1,0
0x0059dcb0,,-,1000000000,0
0x0059dda0,,-,1000000000,0
0x0059de00,0x00510320,upstream,1,0
0x0059e050,0x005118a0,upstream,1,0
0x0059e130,,-,1000000000,0
0x0059e220,,-,1000000000,0
0x0059e270,0x00510320,upstream,1,0
0x0059e330,0x0050f930,upstream,1,1
0x0059e370,0x005118a0,upstream,1,0
0x0059e430,,-,1000000000,0
0x0059e520,,-,1000000000,0
0x0059e570,0x00510320,upstream,1,0
0x0059e640,0x005118a0,upstream,1,0
0x0059e6e0,,-,1000000000,0
0x0059e7d0,,-,1000000000,0
0x0059e820,0x0050f930,upstream,1,0
0x0059e860,0x00511940,upstream,1,0
0x0059e920,,-,1000000000,0
0x0059ea10,,-,1000000000,0
0x0059ea60,0x00510320,upstream,1,0
0x0059eb70,0x005118a0,upstream,1,0
0x0059ec10,,-,1000000000,0
0x0059ed00,,-,1000000000,0
0x0059ed50,0x0050f930,upstream,1,0
0x0059ed90,0x005118a0,upstream,1,0
0x0059ee70,,-,1000000000,0
0x0059ef70,,-,1000000000,0
0x0059efc0,0x00512e00,upstream,1,0
0x0059f1f0,,-,1000000000,0
0x0059f2f0,,-,1000000000,0
0x0059f340,0x00510320,upstream,1,0
0x0059f520,,-,1000000000,0
0x0059f600,,-,1000000000,0
0x0059f6f0,,-,1000000000,0
0x0059f740,,-,1000000000,0
0x0059f830,,-,1000000000,0
0x0059f880,0x00510320,upstream,1,0
0x0059fd50,,-,1000000000,0
0x0059fda0,0x005118a0,upstream,1,0
0x0059fe60,,-,1000000000,0
0x0059ff50,,-,1000000000,0
0x0059ffa0,0x00510320,upstream,1,0
0x005a0130,0x0050e310,upstream,1,0
0x005a0190,0x0050e310,upstream,1,0
0x005a01f0,0x005118a0,upstream,1,0
0x005a0370,0x00511940,upstream,1,0
0x005a03f0,0x00511940,upstream,1,0
0x005a0470,0x00511940,upstream,1,0
0x005a04f0,,-,1000000000,0
0x005a0500,,-,1000000000,0
0x005a0510,,-,1000000000,0
0x005a0520,,-,1000000000,0
0x005a0610,,-,1000000000,0
0x005a0660,0x00510320,upstream,1,0
0x005a0b00,0x005118a0,upstream,1,0
0x005a0ba0,,-,1000000000,0
0x005a0c90,,-,1000000000,0
0x005a0ce0,0x0050f930,upstream,1,0
0x005a0d20,0x00511940,upstream,1,0
0x005a0de0,,-,1000000000,0
0x005a0ed0,,-,1000000000,0
0x005a0f20,0x00510320,upstream,1,0
0x005a1030,0x0050f930,upstream,1,0
0x005a1070,0x005118a0,upstream,1,0
0x005a1190,0x00511940,upstream,1,0
0x005a1210,,-,1000000000,0
0x005a1220,,-,1000000000,0
0x005a1320,,-,1000000000,0
0x005a1370,0x00510320,upstream,1,0
0x005a1670,,-,1000000000,0
0x005a1750,,-,1000000000,0
0x005a1840,,-,1000000000,0
0x005a1890,0x0050f930,upstream,1,0
0x005a18d0,0x00511940,upstream,1,0
0x005a19e0,,-,1000000000,0
0x005a1ad0,,-,1000000000,0
0x005a1b20,0x00510320,upstream,1,0
0x005a1cb0,0x0050f930,upstream,1,1
0x005a1cf0,0x005118a0,upstream,1,0
0x005a1fa0,,-,1000000000,0
0x005a20a0,0x00510320,upstream,1,0
0x005a2b50,0x00508930,upstream,2,0
0x005a2c40,,-,1000000000,0
0x005a2d30,,-,1000000000,0
0x005a2d80,0x00510320,upstream,1,0
0x005a2e50,0x0050e310,upstream,1,0
0x005a2eb0,0x0058a7a0,upstream,1,0
0x005a2fa0,,-,1000000000,0
0x005a3090,,-,1000000000,0
0x005a30e0,0x00510320,upstream,1,0
0x005a31b0,0x005118a0,upstream,1,0
0x005a3240,,-,1000000000,0
0x005a3330,,-,1000000000,0
0x005a3380,0x00510320,upstream,1,0
0x005a33f0,0x005118a0,upstream,1,0
0x005a34c0,,-,1000000000,0
0x005a35b0,,-,1000000000,0
0x005a3600,0x00510320,upstream,1,0
0x005a3710,0x0050f930,upstream,1,0
0x005a3750,0x005118a0,upstream,1,0
0x005a37f0,,-,1000000000,0
0x005a38e0,,-,1000000000,0
0x005a3930,0x005118a0,upstream,1,0
0x005a3a60,0x00511940,upstream,1,0
0x005a3ae0,0x00511940,upstream,1,0
0x005a3b60,,-,1000000000,0
0x005a3c60,,-,1000000000,0
0x005a3cb0,0x00510320,upstream,1,0
0x005a4170,,-,1000000000,0
0x005a4260,,-,1000000000,0
0x005a42b0,0x0050f930,upstream,1,0
0x005a42f0,0x00511940,upstream,1,0
0x005a43e0,,-,1000000000,0
0x005a44d0,,-,1000000000,0
0x005a4520,0x00510320,upstream,1,0
0x005a46d0,0x005118a0,upstream,1,0
0x005a4770,,-,1000000000,0
0x005a4860,,-,1000000000,0
0x005a48b0,0x0050f930,upstream,1,1
0x005a48f0,0x005118a0,upstream,1,0
0x005a49c0,,-,1000000000,0
0x005a4ab0,0x00510320,upstream,1,0
0x005a4b80,0x005118a0,upstream,1,0
0x005a4c20,,-,1000000000,0
0x005a4d10,,-,1000000000,0
0x005a4d60,0x005118a0,upstream,1,0
0x005a4e50,0x00511940,upstream,1,0
0x005a4ed0,0x00511940,upstream,1,0
0x005a4f50,0x00511940,upstream,1,0
0x005a4fd0,,-,1000000000,0
0x005a50c0,,-,1000000000,0
0x005a5110,0x00510320,upstream,1,0
0x005a5300,,-,1000000000,0
0x005a53f0,,-,1000000000,0
0x005a5440,0x00510320,upstream,1,0
0x005a5500,0x0050f930,upstream,1,0
0x005a5540,0x005118a0,upstream,1,0
0x005a55f0,,-,1000000000,0
0x005a56e0,,-,1000000000,0
0x005a5730,0x005118a0,upstream,1,0
0x005a57d0,,-,1000000000,0
0x005a58c0,,-,1000000000,0
0x005a5910,0x0050e310,upstream,1,0
0x005a5970,0x0050e310,upstream,1,0
0x005a59d0,0x0050e310,upstream,1,0
0x005a5a30,0x0050f930,upstream,1,0
0x005a5a70,0x00511940,upstream,1,0
0x005a5bc0,,-,1000000000,0
0x005a5cb0,,-,1000000000,0
0x005a5d00,0x00510320,upstream,1,0
0x005a5f40,,-,1000000000,0
0x005a6020,,-,1000000000,0
0x005a6070,0x00510320,upstream,1,0
0x005a6130,0x005118a0,upstream,1,0
0x005a61d0,,-,1000000000,0
0x005a62c0,,-,1000000000,0
0x005a6310,0x0050e310,upstream,1,0
0x005a6370,0x0050f930,upstream,1,0
0x005a63b0,0x00511940,upstream,1,0
0x005a6470,,-,1000000000,0
0x005a6560,,-,1000000000,0
0x005a65b0,0x00510320,upstream,1,0
0x005a66b0,0x005118a0,upstream,1,0
0x005a67b0,0x00511940,upstream,1,0
0x005a6830,0x00511940,upstream,1,0
0x005a68b0,0x00511940,upstream,1,0
0x005a6930,,-,1000000000,0
0x005a6a20,,-,1000000000,0
0x005a6a70,0x00510320,upstream,1,0
0x005a6c70,0x0050f930,upstream,1,0
0x005a6cb0,0x005118a0,upstream,1,0
0x005a6d60,,-,1000000000,0
0x005a6e50,,-,1000000000,0
0x005a6ea0,0x005118a0,upstream,1,0
0x005a6f40,,-,1000000000,0
0x005a7030,,-,1000000000,0
0x005a7080,0x0050f930,upstream,1,0
0x005a70c0,0x005118a0,upstream,1,0
0x005a7160,,-,1000000000,0
0x005a7250,,-,1000000000,0
0x005a72a0,0x0050f930,upstream,1,0
0x005a72e0,0x00511940,upstream,1,0
0x005a73f0,,-,1000000000,0
0x005a74e0,,-,1000000000,0
0x005a7530,0x00510320,upstream,1,0
0x005a7680,0x005118a0,upstream,1,0
0x005a7720,,-,1000000000,0
0x005a7810,,-,1000000000,0
0x005a7860,0x0050f930,upstream,1,0
0x005a78a0,0x005118a0,upstream,1,0
0x005a7980,,-,1000000000,0
0x005a7a80,,-,1000000000,0
0x005a7ae0,0x00510320,upstream,1,0
0x005a7e30,,-,1000000000,0
0x005a7f20,,-,1000000000,0
0x005a7f70,0x0050f930,upstream,1,0
0x005a7fb0,0x00511940,upstream,1,0
0x005a8100,,-,1000000000,0
0x005a81f0,,-,1000000000,0
0x005a8240,0x00510320,upstream,1,0
0x005a83d0,0x005118a0,upstream,1,0
0x005a8470,,-,1000000000,0
0x005a8560,,-,1000000000,0
0x005a85b0,0x005118a0,upstream,1,0
0x005a8690,,-,1000000000,0
0x005a8780,,-,1000000000,0
0x005a87d0,0x00510320,upstream,1,0
0x005a8970,0x005118a0,upstream,1,0
0x005a8a10,,-,1000000000,0
0x005a8b00,,-,1000000000,0
0x005a8b50,0x00511940,upstream,1,0
0x005a8c60,,-,1000000000,0
0x005a8d50,,-,1000000000,0
0x005a8da0,0x00510320,upstream,1,0
0x005a8ef0,0x005118a0,upstream,1,0
0x005a8f90,,-,1000000000,0
0x005a9080,,-,1000000000,0
0x005a90d0,0x00511940,upstream,1,0
0x005a9190,,-,1000000000,0
0x005a9280,,-,1000000000,0
0x005a92d0,0x00510320,upstream,1,0
0x005a9390,0x005118a0,upstream,1,0
0x005a9400,,-,1000000000,0
0x005a94f0,,-,1000000000,0
0x005a9540,0x00510320,upstream,1,0
0x005a95b0,0x005118a0,upstream,1,0
0x005a9650,,-,1000000000,0
0x005a9740,,-,1000000000,0
0x005a9790,0x0051e5a0,upstream,1,0
0x005a98b0,,-,1000000000,0
0x005a99a0,,-,1000000000,0
0x005a99f0,0x00510320,upstream,1,0
0x005a9ab0,0x005118a0,upstream,1,0
0x005a9b50,,-,1000000000,0
0x005a9c40,,-,1000000000,0
0x005a9c90,0x005118a0,upstream,1,0
0x005a9d90,0x00511940,upstream,1,0
0x005a9e10,,-,1000000000,0
0x005a9f00,,-,1000000000,0
0x005a9f50,0x00510320,upstream,1,0
0x005aa140,0x005118a0,upstream,1,0
0x005aa1e0,,-,1000000000,0
0x005aa2d0,,-,1000000000,0
0x005aa320,0x0058a7a0,upstream,1,0
0x005aa440,0x00511940,upstream,1,0
0x005aa4c0,0x00511940,upstream,1,0
0x005aa540,,-,1000000000,0
0x005aa630,,-,1000000000,0
0x005aa680,0x00510320,upstream,1,0
0x005aaa70,0x005118a0,upstream,1,0
0x005aab40,0x00511940,upstream,1,0
0x005aaf40,,-,1000000000,0
0x005aaf50,,-,1000000000,0
0x005aaf60,0x005110e0,upstream,1,0
0x005ab000,,-,1000000000,0
0x005ab100,0x00510320,upstream,1,0
0x005ab270,0x00428df8,upstream,1,0
0x005ab300,0x00513f30,upstream,1,0
0x005ab430,0x00513f30,upstream,2,0
0x005ab4a0,,-,1000000000,0
0x005ab510,0x00511940,upstream,1,0
0x005ab5e0,,-,1000000000,0
0x005ab660,0x00511940,upstream,1,0
0x005ab720,0x00511940,upstream,1,0
0x005ab7c0,,-,1000000000,0
0x005ab930,0x00511940,upstream,1,0
0x005aba30,0x00511940,upstream,1,0
0x005ac400,0x00511940,upstream,2,0
0x005ac970,0x00513f30,upstream,1,0
0x005acb90,0x00512ee0,upstream,2,0
0x005acd10,0x00513f30,upstream,1,0
0x005acec0,,-,1000000000,0
0x005acfb0,0x00511940,upstream,1,0
0x005ad0e0,0x00513f30,upstream,1,0
0x005ad610,0x00513f30,upstream,2,0
0x005ad6c0,0x00511940,upstream,1,0
0x005ad8e0,,-,1000000000,0
0x005ad900,0x00511940,upstream,1,0
0x005ad980,0x00511940,upstream,1,0
0x005ada00,0x00511940,upstream,1,0
0x005add80,0x00513f30,upstream,3,0
0x005ade10,0x00511940,upstream,2,0
0x005ade60,0x00513f30,upstream,3,0
0x005ade90,0x00512ee0,upstream,1,0
0x005ae1e0,0x00512ee0,upstream,1,0
0x005ae3d0,0x00512ee0,upstream,1,0
0x005ae8d0,,-,1000000000,0
0x005ae9a0,0x00511940,upstream,2,0
0x005aeba0,,-,1000000000,0
0x005aebd0,0x00511940,upstream,2,0
0x005aec60,0x00508930,upstream,1,0
0x005aed50,0x00511940,upstream,1,0
0x005aee20,0x00511940,upstream,1,0
0x005aee80,0x00513f30,upstream,1,0
0x005aefe0,0x00513210,upstream,1,0
0x005af350,0x00511940,upstream,1,0
0x005af5a0,0x004f2210,upstream,1,0
0x005af790,,-,1000000000,0
0x005af7a0,,-,1000000000,0
0x005afa40,0x00511940,upstream,1,0
0x005afdf0,0x00511940,upstream,1,0
0x005b0110,0x00511940,upstream,1,0
0x005b01f0,,-,1000000000,0
0x005b03b0,0x004f2210,upstream,2,0
0x005b0450,0x004f2210,upstream,2,0
0x005b04f0,0x004f2210,upstream,1,0
0x005b05d0,0x004f2210,upstream,2,0
0x005b0690,0x003fad18,upstream,1,0
0x005b0ba0,0x003fad18,upstream,2,0
0x005b0df0,0x00428998,upstream,1,0
0x005b0ec0,0x00428998,upstream,1,0
0x005b0f50,0x004f2210,upstream,1,0
0x005b10a0,,-,1000000000,0
0x005b10d0,0x0058a7a0,upstream,1,0
0x005b1c00,0x004f2210,upstream,2,0
0x005b1df0,0x0058a7a0,upstream,2,0
0x005b2150,0x00511940,upstream,2,0
0x005b21f0,,-,1000000000,0
0x005b2250,,-,1000000000,0
0x005b2280,,-,1000000000,0
0x005b2290,0x00511940,upstream,1,0
0x005b2380,,-,1000000000,0
0x005b2420,0x00511940,upstream,1,0
0x005b2660,,-,1000000000,0
0x005b26d0,0x0058a7a0,upstream,1,0
0x005b2e50,0x004f2210,upstream,1,0
0x005b4ac0,,-,1000000000,0
0x005b4d60,0x00511940,upstream,1,0
0x005b4e10,0x00508930,upstream,1,0
0x005b4e70,0x00511940,upstream,1,0
0x005b4ec0,,-,1000000000,0
0x005b4ef0,,-,1000000000,0
0x005b4fb0,0x001071e0,upstream,1,0
0x005b5000,0x00511940,upstream,1,0
0x005b50e0,0x00513210,upstream,1,0
0x005b5400,0x00513210,upstream,2,0
0x005b54a0,,-,1000000000,0
0x005b56d0,0x004f2210,upstream,2,0
0x005b57f0,,-,1000000000,0
0x005b5970,0x00511940,upstream,1,0
0x005b5ba0,0x00513210,upstream,1,0
0x005b5d00,,-,1000000000,0
0x005b5de0,0x00511940,upstream,2,0
0x005b5e50,0x00511940,upstream,2,0
0x005b5ee0,0x00511940,upstream,2,0
0x005b60c0,0x004f2210,upstream,2,0
0x005b64b0,,-,1000000000,0
0x005b6520,0x004f2210,upstream,1,0
0x005b66a0,0x0058a7a0,upstream,1,0
0x005b6780,0x001071e0,upstream,1,0
0x005b67f0,0x0058a7a0,upstream,1,0
0x005b68e0,0x0058a7a0,upstream,2,0
0x005b6a20,0x00511940,upstream,1,0
0x005b6be0,0x004f2210,upstream,1,0
0x005b6e20,0x004f2210,upstream,1,0
0x005b7030,0x00511940,upstream,1,0
0x005b74d0,0x0058a7a0,upstream,1,0
0x005b7840,0x004f2210,upstream,2,0
0x005b79e0,0x004f2210,upstream,2,0
0x005b7aa0,0x00511940,upstream,2,0
0x005b7b60,0x00511940,upstream,2,0
0x005b7c80,0x004f2210,upstream,2,0
0x005b7ce0,0x004f2210,upstream,2,0
0x005b7d40,0x004f2210,upstream,1,0
0x005b8130,0x004f2210,upstream,2,0
0x005b81c0,0x004f2210,upstream,1,0
0x005b8360,,-,1000000000,0
0x005b8600,0x00511940,upstream,2,0
0x005b87d0,0x00513210,upstream,2,0
0x005b8900,0x00513210,upstream,2,0
0x005b8990,0x00511940,upstream,1,0
0x005b8b00,,-,1000000000,0
0x005b8b30,0x00511940,upstream,1,0
0x005b8b80,0x00511940,upstream,1,0
0x005b8c10,0x00511940,upstream,1,0
0x005b8e10,,-,1000000000,0
0x005b8e50,,-,1000000000,0
0x005b9180,0x0058a7a0,upstream,1,0
0x005b9370,,-,1000000000,0
0x005b93e0,0x00513f30,upstream,2,0
0x005b9430,0x00513f30,upstream,1,0
0x005b9920,0x004f2210,upstream,3,0
0x005b99b0,0x00513f30,upstream,3,0
0x005b9ab0,0x00513f30,upstream,1,0
0x005ba410,,-,1000000000,0
0x005ba490,0x00513f30,upstream,1,0
0x005ba4e0,0x00513f30,upstream,1,0
0x005ba600,0x00513f30,upstream,1,0
0x005ba760,,-,1000000000,0
0x005ba7f0,,-,1000000000,0
0x005ba850,0x00511940,upstream,1,0
0x005baad0,0x00511940,upstream,2,0
0x005bab30,0x00511940,upstream,2,0
0x005bab60,0x00512ee0,upstream,1,0
0x005bac60,0x00513f30,upstream,1,0
0x005bb090,0x004f2210,upstream,1,0
0x005bb270,0x00513f30,upstream,1,0
0x005bb640,0x005c0d40,upstream,1,0
0x005bbb30,0x004f2210,upstream,1,0
0x005bc9d0,0x0058a7a0,upstream,1,0
0x005bcb10,,-,1000000000,0
0x005bcb20,0x003fad18,upstream,1,0
0x005bd110,0x00513210,upstream,1,0
0x005bd280,0x00511940,upstream,1,0
0x005bd3a0,0x00513210,upstream,1,0
0x005bdb70,0x00511940,upstream,1,0
0x005bded0,0x004f2210,upstream,1,0
0x005be1a0,0x00511940,upstream,1,0
0x005be240,0x00511940,upstream,1,0
0x005be2d0,0x00511940,upstream,1,0
0x005be380,0x00513f30,upstream,1,0
0x005be4d0,0x0051e5a0,upstream,1,0
0x005bed40,0x00428998,upstream,1,0
0x005bf210,,-,1000000000,0
0x005bf380,,-,1000000000,0
0x005bf7e0,,-,1000000000,0
0x005bf810,0x00511940,upstream,1,0
0x005bf860,,-,1000000000,0
0x005bf890,0x00511940,upstream,1,0
0x005bf940,,-,1000000000,0
0x005bfa30,,-,1000000000,0
0x005bfa80,,-,1000000000,0
0x005bfd50,,-,1000000000,0
0x005bfeb0,0x00511940,upstream,1,0
0x005c02c0,0x00511940,upstream,2,0
0x005c03f0,,-,1000000000,0
0x005c0580,,-,1000000000,0
0x005c06c0,0x00512ee0,upstream,1,0
0x005c08d0,,-,1000000000,0
0x005c09a0,0x00511940,upstream,1,0
0x005c0a80,0x00511940,upstream,1,0
0x005c0b50,,-,1000000000,0
0x005c0b70,,-,1000000000,0
0x005c0ba0,,-,1000000000,0
0x005c0bb0,,-,1000000000,0
0x005c0d40,0x005c0d40,upstream,0,1
0x005c0da0,0x004f2210,upstream,2,0
0x005c0e50,,-,1000000000,0
0x005c0ee0,0x00511940,upstream,1,1
0x005c1080,0x00511940,upstream,1,0
0x005c1140,,-,1000000000,0
0x005c1310,,-,1000000000,0
0x005c13a0,,-,1000000000,0
0x005c13c0,,-,1000000000,0
0x005c1440,0x00511940,upstream,1,0
0x005c1510,0x00511940,upstream,1,0
0x005c1650,0x004f2210,upstream,2,0
0x005c1740,0x0050fe00,upstream,1,0
0x005c17c0,0x0051e5a0,upstream,1,0
0x005c1c80,0x0051e5a0,upstream,1,0
0x005c1e20,0x0051e5a0,upstream,1,0
0x005c2700,0x0051e5a0,upstream,1,0
0x005c2830,0x00511940,upstream,1,0
0x005c29d0,0x00513210,upstream,1,0
0x005c2d60,0x00511940,upstream,1,0
0x005c2de0,0x0051e5a0,upstream,1,0
0x005c4370,0x0051e5a0,upstream,1,0
0x005c5d20,,-,1000000000,0
0x005c5d30,0x0051e5a0,upstream,1,0
0x005c6450,0x0051e5a0,upstream,1,0
0x005c6630,0x00513210,upstream,1,0
0x005c6890,0x00511940,upstream,1,0
0x005c6970,0x00513f30,upstream,2,0
0x005c69e0,0x0051e5a0,upstream,1,0
0x005c81c0,,-,1000000000,0
0x005c81f0,0x00513210,upstream,1,0
0x005c83b0,,-,1000000000,0
0x005c8500,0x0051e5a0,upstream,1,0
0x005c8760,,-,1000000000,0
0x005c87f0,0x00513210,upstream,1,0
0x005c9090,0x00513210,upstream,1,0
0x005c9250,0x00513210,upstream,1,0
0x005c9e10,0x00511940,upstream,1,0
0x005c9e70,0x0051e5a0,upstream,1,0
0x005ca020,0x00511940,upstream,1,0
0x005ca220,0x00513210,upstream,1,0
0x005ca2c0,0x00511940,upstream,1,0
0x005ca390,,-,1000000000,0
0x005ca460,,-,1000000000,0
0x005ca490,0x00511940,upstream,1,0
0x005ca4e0,,-,1000000000,0
0x005ca680,0x00513210,upstream,1,0
0x005ca760,0x00511940,upstream,1,0
0x005ca8a0,,-,1000000000,0
0x005cad80,0x00512ee0,upstream,1,0
0x005cb710,,-,1000000000,0
0x005cb750,0x00513f30,upstream,1,0
0x005cb860,0x00513f30,upstream,1,0
0x005cba30,0x00513f30,upstream,1,0
0x005cbe10,0x0058a7a0,upstream,1,0
0x005cbfc0,,-,1000000000,0
0x005cc090,,-,1000000000,0
0x005cc200,0x00511940,upstream,1,0
0x005cc4c0,0x00511940,upstream,1,0
0x005cc530,,-,1000000000,0
0x005cc570,,-,1000000000,0
0x005cc5b0,0x00513210,upstream,1,0
0x005cc6e0,0x00513210,upstream,1,0
0x005ccaa0,0x004f2210,upstream,1,0
0x005cd360,0x004f2210,upstream,2,0
0x005cd3b0,0x00513f30,upstream,1,0
0x005cdf80,,-,1000000000,0
0x005cdfc0,0x004f2210,upstream,1,0
0x005ce190,0x004f2210,upstream,2,0
0x005ce4b0,,-,1000000000,0
0x005ce4c0,,-,1000000000,0
0x005ce7d0,0x004287e0,upstream,1,0
0x005cebe0,,-,1000000000,0
0x005ced50,0x00513f30,upstream,1,0
0x005cfa80,0x004f2210,upstream,1,0
0x005cfb00,,-,1000000000,0
0x005cfba0,,-,1000000000,0
0x005cfc40,,-,1000000000,0
0x005cfc50,,-,1000000000,0
0x005cfcc0,0x00512ee0,upstream,1,0
0x005cfdb0,0x005c0d40,upstream,1,0
0x005cfef0,,-,1000000000,0
0x005cff30,,-,1000000000,0
0x005cff70,0x0050f930,upstream,2,0
0x005d0140,0x00511940,upstream,1,0
0x005d0390,0x00513f30,upstream,1,0
0x005d03f0,,-,1000000000,0
0x005d0670,0x001071e0,upstream,1,0
0x005d09d0,0x00511940,upstream,1,0
0x005d0ef0,0x00511940,upstream,1,0
0x005d13b0,0x00513f30,upstream,1,0
0x005d18b0,0x00513f30,upstream,2,0
0x005d1a70,0x00511940,upstream,2,0
0x005d1c30,0x00513f30,upstream,2,0
0x005d1c90,,-,1000000000,0
0x005d1d20,,-,1000000000,0
0x005d1da0,0x0058a7a0,upstream,1,0
0x005d1e60,0x0058a7a0,upstream,2,0
0x005d1f90,0x00513f30,upstream,2,0
0x005d2040,0x00428df8,upstream,1,0
0x005d2090,0x00511940,upstream,1,0
0x005d2110,0x00511940,upstream,1,0
0x005d2280,0x00513f30,upstream,1,0
0x005d2920,0x00511940,upstream,1,0
0x005d2e30,0x0058a7a0,upstream,1,0
0x005d3110,0x00510320,upstream,3,0
0x005d3310,,-,1000000000,0
0x005d3370,0x0058a7a0,upstream,2,0
0x005d39e0,0x00513210,upstream,3,0
0x005d3a70,0x00513210,upstream,4,0
0x005d3ac0,,-,1000000000,0
0x005d3af0,,-,1000000000,0
0x005d3b10,,-,1000000000,0
0x005d3b30,,-,1000000000,0
0x005d3b60,,-,1000000000,0
0x005d3bd0,,-,1000000000,0
0x005d3be0,,-,1000000000,0
0x005d3bf0,0x00511940,upstream,1,0
0x005d3d00,0x00513f30,upstream,1,0
0x005d3d60,0x00511940,upstream,1,0
0x005d3f80,0x00511940,upstream,1,0
0x005d4040,0x00511940,upstream,1,0
0x005d4100,0x00511940,upstream,1,0
0x005d41c0,0x00511940,upstream,2,0
0x005d4210,0x00513210,upstream,1,0
0x005d42c0,0x00513f30,upstream,1,0
0x005d44f0,0x00511940,upstream,1,0
0x005d45c0,0x00511940,upstream,1,0
0x005d4640,0x0051e5a0,upstream,2,0
0x005d4700,0x0051e5a0,upstream,2,0
0x005d4780,0x004f2210,upstream,1,0
0x005d4a90,0x00513210,upstream,1,0
0x005d4bd0,0x00511940,upstream,3,0
0x005d4cf0,0x00511940,upstream,1,0
0x005d4d70,0x004f2210,upstream,1,0
0x005d4ee0,0x00513f30,upstream,1,0
0x005d4f20,,-,1000000000,0
0x005d4fc0,0x00511940,upstream,2,0
0x005d5070,0x001071e0,upstream,1,0
0x005d5370,0x0042f3a0,upstream,1,0
0x005d5590,,-,1000000000,0
0x005d5710,0x00513f30,upstream,1,0
0x005d5800,,-,1000000000,0
0x005d5810,,-,1000000000,0
0x005d5e70,,-,1000000000,0
0x005d6330,,-,1000000000,0
0x005d63e0,,-,1000000000,0
0x005d6500,0x004f2210,upstream,1,0
0x005d6650,0x00512ee0,upstream,1,0
0x005d70d0,0x004f2210,upstream,1,0
0x005d71a0,0x004f2210,upstream,1,0
0x005d72f0,0x00511940,upstream,1,0
0x005d7d80,0x00511940,upstream,1,0
0x005d8050,0x004f2210,upstream,1,0
0x005d8150,0x00511940,upstream,1,0
0x005d8260,0x00511940,upstream,1,0
0x005d84f0,0x00512ee0,upstream,1,0
0x005d8550,,-,1000000000,0
0x005d85a0,,-,1000000000,0
0x005d85b0,,-,1000000000,0
0x005d8600,,-,1000000000,0
0x005d8610,,-,1000000000,0
0x005d8670,0x004f2210,upstream,2,0
0x005d86d0,0x00511940,upstream,1,0
0x005d8770,0x00513210,upstream,1,0
0x005d88b0,,-,1000000000,0
0x005d89b0,,-,1000000000,0
0x005d8a80,0x0058a7a0,upstream,2,0
0x005d8b50,0x003fad18,upstream,1,0
0x005d8d40,,-,1000000000,0
0x005d8dd0,,-,1000000000,0
0x005d8e10,,-,1000000000,0
0x005d8e60,0x003fb210,upstream,1,0
0x005d9050,,-,1000000000,0
0x005d9120,0x003fb210,upstream,1,0
0x005d9180,,-,1000000000,0
0x005d91f0,,-,1000000000,0
0x005d92b0,,-,1000000000,0
0x005d9310,0x0058a7a0,upstream,1,0
0x005d9360,0x001071e0,upstream,1,0
0x005d94d0,,-,1000000000,0
0x005d9660,0x0058a7a0,upstream,1,0
0x005d9850,0x004f2210,upstream,1,0
0x005d99b0,0x0058a7a0,upstream,1,0
0x005d9c10,0x004f2210,upstream,2,0
0x005d9f60,0x0050fe00,upstream,1,0
0x005d9fd0,0x00513210,upstream,1,0
0x005da470,0x00513210,upstream,1,0
0x005da950,0x004f2210,upstream,1,0
0x005daab0,0x003fad18,upstream,2,0
0x005dac70,,-,1000000000,0
0x005db130,,-,1000000000,0
0x005db150,,-,1000000000,0
0x005db6c0,,-,1000000000,0
0x005db7a0,0x00511940,upstream,1,0
0x005db830,0x00508930,upstream,1,0
0x005db890,0x00511940,upstream,1,0
0x005db8e0,,-,1000000000,0
0x005db9b0,,-,1000000000,0
0x005db9c0,,-,1000000000,0
0x005db9d0,,-,1000000000,0
0x005dbae0,,-,1000000000,1
0x005dbaf0,,-,1000000000,0
0x005dbbd0,,-,1000000000,1
0x005dbc60,,-,1000000000,0
0x005dbc70,,-,1000000000,0
0x005dbc90,0x00511940,upstream,1,0
0x005dbe40,,-,1000000000,0
0x005dc2d0,0x00512ee0,upstream,1,0
0x005dc390,0x00513210,upstream,1,0
0x005dc540,0x00513f30,upstream,1,0
0x005dca70,0x00513210,upstream,1,0
0x005dce20,0x00513210,upstream,1,0
0x005dd130,0x00513210,upstream,1,0
0x005dd380,0x00513210,upstream,1,0
0x005dd650,0x00513210,upstream,1,0
0x005ddc90,0x00513f30,upstream,1,0
0x005ddfd0,,-,1000000000,0
0x005de6c0,,-,1000000000,0
0x005de720,0x004f2210,upstream,1,0
0x005de8e0,0x00511940,upstream,1,0
0x005de980,0x004f2210,upstream,1,0
0x005dea40,0x00512ee0,upstream,1,0
0x005dec20,0x00513210,upstream,1,0
0x005df370,0x004f2210,upstream,1,0
0x005df5a0,,-,1000000000,0
0x005df690,0x00513210,upstream,1,0
0x005e0210,0x00513210,upstream,1,0
0x005e0300,0x00513210,upstream,1,0
0x005e0800,0x003fad18,upstream,1,0
0x005e0ae0,0x003fad18,upstream,2,0
0x005e0d60,0x00513210,upstream,1,0
0x005e1aa0,0x00513210,upstream,1,0
0x005e2020,0x00512ee0,upstream,1,0
0x005e2170,0x00513210,upstream,1,0
0x005e27c0,0x00511940,upstream,1,0
0x005e2ab0,0x00513210,upstream,1,0
0x005e2c90,0x00511940,upstream,1,0
0x005e2d60,0x001071e0,upstream,1,0
0x005e2e10,0x00513f30,upstream,2,0
0x005e2f30,0x00513f30,upstream,1,0
0x005e3350,0x00513f30,upstream,1,0
0x005e3700,0x00513f30,upstream,1,0
0x005e3b50,0x00513f30,upstream,1,0
0x005e4110,,-,1000000000,0
0x005e42b0,0x00511940,upstream,1,0
0x005e4e80,0x004f2100,upstream,1,0
0x005e4eb0,0x00511940,upstream,1,0
0x005e4f30,0x00511940,upstream,1,0
0x005e4fd0,0x005118a0,upstream,1,0
0x005e5050,,-,1000000000,0
0x005e5140,,-,1000000000,0
0x005e5190,0x00512e00,upstream,1,0
0x005e5270,0x0050f930,upstream,1,0
0x005e52b0,,-,1000000000,0
0x005e5390,,-,1000000000,0
0x005e5400,,-,1000000000,0
0x005e5450,0x005118a0,upstream,1,0
0x005e54d0,,-,1000000000,0
0x005e55c0,,-,1000000000,0
0x005e5610,0x00512e00,upstream,1,0
0x005e56f0,0x005118a0,upstream,1,0
0x005e5770,,-,1000000000,0
0x005e5870,0x00510320,upstream,1,0
0x005e5900,0x005118a0,upstream,1,0
0x005e5980,,-,1000000000,0
0x005e5a70,,-,1000000000,0
0x005e5ac0,0x00512e00,upstream,1,0
0x005e5ba0,0x005118a0,upstream,1,0
0x005e5c40,,-,1000000000,0
0x005e5d30,,-,1000000000,0
0x005e5d80,0x005118a0,upstream,1,0
0x005e5e20,,-,1000000000,0
0x005e5f10,,-,1000000000,0
0x005e5f60,0x0050f930,upstream,1,0
0x005e5fa0,0x0058a7a0,upstream,1,0
0x005e6010,,-,1000000000,0
0x005e6100,,-,1000000000,0
0x005e6150,0x00510320,upstream,1,0
0x005e61c0,0x005118a0,upstream,1,0
0x005e6230,,-,1000000000,0
0x005e6320,,-,1000000000,0
0x005e6370,0x00510320,upstream,1,0
0x005e63e0,0x005118a0,upstream,1,0
0x005e6450,,-,1000000000,0
0x005e6540,,-,1000000000,0
0x005e6590,0x00510320,upstream,1,0
0x005e6600,0x0050f930,upstream,1,0
0x005e6640,0x00511940,upstream,1,0
0x005e6700,,-,1000000000,0
0x005e67f0,,-,1000000000,0
0x005e6840,0x00510320,upstream,1,0
0x005e6910,0x005118a0,upstream,1,0
0x005e69b0,,-,1000000000,0
0x005e6aa0,,-,1000000000,0
0x005e6af0,,-,1000000000,0
0x005e6bd0,,-,1000000000,0
0x005e6c20,0x0050f930,upstream,1,0
0x005e6c60,0x0051e5a0,upstream,1,0
0x005e6d90,,-,1000000000,0
0x005e6e80,,-,1000000000,0
0x005e6ed0,0x00510320,upstream,1,0
0x005e6fa0,0x0050f930,upstream,1,0
0x005e6fe0,0x005118a0,upstream,1,0
0x005e70b0,,-,1000000000,0
0x005e71a0,,-,1000000000,0
0x005e71f0,0x00510320,upstream,1,0
0x005e7320,0x005118a0,upstream,1,0
0x005e7390,,-,1000000000,0
0x005e7480,,-,1000000000,0
0x005e74d0,0x00510320,upstream,1,0
0x005e7540,0x0051e5a0,upstream,1,0
0x005e7720,0x00511940,upstream,1,0
0x005e77a0,0x00511940,upstream,1,0
0x005e7950,0x00511940,upstream,1,0
0x005e7a80,,-,1000000000,0
0x005e7a90,0x00513f30,upstream,1,0
0x005e7ab0,0x00511940,upstream,2,0
0x005e7b30,0x00513f30,upstream,1,0
0x005e7bb0,0x00513f30,upstream,2,0
0x005e7bf0,0x004f2210,upstream,1,0
0x005e7cf0,0x004f2210,upstream,1,0
0x005e7df0,,-,1000000000,0
0x005e7e10,,-,1000000000,0
0x005e7e90,,-,1000000000,0
0x005e8040,0x00429068,upstream,2,0
0x005e8090,0x00429068,upstream,2,0
0x005e80f0,0x00511940,upstream,1,0
0x005e8220,0x00511940,upstream,1,0
0x005e8360,,-,1000000000,0
0x005e8370,,-,1000000000,0
0x005e8380,,-,1000000000,0
0x005e8390,,-,1000000000,0
0x005e83a0,,-,1000000000,0
0x005e83b0,,-,1000000000,0
0x005e8500,0x0051e5a0,upstream,1,0
0x005e8770,0x004f2100,upstream,1,0
0x005e87a0,0x004f2100,upstream,1,0
0x005e8800,0x00511940,upstream,1,0
0x005e8910,0x00511940,upstream,1,0
0x005e8990,,-,1000000000,0
0x005e8a80,,-,1000000000,0
0x005e8ae0,0x00510320,upstream,1,0
0x005e8bf0,0x00511940,upstream,1,0
0x005e8cb0,,-,1000000000,0
0x005e8da0,,-,1000000000,0
0x005e8df0,0x00510320,upstream,1,0
0x005e8ec0,0x005118a0,upstream,1,0
0x005e8f30,,-,1000000000,0
0x005e9010,,-,1000000000,0
0x005e9060,0x005118a0,upstream,1,0
0x005e9100,,-,1000000000,0
0x005e91f0,,-,1000000000,0
0x005e9240,,-,1000000000,0
0x005e9320,,-,1000000000,0
0x005e9370,0x005118a0,upstream,1,0
0x005e9410,,-,1000000000,0
0x005e9500,,-,1000000000,0
0x005e9550,0x0050f930,upstream,1,0
0x005e9590,0x00511940,upstream,1,0
0x005e96a0,,-,1000000000,0
0x005e9790,,-,1000000000,0
0x005e97e0,0x00510320,upstream,1,0
0x005e98d0,0x00511940,upstream,1,0
0x005e99e0,,-,1000000000,0
0x005e9ad0,,-,1000000000,0
0x005e9b30,0x00510320,upstream,1,0
0x005e9c40,,-,1000000000,0
0x005e9d20,,-,1000000000,0
0x005e9d90,,-,1000000000,0
0x005e9e70,,-,1000000000,0
0x005e9ee0,0x005118a0,upstream,1,0
0x005e9f80,,-,1000000000,0
0x005ea070,,-,1000000000,0
0x005ea0c0,,-,1000000000,0
0x005ea1a0,,-,1000000000,0
0x005ea1f0,0x0050f930,upstream,1,0
0x005ea230,0x005118a0,upstream,1,0
0x005ea370,0x00511940,upstream,1,0
0x005ea3f0,0x00511940,upstream,1,0
0x005ea470,0x00511940,upstream,1,0
0x005ea4f0,0x00511940,upstream,1,0
0x005ea570,0x00511940,upstream,1,0
0x005ea5f0,,-,1000000000,0
0x005ea6f0,,-,1000000000,0
0x005ea740,0x00510320,upstream,1,0
0x005eabd0,,-,1000000000,0
0x005eacc0,,-,1000000000,0
0x005ead10,0x00510320,upstream,1,0
0x005eadd0,0x0050f930,upstream,1,0
0x005eae10,0x005118a0,upstream,1,0
0x005eae90,,-,1000000000,0
0x005eaf80,,-,1000000000,0
0x005eafd0,0x00510320,upstream,1,0
0x005eb040,0x005118a0,upstream,1,0
0x005eb0f0,0x005118a0,upstream,1,0
0x005eb190,,-,1000000000,0
0x005eb280,,-,1000000000,0
0x005eb2e0,0x005118a0,upstream,1,0
0x005eb380,,-,1000000000,0
0x005eb470,,-,1000000000,0
0x005eb4c0,,-,1000000000,0
0x005eb5b0,,-,1000000000,0
0x005eb600,0x00510320,upstream,1,0
0x005eb6c0,0x0051e5a0,upstream,1,0
0x005eb7d0,0x00511940,upstream,1,0
0x005eba40,0x0051e5a0,upstream,1,0
0x005ebf10,0x00513210,upstream,1,0
0x005ebfe0,0x00513f30,upstream,2,0
0x005ec040,,-,1000000000,0
0x005ec0a0,,-,1000000000,0
0x005ec110,,-,1000000000,0
0x005ec170,,-,1000000000,0
0x005ec1d0,0x00513210,upstream,1,0
0x005ec330,0x00513f30,upstream,1,0
0x005ec380,0x00511940,upstream,2,0
0x005ec3e0,0x00511940,upstream,3,0
0x005ec440,0x00513f30,upstream,2,0
0x005ec490,0x00511940,upstream,2,0
0x005ec4e0,,-,1000000000,0
0x005ec4f0,,-,1000000000,0
0x005ec520,0x00513f30,upstream,1,0
0x005ec5b0,0x00511940,upstream,1,0
0x005ec6c0,,-,1000000000,0
0x005ec750,,-,1000000000,0
0x005ec7d0,0x0051e5a0,upstream,1,0
0x005eca00,0x00511940,upstream,1,0
0x005ecb80,0x00511940,upstream,2,0
0x005ecc00,,-,1000000000,0
0x005ecc90,,-,1000000000,0
0x005ecce0,0x00513f30,upstream,1,0
0x005ecfe0,0x00513f30,upstream,2,0
0x005ed020,,-,1000000000,0
0x005ed100,0x00511940,upstream,2,0
0x005ed180,,-,1000000000,0
0x005ed3f0,,-,1000000000,0
0x005ed5c0,0x0051e5a0,upstream,2,0
0x005edef0,0x0050e310,upstream,1,0
0x005edf70,0x005118a0,upstream,1,0
0x005ee010,,-,1000000000,0
0x005ee100,,-,1000000000,0
0x005ee150,0x005118a0,upstream,1,0
0x005ee1f0,,-,1000000000,0
0x005ee2e0,,-,1000000000,0
0x005ee330,,-,1000000000,0
0x005ee420,,-,1000000000,0
0x005ee470,0x00510320,upstream,1,0
0x005ee540,0x0050f930,upstream,1,0
0x005ee580,0x005118a0,upstream,1,0
0x005ee600,,-,1000000000,0
0x005ee6f0,0x00510320,upstream,1,0
0x005ee7d0,0x0050f930,upstream,1,0
0x005ee810,0x005118a0,upstream,1,0
0x005ee8a0,,-,1000000000,0
0x005ee9a0,0x00510320,upstream,1,0
0x005eea30,0x005118a0,upstream,1,0
0x005eeb20,,-,1000000000,0
0x005eec10,,-,1000000000,0
0x005eec60,0x00510320,upstream,1,0
0x005eedd0,0x0050f930,upstream,1,0
0x005eee10,0x00511940,upstream,1,0
0x005eeef0,,-,1000000000,0
0x005eefe0,,-,1000000000,0
0x005ef030,0x00510320,upstream,1,0
0x005ef0a0,0x005118a0,upstream,1,0
0x005ef150,0x005118a0,upstream,1,0
0x005ef1f0,,-,1000000000,0
0x005ef2e0,,-,1000000000,0
0x005ef330,0x0050f930,upstream,1,0
0x005ef370,0x005118a0,upstream,1,0
0x005ef410,,-,1000000000,0
0x005ef500,,-,1000000000,0
0x005ef550,,-,1000000000,0
0x005ef640,,-,1000000000,0
0x005ef690,0x00510320,upstream,1,0
0x005ef770,0x0050f930,upstream,1,0
0x005ef7b0,0x00511940,upstream,1,0
0x005ef920,,-,1000000000,0
0x005efa10,,-,1000000000,0
0x005efa60,0x00510320,upstream,1,0
0x005efb30,0x00511940,upstream,1,0
0x005efc30,,-,1000000000,0
0x005efd20,,-,1000000000,0
0x005efd70,0x00510320,upstream,1,0
0x005efde0,0x00511940,upstream,1,0
0x005efea0,,-,1000000000,0
0x005eff90,,-,1000000000,0
0x005effe0,0x00510320,upstream,1,0
0x005f00b0,0x0050f930,upstream,1,0
0x005f00f0,0x00511940,upstream,1,0
0x005f0260,,-,1000000000,0
0x005f0350,,-,1000000000,0
0x005f03a0,0x00510320,upstream,1,0
0x005f04a0,0x00511940,upstream,1,0
0x005f0570,,-,1000000000,0
0x005f0660,,-,1000000000,0
0x005f06b0,0x00510320,upstream,1,0
0x005f0780,0x005118a0,upstream,1,0
0x005f0820,,-,1000000000,0
0x005f0910,,-,1000000000,0
0x005f0960,0x0050f930,upstream,1,0
0x005f09a0,0x00511940,upstream,1,0
0x005f0a60,,-,1000000000,0
0x005f0b50,,-,1000000000,0
0x005f0ba0,0x00510320,upstream,1,0
0x005f0cc0,0x0050f930,upstream,1,0
0x005f0d00,0x005118a0,upstream,1,0
0x005f0df0,,-,1000000000,0
0x005f0ee0,,-,1000000000,0
0x005f0f30,0x00510320,upstream,1,0
0x005f1170,0x00511940,upstream,1,0
0x005f1230,,-,1000000000,0
0x005f1320,,-,1000000000,0
0x005f1370,0x00510320,upstream,1,0
0x005f1450,0x005118a0,upstream,1,0
0x005f1530,,-,1000000000,0
0x005f1620,,-,1000000000,0
0x005f1670,0x00510320,upstream,1,0
0x005f1800,0x0050f930,upstream,1,0
0x005f1840,0x00511940,upstream,1,0
0x005f19a0,,-,1000000000,0
0x005f1a90,,-,1000000000,0
0x005f1ae0,0x00510320,upstream,1,0
0x005f1c30,0x0050f930,upstream,1,0
0x005f1c70,0x0058a7a0,upstream,1,0
0x005f1dd0,,-,1000000000,0
0x005f1ec0,,-,1000000000,0
0x005f1f10,0x00510320,upstream,1,0
0x005f20d0,0x0050f930,upstream,1,0
0x005f2110,0x005118a0,upstream,1,0
0x005f2190,,-,1000000000,0
0x005f2270,,-,1000000000,0
0x005f22c0,0x0058a7a0,upstream,1,0
0x005f23b0,,-,1000000000,0
0x005f24a0,,-,1000000000,0
0x005f24f0,0x00510320,upstream,1,0
0x005f26d0,0x005118a0,upstream,1,0
0x005f2790,,-,1000000000,0
0x005f2880,,-,1000000000,0
0x005f28d0,0x00510320,upstream,1,0
0x005f2990,0x0050f930,upstream,1,0
0x005f29d0,0x00511940,upstream,1,0
0x005f2ab0,,-,1000000000,0
0x005f2ba0,0x00510320,upstream,1,0
0x005f2ca0,0x0050f930,upstream,1,0
0x005f2ce0,0x005118a0,upstream,1,0
0x005f2d60,,-,1000000000,0
0x005f2e40,,-,1000000000,0
0x005f2f30,,-,1000000000,0
0x005f2f80,0x00510320,upstream,1,0
0x005f3090,0x005118a0,upstream,1,0
0x005f3130,,-,1000000000,0
0x005f3220,,-,1000000000,0
0x005f3270,0x0050f930,upstream,1,0
0x005f32b0,0x005118a0,upstream,1,0
0x005f3370,,-,1000000000,0
0x005f3460,0x00510320,upstream,1,0
0x005f3680,,-,1000000000,0
0x005f3770,,-,1000000000,0
0x005f37c0,0x00510320,upstream,1,0
0x005f3920,,-,1000000000,0
0x005f3a10,,-,1000000000,0
0x005f3a60,0x00510320,upstream,1,0
0x005f3b30,0x005118a0,upstream,1,0
0x005f3be0,0x005118a0,upstream,1,0
0x005f3c80,,-,1000000000,0
0x005f3d70,,-,1000000000,0
0x005f3dc0,0x005118a0,upstream,1,0
0x005f3e30,,-,1000000000,0
0x005f3f10,,-,1000000000,0
0x005f3f60,0x00511940,upstream,1,0
0x005f40d0,,-,1000000000,0
0x005f41c0,,-,1000000000,0
0x005f4210,0x00510320,upstream,1,0
0x005f4320,0x0050f930,upstream,1,0
0x005f4360,0x00511940,upstream,1,0
0x005f4440,,-,1000000000,0
0x005f4530,,-,1000000000,0
0x005f4580,0x00510320,upstream,1,0
0x005f4650,0x005118a0,upstream,1,0
0x005f46f0,,-,1000000000,0
0x005f47e0,,-,1000000000,0
0x005f4830,0x0050e310,upstream,1,0
0x005f4890,0x0050f930,upstream,1,0
0x005f48d0,0x00511940,upstream,1,0
0x005f4a20,,-,1000000000,0
0x005f4b10,,-,1000000000,0
0x005f4b60,0x00510320,upstream,1,0
0x005f4ce0,0x0050f930,upstream,1,0
0x005f4d20,0x005118a0,upstream,1,0
0x005f4dc0,,-,1000000000,0
0x005f4ea0,0x0050f930,upstream,1,0
0x005f4ee0,0x005118a0,upstream,1,0
0x005f4f50,,-,1000000000,0
0x005f5050,0x00510320,upstream,1,0
0x005f50e0,0x0050f930,upstream,1,0
0x005f5120,0x005118a0,upstream,1,0
0x005f5190,,-,1000000000,0
0x005f5270,0x0050f930,upstream,1,0
0x005f52b0,0x005118a0,upstream,1,0
0x005f5360,,-,1000000000,0
0x005f5440,,-,1000000000,0
0x005f5490,0x005118a0,upstream,1,0
0x005f5530,,-,1000000000,0
0x005f5620,,-,1000000000,0
0x005f5670,0x0050f930,upstream,1,0
0x005f56b0,0x005118a0,upstream,1,0
0x005f5730,,-,1000000000,0
0x005f5820,,-,1000000000,0
0x005f5870,0x00510320,upstream,1,0
0x005f5930,0x0050e310,upstream,1,0
0x005f5990,0x0050f930,upstream,1,0
0x005f59d0,0x00511940,upstream,1,0
0x005f5af0,,-,1000000000,0
0x005f5be0,,-,1000000000,0
0x005f5c30,0x00510320,upstream,1,0
0x005f5d70,0x0050f930,upstream,1,0
0x005f5db0,0x005118a0,upstream,1,0
0x005f5e30,,-,1000000000,0
0x005f5f20,0x00510320,upstream,1,0
0x005f5ff0,0x0050f930,upstream,1,0
0x005f6030,0x00511940,upstream,1,0
0x005f6170,,-,1000000000,0
0x005f6260,,-,1000000000,0
0x005f62b0,0x00510320,upstream,1,0
0x005f6380,0x005118a0,upstream,1,0
0x005f6450,,-,1000000000,0
0x005f6540,,-,1000000000,0
0x005f65a0,0x00510320,upstream,1,0
0x005f66b0,0x005118a0,upstream,1,0
0x005f6730,,-,1000000000,0
0x005f6820,,-,1000000000,0
0x005f6870,0x00512e00,upstream,1,0
0x005f6950,0x0051e5a0,upstream,1,0
0x005f6a70,,-,1000000000,0
0x005f6b60,,-,1000000000,0
0x005f6bb0,0x0050f930,upstream,1,0
0x005f71f0,0x0050f930,upstream,1,0
0x005f7230,0x005118a0,upstream,1,0
0x005f72b0,,-,1000000000,0
0x005f73b0,0x00510320,upstream,1,0
0x005f7440,0x0050f930,upstream,1,0
0x005f7480,0x005118a0,upstream,1,0
0x005f7500,,-,1000000000,0
0x005f75f0,,-,1000000000,0
0x005f7640,0x00510320,upstream,1,0
0x005f76d0,,-,1000000000,0
0x005f77b0,,-,1000000000,0
0x005f7800,,-,1000000000,0
0x005f7840,,-,1000000000,0
0x005f7890,,-,1000000000,0
0x005f78c0,,-,1000000000,0
0x005f7920,,-,1000000000,0
0x005f7a00,,-,1000000000,0
0x005f7ad0,,-,1000000000,0
0x005f7d30,,-,1000000000,0
0x005f7d60,0x00513f30,upstream,1,0
0x005f7e80,,-,1000000000,0
0x005f7e90,,-,1000000000,0
0x005f7f20,0x00511940,upstream,2,0
0x005f7f90,0x00511940,upstream,1,0
0x005f80c0,,-,1000000000,0
0x005f82a0,0x005c0d40,upstream,1,0
0x005f8460,0x00511940,upstream,1,0
0x005f85a0,0x005c0d40,upstream,2,0
0x005f8680,0x005c0d40,upstream,1,0
0x005f8800,0x00511940,upstream,1,0
0x005f8920,0x005c0d40,upstream,1,0
0x005f8a40,,-,1000000000,0
0x005f8cd0,,-,1000000000,0
0x005f8e80,,-,1000000000,0
0x005f8e90,,-,1000000000,0
0x005f8ea0,,-,1000000000,0
0x005f8eb0,,-,1000000000,0
0x005f8ec0,,-,1000000000,0
0x005f8ef0,,-,1000000000,0
0x005f9030,,-,1000000000,0
0x005f9040,,-,1000000000,0
0x005f90c0,,-,1000000000,0
0x005f9110,0x0058a7a0,upstream,1,0
0x005f9320,0x005c0d40,upstream,1,0
0x005f93a0,,-,1000000000,0
0x005f94c0,0x00511940,upstream,1,0
0x005f95a0,0x0058a7a0,upstream,3,0
0x005f9620,,-,1000000000,0
0x005f96d0,0x0058a7a0,upstream,2,0
0x005f9740,0x00513210,upstream,1,0
0x005f98a0,,-,1000000000,0
0x005fa6f0,,-,1000000000,0
0x005fa760,,-,1000000000,0
0x005fa7d0,,-,1000000000,0
0x005fa830,,-,1000000000,0
0x005fa860,0x00511940,upstream,1,0
0x005fa8e0,0x00511940,upstream,1,0
0x005fa960,0x00511940,upstream,1,0
0x005fa9e0,0x004f2210,upstream,3,0
0x005faa50,0x004f2210,upstream,3,0
0x005faab0,0x004f2210,upstream,4,0
0x005faaf0,0x00512ee0,upstream,1,0
0x005faba0,,-,1000000000,0
0x005fabc0,,-,1000000000,0
0x005fabd0,,-,1000000000,0
0x005fabe0,,-,1000000000,0
0x005fabf0,,-,1000000000,0
0x005fac00,,-,1000000000,0
0x005fac10,,-,1000000000,0
0x005fac20,,-,1000000000,0
0x005fac30,,-,1000000000,0
0x005fac40,,-,1000000000,0
0x005fac80,,-,1000000000,0
0x005face0,,-,1000000000,0
0x005fad30,0x00512ee0,upstream,1,0
0x005fae10,0x00512ee0,upstream,1,0
0x005fae70,,-,1000000000,0
0x005faff0,,-,1000000000,0
0x005fb000,,-,1000000000,0
0x005fb050,,-,1000000000,0
0x005fb0a0,,-,1000000000,0
0x005fb0f0,,-,1000000000,0
0x005fb140,,-,1000000000,0
0x005fb1e0,,-,1000000000,0
0x005fb230,0x00513210,upstream,1,0
0x005fb310,,-,1000000000,0
0x005fb320,0x00513210,upstream,2,0
0x005fb350,0x0058a7a0,upstream,1,0
0x005fb3e0,,-,1000000000,0
0x005fb480,0x00513f30,upstream,1,0
0x005fb5d0,0x00511940,upstream,1,0
0x005fb7a0,0x00513210,upstream,1,0
0x005fb8a0,0x00511940,upstream,1,0
0x005fba30,0x00511940,upstream,1,0
0x005fbd90,,-,1000000000,0
0x005fbe10,,-,1000000000,0
0x005fbe60,0x001071e0,upstream,1,0
0x005fbec0,0x00511940,upstream,1,0
0x005fbfd0,0x005c0d40,upstream,1,0
0x005fc210,0x0058a7a0,upstream,1,0
0x005fc2b0,0x00511940,upstream,1,0
0x005fc350,0x00511940,upstream,1,0
0x005fc4a0,,-,1000000000,0
0x005fc540,0x00511940,upstream,2,0
0x005fc610,0x00511940,upstream,3,0
0x005fc730,,-,1000000000,0
0x005fc790,,-,1000000000,0
0x005fc800,,-,1000000000,0
0x005fc860,,-,1000000000,0
0x005fc8b0,,-,1000000000,0
0x005fc930,0x00511940,upstream,3,0
0x005fca50,,-,1000000000,0
0x005fce00,,-,1000000000,0
0x005fce30,,-,1000000000,0
0x005fcf50,0x00513f30,upstream,1,0
0x005fd0b0,0x00513f30,upstream,1,0
0x005fd1b0,0x004f2210,upstream,1,0
0x005fd2d0,,-,1000000000,0
0x005fd3a0,,-,1000000000,0
0x005fd430,0x004f2210,upstream,3,0
0x005fd5e0,0x00513f30,upstream,1,0
0x005fd710,0x00511940,upstream,1,0
0x005fd870,,-,1000000000,0
0x005fd8a0,0x00511940,upstream,2,0
0x005fda60,0x00511940,upstream,2,0
0x005fdb50,0x00511940,upstream,3,0
0x005fdc10,,-,1000000000,0
0x005fdca0,0x00511940,upstream,1,0
0x005fddc0,,-,1000000000,0
0x005fde60,,-,1000000000,0
0x005fdeb0,0x004f2210,upstream,2,0
0x005fdf10,,-,1000000000,0
0x005fdf80,0x00512ee0,upstream,1,0
0x005fe070,0x00512ee0,upstream,1,0
0x005fe0e0,0x00512ee0,upstream,1,0
0x005fe150,0x00512ee0,upstream,1,0
0x005fe220,0x00512ee0,upstream,1,0
0x005fe2c0,0x00512ee0,upstream,1,0
0x005fe340,0x00512ee0,upstream,1,0
0x005fe540,0x004f2100,upstream,1,0
0x006581f0,,-,1000000000,0
0x00658b50,,-,1000000000,0
0x00658ed8,,-,1000000000,0
0x00658fe0,,-,1000000000,0
0x00659120,,-,1000000000,0
0x006592c0,,-,1000000000,0
0x00659308,,-,1000000000,0
0x006c7ab0,,-,1000000000,0
0x006c7c20,,-,1000000000,0
0x006c7cb0,,-,1000000000,0
0x006c8180,,-,1000000000,0
0x006c8270,,-,1000000000,0
0x006c8350,,-,1000000000,0
0x006c84a0,,-,1000000000,0
0x006c8ab0,,-,1000000000,0
0x006c93e0,0x004ba240,upstream,3,0
0x006c9440,0x004ba240,upstream,3,0
0x006c94a0,0x004ba240,upstream,3,0
0x006c9500,0x004ba240,upstream,3,0
0x006c9560,0x004ba240,upstream,3,0
0x006c95c0,0x004ba240,upstream,3,0
0x006c9620,0x004ba240,upstream,3,0
0x006c9680,0x004ba240,upstream,3,0
0x006c96e0,0x004ba240,upstream,3,0
0x006c9740,,-,1000000000,0
0x006c98d0,0x004ba240,upstream,3,0
0x006c9930,0x004ba240,upstream,3,0
0x006c9990,0x004ba240,upstream,3,0
0x006c99f0,0x004ba240,upstream,3,0
0x006c9a50,0x004ba240,upstream,3,0
0x006c9ab0,0x004ba240,upstream,3,0
0x006c9b10,0x004ba240,upstream,3,0
0x006c9b70,0x004ba240,upstream,3,0
0x006c9bd0,0x004ba240,upstream,3,0
0x006c9c30,0x004ba240,upstream,3,0
0x006c9c90,0x004ba240,upstream,3,0
0x006c9cf0,0x004ba240,upstream,3,0
0x006c9d50,0x004ba240,upstream,3,0
0x006c9db0,0x004ba240,upstream,3,0
0x006c9e10,0x004ba240,upstream,3,0
0x006c9e70,0x004ba240,upstream,3,0
0x006c9ed0,0x004ba240,upstream,3,0
0x006c9f30,0x004ba240,upstream,3,0
0x006c9f90,0x004ba240,upstream,3,0
0x006c9ff0,0x004ba240,upstream,3,0
0x006ca230,0x0043b320,upstream,1,0
0x006ca500,,-,1000000000,0
0x006ca640,,-,1000000000,0
0x006ca6c0,0x0058a7a0,upstream,1,0
0x006cafa0,0x0058a7a0,upstream,1,0
