address,name,module,status,in_deg,out_deg,degree,component,betweenness
0x00584e00,0x00584e00,,,4,0,4,17127,0.0000
0x002e4110,0x002e4110,,stub_code,0,2,2,17127,0.0000
0x00196b40,0x00196b40,,stub_code,3,18,21,17127,0.0000
0x0033bae0,0x0033bae0,,,1,0,1,17127,0.0000
0x002c7920,0x002c7920,,,1,0,1,17127,0.0000
0x005bf860,0x005bf860,,stub_code,1,1,2,17127,0.0000
0x005652e0,0x005652e0,,,1,0,1,17127,0.0000
0x002e2df0,0x002e2df0,,stub_code,0,2,2,17127,0.0000
0x004dc9d0,0x004dc9d0,,stub_code,0,4,4,17127,0.0000
0x00135320,0x00135320,,stub_code,2,2,4,17127,4.0000
0x003e6560,0x003e6560,,stub_code,2,2,4,17127,1.8214
0x005a0ba0,0x005a0ba0,,,1,0,1,2,0.0000
0x0030f390,0x0030f390,,stub_code,0,1,1,17127,0.0000
0x00128070,0x00128070,,stub_code,16,2,18,17127,4.0000
0x004f3fd0,0x004f3fd0,,stub_code,2,4,6,17127,32.0000
0x002b17e0,0x002b17e0,,,1,0,1,17127,0.0000
0x002a3e30,0x002a3e30,,stub_code,1,1,2,17127,0.0000
0x00443780,0x00443780,,stub_code,0,8,8,17127,0.0000
0x00214520,0x00214520,,stub_code,2,1,3,17127,0.0000
0x001a4630,0x001a4630,,stub_code,0,1,1,2,0.0000
0x00409aa0,0x00409aa0,,,1,0,1,17127,0.0000
0x00264c10,0x00264c10,,stub_code,1,1,2,17127,0.0000
0x004cb340,0x004cb340,,stub_code,0,1,1,17127,0.0000
0x00076038,0x00076038,,,2,0,2,8,0.0000
0x005a2d80,0x005a2d80,,stub_code,0,6,6,17127,0.0000
0x001fa2e0,0x001fa2e0,,stub_code,0,3,3,17127,0.0000
0x0036daf0,0x0036daf0,,stub_code,1,12,13,17127,0.0000
0x0014e4a0,0x0014e4a0,,,1,0,1,17127,0.0000
0x0012c500,0x0012c500,,stub_code,1,4,5,17127,0.0000
0x003e4ae0,0x003e4ae0,,stub_code,1,3,4,17127,0.3333
0x00194bc0,0x00194bc0,,stub_code,0,9,9,17127,0.0000
0x00151fa0,0x00151fa0,,,4,0,4,17127,0.0000
0x001911b0,0x001911b0,,stub_code,20,1,21,17127,3.0000
0x001de5e0,0x001de5e0,,stub_code,0,2,2,17127,0.0000
0x00260690,0x00260690,,,3,0,3,17127,0.0000
0x00477ef8,0x00477ef8,,stub_code,1,4,5,17127,4.0000
0x0054ea90,0x0054ea90,,stub_code,0,6,6,17127,0.0000
0x005e0d60,0x005e0d60,,stub_code,0,9,9,17127,0.0000
0x0012b270,0x0012b270,,stub_code,1,8,9,17127,0.0000
0x0032dff0,0x0032dff0,,stub_code,0,1,1,17127,0.0000
0x0038a010,0x0038a010,,stub_code,2,7,9,17127,0.0000
0x0047fee8,0x0047fee8,,,1,0,1,17127,0.0000
0x004e79c0,0x004e79c0,,stub_code,1,2,3,17127,0.0000
0x00498fa0,0x00498fa0,,stub_code,1,2,3,17127,4.0000
0x001719d0,0x001719d0,,,16,0,16,17127,0.0000
0x002337b0,0x002337b0,,stub_code,0,2,2,17127,0.0000
0x00551560,0x00551560,,stub_code,0,5,5,17127,0.0000
0x00483fe0,0x00483fe0,,stub_thunk,7,0,7,17127,0.0000
0x00547050,0x00547050,,stub_code,0,1,1,17127,0.0000
0x0029d560,0x0029d560,,,1,0,1,17127,0.0000
0x004d3bf0,0x004d3bf0,,stub_code,11,2,13,17127,1.0000
0x00444d60,0x00444d60,,stub_code,2,2,4,17127,0.0000
0x0053b910,0x0053b910,,,1,0,1,17127,0.0000
0x003aaf00,0x003aaf00,,stub_code,1,3,4,17127,0.0000
0x002e8a40,0x002e8a40,,stub_code,2,2,4,17127,0.0000
0x004d54d0,0x004d54d0,,stub_code,1,2,3,17127,0.0000
0x005f1840,0x005f1840,,stub_code,0,4,4,17127,0.0000
0x0032df00,0x0032df00,,stub_code,0,5,5,17127,0.0000
0x00581cd0,0x00581cd0,,stub_code,0,4,4,17127,0.0000
0x00240800,0x00240800,,stub_code,0,1,1,17127,0.0000
0x0052ee30,0x0052ee30,,stub_code,0,1,1,17127,0.0000
0x00564890,0x00564890,,,1,0,1,17127,0.0000
0x00559220,0x00559220,,stub_code,0,1,1,17127,0.0000
0x0034f990,0x0034f990,,stub_code,0,2,2,17127,0.0000
0x004c29d0,0x004c29d0,,stub_code,0,1,1,17127,0.0000
0x001469b0,0x001469b0,,stub_code,2,2,4,17127,0.0000
0x001d5280,0x001d5280,,stub_code,3,0,3,17127,0.0000
0x00316370,0x00316370,,stub_code,0,6,6,17127,0.0000
0x0042c1c8,FUN_0042c1c8,,real_logic,0,1,1,17127,0.0000
0x00270530,0x00270530,,,1,0,1,17127,0.0000
0x0018c0e0,0x0018c0e0,,stub_code,1,1,2,17127,0.0000
0x00469c60,0x00469c60,,,1,0,1,17127,0.0000
0x004d6570,0x004d6570,,stub_code,0,1,1,17127,0.0000
0x0024d6a0,0x0024d6a0,,stub_code,0,1,1,20,0.0000
0x00565360,0x00565360,,,1,0,1,17127,0.0000
0x004c1720,0x004c1720,,stub_code,0,5,5,17127,0.0000
0x0033f7a0,0x0033f7a0,,,1,0,1,17127,0.0000
0x001ab1f0,0x001ab1f0,,stub_code,1,1,2,17127,0.0000
0x005a5bc0,0x005a5bc0,,,2,0,2,17127,0.0000
0x00313eb0,0x00313eb0,,stub_code,0,17,17,17127,0.0000
0x0047c208,0x0047c208,,stub_code,1,2,3,17127,0.0000
0x001ff5a0,0x001ff5a0,,stub_code,1,3,4,17127,0.0000
0x004db2c0,0x004db2c0,,stub_code,0,4,4,17127,0.0000
0x00288680,0x00288680,,,1,0,1,17127,0.0000
0x004e55a0,0x004e55a0,,stub_code,0,4,4,17127,0.0000
0x004baff0,0x004baff0,,stub_code,0,5,5,17127,0.0000
0x001a66d0,0x001a66d0,,,1,0,1,3,0.0000
0x003ccbd0,0x003ccbd0,,stub_code,1,11,12,17127,114.0500
0x0035aef0,0x0035aef0,,stub_code,1,1,2,17127,0.0000
0x003c86d0,0x003c86d0,,stub_code,1,2,3,17127,1.5000
0x003169d0,0x003169d0,,stub_code,1,2,3,17127,0.0000
0x00533890,0x00533890,,stub_code,1,2,3,17127,0.0000
0x001faf60,0x001faf60,,stub_code,0,2,2,17127,0.0000
0x00388210,0x00388210,,stub_code,1,3,4,17127,0.0000
0x00534090,0x00534090,,stub_code,0,4,4,17127,0.0000
0x002a4400,0x002a4400,,,1,0,1,17127,0.0000
0x0033ca40,0x0033ca40,,stub_code,3,1,4,17127,0.6667
0x005475f0,0x005475f0,,stub_code,0,1,1,17127,0.0000
0x005032e0,0x005032e0,,stub_code,0,2,2,17127,0.0000
0x005c9e10,0x005c9e10,,stub_code,0,1,1,17127,0.0000
0x00519690,0x00519690,,stub_code,1,2,3,17127,0.0000
0x0022cef0,0x0022cef0,,stub_code,1,0,1,17127,0.0000
0x0020af00,0x0020af00,,stub_code,1,2,3,17127,0.0000
0x00252bb0,0x00252bb0,,stub_code,0,0,0,1,0.0000
0x005b4e10,0x005b4e10,,stub_code,1,9,10,17127,0.0000
0x0015db70,0x0015db70,,stub_code,1,7,8,17127,0.0000
0x0031f790,0x0031f790,,stub_code,0,1,1,17127,0.0000
0x00591390,0x00591390,,stub_code,0,4,4,17127,0.0000
0x004013b0,0x004013b0,,stub_code,0,3,3,17127,0.0000
0x00165d10,0x00165d10,,,1,0,1,17127,0.0000
0x0012fa00,0x0012fa00,,stub_code,0,1,1,17127,0.0000
0x00471238,0x00471238,,,1,0,1,17127,0.0000
0x003fb210,0x003fb210,,stub_code,63,3,66,17127,41.1321
0x004ba2c0,0x004ba2c0,,stub_code,0,2,2,17127,0.0000
0x00500110,0x00500110,,stub_code,1,4,5,17127,0.0000
0x00469f80,0x00469f80,,stub_code,1,1,2,17127,0.0000
0x004ca6c0,0x004ca6c0,,stub_code,0,3,3,17127,0.0000
0x002aef70,0x002aef70,,stub_code,1,1,2,17127,0.0000
0x001c6520,0x001c6520,,stub_code,0,0,0,1,0.0000
0x002489d0,0x002489d0,,stub_code,0,0,0,1,0.0000
0x00314f70,0x00314f70,,stub_code,0,5,5,17127,0.0000
0x005453d0,0x005453d0,,stub_code,0,1,1,17127,0.0000
0x0040e180,0x0040e180,,stub_code,24,3,27,17127,11.3333
0x00545670,0x00545670,,,3,0,3,17127,0.0000
0x00215e10,0x00215e10,,,3,0,3,17127,0.0000
0x0048b018,0x0048b018,,stub_code,2,1,3,17127,0.0000
0x0049c4f0,0x0049c4f0,,,1,0,1,17127,0.0000
0x004d3620,0x004d3620,,stub_code,0,9,9,17127,0.0000
0x0024bf90,0x0024bf90,,stub_code,0,1,1,20,0.0000
0x0030c0f0,0x0030c0f0,,stub_code,0,8,8,17127,0.0000
0x005b2280,0x005b2280,,,1,0,1,17127,0.0000
0x001a4b10,0x001a4b10,,stub_code,0,1,1,17127,0.0000
0x004f5c60,0x004f5c60,,stub_code,1,2,3,17127,0.0000
0x00544a20,0x00544a20,,stub_code,0,1,1,17127,0.0000
0x002e80f0,0x002e80f0,,stub_code,4,2,6,17127,0.0000
0x002739e0,0x002739e0,,stub_code,0,9,9,17127,0.0000
0x00118af0,0x00118af0,,stub_code,0,0,0,1,0.0000
0x002f72e0,0x002f72e0,,stub_code,1,0,1,3,0.0000
0x003b11f0,0x003b11f0,,stub_code,1,4,5,17127,0.0000
0x00595c70,0x00595c70,,stub_code,1,2,3,17127,0.0000
0x004d8900,0x004d8900,,stub_code,0,4,4,17127,0.0000
0x004846e8,0x004846e8,,,3,0,3,17127,0.0000
0x00510490,0x00510490,,stub_code,1,5,6,17127,0.0000
0x0043c9f0,0x0043c9f0,,,1,0,1,17127,0.0000
0x0028ed20,0x0028ed20,,stub_code,1,2,3,17127,0.0000
0x00252d30,0x00252d30,,stub_code,0,0,0,1,0.0000
0x0023dfd0,0x0023dfd0,,stub_code,1,1,2,17127,0.0000
0x004de040,0x004de040,,,3,0,3,17127,0.0000
0x002403c0,0x002403c0,,,5,0,5,17127,0.0000
0x0020aa80,0x0020aa80,,stub_code,1,1,2,17127,0.0000
0x002a40e0,0x002a40e0,,stub_code,3,1,4,17127,0.0000
0x001124f0,0x001124f0,,stub_code,54,2,56,17127,13.3333
0x0053c1d0,0x0053c1d0,,stub_code,0,0,0,1,0.0000
0x00107520,0x00107520,,stub_code,0,2,2,17127,0.0000
0x0033fc30,0x0033fc30,,stub_code,1,3,4,17127,0.0000
0x0023ed40,0x0023ed40,,,1,0,1,17127,0.0000
0x00319fc0,0x00319fc0,,,1,0,1,17127,0.0000
0x005481f0,0x005481f0,,stub_code,0,1,1,17127,0.0000
0x0036d660,0x0036d660,,,1,0,1,17127,0.0000
0x001ecc00,0x001ecc00,,stub_code,0,0,0,1,0.0000
0x004df9c0,0x004df9c0,,stub_code,0,4,4,17127,0.0000
0x00510ea0,0x00510ea0,,stub_code,23,4,27,17127,26.0000
0x0035f7f0,0x0035f7f0,,stub_code,1,2,3,17127,0.0000
0x003fe538,0x003fe538,,stub_code,1,3,4,17127,0.0000
0x004381e8,0x004381e8,,,1,0,1,17127,0.0000
0x004d4820,0x004d4820,,,3,0,3,17127,0.0000
0x005ca220,0x005ca220,,stub_code,0,5,5,17127,0.0000
0x0019e150,FUN_0019e150,game/tuning,real_c,1,0,1,17127,0.0000
0x00592c80,0x00592c80,,,2,0,2,17127,0.0000
0x005a6020,0x005a6020,,stub_code,0,1,1,2,0.0000
0x005e8910,0x005e8910,,stub_code,1,2,3,17127,0.0000
0x004c5cc0,0x004c5cc0,,,2,0,2,17127,0.0000
0x00474dd8,0x00474dd8,,stub_code,0,4,4,17127,0.0000
0x00426860,0x00426860,,stub_code,4,4,8,17127,0.0000
0x002d4240,0x002d4240,,stub_code,0,4,4,17127,0.0000
0x004a7ca0,0x004a7ca0,,stub_thunk,1,0,1,17127,0.0000
0x0013e490,0x0013e490,,stub_code,2,7,9,17127,0.0000
0x002a9010,0x002a9010,,stub_code,1,3,4,17127,0.0000
0x00417a80,0x00417a80,,,1,0,1,17127,0.0000
0x001ca330,0x001ca330,,stub_code,1,0,1,17127,0.0000
0x0036c8a0,0x0036c8a0,,,3,0,3,17127,0.0000
0x001049f0,0x001049f0,,,1,0,1,17127,0.0000
0x004ce350,0x004ce350,,stub_code,0,2,2,17127,0.0000
0x00289380,0x00289380,,,1,0,1,17127,0.0000
0x005b2dc0,0x005b2dc0,,stub_code,0,0,0,1,0.0000
0x002fe1f0,0x002fe1f0,,stub_code,0,1,1,17127,0.0000
0x00496d70,0x00496d70,,stub_code,1,1,2,3,0.0000
0x005db9d0,0x005db9d0,,stub_code,0,1,1,17127,0.0000
0x004327a0,FUN_004327a0,core/strings,real_c,1,0,1,17127,0.0000
0x004c98a0,0x004c98a0,,stub_code,0,1,1,17127,0.0000
0x0035b710,0x0035b710,,,1,0,1,17127,0.0000
0x005b64b0,0x005b64b0,,stub_code,0,1,1,17127,0.0000
0x005e8f30,0x005e8f30,,,1,0,1,2,0.0000
0x0027d7a0,0x0027d7a0,,stub_code,0,3,3,17127,0.0000
0x0018f100,0x0018f100,,stub_code,0,1,1,17127,0.0000
0x002d41c0,0x002d41c0,,stub_code,0,2,2,17127,0.0000
0x005db890,0x005db890,,stub_code,0,1,1,17127,0.0000
0x00535650,0x00535650,,,3,0,3,4,0.0000
0x002729a0,0x002729a0,,stub_code,0,1,1,17127,0.0000
0x00342da0,0x00342da0,,stub_code,0,3,3,17127,0.0000
0x001a8da0,0x001a8da0,,,1,0,1,2,0.0000
0x00131b20,0x00131b20,,stub_code,0,1,1,17127,0.0000
0x0015d5d0,0x0015d5d0,,stub_code,0,1,1,17127,0.0000
0x005f23b0,0x005f23b0,,,5,0,5,17127,0.0000
0x004e8b70,0x004e8b70,,stub_code,0,2,2,17127,0.0000
0x0055fa70,0x0055fa70,,,1,0,1,17127,0.0000
0x005d0670,0x005d0670,,stub_code,1,10,11,17127,0.0000
0x0038df70,0x0038df70,,stub_code,1,7,8,17127,0.0000
0x00583700,0x00583700,,,1,0,1,2,0.0000
0x001c54a0,0x001c54a0,,stub_code,0,3,3,17127,0.0000
0x001e76f0,0x001e76f0,,stub_code,7,1,8,17127,0.0000
0x005e91f0,0x005e91f0,,stub_code,0,1,1,2,0.0000
0x0052d6d0,0x0052d6d0,,stub_code,0,1,1,17127,0.0000
0x00197d50,0x00197d50,,stub_code,2,1,3,17127,0.0000
0x001fb2c0,0x001fb2c0,,stub_code,0,2,2,17127,0.0000
0x00456f10,0x00456f10,,stub_code,2,9,11,17127,25.8632
0x005b2150,0x005b2150,,stub_code,1,5,6,17127,0.0000
0x002be5c0,0x002be5c0,,stub_code,2,3,5,17127,0.0000
0x00271140,0x00271140,,stub_code,0,5,5,17127,0.0000
0x0056f8e0,0x0056f8e0,,,2,0,2,17127,0.0000
0x0035c440,0x0035c440,,stub_code,1,6,7,17127,0.0000
0x004eccf0,0x004eccf0,,stub_code,0,1,1,17127,0.0000
0x004f2a20,0x004f2a20,,stub_code,3,0,3,17127,0.0000
0x00303740,0x00303740,,stub_code,0,1,1,17127,0.0000
0x005824d0,0x005824d0,,stub_code,0,1,1,17127,0.0000
0x0047fe50,0x0047fe50,,stub_code,9,1,10,17127,0.0000
0x001a2e10,0x001a2e10,,stub_code,1,1,2,17127,0.0000
0x0049f8c0,0x0049f8c0,,stub_code,1,1,2,17127,0.0000
0x0013e9b0,0x0013e9b0,,stub_code,0,2,2,17127,0.0000
0x005ab300,0x005ab300,,stub_code,1,5,6,17127,0.0000
0x00324780,0x00324780,,stub_code,0,14,14,17127,0.0000
0x004aef78,0x004aef78,,,4,0,4,17127,0.0000
0x002ee780,0x002ee780,,,8,0,8,17127,0.0000
0x0055fb20,0x0055fb20,,,1,0,1,17127,0.0000
0x0010ff50,0x0010ff50,,stub_code,1,4,5,17127,0.0000
0x005359f0,0x005359f0,,stub_code,0,0,0,1,0.0000
0x0051dff0,0x0051dff0,,stub_code,1,2,3,17127,71.6667
0x004fcf30,0x004fcf30,,,1,0,1,17127,0.0000
0x001861e0,0x001861e0,,,3,0,3,17127,0.0000
0x00546440,0x00546440,,stub_code,0,1,1,17127,0.0000
0x004eef80,0x004eef80,,stub_code,1,1,2,17127,0.0000
0x002af270,0x002af270,,stub_code,1,1,2,17127,0.0000
0x002e3380,0x002e3380,,stub_code,0,1,1,17127,0.0000
0x0027fef0,0x0027fef0,,stub_code,0,4,4,17127,0.0000
0x004752d0,0x004752d0,,stub_code,0,1,1,17127,0.0000
0x00307470,0x00307470,,stub_code,0,7,7,17127,0.0000
0x001a50d0,0x001a50d0,,stub_code,0,1,1,17127,0.0000
0x002f58c0,0x002f58c0,,stub_code,0,8,8,17127,0.0000
0x00523210,0x00523210,,stub_code,0,2,2,17127,0.0000
0x001c2820,0x001c2820,,,1,0,1,17127,0.0000
0x002b8670,0x002b8670,,,1,0,1,17127,0.0000
0x00530600,0x00530600,,stub_code,1,1,2,17127,0.0000
0x00552230,0x00552230,,stub_code,0,4,4,17127,0.0000
0x003190a0,0x003190a0,,stub_code,1,2,3,17127,0.0000
0x004e8bb0,0x004e8bb0,,stub_code,0,4,4,17127,0.0000
0x004c6f50,0x004c6f50,,stub_code,1,2,3,17127,0.0000
0x002c58b0,0x002c58b0,,stub_code,2,1,3,17127,0.0000
0x0046bbc8,FUN_0046bbc8,,pseudo_stub,1,1,2,17127,0.0000
0x005205d0,0x005205d0,,stub_code,1,1,2,17127,0.0000
0x004c27c0,0x004c27c0,,stub_code,0,4,4,17127,0.0000
0x00345a70,0x00345a70,,stub_code,8,2,10,17127,0.0000
0x004d4f30,0x004d4f30,,stub_code,2,1,3,17127,0.0000
0x0025cce0,0x0025cce0,,stub_code,0,1,1,17127,0.0000
0x001ff430,0x001ff430,,stub_code,1,4,5,17127,0.0000
0x00497a10,0x00497a10,,stub_code,1,2,3,17127,0.0000
0x00207510,0x00207510,,stub_code,2,2,4,17127,0.0000
0x00464e88,0x00464e88,,stub_code,15,2,17,17127,4.0000
0x005f6540,0x005f6540,,stub_code,0,1,1,17127,0.0000
0x004481e0,0x004481e0,,stub_code,1,2,3,17127,0.0000
0x00297080,0x00297080,,stub_code,17,3,20,17127,30.5000
0x004bd9d0,0x004bd9d0,,stub_code,0,6,6,17127,0.0000
0x001a8890,0x001a8890,,stub_code,1,2,3,17127,0.0000
0x005fd4b0,0x005fd4b0,,stub_code,0,0,0,1,0.0000
0x0055dad0,0x0055dad0,,stub_code,0,2,2,17127,0.0000
0x005993e0,0x005993e0,,,1,0,1,2,0.0000
0x0056c8f0,0x0056c8f0,,stub_code,0,2,2,17127,0.0000
0x00578aa0,0x00578aa0,,,1,0,1,17127,0.0000
0x00390770,0x00390770,,,1,0,1,17127,0.0000
0x002b07f0,0x002b07f0,,,1,0,1,17127,0.0000
0x003efc30,FUN_003efc30,,real_logic,1,0,1,17127,0.0000
0x001d45b0,0x001d45b0,,stub_code,1,2,3,17127,0.0000
0x004a13c0,0x004a13c0,,stub_code,1,3,4,17127,0.0000
0x0041c7d0,0x0041c7d0,,,2,0,2,17127,0.0000
0x003adaf0,0x003adaf0,,stub_code,23,1,24,17127,0.0000
0x004aad40,0x004aad40,,stub_code,1,1,2,17127,0.0000
0x002d2880,0x002d2880,,stub_code,1,13,14,17127,1474.7333
0x004ec0b0,0x004ec0b0,,stub_code,0,3,3,17127,0.0000
0x00440ac8,0x00440ac8,,stub_code,1,1,2,17127,0.0000
0x00583ad0,0x00583ad0,,stub_code,0,1,1,17127,0.0000
0x0024ed10,0x0024ed10,,stub_code,3,3,6,17127,0.0000
0x00200760,0x00200760,,stub_code,7,2,9,17127,2.0000
0x003df150,0x003df150,,stub_code,2,6,8,17127,0.0000
0x005aefe0,0x005aefe0,,stub_code,2,6,8,17127,0.0000
0x00565830,0x00565830,,stub_code,1,3,4,17127,0.0000
0x003fd320,FUN_003fd320,,pseudo_stub,1,1,2,17127,0.0000
0x005f1ec0,0x005f1ec0,,stub_code,0,1,1,17127,0.0000
0x002fa650,0x002fa650,,stub_code,0,4,4,17127,0.0000
0x004e9c20,0x004e9c20,,stub_code,1,1,2,17127,0.0000
0x00290220,0x00290220,,stub_code,0,8,8,17127,0.0000
0x005dbc90,0x005dbc90,,stub_code,1,2,3,17127,0.0000
0x00128af0,0x00128af0,,stub_code,1,0,1,17127,0.0000
0x00597030,0x00597030,,,1,0,1,2,0.0000
0x004aeb18,0x004aeb18,,stub_code,1,1,2,17127,0.0000
0x0028c960,0x0028c960,,stub_code,1,2,3,17127,0.0000
0x00499168,0x00499168,,stub_code,2,13,15,17127,0.0000
0x0030fa50,0x0030fa50,,,2,0,2,17127,0.0000
0x0055c370,0x0055c370,,stub_code,0,1,1,17127,0.0000
0x004d3da0,0x004d3da0,,stub_code,0,1,1,17127,0.0000
0x00271960,0x00271960,,stub_code,0,3,3,17127,0.0000
0x0025f7a0,0x0025f7a0,,stub_code,0,5,5,17127,0.0000
0x00254260,0x00254260,,stub_code,0,1,1,17127,0.0000
0x00363910,0x00363910,,stub_code,1,4,5,17127,0.0000
0x0043ca20,0x0043ca20,,,1,0,1,17127,0.0000
0x001abf20,0x001abf20,,stub_code,0,0,0,1,0.0000
0x002f9630,0x002f9630,,stub_code,0,1,1,17127,0.0000
0x001b8b60,0x001b8b60,,stub_code,1,0,1,17127,0.0000
0x005a0610,0x005a0610,,stub_code,0,1,1,2,0.0000
0x005f3770,0x005f3770,,stub_code,0,1,1,2,0.0000
0x004a8b18,0x004a8b18,,stub_code,1,2,3,17127,0.0000
0x001dfeb0,0x001dfeb0,,stub_code,1,2,3,17127,0.0000
0x004ca210,0x004ca210,,stub_code,0,3,3,17127,0.0000
0x001c5340,0x001c5340,,stub_code,0,0,0,1,0.0000
0x00150700,0x00150700,,,3,0,3,17127,0.0000
0x0010fb90,0x0010fb90,,stub_code,0,7,7,17127,0.0000
0x004b1a98,0x004b1a98,,stub_code,0,1,1,17127,0.0000
0x002f4920,0x002f4920,,stub_code,0,1,1,17127,0.0000
0x001ef820,0x001ef820,,stub_code,0,0,0,1,0.0000
0x003b7250,0x003b7250,,stub_code,1,1,2,17127,0.0000
0x0011dcb0,0x0011dcb0,,stub_code,0,0,0,1,0.0000
0x00564cc0,0x00564cc0,,stub_code,1,5,6,17127,0.0000
0x003de110,0x003de110,,stub_code,2,4,6,17127,86.8333
0x00501c70,0x00501c70,,stub_code,0,1,1,17127,0.0000
0x0058a120,0x0058a120,,,2,0,2,17127,0.0000
0x0018e480,0x0018e480,,stub_code,0,1,1,17127,0.0000
0x005a0d20,0x005a0d20,,stub_code,0,4,4,17127,0.0000
0x00315430,0x00315430,,stub_code,0,2,2,17127,0.0000
0x002f66c0,0x002f66c0,,stub_code,0,2,2,3,0.0000
0x005ec7d0,0x005ec7d0,,stub_code,0,9,9,17127,0.0000
0x005900e0,0x005900e0,,stub_code,0,11,11,17127,0.0000
0x00151d40,0x00151d40,,stub_code,1,3,4,17127,0.0000
0x0050e960,0x0050e960,,stub_code,4,0,4,17127,0.0000
0x0043ca10,0x0043ca10,,,10,0,10,17127,0.0000
0x00129990,0x00129990,,,1,0,1,17127,0.0000
0x004f7eb0,0x004f7eb0,,stub_code,5,2,7,17127,9.0000
0x0034dc40,0x0034dc40,,stub_code,1,2,3,17127,0.0000
0x00185910,0x00185910,,,1,0,1,17127,0.0000
0x002d5370,0x002d5370,,stub_code,0,1,1,17127,0.0000
0x0022b800,0x0022b800,,stub_code,1,1,2,17127,0.0000
0x00125400,0x00125400,,stub_code,0,1,1,17127,0.0000
0x003687a0,0x003687a0,,stub_code,8,3,11,17127,0.0000
0x002316e0,0x002316e0,,,1,0,1,17127,0.0000
0x00498ff8,0x00498ff8,,stub_code,1,1,2,17127,0.0000
0x001c9540,0x001c9540,,stub_code,0,1,1,9,0.0000
0x00472880,0x00472880,,,1,0,1,17127,0.0000
0x0054e970,0x0054e970,,,2,0,2,17127,0.0000
0x0046d068,0x0046d068,,stub_code,0,3,3,17127,0.0000
0x001fb320,0x001fb320,,stub_code,0,0,0,1,0.0000
0x001ac150,0x001ac150,,stub_code,2,2,4,17127,0.0000
0x00123980,0x00123980,,,1,0,1,17127,0.0000
0x00445b68,0x00445b68,,,1,0,1,17127,0.0000
0x00480880,0x00480880,,,2,0,2,17127,0.0000
0x00464960,0x00464960,,stub_code,1,4,5,17127,0.0000
0x0026c170,0x0026c170,,,1,0,1,17127,0.0000
0x004d2880,0x004d2880,,stub_code,0,1,1,17127,0.0000
0x0054e690,0x0054e690,,stub_code,0,5,5,17127,0.0000
0x00410ae0,0x00410ae0,,stub_code,2,7,9,17127,75.0000
0x00239db0,0x00239db0,,stub_code,1,1,2,17127,0.0000
0x0026b9d0,0x0026b9d0,,,1,0,1,17127,0.0000
0x0028e2d0,0x0028e2d0,,stub_code,2,2,4,17127,0.0000
0x002d21c0,0x002d21c0,,stub_code,2,11,13,17127,12.7500
0x004cebc0,0x004cebc0,,stub_code,0,2,2,17127,0.0000
0x00588aa0,0x00588aa0,,stub_code,0,1,1,17127,0.0000
0x0025c510,0x0025c510,,stub_code,0,2,2,17127,0.0000
0x0031c650,0x0031c650,,stub_code,0,2,2,17127,0.0000
0x0027e280,0x0027e280,,,1,0,1,17127,0.0000
0x004c09f0,0x004c09f0,,stub_code,0,3,3,17127,0.0000
0x001278c0,0x001278c0,,stub_code,1,9,10,17127,0.0000
0x004911a0,0x004911a0,,stub_code,1,0,1,2,0.0000
0x00192960,0x00192960,,stub_code,0,5,5,17127,0.0000
0x00313c60,0x00313c60,,stub_code,0,5,5,17127,0.0000
0x0029dc80,0x0029dc80,,stub_code,1,1,2,17127,1.0000
0x005837f0,0x005837f0,,stub_code,0,1,1,2,0.0000
0x0051d690,0x0051d690,,,4,0,4,17127,0.0000
0x001fd840,0x001fd840,,stub_code,0,3,3,17127,0.0000
0x00364590,0x00364590,,stub_code,0,2,2,17127,0.0000
0x0047d110,0x0047d110,,stub_code,2,5,7,17127,0.0000
0x002968c0,0x002968c0,,,1,0,1,17127,0.0000
0x001149d0,0x001149d0,,stub_code,2,6,8,17127,0.0000
0x00538d60,0x00538d60,,stub_code,1,2,3,17127,0.0000
0x00518d90,0x00518d90,,stub_code,14,3,17,17127,0.0000
0x0059bb00,0x0059bb00,,stub_code,0,1,1,2,0.0000
0x005ee580,0x005ee580,,stub_code,0,3,3,17127,0.0000
0x001ef1f0,0x001ef1f0,,stub_code,0,2,2,17127,0.0000
0x0051b900,0x0051b900,,stub_code,2,6,8,17127,0.0000
0x001c3f40,0x001c3f40,,stub_code,3,1,4,17127,0.0000
0x002663c0,0x002663c0,,stub_code,2,4,6,17127,0.0000
0x0035b5b0,0x0035b5b0,,stub_code,1,3,4,17127,0.0000
0x002a35e0,0x002a35e0,,stub_code,1,2,3,17127,0.0000
0x003a8d90,0x003a8d90,,,1,0,1,17127,0.0000
0x005822e0,0x005822e0,,stub_code,0,1,1,17127,0.0000
0x00403300,0x00403300,,stub_code,4,2,6,17127,0.0000
0x00286150,0x00286150,,stub_code,0,5,5,17127,0.0000
0x0018b730,0x0018b730,,stub_code,1,11,12,17127,0.0000
0x001e7b40,0x001e7b40,,stub_code,1,7,8,17127,0.0000
0x002af8d0,0x002af8d0,,stub_code,1,2,3,17127,0.0000
0x00316b30,0x00316b30,,,1,0,1,17127,0.0000
0x0018fe20,0x0018fe20,,,2,0,2,17127,0.0000
0x005344e0,0x005344e0,,stub_code,0,0,0,1,0.0000
0x0025c810,0x0025c810,,stub_code,0,0,0,1,0.0000
0x0018bd00,0x0018bd00,,,1,0,1,17127,0.0000
0x0054f230,0x0054f230,,stub_code,0,6,6,17127,0.0000
0x002af850,0x002af850,,stub_code,3,1,4,17127,0.0000
0x003263a0,0x003263a0,,stub_code,0,15,15,17127,0.0000
0x0048be80,FUN_0048be80,,pseudo_stub,1,0,1,17127,0.0000
0x005f41c0,0x005f41c0,,stub_code,0,1,1,17127,0.0000
0x0053a9c0,0x0053a9c0,,stub_code,0,1,1,17127,0.0000
0x00129ad0,0x00129ad0,,stub_code,0,0,0,1,0.0000
0x00100260,0x00100260,,stub_code,3,10,13,17127,30.0000
0x00280e70,0x00280e70,,,1,0,1,17127,0.0000
0x00497968,0x00497968,,stub_code,1,1,2,17127,0.0000
0x005e9f80,0x005e9f80,,,1,0,1,2,0.0000
0x0049ff78,0x0049ff78,,,1,0,1,17127,0.0000
0x004df560,0x004df560,,,1,0,1,2,0.0000
0x003e4300,0x003e4300,,stub_code,3,5,8,17127,3.0000
0x004f4a00,0x004f4a00,,stub_code,0,6,6,17127,0.0000
0x004a0b80,0x004a0b80,,stub_code,2,1,3,17127,0.0000
0x00417470,0x00417470,,stub_code,4,2,6,17127,0.0000
0x00586d80,0x00586d80,,stub_code,4,1,5,17127,0.0000
0x004b6ee8,0x004b6ee8,,stub_code,1,3,4,17127,0.0000
0x004b6930,0x004b6930,,stub_code,1,1,2,17127,0.0000
0x00555a80,0x00555a80,,stub_code,1,4,5,17127,0.0000
0x00445e18,0x00445e18,,,1,0,1,17127,0.0000
0x004de2f0,0x004de2f0,,stub_code,0,3,3,17127,0.0000
0x004a6638,0x004a6638,,stub_code,2,1,3,17127,0.0000
0x0027da60,0x0027da60,,stub_code,0,5,5,17127,0.0000
0x004ba010,0x004ba010,,stub_code,0,1,1,17127,0.0000
0x00261d40,0x00261d40,,stub_code,6,1,7,17127,0.0000
0x005f22c0,0x005f22c0,,stub_code,0,6,6,17127,0.0000
0x003f19f0,0x003f19f0,,stub_code,2,3,5,17127,4.0000
0x005fc930,0x005fc930,,stub_code,1,2,3,17127,0.0000
0x005efde0,0x005efde0,,stub_code,0,4,4,17127,0.0000
0x00546350,0x00546350,,,2,0,2,17127,0.0000
0x004a6078,0x004a6078,,stub_code,1,1,2,17127,0.0000
0x0010e610,0x0010e610,,,46,0,46,17127,0.0000
0x0033b820,0x0033b820,,stub_code,0,1,1,17127,0.0000
0x00257900,0x00257900,,stub_code,1,0,1,17127,0.0000
0x001277a0,0x001277a0,,stub_code,1,1,2,17127,0.0000
0x0035d820,0x0035d820,,stub_code,1,6,7,17127,0.0000
0x003fa590,0x003fa590,,stub_code,2,7,9,17127,210.0000
0x001ac470,0x001ac470,,stub_code,1,4,5,17127,0.0000
0x001e0050,FUN_001e0050,core/struct,real_logic,1,0,1,17127,0.0000
0x004f7710,0x004f7710,,stub_code,0,2,2,17127,0.0000
0x005eacc0,0x005eacc0,,stub_code,0,1,1,2,0.0000
0x005a3930,0x005a3930,,stub_code,0,10,10,17127,0.0000
0x005f47e0,0x005f47e0,,stub_code,0,1,1,17127,0.0000
0x001fb010,0x001fb010,,,2,0,2,17127,0.0000
0x0047c038,0x0047c038,,stub_code,0,1,1,17127,0.0000
0x0058f6f0,0x0058f6f0,,stub_code,2,2,4,17127,0.0000
0x00546c80,0x00546c80,,stub_code,4,2,6,17127,0.0000
0x00254130,0x00254130,,stub_code,0,1,1,17127,0.0000
0x005e5050,0x005e5050,,,1,0,1,2,0.0000
0x0017c280,0x0017c280,,stub_code,0,1,1,17127,0.0000
0x0043ef70,0x0043ef70,,,1,0,1,17127,0.0000
0x004d6ef0,0x004d6ef0,,stub_code,0,1,1,17127,0.0000
0x00111390,0x00111390,,,4,0,4,17127,0.0000
0x003f1430,FUN_003f1430,,real_logic,1,0,1,17127,0.0000
0x004c5b60,0x004c5b60,,stub_code,0,1,1,17127,0.0000
0x005c0e50,0x005c0e50,,stub_code,7,1,8,17127,0.0000
0x0015cb20,0x0015cb20,,,1,0,1,17127,0.0000
0x00322240,0x00322240,,stub_code,0,4,4,17127,0.0000
0x005f32b0,0x005f32b0,,stub_code,0,7,7,17127,0.0000
0x0024c8c0,0x0024c8c0,,stub_code,0,0,0,1,0.0000
0x00160890,0x00160890,,stub_code,1,1,2,17127,0.0000
0x00496b08,0x00496b08,,stub_code,0,2,2,17127,0.0000
0x004e58a0,0x004e58a0,,stub_code,0,3,3,17127,0.0000
0x005b4ec0,0x005b4ec0,,,1,0,1,2,0.0000
0x00440248,0x00440248,,stub_code,1,4,5,17127,10.0000
0x005b5000,0x005b5000,,stub_code,1,2,3,17127,0.0000
0x00365ff0,0x00365ff0,,stub_code,1,1,2,17127,0.0000
0x004d71e0,0x004d71e0,,stub_code,0,5,5,17127,0.0000
0x0050a4a0,0x0050a4a0,,stub_code,0,2,2,17127,0.0000
0x0046d6c0,0x0046d6c0,,stub_code,0,0,0,1,0.0000
0x0056fdb0,0x0056fdb0,,stub_code,0,0,0,1,0.0000
0x0042a748,0x0042a748,,stub_code,0,1,1,17127,0.0000
0x0056ea10,0x0056ea10,,stub_code,0,2,2,17127,0.0000
0x004f2600,0x004f2600,,stub_code,1,0,1,17127,0.0000
0x004a8058,0x004a8058,,stub_code,1,9,10,17127,0.0000
0x0042c660,FUN_0042c660,,real_logic,8,1,9,17127,10.0000
0x00263fe0,0x00263fe0,,stub_code,1,3,4,17127,0.0000
0x0021bb30,0x0021bb30,,stub_code,0,0,0,1,0.0000
0x005675b0,0x005675b0,,stub_code,0,1,1,17127,0.0000
0x0025cb60,0x0025cb60,,stub_code,0,1,1,17127,0.0000
0x005edef0,0x005edef0,,stub_code,0,1,1,17127,0.0000
0x004da550,0x004da550,,stub_code,0,5,5,17127,0.0000
0x00582da0,0x00582da0,,,2,0,2,17127,0.0000
0x004d14d0,0x004d14d0,,stub_code,1,2,3,17127,0.0000
0x00280a70,0x00280a70,,stub_code,0,4,4,17127,0.0000
0x004834e8,0x004834e8,,stub_code,1,0,1,17127,0.0000
0x002e9370,0x002e9370,,,3,0,3,17127,0.0000
0x0021cde0,0x0021cde0,,,8,0,8,17127,0.0000
0x00342280,0x00342280,,stub_code,0,1,1,17127,0.0000
0x0059b4b0,0x0059b4b0,,stub_code,0,3,3,17127,0.0000
0x001bd8b0,0x001bd8b0,,stub_code,0,8,8,17127,0.0000
0x0025acf0,0x0025acf0,,stub_code,0,1,1,15,0.0000
0x0015df20,0x0015df20,,stub_code,4,1,5,17127,0.0000
0x001cdf60,0x001cdf60,,stub_code,1,4,5,17127,1.2500
0x00240630,0x00240630,,stub_code,0,4,4,17127,0.0000
0x0055ae40,0x0055ae40,,,1,0,1,17127,0.0000
0x002b7350,0x002b7350,,,1,0,1,17127,0.0000
0x004f0690,0x004f0690,,stub_code,0,1,1,17127,0.0000
0x003097c0,0x003097c0,,stub_code,0,3,3,17127,0.0000
0x0035fa80,0x0035fa80,,,1,0,1,17127,0.0000
0x0049b8d8,0x0049b8d8,,,60,0,60,17127,0.0000
0x00546900,0x00546900,,stub_code,0,1,1,2,0.0000
0x00542b50,0x00542b50,,stub_code,0,1,1,17127,0.0000
0x00150720,0x00150720,,,1,0,1,17127,0.0000
0x0016b620,0x0016b620,,stub_code,0,2,2,17127,0.0000
0x00465e60,0x00465e60,,stub_code,0,2,2,17127,0.0000
0x0033c810,0x0033c810,,stub_code,1,2,3,17127,9.0000
0x00195c80,FUN_00195c80,,pseudo_stub,1,1,2,17127,0.0000
0x002a41e0,0x002a41e0,,,1,0,1,17127,0.0000
0x004d9b60,0x004d9b60,,stub_code,0,1,1,17127,0.0000
0x00449ea0,0x00449ea0,,stub_code,1,27,28,17127,61.7568
0x004d2430,0x004d2430,,stub_code,1,2,3,17127,0.0000
0x00551bf0,0x00551bf0,,,1,0,1,17127,0.0000
0x005e7720,0x005e7720,,stub_code,1,1,2,17127,0.0000
0x005477c0,0x005477c0,,,1,0,1,2,0.0000
0x0058f8d0,0x0058f8d0,,,1,0,1,2,0.0000
0x0043af50,0x0043af50,,,1,0,1,2,0.0000
0x00582140,0x00582140,,stub_code,1,2,3,17127,0.0000
0x002ae410,0x002ae410,,stub_code,0,3,3,17127,0.0000
0x00133760,0x00133760,,stub_code,0,1,1,17127,0.0000
0x005d5710,0x005d5710,,stub_code,3,3,6,17127,0.0000
0x004d6d20,0x004d6d20,,stub_code,0,4,4,17127,0.0000
0x004da8d0,0x004da8d0,,stub_code,0,2,2,17127,0.0000
0x004dbcb0,0x004dbcb0,,stub_code,1,2,3,17127,0.0000
0x002aec40,0x002aec40,,stub_code,2,1,3,17127,0.0000
0x0031a9b0,0x0031a9b0,,,2,0,2,17127,0.0000
0x004e6500,0x004e6500,,stub_code,0,3,3,17127,0.0000
0x004b5910,0x004b5910,,stub_code,9,1,10,17127,0.0000
0x001ec1a0,0x001ec1a0,,stub_code,5,2,7,17127,0.0000
0x0030fff0,0x0030fff0,,stub_code,3,3,6,17127,0.0000
0x005478a0,0x005478a0,,stub_code,0,1,1,2,0.0000
0x001621f0,0x001621f0,,stub_code,1,5,6,17127,0.0000
0x004a45f8,0x004a45f8,,,1,0,1,17127,0.0000
0x004083e0,0x004083e0,,stub_code,23,1,24,17127,20.0000
0x005a0b00,0x005a0b00,,stub_code,0,3,3,17127,0.0000
0x002dfbf0,0x002dfbf0,,stub_code,0,1,1,17127,0.0000
0x004ffd70,0x004ffd70,,stub_code,1,1,2,17127,0.0000
0x0032e9f0,0x0032e9f0,,,4,0,4,17127,0.0000
0x004d76d0,0x004d76d0,,stub_code,0,6,6,17127,0.0000
0x0010dde0,0x0010dde0,,,1,0,1,17127,0.0000
0x0014f090,0x0014f090,,stub_code,0,1,1,17127,0.0000
0x004d31b0,0x004d31b0,,stub_code,0,1,1,17127,0.0000
0x004db8b0,0x004db8b0,,,1,0,1,2,0.0000
0x0019a8e0,0x0019a8e0,,stub_code,1,1,2,17127,0.0000
0x004e33f0,0x004e33f0,,stub_code,0,6,6,17127,0.0000
0x004b27e8,0x004b27e8,,,1,0,1,17127,0.0000
0x003165a0,0x003165a0,,stub_code,0,2,2,17127,0.0000
0x0028d570,0x0028d570,,stub_code,0,3,3,17127,0.0000
0x0036ea60,0x0036ea60,,stub_code,1,2,3,17127,0.0000
0x00119690,0x00119690,,stub_code,1,5,6,17127,0.0000
0x00492410,0x00492410,,stub_code,1,1,2,17127,0.0000
0x0050fde0,0x0050fde0,,,461,0,461,17127,0.0000
0x00189720,0x00189720,,stub_code,1,1,2,17127,0.0000
0x0021b1c0,0x0021b1c0,,,5,0,5,17127,0.0000
0x004d3c30,0x004d3c30,,stub_code,0,3,3,17127,0.0000
0x0034d390,0x0034d390,,stub_code,4,2,6,17127,0.0000
0x0054bc10,0x0054bc10,,stub_code,0,3,3,17127,0.0000
0x0057a790,0x0057a790,,,6,0,6,17127,0.0000
0x002dbe00,0x002dbe00,,stub_code,0,1,1,17127,0.0000
0x005619f0,0x005619f0,,stub_code,0,0,0,1,0.0000
0x001bb860,0x001bb860,,,2,0,2,17127,0.0000
0x0055de10,0x0055de10,,stub_code,0,2,2,17127,0.0000
0x002017e0,0x002017e0,,stub_code,2,2,4,17127,0.0000
0x001168c0,0x001168c0,,,31,0,31,17127,0.0000
0x00554ab0,0x00554ab0,,stub_code,0,9,9,17127,0.0000
0x004d0f40,0x004d0f40,,stub_code,0,4,4,17127,0.0000
0x003cee20,0x003cee20,,stub_code,1,20,21,17127,0.0000
0x002e3270,0x002e3270,,,1,0,1,17127,0.0000
0x001206f0,FUN_001206f0,,real_logic,45,0,45,17127,0.0000
0x002a4950,0x002a4950,,,1,0,1,17127,0.0000
0x0017b730,0x0017b730,,stub_code,1,3,4,17127,1.0000
0x002d58b0,0x002d58b0,,stub_code,1,3,4,17127,0.0000
0x004e2070,0x004e2070,,stub_code,0,1,1,17127,0.0000
0x00394450,0x00394450,,stub_code,0,0,0,1,0.0000
0x004f6830,0x004f6830,,stub_code,1,6,7,17127,0.0000
0x005e8a80,0x005e8a80,,stub_code,0,1,1,2,0.0000
0x002492d0,0x002492d0,,stub_code,0,1,1,17127,0.0000
0x002dbe50,0x002dbe50,,stub_code,0,6,6,17127,0.0000
0x003ec620,0x003ec620,,,11,0,11,17127,0.0000
0x00338210,0x00338210,,stub_code,1,1,2,17127,0.0000
0x004b4fa8,0x004b4fa8,,stub_code,1,1,2,17127,2.0000
0x004a59f0,0x004a59f0,,stub_code,0,3,3,17127,0.0000
0x00285290,0x00285290,,stub_code,0,5,5,17127,0.0000
0x005c0a80,0x005c0a80,,stub_code,1,3,4,17127,0.0000
0x00321170,0x00321170,,stub_code,0,1,1,17127,0.0000
0x004c54c0,0x004c54c0,,,2,0,2,17127,0.0000
0x0059d230,0x0059d230,,,1,0,1,2,0.0000
0x002c1bb0,0x002c1bb0,,stub_code,1,5,6,17127,0.0000
0x00278b20,0x00278b20,,,1,0,1,17127,0.0000
0x0051ab00,0x0051ab00,,stub_code,1,4,5,17127,0.0000
0x00230910,0x00230910,,stub_code,1,36,37,17127,0.0000
0x00590e90,0x00590e90,,,1,0,1,2,0.0000
0x00136c20,0x00136c20,,stub_code,1,5,6,17127,0.0000
0x001e67e0,0x001e67e0,,stub_code,6,7,13,17127,7.0000
0x004a6968,0x004a6968,,,1,0,1,17127,0.0000
0x004d69d0,0x004d69d0,,stub_code,1,4,5,17127,52.0000
0x0048be30,FUN_0048be30,,pseudo_stub,1,0,1,17127,0.0000
0x00338ca0,0x00338ca0,,stub_code,1,5,6,17127,13.0000
0x002e7a80,0x002e7a80,,stub_code,0,1,1,17127,0.0000
0x001c4f90,0x001c4f90,,stub_code,0,4,4,17127,0.0000
0x0023a8e0,0x0023a8e0,,stub_code,1,1,2,17127,0.0000
0x005aa680,0x005aa680,,stub_code,0,9,9,17127,0.0000
0x001ba650,0x001ba650,,stub_code,0,3,3,17127,0.0000
0x004090e0,0x004090e0,,,2,0,2,17127,0.0000
0x004b4468,0x004b4468,,stub_code,5,2,7,17127,2.0000
0x004cf270,0x004cf270,,stub_code,0,1,1,17127,0.0000
0x001daaa0,0x001daaa0,,,1,0,1,17127,0.0000
0x00598050,0x00598050,,stub_code,1,2,3,17127,0.0000
0x002ec820,0x002ec820,,stub_code,1,3,4,17127,0.0000
0x0021a730,0x0021a730,,,4,0,4,17127,0.0000
0x00357d50,0x00357d50,,stub_code,0,1,1,17127,0.0000
0x001f0320,0x001f0320,,stub_code,1,6,7,17127,0.0000
0x004a5320,0x004a5320,,stub_code,0,7,7,17127,0.0000
0x006588a0,FUN_006588a0,sys/boot,real_c,0,0,0,1,0.0000
0x00243cc0,0x00243cc0,,stub_code,0,3,3,17127,0.0000
0x003227c0,0x003227c0,,stub_code,0,4,4,17127,0.0000
0x005950d0,0x005950d0,,stub_code,0,1,1,2,0.0000
0x001e9fe0,0x001e9fe0,,,1,0,1,17127,0.0000
0x001a7ad0,0x001a7ad0,,stub_code,0,4,4,17127,0.0000
0x001633a0,0x001633a0,,stub_code,1,6,7,17127,0.0000
0x002f70b0,0x002f70b0,,stub_code,0,0,0,1,0.0000
0x001bba80,0x001bba80,,stub_code,0,7,7,17127,0.0000
0x001fade0,0x001fade0,,stub_code,0,2,2,17127,0.0000
0x00117a20,0x00117a20,,stub_code,1,2,3,17127,0.0000
0x0036d550,0x0036d550,,stub_code,1,5,6,17127,0.0000
0x0029ee80,0x0029ee80,,stub_code,1,1,2,17127,1.0000
0x003de910,0x003de910,,stub_code,2,8,10,17127,20.0000
0x004a2178,0x004a2178,,,1,0,1,17127,0.0000
0x005e6230,0x005e6230,,,3,0,3,17127,0.0000
0x004848d0,0x004848d0,,stub_thunk,0,0,0,1,0.0000
0x0026a960,0x0026a960,,,3,0,3,17127,0.0000
0x001c5630,0x001c5630,,stub_code,0,0,0,1,0.0000
0x004425c0,0x004425c0,,stub_code,3,7,10,17127,0.0000
0x004ce670,0x004ce670,,stub_code,0,7,7,17127,0.0000
0x00510910,0x00510910,,stub_code,2,1,3,17127,0.0000
0x003adc80,0x003adc80,,stub_code,1,6,7,17127,0.0000
0x005d6500,0x005d6500,,stub_code,0,2,2,17127,0.0000
0x00131bf0,0x00131bf0,,,1,0,1,17127,0.0000
0x00334db0,0x00334db0,,stub_code,0,6,6,17127,0.0000
0x00330c00,0x00330c00,,stub_code,0,1,1,17127,0.0000
0x0017a3d0,0x0017a3d0,,stub_code,2,1,3,17127,0.0000
0x0047c098,0x0047c098,,stub_code,6,2,8,17127,0.0000
0x0056b330,0x0056b330,,stub_code,1,1,2,17127,0.0000
0x005e5ba0,0x005e5ba0,,stub_code,0,3,3,17127,0.0000
0x001a4a30,0x001a4a30,,stub_code,0,1,1,17127,0.0000
0x002a6650,0x002a6650,,stub_code,1,1,2,17127,0.0000
0x005d13b0,0x005d13b0,,stub_code,1,5,6,17127,0.0000
0x002414c0,FUN_002414c0,,pseudo_stub,0,1,1,17127,0.0000
0x004bf120,0x004bf120,,stub_code,0,4,4,17127,0.0000
0x0023fa40,0x0023fa40,,stub_code,0,6,6,17127,0.0000
0x003520e0,0x003520e0,,stub_code,1,0,1,17127,0.0000
0x0035b7b0,0x0035b7b0,,stub_code,1,2,3,17127,0.0000
0x00343630,0x00343630,,stub_code,0,5,5,17127,0.0000
0x0049d530,0x0049d530,,stub_code,0,1,1,17127,0.0000
0x00579880,0x00579880,,stub_code,0,1,1,17127,0.0000
0x005f5190,0x005f5190,,,3,0,3,17127,0.0000
0x003b7300,0x003b7300,,stub_code,1,1,2,17127,0.0000
0x00557470,0x00557470,,stub_code,1,1,2,17127,1.0000
0x005fb480,0x005fb480,,stub_code,0,6,6,17127,0.0000
0x00202a00,0x00202a00,,,1,0,1,17127,0.0000
0x00137330,0x00137330,,stub_code,1,2,3,17127,0.0000
0x0012e010,0x0012e010,,stub_code,0,2,2,17127,0.0000
0x00253990,0x00253990,,stub_code,0,0,0,1,0.0000
0x0058d810,0x0058d810,,,17,0,17,17127,0.0000
0x005b4fb0,0x005b4fb0,,stub_code,6,2,8,17127,0.0000
0x001b8f60,0x001b8f60,,stub_code,5,2,7,17127,0.0000
0x00513a10,0x00513a10,,stub_code,0,1,1,17127,0.0000
0x002f4a30,0x002f4a30,,stub_code,0,2,2,17127,0.0000
0x002f60c0,0x002f60c0,,stub_code,0,0,0,1,0.0000
0x0053ffe0,0x0053ffe0,,stub_code,0,0,0,1,0.0000
0x00515ef0,0x00515ef0,,,2,0,2,17127,0.0000
0x001302f0,0x001302f0,,stub_code,0,1,1,17127,0.0000
0x001370e0,0x001370e0,,stub_code,1,4,5,17127,0.0000
0x0015baa0,0x0015baa0,,stub_code,1,2,3,17127,0.0000
0x002cea00,0x002cea00,,,1,0,1,17127,0.0000
0x00493d40,0x00493d40,,stub_code,3,1,4,17127,0.0000
0x00537eb0,0x00537eb0,,stub_code,2,10,12,17127,0.0000
0x002fe1b0,0x002fe1b0,,stub_code,1,2,3,17127,0.0000
0x00448270,0x00448270,,,4,0,4,17127,0.0000
0x0049cb10,0x0049cb10,,stub_code,0,5,5,17127,0.0000
0x004a4ef0,0x004a4ef0,,stub_code,1,1,2,17127,2.0000
0x00481c28,0x00481c28,,stub_code,2,0,2,17127,0.0000
0x0018fbb0,0x0018fbb0,,stub_code,4,4,8,17127,10.0000
0x00581390,0x00581390,,stub_code,0,1,1,2,0.0000
0x0035c2b0,0x0035c2b0,,stub_code,0,2,2,17127,0.0000
0x00276e70,0x00276e70,,stub_code,0,0,0,1,0.0000
0x003107d0,0x003107d0,,stub_code,0,6,6,17127,0.0000
0x003a8d80,0x003a8d80,,,1,0,1,17127,0.0000
0x005a48b0,0x005a48b0,,stub_code,34,2,36,17127,5.4361
0x004d5e90,0x004d5e90,,,4,0,4,17127,0.0000
0x001891d0,0x001891d0,,,3,0,3,17127,0.0000
0x005a6d60,0x005a6d60,,,2,0,2,17127,0.0000
0x0039d4d0,0x0039d4d0,,,1,0,1,17127,0.0000
0x0032d590,0x0032d590,,,1,0,1,17127,0.0000
0x00557b90,0x00557b90,,stub_code,0,2,2,17127,0.0000
0x004fd740,0x004fd740,,stub_code,0,1,1,17127,0.0000
0x003564e0,0x003564e0,,stub_code,0,4,4,17127,0.0000
0x00212650,0x00212650,,stub_code,0,13,13,17127,0.0000
0x0041cbc0,0x0041cbc0,,,2,0,2,17127,0.0000
0x00586eb0,0x00586eb0,,stub_code,1,2,3,8,0.0000
0x001c51b0,0x001c51b0,,stub_code,0,2,2,17127,0.0000
0x00302ec0,0x00302ec0,,,3,0,3,17127,0.0000
0x004dd810,0x004dd810,,stub_code,5,2,7,17127,27.0000
0x003803c0,FUN_003803c0,core/containers,real_c,1,0,1,17127,0.0000
0x00213470,0x00213470,,stub_code,1,6,7,17127,0.0000
0x0053d9e0,0x0053d9e0,,,1,0,1,2,0.0000
0x001b7ac0,0x001b7ac0,,stub_code,1,2,3,17127,0.0000
0x0021dc80,0x0021dc80,,,1,0,1,17127,0.0000
0x00321580,0x00321580,,,1,0,1,17127,0.0000
0x002b0e00,0x002b0e00,,,1,0,1,17127,0.0000
0x0015e090,0x0015e090,,stub_code,2,1,3,17127,0.0000
0x002f0e00,0x002f0e00,,stub_code,0,7,7,17127,0.0000
0x004483f0,0x004483f0,,,2,0,2,17127,0.0000
0x005ec380,0x005ec380,,stub_code,1,1,2,17127,2.0000
0x00594160,0x00594160,,,2,0,2,17127,0.0000
0x004c1e90,0x004c1e90,,stub_code,0,1,1,17127,0.0000
0x003e6920,0x003e6920,,stub_code,1,3,4,17127,0.0000
0x00508c50,0x00508c50,,,3,0,3,17127,0.0000
0x002dc1c0,0x002dc1c0,,stub_code,0,5,5,17127,0.0000
0x001260a0,0x001260a0,,stub_code,1,0,1,17127,0.0000
0x002f7260,0x002f7260,,,1,0,1,17127,0.0000
0x0047c298,0x0047c298,,stub_code,1,1,2,17127,0.0000
0x001bd690,0x001bd690,,stub_code,0,8,8,17127,0.0000
0x0058ee20,0x0058ee20,,stub_code,0,1,1,17127,0.0000
0x003fb6f8,0x003fb6f8,,stub_code,31,2,33,17127,49.2556
0x002f2a50,0x002f2a50,,,6,0,6,17127,0.0000
0x00365500,0x00365500,,stub_code,0,3,3,17127,0.0000
0x00464130,0x00464130,,stub_code,1,2,3,17127,0.0000
0x002a3660,0x002a3660,,stub_code,1,2,3,17127,0.0000
0x003d4740,0x003d4740,,stub_code,1,5,6,17127,0.0000
0x0046a0b8,0x0046a0b8,,stub_code,1,1,2,17127,0.0000
0x004bbf80,0x004bbf80,,stub_code,0,1,1,17127,0.0000
0x0025a4a0,0x0025a4a0,,stub_code,0,0,0,1,0.0000
0x001ecdc0,0x001ecdc0,,stub_code,0,4,4,17127,0.0000
0x005300c0,0x005300c0,,stub_code,1,2,3,17127,0.0000
0x001c7930,0x001c7930,,stub_code,1,1,2,17127,3.0000
0x004c55b0,0x004c55b0,,stub_code,0,1,1,17127,0.0000
0x00312a10,0x00312a10,,stub_code,0,1,1,17127,0.0000
0x0047cfb8,0x0047cfb8,,stub_code,2,8,10,17127,0.0000
0x00263320,0x00263320,,stub_code,1,5,6,17127,0.0000
0x003a4230,0x003a4230,,stub_code,2,4,6,17127,0.0000
0x001858f0,0x001858f0,,,2,0,2,17127,0.0000
0x001ba210,0x001ba210,,stub_code,0,8,8,17127,0.0000
0x001db3b0,0x001db3b0,,stub_code,0,2,2,17127,0.0000
0x0059dda0,0x0059dda0,,stub_code,0,1,1,2,0.0000
0x0023a060,0x0023a060,,stub_code,0,2,2,17127,0.0000
0x002e7bb0,0x002e7bb0,,stub_code,1,2,3,17127,0.0000
0x001ac100,0x001ac100,,stub_code,0,0,0,1,0.0000
0x00132120,0x00132120,,stub_code,1,2,3,17127,0.0000
0x002ea260,0x002ea260,,stub_code,1,5,6,17127,8.0000
0x0057c370,0x0057c370,,stub_code,0,14,14,17127,0.0000
0x005dbc70,0x005dbc70,,,5,0,5,17127,0.0000
0x001db4c0,0x001db4c0,,stub_code,1,4,5,17127,0.0000
0x00446508,0x00446508,,stub_code,7,2,9,17127,0.0000
0x00112050,0x00112050,,stub_code,1,1,2,17127,0.0000
0x001dad40,0x001dad40,,stub_code,0,1,1,17127,0.0000
0x002f2050,0x002f2050,,stub_code,2,2,4,17127,0.0000
0x0018e7d0,0x0018e7d0,,,2,0,2,17127,0.0000
0x001b3080,0x001b3080,,stub_code,1,21,22,17127,0.0000
0x001188d0,0x001188d0,,stub_code,1,2,3,17127,6.7500
0x0036e9a0,0x0036e9a0,,stub_code,1,2,3,17127,0.0000
0x004c5600,0x004c5600,,stub_code,0,5,5,17127,0.0000
0x00269f30,0x00269f30,,stub_code,3,3,6,17127,0.0000
0x002f13e0,0x002f13e0,,stub_code,0,3,3,17127,0.0000
0x002493f0,0x002493f0,,stub_code,0,0,0,1,0.0000
0x001db460,0x001db460,,stub_code,1,1,2,17127,0.0000
0x004a6ea0,0x004a6ea0,,stub_code,1,2,3,17127,0.0000
0x004d0df0,0x004d0df0,,stub_code,0,2,2,17127,0.0000
0x003c6a60,0x003c6a60,,stub_code,2,1,3,17127,0.0000
0x002d5060,0x002d5060,,stub_code,1,2,3,17127,0.0000
0x0029a190,0x0029a190,,,1,0,1,17127,0.0000
0x00468640,0x00468640,,,1,0,1,17127,0.0000
0x00431488,FUN_00431488,,real_logic,0,2,2,17127,0.0000
0x00497118,0x00497118,,,1,0,1,17127,0.0000
0x004a8478,0x004a8478,,stub_code,2,2,4,17127,0.0000
0x001ebee0,0x001ebee0,,stub_code,3,2,5,17127,0.0000
0x001c5430,0x001c5430,,stub_code,0,2,2,17127,0.0000
0x00538370,0x00538370,,stub_code,0,14,14,17127,0.0000
0x005a2d30,0x005a2d30,,stub_code,0,1,1,2,0.0000
0x004e85f0,0x004e85f0,,stub_code,0,1,1,2,0.0000
0x003ab780,0x003ab780,,stub_code,1,4,5,17127,0.0000
0x002e3a70,0x002e3a70,,stub_code,0,4,4,17127,0.0000
0x002f68f0,0x002f68f0,,stub_code,1,0,1,17127,0.0000
0x0021cdb0,0x0021cdb0,,stub_code,5,1,6,17127,0.0000
0x0039c150,0x0039c150,,stub_code,0,5,5,17127,0.0000
0x0058eea0,0x0058eea0,,stub_code,1,2,3,17127,0.0000
0x00293fa0,0x00293fa0,,stub_code,0,1,1,17127,0.0000
0x003b38a0,0x003b38a0,,,1,0,1,17127,0.0000
0x00535c00,0x00535c00,,stub_code,0,0,0,1,0.0000
0x0053d280,0x0053d280,,stub_code,0,1,1,17127,0.0000
0x0054b2e0,0x0054b2e0,,,3,0,3,17127,0.0000
0x001948d0,0x001948d0,,stub_code,0,7,7,17127,0.0000
0x00405dc0,FUN_00405dc0,core/containers,real_c,1,0,1,17127,0.0000
0x0049c1c8,0x0049c1c8,,stub_code,0,1,1,2,0.0000
0x00253230,0x00253230,,stub_code,0,1,1,17127,0.0000
0x005945e0,0x005945e0,,stub_code,0,1,1,2,0.0000
0x00374820,0x00374820,,stub_code,1,27,28,17127,0.0000
0x00076160,0x00076160,,,1,0,1,2,0.0000
0x003105b0,0x003105b0,,stub_code,0,6,6,17127,0.0000
0x00350b50,0x00350b50,,stub_code,0,3,3,17127,0.0000
0x0039ebb0,0x0039ebb0,,,9,0,9,17127,0.0000
0x0024f3a0,0x0024f3a0,,stub_code,0,2,2,17127,0.0000
0x0012eb60,0x0012eb60,,stub_code,4,2,6,17127,0.0000
0x004ab268,0x004ab268,,,1,0,1,17127,0.0000
0x001414a0,0x001414a0,,stub_code,4,2,6,17127,0.0000
0x001a46b0,0x001a46b0,,stub_code,1,1,2,17127,0.0000
0x0035ea40,0x0035ea40,,stub_code,0,10,10,17127,0.0000
0x004988e8,0x004988e8,,stub_code,1,1,2,17127,0.0000
0x002ce590,0x002ce590,,stub_code,0,6,6,17127,0.0000
0x001c7070,0x001c7070,,stub_code,0,2,2,17127,0.0000
0x0054a850,0x0054a850,,stub_code,0,1,1,2,0.0000
0x004e20c0,0x004e20c0,,stub_code,0,7,7,17127,0.0000
0x00303c70,0x00303c70,,stub_code,1,0,1,17127,0.0000
0x0015d3d0,0x0015d3d0,,,1,0,1,17127,0.0000
0x00169d90,0x00169d90,,stub_code,1,2,3,17127,0.0000
0x003a0170,0x003a0170,,stub_code,0,3,3,17127,0.0000
0x00513fe0,0x00513fe0,,,26,0,26,17127,0.0000
0x0059a810,0x0059a810,,stub_code,1,2,3,17127,0.0000
0x00146410,0x00146410,,stub_code,5,2,7,17127,0.0000
0x003994a0,FUN_003994a0,,pseudo_stub,0,1,1,17127,0.0000
0x002f2a90,0x002f2a90,,,2,0,2,17127,0.0000
0x00411980,0x00411980,,stub_code,1,6,7,17127,0.5000
0x005876f0,0x005876f0,,stub_code,0,1,1,3,0.0000
0x0052d4d0,0x0052d4d0,,,1,0,1,17127,0.0000
0x0035d590,0x0035d590,,stub_code,0,1,1,17127,0.0000
0x0049ba58,0x0049ba58,,stub_code,0,1,1,17127,0.0000
0x004835b8,0x004835b8,,stub_code,0,1,1,17127,0.0000
0x004dc7b0,0x004dc7b0,,,1,0,1,2,0.0000
0x005e6450,0x005e6450,,,3,0,3,17127,0.0000
0x0055a1f0,0x0055a1f0,,stub_code,1,4,5,17127,0.0000
0x004bcb80,0x004bcb80,,,3,0,3,17127,0.0000
0x00116b70,0x00116b70,,,2,0,2,17127,0.0000
0x0037f1c0,0x0037f1c0,,stub_code,1,2,3,17127,0.0000
0x005f1800,0x005f1800,,stub_code,1,2,3,17127,0.0000
0x004eb490,0x004eb490,,,1,0,1,2,0.0000
0x00363b70,FUN_00363b70,,real_logic,1,0,1,17127,0.0000
0x005d4fc0,0x005d4fc0,,stub_code,0,4,4,17127,0.0000
0x001d6760,0x001d6760,,stub_code,0,2,2,17127,0.0000
0x00459440,0x00459440,,,1,0,1,17127,0.0000
0x003a3d70,0x003a3d70,,,2,0,2,17127,0.0000
0x00475698,FUN_00475698,,pseudo_stub,0,1,1,17127,0.0000
0x00577620,0x00577620,,stub_code,1,2,3,17127,0.3333
0x001f4e00,FUN_001f4e00,,real_logic,1,0,1,17127,0.0000
0x00169e50,0x00169e50,,stub_code,0,2,2,17127,0.0000
0x0033a270,0x0033a270,,stub_code,0,3,3,17127,0.0000
0x001ec0e0,0x001ec0e0,,,2,0,2,17127,0.0000
0x0012daf0,0x0012daf0,,stub_code,1,1,2,17127,0.0000
0x002c8200,0x002c8200,,,1,0,1,17127,0.0000
0x00154d50,FUN_00154d50,,real_logic,1,0,1,17127,0.0000
0x00519140,0x00519140,,stub_code,1,6,7,17127,0.0000
0x002a4c90,0x002a4c90,,stub_code,2,1,3,17127,0.0000
0x0027c640,0x0027c640,,stub_code,0,4,4,17127,0.0000
0x00351980,0x00351980,,stub_code,0,1,1,17127,0.0000
0x003bd520,0x003bd520,,,2,0,2,17127,0.0000
0x004a5818,0x004a5818,,stub_code,0,0,0,1,0.0000
0x001a1040,0x001a1040,,,4,0,4,17127,0.0000
0x004e2c40,0x004e2c40,,stub_code,0,8,8,17127,0.0000
0x0012e600,0x0012e600,,stub_code,2,1,3,17127,0.0000
0x002aed40,0x002aed40,,,1,0,1,17127,0.0000
0x002405e0,0x002405e0,,stub_code,0,1,1,2,0.0000
0x001a9420,0x001a9420,,,1,0,1,2,0.0000
0x001d0b40,0x001d0b40,,stub_code,0,2,2,17127,0.0000
0x004c0cf0,0x004c0cf0,,stub_code,0,1,1,17127,0.0000
0x00170be0,0x00170be0,,stub_code,1,2,3,17127,0.0000
0x0018c460,0x0018c460,,,1,0,1,17127,0.0000
0x002fe4d0,0x002fe4d0,,stub_code,0,6,6,17127,0.0000
0x00445a50,0x00445a50,,stub_code,1,2,3,17127,0.0000
0x004f75e0,0x004f75e0,,,1,0,1,17127,0.0000
0x00264f30,0x00264f30,,stub_code,0,1,1,17127,0.0000
0x00151160,0x00151160,,stub_code,57,2,59,17127,2.5000
0x00165ab0,0x00165ab0,,stub_code,1,1,2,17127,0.0000
0x001ed880,0x001ed880,,stub_code,0,3,3,17127,0.0000
0x003f70b0,0x003f70b0,,stub_code,1,3,4,17127,0.0000
0x00240350,0x00240350,,stub_code,1,3,4,17127,0.0000
0x004a4be8,0x004a4be8,,stub_code,2,2,4,17127,0.0000
0x0031bf70,0x0031bf70,,stub_code,9,2,11,17127,0.0000
0x0046fa58,0x0046fa58,,,2,0,2,17127,0.0000
0x0046bd28,0x0046bd28,,stub_code,0,1,1,17127,0.0000
0x0046cbc0,0x0046cbc0,,stub_code,0,7,7,17127,0.0000
0x002fec30,0x002fec30,,stub_code,0,3,3,17127,0.0000
0x004b18f0,0x004b18f0,,stub_code,0,2,2,17127,0.0000
0x0010f510,0x0010f510,,stub_code,1,3,4,17127,0.0000
0x004e9ce0,0x004e9ce0,,stub_code,1,2,3,17127,0.0000
0x005e3b50,0x005e3b50,,stub_code,1,6,7,17127,0.0000
0x004d7510,0x004d7510,,stub_code,1,2,3,17127,0.0000
0x002c4ad0,0x002c4ad0,,stub_code,1,7,8,17127,0.0000
0x00468860,0x00468860,,,2,0,2,17127,0.0000
0x004b1870,0x004b1870,,stub_code,0,1,1,17127,0.0000
0x0027c710,0x0027c710,,,1,0,1,17127,0.0000
0x0046bae8,0x0046bae8,,,6,0,6,17127,0.0000
0x0016b590,0x0016b590,,,1,0,1,17127,0.0000
0x00590cb0,0x00590cb0,,,2,0,2,17127,0.0000
0x001aeef0,0x001aeef0,,stub_code,0,0,0,1,0.0000
0x00129170,0x00129170,,,1,0,1,2,0.0000
0x00446688,0x00446688,,stub_code,2,2,4,17127,0.0000
0x002a3260,0x002a3260,,stub_code,1,2,3,17127,0.0000
0x00232170,0x00232170,,stub_code,0,2,2,17127,0.0000
0x0058d690,0x0058d690,,,12,0,12,17127,0.0000
0x002fba80,0x002fba80,,,1,0,1,17127,0.0000
0x00511540,0x00511540,,stub_code,1,4,5,17127,0.0000
0x0043f998,0x0043f998,,stub_code,15,6,21,17127,13.3333
0x005f93a0,0x005f93a0,,stub_code,1,2,3,17127,0.0000
0x0026ddc0,0x0026ddc0,,stub_code,6,2,8,17127,0.0000
0x002acca0,0x002acca0,,stub_code,0,3,3,17127,0.0000
0x00354310,0x00354310,,stub_code,1,10,11,17127,0.0000
0x0019f8e0,0x0019f8e0,,stub_code,1,4,5,17127,0.0000
0x0053bf30,0x0053bf30,,stub_code,0,6,6,17127,0.0000
0x0047ad98,FUN_0047ad98,,pseudo_stub,5,0,5,17127,0.0000
0x001f98a0,0x001f98a0,,stub_code,0,3,3,17127,0.0000
0x005d8b50,0x005d8b50,,stub_code,0,4,4,17127,0.0000
0x0018c2a0,0x0018c2a0,,stub_code,1,2,3,17127,0.0000
0x004c31f0,0x004c31f0,,,3,0,3,17127,0.0000
0x0059ac60,0x0059ac60,,stub_code,0,5,5,17127,0.0000
0x00466188,0x00466188,,,1,0,1,17127,0.0000
0x00278da0,0x00278da0,,,2,0,2,17127,0.0000
0x004a59c8,0x004a59c8,,,1,0,1,17127,0.0000
0x004d2ca0,0x004d2ca0,,,1,0,1,2,0.0000
0x001a4800,0x001a4800,,stub_code,0,1,1,17127,0.0000
0x0022b3c0,0x0022b3c0,,stub_code,1,10,11,17127,0.0000
0x004a6560,0x004a6560,,stub_code,1,2,3,17127,0.0000
0x00113b80,0x00113b80,,stub_code,0,5,5,17127,0.0000
0x00336600,0x00336600,,stub_code,2,2,4,17127,0.0000
0x004591e0,0x004591e0,,,1,0,1,17127,0.0000
0x00360510,0x00360510,,stub_code,0,5,5,17127,0.0000
0x00581f90,0x00581f90,,stub_code,0,3,3,17127,0.0000
0x0051f570,0x0051f570,,,1,0,1,17127,0.0000
0x00129cb0,0x00129cb0,,stub_code,1,1,2,17127,0.0000
0x0054b550,0x0054b550,,,3,0,3,17127,0.0000
0x001bb870,0x001bb870,,,5,0,5,17127,0.0000
0x00493d18,0x00493d18,,,9,0,9,17127,0.0000
0x00580f20,0x00580f20,,stub_code,0,1,1,17127,0.0000
0x005b5e50,0x005b5e50,,stub_code,0,4,4,17127,0.0000
0x001893f0,0x001893f0,,stub_code,1,1,2,17127,0.0000
0x001df880,0x001df880,,stub_code,0,2,2,17127,0.0000
0x001a8dc0,0x001a8dc0,,stub_code,0,1,1,17127,0.0000
0x00307ca0,0x00307ca0,,stub_code,0,3,3,17127,0.0000
0x004f3d10,0x004f3d10,,stub_code,3,1,4,17127,0.0000
0x00123c30,0x00123c30,,stub_code,1,4,5,17127,0.0000
0x00154e30,0x00154e30,,stub_code,1,2,3,17127,0.0000
0x004a0bd0,0x004a0bd0,,stub_code,1,2,3,17127,0.0000
0x004ef390,0x004ef390,,stub_code,66,0,66,17127,0.0000
0x003ebbf0,0x003ebbf0,,stub_code,1,4,5,17127,5.0000
0x00352f20,0x00352f20,,stub_code,0,11,11,17127,0.0000
0x004b6e20,0x004b6e20,,stub_code,1,4,5,17127,0.0000
0x00387850,0x00387850,,,1,0,1,17127,0.0000
0x004b8ac8,0x004b8ac8,,stub_code,1,2,3,17127,0.0000
0x003b2540,0x003b2540,,,1,0,1,17127,0.0000
0x004709f8,0x004709f8,,stub_code,3,2,5,17127,0.0000
0x005afa40,0x005afa40,,stub_code,1,6,7,17127,0.0000
0x001861a0,0x001861a0,,,4,0,4,17127,0.0000
0x0055fdc0,0x0055fdc0,,,1,0,1,17127,0.0000
0x001a5b40,0x001a5b40,,stub_code,1,0,1,17127,0.0000
0x0030aa20,0x0030aa20,,stub_code,0,7,7,17127,0.0000
0x00314080,0x00314080,,,9,0,9,17127,0.0000
0x0013f060,0x0013f060,,stub_code,1,2,3,17127,0.0000
0x005f3920,0x005f3920,,,1,0,1,2,0.0000
0x00275930,0x00275930,,stub_code,3,2,5,17127,0.0000
0x00475de0,FUN_00475de0,,pseudo_stub,0,1,1,17127,0.0000
0x00233dc0,0x00233dc0,,stub_code,0,2,2,17127,0.0000
0x0058f5c0,0x0058f5c0,,stub_code,0,2,2,17127,0.0000
0x003181a0,0x003181a0,,stub_code,0,1,1,2,0.0000
0x003478e0,0x003478e0,,stub_code,1,2,3,17127,0.0000
0x002fb650,0x002fb650,,,13,0,13,17127,0.0000
0x004bd3c0,0x004bd3c0,,stub_code,3,2,5,17127,0.0000
0x0016e320,0x0016e320,,,2,0,2,17127,0.0000
0x002fb630,0x002fb630,,,24,0,24,17127,0.0000
0x00348880,0x00348880,,stub_code,1,3,4,17127,0.0000
0x0036bf40,0x0036bf40,,,3,0,3,17127,0.0000
0x00155880,0x00155880,,stub_code,0,0,0,1,0.0000
0x004ba7c0,0x004ba7c0,,stub_code,1,0,1,17127,0.0000
0x00185b80,0x00185b80,,stub_code,4,2,6,17127,0.0000
0x0019c8a0,FUN_0019c8a0,,pseudo_stub,1,0,1,17127,0.0000
0x00215780,0x00215780,,,27,0,27,17127,0.0000
0x0026c8d0,0x0026c8d0,,,2,0,2,17127,0.0000
0x003579c0,0x003579c0,,,1,0,1,17127,0.0000
0x0017ead0,0x0017ead0,,stub_code,1,2,3,17127,0.0000
0x00307650,0x00307650,,stub_code,0,4,4,17127,0.0000
0x0048bd40,FUN_0048bd40,,pseudo_stub,0,0,0,1,0.0000
0x004dca90,0x004dca90,,,8,0,8,17127,0.0000
0x004a7c30,0x004a7c30,,stub_code,1,2,3,17127,0.0000
0x00379200,0x00379200,,stub_code,2,4,6,17127,0.0000
0x004a2720,0x004a2720,,stub_code,0,4,4,17127,0.0000
0x001407f0,0x001407f0,,stub_code,1,12,13,17127,0.0000
0x004a4330,0x004a4330,,stub_code,0,1,1,17127,0.0000
0x003416c0,0x003416c0,,stub_code,1,1,2,17127,0.0000
0x00484668,0x00484668,,stub_code,0,0,0,1,0.0000
0x0042f708,0x0042f708,,,4,0,4,17127,0.0000
0x00276b10,0x00276b10,,stub_code,0,0,0,1,0.0000
0x004ef1d0,0x004ef1d0,,stub_code,0,2,2,17127,0.0000
0x0031e5c0,0x0031e5c0,,stub_code,0,6,6,17127,0.0000
0x0013c130,0x0013c130,,stub_code,1,1,2,17127,0.0000
0x00494e28,0x00494e28,,,2,0,2,17127,0.0000
0x00303640,0x00303640,,,1,0,1,17127,0.0000
0x0049c8d0,0x0049c8d0,,stub_thunk,0,0,0,1,0.0000
0x0031f330,0x0031f330,,stub_code,0,4,4,17127,0.0000
0x00263650,0x00263650,,stub_code,3,11,14,17127,0.0000
0x0020dab0,0x0020dab0,,stub_code,1,10,11,17127,0.0000
0x00426630,0x00426630,,,1,0,1,17127,0.0000
0x001f05b0,0x001f05b0,,stub_code,0,0,0,1,0.0000
0x005e9010,0x005e9010,,stub_code,0,1,1,2,0.0000
0x00499798,0x00499798,,stub_code,1,4,5,17127,0.0000
0x004cb940,0x004cb940,,stub_code,0,0,0,1,0.0000
0x00112550,0x00112550,,stub_code,5,2,7,17127,11.0000
0x003c39d0,0x003c39d0,,stub_code,1,1,2,17127,0.5000
0x00318770,0x00318770,,stub_code,3,2,5,17127,0.0000
0x003195a0,0x003195a0,,stub_code,0,5,5,17127,0.0000
0x0049c478,0x0049c478,,stub_code,1,1,2,17127,24.0000
0x004cc9b0,0x004cc9b0,,stub_code,0,1,1,17127,0.0000
0x00544120,0x00544120,,stub_code,0,7,7,17127,0.0000
0x0043e360,0x0043e360,,,1,0,1,17127,0.0000
0x004e0950,0x004e0950,,stub_code,0,1,1,17127,0.0000
0x002ce8e0,0x002ce8e0,,,2,0,2,17127,0.0000
0x0058f490,0x0058f490,,stub_code,0,1,1,17127,0.0000
0x0046e880,0x0046e880,,,4,0,4,17127,0.0000
0x005a7720,0x005a7720,,,1,0,1,2,0.0000
0x00320f70,0x00320f70,,stub_code,0,4,4,17127,0.0000
0x0050d4e0,0x0050d4e0,,stub_code,4,3,7,17127,0.0000
0x0025d410,0x0025d410,,stub_code,0,1,1,17127,0.0000
0x0011c1d0,0x0011c1d0,,stub_code,0,2,2,17127,0.0000
0x00447cb8,0x00447cb8,,stub_code,0,2,2,17127,0.0000
0x00267080,0x00267080,,stub_code,2,2,4,17127,0.0000
0x003fb8d0,0x003fb8d0,,stub_code,59,2,61,17127,44.2056
0x00281660,0x00281660,,stub_code,0,4,4,17127,0.0000
0x005631e0,0x005631e0,,stub_code,1,1,2,17127,0.0000
0x004d0c70,0x004d0c70,,stub_code,0,1,1,17127,0.0000
0x0038dab0,0x0038dab0,,stub_code,4,0,4,17127,0.0000
0x004b1298,0x004b1298,,stub_code,1,1,2,17127,0.0000
0x001376b0,0x001376b0,,stub_code,0,2,2,17127,0.0000
0x0051cbd0,0x0051cbd0,,stub_code,1,3,4,17127,0.0000
0x0016d210,0x0016d210,,stub_code,1,4,5,17127,0.0000
0x0017d1d0,0x0017d1d0,,stub_code,0,11,11,17127,0.0000
0x00115740,0x00115740,,,1,0,1,17127,0.0000
0x001bf2b0,0x001bf2b0,,stub_code,0,1,1,17127,0.0000
0x0039a600,0x0039a600,,stub_code,3,2,5,17127,0.0000
0x003e1200,0x003e1200,,stub_code,2,3,5,17127,0.0000
0x001ebf90,0x001ebf90,,stub_code,0,1,1,3,0.0000
0x00390e80,0x00390e80,,stub_code,1,0,1,17127,0.0000
0x002e40c0,0x002e40c0,,stub_code,0,1,1,17127,0.0000
0x00598cb0,0x00598cb0,,stub_code,1,2,3,17127,0.0000
0x0034d180,0x0034d180,,stub_code,1,2,3,17127,0.0000
0x0024e240,0x0024e240,,stub_code,0,2,2,17127,0.0000
0x0028ff70,0x0028ff70,,stub_code,0,5,5,17127,0.0000
0x001f9bf0,0x001f9bf0,,stub_code,0,5,5,17127,0.0000
0x00275310,0x00275310,,stub_code,9,2,11,17127,11.4000
0x00587c20,0x00587c20,,stub_code,0,1,1,17127,0.0000
0x005e6aa0,0x005e6aa0,,stub_code,0,1,1,2,0.0000
0x0051a180,0x0051a180,,stub_code,1,1,2,17127,0.0000
0x0030bd30,0x0030bd30,,stub_code,1,1,2,17127,0.0000
0x004e69a0,0x004e69a0,,stub_code,0,4,4,17127,0.0000
0x0049d3e0,0x0049d3e0,,stub_code,2,3,5,17127,0.0000
0x0046f8b0,0x0046f8b0,,stub_code,1,2,3,17127,0.0000
0x004acb80,0x004acb80,,,1,0,1,17127,0.0000
0x00213a60,0x00213a60,,,1,0,1,17127,0.0000
0x003d7680,0x003d7680,,stub_code,1,4,5,17127,4.0000
0x00469810,0x00469810,,stub_code,0,1,1,17127,0.0000
0x002ac070,0x002ac070,,stub_code,0,3,3,17127,0.0000
0x004b7220,0x004b7220,,stub_code,0,3,3,17127,0.0000
0x004e1c60,0x004e1c60,,stub_code,0,4,4,17127,0.0000
0x005d5490,0x005d5490,,stub_code,0,0,0,1,0.0000
0x003ba840,0x003ba840,,stub_code,0,2,2,17127,0.0000
0x004a5000,0x004a5000,,stub_code,1,3,4,17127,6.5000
0x0056e010,0x0056e010,,stub_code,0,2,2,17127,0.0000
0x001dbf40,0x001dbf40,,stub_code,0,5,5,17127,0.0000
0x0034d410,0x0034d410,,stub_code,0,12,12,17127,0.0000
0x005bfeb0,0x005bfeb0,,stub_code,1,3,4,17127,0.0000
0x0046d180,FUN_0046d180,,pseudo_stub,0,1,1,17127,0.0000
0x0050d340,0x0050d340,,stub_code,0,2,2,17127,0.0000
0x0043db40,0x0043db40,,stub_code,1,1,2,17127,12.5000
0x0016bc70,0x0016bc70,,stub_code,1,4,5,17127,0.0000
0x0050df60,0x0050df60,,stub_code,1,2,3,17127,0.0000
0x0026ca00,0x0026ca00,,stub_code,1,2,3,17127,0.0000
0x00301b60,0x00301b60,,,2,0,2,17127,0.0000
0x00573e40,0x00573e40,,stub_code,1,3,4,17127,0.0000
0x004f2c50,0x004f2c50,,stub_code,1,3,4,17127,0.0000
0x002f1730,0x002f1730,,stub_code,3,2,5,17127,0.0000
0x005afdf0,0x005afdf0,,stub_code,1,4,5,17127,0.0000
0x0021ade0,0x0021ade0,,,7,0,7,17127,0.0000
0x005face0,0x005face0,,stub_code,2,1,3,17127,0.0000
0x004d8e20,0x004d8e20,,stub_code,2,2,4,17127,0.0000
0x001eab50,0x001eab50,,stub_code,32,7,39,17127,0.0000
0x00429c60,FUN_00429c60,,real_logic,8,1,9,17127,10.0000
0x0033b520,0x0033b520,,,4,0,4,17127,0.0000
0x00112ce0,0x00112ce0,,,1,0,1,17127,0.0000
0x0049b368,0x0049b368,,stub_code,2,2,4,17127,0.0000
0x0031b780,0x0031b780,,stub_code,1,4,5,17127,0.0000
0x0034a640,0x0034a640,,stub_code,3,4,7,17127,0.0000
0x004d52b0,0x004d52b0,,,2,0,2,17127,0.0000
0x00354970,0x00354970,,stub_code,0,6,6,17127,0.0000
0x0015ef40,0x0015ef40,,stub_code,2,2,4,17127,0.0000
0x00582af0,0x00582af0,,stub_code,1,2,3,17127,0.0000
0x003511c0,0x003511c0,,stub_code,0,1,1,17127,0.0000
0x004736b0,0x004736b0,,,6,0,6,17127,0.0000
0x001f85e0,0x001f85e0,,stub_code,1,3,4,17127,0.0000
0x00276bf0,0x00276bf0,,stub_code,0,1,1,17127,0.0000
0x0018b290,0x0018b290,,stub_code,1,9,10,17127,0.0000
0x002e8f20,0x002e8f20,,stub_code,1,2,3,17127,0.0000
0x004d4350,0x004d4350,,stub_code,40,2,42,17127,2.0000
0x005a92d0,0x005a92d0,,stub_code,0,5,5,17127,0.0000
0x005dd650,0x005dd650,,stub_code,0,7,7,17127,0.0000
0x0042bdb8,FUN_0042bdb8,,real_logic,12,1,13,17127,0.0000
0x003fa920,0x003fa920,,stub_code,17,3,20,17127,980.8111
0x003423f0,0x003423f0,,stub_code,0,1,1,2,0.0000
0x0059e820,0x0059e820,,stub_code,1,2,3,17127,0.0000
0x0016a350,0x0016a350,,stub_code,1,4,5,17127,0.0000
0x00294e30,0x00294e30,,stub_code,3,5,8,17127,0.0000
0x00145d80,0x00145d80,,stub_code,1,19,20,17127,0.0000
0x0042c848,FUN_0042c848,,real_logic,1,2,3,17127,5.0000
0x001d9310,0x001d9310,,stub_code,2,7,9,17127,0.0000
0x005f2ba0,0x005f2ba0,,stub_code,0,7,7,17127,0.0000
0x001690d0,0x001690d0,,,6,0,6,17127,0.0000
0x001c2830,0x001c2830,,stub_code,1,1,2,17127,0.0000
0x004d3810,0x004d3810,,stub_code,0,4,4,17127,0.0000
0x00405550,0x00405550,,stub_code,0,1,1,6,0.0000
0x001e0770,0x001e0770,,,3,0,3,17127,0.0000
0x00591ea0,0x00591ea0,,stub_code,0,4,4,17127,0.0000
0x0035dcb0,0x0035dcb0,,stub_code,0,6,6,17127,0.0000
0x00148ae0,0x00148ae0,,stub_code,0,4,4,17127,0.0000
0x00408120,0x00408120,,stub_code,1,9,10,17127,0.0000
0x004b0878,0x004b0878,,stub_code,2,1,3,17127,4.0000
0x001887a0,0x001887a0,,,1,0,1,17127,0.0000
0x0015dd20,0x0015dd20,,stub_code,1,4,5,17127,0.0000
0x00155580,0x00155580,,,1,0,1,17127,0.0000
0x00361fb0,0x00361fb0,,,1,0,1,17127,0.0000
0x004d4080,0x004d4080,,stub_code,0,5,5,17127,0.0000
0x00473f08,0x00473f08,,,4,0,4,17127,0.0000
0x00309670,0x00309670,,,1,0,1,17127,0.0000
0x00376900,0x00376900,,stub_code,1,4,5,17127,0.0000
0x003f71b0,0x003f71b0,,stub_code,0,4,4,17127,0.0000
0x00404ca0,0x00404ca0,,stub_code,0,1,1,17127,0.0000
0x002925e0,0x002925e0,,stub_code,1,2,3,17127,0.0000
0x0036a050,0x0036a050,,,4,0,4,17127,0.0000
0x004b1c40,0x004b1c40,,stub_code,0,3,3,17127,0.0000
0x00254860,0x00254860,,stub_code,0,1,1,17127,0.0000
0x0024d460,0x0024d460,,stub_code,0,0,0,1,0.0000
0x0049e1c0,0x0049e1c0,,stub_code,0,4,4,17127,0.0000
0x005038a0,0x005038a0,,stub_code,0,1,1,17127,0.0000
0x0047efa0,0x0047efa0,,stub_code,0,1,1,17127,0.0000
0x004c1220,0x004c1220,,stub_code,0,5,5,17127,0.0000
0x002b0280,0x002b0280,,stub_code,2,1,3,17127,0.0000
0x00306da0,0x00306da0,,stub_code,1,3,4,17127,0.0000
0x00136110,FUN_00136110,,real_logic,5,0,5,17127,0.0000
0x001b1420,0x001b1420,,stub_code,3,5,8,17127,0.0000
0x0054c280,0x0054c280,,stub_code,0,1,1,17127,0.0000
0x005680b0,0x005680b0,,stub_code,0,1,1,17127,0.0000
0x00549d20,0x00549d20,,,2,0,2,17127,0.0000
0x00148410,0x00148410,,stub_code,0,2,2,17127,0.0000
0x0011bf00,0x0011bf00,,stub_code,0,1,1,17127,0.0000
0x0033d320,0x0033d320,,,1,0,1,17127,0.0000
0x003dc4c0,0x003dc4c0,,stub_code,1,5,6,17127,0.0000
0x00144090,0x00144090,,stub_code,1,5,6,17127,0.0000
0x002afe20,0x002afe20,,stub_code,4,1,5,17127,0.0000
0x001ebc20,0x001ebc20,,stub_code,0,4,4,17127,0.0000
0x002a3760,0x002a3760,,stub_code,1,2,3,17127,0.0000
0x002fb7c0,0x002fb7c0,,,2,0,2,17127,0.0000
0x00292270,0x00292270,,stub_code,1,2,3,17127,0.0000
0x00119200,0x00119200,,stub_code,1,11,12,17127,0.0000
0x0043cb40,0x0043cb40,,,1,0,1,2,0.0000
0x0028ea60,0x0028ea60,,stub_code,1,2,3,17127,0.0000
0x0029d740,0x0029d740,,,1,0,1,17127,0.0000
0x00122420,0x00122420,,,1,0,1,17127,0.0000
0x0042cf78,0x0042cf78,,,2,0,2,17127,0.0000
0x004543d0,0x004543d0,,,9,0,9,17127,0.0000
0x00443110,0x00443110,,stub_code,0,1,1,17127,0.0000
0x003976c0,0x003976c0,,stub_code,1,13,14,17127,0.0000
0x002c7a50,0x002c7a50,,stub_code,1,1,2,17127,0.0000
0x0028dea0,0x0028dea0,,,1,0,1,17127,0.0000
0x004eab70,0x004eab70,,stub_code,0,1,1,17127,0.0000
0x0033f1a0,0x0033f1a0,,,2,0,2,17127,0.0000
0x0047fe10,0x0047fe10,,stub_code,2,0,2,17127,0.0000
0x003203f0,0x003203f0,,stub_code,0,10,10,17127,0.0000
0x004eef10,0x004eef10,,stub_code,1,1,2,17127,0.0000
0x001a4db0,0x001a4db0,,stub_code,0,1,1,17127,0.0000
0x00494cc0,0x00494cc0,,stub_code,1,1,2,17127,0.0000
0x004a1ea0,0x004a1ea0,,stub_code,0,2,2,17127,0.0000
0x00165e70,FUN_00165e70,core/struct,real_c,1,0,1,17127,0.0000
0x005904e0,0x005904e0,,stub_code,0,9,9,17127,0.0000
0x0049ed18,0x0049ed18,,stub_code,9,1,10,17127,0.0000
0x004ea810,0x004ea810,,stub_code,0,5,5,17127,0.0000
0x00520610,0x00520610,,stub_code,23,0,23,17127,0.0000
0x003ec6e0,0x003ec6e0,,stub_code,6,3,9,17127,10.7500
0x001e1e20,0x001e1e20,,stub_code,1,4,5,17127,0.0000
0x00472be8,0x00472be8,,,1,0,1,17127,0.0000
0x0020f3d0,0x0020f3d0,,stub_code,1,28,29,17127,0.0000
0x005fbec0,0x005fbec0,,stub_code,0,1,1,17127,0.0000
0x005f5990,0x005f5990,,stub_code,1,2,3,17127,0.0000
0x002436e0,0x002436e0,,stub_code,1,1,2,17127,4.0000
0x00440080,0x00440080,,stub_code,1,7,8,17127,5.5000
0x0054a550,0x0054a550,,,2,0,2,17127,0.0000
0x0028ff30,0x0028ff30,,stub_code,1,2,3,17127,0.0000
0x002aeb30,0x002aeb30,,,1,0,1,17127,0.0000
0x002ed1d0,0x002ed1d0,,stub_code,0,8,8,17127,0.0000
0x004bf340,0x004bf340,,stub_code,0,5,5,17127,0.0000
0x003af2f0,0x003af2f0,,stub_code,2,4,6,17127,0.0000
0x002544e0,0x002544e0,,stub_code,0,0,0,1,0.0000
0x00377590,0x00377590,,stub_code,0,1,1,17127,0.0000
0x0035be90,0x0035be90,,,1,0,1,17127,0.0000
0x003a7ce0,0x003a7ce0,,,2,0,2,17127,0.0000
0x0053eec0,0x0053eec0,,stub_code,1,2,3,17127,0.0000
0x0028d530,0x0028d530,,stub_code,1,2,3,17127,0.0000
0x00437950,0x00437950,,stub_code,1,1,2,17127,0.0000
0x00533c10,0x00533c10,,stub_code,0,1,1,17127,0.0000
0x004a4a60,0x004a4a60,,,1,0,1,17127,0.0000
0x0029ca80,0x0029ca80,,,1,0,1,17127,0.0000
0x002d5bc0,0x002d5bc0,,stub_code,0,1,1,17127,0.0000
0x001810e0,0x001810e0,,stub_code,0,14,14,17127,0.0000
0x00128780,0x00128780,,stub_code,0,1,1,17127,0.0000
0x003944d0,0x003944d0,,stub_code,0,6,6,17127,0.0000
0x001718a0,0x001718a0,,,7,0,7,17127,0.0000
0x004298e0,FUN_004298e0,,real_logic,2,1,3,17127,122.0000
0x004a4528,0x004a4528,,stub_code,3,1,4,17127,0.0000
0x001cfff0,0x001cfff0,,stub_code,1,0,1,17127,0.0000
0x003b15c0,0x003b15c0,,,3,0,3,17127,0.0000
0x005407d0,0x005407d0,,,1,0,1,17127,0.0000
0x001b7b30,0x001b7b30,,stub_code,1,4,5,17127,0.0000
0x005a4ed0,0x005a4ed0,,stub_code,2,2,4,17127,11.4000
0x004f2930,0x004f2930,,stub_code,5,0,5,17127,0.0000
0x00216720,0x00216720,,,11,0,11,17127,0.0000
0x001dd0c0,0x001dd0c0,,stub_code,0,3,3,17127,0.0000
0x00586730,0x00586730,,stub_code,0,1,1,17127,0.0000
0x00299d30,0x00299d30,,stub_code,1,4,5,17127,0.0000
0x003437a0,0x003437a0,,stub_code,1,5,6,17127,0.0000
0x00363ef0,0x00363ef0,,stub_code,0,2,2,17127,0.0000
0x003aae00,0x003aae00,,,1,0,1,17127,0.0000
0x00331650,0x00331650,,stub_code,0,6,6,17127,0.0000
0x005fb320,0x005fb320,,stub_code,0,1,1,17127,0.0000
0x00494e40,0x00494e40,,,1,0,1,17127,0.0000
0x001ad4b0,0x001ad4b0,,stub_code,4,11,15,17127,0.0000
0x00128e10,0x00128e10,,stub_code,1,1,2,4,0.0000
0x003ebd10,0x003ebd10,,stub_code,2,1,3,17127,0.0000
0x002acbb0,0x002acbb0,,stub_code,0,3,3,17127,0.0000
0x0019ea30,FUN_0019ea30,game/tuning,real_c,1,0,1,17127,0.0000
0x004b9e60,0x004b9e60,,stub_code,31,0,31,17127,0.0000
0x0022cff0,0x0022cff0,,stub_code,5,3,8,17127,0.0000
0x005f3c80,0x005f3c80,,,2,0,2,17127,0.0000
0x002f5290,0x002f5290,,stub_code,0,3,3,17127,0.0000
0x005e77a0,0x005e77a0,,stub_code,1,3,4,17127,9.0000
0x00338280,0x00338280,,,1,0,1,17127,0.0000
0x00505990,0x00505990,,stub_code,0,2,2,17127,0.0000
0x0032b860,0x0032b860,,stub_code,0,5,5,17127,0.0000
0x001b8e90,0x001b8e90,,stub_code,4,1,5,17127,0.0000
0x005305c0,0x005305c0,,,5,0,5,17127,0.0000
0x0034a580,0x0034a580,,,7,0,7,17127,0.0000
0x001bcfc0,0x001bcfc0,,stub_code,0,4,4,17127,0.0000
0x00320de0,0x00320de0,,,1,0,1,17127,0.0000
0x00202af0,0x00202af0,,stub_code,1,4,5,17127,41.6000
0x0049f838,0x0049f838,,stub_code,0,1,1,17127,0.0000
0x0033b190,0x0033b190,,stub_code,2,3,5,17127,0.0000
0x002486f0,0x002486f0,,,1,0,1,17127,0.0000
0x0046ca30,0x0046ca30,,stub_code,2,10,12,17127,0.0000
0x005773d0,0x005773d0,,stub_code,1,2,3,17127,0.3333
0x00494760,0x00494760,,stub_code,0,0,0,1,0.0000
0x00352850,0x00352850,,stub_code,0,4,4,17127,0.0000
0x003df5a0,0x003df5a0,,stub_code,6,2,8,17127,4.0000
0x004d72c0,0x004d72c0,,stub_code,0,1,1,2,0.0000
0x005f0910,0x005f0910,,stub_code,0,1,1,17127,0.0000
0x00284610,0x00284610,,stub_code,0,3,3,17127,0.0000
0x00484b30,0x00484b30,,,1,0,1,17127,0.0000
0x00580650,0x00580650,,stub_code,0,1,1,17127,0.0000
0x0038dc90,0x0038dc90,,stub_code,1,10,11,17127,0.0000
0x002b7520,0x002b7520,,stub_code,3,10,13,17127,4.7000
0x0033de50,0x0033de50,,stub_code,0,3,3,17127,0.0000
0x0049b478,0x0049b478,,stub_code,0,2,2,17127,0.0000
0x0029cd80,0x0029cd80,,,1,0,1,17127,0.0000
0x00182520,0x00182520,,stub_code,1,2,3,17127,0.0000
0x00189450,0x00189450,,stub_code,1,1,2,17127,0.0000
0x001d19c0,0x001d19c0,,stub_code,0,2,2,17127,0.0000
0x004dba30,0x004dba30,,stub_code,0,4,4,17127,0.0000
0x005ccaa0,0x005ccaa0,,stub_code,1,5,6,17127,0.0000
0x002169f0,0x002169f0,,,18,0,18,17127,0.0000
0x005f5120,0x005f5120,,stub_code,0,3,3,17127,0.0000
0x0054b1b0,0x0054b1b0,,stub_code,0,1,1,17127,0.0000
0x005202c0,0x005202c0,,stub_code,0,1,1,17127,0.0000
0x00117400,0x00117400,,stub_code,3,11,14,17127,0.0000
0x003f2100,0x003f2100,,stub_code,1,12,13,17127,40.0000
0x0049ab60,0x0049ab60,,,1,0,1,17127,0.0000
0x00330a40,0x00330a40,,stub_code,0,1,1,17127,0.0000
0x001568e0,0x001568e0,,stub_code,0,1,1,17127,0.0000
0x003fee10,0x003fee10,,stub_code,6,3,9,17127,0.0000
0x001d0740,0x001d0740,,stub_code,1,0,1,17127,0.0000
0x005fc860,0x005fc860,,stub_code,0,1,1,17127,0.0000
0x00202a10,0x00202a10,,stub_code,1,2,3,17127,0.0000
0x00333720,0x00333720,,stub_code,1,0,1,17127,0.0000
0x00428998,0x00428998,,,180,0,180,17127,0.0000
0x002649f0,0x002649f0,,stub_code,1,9,10,17127,0.0000
0x002b6f60,0x002b6f60,,stub_code,3,5,8,17127,185.1394
0x0013f3a0,0x0013f3a0,,stub_code,4,2,6,17127,0.0000
0x0016ce60,0x0016ce60,,stub_code,0,2,2,17127,0.0000
0x0048bde0,FUN_0048bde0,,pseudo_stub,1,0,1,17127,0.0000
0x0054b740,0x0054b740,,stub_code,0,3,3,17127,0.0000
0x0035af50,0x0035af50,,stub_code,13,1,14,17127,0.0000
0x002a4410,0x002a4410,,stub_code,2,1,3,17127,0.0000
0x004b86a8,0x004b86a8,,,4,0,4,17127,0.0000
0x005fde60,0x005fde60,,stub_code,0,1,1,17127,0.0000
0x001ebea0,FUN_001ebea0,,pseudo_stub,7,1,8,17127,0.0000
0x004e7b90,0x004e7b90,,stub_code,0,1,1,17127,0.0000
0x004aeef8,0x004aeef8,,stub_code,3,5,8,17127,96.0000
0x004c9730,0x004c9730,,stub_code,0,2,2,17127,0.0000
0x002c9310,0x002c9310,,,2,0,2,17127,0.0000
0x004848a0,0x004848a0,,stub_thunk,2,0,2,17127,0.0000
0x0043c820,0x0043c820,,,1,0,1,17127,0.0000
0x00536b30,0x00536b30,,stub_code,1,1,2,17127,1.0000
0x002af470,0x002af470,,stub_code,1,2,3,17127,0.0000
0x005e6e80,0x005e6e80,,stub_code,0,1,1,17127,0.0000
0x001a8a80,0x001a8a80,,,1,0,1,2,0.0000
0x004c56d0,0x004c56d0,,stub_code,6,2,8,17127,4.8750
0x00591550,0x00591550,,stub_code,0,1,1,17127,0.0000
0x00551200,0x00551200,,,2,0,2,17127,0.0000
0x0049c7a0,0x0049c7a0,,stub_code,1,1,2,17127,0.0000
0x0047d390,0x0047d390,,stub_code,2,3,5,17127,0.0000
0x001850e0,0x001850e0,,,1,0,1,17127,0.0000
0x002927f0,0x002927f0,,stub_code,1,2,3,17127,0.0000
0x0014b650,0x0014b650,,stub_code,0,3,3,17127,0.0000
0x00493aa8,0x00493aa8,,stub_code,1,2,3,17127,0.0000
0x0012f1a0,0x0012f1a0,,stub_code,1,11,12,17127,0.0000
0x00584ad0,0x00584ad0,,stub_code,0,1,1,17127,0.0000
0x00454450,0x00454450,,stub_code,23,2,25,17127,4.5000
0x003fc410,0x003fc410,,stub_code,1,4,5,17127,140.0000
0x004254f0,0x004254f0,,stub_code,0,2,2,17127,0.0000
0x0045b7b8,0x0045b7b8,,stub_code,2,3,5,17127,0.0000
0x001e0100,0x001e0100,,stub_code,0,1,1,17127,0.0000
0x001abe70,0x001abe70,,stub_code,0,1,1,17127,0.0000
0x004dd750,0x004dd750,,stub_code,0,1,1,2,0.0000
0x00358130,0x00358130,,stub_code,1,34,35,17127,0.0000
0x00411560,0x00411560,,stub_code,1,6,7,17127,0.5000
0x005fdb50,0x005fdb50,,stub_code,0,3,3,17127,0.0000
0x003f9c00,0x003f9c00,,stub_code,0,1,1,2,0.0000
0x001894b0,0x001894b0,,,1,0,1,17127,0.0000
0x005207b0,0x005207b0,,stub_code,1,1,2,17127,0.0000
0x002fc2b0,0x002fc2b0,,stub_code,1,3,4,17127,0.0000
0x0036adf0,0x0036adf0,,,2,0,2,17127,0.0000
0x001c7c70,0x001c7c70,,stub_code,0,2,2,17127,0.0000
0x002685e0,0x002685e0,,stub_code,1,1,2,17127,0.0000
0x0043ef98,0x0043ef98,,stub_code,0,3,3,17127,0.0000
0x002727a0,0x002727a0,,stub_code,0,1,1,17127,0.0000
0x003f99e0,0x003f99e0,,,1,0,1,2,0.0000
0x0010f760,0x0010f760,,stub_code,85,1,86,17127,5.0000
0x001e0570,0x001e0570,,,1,0,1,17127,0.0000
0x002df500,0x002df500,,stub_code,0,2,2,17127,0.0000
0x0034df60,0x0034df60,,,1,0,1,17127,0.0000
0x005f6450,0x005f6450,,,2,0,2,17127,0.0000
0x00109340,0x00109340,,,1,0,1,17127,0.0000
0x001c38d0,0x001c38d0,,,8,0,8,9,0.0000
0x002811a0,0x002811a0,,,1,0,1,17127,0.0000
0x004a9f98,0x004a9f98,,,2,0,2,17127,0.0000
0x004ec3f0,0x004ec3f0,,stub_code,0,3,3,17127,0.0000
0x001c2040,0x001c2040,,stub_code,20,1,21,17127,1.0000
0x0011f670,0x0011f670,,stub_code,1,6,7,17127,0.0000
0x004f5690,0x004f5690,,stub_code,1,13,14,17127,0.0000
0x005f5e30,0x005f5e30,,,3,0,3,17127,0.0000
0x0018ea60,0x0018ea60,,,1,0,1,17127,0.0000
0x0056e880,0x0056e880,,,2,0,2,17127,0.0000
0x0024d4b0,0x0024d4b0,,stub_code,0,1,1,17127,0.0000
0x0014d970,0x0014d970,,stub_code,1,6,7,17127,0.0000
0x00380fd0,0x00380fd0,,,2,0,2,17127,0.0000
0x005a0190,0x005a0190,,stub_code,0,1,1,17127,0.0000
0x00358a40,0x00358a40,,stub_code,1,0,1,17127,0.0000
0x00131390,0x00131390,,stub_code,0,0,0,1,0.0000
0x0042f5b8,0x0042f5b8,,,37,0,37,17127,0.0000
0x00302450,0x00302450,,stub_code,0,3,3,17127,0.0000
0x0049cf08,0x0049cf08,,stub_code,0,0,0,1,0.0000
0x00304420,0x00304420,,stub_code,1,1,2,17127,0.0000
0x00147030,0x00147030,,stub_code,1,1,2,17127,0.0000
0x0050e310,0x0050e310,,stub_code,87,11,98,17127,8.0000
0x002f2d30,0x002f2d30,,stub_code,0,5,5,17127,0.0000
0x005aec60,0x005aec60,,stub_code,0,5,5,17127,0.0000
0x0014b300,0x0014b300,,stub_code,0,3,3,17127,0.0000
0x00291a50,0x00291a50,,stub_code,1,2,3,17127,0.0000
0x003d5950,0x003d5950,,stub_code,1,4,5,17127,4.0000
0x001c3cb0,0x001c3cb0,,,1,0,1,17127,0.0000
0x00150c30,0x00150c30,,stub_code,0,4,4,17127,0.0000
0x0049d868,0x0049d868,,stub_code,0,5,5,17127,0.0000
0x001a73d0,0x001a73d0,,stub_code,1,7,8,17127,0.0000
0x002712a0,0x002712a0,,stub_code,2,2,4,17127,0.0000
0x004ffaa0,0x004ffaa0,,stub_code,1,0,1,17127,0.0000
0x001e56b0,0x001e56b0,,,1,0,1,17127,0.0000
0x002b9760,0x002b9760,,stub_code,4,5,9,17127,0.0000
0x00310070,0x00310070,,stub_code,3,2,5,17127,0.0000
0x0053f250,0x0053f250,,stub_code,1,2,3,17127,0.0000
0x00360110,0x00360110,,stub_code,1,8,9,17127,0.0000
0x005a1070,0x005a1070,,stub_code,0,18,18,17127,0.0000
0x005a95b0,0x005a95b0,,stub_code,0,3,3,17127,0.0000
0x00427d10,0x00427d10,,,1,0,1,17127,0.0000
0x002b0d90,0x002b0d90,,stub_code,1,2,3,17127,0.0000
0x005f5f20,0x005f5f20,,stub_code,0,5,5,17127,0.0000
0x003589c0,0x003589c0,,stub_code,3,0,3,17127,0.0000
0x00115e90,0x00115e90,,stub_code,0,1,1,17127,0.0000
0x00428c50,FUN_00428c50,core/strings,real_c,18,0,18,17127,0.0000
0x0020abe0,0x0020abe0,,,14,0,14,17127,0.0000
0x0023df60,0x0023df60,,stub_code,2,1,3,17127,0.0000
0x004e90f0,0x004e90f0,,stub_code,0,1,1,17127,0.0000
0x00417920,0x00417920,,stub_code,1,1,2,17127,0.0000
0x006c98d0,0x006c98d0,,stub_code,0,3,3,17127,0.0000
0x001db370,0x001db370,,,2,0,2,17127,0.0000
0x0047e5f0,0x0047e5f0,,stub_code,0,4,4,6,0.0000
0x001fa8e0,0x001fa8e0,,stub_code,0,3,3,17127,0.0000
0x0027cf30,0x0027cf30,,,1,0,1,17127,0.0000
0x00565180,0x00565180,,,1,0,1,17127,0.0000
0x004cfb10,0x004cfb10,,stub_code,0,4,4,17127,0.0000
0x004bd480,0x004bd480,,,3,0,3,17127,0.0000
0x00436d50,0x00436d50,,stub_code,1,2,3,17127,0.0000
0x004c6180,0x004c6180,,stub_code,27,2,29,17127,2.2361
0x004abab0,0x004abab0,,,1,0,1,17127,0.0000
0x0055f550,0x0055f550,,stub_code,0,2,2,17127,0.0000
0x00497700,0x00497700,,,2,0,2,17127,0.0000
0x001f0e90,0x001f0e90,,stub_code,0,18,18,17127,0.0000
0x003ec1b0,0x003ec1b0,,stub_code,1,3,4,17127,0.5000
0x00128220,0x00128220,,,2,0,2,17127,0.0000
0x004d6e00,0x004d6e00,,,3,0,3,17127,0.0000
0x0051efb0,0x0051efb0,,stub_code,2,2,4,17127,0.0000
0x00127800,0x00127800,,stub_code,1,2,3,17127,0.0000
0x004d3740,0x004d3740,,stub_code,0,4,4,17127,0.0000
0x001a9760,0x001a9760,,stub_code,5,4,9,17127,0.0000
0x001a3d90,0x001a3d90,,stub_code,1,1,2,17127,0.0000
0x0027d250,0x0027d250,,,1,0,1,17127,0.0000
0x00464618,FUN_00464618,,pseudo_stub,7,0,7,17127,0.0000
0x0018a480,0x0018a480,,stub_code,1,1,2,17127,0.0000
0x005ab5e0,0x005ab5e0,,,1,0,1,17127,0.0000
0x004c7ad0,0x004c7ad0,,,2,0,2,17127,0.0000
0x0046f960,0x0046f960,,,1,0,1,17127,0.0000
0x004bb700,0x004bb700,,stub_code,0,1,1,17127,0.0000
0x0037ad60,0x0037ad60,,stub_code,1,1,2,17127,1.0000
0x004a0e98,0x004a0e98,,stub_thunk,1,0,1,17127,0.0000
0x003ce720,0x003ce720,,stub_code,2,1,3,17127,8.0000
0x005e9790,0x005e9790,,stub_code,0,1,1,17127,0.0000
0x00217890,0x00217890,,stub_code,0,7,7,17127,0.0000
0x0012ecb0,0x0012ecb0,,,4,0,4,17127,0.0000
0x001cad10,0x001cad10,,stub_code,1,5,6,17127,3.0000
0x00550430,0x00550430,,stub_code,0,7,7,17127,0.0000
0x002de1d0,0x002de1d0,,stub_code,0,4,4,17127,0.0000
0x00368990,0x00368990,,stub_code,2,24,26,17127,0.0000
0x00583db0,0x00583db0,,stub_code,0,1,1,17127,0.0000
0x005db9b0,0x005db9b0,,,1,0,1,17127,0.0000
0x0054b7e0,0x0054b7e0,,,2,0,2,17127,0.0000
0x003160b0,0x003160b0,,stub_code,0,5,5,17127,0.0000
0x002cf680,0x002cf680,,,2,0,2,17127,0.0000
0x001eb0a0,0x001eb0a0,,stub_code,4,7,11,17127,0.0000
0x0034d850,0x0034d850,,,3,0,3,17127,0.0000
0x003556e0,0x003556e0,,stub_code,0,1,1,17127,0.0000
0x00473568,0x00473568,,stub_code,5,1,6,17127,0.3333
0x00462b60,0x00462b60,,stub_code,0,1,1,17127,0.0000
0x004a8f50,0x004a8f50,,stub_code,1,13,14,17127,0.0000
0x002dcb00,0x002dcb00,,stub_code,0,3,3,17127,0.0000
0x00319910,0x00319910,,stub_code,5,2,7,17127,0.0000
0x00483b78,0x00483b78,,,1,0,1,17127,0.0000
0x002819c0,0x002819c0,,stub_code,0,4,4,17127,0.0000
0x00286b30,0x00286b30,,,1,0,1,17127,0.0000
0x001fe170,0x001fe170,,stub_code,0,4,4,17127,0.0000
0x003c5740,0x003c5740,,stub_code,3,5,8,17127,21.3333
0x002a5fa0,0x002a5fa0,,stub_code,1,1,2,17127,0.0000
0x004ece70,0x004ece70,,stub_code,1,2,3,17127,0.0000
0x00421cb0,0x00421cb0,,stub_code,1,2,3,17127,0.0000
0x002b60a0,0x002b60a0,,stub_code,4,1,5,17127,1.0000
0x002381a0,0x002381a0,,stub_code,3,0,3,17127,0.0000
0x00228d40,0x00228d40,,,1,0,1,17127,0.0000
0x0026f330,0x0026f330,,stub_code,0,0,0,1,0.0000
0x00199120,0x00199120,,stub_code,1,6,7,17127,0.0000
0x00255100,0x00255100,,stub_code,0,0,0,1,0.0000
0x003291e0,0x003291e0,,stub_code,1,9,10,17127,0.0000
0x00281ea0,0x00281ea0,,stub_code,0,4,4,17127,0.0000
0x00395f10,0x00395f10,,stub_code,3,5,8,17127,0.0000
0x002bce20,0x002bce20,,,2,0,2,17127,0.0000
0x00100140,0x00100140,,stub_code,2,4,6,17127,0.0000
0x00197e30,0x00197e30,,stub_code,0,9,9,17127,0.0000
0x002551f0,0x002551f0,,stub_code,0,0,0,1,0.0000
0x005b7840,0x005b7840,,stub_code,1,4,5,17127,0.0000
0x002da420,0x002da420,,stub_code,1,5,6,17127,0.0000
0x005aa140,0x005aa140,,stub_code,0,3,3,17127,0.0000
0x00427e60,0x00427e60,,,1,0,1,17127,0.0000
0x0012d2d0,0x0012d2d0,,stub_code,1,5,6,17127,0.0000
0x005fcbf0,FUN_005fcbf0,,pseudo_stub,0,0,0,1,0.0000
0x003f9740,0x003f9740,,stub_code,0,7,7,17127,0.0000
0x0011c380,0x0011c380,,stub_code,1,3,4,17127,0.0000
0x004c3e10,0x004c3e10,,stub_code,0,5,5,17127,0.0000
0x0036aed0,0x0036aed0,,,2,0,2,17127,0.0000
0x00267f60,0x00267f60,,stub_code,0,1,1,17127,0.0000
0x0037d4c0,0x0037d4c0,,,2,0,2,17127,0.0000
0x001c7b70,0x001c7b70,,stub_code,1,1,2,17127,0.0000
0x001f7cf0,0x001f7cf0,,stub_code,0,5,5,17127,0.0000
0x0013e5f0,0x0013e5f0,,,3,0,3,17127,0.0000
0x00447548,0x00447548,,,4,0,4,17127,0.0000
0x002c1ca0,0x002c1ca0,,stub_code,1,13,14,17127,0.0000
0x00466bf0,0x00466bf0,,stub_code,0,1,1,3,0.0000
0x00145230,0x00145230,,stub_code,1,11,12,17127,0.0000
0x00152680,0x00152680,,,2,0,2,17127,0.0000
0x003fea00,0x003fea00,,stub_code,1,3,4,17127,0.0000
0x0022f190,0x0022f190,,,1,0,1,17127,0.0000
0x003e0fd0,0x003e0fd0,,,2,0,2,17127,0.0000
0x00247a40,0x00247a40,,stub_code,2,1,3,17127,0.0000
0x002df7a0,0x002df7a0,,stub_code,0,2,2,17127,0.0000
0x003431f0,0x003431f0,,stub_code,2,4,6,17127,3.0000
0x00204990,0x00204990,,,1,0,1,17127,0.0000
0x001506c0,0x001506c0,,,1,0,1,17127,0.0000
0x0028cf90,0x0028cf90,,,1,0,1,17127,0.0000
0x002b0010,0x002b0010,,stub_code,1,2,3,17127,0.0000
0x001fca20,0x001fca20,,stub_code,1,13,14,17127,0.0000
0x0017c110,0x0017c110,,stub_code,0,1,1,17127,0.0000
0x001577a0,0x001577a0,,stub_code,1,2,3,17127,0.0000
0x0051d330,0x0051d330,,stub_code,33,3,36,17127,3.6667
0x002e9bd0,0x002e9bd0,,stub_code,0,3,3,17127,0.0000
0x0029e580,0x0029e580,,stub_code,1,1,2,17127,1.0000
0x0050e040,0x0050e040,,stub_code,0,1,1,17127,0.0000
0x003f61d0,0x003f61d0,,,2,0,2,17127,0.0000
0x001a3fb0,0x001a3fb0,,stub_code,1,2,3,17127,0.0000
0x0035b0e0,0x0035b0e0,,,11,0,11,17127,0.0000
0x00598a60,0x00598a60,,stub_code,0,5,5,17127,0.0000
0x002aed30,0x002aed30,,,1,0,1,17127,0.0000
0x002969d0,0x002969d0,,,7,0,7,17127,0.0000
0x002e35d0,0x002e35d0,,stub_code,0,4,4,17127,0.0000
0x0047dc08,0x0047dc08,,stub_code,0,1,1,17127,0.0000
0x002f2cd0,0x002f2cd0,,stub_code,0,1,1,17127,0.0000
0x00252d80,0x00252d80,,stub_code,0,1,1,17127,0.0000
0x0018eac0,0x0018eac0,,stub_code,0,1,1,17127,0.0000
0x0047f8d0,0x0047f8d0,,stub_code,5,2,7,17127,52.0000
0x00316f00,0x00316f00,,stub_code,0,1,1,17127,0.0000
0x004f0770,0x004f0770,,stub_code,0,1,1,17127,0.0000
0x00470ab8,0x00470ab8,,stub_code,0,1,1,17127,0.0000
0x004f3ed0,0x004f3ed0,,stub_code,0,3,3,17127,0.0000
0x00368070,0x00368070,,,1,0,1,8,0.0000
0x00546e20,0x00546e20,,stub_code,0,1,1,17127,0.0000
0x0028a210,0x0028a210,,,1,0,1,17127,0.0000
0x0026b1d0,0x0026b1d0,,stub_code,1,1,2,17127,0.0000
0x00144dc0,0x00144dc0,,stub_code,0,1,1,17127,0.0000
0x0028d0a0,0x0028d0a0,,stub_code,0,1,1,17127,0.0000
0x0021cda0,0x0021cda0,,,8,0,8,17127,0.0000
0x0047fdf0,0x0047fdf0,,stub_code,2,1,3,17127,2.0000
0x004a9b90,0x004a9b90,,stub_code,1,2,3,17127,0.0000
0x00153dc0,0x00153dc0,,stub_code,1,6,7,17127,0.0000
0x00313d40,0x00313d40,,stub_code,0,1,1,17127,0.0000
0x004276b0,0x004276b0,,stub_code,1,3,4,17127,0.0000
0x006c9ff0,0x006c9ff0,,stub_code,0,3,3,17127,0.0000
0x003afe10,0x003afe10,,stub_code,1,26,27,17127,0.0000
0x005803b0,0x005803b0,,stub_code,0,4,4,17127,0.0000
0x00131240,0x00131240,,stub_code,0,1,1,17127,0.0000
0x002a6aa0,0x002a6aa0,,stub_code,0,5,5,17127,0.0000
0x004a2520,0x004a2520,,,1,0,1,17127,0.0000
0x001acee0,0x001acee0,,stub_code,7,1,8,17127,0.0000
0x00323c80,0x00323c80,,,1,0,1,17127,0.0000
0x002fedf0,0x002fedf0,,stub_code,0,5,5,17127,0.0000
0x00351d00,0x00351d00,,stub_code,3,4,7,17127,0.0000
0x004b4f18,0x004b4f18,,stub_code,0,1,1,17127,0.0000
0x002de830,0x002de830,,,1,0,1,17127,0.0000
0x00497148,0x00497148,,stub_code,1,6,7,17127,0.0000
0x004287e0,0x004287e0,,,159,0,159,17127,0.0000
0x00582900,0x00582900,,stub_code,1,2,3,17127,0.0000
0x00331f20,0x00331f20,,stub_code,0,3,3,17127,0.0000
0x001ba060,0x001ba060,,stub_code,0,0,0,1,0.0000
0x003a7460,0x003a7460,,stub_code,0,13,13,17127,0.0000
0x005a68b0,0x005a68b0,,stub_code,2,2,4,17127,0.0000
0x002f44e0,0x002f44e0,,stub_code,0,14,14,17127,0.0000
0x00478ae8,0x00478ae8,,stub_code,0,3,3,17127,0.0000
0x00347b10,0x00347b10,,stub_code,1,4,5,17127,0.0000
0x0040dfd0,0x0040dfd0,,stub_code,2,1,3,17127,1.6667
0x0037fd50,0x0037fd50,,stub_code,1,11,12,17127,0.0000
0x005e7480,0x005e7480,,stub_code,0,1,1,17127,0.0000
0x0026f950,0x0026f950,,stub_code,0,7,7,17127,0.0000
0x00188750,0x00188750,,,1,0,1,17127,0.0000
0x002b56c0,0x002b56c0,,stub_code,1,2,3,17127,0.0000
0x0026f540,0x0026f540,,stub_code,17,2,19,17127,11.4000
0x002c6e50,0x002c6e50,,stub_code,1,8,9,17127,0.0000
0x002f4d80,0x002f4d80,,stub_code,0,2,2,17127,0.0000
0x00505730,0x00505730,,,5,0,5,17127,0.0000
0x0012e920,0x0012e920,,stub_code,1,6,7,17127,0.0000
0x0033d050,0x0033d050,,stub_code,2,1,3,17127,0.0000
0x004f33e0,0x004f33e0,,stub_code,1,5,6,17127,0.0000
0x003f7a90,0x003f7a90,,stub_code,0,2,2,17127,0.0000
0x00188080,FUN_00188080,,pseudo_stub,1,4,5,17127,0.0000
0x003ac360,0x003ac360,,stub_code,1,2,3,17127,0.0000
0x002dba10,0x002dba10,,,2,0,2,17127,0.0000
0x0015d700,0x0015d700,,stub_code,0,2,2,17127,0.0000
0x0036b990,0x0036b990,,,1,0,1,17127,0.0000
0x00356b50,0x00356b50,,stub_code,0,8,8,17127,0.0000
0x004daaa0,0x004daaa0,,stub_code,0,5,5,17127,0.0000
0x0049ca50,0x0049ca50,,stub_code,0,5,5,17127,0.0000
0x001a5ef0,0x001a5ef0,,stub_code,0,4,4,17127,0.0000
0x0043b088,0x0043b088,,,3,0,3,17127,0.0000
0x00108630,0x00108630,,stub_code,1,2,3,17127,0.0000
0x004e0860,0x004e0860,,,2,0,2,17127,0.0000
0x0046e2f8,0x0046e2f8,,stub_code,3,2,5,17127,0.0000
0x0028bcb0,0x0028bcb0,,,2,0,2,17127,0.0000
0x001a7900,0x001a7900,,stub_code,0,3,3,17127,0.0000
0x005cc6e0,0x005cc6e0,,stub_code,1,5,6,17127,0.0000
0x001e00d0,0x001e00d0,,,1,0,1,17127,0.0000
0x0012e860,0x0012e860,,stub_code,1,1,2,17127,0.0000
0x0053c210,0x0053c210,,stub_code,0,3,3,17127,0.0000
0x00448ec0,0x00448ec0,,,1,0,1,17127,0.0000
0x001a6900,0x001a6900,,stub_code,4,1,5,17127,0.0000
0x0036d940,0x0036d940,,,1,0,1,17127,0.0000
0x002b1760,0x002b1760,,stub_code,1,2,3,17127,0.0000
0x0022ade0,FUN_0022ade0,ui/layout,real_c,2,0,2,17127,0.0000
0x005400d0,0x005400d0,,stub_code,0,0,0,1,0.0000
0x00241500,0x00241500,,stub_code,0,2,2,17127,0.0000
0x00473208,0x00473208,,,2,0,2,3,0.0000
0x00518100,0x00518100,,stub_code,3,5,8,17127,0.0000
0x00153670,0x00153670,,stub_code,1,0,1,17127,0.0000
0x001b3510,0x001b3510,,stub_code,2,15,17,17127,0.0000
0x00510160,0x00510160,,,2,0,2,17127,0.0000
0x00129660,0x00129660,,stub_code,1,2,3,17127,0.0000
0x00353770,0x00353770,,stub_code,1,5,6,17127,0.0000
0x00584180,0x00584180,,stub_code,0,3,3,17127,0.0000
0x0031c990,FUN_0031c990,,real_logic,1,0,1,17127,0.0000
0x005a0130,0x005a0130,,stub_code,0,1,1,17127,0.0000
0x00131070,0x00131070,,,1,0,1,17127,0.0000
0x00409300,0x00409300,,,1,0,1,17127,0.0000
0x0050c6b0,0x0050c6b0,,stub_code,0,1,1,17127,0.0000
0x00195900,0x00195900,,stub_code,6,1,7,17127,1.0000
0x0011add0,0x0011add0,,stub_code,2,4,6,17127,0.0000
0x0017a4b0,0x0017a4b0,,,1,0,1,17127,0.0000
0x0010dd20,0x0010dd20,,stub_code,1,1,2,17127,0.0000
0x00231900,0x00231900,,stub_code,0,7,7,17127,0.0000
0x0014dbe0,0x0014dbe0,,stub_code,4,3,7,17127,0.0000
0x0047a340,0x0047a340,,stub_code,1,5,6,17127,0.0000
0x00355e20,0x00355e20,,,1,0,1,17127,0.0000
0x004d1f00,0x004d1f00,,stub_code,0,4,4,17127,0.0000
0x001c4610,0x001c4610,,,1,0,1,17127,0.0000
0x003b8620,0x003b8620,,,1,0,1,17127,0.0000
0x00391220,0x00391220,,stub_code,1,3,4,17127,0.0000
0x00405930,0x00405930,,stub_code,1,2,3,17127,0.0000
0x005e6c60,0x005e6c60,,stub_code,0,5,5,17127,0.0000
0x00293e20,0x00293e20,,stub_code,7,4,11,17127,0.0000
0x005a44d0,0x005a44d0,,stub_code,0,1,1,17127,0.0000
0x001ec350,0x001ec350,,stub_code,7,3,10,17127,0.0000
0x00429940,FUN_00429940,,real_logic,1,1,2,17127,0.0000
0x002511b0,0x002511b0,,stub_code,0,0,0,1,0.0000
0x005f7f90,0x005f7f90,,stub_code,4,3,7,17127,0.0000
0x0032eb00,0x0032eb00,,stub_code,0,1,1,17127,0.0000
0x004a6ad0,0x004a6ad0,,stub_code,1,2,3,17127,0.0000
0x0059c2e0,0x0059c2e0,,stub_code,1,2,3,17127,0.0000
0x006c9930,0x006c9930,,stub_code,0,3,3,17127,0.0000
0x00521c70,0x00521c70,,stub_code,2,1,3,17127,0.0000
0x0043c340,0x0043c340,,stub_code,1,6,7,17127,5.0000
0x0023ccc0,0x0023ccc0,,stub_code,0,0,0,1,0.0000
0x00215310,0x00215310,,stub_code,1,22,23,17127,0.0000
0x001a5750,0x001a5750,,,1,0,1,17127,0.0000
0x004666a0,0x004666a0,,,1,0,1,17127,0.0000
0x00493b98,0x00493b98,,stub_code,1,0,1,17127,0.0000
0x002523f0,0x002523f0,,stub_code,0,2,2,17127,0.0000
0x004a73b0,0x004a73b0,,stub_code,1,2,3,17127,0.0000
0x00427d20,0x00427d20,,stub_code,1,1,2,17127,0.0000
0x00533660,0x00533660,,stub_code,0,5,5,17127,0.0000
0x0025f480,0x0025f480,,stub_code,0,2,2,17127,0.0000
0x005df370,0x005df370,,stub_code,1,3,4,17127,0.0000
0x005fb5d0,0x005fb5d0,,stub_code,0,7,7,17127,0.0000
0x004688b8,0x004688b8,,stub_code,0,1,1,2,0.0000
0x0024d820,0x0024d820,,stub_code,0,1,1,20,0.0000
0x0054bbd0,0x0054bbd0,,stub_code,7,2,9,17127,2.3333
0x001d1c90,0x001d1c90,,stub_code,0,1,1,17127,0.0000
0x0017a850,0x0017a850,,,2,0,2,17127,0.0000
0x004bc2c0,0x004bc2c0,,stub_code,0,4,4,17127,0.0000
0x002c0b90,0x002c0b90,,stub_code,1,2,3,17127,0.0000
0x00507b50,0x00507b50,,stub_code,0,5,5,17127,0.0000
0x0017fa00,0x0017fa00,,stub_code,0,4,4,17127,0.0000
0x002117d0,0x002117d0,,stub_code,0,3,3,17127,0.0000
0x001f2480,0x001f2480,,stub_code,0,5,5,17127,0.0000
0x00493b38,0x00493b38,,,1,0,1,17127,0.0000
0x005fc730,0x005fc730,,stub_code,2,2,4,17127,0.0000
0x0035ce20,0x0035ce20,,stub_code,0,2,2,17127,0.0000
0x00229640,0x00229640,,stub_code,1,26,27,17127,0.0000
0x00495ba0,0x00495ba0,,stub_code,1,1,2,17127,0.0000
0x001bff00,0x001bff00,,stub_code,0,0,0,1,0.0000
0x004d4600,0x004d4600,,stub_code,0,2,2,17127,0.0000
0x001e5ac0,0x001e5ac0,,stub_code,2,2,4,17127,0.0000
0x00484888,0x00484888,,stub_thunk,1,0,1,17127,0.0000
0x004827e8,0x004827e8,,stub_code,0,2,2,17127,0.0000
0x002b05a0,0x002b05a0,,stub_code,1,1,2,17127,0.0000
0x0053beb0,0x0053beb0,,stub_code,0,1,1,17127,0.0000
0x00535510,0x00535510,,stub_code,0,0,0,1,0.0000
0x00148aa0,FUN_00148aa0,,pseudo_stub,0,2,2,17127,0.0000
0x00234010,0x00234010,,stub_code,1,5,6,17127,0.0000
0x004aba48,0x004aba48,,,1,0,1,17127,0.0000
0x0049ef10,0x0049ef10,,stub_code,1,0,1,17127,0.0000
0x00149cd0,0x00149cd0,,stub_code,2,9,11,17127,0.0000
0x0031e290,0x0031e290,,stub_code,0,1,1,17127,0.0000
0x002af9d0,0x002af9d0,,stub_code,1,2,3,17127,0.0000
0x001b1060,0x001b1060,,,1,0,1,17127,0.0000
0x0059ed50,0x0059ed50,,stub_code,8,2,10,17127,0.0000
0x0037e1f0,0x0037e1f0,,,2,0,2,17127,0.0000
0x00349e80,0x00349e80,,stub_code,1,4,5,17127,0.0000
0x0048bef8,0x0048bef8,,stub_code,1,0,1,17127,0.0000
0x0049ef30,0x0049ef30,,stub_code,0,1,1,17127,0.0000
0x005f00f0,0x005f00f0,,stub_code,0,4,4,17127,0.0000
0x00582f90,0x00582f90,,,2,0,2,17127,0.0000
0x005195f0,0x005195f0,,stub_code,1,2,3,17127,0.0000
0x00116060,0x00116060,,stub_code,1,16,17,17127,0.0000
0x00318fb0,0x00318fb0,,stub_code,1,2,3,17127,0.0000
0x005995c0,0x005995c0,,,1,0,1,2,0.0000
0x00514d90,0x00514d90,,stub_code,0,1,1,17127,0.0000
0x0031de40,0x0031de40,,stub_code,0,1,1,17127,0.0000
0x00576f40,0x00576f40,,stub_code,0,1,1,17127,0.0000
0x00512f40,0x00512f40,,stub_code,4,0,4,17127,0.0000
0x0034c680,0x0034c680,,stub_code,0,1,1,17127,0.0000
0x00112470,0x00112470,,,1,0,1,17127,0.0000
0x004b9728,0x004b9728,,,2,0,2,17127,0.0000
0x002daa90,0x002daa90,,stub_code,1,11,12,17127,0.0000
0x002138d0,0x002138d0,,,2,0,2,17127,0.0000
0x004a0fc8,0x004a0fc8,,stub_code,1,1,2,17127,0.0000
0x0018f5b0,0x0018f5b0,,stub_code,1,5,6,17127,0.0000
0x0037d4b0,0x0037d4b0,,,2,0,2,17127,0.0000
0x002947f0,0x002947f0,,stub_code,0,1,1,17127,0.0000
0x00426850,0x00426850,,,1,0,1,17127,0.0000
0x00536fd0,0x00536fd0,,stub_code,0,2,2,17127,0.0000
0x0019fe00,0x0019fe00,,stub_code,1,1,2,17127,0.0000
0x002f1ad0,0x002f1ad0,,stub_code,2,2,4,17127,0.0000
0x00499f68,0x00499f68,,,26,0,26,17127,0.0000
0x00349810,0x00349810,,stub_code,0,2,2,17127,0.0000
0x0049cbb8,0x0049cbb8,,stub_code,0,5,5,17127,0.0000
0x0055a5a0,0x0055a5a0,,,1,0,1,2,0.0000
0x002b6cc0,0x002b6cc0,,stub_code,6,12,18,17127,157.3227
0x002fb050,0x002fb050,,stub_code,0,2,2,17127,0.0000
0x0018af00,0x0018af00,,stub_code,1,1,2,17127,0.5000
0x0033afa0,0x0033afa0,,stub_code,0,3,3,17127,0.0000
0x0043d3d8,0x0043d3d8,,stub_code,8,2,10,17127,0.0000
0x005f1320,0x005f1320,,stub_code,0,1,1,2,0.0000
0x005a0470,0x005a0470,,stub_code,2,2,4,17127,0.0000
0x00281960,0x00281960,,stub_code,0,1,1,17127,0.0000
0x004a0eb0,0x004a0eb0,,stub_thunk,1,0,1,17127,0.0000
0x0020cf70,0x0020cf70,,stub_code,1,1,2,17127,0.0000
0x0029a320,0x0029a320,,,2,0,2,17127,0.0000
0x002f75a0,0x002f75a0,,stub_code,0,1,1,17127,0.0000
0x004e9c80,0x004e9c80,,stub_code,1,1,2,17127,0.0000
0x001cbd60,0x001cbd60,,stub_code,1,18,19,17127,3.5000
0x004712d0,0x004712d0,,,1,0,1,17127,0.0000
0x002fcb30,0x002fcb30,,stub_code,1,1,2,17127,0.0000
0x002b9b30,0x002b9b30,,stub_code,0,11,11,17127,0.0000
0x005fd430,0x005fd430,,stub_code,0,1,1,17127,0.0000
0x005a5cb0,0x005a5cb0,,stub_code,0,1,1,17127,0.0000
0x00289a90,0x00289a90,,stub_code,0,1,1,17127,0.0000
0x00161c80,0x00161c80,,stub_code,1,0,1,17127,0.0000
0x004aec38,0x004aec38,,stub_code,1,1,2,17127,0.0000
0x00538d90,0x00538d90,,stub_code,1,9,10,17127,0.0000
0x00239f80,0x00239f80,,stub_code,0,3,3,17127,0.0000
0x00291540,0x00291540,,stub_code,0,6,6,17127,0.0000
0x00478838,0x00478838,,stub_code,1,1,2,17127,0.0000
0x0039ebe0,0x0039ebe0,,,2,0,2,17127,0.0000
0x00564360,0x00564360,,stub_code,1,4,5,17127,0.0000
0x004bfa30,0x004bfa30,,stub_code,0,1,1,17127,0.0000
0x0021b220,0x0021b220,,stub_code,12,2,14,17127,0.0000
0x003a87b0,0x003a87b0,,stub_code,1,3,4,17127,0.0000
0x00359260,0x00359260,,stub_code,3,5,8,17127,0.0000
0x00471eb0,0x00471eb0,,stub_code,1,1,2,17127,0.0000
0x0023fd10,0x0023fd10,,stub_code,0,3,3,17127,0.0000
0x00387c40,0x00387c40,,stub_code,1,6,7,17127,0.0000
0x005832b0,0x005832b0,,stub_code,1,2,3,17127,0.0000
0x004460e8,0x004460e8,,,3,0,3,17127,0.0000
0x00377290,0x00377290,,stub_code,2,5,7,17127,0.0000
0x0038eaf0,0x0038eaf0,,stub_code,2,0,2,17127,0.0000
0x0058f770,0x0058f770,,stub_code,1,2,3,17127,0.0000
0x002eafb0,0x002eafb0,,stub_code,6,4,10,17127,1.0000
0x00190670,0x00190670,,stub_code,0,21,21,17127,0.0000
0x004a0458,0x004a0458,,stub_code,1,1,2,17127,0.0000
0x0012ae20,0x0012ae20,,stub_code,0,0,0,1,0.0000
0x00286890,0x00286890,,,3,0,3,17127,0.0000
0x00597f00,0x00597f00,,stub_code,1,1,2,17127,0.0000
0x0049aab0,0x0049aab0,,stub_code,0,4,4,17127,0.0000
0x004e80d0,0x004e80d0,,stub_code,0,3,3,17127,0.0000
0x004318c0,0x004318c0,,stub_code,2,1,3,17127,4.0000
0x004470c8,0x004470c8,,stub_code,1,3,4,17127,0.0000
0x001d7730,0x001d7730,,stub_code,1,6,7,17127,0.0000
0x0051a110,0x0051a110,,stub_code,26,1,27,17127,46.0000
0x00240220,0x00240220,,stub_code,0,1,1,17127,0.0000
0x003c0620,0x003c0620,,stub_code,2,13,15,17127,1794.9333
0x0058f030,0x0058f030,,stub_code,0,1,1,17127,0.0000
0x006c9cf0,0x006c9cf0,,stub_code,0,3,3,17127,0.0000
0x002812f0,0x002812f0,,stub_code,0,3,3,17127,0.0000
0x0028c740,0x0028c740,,stub_code,0,1,1,17127,0.0000
0x005374f0,0x005374f0,,stub_code,0,2,2,17127,0.0000
0x004ca2c0,0x004ca2c0,,stub_code,5,1,6,17127,0.0000
0x00308620,0x00308620,,stub_code,0,1,1,17127,0.0000
0x003f6eb0,0x003f6eb0,,,2,0,2,17127,0.0000
0x001826d0,0x001826d0,,,7,0,7,17127,0.0000
0x004ab920,0x004ab920,,stub_code,4,2,6,17127,0.0000
0x00468550,0x00468550,,stub_code,0,1,1,17127,0.0000
0x00472c08,0x00472c08,,,1,0,1,17127,0.0000
0x00585a20,0x00585a20,,stub_code,0,1,1,17127,0.0000
0x001a63a0,0x001a63a0,,stub_code,1,1,2,17127,0.0000
0x004ebd50,0x004ebd50,,,1,0,1,17127,0.0000
0x00473650,0x00473650,,stub_code,4,3,7,17127,0.0000
0x00591460,0x00591460,,,2,0,2,17127,0.0000
0x002914a0,0x002914a0,,stub_code,1,1,2,17127,0.0000
0x004f3340,0x004f3340,,stub_code,0,3,3,17127,0.0000
0x004d0630,0x004d0630,,stub_code,0,2,2,17127,0.0000
0x0029cae0,0x0029cae0,,,1,0,1,17127,0.0000
0x0044a840,0x0044a840,,stub_code,2,1,3,17127,1.0000
0x0053c5e0,0x0053c5e0,,stub_code,0,1,1,17127,0.0000
0x00471420,FUN_00471420,,pseudo_stub,2,0,2,17127,0.0000
0x00547e80,0x00547e80,,stub_code,20,2,22,17127,3.0000
0x0027bd30,0x0027bd30,,stub_code,0,1,1,2,0.0000
0x00147d20,0x00147d20,,stub_code,0,0,0,1,0.0000
0x004be0e0,0x004be0e0,,,10,0,10,17127,0.0000
0x0018bf70,0x0018bf70,,stub_code,1,0,1,17127,0.0000
0x00515880,0x00515880,,stub_code,0,1,1,17127,0.0000
0x00210610,0x00210610,,stub_code,1,4,5,17127,0.0000
0x001c3130,0x001c3130,,stub_code,6,4,10,17127,0.0000
0x00123ac0,0x00123ac0,,stub_code,2,4,6,17127,0.0000
0x002ace80,0x002ace80,,stub_code,0,3,3,17127,0.0000
0x003cfbb0,0x003cfbb0,,stub_code,1,6,7,17127,8.0000
0x001279f0,0x001279f0,,stub_code,1,4,5,17127,0.0000
0x00131110,0x00131110,,stub_code,0,1,1,17127,0.0000
0x0018afd0,0x0018afd0,,,1,0,1,17127,0.0000
0x0047dc30,0x0047dc30,,stub_code,2,8,10,17127,0.0000
0x004e7540,0x004e7540,,stub_code,0,3,3,17127,0.0000
0x002ce750,0x002ce750,,stub_code,1,1,2,17127,0.0000
0x00539080,0x00539080,,stub_code,3,2,5,17127,0.0000
0x0018bcf0,0x0018bcf0,,,1,0,1,17127,0.0000
0x00148210,0x00148210,,stub_code,0,2,2,17127,0.0000
0x0011c870,0x0011c870,,stub_code,0,2,2,17127,0.0000
0x002d9900,0x002d9900,,,1,0,1,17127,0.0000
0x004d4170,0x004d4170,,stub_code,0,3,3,17127,0.0000
0x005088b0,0x005088b0,,,3,0,3,17127,0.0000
0x00412580,0x00412580,,stub_code,0,6,6,17127,0.0000
0x001ac250,0x001ac250,,stub_code,0,1,1,2,0.0000
0x003d98d0,0x003d98d0,,stub_code,8,7,15,17127,18.5595
0x001270b0,0x001270b0,,stub_code,2,2,4,17127,0.0000
0x004b3c88,0x004b3c88,,stub_code,2,3,5,17127,3.0000
0x002ff5f0,0x002ff5f0,,stub_code,2,5,7,17127,0.0000
0x003fef10,0x003fef10,,stub_code,4,4,8,17127,0.0000
0x00349c60,0x00349c60,,stub_code,0,3,3,17127,0.0000
0x004fd6d0,0x004fd6d0,,stub_code,1,1,2,17127,0.0000
0x0055f8f0,0x0055f8f0,,stub_code,2,0,2,17127,0.0000
0x004bc260,0x004bc260,,stub_code,0,1,1,2,0.0000
0x00318cb0,0x00318cb0,,stub_code,0,3,3,17127,0.0000
0x00313070,0x00313070,,stub_code,0,6,6,17127,0.0000
0x0018c090,0x0018c090,,stub_code,0,1,1,17127,0.0000
0x0047f658,0x0047f658,,,2,0,2,17127,0.0000
0x005dbbd0,0x005dbbd0,,stub_code,48,1,49,17127,0.0000
0x00342160,0x00342160,,,2,0,2,17127,0.0000
0x002df7f0,0x002df7f0,,stub_code,1,3,4,17127,0.0000
0x003ea980,0x003ea980,,stub_code,2,6,8,17127,21.3333
0x005d2280,0x005d2280,,stub_code,1,6,7,17127,0.0000
0x002810c0,0x002810c0,,stub_code,0,4,4,17127,0.0000
0x004d0e90,0x004d0e90,,stub_code,1,4,5,17127,0.0000
0x003f96c8,0x003f96c8,,stub_code,7,3,10,17127,26.4000
0x00351f60,0x00351f60,,stub_code,3,5,8,17127,0.0000
0x0045ded8,0x0045ded8,,stub_code,1,5,6,17127,0.0000
0x004fcc70,0x004fcc70,,stub_code,7,1,8,17127,0.0000
0x00129930,0x00129930,,stub_code,0,1,1,17127,0.0000
0x00368d20,0x00368d20,,stub_code,0,1,1,17127,0.0000
0x004d27c0,0x004d27c0,,stub_code,0,1,1,17127,0.0000
0x00350ea0,0x00350ea0,,stub_code,0,7,7,17127,0.0000
0x002cea70,0x002cea70,,,2,0,2,17127,0.0000
0x00420a10,0x00420a10,,stub_code,1,1,2,17127,0.0000
0x0043f328,0x0043f328,,,13,0,13,17127,0.0000
0x00132780,0x00132780,,stub_code,1,3,4,17127,0.0000
0x002f39b0,0x002f39b0,,,1,0,1,17127,0.0000
0x00176a90,0x00176a90,,stub_code,0,2,2,17127,0.0000
0x00449b90,0x00449b90,,stub_code,1,14,15,17127,49.5341
0x00481b80,0x00481b80,,stub_code,8,0,8,17127,0.0000
0x001c80a0,0x001c80a0,,stub_code,0,0,0,1,0.0000
0x004f0a80,0x004f0a80,,stub_code,0,0,0,1,0.0000
0x00513220,0x00513220,,,2,0,2,17127,0.0000
0x0020c4e0,0x0020c4e0,,stub_code,0,11,11,17127,0.0000
0x004e31e0,0x004e31e0,,stub_code,0,4,4,17127,0.0000
0x0053ade0,0x0053ade0,,stub_code,0,2,2,17127,0.0000
0x00273e90,0x00273e90,,stub_code,1,2,3,17127,0.0000
0x00545fd0,0x00545fd0,,stub_code,0,6,6,17127,0.0000
0x00111c20,0x00111c20,,stub_code,0,1,1,17127,0.0000
0x002718c0,0x002718c0,,stub_code,0,4,4,17127,0.0000
0x00358ac0,0x00358ac0,,stub_code,0,28,28,17127,0.0000
0x004475b0,0x004475b0,,,1,0,1,17127,0.0000
0x00591930,0x00591930,,stub_code,1,2,3,17127,0.0000
0x0047a2d8,0x0047a2d8,,,2,0,2,17127,0.0000
0x0025c6e0,0x0025c6e0,,stub_code,0,1,1,17127,0.0000
0x005ac400,0x005ac400,,stub_code,1,3,4,17127,0.0000
0x00146bc0,0x00146bc0,,,1,0,1,17127,0.0000
0x00466ae0,0x00466ae0,,stub_code,1,1,2,3,0.0000
0x00443948,0x00443948,,stub_code,1,1,2,17127,0.0000
0x00314130,0x00314130,,,9,0,9,17127,0.0000
0x001128c0,0x001128c0,,stub_code,0,1,1,17127,0.0000
0x0022f030,0x0022f030,,,1,0,1,17127,0.0000
0x001d1f10,0x001d1f10,,stub_code,0,0,0,1,0.0000
0x001a6330,0x001a6330,,stub_code,1,1,2,17127,0.0000
0x00498310,0x00498310,,stub_code,1,2,3,17127,40.6667
0x004f6580,0x004f6580,,stub_code,2,8,10,17127,0.0000
0x001ce900,0x001ce900,,stub_code,1,0,1,17127,0.0000
0x006592c0,0x006592c0,,stub_code,0,1,1,2,0.0000
0x0028ccf0,0x0028ccf0,,stub_code,0,9,9,17127,0.0000
0x003f9420,0x003f9420,,stub_code,12,3,15,17127,7.5000
0x005175d0,0x005175d0,,stub_code,2,2,4,17127,0.0000
0x005a9c40,0x005a9c40,,stub_code,0,1,1,2,0.0000
0x0017c530,0x0017c530,,stub_code,0,10,10,17127,0.0000
0x004970a8,0x004970a8,,,11,0,11,17127,0.0000
0x0058bac0,0x0058bac0,,,15,0,15,17127,0.0000
0x0025dc60,0x0025dc60,,stub_code,0,0,0,1,0.0000
0x004fde20,0x004fde20,,stub_code,0,0,0,1,0.0000
0x00355760,0x00355760,,stub_code,0,1,1,2,0.0000
0x00578a00,0x00578a00,,stub_code,0,3,3,17127,0.0000
0x001193e0,0x001193e0,,,1,0,1,17127,0.0000
0x0029df50,0x0029df50,,stub_code,1,1,2,17127,1.0000
0x00519f10,0x00519f10,,stub_code,1,9,10,17127,0.0000
0x005ca390,0x005ca390,,,1,0,1,17127,0.0000
0x00446468,0x00446468,,stub_code,4,5,9,17127,17.6000
0x00444fe8,0x00444fe8,,,1,0,1,17127,0.0000
0x004ea7d0,0x004ea7d0,,stub_code,1,2,3,17127,0.0000
0x00255780,0x00255780,,stub_code,1,0,1,17127,0.0000
0x001c9590,0x001c9590,,,1,0,1,17127,0.0000
0x004e7080,0x004e7080,,,4,0,4,17127,0.0000
0x0018d6d0,0x0018d6d0,,stub_code,0,1,1,17127,0.0000
0x005f7920,0x005f7920,,stub_code,0,2,2,17127,0.0000
0x00253120,0x00253120,,stub_code,0,0,0,1,0.0000
0x00292790,0x00292790,,stub_code,0,1,1,17127,0.0000
0x005fa650,0x005fa650,,stub_code,0,0,0,1,0.0000
0x0053f730,0x0053f730,,,1,0,1,2,0.0000
0x0018f230,0x0018f230,,stub_code,1,1,2,17127,0.0000
0x002f6650,0x002f6650,,stub_code,0,1,1,17127,0.0000
0x004f7f40,0x004f7f40,,stub_code,3,2,5,17127,0.0000
0x0055bfa0,0x0055bfa0,,stub_code,0,0,0,1,0.0000
0x005a8560,0x005a8560,,stub_code,0,1,1,2,0.0000
0x0058f1c0,0x0058f1c0,,stub_code,0,5,5,17127,0.0000
0x0033f0d0,0x0033f0d0,,stub_code,0,3,3,17127,0.0000
0x004dfa50,0x004dfa50,,stub_code,0,2,2,17127,0.0000
0x00124a30,0x00124a30,,stub_code,1,2,3,17127,0.0000
0x0021e440,0x0021e440,,,1,0,1,17127,0.0000
0x00597500,0x00597500,,stub_code,0,1,1,2,0.0000
0x00292c60,0x00292c60,,,1,0,1,17127,0.0000
0x00380fe0,0x00380fe0,,,1,0,1,17127,0.0000
0x0051a2d0,0x0051a2d0,,stub_code,0,4,4,17127,0.0000
0x00189130,0x00189130,,stub_code,3,1,4,17127,0.0000
0x0031b740,0x0031b740,,,2,0,2,17127,0.0000
0x002e0f90,0x002e0f90,,stub_code,0,3,3,17127,0.0000
0x0054cb50,0x0054cb50,,stub_code,0,1,1,17127,0.0000
0x00580560,0x00580560,,,2,0,2,17127,0.0000
0x004d7490,0x004d7490,,stub_code,1,2,3,17127,0.0000
0x002ad510,0x002ad510,,stub_code,0,3,3,17127,0.0000
0x003f9e38,0x003f9e38,,stub_code,0,1,1,17127,0.0000
0x00215770,0x00215770,,,27,0,27,17127,0.0000
0x00248b90,0x00248b90,,stub_code,1,1,2,17127,0.0000
0x005a5300,0x005a5300,,,1,0,1,2,0.0000
0x001c0bd0,0x001c0bd0,,stub_code,1,4,5,17127,0.0000
0x005f7840,0x005f7840,,stub_code,0,1,1,17127,0.0000
0x0037d6a0,0x0037d6a0,,stub_code,2,6,8,17127,0.0000
0x00267000,0x00267000,,,2,0,2,17127,0.0000
0x0028ca70,0x0028ca70,,,1,0,1,17127,0.0000
0x002afd90,0x002afd90,,,1,0,1,17127,0.0000
0x0037c1d0,0x0037c1d0,,,1,0,1,17127,0.0000
0x004de190,0x004de190,,stub_code,0,5,5,17127,0.0000
0x004000f0,0x004000f0,,stub_code,0,1,1,17127,0.0000
0x004cf350,0x004cf350,,stub_code,0,1,1,17127,0.0000
0x003ba580,0x003ba580,,stub_code,0,1,1,17127,0.0000
0x002699c0,0x002699c0,,stub_code,2,2,4,17127,0.0000
0x00381010,0x00381010,,,3,0,3,17127,0.0000
0x00410740,0x00410740,,stub_code,1,5,6,17127,0.0000
0x004a6bf8,0x004a6bf8,,stub_code,1,1,2,17127,0.0000
0x0019d5d0,0x0019d5d0,,stub_code,0,0,0,1,0.0000
0x00593f70,0x00593f70,,stub_code,0,1,1,2,0.0000
0x0040e7c0,0x0040e7c0,,stub_code,0,3,3,17127,0.0000
0x0037c700,0x0037c700,,stub_code,1,1,2,17127,0.0000
0x0034d1e0,0x0034d1e0,,,2,0,2,17127,0.0000
0x004ec9a0,0x004ec9a0,,,2,0,2,17127,0.0000
0x001c5220,0x001c5220,,stub_code,0,2,2,17127,0.0000
0x005db150,0x005db150,,,1,0,1,17127,0.0000
0x0045e7f8,0x0045e7f8,,stub_code,0,5,5,17127,0.0000
0x0032e320,0x0032e320,,,1,0,1,17127,0.0000
0x00463ea8,0x00463ea8,,stub_code,2,10,12,17127,11.0000
0x003a8940,0x003a8940,,stub_code,0,1,1,17127,0.0000
0x00445bb8,0x00445bb8,,stub_code,2,3,5,17127,0.0000
0x00179150,0x00179150,,stub_code,0,3,3,17127,0.0000
0x002f6250,0x002f6250,,stub_code,0,2,2,17127,0.0000
0x0055a3e0,0x0055a3e0,,,1,0,1,2,0.0000
0x005e8370,0x005e8370,,,1,0,1,17127,0.0000
0x005e5390,0x005e5390,,stub_code,0,1,1,17127,0.0000
0x005674c0,0x005674c0,,,2,0,2,17127,0.0000
0x00454400,0x00454400,,,2,0,2,17127,0.0000
0x004ad818,0x004ad818,,,2,0,2,17127,0.0000
0x00592150,0x00592150,,stub_code,0,6,6,17127,0.0000
0x0029a030,0x0029a030,,stub_code,0,5,5,17127,0.0000
0x004c6880,0x004c6880,,stub_code,0,2,2,17127,0.0000
0x001890e0,0x001890e0,,,5,0,5,17127,0.0000
0x002ee7e0,0x002ee7e0,,,7,0,7,17127,0.0000
0x004ddf30,0x004ddf30,,stub_code,0,2,2,17127,0.0000
0x00281730,0x00281730,,,1,0,1,17127,0.0000
0x002f9aa0,0x002f9aa0,,stub_code,0,4,4,17127,0.0000
0x00319340,0x00319340,,stub_code,0,4,4,17127,0.0000
0x00578be0,0x00578be0,,stub_code,1,8,9,17127,12.0000
0x00539dd0,0x00539dd0,,stub_code,0,5,5,17127,0.0000
0x00456ba0,0x00456ba0,,stub_code,2,8,10,17127,1.8077
0x0011c300,0x0011c300,,stub_code,1,3,4,17127,0.0000
0x00484040,0x00484040,,stub_thunk,1,0,1,2,0.0000
0x0039c420,0x0039c420,,stub_code,0,1,1,17127,0.0000
0x00462528,0x00462528,,,2,0,2,17127,0.0000
0x002c70e0,0x002c70e0,,,1,0,1,17127,0.0000
0x004b3fb0,0x004b3fb0,,stub_code,1,0,1,17127,0.0000
0x005c1080,0x005c1080,,stub_code,23,2,25,17127,1.0000
0x0018fca0,0x0018fca0,,,1,0,1,17127,0.0000
0x004aaa60,0x004aaa60,,stub_code,1,3,4,17127,0.0000
0x001053d0,0x001053d0,,stub_code,1,5,6,17127,0.0000
0x004e1860,0x004e1860,,stub_code,0,4,4,17127,0.0000
0x00130350,0x00130350,,stub_code,0,7,7,17127,0.0000
0x0043d2e0,0x0043d2e0,,stub_code,0,1,1,17127,0.0000
0x0049a778,0x0049a778,,stub_code,2,3,5,17127,0.0000
0x002644a0,0x002644a0,,stub_code,1,0,1,17127,0.0000
0x00309c60,0x00309c60,,stub_code,0,9,9,17127,0.0000
0x00206860,0x00206860,,stub_code,1,2,3,17127,0.0000
0x003fe170,0x003fe170,,stub_code,2,3,5,17127,0.0000
0x0030d730,0x0030d730,,stub_code,0,8,8,17127,0.0000
0x004f0c80,0x004f0c80,,stub_code,0,0,0,1,0.0000
0x002a57b0,0x002a57b0,,stub_code,1,2,3,17127,1.2727
0x0021a7d0,0x0021a7d0,,,3,0,3,17127,0.0000
0x00459a40,0x00459a40,,stub_code,1,5,6,17127,0.0000
0x00539960,0x00539960,,stub_code,0,1,1,17127,0.0000
0x0035acd0,0x0035acd0,,stub_code,8,2,10,17127,0.0000
0x003f9910,0x003f9910,,stub_code,1,3,4,17127,0.0000
0x004e5e20,0x004e5e20,,stub_code,1,2,3,17127,0.0000
0x004992c8,0x004992c8,,stub_code,1,1,2,17127,0.0000
0x003cdfd0,0x003cdfd0,,stub_code,1,7,8,17127,6.0000
0x00570210,0x00570210,,stub_code,1,8,9,17127,0.0000
0x0033cb90,0x0033cb90,,,2,0,2,17127,0.0000
0x004ab580,0x004ab580,,,1,0,1,17127,0.0000
0x0059eb70,0x0059eb70,,stub_code,0,3,3,17127,0.0000
0x0027f600,0x0027f600,,stub_code,0,5,5,17127,0.0000
0x0038f3d0,0x0038f3d0,,,1,0,1,17127,0.0000
0x002f2b10,0x002f2b10,,,2,0,2,17127,0.0000
0x00470bc0,0x00470bc0,,,3,0,3,17127,0.0000
0x001ca8b0,0x001ca8b0,,,1,0,1,17127,0.0000
0x0024e310,0x0024e310,,stub_code,0,1,1,17127,0.0000
0x0058cce0,0x0058cce0,,,2,0,2,17127,0.0000
0x005e9410,0x005e9410,,,1,0,1,2,0.0000
0x00102e90,0x00102e90,,stub_code,1,5,6,17127,2.0000
0x001ccb40,0x001ccb40,,stub_code,1,4,5,17127,35.3381
0x00390100,0x00390100,,,1,0,1,17127,0.0000
0x00547ae0,0x00547ae0,,,1,0,1,2,0.0000
0x00576320,0x00576320,,stub_code,1,2,3,17127,0.0000
0x002af800,0x002af800,,stub_code,1,1,2,17127,0.0000
0x0028a680,0x0028a680,,stub_code,0,1,1,17127,0.0000
0x00240890,0x00240890,,stub_code,0,6,6,17127,0.0000
0x001bcd20,0x001bcd20,,stub_code,1,3,4,17127,0.0000
0x003306c0,0x003306c0,,,2,0,2,17127,0.0000
0x001bf5f0,0x001bf5f0,,stub_code,2,0,2,17127,0.0000
0x004e3af0,0x004e3af0,,stub_code,0,4,4,17127,0.0000
0x0055e070,0x0055e070,,stub_code,0,2,2,17127,0.0000
0x001836a0,0x001836a0,,stub_code,1,0,1,17127,0.0000
0x0038e9a0,0x0038e9a0,,stub_code,1,2,3,17127,0.0000
0x00253920,0x00253920,,stub_code,0,1,1,17127,0.0000
0x00155610,0x00155610,,stub_code,0,0,0,1,0.0000
0x00405710,0x00405710,,stub_code,0,1,1,6,0.0000
0x00515800,0x00515800,,stub_code,0,2,2,17127,0.0000
0x004c81f0,0x004c81f0,,stub_code,0,2,2,17127,0.0000
0x003b2660,0x003b2660,,stub_code,1,3,4,17127,0.0000
0x004787d0,0x004787d0,,stub_code,2,1,3,17127,1.0000
0x00188950,0x00188950,,stub_code,1,1,2,17127,0.0000
0x00286ac0,0x00286ac0,,stub_code,0,3,3,17127,0.0000
0x005359a0,0x005359a0,,stub_code,1,1,2,17127,0.0000
0x00198830,0x00198830,,,1,0,1,17127,0.0000
0x00178db0,0x00178db0,,stub_code,0,2,2,17127,0.0000
0x00426730,0x00426730,,stub_code,1,1,2,17127,0.0000
0x0029cc00,0x0029cc00,,,1,0,1,17127,0.0000
0x0014b050,0x0014b050,,stub_code,0,2,2,17127,0.0000
0x00314660,0x00314660,,,1,0,1,17127,0.0000
0x0054e590,0x0054e590,,,2,0,2,17127,0.0000
0x00480030,0x00480030,,stub_code,0,7,7,17127,0.0000
0x0049fb70,0x0049fb70,,,2,0,2,17127,0.0000
0x0051ee90,0x0051ee90,,stub_code,2,3,5,17127,5.0000
0x004664e0,0x004664e0,,stub_code,0,0,0,1,0.0000
0x0051ac80,0x0051ac80,,stub_code,3,2,5,17127,1.0000
0x00475c80,FUN_00475c80,,pseudo_stub,0,1,1,17127,0.0000
0x005f4ce0,0x005f4ce0,,stub_code,1,2,3,17127,0.0000
0x0028a440,0x0028a440,,stub_code,0,5,5,17127,0.0000
0x00127750,0x00127750,,stub_code,0,0,0,1,0.0000
0x00591860,0x00591860,,stub_code,0,5,5,17127,0.0000
0x0047fae8,FUN_0047fae8,,pseudo_stub,0,1,1,17127,0.0000
0x00270630,0x00270630,,stub_code,0,1,1,17127,0.0000
0x002ddb40,0x002ddb40,,stub_code,0,10,10,17127,0.0000
0x00294850,0x00294850,,stub_code,3,2,5,17127,0.0000
0x00542bb0,0x00542bb0,,stub_code,0,1,1,17127,0.0000
0x001ddcc0,0x001ddcc0,,stub_code,0,1,1,5,0.0000
0x00445768,0x00445768,,,42,0,42,17127,0.0000
0x00583c00,0x00583c00,,stub_code,1,2,3,17127,0.0000
0x00472c88,0x00472c88,,,1,0,1,17127,0.0000
0x00346830,0x00346830,,stub_code,0,15,15,17127,0.0000
0x00109f80,0x00109f80,,stub_code,1,17,18,17127,0.0000
0x0047b618,0x0047b618,,stub_code,2,1,3,17127,0.0000
0x0040a070,0x0040a070,,,1,0,1,17127,0.0000
0x0032cf20,0x0032cf20,,stub_code,0,10,10,17127,0.0000
0x004221f0,0x004221f0,,stub_code,1,2,3,17127,0.5000
0x00134db0,0x00134db0,,,35,0,35,17127,0.0000
0x003fc170,0x003fc170,,stub_code,0,2,2,17127,0.0000
0x00510190,0x00510190,,,2,0,2,17127,0.0000
0x004fcd80,0x004fcd80,,stub_code,1,1,2,17127,0.0000
0x00404360,0x00404360,,stub_code,2,2,4,17127,0.0000
0x004a5958,0x004a5958,,stub_code,0,2,2,17127,0.0000
0x005b0690,0x005b0690,,stub_code,1,3,4,17127,0.0000
0x0054c310,0x0054c310,,stub_code,0,4,4,17127,0.0000
0x0056deb0,0x0056deb0,,stub_code,1,3,4,17127,0.0000
0x001a9d10,0x001a9d10,,stub_code,0,0,0,1,0.0000
0x002063a0,0x002063a0,,stub_code,0,4,4,17127,0.0000
0x0055f9a0,0x0055f9a0,,,1,0,1,17127,0.0000
0x0028d6e0,0x0028d6e0,,stub_code,1,1,2,17127,0.0000
0x00210db0,0x00210db0,,stub_code,0,5,5,17127,0.0000
0x0015cad0,0x0015cad0,,stub_code,1,2,3,17127,0.0000
0x002e5ea0,0x002e5ea0,,,3,0,3,17127,0.0000
0x002ac7f0,0x002ac7f0,,stub_code,0,3,3,17127,0.0000
0x005ade10,0x005ade10,,stub_code,0,2,2,17127,0.0000
0x003a7ec0,0x003a7ec0,,,4,0,4,17127,0.0000
0x00151980,0x00151980,,stub_code,0,1,1,17127,0.0000
0x002c31b0,0x002c31b0,,stub_code,1,1,2,17127,0.0000
0x00478908,FUN_00478908,,pseudo_stub,1,0,1,17127,0.0000
0x004d0e50,0x004d0e50,,stub_code,3,1,4,17127,0.0000
0x00131ca0,0x00131ca0,,stub_code,0,0,0,1,0.0000
0x003bba30,0x003bba30,,stub_code,1,0,1,17127,0.0000
0x0049bd98,0x0049bd98,,stub_code,0,0,0,1,0.0000
0x003420a0,0x003420a0,,stub_code,0,1,1,17127,0.0000
0x004f1280,0x004f1280,,stub_code,0,0,0,1,0.0000
0x0049c130,0x0049c130,,stub_code,0,8,8,17127,0.0000
0x001cee40,0x001cee40,,stub_code,5,15,20,17127,0.0000
0x00177200,0x00177200,,stub_code,0,2,2,17127,0.0000
0x0018e570,0x0018e570,,stub_code,0,0,0,1,0.0000
0x0012f8d0,0x0012f8d0,,,1,0,1,17127,0.0000
0x001e5220,0x001e5220,,stub_code,16,2,18,17127,0.0000
0x004e46f0,0x004e46f0,,stub_code,0,1,1,17127,0.0000
0x004adba0,0x004adba0,,stub_code,1,3,4,17127,0.0000
0x0050f0f0,0x0050f0f0,,stub_code,0,0,0,1,0.0000
0x00201230,0x00201230,,stub_code,1,13,14,17127,0.0000
0x0033eaf0,0x0033eaf0,,,14,0,14,17127,0.0000
0x003ad430,0x003ad430,,stub_code,1,8,9,17127,0.0000
0x004bf2f0,0x004bf2f0,,stub_code,0,1,1,17127,0.0000
0x00491a68,0x00491a68,,,3,0,3,17127,0.0000
0x0051ad80,0x0051ad80,,stub_code,0,3,3,17127,0.0000
0x0019fa30,0x0019fa30,,stub_code,0,6,6,17127,0.0000
0x0011aec0,0x0011aec0,,stub_code,1,2,3,17127,0.0000
0x004dd670,0x004dd670,,,1,0,1,2,0.0000
0x005552a0,0x005552a0,,,3,0,3,17127,0.0000
0x0034dec0,0x0034dec0,,stub_code,0,2,2,17127,0.0000
0x0059a890,0x0059a890,,stub_code,0,16,16,17127,0.0000
0x00380700,0x00380700,,,2,0,2,17127,0.0000
0x0042f638,FUN_0042f638,,real_logic,1,1,2,17127,0.0000
0x004023f0,0x004023f0,,stub_code,0,3,3,17127,0.0000
0x002f5e10,0x002f5e10,,stub_code,0,3,3,17127,0.0000
0x004af968,0x004af968,,stub_code,1,2,3,17127,0.0000
0x001dafd0,0x001dafd0,,stub_code,2,0,2,17127,0.0000
0x003b7d90,0x003b7d90,,stub_code,0,1,1,17127,0.0000
0x0058a7f0,0x0058a7f0,,stub_code,8,1,9,17127,0.0000
0x005492c0,0x005492c0,,stub_code,1,2,3,17127,0.0000
0x001aaf20,0x001aaf20,,stub_code,0,0,0,1,0.0000
0x004572a0,0x004572a0,,stub_code,2,7,9,17127,0.8077
0x001af990,0x001af990,,,1,0,1,17127,0.0000
0x0054b200,0x0054b200,,stub_code,1,2,3,17127,0.0000
0x004e6100,0x004e6100,,,3,0,3,17127,0.0000
0x001ef710,0x001ef710,,stub_code,0,2,2,17127,0.0000
0x00341fd0,0x00341fd0,,stub_code,0,5,5,17127,0.0000
0x003380e0,0x003380e0,,stub_code,1,2,3,17127,0.0000
0x0059d9a0,0x0059d9a0,,,1,0,1,17127,0.0000
0x004e4560,0x004e4560,,stub_code,0,3,3,17127,0.0000
0x00345670,0x00345670,,stub_code,14,4,18,17127,0.0000
0x003f3520,0x003f3520,,,1,0,1,17127,0.0000
0x001dad90,0x001dad90,,stub_code,0,10,10,17127,0.0000
0x005983e0,0x005983e0,,,1,0,1,2,0.0000
0x0016ca40,0x0016ca40,,stub_code,1,5,6,17127,0.0000
0x00302e40,0x00302e40,,stub_code,1,2,3,17127,0.0000
0x005e6ed0,0x005e6ed0,,stub_code,0,5,5,17127,0.0000
0x0029c050,0x0029c050,,stub_code,1,9,10,17127,0.0000
0x00334690,0x00334690,,,1,0,1,17127,0.0000
0x001fa290,0x001fa290,,stub_code,0,0,0,1,0.0000
0x0031b2e0,0x0031b2e0,,stub_code,0,7,7,17127,0.0000
0x0018dbf0,0x0018dbf0,,,1,0,1,17127,0.0000
0x00356200,0x00356200,,stub_code,0,10,10,17127,0.0000
0x002b4e80,0x002b4e80,,stub_code,2,1,3,17127,0.0000
0x004760e0,0x004760e0,,stub_code,0,2,2,17127,0.0000
0x0029d320,0x0029d320,,,1,0,1,17127,0.0000
0x00274cd0,0x00274cd0,,stub_code,1,3,4,17127,0.0000
0x0043cf50,0x0043cf50,,,1,0,1,17127,0.0000
0x005232c0,0x005232c0,,stub_code,1,2,3,17127,0.0000
0x00297490,0x00297490,,,1,0,1,17127,0.0000
0x005e71f0,0x005e71f0,,stub_code,0,6,6,17127,0.0000
0x00444268,0x00444268,,stub_code,1,4,5,17127,0.0000
0x003f7c10,0x003f7c10,,,29,0,29,17127,0.0000
0x003b7360,0x003b7360,,stub_code,3,1,4,17127,0.0000
0x0022bfe0,0x0022bfe0,,stub_code,1,0,1,17127,0.0000
0x0016b710,0x0016b710,,,2,0,2,17127,0.0000
0x0033cad0,0x0033cad0,,stub_code,2,2,4,17127,0.0000
0x0010b2a0,0x0010b2a0,,stub_code,1,13,14,17127,0.0000
0x00550d80,0x00550d80,,stub_code,0,4,4,17127,0.0000
0x00155d80,0x00155d80,,stub_code,1,1,2,17127,0.0000
0x00258860,0x00258860,,stub_code,0,0,0,1,0.0000
0x003b2790,0x003b2790,,stub_code,1,1,2,17127,0.0000
0x0051ff80,0x0051ff80,,,2,0,2,17127,0.0000
0x004e6da0,0x004e6da0,,,2,0,2,17127,0.0000
0x00293020,0x00293020,,,1,0,1,17127,0.0000
0x0018c3e0,0x0018c3e0,,stub_code,0,1,1,17127,0.0000
0x003378e0,0x003378e0,,stub_code,0,1,1,17127,0.0000
0x001aa2e0,0x001aa2e0,,stub_code,1,5,6,17127,0.0000
0x00107470,0x00107470,,stub_code,16,1,17,17127,0.0000
0x001c68b0,0x001c68b0,,stub_code,0,2,2,17127,0.0000
0x005a34c0,0x005a34c0,,,1,0,1,2,0.0000
0x004c4420,0x004c4420,,stub_code,1,2,3,17127,0.0000
0x0033bb60,0x0033bb60,,stub_code,1,2,3,17127,62.0000
0x003e3e70,0x003e3e70,,stub_code,1,10,11,17127,1.3333
0x001d3c10,0x001d3c10,,stub_code,1,11,12,17127,11.0000
0x0026e560,0x0026e560,,,1,0,1,17127,0.0000
0x0026fda0,0x0026fda0,,stub_code,0,2,2,17127,0.0000
0x00428df8,0x00428df8,,,134,0,134,17127,0.0000
0x00474790,FUN_00474790,,pseudo_stub,1,0,1,17127,0.0000
0x00476538,0x00476538,,stub_code,0,2,2,17127,0.0000
0x001e9680,0x001e9680,,,1,0,1,17127,0.0000
0x0053e270,0x0053e270,,,1,0,1,2,0.0000
0x00309a90,0x00309a90,,,1,0,1,17127,0.0000
0x004df7c0,0x004df7c0,,stub_code,0,4,4,17127,0.0000
0x0045bb48,0x0045bb48,,stub_code,2,1,3,17127,0.0000
0x005fb7a0,0x005fb7a0,,stub_code,1,4,5,17127,0.0000
0x002b10b0,0x002b10b0,,,1,0,1,17127,0.0000
0x0056b3f0,0x0056b3f0,,stub_code,1,1,2,17127,0.0000
0x00249ff0,0x00249ff0,,stub_code,0,1,1,20,0.0000
0x002f0170,0x002f0170,,,1,0,1,17127,0.0000
0x001b0f80,0x001b0f80,,stub_code,21,2,23,17127,1.0000
0x00511100,0x00511100,,stub_code,0,1,1,17127,0.0000
0x00503f40,0x00503f40,,stub_code,0,1,1,17127,0.0000
0x0046d6e8,0x0046d6e8,,stub_code,1,1,2,17127,0.0000
0x00256080,0x00256080,,stub_code,0,1,1,15,0.0000
0x002107a0,0x002107a0,,stub_code,1,1,2,17127,0.0000
0x002df5c0,0x002df5c0,,stub_code,0,4,4,17127,0.0000
0x00111f20,0x00111f20,,stub_code,1,2,3,17127,0.0000
0x00359cb0,0x00359cb0,,stub_code,1,4,5,17127,0.0000
0x004afea0,0x004afea0,,stub_code,1,1,2,17127,0.0000
0x004ffdd0,0x004ffdd0,,stub_code,0,18,18,17127,0.0000
0x002ebe50,0x002ebe50,,stub_code,1,2,3,17127,0.0000
0x0014f730,0x0014f730,,stub_code,0,8,8,17127,0.0000
0x00586a60,0x00586a60,,stub_code,0,14,14,17127,0.0000
0x00465f90,0x00465f90,,stub_code,1,2,3,17127,0.0000
0x003f19b0,0x003f19b0,,,1,0,1,17127,0.0000
0x0026bf00,0x0026bf00,,,1,0,1,17127,0.0000
0x002fd820,0x002fd820,,stub_code,1,7,8,17127,0.0000
0x001887f0,0x001887f0,,,1,0,1,17127,0.0000
0x0014ffe0,0x0014ffe0,,stub_code,1,1,2,17127,0.0000
0x001938d0,0x001938d0,,stub_code,0,14,14,17127,0.0000
0x00307d70,0x00307d70,,stub_code,0,5,5,17127,0.0000
0x0024a1a0,0x0024a1a0,,stub_code,0,0,0,1,0.0000
0x004adf50,0x004adf50,,,1,0,1,17127,0.0000
0x0014b490,0x0014b490,,stub_code,0,5,5,17127,0.0000
0x00114c50,0x00114c50,,,1,0,1,2,0.0000
0x005ab4a0,0x005ab4a0,,,1,0,1,17127,0.0000
0x00318950,0x00318950,,stub_code,0,5,5,17127,0.0000
0x00350a40,0x00350a40,,stub_code,1,11,12,17127,0.0000
0x002e39d0,0x002e39d0,,stub_code,0,1,1,17127,0.0000
0x004cd130,0x004cd130,,stub_code,0,1,1,17127,0.0000
0x001f9260,0x001f9260,,stub_code,0,4,4,17127,0.0000
0x003c92d0,0x003c92d0,,stub_code,1,4,5,17127,30.4000
0x0014c580,0x0014c580,,stub_code,1,1,2,17127,0.0000
0x00239ba0,0x00239ba0,,stub_code,0,2,2,17127,0.0000
0x0045cc28,0x0045cc28,,stub_code,6,0,6,17127,0.0000
0x00503af0,0x00503af0,,stub_code,1,2,3,17127,0.0000
0x00450460,0x00450460,,stub_code,1,1,2,17127,0.0000
0x00166fe0,0x00166fe0,,stub_code,1,1,2,17127,0.0000
0x0042d708,FUN_0042d708,,real_logic,0,2,2,17127,0.0000
0x0018bfd0,0x0018bfd0,,stub_code,0,1,1,17127,0.0000
0x00341860,0x00341860,,stub_code,3,3,6,17127,0.0000
0x002a3860,0x002a3860,,stub_code,1,2,3,17127,0.0000
0x002e4760,0x002e4760,,stub_code,1,3,4,17127,0.0000
0x0011e790,FUN_0011e790,game/entity,real_c,1,0,1,17127,0.0000
0x00560a40,0x00560a40,,,2,0,2,17127,0.0000
0x004f7d50,0x004f7d50,,stub_code,1,1,2,17127,0.0000
0x00347c10,0x00347c10,,stub_code,0,3,3,17127,0.0000
0x0046f990,0x0046f990,,,1,0,1,17127,0.0000
0x00484408,0x00484408,,stub_code,5,3,8,17127,6.1000
0x0049d590,0x0049d590,,stub_code,0,2,2,17127,0.0000
0x0018ecf0,0x0018ecf0,,stub_code,0,1,1,17127,0.0000
0x005eec60,0x005eec60,,stub_code,0,6,6,17127,0.0000
0x0029aad0,0x0029aad0,,stub_code,2,2,4,17127,3.4000
0x002c7ec0,0x002c7ec0,,,1,0,1,17127,0.0000
0x00493bd0,0x00493bd0,,stub_code,1,2,3,17127,0.0000
0x0053d740,0x0053d740,,,1,0,1,2,0.0000
0x00317e70,0x00317e70,,stub_code,0,1,1,2,0.0000
0x00265970,0x00265970,,stub_code,1,5,6,17127,0.0000
0x0031c000,0x0031c000,,stub_code,0,13,13,17127,0.0000
0x002af980,0x002af980,,stub_code,1,1,2,17127,0.0000
0x00536b60,0x00536b60,,stub_code,0,1,1,17127,0.0000
0x003fc720,0x003fc720,,stub_code,1,4,5,17127,85.6111
0x00556f80,0x00556f80,,,2,0,2,17127,0.0000
0x005b1c00,0x005b1c00,,stub_code,0,3,3,17127,0.0000
0x0053f8f0,0x0053f8f0,,stub_code,0,1,1,17127,0.0000
0x0058b910,0x0058b910,,stub_code,1,2,3,17127,0.0000
0x004ba920,0x004ba920,,,4,0,4,17127,0.0000
0x005db6c0,0x005db6c0,,,1,0,1,17127,0.0000
0x0012f570,0x0012f570,,stub_code,1,2,3,17127,0.0000
0x0046c050,0x0046c050,,stub_code,1,1,2,17127,0.0000
0x0037b720,0x0037b720,,stub_code,4,2,6,17127,0.0000
0x00153eb0,0x00153eb0,,,1,0,1,17127,0.0000
0x0011f210,0x0011f210,,,12,0,12,17127,0.0000
0x0043d1c8,0x0043d1c8,,,1,0,1,3,0.0000
0x00182b60,0x00182b60,,,1,0,1,2,0.0000
0x00243e40,0x00243e40,,stub_code,3,0,3,17127,0.0000
0x005f1230,0x005f1230,,,1,0,1,2,0.0000
0x005e70b0,0x005e70b0,,,2,0,2,17127,0.0000
0x002889f0,0x002889f0,,,2,0,2,17127,0.0000
0x00594ce0,0x00594ce0,,,1,0,1,2,0.0000
0x001df970,0x001df970,,stub_code,0,3,3,17127,0.0000
0x0028f540,0x0028f540,,stub_code,0,5,5,17127,0.0000
0x001b7030,0x001b7030,,stub_code,1,1,2,17127,0.0000
0x0011bb50,0x0011bb50,,stub_code,1,5,6,17127,0.0000
0x003e1b60,0x003e1b60,,stub_code,1,12,13,17127,12.4762
0x00184950,0x00184950,,,1,0,1,17127,0.0000
0x00481c78,0x00481c78,,stub_code,5,1,6,17127,0.0000
0x00107570,0x00107570,,stub_code,2,5,7,17127,0.0000
0x004d66f0,0x004d66f0,,stub_code,4,1,5,17127,2.0000
0x0027d180,0x0027d180,,stub_code,0,4,4,17127,0.0000
0x005e5c40,0x005e5c40,,,2,0,2,17127,0.0000
0x002199b0,0x002199b0,,,1,0,1,17127,0.0000
0x003d36c0,0x003d36c0,,stub_code,1,5,6,17127,0.0000
0x004d6830,0x004d6830,,stub_code,0,3,3,17127,0.0000
0x002b7ca0,0x002b7ca0,,stub_code,0,2,2,17127,0.0000
0x002f9e00,0x002f9e00,,,1,0,1,17127,0.0000
0x004e4d50,0x004e4d50,,stub_code,0,3,3,17127,0.0000
0x00194280,0x00194280,,stub_code,0,7,7,17127,0.0000
0x003f5180,0x003f5180,,stub_code,1,5,6,17127,0.0000
0x00583180,0x00583180,,,2,0,2,17127,0.0000
0x004b4c60,0x004b4c60,,stub_code,0,1,1,17127,0.0000
0x00508f10,0x00508f10,,stub_code,0,0,0,1,0.0000
0x0037e440,0x0037e440,,,1,0,1,17127,0.0000
0x003af8a0,0x003af8a0,,stub_code,2,1,3,17127,0.0000
0x00547e30,0x00547e30,,stub_code,0,1,1,2,0.0000
0x002a9190,0x002a9190,,,9,0,9,17127,0.0000
0x0047cd60,0x0047cd60,,,1,0,1,17127,0.0000
0x00283ef0,0x00283ef0,,stub_code,0,4,4,17127,0.0000
0x004d3000,0x004d3000,,stub_code,0,6,6,17127,0.0000
0x001e6fc0,0x001e6fc0,,stub_code,0,7,7,17127,0.0000
0x0018b0f0,0x0018b0f0,,,3,0,3,17127,0.0000
0x002a9450,0x002a9450,,stub_code,1,274,275,17127,0.0000
0x002b4ab0,0x002b4ab0,,stub_code,1,4,5,17127,0.0000
0x0050fbd0,0x0050fbd0,,stub_code,7,1,8,17127,0.0000
0x00179ba0,0x00179ba0,,stub_code,0,1,1,17127,0.0000
0x004963a0,0x004963a0,,stub_code,1,3,4,17127,0.0000
0x00185e30,0x00185e30,,,1,0,1,17127,0.0000
0x0047d710,0x0047d710,,stub_code,1,2,3,17127,0.0000
0x004fa940,0x004fa940,,stub_code,0,4,4,17127,0.0000
0x0053a7a0,0x0053a7a0,,stub_code,0,1,1,17127,0.0000
0x0049ffe0,0x0049ffe0,,stub_code,2,1,3,17127,1.0000
0x004a9e98,0x004a9e98,,,1,0,1,17127,0.0000
0x003c44b0,0x003c44b0,,stub_code,1,5,6,17127,0.0000
0x0043c920,0x0043c920,,,2,0,2,17127,0.0000
0x001e1560,0x001e1560,,stub_code,3,2,5,17127,0.0000
0x00271320,0x00271320,,stub_code,1,2,3,17127,0.0000
0x001108d0,0x001108d0,,stub_code,1,3,4,17127,0.0000
0x004f24a0,0x004f24a0,,stub_code,2,0,2,17127,0.0000
0x002f3890,0x002f3890,,stub_code,0,1,1,17127,0.0000
0x00519ec0,0x00519ec0,,,2,0,2,17127,0.0000
0x001cfd80,0x001cfd80,,stub_code,8,1,9,17127,0.0000
0x00327160,0x00327160,,,2,0,2,17127,0.0000
0x0053c100,0x0053c100,,stub_code,0,0,0,1,0.0000
0x00148910,0x00148910,,stub_code,0,9,9,17127,0.0000
0x002f8ef0,0x002f8ef0,,stub_code,1,5,6,17127,0.0000
0x0012c150,0x0012c150,,stub_code,1,2,3,17127,0.0000
0x00134f10,0x00134f10,,,1,0,1,17127,0.0000
0x0049b978,0x0049b978,,stub_code,0,4,4,17127,0.0000
0x004d9580,0x004d9580,,,2,0,2,17127,0.0000
0x002ade70,0x002ade70,,stub_code,0,3,3,17127,0.0000
0x004fd050,0x004fd050,,stub_code,1,1,2,17127,0.0000
0x004d5840,0x004d5840,,stub_code,1,2,3,17127,0.0000
0x0011b7f0,0x0011b7f0,,stub_code,0,1,1,17127,0.0000
0x0036b3e0,0x0036b3e0,,stub_code,2,2,4,17127,0.0000
0x00483a50,0x00483a50,,stub_code,0,2,2,17127,0.0000
0x0013efc0,0x0013efc0,,stub_code,1,1,2,17127,0.0000
0x0011a050,0x0011a050,,,1,0,1,17127,0.0000
0x001148e0,0x001148e0,,stub_code,1,1,2,17127,0.0000
0x00398930,0x00398930,,stub_code,1,8,9,17127,8.0000
0x003c7b90,0x003c7b90,,stub_code,1,5,6,17127,4.0000
0x00342300,0x00342300,,stub_code,0,2,2,17127,0.0000
0x0010dc40,0x0010dc40,,stub_code,2,1,3,17127,0.0000
0x003771c0,0x003771c0,,stub_code,2,2,4,17127,0.0000
0x00228d50,0x00228d50,,stub_code,0,6,6,17127,0.0000
0x005a90d0,0x005a90d0,,stub_code,0,4,4,17127,0.0000
0x004a0278,0x004a0278,,stub_code,1,2,3,17127,0.0000
0x00261960,0x00261960,,,1,0,1,17127,0.0000
0x004af2a0,0x004af2a0,,,2,0,2,17127,0.0000
0x0031ef80,0x0031ef80,,stub_code,0,1,1,17127,0.0000
0x00217280,0x00217280,,stub_code,0,1,1,17127,0.0000
0x0058e5b0,0x0058e5b0,,,2,0,2,17127,0.0000
0x005eefe0,0x005eefe0,,stub_code,0,1,1,17127,0.0000
0x004937b8,0x004937b8,,stub_code,2,1,3,17127,0.0000
0x002fb6b0,0x002fb6b0,,,21,0,21,17127,0.0000
0x004634f0,0x004634f0,,stub_code,1,4,5,17127,0.0000
0x00332040,0x00332040,,stub_code,0,1,1,17127,0.0000
0x004e42c0,0x004e42c0,,stub_code,0,5,5,17127,0.0000
0x005e9ee0,0x005e9ee0,,stub_code,0,3,3,17127,0.0000
0x00110e80,0x00110e80,,stub_code,2,11,13,17127,0.0000
0x0049d6b0,0x0049d6b0,,stub_code,0,0,0,1,0.0000
0x004a01b8,0x004a01b8,,,1,0,1,17127,0.0000
0x005ed3f0,0x005ed3f0,,,2,0,2,17127,0.0000
0x004a2b08,0x004a2b08,,stub_code,1,1,2,17127,0.0000
0x00499318,0x00499318,,stub_code,1,2,3,17127,0.0000
0x0037dce0,0x0037dce0,,,2,0,2,17127,0.0000
0x00535850,0x00535850,,stub_code,0,1,1,4,0.0000
0x00403450,0x00403450,,stub_code,2,1,3,17127,0.0000
0x001786d0,0x001786d0,,stub_code,1,2,3,17127,0.0000
0x004ebbb0,0x004ebbb0,,stub_code,1,2,3,17127,0.0000
0x004f3490,0x004f3490,,,3,0,3,17127,0.0000
0x001ffec0,0x001ffec0,,stub_code,1,1,2,17127,0.0000
0x0050c930,0x0050c930,,stub_code,0,2,2,17127,0.0000
0x003dba50,0x003dba50,,stub_code,4,11,15,17127,11.1833
0x001881b0,0x001881b0,,,1,0,1,17127,0.0000
0x002419a0,0x002419a0,,stub_code,1,1,2,17127,0.0000
0x0049d290,0x0049d290,,stub_code,2,2,4,17127,0.0000
0x0055fbd0,0x0055fbd0,,stub_code,1,10,11,17127,0.0000
0x00171930,0x00171930,,stub_code,29,3,32,17127,12.0000
0x003b91c0,0x003b91c0,,stub_code,1,1,2,17127,0.0000
0x004b19e8,0x004b19e8,,,5,0,5,17127,0.0000
0x00308b60,0x00308b60,,stub_code,1,12,13,17127,0.0000
0x004de5a0,0x004de5a0,,,2,0,2,17127,0.0000
0x002f7720,0x002f7720,,stub_code,0,4,4,17127,0.0000
0x00155cc0,0x00155cc0,,stub_code,1,2,3,17127,0.0000
0x004a78b8,0x004a78b8,,stub_code,0,2,2,17127,0.0000
0x00521200,0x00521200,,stub_code,3,2,5,17127,0.0000
0x0017bdb0,0x0017bdb0,,stub_code,1,2,3,17127,0.0000
0x005a5a70,0x005a5a70,,stub_code,0,4,4,17127,0.0000
0x003723e0,0x003723e0,,,11,0,11,17127,0.0000
0x002594b0,0x002594b0,,stub_code,0,1,1,17127,0.0000
0x00367030,0x00367030,,stub_code,2,2,4,17127,0.0000
0x00134f20,0x00134f20,,,1,0,1,17127,0.0000
0x005f5730,0x005f5730,,,3,0,3,17127,0.0000
0x00401c50,0x00401c50,,stub_code,0,1,1,17127,0.0000
0x0048b150,0x0048b150,,,1,0,1,17127,0.0000
0x0058bb70,0x0058bb70,,,1,0,1,17127,0.0000
0x0033c3b0,0x0033c3b0,,stub_code,249,0,249,17127,0.0000
0x002cedf0,0x002cedf0,,stub_code,0,4,4,17127,0.0000
0x00174230,0x00174230,,stub_code,0,1,1,17127,0.0000
0x00354cd0,0x00354cd0,,stub_code,0,4,4,17127,0.0000
0x0054c7a0,0x0054c7a0,,stub_code,1,3,4,17127,0.0000
0x0023c630,0x0023c630,,stub_code,12,1,13,17127,0.0000
0x004ca010,0x004ca010,,stub_code,0,2,2,17127,0.0000
0x004c28e0,0x004c28e0,,,3,0,3,17127,0.0000
0x00328c40,0x00328c40,,stub_code,0,1,1,17127,0.0000
0x00363e40,0x00363e40,,stub_code,0,1,1,17127,0.0000
0x004b1500,0x004b1500,,,1,0,1,17127,0.0000
0x00160ca0,0x00160ca0,,,6,0,6,17127,0.0000
0x004840b8,0x004840b8,,stub_thunk,0,0,0,1,0.0000
0x002af940,0x002af940,,,1,0,1,17127,0.0000
0x001ceba0,0x001ceba0,,stub_code,8,4,12,17127,0.0000
0x00207590,0x00207590,,stub_code,1,3,4,17127,0.0000
0x005e9d20,0x005e9d20,,stub_code,0,1,1,2,0.0000
0x00459510,0x00459510,,stub_code,1,6,7,17127,1.0000
0x0020b7b0,0x0020b7b0,,,1,0,1,17127,0.0000
0x002c8400,0x002c8400,,stub_code,1,1,2,17127,0.0000
0x00545d00,0x00545d00,,stub_code,0,1,1,17127,0.0000
0x00475c20,FUN_00475c20,,pseudo_stub,0,1,1,17127,0.0000
0x004e9bc0,0x004e9bc0,,stub_code,1,1,2,17127,0.0000
0x00248e80,0x00248e80,,stub_code,14,0,14,15,0.0000
0x00254e60,0x00254e60,,stub_code,0,1,1,17127,0.0000
0x001a6ca0,0x001a6ca0,,stub_code,0,2,2,17127,0.0000
0x0016c6d0,0x0016c6d0,,stub_code,1,4,5,17127,0.0000
0x00143bc0,0x00143bc0,,stub_code,2,3,5,17127,0.0000
0x002e9740,0x002e9740,,stub_code,0,2,2,17127,0.0000
0x00483e80,0x00483e80,,stub_code,1,1,2,17127,0.0000
0x00530530,0x00530530,,stub_code,0,2,2,17127,0.0000
0x00570be0,0x00570be0,,stub_code,0,1,1,2,0.0000
0x002bfac0,0x002bfac0,,stub_code,1,4,5,17127,0.0000
0x001790f0,0x001790f0,,stub_code,0,1,1,17127,0.0000
0x0045b5d0,0x0045b5d0,,,5,0,5,17127,0.0000
0x0051d240,0x0051d240,,stub_code,1,1,2,17127,0.0000
0x0016b1b0,0x0016b1b0,,stub_code,0,0,0,1,0.0000
0x0040f4e0,0x0040f4e0,,stub_code,2,9,11,17127,0.0000
0x00201050,0x00201050,,stub_code,2,7,9,17127,0.0000
0x00357190,0x00357190,,,1,0,1,17127,0.0000
0x00469678,0x00469678,,stub_code,0,1,1,17127,0.0000
0x0045c770,0x0045c770,,stub_code,1,5,6,17127,0.0000
0x00539030,0x00539030,,stub_code,0,3,3,17127,0.0000
0x001f52a0,0x001f52a0,,stub_code,1,1,2,17127,0.0000
0x001df310,0x001df310,,stub_code,0,12,12,17127,0.0000
0x00261990,0x00261990,,,2,0,2,17127,0.0000
0x005ef7b0,0x005ef7b0,,stub_code,0,4,4,17127,0.0000
0x003e6e90,0x003e6e90,,,3,0,3,17127,0.0000
0x002fad70,0x002fad70,,stub_code,0,3,3,17127,0.0000
0x00348200,0x00348200,,stub_code,0,2,2,17127,0.0000
0x002fe290,0x002fe290,,stub_code,1,5,6,17127,0.0000
0x00538140,0x00538140,,stub_code,0,14,14,17127,0.0000
0x004dec50,0x004dec50,,,4,0,4,17127,0.0000
0x00261d90,0x00261d90,,,1,0,1,17127,0.0000
0x0033cb80,0x0033cb80,,,1,0,1,17127,0.0000
0x00290bb0,0x00290bb0,,stub_code,0,4,4,17127,0.0000
0x004f2420,0x004f2420,,stub_code,5,1,6,17127,1.2500
0x0026eea0,0x0026eea0,,stub_code,1,1,2,17127,0.0000
0x00596200,0x00596200,,stub_code,0,1,1,17127,0.0000
0x002015b0,0x002015b0,,stub_code,1,9,10,17127,0.0000
0x004f5e90,0x004f5e90,,stub_code,0,1,1,17127,0.0000
0x005a8240,0x005a8240,,stub_code,0,6,6,17127,0.0000
0x002c0860,0x002c0860,,stub_code,1,3,4,17127,0.0000
0x0018fdf0,0x0018fdf0,,,1,0,1,17127,0.0000
0x003969e0,0x003969e0,,stub_code,1,0,1,17127,0.0000
0x0047b858,0x0047b858,,stub_code,1,1,2,17127,0.0000
0x005fddc0,0x005fddc0,,stub_code,2,1,3,17127,0.0000
0x002199c0,0x002199c0,,stub_code,1,7,8,17127,0.0000
0x00474480,0x00474480,,,1,0,1,17127,0.0000
0x003d4ae0,0x003d4ae0,,stub_code,1,5,6,17127,2.3333
0x00133900,0x00133900,,stub_code,0,1,1,17127,0.0000
0x00154de0,0x00154de0,,,41,0,41,17127,0.0000
0x00590f80,0x00590f80,,stub_code,0,1,1,2,0.0000
0x00167220,0x00167220,,stub_code,2,1,3,17127,0.0000
0x004cef20,0x004cef20,,stub_code,0,2,2,17127,0.0000
0x00507f10,0x00507f10,,stub_code,0,1,1,17127,0.0000
0x00504170,0x00504170,,stub_code,117,5,122,17127,245.4167
0x001fa1c0,0x001fa1c0,,stub_code,0,2,2,17127,0.0000
0x005644b0,0x005644b0,,stub_code,1,5,6,17127,0.0000
0x002cfbe0,0x002cfbe0,,stub_code,1,2,3,17127,0.0000
0x0049bc48,0x0049bc48,,stub_code,0,3,3,17127,0.0000
0x0058a490,0x0058a490,,stub_code,2,1,3,4,0.0000
0x00157360,0x00157360,,stub_code,0,1,1,17127,0.0000
0x00333030,0x00333030,,stub_code,0,7,7,17127,0.0000
0x002c8650,0x002c8650,,stub_code,1,2,3,17127,0.0000
0x004b5278,0x004b5278,,stub_code,0,2,2,17127,0.0000
0x0017da80,0x0017da80,,stub_code,0,2,2,17127,0.0000
0x00157440,FUN_00157440,,real_logic,0,0,0,1,0.0000
0x0039d0e0,0x0039d0e0,,stub_code,4,4,8,17127,0.0000
0x002fa2b0,0x002fa2b0,,,1,0,1,17127,0.0000
0x004bdb80,0x004bdb80,,,3,0,3,17127,0.0000
0x0023f4e0,0x0023f4e0,,stub_code,0,1,1,17127,0.0000
0x00243560,0x00243560,,stub_code,1,2,3,17127,3.0000
0x001c4580,0x001c4580,,,1,0,1,17127,0.0000
0x00131020,0x00131020,,stub_code,0,0,0,1,0.0000
0x00326d90,0x00326d90,,,1,0,1,17127,0.0000
0x0040f0b0,0x0040f0b0,,,1,0,1,17127,0.0000
0x002f2ae0,0x002f2ae0,,,2,0,2,17127,0.0000
0x00307310,0x00307310,,,1,0,1,17127,0.0000
0x004be2f0,0x004be2f0,,stub_code,0,1,1,17127,0.0000
0x004d51e0,0x004d51e0,,stub_code,0,4,4,17127,0.0000
0x0026e750,0x0026e750,,stub_code,1,3,4,17127,5.3333
0x00292570,0x00292570,,stub_code,0,3,3,17127,0.0000
0x0017f730,0x0017f730,,stub_code,0,2,2,17127,0.0000
0x003ec0d0,0x003ec0d0,,stub_code,4,3,7,17127,1.0000
0x0034fa00,0x0034fa00,,stub_code,0,16,16,17127,0.0000
0x006c93e0,0x006c93e0,,stub_code,0,3,3,17127,0.0000
0x004271e0,0x004271e0,,,2,0,2,17127,0.0000
0x003c5b90,0x003c5b90,,stub_code,1,2,3,17127,0.0000
0x002b7a40,0x002b7a40,,stub_code,1,7,8,17127,0.0000
0x001d36b0,0x001d36b0,,stub_code,0,2,2,17127,0.0000
0x00477ad0,0x00477ad0,,,1,0,1,17127,0.0000
0x004942b8,0x004942b8,,,1,0,1,17127,0.0000
0x0014e3c0,0x0014e3c0,,stub_code,1,1,2,17127,0.0000
0x0041da70,0x0041da70,,stub_code,13,4,17,17127,2.0000
0x0011bb20,0x0011bb20,,stub_code,0,1,1,17127,0.0000
0x00160b90,0x00160b90,,stub_code,15,4,19,17127,0.0000
0x005fd870,0x005fd870,,,1,0,1,17127,0.0000
0x0046c9d0,0x0046c9d0,,stub_code,1,1,2,17127,0.0000
0x00211250,0x00211250,,stub_code,0,5,5,17127,0.0000
0x004d6f40,0x004d6f40,,stub_code,0,5,5,17127,0.0000
0x0037a0e0,0x0037a0e0,,stub_code,1,7,8,17127,0.0000
0x00170b90,0x00170b90,,stub_code,1,1,2,17127,0.0000
0x002116b0,0x002116b0,,stub_code,0,0,0,1,0.0000
0x002b04f0,0x002b04f0,,stub_code,1,2,3,17127,0.0000
0x003f94c8,0x003f94c8,,stub_code,24,4,28,17127,2.5000
0x00399ed0,0x00399ed0,,stub_code,0,8,8,17127,0.0000
0x002af4e0,0x002af4e0,,,1,0,1,17127,0.0000
0x004b2a10,0x004b2a10,,,1,0,1,17127,0.0000
0x00136710,0x00136710,,stub_code,0,0,0,1,0.0000
0x00507640,0x00507640,,,1,0,1,17127,0.0000
0x0053b8a0,0x0053b8a0,,stub_code,0,1,1,17127,0.0000
0x0054adf0,0x0054adf0,,stub_code,0,1,1,17127,0.0000
0x005fc800,0x005fc800,,stub_code,0,1,1,17127,0.0000
0x00351120,0x00351120,,stub_code,0,4,4,17127,0.0000
0x00271ad0,0x00271ad0,,stub_code,0,1,1,17127,0.0000
0x00354c20,0x00354c20,,stub_code,1,0,1,17127,0.0000
0x0058eb50,0x0058eb50,,stub_code,0,1,1,17127,0.0000
0x005fc610,0x005fc610,,stub_code,0,2,2,17127,0.0000
0x004762f0,0x004762f0,,stub_code,0,8,8,17127,0.0000
0x00455f20,0x00455f20,,stub_code,2,8,10,17127,1.5077
0x004969a8,0x004969a8,,,1,0,1,17127,0.0000
0x00188160,0x00188160,,,1,0,1,17127,0.0000
0x0038e6e0,0x0038e6e0,,stub_code,2,3,5,17127,0.0000
0x00428320,0x00428320,,stub_code,0,5,5,17127,0.0000
0x0033a520,0x0033a520,,stub_code,4,1,5,17127,226.0000
0x00322a20,0x00322a20,,stub_code,0,1,1,17127,0.0000
0x003d8a50,0x003d8a50,,stub_code,1,1,2,17127,0.0000
0x00330940,0x00330940,,,1,0,1,17127,0.0000
0x00506660,0x00506660,,,15,0,15,17127,0.0000
0x00417d70,0x00417d70,,stub_code,1,2,3,17127,0.0000
0x004674c8,0x004674c8,,stub_code,0,1,1,3,0.0000
0x0026f440,0x0026f440,,stub_code,0,0,0,1,0.0000
0x0039b540,0x0039b540,,,1,0,1,17127,0.0000
0x001c8600,0x001c8600,,stub_code,0,2,2,17127,0.0000
0x00370a20,0x00370a20,,stub_code,15,0,15,17127,0.0000
0x005b8c10,0x005b8c10,,stub_code,0,1,1,17127,0.0000
0x005b8b30,0x005b8b30,,stub_code,0,1,1,17127,0.0000
0x00543210,0x00543210,,stub_code,0,8,8,17127,0.0000
0x0023a9f0,0x0023a9f0,,stub_code,0,1,1,17127,0.0000
0x00442390,0x00442390,,stub_code,3,7,10,17127,0.0000
0x0032cb20,0x0032cb20,,stub_code,0,5,5,17127,0.0000
0x00545b30,0x00545b30,,stub_code,0,1,1,17127,0.0000
0x001db2d0,0x001db2d0,,stub_code,0,0,0,1,0.0000
0x00544020,0x00544020,,stub_code,0,5,5,17127,0.0000
0x0054e760,0x0054e760,,stub_code,0,4,4,17127,0.0000
0x004be200,0x004be200,,,2,0,2,17127,0.0000
0x0037c990,0x0037c990,,,2,0,2,17127,0.0000
0x0026e800,0x0026e800,,stub_code,1,3,4,17127,4.0000
0x0022f050,0x0022f050,,,1,0,1,17127,0.0000
0x004e6320,0x004e6320,,stub_code,0,3,3,17127,0.0000
0x00114950,0x00114950,,stub_code,1,2,3,17127,0.0000
0x004ba980,0x004ba980,,,1,0,1,17127,0.0000
0x0019d780,0x0019d780,,stub_code,0,4,4,17127,0.0000
0x00469a80,0x00469a80,,stub_code,18,1,19,17127,0.5000
0x00243180,0x00243180,,stub_code,1,1,2,17127,0.0000
0x004b3228,0x004b3228,,stub_code,1,0,1,17127,0.0000
0x0035be10,0x0035be10,,stub_code,4,0,4,17127,0.0000
0x005db7a0,0x005db7a0,,stub_code,1,2,3,17127,0.0000
0x00512fc0,0x00512fc0,,stub_code,29,1,30,17127,0.0000
0x005c0bb0,0x005c0bb0,,stub_code,3,1,4,17127,0.0000
0x0042f660,FUN_0042f660,core/strings,real_c,1,0,1,17127,0.0000
0x0035a590,0x0035a590,,stub_code,3,1,4,17127,0.0000
0x0037df20,0x0037df20,,,1,0,1,17127,0.0000
0x001006f0,0x001006f0,,stub_code,2,7,9,17127,5.3333
0x00267130,0x00267130,,stub_code,2,2,4,17127,0.0000
0x00317250,0x00317250,,stub_code,0,1,1,17127,0.0000
0x0035f610,0x0035f610,,,1,0,1,17127,0.0000
0x0022da00,0x0022da00,,,1,0,1,17127,0.0000
0x002161c0,0x002161c0,,stub_code,1,6,7,17127,0.0000
0x0054fc70,0x0054fc70,,,2,0,2,17127,0.0000
0x004deb20,0x004deb20,,,1,0,1,17127,0.0000
0x00362be0,0x00362be0,,,1,0,1,17127,0.0000
0x0054f150,0x0054f150,,stub_code,0,4,4,17127,0.0000
0x00211700,0x00211700,,stub_code,0,2,2,17127,0.0000
0x00288780,0x00288780,,stub_code,0,1,1,17127,0.0000
0x0014b1d0,0x0014b1d0,,stub_code,1,1,2,17127,0.0000
0x0036f840,0x0036f840,,stub_code,1,1,2,17127,0.0000
0x0040e2c0,0x0040e2c0,,,1,0,1,17127,0.0000
0x004e51c0,0x004e51c0,,,3,0,3,17127,0.0000
0x002c6e00,0x002c6e00,,stub_code,0,2,2,17127,0.0000
0x003ac9b0,0x003ac9b0,,stub_code,1,8,9,17127,0.0000
0x0033af10,0x0033af10,,,2,0,2,4,0.0000
0x004239f0,0x004239f0,,stub_code,1,2,3,17127,0.0000
0x0050ecf0,FUN_0050ecf0,,pseudo_stub,0,0,0,1,0.0000
0x00262bd0,0x00262bd0,,stub_code,1,6,7,17127,0.0000
0x005595b0,0x005595b0,,,1,0,1,2,0.0000
0x0058ebb0,0x0058ebb0,,stub_code,0,1,1,17127,0.0000
0x0059fda0,0x0059fda0,,stub_code,0,4,4,17127,0.0000
0x004622e8,0x004622e8,,stub_code,1,3,4,17127,1.0000
0x001ff6f0,0x001ff6f0,,stub_code,62,3,65,17127,52.1000
0x001ee5e0,0x001ee5e0,,stub_code,0,3,3,17127,0.0000
0x004cd0f0,0x004cd0f0,,stub_code,0,1,1,17127,0.0000
0x002af2f0,0x002af2f0,,stub_code,1,2,3,17127,0.0000
0x0033b7e0,0x0033b7e0,,stub_code,1,1,2,17127,0.0000
0x00544b50,0x00544b50,,,3,0,3,17127,0.0000
0x002c1a10,0x002c1a10,,,6,0,6,17127,0.0000
0x001b10c0,0x001b10c0,,stub_code,2,0,2,17127,0.0000
0x00472090,0x00472090,,stub_code,1,1,2,17127,0.0000
0x002d0eb0,0x002d0eb0,,stub_code,1,2,3,17127,0.0000
0x0018bce0,0x0018bce0,,,1,0,1,17127,0.0000
0x005a4d60,0x005a4d60,,stub_code,0,9,9,17127,0.0000
0x0011fcd0,0x0011fcd0,,stub_code,1,4,5,17127,0.0000
0x006c9b70,0x006c9b70,,stub_code,0,3,3,17127,0.0000
0x004c2070,0x004c2070,,,2,0,2,17127,0.0000
0x001a9a80,0x001a9a80,,stub_code,1,1,2,17127,0.0000
0x0033b5e0,0x0033b5e0,,,3,0,3,17127,0.0000
0x002648c0,0x002648c0,,stub_code,2,1,3,17127,0.0000
0x003a80b0,0x003a80b0,,stub_code,0,1,1,17127,0.0000
0x00481d40,0x00481d40,,stub_code,0,1,1,17127,0.0000
0x005f80c0,0x005f80c0,,stub_code,0,1,1,17127,0.0000
0x00201a80,0x00201a80,,stub_code,0,2,2,17127,0.0000
0x003a82f0,0x003a82f0,,stub_code,1,2,3,17127,0.0000
0x0037c200,0x0037c200,,,1,0,1,17127,0.0000
0x003def20,0x003def20,,stub_code,1,2,3,17127,0.1667
0x0043fb68,0x0043fb68,,stub_code,120,7,127,17127,53.3333
0x0035f370,0x0035f370,,stub_code,1,4,5,17127,0.0000
0x0043caf0,0x0043caf0,,,33,0,33,17127,0.0000
0x0047fa28,FUN_0047fa28,,pseudo_stub,1,1,2,17127,1.0000
0x002736b0,0x002736b0,,,2,0,2,17127,0.0000
0x005d3370,0x005d3370,,stub_code,1,13,14,17127,0.0000
0x001e6460,0x001e6460,,stub_code,1,5,6,17127,0.0000
0x003a63c0,0x003a63c0,,stub_code,0,15,15,17127,0.0000
0x004eb080,0x004eb080,,stub_code,1,2,3,17127,0.0000
0x001159f0,0x001159f0,,stub_code,2,3,5,17127,0.0000
0x003680a0,0x003680a0,,,1,0,1,8,0.0000
0x00195e20,0x00195e20,,,1,0,1,17127,0.0000
0x0058a340,0x0058a340,,,2,0,2,17127,0.0000
0x002e8130,0x002e8130,,stub_code,0,7,7,17127,0.0000
0x0048d218,0x0048d218,,,1,0,1,17127,0.0000
0x00544c40,0x00544c40,,stub_code,0,1,1,17127,0.0000
0x001ef920,0x001ef920,,stub_code,0,2,2,17127,0.0000
0x003fb498,0x003fb498,,stub_code,36,2,38,17127,5.4476
0x002dccc0,0x002dccc0,,stub_code,0,9,9,17127,0.0000
0x003894e0,0x003894e0,,stub_code,1,1,2,17127,0.0000
0x003908a0,0x003908a0,,stub_code,5,1,6,17127,27.0000
0x00504460,0x00504460,,stub_code,0,2,2,17127,0.0000
0x003fa4d8,0x003fa4d8,,,1,0,1,17127,0.0000
0x001c52a0,0x001c52a0,,stub_code,0,1,1,9,0.0000
0x005e8040,FUN_005e8040,,pseudo_stub,0,2,2,17127,0.0000
0x005a1fa0,0x005a1fa0,,,2,0,2,17127,0.0000
0x0046fe00,0x0046fe00,,,5,0,5,17127,0.0000
0x00253860,0x00253860,,stub_code,0,1,1,17127,0.0000
0x0021b040,0x0021b040,,stub_code,8,2,10,17127,0.0000
0x003a6f20,0x003a6f20,,stub_code,1,4,5,17127,0.0000
0x0043d8b8,0x0043d8b8,,,1,0,1,17127,0.0000
0x001f8930,0x001f8930,,stub_code,0,7,7,17127,0.0000
0x0037e4f0,0x0037e4f0,,stub_code,1,1,2,17127,0.0000
0x00263d50,0x00263d50,,stub_code,1,9,10,17127,0.0000
0x0049cdb0,0x0049cdb0,,stub_code,0,1,1,17127,0.0000
0x002e3590,0x002e3590,,stub_code,1,2,3,17127,0.0000
0x004bab00,0x004bab00,,stub_code,19,7,26,17127,1191.8111
0x00132d40,0x00132d40,,stub_code,1,2,3,17127,0.0000
0x0034d200,0x0034d200,,,1,0,1,17127,0.0000
0x0055f1e0,0x0055f1e0,,stub_code,0,0,0,1,0.0000
0x0021d540,0x0021d540,,,9,0,9,17127,0.0000
0x00291bd0,0x00291bd0,,,1,0,1,17127,0.0000
0x00516680,0x00516680,,stub_code,1,4,5,17127,0.0000
0x003b2600,0x003b2600,,stub_code,0,1,1,17127,0.0000
0x005ecfe0,0x005ecfe0,,stub_code,0,1,1,17127,0.0000
0x0024b9b0,0x0024b9b0,,stub_code,0,0,0,1,0.0000
0x004819f0,0x004819f0,,stub_code,0,1,1,17127,0.0000
0x001bd620,0x001bd620,,stub_code,1,2,3,17127,0.0000
0x002a3a70,0x002a3a70,,,1,0,1,17127,0.0000
0x003ebf30,0x003ebf30,,stub_code,2,2,4,17127,0.0000
0x004a9368,0x004a9368,,stub_code,1,0,1,17127,0.0000
0x00248a20,0x00248a20,,,1,0,1,17127,0.0000
0x002fe340,0x002fe340,,,1,0,1,17127,0.0000
0x004488e0,0x004488e0,,stub_code,2,3,5,17127,0.0000
0x0039c8f0,0x0039c8f0,,stub_code,0,6,6,17127,0.0000
0x004283f0,0x004283f0,,,3,0,3,17127,0.0000
0x004f61e0,0x004f61e0,,stub_code,1,1,2,17127,0.0000
0x00548760,0x00548760,,stub_code,0,1,1,17127,0.0000
0x00260df0,0x00260df0,,stub_code,1,1,2,4,0.0000
0x006c8270,0x006c8270,,stub_code,0,2,2,17127,0.0000
0x0010e200,0x0010e200,,stub_code,3,1,4,17127,0.0000
0x00298300,0x00298300,,,1,0,1,17127,0.0000
0x0039bed0,0x0039bed0,,stub_code,0,1,1,17127,0.0000
0x002759b0,0x002759b0,,stub_code,1,2,3,17127,0.0000
0x0029d4a0,0x0029d4a0,,,1,0,1,17127,0.0000
0x005a3cb0,0x005a3cb0,,stub_code,0,7,7,17127,0.0000
0x005189e0,0x005189e0,,stub_code,6,15,21,17127,0.0000
0x00597220,0x00597220,,,1,0,1,2,0.0000
0x0033e2a0,0x0033e2a0,,stub_code,1,3,4,17127,0.0000
0x005d4f20,0x005d4f20,,,1,0,1,17127,0.0000
0x00597ad0,0x00597ad0,,stub_code,0,1,1,2,0.0000
0x00540eb0,0x00540eb0,,stub_code,0,14,14,17127,0.0000
0x00365d10,0x00365d10,,stub_code,0,2,2,17127,0.0000
0x004e3e30,0x004e3e30,,stub_code,0,4,4,17127,0.0000
0x0045e058,0x0045e058,,stub_code,2,4,6,17127,0.0000
0x0059be00,0x0059be00,,,1,0,1,2,0.0000
0x004c5440,0x004c5440,,stub_code,0,3,3,17127,0.0000
0x00510320,0x00510320,,,518,0,518,17127,0.0000
0x00237ce0,0x00237ce0,,stub_code,14,1,15,17127,2.0000
0x00535980,0x00535980,,,1,0,1,17127,0.0000
0x00179f70,0x00179f70,,stub_code,0,1,1,17127,0.0000
0x00466d08,0x00466d08,,stub_code,0,1,1,17127,0.0000
0x001f3fb0,0x001f3fb0,,stub_code,0,5,5,17127,0.0000
0x003fb1a8,0x003fb1a8,,stub_code,38,3,41,17127,50.3139
0x002f0290,0x002f0290,,stub_code,0,1,1,17127,0.0000
0x004ae8e8,0x004ae8e8,,,1,0,1,17127,0.0000
0x0058b0d0,0x0058b0d0,,,3,0,3,17127,0.0000
0x00379170,0x00379170,,stub_code,1,2,3,17127,0.0000
0x0016cdc0,0x0016cdc0,,,1,0,1,17127,0.0000
0x0016cd30,0x0016cd30,,stub_code,1,5,6,17127,0.0000
0x002c9e00,0x002c9e00,,stub_code,0,4,4,17127,0.0000
0x00188820,0x00188820,,,1,0,1,17127,0.0000
0x003af920,0x003af920,,stub_code,0,8,8,17127,0.0000
0x00226320,0x00226320,,stub_code,0,8,8,17127,0.0000
0x0053fb70,0x0053fb70,,stub_code,0,9,9,17127,0.0000
0x002b9630,0x002b9630,,stub_code,0,8,8,17127,0.0000
0x00462900,0x00462900,,stub_code,1,1,2,17127,0.0000
0x001840c0,0x001840c0,,stub_code,1,3,4,17127,0.0000
0x003a57a0,0x003a57a0,,stub_code,2,7,9,17127,0.0000
0x005e7a90,0x005e7a90,,stub_code,1,1,2,17127,0.0000
0x0042a9c8,0x0042a9c8,,stub_code,0,1,1,17127,0.0000
0x0023e830,0x0023e830,,stub_code,1,6,7,17127,0.0000
0x00329f00,0x00329f00,,stub_code,0,8,8,17127,0.0000
0x001bad00,0x001bad00,,stub_code,0,15,15,17127,0.0000
0x0021b1f0,0x0021b1f0,,,5,0,5,17127,0.0000
0x0029d860,0x0029d860,,,1,0,1,17127,0.0000
0x004a1188,0x004a1188,,stub_code,1,10,11,17127,0.0000
0x0022b8c0,0x0022b8c0,,stub_code,1,13,14,17127,0.0000
0x004b7d98,0x004b7d98,,stub_code,1,1,2,17127,1.0000
0x004d4030,0x004d4030,,stub_code,0,1,1,17127,0.0000
0x00444470,0x00444470,,stub_code,1,3,4,17127,0.0000
0x00395bc0,0x00395bc0,,stub_code,1,5,6,17127,0.0000
0x005bf890,0x005bf890,,stub_code,0,2,2,17127,0.0000
0x00286ff0,0x00286ff0,,stub_code,0,4,4,17127,0.0000
0x002e48c0,0x002e48c0,,stub_code,1,1,2,17127,0.0000
0x00331a60,0x00331a60,,stub_code,1,2,3,17127,0.0000
0x001d3220,0x001d3220,,stub_code,0,3,3,17127,0.0000
0x002a6210,0x002a6210,,stub_code,1,4,5,17127,0.0000
0x00285ba0,0x00285ba0,,stub_code,0,4,4,17127,0.0000
0x005cbfc0,0x005cbfc0,,stub_code,0,1,1,17127,0.0000
0x004f6210,0x004f6210,,stub_code,1,0,1,17127,0.0000
0x0011c0f0,0x0011c0f0,,stub_code,1,6,7,17127,0.0000
0x00341410,0x00341410,,stub_code,3,3,6,17127,1.3333
0x001322a0,0x001322a0,,stub_code,1,0,1,17127,0.0000
0x00481b18,0x00481b18,,,1,0,1,17127,0.0000
0x004758d8,0x004758d8,,stub_code,0,4,4,17127,0.0000
0x004c1840,0x004c1840,,stub_code,21,2,23,17127,2.2361
0x003353d0,0x003353d0,,stub_code,0,4,4,17127,0.0000
0x00328c90,0x00328c90,,stub_code,0,8,8,17127,0.0000
0x002034e0,0x002034e0,,stub_code,1,2,3,17127,0.0000
0x0031bc40,0x0031bc40,,stub_code,0,1,1,17127,0.0000
0x00439080,0x00439080,,,1,0,1,17127,0.0000
0x004dc3c0,0x004dc3c0,,stub_code,1,2,3,17127,0.0000
0x001cad90,FUN_001cad90,core/struct,real_logic,1,0,1,17127,0.0000
0x005ba410,0x005ba410,,,1,0,1,17127,0.0000
0x0012ccc0,0x0012ccc0,,stub_code,1,1,2,17127,0.0000
0x003d8610,0x003d8610,,stub_code,13,3,16,17127,10.5000
0x0043dbe0,0x0043dbe0,,stub_code,1,1,2,17127,12.5000
0x005fe150,0x005fe150,,stub_code,0,2,2,17127,0.0000
0x005f8920,0x005f8920,,stub_code,1,4,5,17127,0.0000
0x0050d090,0x0050d090,,stub_code,0,1,1,17127,0.0000
0x001aa7c0,0x001aa7c0,,stub_code,0,6,6,17127,0.0000
0x004ba3b0,0x004ba3b0,,stub_code,1,1,2,17127,0.0000
0x0024bb30,0x0024bb30,,stub_code,0,0,0,1,0.0000
0x0040ad60,0x0040ad60,,stub_code,1,1,2,17127,0.0000
0x004a5bb0,0x004a5bb0,,stub_code,1,1,2,17127,0.0000
0x0051ee30,0x0051ee30,,,10,0,10,17127,0.0000
0x0011f2c0,0x0011f2c0,,stub_code,1,5,6,17127,0.0000
0x0036f780,0x0036f780,,stub_code,0,1,1,17127,0.0000
0x005f7480,0x005f7480,,stub_code,0,3,3,17127,0.0000
0x002d14f0,0x002d14f0,,stub_code,3,9,12,17127,2058.5889
0x0034d160,0x0034d160,,,1,0,1,17127,0.0000
0x00516e40,0x00516e40,,stub_code,0,1,1,17127,0.0000
0x00138f90,0x00138f90,,stub_code,0,26,26,17127,0.0000
0x005372c0,0x005372c0,,stub_code,0,3,3,17127,0.0000
0x00480e80,0x00480e80,,stub_code,1,0,1,17127,0.0000
0x00595f30,0x00595f30,,stub_code,0,6,6,17127,0.0000
0x001bda50,0x001bda50,,stub_code,1,3,4,17127,0.0000
0x004ad900,0x004ad900,,stub_code,0,8,8,17127,0.0000
0x00212fd0,0x00212fd0,,stub_code,1,1,2,17127,0.0000
0x005f1170,0x005f1170,,stub_code,0,4,4,17127,0.0000
0x001d1900,0x001d1900,,stub_code,0,1,1,17127,0.0000
0x0033e550,0x0033e550,,stub_code,0,2,2,17127,0.0000
0x0012dfc0,0x0012dfc0,,stub_code,0,0,0,1,0.0000
0x005a7f20,0x005a7f20,,stub_code,0,1,1,2,0.0000
0x0039d8f0,0x0039d8f0,,stub_code,1,2,3,17127,0.0000
0x002b5bf0,FUN_002b5bf0,,pseudo_stub,2,1,3,17127,5.0000
0x004c9ec0,0x004c9ec0,,stub_code,0,1,1,17127,0.0000
0x0045dc20,0x0045dc20,,stub_code,1,4,5,17127,0.0000
0x005d71a0,0x005d71a0,,stub_code,0,2,2,17127,0.0000
0x001c0270,0x001c0270,,stub_code,1,4,5,17127,0.0000
0x0051f550,0x0051f550,,,1,0,1,17127,0.0000
0x0028e900,0x0028e900,,,1,0,1,17127,0.0000
0x0042c280,FUN_0042c280,,real_logic,3,2,5,17127,14.0000
0x0039ccb0,0x0039ccb0,,stub_code,1,2,3,17127,0.0000
0x002853e0,0x002853e0,,,1,0,1,17127,0.0000
0x005e99e0,0x005e99e0,,,1,0,1,2,0.0000
0x003dd460,0x003dd460,,stub_code,1,4,5,17127,0.0000
0x005b0ba0,0x005b0ba0,,stub_code,1,5,6,17127,0.0000
0x00409f40,0x00409f40,,,2,0,2,17127,0.0000
0x004c5020,0x004c5020,,,1,0,1,2,0.0000
0x005e7540,0x005e7540,,stub_code,1,6,7,17127,0.0000
0x00126250,0x00126250,,stub_code,0,1,1,17127,0.0000
0x0030ad50,0x0030ad50,,,2,0,2,17127,0.0000
0x001d3160,0x001d3160,,stub_code,0,0,0,1,0.0000
0x0016a430,0x0016a430,,,1,0,1,17127,0.0000
0x005b6a20,0x005b6a20,,stub_code,0,7,7,17127,0.0000
0x0040bbb0,0x0040bbb0,,,1,0,1,17127,0.0000
0x0050e600,0x0050e600,,stub_code,9,5,14,17127,92.0000
0x004cb250,0x004cb250,,stub_code,0,0,0,1,0.0000
0x002f9f00,0x002f9f00,,stub_code,0,1,1,17127,0.0000
0x0018f3d0,0x0018f3d0,,,1,0,1,17127,0.0000
0x004e35c0,0x004e35c0,,stub_code,4,2,6,17127,0.0000
0x0043ff98,0x0043ff98,,stub_code,0,2,2,17127,0.0000
0x0035f0e0,0x0035f0e0,,stub_code,2,4,6,17127,0.0000
0x005dd380,0x005dd380,,stub_code,0,3,3,17127,0.0000
0x005f1530,0x005f1530,,,2,0,2,17127,0.0000
0x0014bef0,0x0014bef0,,stub_code,2,5,7,17127,31.0000
0x003591a0,0x003591a0,,stub_code,1,2,3,17127,0.0000
0x003722e0,0x003722e0,,stub_code,2,2,4,17127,0.0000
0x004ac1d8,0x004ac1d8,,stub_code,3,5,8,17127,0.0000
0x003f9990,0x003f9990,,stub_code,2,0,2,17127,0.0000
0x0049fe20,0x0049fe20,,stub_code,0,1,1,17127,0.0000
0x005fa1d0,0x005fa1d0,,stub_code,0,0,0,1,0.0000
0x0033be20,0x0033be20,,stub_code,12,3,15,17127,6.0000
0x0028dcc0,0x0028dcc0,,stub_code,0,1,1,17127,0.0000
0x0029ce40,0x0029ce40,,,1,0,1,17127,0.0000
0x00176a00,0x00176a00,,stub_code,1,2,3,17127,0.0000
0x003fad18,0x003fad18,,stub_code,112,2,114,17127,51.5929
0x00441df0,0x00441df0,,stub_code,0,1,1,17127,0.0000
0x002d1d90,0x002d1d90,,,3,0,3,17127,0.0000
0x001153a0,0x001153a0,,,2,0,2,17127,0.0000
0x001d7510,0x001d7510,,stub_code,2,8,10,17127,0.0000
0x00349fe0,0x00349fe0,,,1,0,1,17127,0.0000
0x004d7d20,0x004d7d20,,stub_code,0,4,4,17127,0.0000
0x0032adc0,0x0032adc0,,stub_code,0,5,5,17127,0.0000
0x00215710,0x00215710,,,3,0,3,17127,0.0000
0x003267a0,0x003267a0,,stub_code,0,8,8,17127,0.0000
0x00118d40,0x00118d40,,stub_code,10,2,12,17127,0.0000
0x0024aa10,0x0024aa10,,stub_code,0,1,1,20,0.0000
0x003bb980,0x003bb980,,stub_code,0,1,1,17127,0.0000
0x004238c0,FUN_004238c0,,real_logic,1,0,1,17127,0.0000
0x00362350,0x00362350,,stub_code,1,7,8,17127,0.0000
0x0037e330,0x0037e330,,stub_code,1,1,2,17127,0.0000
0x0056fcf0,0x0056fcf0,,stub_code,0,5,5,17127,0.0000
0x00513830,0x00513830,,stub_code,2,5,7,17127,0.0000
0x004deb10,0x004deb10,,,1,0,1,17127,0.0000
0x003ace70,0x003ace70,,stub_code,0,2,2,17127,0.0000
0x005db9c0,0x005db9c0,,,2,0,2,17127,0.0000
0x0011b990,0x0011b990,,stub_code,1,2,3,17127,0.0000
0x00152260,0x00152260,,stub_code,1,3,4,17127,0.0000
0x00248d10,0x00248d10,,stub_code,5,0,5,20,0.0000
0x004c3600,0x004c3600,,,2,0,2,17127,0.0000
0x002a5630,0x002a5630,,stub_code,1,3,4,17127,0.0000
0x003117b0,0x003117b0,,stub_code,0,17,17,17127,0.0000
0x0035f070,0x0035f070,,,7,0,7,17127,0.0000
0x00474fd8,0x00474fd8,,stub_code,5,7,12,17127,0.0000
0x00314160,0x00314160,,stub_code,10,1,11,17127,0.0000
0x0023f140,0x0023f140,,stub_code,0,0,0,1,0.0000
0x002615e0,0x002615e0,,,1,0,1,17127,0.0000
0x0044bf20,0x0044bf20,,stub_code,1,21,22,17127,23.2857
0x00275410,0x00275410,,,1,0,1,17127,0.0000
0x004dfea0,0x004dfea0,,stub_code,12,2,14,17127,1.3333
0x00470c00,0x00470c00,,stub_code,2,1,3,17127,0.0000
0x0028c110,0x0028c110,,stub_code,1,1,2,17127,0.0000
0x0054c6e0,0x0054c6e0,,stub_code,0,5,5,17127,0.0000
0x002e9e40,0x002e9e40,,stub_code,0,1,1,17127,0.0000
0x003c0ab0,0x003c0ab0,,stub_code,1,1,2,17127,0.0000
0x004b2e28,0x004b2e28,,,1,0,1,17127,0.0000
0x0050f930,0x0050f930,,,397,0,397,17127,0.0000
0x00481ac8,0x00481ac8,,,1,0,1,17127,0.0000
0x00581f00,0x00581f00,,stub_code,0,1,1,17127,0.0000
0x0051ce70,0x0051ce70,,stub_code,0,3,3,17127,0.0000
0x004b0098,0x004b0098,,stub_code,0,4,4,17127,0.0000
0x005d63e0,0x005d63e0,,,1,0,1,17127,0.0000
0x00543480,0x00543480,,stub_code,0,1,1,17127,0.0000
0x0048d310,0x0048d310,,stub_code,1,1,2,17127,0.0000
0x00158d80,0x00158d80,,stub_code,2,9,11,17127,0.0000
0x00444d38,0x00444d38,,stub_code,0,1,1,17127,0.0000
0x00468748,0x00468748,,,1,0,1,17127,0.0000
0x0051d390,0x0051d390,,stub_code,1,1,2,17127,0.3333
0x0017d7a0,0x0017d7a0,,stub_code,5,1,6,17127,0.0000
0x001b1050,0x001b1050,,,1,0,1,17127,0.0000
0x0039ca10,0x0039ca10,,,1,0,1,17127,0.0000
0x0047e5c0,0x0047e5c0,,stub_code,1,1,2,6,0.0000
0x003f8eb8,0x003f8eb8,,stub_code,8,0,8,17127,0.0000
0x0045bcd8,0x0045bcd8,,stub_code,3,3,6,17127,0.0000
0x00424a10,0x00424a10,,,2,0,2,17127,0.0000
0x0018b1f0,0x0018b1f0,,stub_code,1,1,2,17127,0.0000
0x0042aac8,0x0042aac8,,stub_code,52,2,54,17127,288.4667
0x001e6590,0x001e6590,,stub_code,1,2,3,17127,0.0000
0x0046f390,0x0046f390,,stub_code,0,4,4,17127,0.0000
0x0059cf10,0x0059cf10,,,2,0,2,17127,0.0000
0x0053de60,0x0053de60,,stub_code,0,1,1,2,0.0000
0x00157760,0x00157760,,stub_code,1,1,2,17127,0.0000
0x00301850,0x00301850,,stub_code,1,2,3,17127,0.0000
0x002cab20,0x002cab20,,stub_code,1,1,2,17127,0.0000
0x0043eb48,0x0043eb48,,stub_code,4,1,5,17127,0.0000
0x0028bd40,0x0028bd40,,,2,0,2,17127,0.0000
0x0031b970,0x0031b970,,,2,0,2,17127,0.0000
0x004f16f0,0x004f16f0,,stub_code,0,0,0,1,0.0000
0x00204b40,0x00204b40,,stub_code,2,1,3,17127,1.0000
0x0050fc60,0x0050fc60,,stub_code,6,4,10,17127,0.0000
0x001178a0,0x001178a0,,stub_code,5,2,7,17127,0.0000
0x001ab420,0x001ab420,,stub_code,0,0,0,1,0.0000
0x0040bb40,0x0040bb40,,stub_code,1,1,2,17127,0.0000
0x001c4620,0x001c4620,,,1,0,1,17127,0.0000
0x001baca0,0x001baca0,,stub_code,2,0,2,17127,0.0000
0x0037bc40,0x0037bc40,,,1,0,1,17127,0.0000
0x003ba220,0x003ba220,,stub_code,1,1,2,17127,0.0000
0x00468e18,0x00468e18,,,1,0,1,2,0.0000
0x005fbe60,0x005fbe60,,stub_code,0,2,2,17127,0.0000
0x00238800,0x00238800,,stub_code,0,2,2,17127,0.0000
0x002e8b40,0x002e8b40,,stub_code,1,2,3,17127,0.0000
0x001a0930,0x001a0930,,stub_code,0,5,5,17127,0.0000
0x0021d560,0x0021d560,,stub_code,1,0,1,17127,0.0000
0x003a9b40,0x003a9b40,,,1,0,1,17127,0.0000
0x005ad8e0,0x005ad8e0,,,2,0,2,17127,0.0000
0x00351a70,0x00351a70,,stub_code,0,2,2,17127,0.0000
0x002158c0,0x002158c0,,stub_code,11,22,33,17127,124.3000
0x004e94a0,0x004e94a0,,stub_code,0,2,2,17127,0.0000
0x002799d0,0x002799d0,,,1,0,1,17127,0.0000
0x003af730,0x003af730,,stub_code,2,2,4,17127,0.0000
0x00135520,0x00135520,,stub_code,1,33,34,17127,0.0000
0x0037aa80,0x0037aa80,,,1,0,1,17127,0.0000
0x002b07e0,0x002b07e0,,,1,0,1,17127,0.0000
0x004d7350,0x004d7350,,stub_code,0,7,7,17127,0.0000
0x005f7f20,0x005f7f20,,stub_code,0,1,1,17127,0.0000
0x00307ab0,0x00307ab0,,stub_code,0,3,3,17127,0.0000
0x00274740,0x00274740,,stub_code,0,5,5,17127,0.0000
0x00418800,0x00418800,,stub_code,1,12,13,17127,24.0000
0x00262b60,0x00262b60,,stub_code,2,3,5,17127,0.0000
0x00508240,0x00508240,,stub_code,0,1,1,17127,0.0000
0x001a2e50,0x001a2e50,,stub_code,0,2,2,17127,0.0000
0x0022d1a0,FUN_0022d1a0,ui/layout,real_c,1,0,1,17127,0.0000
0x0018bd40,0x0018bd40,,stub_code,1,1,2,17127,0.0000
0x005919b0,0x005919b0,,,1,0,1,2,0.0000
0x002dafe0,0x002dafe0,,stub_code,1,7,8,17127,0.0000
0x001c7890,0x001c7890,,stub_code,1,1,2,17127,0.0000
0x005858b0,0x005858b0,,stub_code,0,2,2,3,0.0000
0x0018bb20,0x0018bb20,,stub_code,1,8,9,17127,620.8619
0x00404d00,0x00404d00,,stub_code,0,1,1,17127,0.0000
0x0035b4f0,0x0035b4f0,,stub_code,26,1,27,17127,0.7357
0x004a5798,0x004a5798,,,17,0,17,17127,0.0000
0x00550330,0x00550330,,,2,0,2,17127,0.0000
0x001a28b0,0x001a28b0,,stub_code,0,3,3,17127,0.0000
0x003ae820,0x003ae820,,stub_code,1,1,2,17127,0.0000
0x003fc140,0x003fc140,,stub_code,0,1,1,17127,0.0000
0x0024d520,0x0024d520,,stub_code,0,0,0,1,0.0000
0x00468418,0x00468418,,,2,0,2,17127,0.0000
0x003656d0,0x003656d0,,stub_code,1,1,2,17127,0.0000
0x00445e60,0x00445e60,,,1,0,1,17127,0.0000
0x0032a740,0x0032a740,,stub_code,1,2,3,17127,0.0000
0x004d2920,0x004d2920,,,3,0,3,17127,0.0000
0x005dea40,0x005dea40,,stub_code,0,3,3,17127,0.0000
0x004e3500,0x004e3500,,stub_code,0,7,7,17127,0.0000
0x004e0290,0x004e0290,,,3,0,3,17127,0.0000
0x0059bef0,0x0059bef0,,stub_code,0,1,1,2,0.0000
0x0040aaf0,0x0040aaf0,,stub_code,1,2,3,17127,0.0000
0x003a86d0,0x003a86d0,,,1,0,1,17127,0.0000
0x0021b8f0,0x0021b8f0,,stub_code,0,8,8,17127,0.0000
0x00345ae0,0x00345ae0,,stub_code,1,12,13,17127,0.0000
0x004a1030,0x004a1030,,stub_code,0,7,7,17127,0.0000
0x005dac70,0x005dac70,,,1,0,1,17127,0.0000
0x004d65c0,0x004d65c0,,stub_code,0,6,6,17127,0.0000
0x004d7a90,0x004d7a90,,stub_code,2,2,4,17127,0.0000
0x00359170,0x00359170,,,1,0,1,17127,0.0000
0x0033d8f0,0x0033d8f0,,,2,0,2,17127,0.0000
0x001c8f60,0x001c8f60,,stub_code,0,2,2,17127,0.0000
0x0012ecc0,0x0012ecc0,,stub_code,4,1,5,17127,0.0000
0x00471468,0x00471468,,stub_code,1,3,4,17127,0.0000
0x00219b30,0x00219b30,,,1,0,1,17127,0.0000
0x002a84d0,0x002a84d0,,stub_code,1,3,4,17127,0.0000
0x0030d210,0x0030d210,,stub_code,0,7,7,17127,0.0000
0x0021cf20,0x0021cf20,,stub_code,3,0,3,17127,0.0000
0x00409a60,0x00409a60,,,1,0,1,17127,0.0000
0x004b4bd0,0x004b4bd0,,stub_code,0,1,1,17127,0.0000
0x002a4510,0x002a4510,,,2,0,2,17127,0.0000
0x005d9310,0x005d9310,,stub_code,0,1,1,17127,0.0000
0x001115c0,0x001115c0,,stub_code,1,1,2,17127,3.0000
0x00352290,0x00352290,,stub_code,0,14,14,17127,0.0000
0x001129f0,0x001129f0,,,1,0,1,17127,0.0000
0x00580e30,0x00580e30,,,3,0,3,17127,0.0000
0x003b6920,0x003b6920,,stub_code,2,5,7,17127,61.0000
0x001b91f0,0x001b91f0,,stub_code,1,3,4,17127,0.0000
0x0023f6c0,0x0023f6c0,,stub_code,0,1,1,17127,0.0000
0x004829b8,0x004829b8,,stub_code,1,1,2,17127,0.0000
0x00303020,0x00303020,,stub_code,0,9,9,17127,0.0000
0x001c59b0,0x001c59b0,,stub_code,0,3,3,17127,0.0000
0x00464fe0,0x00464fe0,,,1,0,1,17127,0.0000
0x004b1828,0x004b1828,,stub_code,0,1,1,17127,0.0000
0x0034c230,0x0034c230,,stub_code,1,2,3,17127,0.0000
0x00372480,0x00372480,,stub_code,1,17,18,17127,0.0000
0x0048bcc8,FUN_0048bcc8,,pseudo_stub,0,0,0,1,0.0000
0x00470980,FUN_00470980,,pseudo_stub,3,0,3,17127,0.0000
0x005a98b0,0x005a98b0,,,1,0,1,2,0.0000
0x005fb140,0x005fb140,,stub_code,0,1,1,17127,0.0000
0x0051eb80,0x0051eb80,,,4,0,4,17127,0.0000
0x003215b0,0x003215b0,,stub_code,1,1,2,17127,0.0000
0x002ea1b0,0x002ea1b0,,stub_code,0,0,0,1,0.0000
0x001f39b0,0x001f39b0,,stub_code,0,0,0,1,0.0000
0x001c9460,0x001c9460,,stub_code,0,2,2,17127,0.0000
0x00258210,0x00258210,,stub_code,1,0,1,17127,0.0000
0x005f3e30,0x005f3e30,,,1,0,1,2,0.0000
0x0035bde0,0x0035bde0,,,1,0,1,17127,0.0000
0x00144a30,0x00144a30,,stub_code,1,12,13,17127,163.7227
0x00329700,0x00329700,,stub_code,0,2,2,17127,0.0000
0x003f2b30,0x003f2b30,,stub_code,2,2,4,17127,4.0000
0x005496f0,0x005496f0,,stub_code,0,3,3,17127,0.0000
0x00330d30,0x00330d30,,,2,0,2,17127,0.0000
0x0031aa00,0x0031aa00,,,2,0,2,17127,0.0000
0x0020ab90,0x0020ab90,,,1,0,1,17127,0.0000
0x00310fa0,0x00310fa0,,stub_code,0,4,4,17127,0.0000
0x004171e0,0x004171e0,,stub_code,1,1,2,17127,1.0000
0x0049dc90,0x0049dc90,,stub_code,0,5,5,17127,0.0000
0x0043aad8,0x0043aad8,,stub_code,2,4,6,17127,14.5000
0x00279070,0x00279070,,stub_code,0,12,12,17127,0.0000
0x002efff0,0x002efff0,,stub_code,1,2,3,17127,0.0000
0x00409770,0x00409770,,,1,0,1,17127,0.0000
0x001d1390,0x001d1390,,stub_code,1,14,15,17127,10.3333
0x004098b0,0x004098b0,,stub_code,1,2,3,17127,22.0000
0x0040eea0,0x0040eea0,,,1,0,1,17127,0.0000
0x0043d780,0x0043d780,,stub_code,0,1,1,2,0.0000
0x002f6d30,0x002f6d30,,stub_code,0,2,2,17127,0.0000
0x00189e00,0x00189e00,,,1,0,1,17127,0.0000
0x001184f0,0x001184f0,,,2,0,2,17127,0.0000
0x003ffc10,0x003ffc10,,stub_code,0,2,2,17127,0.0000
0x0033e920,0x0033e920,,,1,0,1,17127,0.0000
0x0054e460,0x0054e460,,stub_code,0,5,5,17127,0.0000
0x00557f60,0x00557f60,,stub_code,2,7,9,17127,0.0000
0x0043c1f0,0x0043c1f0,,stub_code,1,7,8,17127,0.0000
0x00148ca0,0x00148ca0,,stub_code,0,1,1,17127,0.0000
0x001ec950,0x001ec950,,stub_code,2,9,11,17127,0.0000
0x00329000,0x00329000,,stub_code,1,9,10,17127,0.0000
0x004adc80,0x004adc80,,stub_code,1,2,3,17127,0.0000
0x004fc150,FUN_004fc150,,pseudo_stub,1,1,2,17127,0.0000
0x002fdd20,0x002fdd20,,stub_code,1,8,9,17127,0.0000
0x00500510,0x00500510,,stub_code,1,20,21,17127,0.0000
0x00469030,0x00469030,,stub_code,0,1,1,17127,0.0000
0x00215e50,0x00215e50,,stub_code,1,0,1,17127,0.0000
0x001de6b0,0x001de6b0,,stub_code,0,3,3,17127,0.0000
0x004dd160,0x004dd160,,stub_code,0,1,1,17127,0.0000
0x004e8260,0x004e8260,,stub_code,0,1,1,17127,0.0000
0x00499b60,0x00499b60,,,1,0,1,17127,0.0000
0x002f7490,0x002f7490,,,1,0,1,17127,0.0000
0x0046e428,0x0046e428,,stub_code,1,4,5,17127,3.0000
0x00478530,0x00478530,,,1,0,1,17127,0.0000
0x0014b930,0x0014b930,,stub_code,11,4,15,17127,66.5000
0x0023d670,0x0023d670,,stub_code,1,1,2,17127,0.0000
0x00509ea0,0x00509ea0,,stub_code,0,2,2,17127,0.0000
0x00496c60,0x00496c60,,stub_code,0,3,3,17127,0.0000
0x002d9e40,0x002d9e40,,,1,0,1,17127,0.0000
0x00482bf8,0x00482bf8,,stub_code,0,3,3,17127,0.0000
0x004a56e8,0x004a56e8,,,62,0,62,17127,0.0000
0x005af5a0,0x005af5a0,,stub_code,1,1,2,17127,0.0000
0x001426b0,0x001426b0,,stub_code,0,4,4,17127,0.0000
0x006c94a0,0x006c94a0,,stub_code,0,3,3,17127,0.0000
0x002d26b0,0x002d26b0,,,2,0,2,17127,0.0000
0x005a7030,0x005a7030,,stub_code,0,1,1,2,0.0000
0x002c8460,0x002c8460,,stub_code,1,4,5,17127,1.0000
0x004e4960,0x004e4960,,stub_code,0,3,3,17127,0.0000
0x001c9820,0x001c9820,,stub_code,1,1,2,17127,0.0000
0x00275210,0x00275210,,stub_code,6,2,8,17127,0.0000
0x003f0810,FUN_003f0810,,real_logic,1,0,1,17127,0.0000
0x0031fd90,0x0031fd90,,stub_code,0,2,2,17127,0.0000
0x00122db0,0x00122db0,,stub_code,1,33,34,17127,0.0000
0x002ee190,0x002ee190,,stub_code,3,2,5,17127,0.0000
0x0026fe20,0x0026fe20,,stub_code,1,5,6,17127,0.0000
0x00549a20,0x00549a20,,,2,0,2,17127,0.0000
0x002151b0,0x002151b0,,,5,0,5,17127,0.0000
0x00128140,0x00128140,,stub_code,2,3,5,17127,0.0000
0x003e6a00,0x003e6a00,,stub_code,2,6,8,17127,1.1429
0x0027e210,0x0027e210,,stub_code,0,3,3,17127,0.0000
0x002a48d0,0x002a48d0,,stub_code,1,1,2,17127,0.0000
0x00407940,0x00407940,,stub_code,0,2,2,17127,0.0000
0x000743c8,0x000743c8,,,1,0,1,2,0.0000
0x005e9320,0x005e9320,,stub_code,0,1,1,2,0.0000
0x0046fae0,0x0046fae0,,stub_code,0,0,0,1,0.0000
0x001aa0f0,0x001aa0f0,,stub_code,0,6,6,17127,0.0000
0x00584310,0x00584310,,stub_code,0,1,1,2,0.0000
0x0013e310,0x0013e310,,stub_code,0,1,1,17127,0.0000
0x005861f0,0x005861f0,,stub_code,2,3,5,17127,0.0000
0x001c8c00,0x001c8c00,,stub_code,0,0,0,1,0.0000
0x003678b0,0x003678b0,,,3,0,3,17127,0.0000
0x005315f0,0x005315f0,,stub_code,0,3,3,17127,0.0000
0x001b5580,0x001b5580,,stub_code,1,4,5,17127,0.0000
0x0057d180,0x0057d180,,stub_code,0,10,10,17127,0.0000
0x002eed20,0x002eed20,,stub_code,1,2,3,17127,0.0000
0x00515500,0x00515500,,stub_code,0,1,1,17127,0.0000
0x002e42d0,0x002e42d0,,stub_code,2,1,3,17127,0.0000
0x0043cac0,0x0043cac0,,,1,0,1,17127,0.0000
0x004b7f68,0x004b7f68,,stub_code,1,1,2,17127,0.0000
0x002f92c0,0x002f92c0,,stub_code,1,7,8,17127,0.0000
0x00118e80,0x00118e80,,stub_code,4,8,12,17127,0.0000
0x004b0c68,0x004b0c68,,stub_code,1,2,3,17127,0.0000
0x002ae840,0x002ae840,,stub_code,1,1,2,17127,0.0000
0x0039d4e0,0x0039d4e0,,,1,0,1,17127,0.0000
0x004b2218,0x004b2218,,stub_code,0,2,2,17127,0.0000
0x0023c920,0x0023c920,,stub_code,9,2,11,17127,8.0000
0x004be7e0,0x004be7e0,,stub_code,0,1,1,17127,0.0000
0x002d8570,0x002d8570,,,1,0,1,17127,0.0000
0x0028ea00,0x0028ea00,,stub_code,0,1,1,17127,0.0000
0x001804d0,0x001804d0,,stub_code,0,1,1,17127,0.0000
0x00547bc0,0x00547bc0,,stub_code,0,1,1,2,0.0000
0x00129420,0x00129420,,stub_code,0,4,4,17127,0.0000
0x00145080,0x00145080,,stub_code,0,3,3,17127,0.0000
0x0049b0f0,0x0049b0f0,,stub_thunk,0,0,0,1,0.0000
0x001b7330,0x001b7330,,stub_code,1,3,4,17127,0.0000
0x0037c220,0x0037c220,,stub_code,5,11,16,17127,0.0000
0x004d7e30,0x004d7e30,,stub_code,0,4,4,17127,0.0000
0x0058c7d0,0x0058c7d0,,stub_code,1,2,3,17127,0.0000
0x005182a0,0x005182a0,,stub_code,13,6,19,17127,0.0000
0x00223dc0,0x00223dc0,,,3,0,3,17127,0.0000
0x0049c250,FUN_0049c250,,pseudo_stub,0,0,0,1,0.0000
0x0059d6c0,0x0059d6c0,,stub_code,0,5,5,17127,0.0000
0x004645f0,0x004645f0,,,1,0,1,17127,0.0000
0x0027c870,0x0027c870,,stub_code,0,5,5,17127,0.0000
0x00329550,0x00329550,,stub_code,0,5,5,17127,0.0000
0x0049b2e8,0x0049b2e8,,stub_code,3,2,5,17127,0.0000
0x00551eb0,0x00551eb0,,,1,0,1,17127,0.0000
0x003f99b8,0x003f99b8,,stub_code,1,0,1,17127,0.0000
0x005b6780,0x005b6780,,stub_code,0,3,3,17127,0.0000
0x003c8280,0x003c8280,,stub_code,1,3,4,17127,4.0000
0x00199c90,0x00199c90,,stub_code,1,11,12,17127,0.0000
0x0025e3a0,0x0025e3a0,,stub_code,0,2,2,17127,0.0000
0x0017e080,0x0017e080,,stub_code,1,4,5,17127,0.0000
0x00504880,0x00504880,,stub_code,0,3,3,17127,0.0000
0x002617f0,0x002617f0,,,2,0,2,17127,0.0000
0x004c7340,0x004c7340,,stub_code,0,1,1,17127,0.0000
0x0023a010,0x0023a010,,stub_code,0,0,0,1,0.0000
0x0011ce10,0x0011ce10,,stub_code,1,2,3,17127,0.0000
0x0045b778,FUN_0045b778,,pseudo_stub,0,0,0,1,0.0000
0x002f18d0,0x002f18d0,,stub_code,2,2,4,17127,0.0000
0x004f2cf0,0x004f2cf0,,stub_code,2,5,7,17127,0.0000
0x004970d0,0x004970d0,,stub_code,0,1,1,2,0.0000
0x00538bf0,0x00538bf0,,stub_code,1,12,13,17127,0.0000
0x004bfe20,0x004bfe20,,,3,0,3,17127,0.0000
0x001c9f80,0x001c9f80,,stub_code,0,2,2,17127,0.0000
0x0032fb70,0x0032fb70,,stub_code,0,2,2,17127,0.0000
0x003ddf10,0x003ddf10,,stub_code,1,7,8,17127,5.0000
0x0035e2e0,0x0035e2e0,,stub_code,1,3,4,17127,0.0000
0x00150410,0x00150410,,stub_code,0,9,9,17127,0.0000
0x00431f70,0x00431f70,,stub_code,1,6,7,17127,7.3333
0x00599f60,0x00599f60,,,1,0,1,2,0.0000
0x003fc950,0x003fc950,,stub_code,1,5,6,17127,198.5000
0x0033c1b0,0x0033c1b0,,stub_code,112,1,113,17127,6.0000
0x001245c0,0x001245c0,,stub_code,1,1,2,17127,0.0000
0x00548000,0x00548000,,stub_code,0,11,11,17127,0.0000
0x00279ab0,0x00279ab0,,stub_code,16,2,18,17127,0.0000
0x002530b0,0x002530b0,,stub_code,0,1,1,17127,0.0000
0x002c9420,0x002c9420,,stub_code,1,1,2,17127,0.0000
0x00560ab0,0x00560ab0,,,1,0,1,17127,0.0000
0x0039d4f0,0x0039d4f0,,stub_code,1,1,2,17127,0.0000
0x00473510,0x00473510,,stub_code,2,2,4,17127,0.0000
0x001d52e0,0x001d52e0,,stub_code,1,18,19,17127,0.0000
0x00380560,FUN_00380560,core/containers,real_c,1,0,1,17127,0.0000
0x0056b210,0x0056b210,,stub_code,1,2,3,17127,0.0000
0x0024c420,0x0024c420,,stub_code,0,1,1,17127,0.0000
0x004790f8,0x004790f8,,stub_code,0,5,5,17127,0.0000
0x003b15e0,0x003b15e0,,,2,0,2,17127,0.0000
0x004b3918,0x004b3918,,stub_code,0,10,10,17127,0.0000
0x0014bd60,0x0014bd60,,,4,0,4,17127,0.0000
0x002b1990,0x002b1990,,,1,0,1,17127,0.0000
0x004b8a28,0x004b8a28,,stub_code,0,0,0,1,0.0000
0x00448390,0x00448390,,stub_code,1,2,3,17127,2.3333
0x0043b0b0,0x0043b0b0,,,11,0,11,17127,0.0000
0x003304d0,0x003304d0,,stub_code,4,2,6,17127,0.0000
0x005f1ae0,0x005f1ae0,,stub_code,0,5,5,17127,0.0000
0x00258c70,0x00258c70,,stub_code,0,1,1,17127,0.0000
0x0026ffb0,0x0026ffb0,,stub_code,0,2,2,17127,0.0000
0x002f1c50,0x002f1c50,,stub_code,2,2,4,17127,0.0000
0x00594010,0x00594010,,stub_code,0,4,4,17127,0.0000
0x0013eed0,0x0013eed0,,,2,0,2,17127,0.0000
0x004fc360,0x004fc360,,stub_code,0,1,1,2,0.0000
0x002aebc0,0x002aebc0,,stub_code,1,2,3,17127,0.0000
0x001ef3b0,0x001ef3b0,,stub_code,0,0,0,1,0.0000
0x00415d20,0x00415d20,,stub_code,4,4,8,17127,1.0000
0x00252a30,0x00252a30,,stub_code,0,0,0,1,0.0000
0x00478e18,0x00478e18,,stub_code,0,1,1,17127,0.0000
0x005cfef0,0x005cfef0,,stub_code,7,1,8,17127,0.0000
0x004a91c8,0x004a91c8,,,1,0,1,17127,0.0000
0x00425860,0x00425860,,stub_code,0,2,2,17127,0.0000
0x00301600,0x00301600,,stub_code,0,2,2,17127,0.0000
0x005b5400,0x005b5400,,stub_code,2,2,4,17127,0.0000
0x002879a0,0x002879a0,,stub_code,0,5,5,17127,0.0000
0x001d1dd0,0x001d1dd0,,stub_code,0,2,2,17127,0.0000
0x0028f150,0x0028f150,,,1,0,1,17127,0.0000
0x00542af0,0x00542af0,,stub_code,0,1,1,17127,0.0000
0x0059ac10,0x0059ac10,,stub_code,0,1,1,2,0.0000
0x00384f20,0x00384f20,,stub_code,1,8,9,17127,0.0000
0x002bce30,0x002bce30,,stub_code,2,1,3,17127,0.0000
0x001535f0,0x001535f0,,,3,0,3,17127,0.0000
0x00459220,0x00459220,,stub_code,1,3,4,17127,0.0000
0x00462840,0x00462840,,stub_code,2,2,4,17127,0.0000
0x00322600,0x00322600,,stub_code,0,3,3,17127,0.0000
0x0050fb00,0x0050fb00,,stub_code,2,4,6,17127,0.0000
0x001b0ee0,0x001b0ee0,,,2,0,2,17127,0.0000
0x0036c230,0x0036c230,,stub_code,1,2,3,17127,0.0000
0x0028f620,0x0028f620,,stub_code,1,2,3,17127,0.0000
0x0017ab10,0x0017ab10,,stub_code,1,2,3,17127,0.0000
0x004f92e0,0x004f92e0,,stub_code,0,6,6,17127,0.0000
0x001269f0,0x001269f0,,,1,0,1,17127,0.0000
0x004a76f0,0x004a76f0,,,1,0,1,17127,0.0000
0x002d9840,0x002d9840,,stub_code,0,1,1,17127,0.0000
0x003331a0,0x003331a0,,stub_code,1,2,3,17127,0.0000
0x00258620,0x00258620,,stub_code,0,0,0,1,0.0000
0x00280290,0x00280290,,stub_code,0,3,3,17127,0.0000
0x003a78e0,0x003a78e0,,stub_code,0,8,8,17127,0.0000
0x004ad560,0x004ad560,,stub_code,1,1,2,17127,4.0000
0x00564820,0x00564820,,,1,0,1,17127,0.0000
0x001182d0,0x001182d0,,stub_code,1,17,18,17127,210.6667
0x001e1dc0,0x001e1dc0,,stub_code,1,1,2,17127,0.0000
0x00305c80,0x00305c80,,stub_code,1,5,6,17127,0.0000
0x00352210,0x00352210,,,1,0,1,17127,0.0000
0x004e48d0,0x004e48d0,,stub_code,0,1,1,17127,0.0000
0x005e2e10,0x005e2e10,,stub_code,0,4,4,17127,0.0000
0x0036c8c0,0x0036c8c0,,stub_code,1,1,2,17127,0.0000
0x004d3f40,0x004d3f40,,,2,0,2,17127,0.0000
0x0049a4d8,0x0049a4d8,,stub_code,1,1,2,17127,54.6667
0x00256cd0,0x00256cd0,,stub_code,0,0,0,1,0.0000
0x002afc70,0x002afc70,,,1,0,1,17127,0.0000
0x0023ca50,0x0023ca50,,,2,0,2,17127,0.0000
0x004238e0,0x004238e0,,stub_code,6,5,11,17127,1.3333
0x0042bb70,FUN_0042bb70,,real_logic,6,3,9,17127,0.0000
0x001efa90,0x001efa90,,stub_code,0,0,0,1,0.0000
0x0059ef70,0x0059ef70,,stub_code,0,1,1,17127,0.0000
0x001aaf70,0x001aaf70,,,1,0,1,2,0.0000
0x004bd2a0,0x004bd2a0,,stub_code,0,1,1,17127,0.0000
0x002485e0,0x002485e0,,stub_code,0,1,1,17127,0.0000
0x005e9550,0x005e9550,,stub_code,1,2,3,17127,0.0000
0x0055dc30,0x0055dc30,,stub_code,0,2,2,17127,0.0000
0x003fad58,0x003fad58,,,6,0,6,17127,0.0000
0x004a7280,0x004a7280,,stub_code,0,4,4,17127,0.0000
0x001e4560,0x001e4560,,stub_code,4,1,5,17127,0.0000
0x005490a0,0x005490a0,,stub_code,1,2,3,17127,0.0000
0x001cb920,0x001cb920,,stub_code,4,1,5,17127,4.0000
0x004e27b0,0x004e27b0,,,2,0,2,17127,0.0000
0x0051a1f0,0x0051a1f0,,stub_code,7,1,8,17127,0.0000
0x00272c60,0x00272c60,,stub_code,0,1,1,17127,0.0000
0x00272570,0x00272570,,,3,0,3,17127,0.0000
0x00315a90,0x00315a90,,,1,0,1,17127,0.0000
0x0047b9e8,0x0047b9e8,,stub_code,3,5,8,17127,0.0000
0x002c9b70,0x002c9b70,,stub_code,0,7,7,17127,0.0000
0x004c7520,0x004c7520,,stub_code,2,2,4,17127,0.0000
0x00468740,0x00468740,,,1,0,1,17127,0.0000
0x002ac430,0x002ac430,,stub_code,0,3,3,17127,0.0000
0x003af1f0,0x003af1f0,,stub_code,2,2,4,17127,0.0000
0x002e7160,0x002e7160,,,3,0,3,17127,0.0000
0x0053d960,0x0053d960,,stub_code,0,3,3,17127,0.0000
0x0055a800,0x0055a800,,,13,0,13,17127,0.0000
0x001a66e0,0x001a66e0,,,1,0,1,17127,0.0000
0x00198bf0,0x00198bf0,,stub_code,1,2,3,17127,0.0000
0x0042f750,FUN_0042f750,,real_logic,1,1,2,17127,4.0000
0x005f8eb0,0x005f8eb0,,,6,0,6,17127,0.0000
0x0035d640,0x0035d640,,,3,0,3,17127,0.0000
0x006c8180,0x006c8180,,stub_code,0,2,2,17127,0.0000
0x0023e410,0x0023e410,,stub_code,0,0,0,1,0.0000
0x00366c10,0x00366c10,,stub_code,2,5,7,17127,0.0000
0x00545f80,0x00545f80,,stub_code,0,1,1,17127,0.0000
0x00264e80,0x00264e80,,stub_code,3,2,5,17127,0.0000
0x00323c90,0x00323c90,,,1,0,1,17127,0.0000
0x0017bb50,0x0017bb50,,stub_code,1,2,3,17127,0.0000
0x00542a90,0x00542a90,,stub_code,0,1,1,17127,0.0000
0x00337690,FUN_00337690,,real_logic,4,11,15,17127,0.0000
0x00112e60,0x00112e60,,stub_code,0,1,1,17127,0.0000
0x00117ce0,0x00117ce0,,stub_code,1,14,15,17127,0.0000
0x004fc1a0,FUN_004fc1a0,,pseudo_stub,1,1,2,17127,0.0000
0x0043f6e0,0x0043f6e0,,stub_code,0,1,1,17127,0.0000
0x0033f590,0x0033f590,,,1,0,1,17127,0.0000
0x002d8880,0x002d8880,,,3,0,3,17127,0.0000
0x005a9540,0x005a9540,,stub_code,0,3,3,17127,0.0000
0x0042a818,FUN_0042a818,game/script,real_c,4,4,8,17127,34.5000
0x0046dc60,0x0046dc60,,stub_code,0,3,3,17127,0.0000
0x002831b0,0x002831b0,,,1,0,1,17127,0.0000
0x003885d0,0x003885d0,,stub_code,3,2,5,17127,0.0000
0x00542eb0,0x00542eb0,,stub_code,0,1,1,17127,0.0000
0x0056e070,0x0056e070,,stub_code,1,1,2,17127,0.0000
0x0043cd90,0x0043cd90,,,1,0,1,17127,0.0000
0x0043dd20,0x0043dd20,,,1,0,1,17127,0.0000
0x00268850,0x00268850,,stub_code,1,10,11,17127,0.0000
0x002cbbc0,0x002cbbc0,,stub_code,2,10,12,17127,0.0000
0x002535d0,0x002535d0,,stub_code,0,0,0,1,0.0000
0x001169f0,0x001169f0,,,15,0,15,17127,0.0000
0x004ed3b0,0x004ed3b0,,,2,0,2,17127,0.0000
0x004c9810,0x004c9810,,stub_code,0,2,2,17127,0.0000
0x0051e430,0x0051e430,,stub_code,2,2,4,17127,60.0000
0x002aeff0,0x002aeff0,,stub_code,1,2,3,17127,0.0000
0x004cb7f0,0x004cb7f0,,stub_code,0,0,0,1,0.0000
0x0012eb10,0x0012eb10,,stub_code,4,1,5,17127,0.0000
0x001411b0,0x001411b0,,stub_code,1,19,20,17127,0.0000
0x004f1850,0x004f1850,,stub_code,0,9,9,17127,0.0000
0x0026f2d0,0x0026f2d0,,stub_code,0,0,0,1,0.0000
0x004ec130,0x004ec130,,,1,0,1,2,0.0000
0x00592550,0x00592550,,stub_code,0,6,6,17127,0.0000
0x001c88a0,0x001c88a0,,stub_code,0,4,4,17127,0.0000
0x0050fd00,0x0050fd00,,,1,0,1,17127,0.0000
0x00289720,0x00289720,,stub_code,0,1,1,17127,0.0000
0x005f7e90,0x005f7e90,,,1,0,1,17127,0.0000
0x00515ae0,0x00515ae0,,stub_code,0,1,1,17127,0.0000
0x005d5370,0x005d5370,,stub_code,0,1,1,17127,0.0000
0x001197b0,0x001197b0,,stub_code,1,2,3,17127,0.0000
0x004eb220,0x004eb220,,stub_code,0,7,7,17127,0.0000
0x005ced50,0x005ced50,,stub_code,1,16,17,17127,0.0000
0x0036e250,0x0036e250,,,4,0,4,17127,0.0000
0x004644a0,0x004644a0,,stub_code,0,1,1,17127,0.0000
0x00498990,0x00498990,,stub_code,1,1,2,17127,0.0000
0x00499750,0x00499750,,,1,0,1,17127,0.0000
0x0022dcf0,0x0022dcf0,,stub_code,3,3,6,17127,0.0000
0x0043c850,0x0043c850,,,1,0,1,17127,0.0000
0x001de560,0x001de560,,stub_code,1,1,2,17127,0.0000
0x00115880,0x00115880,,,1,0,1,17127,0.0000
0x002b3cf0,0x002b3cf0,,,1,0,1,17127,0.0000
0x001c96d0,0x001c96d0,,stub_code,0,2,2,17127,0.0000
0x004ad728,0x004ad728,,stub_code,1,2,3,17127,0.0000
0x0051ae30,0x0051ae30,,stub_code,2,9,11,17127,0.0000
0x004594e0,0x004594e0,,,1,0,1,17127,0.0000
0x0011a400,0x0011a400,,stub_code,1,7,8,17127,0.0000
0x002b9860,0x002b9860,,stub_code,1,1,2,17127,0.0000
0x00494e00,0x00494e00,,,2,0,2,17127,0.0000
0x002a6120,0x002a6120,,stub_code,1,3,4,17127,0.0000
0x00372a80,0x00372a80,,stub_code,1,1,2,17127,0.0000
0x00314590,0x00314590,,,1,0,1,17127,0.0000
0x005ba7f0,0x005ba7f0,,stub_code,0,2,2,17127,0.0000
0x0043a4c8,0x0043a4c8,,,1,0,1,17127,0.0000
0x0020cff0,0x0020cff0,,stub_code,0,2,2,17127,0.0000
0x0023aee0,0x0023aee0,,stub_code,1,0,1,17127,0.0000
0x00133b40,0x00133b40,,stub_code,1,1,2,17127,0.0000
0x001bb2f0,0x001bb2f0,,stub_code,1,1,2,17127,0.0000
0x004bc880,0x004bc880,,stub_code,31,2,33,17127,3.4361
0x0047e5a0,0x0047e5a0,,stub_code,1,1,2,6,0.0000
0x003bb320,0x003bb320,,stub_code,1,1,2,17127,0.0000
0x004d0920,0x004d0920,,,3,0,3,17127,0.0000
0x004a4460,0x004a4460,,stub_code,2,1,3,17127,0.0000
0x001a89c0,0x001a89c0,,stub_code,0,0,0,1,0.0000
0x005c0ba0,0x005c0ba0,,,3,0,3,17127,0.0000
0x004f2290,0x004f2290,,stub_code,2,3,5,17127,3.7500
0x00317560,0x00317560,,stub_code,0,1,1,17127,0.0000
0x004e0d90,0x004e0d90,,stub_code,0,1,1,17127,0.0000
0x004c3730,0x004c3730,,stub_code,1,2,3,17127,0.0000
0x00124780,0x00124780,,stub_code,0,1,1,17127,0.0000
0x00284680,0x00284680,,,1,0,1,17127,0.0000
0x0024bac0,0x0024bac0,,stub_code,0,1,1,17127,0.0000
0x00281ce0,0x00281ce0,,stub_code,0,3,3,17127,0.0000
0x00178e20,0x00178e20,,stub_code,0,1,1,17127,0.0000
0x00281430,0x00281430,,,1,0,1,17127,0.0000
0x004d4ed0,0x004d4ed0,,stub_code,0,2,2,17127,0.0000
0x0016c2b0,0x0016c2b0,,stub_code,0,2,2,17127,0.0000
0x0049efc0,0x0049efc0,,stub_code,0,1,1,2,0.0000
0x0046dda8,0x0046dda8,,stub_code,0,0,0,1,0.0000
0x001a1e80,0x001a1e80,,stub_code,1,1,2,17127,0.0000
0x0031be90,0x0031be90,,,1,0,1,17127,0.0000
0x0013f460,0x0013f460,,stub_code,1,2,3,17127,0.0000
0x00202f90,0x00202f90,,stub_code,1,1,2,17127,0.0000
0x004f0d10,0x004f0d10,,stub_code,0,0,0,1,0.0000
0x004245e0,0x004245e0,,stub_code,0,2,2,17127,0.0000
0x0012db60,0x0012db60,,,1,0,1,17127,0.0000
0x0023b110,0x0023b110,,stub_code,10,0,10,17127,0.0000
0x0032ca90,0x0032ca90,,stub_code,0,2,2,17127,0.0000
0x001eacb0,0x001eacb0,,stub_code,0,1,1,17127,0.0000
0x005fbfd0,0x005fbfd0,,stub_code,1,9,10,17127,0.0000
0x00262130,0x00262130,,,1,0,1,17127,0.0000
0x0030bf90,0x0030bf90,,,2,0,2,17127,0.0000
0x0051c5d0,0x0051c5d0,,stub_code,0,1,1,17127,0.0000
0x005a50c0,0x005a50c0,,stub_code,0,1,1,2,0.0000
0x0029ca20,0x0029ca20,,,1,0,1,17127,0.0000
0x004a0598,0x004a0598,,stub_code,0,9,9,17127,0.0000
0x004e75c0,0x004e75c0,,,2,0,2,17127,0.0000
0x004e1f00,0x004e1f00,,stub_code,2,2,4,17127,0.0000
0x003ba270,0x003ba270,,,1,0,1,17127,0.0000
0x0018a4c0,0x0018a4c0,,stub_code,0,0,0,1,0.0000
0x00479c60,0x00479c60,,stub_code,0,2,2,17127,0.0000
0x002601a0,0x002601a0,,stub_code,0,0,0,1,0.0000
0x0028b100,0x0028b100,,stub_code,1,3,4,17127,0.0000
0x004b7330,0x004b7330,,stub_code,1,3,4,17127,0.0000
0x0037b650,0x0037b650,,stub_code,1,3,4,17127,0.0000
0x004ef450,0x004ef450,,stub_code,1,2,3,17127,0.0000
0x00237c40,0x00237c40,,stub_code,4,1,5,17127,0.0000
0x003967e0,0x003967e0,,,6,0,6,17127,0.0000
0x004e5920,0x004e5920,,,3,0,3,17127,0.0000
0x0011bf30,0x0011bf30,,stub_code,1,3,4,17127,0.0000
0x00506420,0x00506420,,,5,0,5,17127,0.0000
0x0035ed80,0x0035ed80,,stub_code,0,3,3,17127,0.0000
0x006ca640,0x006ca640,,stub_code,0,2,2,17127,0.0000
0x00223d70,0x00223d70,,,4,0,4,17127,0.0000
0x002c3f40,0x002c3f40,,stub_code,1,3,4,17127,0.0000
0x005ab430,0x005ab430,,stub_code,1,2,3,17127,0.0000
0x0056e930,0x0056e930,,stub_code,0,1,1,2,0.0000
0x001d16d0,0x001d16d0,,stub_code,0,1,1,17127,0.0000
0x0049dec0,0x0049dec0,,stub_code,0,5,5,17127,0.0000
0x00138e50,0x00138e50,,stub_code,1,1,2,17127,0.0000
0x003f9ec8,0x003f9ec8,,stub_code,0,0,0,1,0.0000
0x002af560,0x002af560,,stub_code,2,1,3,17127,0.0000
0x0050f560,0x0050f560,,,1,0,1,17127,0.0000
0x00459940,0x00459940,,stub_code,1,1,2,17127,0.0000
0x00514100,0x00514100,,stub_code,1,2,3,17127,0.0000
0x0039d880,0x0039d880,,stub_code,0,2,2,17127,0.0000
0x003065b0,0x003065b0,,stub_code,1,6,7,17127,0.0000
0x002df200,0x002df200,,stub_code,2,3,5,17127,0.0000
0x004c4250,0x004c4250,,,2,0,2,17127,0.0000
0x0058b1b0,0x0058b1b0,,,4,0,4,17127,0.0000
0x00570aa0,0x00570aa0,,stub_code,0,1,1,2,0.0000
0x00179b30,0x00179b30,,stub_code,0,2,2,17127,0.0000
0x00583f60,0x00583f60,,,1,0,1,2,0.0000
0x00104940,0x00104940,,stub_code,3,1,4,17127,0.0000
0x001294c0,0x001294c0,,,1,0,1,17127,0.0000
0x0030c7e0,0x0030c7e0,,stub_code,1,3,4,17127,0.0000
0x003f5b50,FUN_003f5b50,,real_logic,2,0,2,17127,0.0000
0x004740b0,0x004740b0,,stub_code,1,2,3,17127,0.0000
0x00119d90,0x00119d90,,stub_code,1,45,46,17127,0.0000
0x0028d4d0,0x0028d4d0,,stub_code,0,1,1,17127,0.0000
0x0059a400,0x0059a400,,stub_code,0,4,4,17127,0.0000
0x00264470,0x00264470,,stub_code,3,2,5,17127,0.0000
0x002630d0,0x002630d0,,stub_code,2,1,3,17127,0.0000
0x004a48f8,0x004a48f8,,stub_code,1,1,2,17127,0.0000
0x004736a8,0x004736a8,,,11,0,11,17127,0.0000
0x005cb710,0x005cb710,,,1,0,1,17127,0.0000
0x00251b90,0x00251b90,,stub_code,0,0,0,1,0.0000
0x005ca020,0x005ca020,,stub_code,3,4,7,17127,0.0000
0x002947e0,0x002947e0,,,1,0,1,17127,0.0000
0x005f5ff0,0x005f5ff0,,stub_code,3,2,5,17127,0.0000
0x00182c80,0x00182c80,,,2,0,2,17127,0.0000
0x004f4640,0x004f4640,,,1,0,1,17127,0.0000
0x003062e0,0x003062e0,,stub_code,1,7,8,17127,0.0000
0x004f7cc0,0x004f7cc0,,stub_code,0,4,4,17127,0.0000
0x002d1db0,0x002d1db0,,,1,0,1,17127,0.0000
0x00406470,0x00406470,,stub_code,0,2,2,17127,0.0000
0x005f65a0,0x005f65a0,,stub_code,0,5,5,17127,0.0000
0x00145630,0x00145630,,stub_code,1,1,2,17127,0.0000
0x00144fe0,0x00144fe0,,stub_code,0,3,3,17127,0.0000
0x003d6f40,0x003d6f40,,stub_code,1,1,2,17127,2.0000
0x00463360,0x00463360,,stub_code,2,1,3,17127,1.0000
0x0045cb38,0x0045cb38,,stub_code,1,4,5,17127,0.0000
0x00334f70,0x00334f70,,,1,0,1,17127,0.0000
0x004a7fe8,0x004a7fe8,,,1,0,1,17127,0.0000
0x005dbe40,0x005dbe40,,,1,0,1,17127,0.0000
0x00111ab0,0x00111ab0,,,26,0,26,17127,0.0000
0x004ad5f0,0x004ad5f0,,stub_code,1,1,2,17127,0.0000
0x0034dfe0,0x0034dfe0,,stub_code,0,15,15,17127,0.0000
0x00127f00,0x00127f00,,stub_code,1,6,7,17127,0.0000
0x00503830,0x00503830,,stub_code,2,1,3,17127,0.0000
0x0033f700,0x0033f700,,,1,0,1,17127,0.0000
0x005f4440,0x005f4440,,,3,0,3,17127,0.0000
0x00499e60,0x00499e60,,stub_code,2,1,3,17127,0.0000
0x005a6a70,0x005a6a70,,stub_code,0,5,5,17127,0.0000
0x004c6240,0x004c6240,,,4,0,4,17127,0.0000
0x001216f0,0x001216f0,,,2,0,2,17127,0.0000
0x001170f0,0x001170f0,,stub_code,1,8,9,17127,0.0000
0x00583630,0x00583630,,stub_code,0,1,1,2,0.0000
0x003c57c0,0x003c57c0,,stub_code,2,3,5,17127,0.0000
0x00258a30,0x00258a30,,stub_code,0,1,1,17127,0.0000
0x00246ad0,0x00246ad0,,,2,0,2,17127,0.0000
0x0041a800,0x0041a800,,stub_code,1,4,5,17127,5.0000
0x0020b0b0,0x0020b0b0,,stub_code,1,2,3,17127,0.0000
0x0017f7a0,0x0017f7a0,,stub_code,1,2,3,17127,0.0000
0x00198f80,0x00198f80,,stub_code,1,3,4,17127,0.0000
0x00583100,0x00583100,,stub_code,0,3,3,17127,0.0000
0x0049b0a8,0x0049b0a8,,stub_thunk,0,0,0,1,0.0000
0x005d03f0,0x005d03f0,,stub_code,1,0,1,17127,0.0000
0x001e60f0,0x001e60f0,,stub_code,1,1,2,17127,0.0000
0x0033fe90,0x0033fe90,,stub_code,1,3,4,17127,4.0000
0x0035ef40,0x0035ef40,,stub_code,1,1,2,17127,0.0000
0x0054fb30,0x0054fb30,,stub_code,1,2,3,17127,0.0000
0x001607f0,0x001607f0,,,7,0,7,17127,0.0000
0x0053bc60,0x0053bc60,,stub_code,5,1,6,17127,0.0000
0x0013c190,0x0013c190,,stub_code,1,5,6,17127,0.0000
0x0043c930,0x0043c930,,,3,0,3,17127,0.0000
0x002b5fa0,0x002b5fa0,,stub_code,0,2,2,17127,0.0000
0x001de850,0x001de850,,stub_code,0,0,0,1,0.0000
0x004ce520,0x004ce520,,stub_code,0,3,3,17127,0.0000
0x00584510,0x00584510,,stub_code,0,1,1,17127,0.0000
0x0050de40,0x0050de40,,stub_code,0,3,3,17127,0.0000
0x004b7c38,0x004b7c38,,stub_code,0,0,0,1,0.0000
0x004b52e0,0x004b52e0,,stub_code,0,2,2,17127,0.0000
0x004f3e60,0x004f3e60,,stub_code,1,2,3,17127,0.0000
0x005738c0,0x005738c0,,stub_code,1,2,3,17127,0.0000
0x00490618,0x00490618,,,1,0,1,17127,0.0000
0x00511630,0x00511630,,stub_code,1,9,10,17127,0.0000
0x004ed3c0,0x004ed3c0,,stub_code,1,5,6,17127,0.0000
0x0018f520,0x0018f520,,,2,0,2,17127,0.0000
0x005d09d0,0x005d09d0,,stub_code,1,5,6,17127,0.0000
0x0049ffb8,0x0049ffb8,,stub_code,0,1,1,17127,0.0000
0x0052cf70,0x0052cf70,,stub_code,0,2,2,17127,0.0000
0x00508290,0x00508290,,stub_code,2,6,8,17127,0.0000
0x001606e0,0x001606e0,,,11,0,11,17127,0.0000
0x0017daf0,0x0017daf0,,stub_code,1,2,3,17127,0.0000
0x004eb9e0,0x004eb9e0,,,1,0,1,2,0.0000
0x0027b070,0x0027b070,,stub_code,0,1,1,17127,0.0000
0x002a4fb0,0x002a4fb0,,,1,0,1,17127,0.0000
0x0058ec10,0x0058ec10,,stub_code,0,1,1,17127,0.0000
0x004acc98,0x004acc98,,stub_code,0,2,2,17127,0.0000
0x0025bdb0,0x0025bdb0,,stub_code,0,2,2,17127,0.0000
0x00229360,0x00229360,,stub_code,1,21,22,17127,0.0000
0x00270b20,0x00270b20,,stub_code,1,20,21,17127,0.0000
0x005099c0,0x005099c0,,stub_code,0,2,2,17127,0.0000
0x002a42f0,0x002a42f0,,,2,0,2,17127,0.0000
0x00330c50,0x00330c50,,stub_code,0,4,4,17127,0.0000
0x0021b0c0,0x0021b0c0,,stub_code,4,2,6,17127,5.7000
0x003b21e0,0x003b21e0,,stub_code,1,2,3,17127,0.0000
0x0056ed10,0x0056ed10,,stub_code,0,3,3,17127,0.0000
0x005daab0,0x005daab0,,stub_code,1,1,2,17127,0.0000
0x0018fd90,0x0018fd90,,,1,0,1,17127,0.0000
0x001194f0,0x001194f0,,stub_code,1,0,1,17127,0.0000
0x003aba60,0x003aba60,,,1,0,1,2,0.0000
0x00272830,0x00272830,,stub_code,0,4,4,17127,0.0000
0x001f43f0,0x001f43f0,,stub_code,0,11,11,17127,0.0000
0x0049bcd0,0x0049bcd0,,stub_code,0,4,4,17127,0.0000
0x002af950,0x002af950,,,1,0,1,17127,0.0000
0x00353540,0x00353540,,,7,0,7,17127,0.0000
0x003374e0,0x003374e0,,stub_code,2,3,5,17127,0.0000
0x002dc4c0,0x002dc4c0,,stub_code,1,9,10,17127,0.0000
0x0036b440,0x0036b440,,,1,0,1,17127,0.0000
0x00407780,0x00407780,,stub_code,0,7,7,17127,0.0000
0x0043d628,0x0043d628,,stub_code,3,3,6,17127,3.8000
0x00475708,0x00475708,,stub_thunk,0,0,0,1,0.0000
0x00540a50,0x00540a50,,stub_code,1,3,4,17127,3.0000
0x004dfde0,0x004dfde0,,stub_code,0,1,1,17127,0.0000
0x001972a0,0x001972a0,,stub_code,5,0,5,17127,0.0000
0x002c7ee0,0x002c7ee0,,,1,0,1,17127,0.0000
0x004c84d0,0x004c84d0,,stub_code,0,3,3,17127,0.0000
0x00303790,0x00303790,,stub_code,0,5,5,17127,0.0000
0x004e18e0,0x004e18e0,,stub_code,0,4,4,17127,0.0000
0x001545c0,0x001545c0,,stub_code,1,12,13,17127,0.0000
0x0035ab90,0x0035ab90,,stub_code,1,1,2,17127,0.0000
0x004b8bd0,0x004b8bd0,,stub_code,0,1,1,17127,0.0000
0x003f2ce0,0x003f2ce0,,,1,0,1,17127,0.0000
0x00318e70,0x00318e70,,stub_code,0,3,3,17127,0.0000
0x0057fbd0,0x0057fbd0,,,2,0,2,6,0.0000
0x004c21b0,0x004c21b0,,stub_code,0,4,4,17127,0.0000
0x00133100,0x00133100,,stub_code,1,6,7,17127,0.0000
0x0021e2e0,0x0021e2e0,,,1,0,1,17127,0.0000
0x003332b0,0x003332b0,,,1,0,1,17127,0.0000
0x003c50b0,0x003c50b0,,stub_code,2,6,8,17127,0.0000
0x0014a7c0,0x0014a7c0,,stub_code,2,1,3,17127,0.0000
0x0028e030,0x0028e030,,stub_code,0,5,5,17127,0.0000
0x0049bca0,0x0049bca0,,stub_code,0,1,1,17127,0.0000
0x002f0a40,0x002f0a40,,stub_code,1,2,3,17127,0.0000
0x00534b60,FUN_00534b60,core/mem,real_c,0,0,0,1,0.0000
0x004dc8a0,0x004dc8a0,,stub_code,0,5,5,17127,0.0000
0x00592b10,0x00592b10,,stub_code,0,3,3,17127,0.0000
0x0014ab00,0x0014ab00,,stub_code,2,1,3,17127,0.0000
0x0035aa40,0x0035aa40,,stub_code,16,3,19,17127,0.0000
0x004d9450,0x004d9450,,stub_code,0,5,5,17127,0.0000
0x0039ac90,0x0039ac90,,stub_code,0,1,1,17127,0.0000
0x0037dcc0,0x0037dcc0,,,2,0,2,17127,0.0000
0x004707e8,0x004707e8,,,2,0,2,17127,0.0000
0x001daae0,0x001daae0,,stub_code,0,4,4,17127,0.0000
0x003b18f0,0x003b18f0,,stub_code,0,3,3,17127,0.0000
0x0049b3d8,0x0049b3d8,,stub_code,0,1,1,17127,0.0000
0x004fe2f0,0x004fe2f0,,stub_code,1,5,6,17127,0.0000
0x00318d20,0x00318d20,,,1,0,1,17127,0.0000
0x001d1950,0x001d1950,,stub_code,2,1,3,17127,0.0000
0x00475460,FUN_00475460,,pseudo_stub,0,1,1,17127,0.0000
0x004d8230,0x004d8230,,stub_code,1,4,5,17127,0.0000
0x005d4040,0x005d4040,,stub_code,1,1,2,17127,0.0000
0x004d8640,0x004d8640,,stub_code,0,4,4,17127,0.0000
0x001e0610,0x001e0610,,stub_code,0,3,3,17127,0.0000
0x00186db0,0x00186db0,,stub_code,1,3,4,17127,5.2500
0x006c9bd0,0x006c9bd0,,stub_code,0,3,3,17127,0.0000
0x002457e0,0x002457e0,,stub_code,1,0,1,17127,0.0000
0x0030d570,0x0030d570,,,2,0,2,17127,0.0000
0x00316d60,0x00316d60,,stub_code,0,1,1,17127,0.0000
0x005bf210,0x005bf210,,,1,0,1,17127,0.0000
0x00584840,0x00584840,,stub_code,0,4,4,17127,0.0000
0x004a2c90,0x004a2c90,,stub_code,1,0,1,17127,0.0000
0x00114b10,0x00114b10,,stub_code,2,1,3,17127,0.0000
0x004819a0,0x004819a0,,stub_code,0,1,1,17127,0.0000
0x0050d990,0x0050d990,,stub_code,0,3,3,17127,0.0000
0x0053d3a0,0x0053d3a0,,stub_code,0,1,1,17127,0.0000
0x00293990,0x00293990,,stub_code,0,7,7,17127,0.0000
0x001851e0,0x001851e0,,,3,0,3,17127,0.0000
0x00249ad0,0x00249ad0,,stub_code,0,1,1,17127,0.0000
0x002f0680,0x002f0680,,stub_code,0,6,6,17127,0.0000
0x0028ccb0,0x0028ccb0,,stub_code,1,2,3,17127,0.0000
0x00359180,0x00359180,,,1,0,1,17127,0.0000
0x002fe670,0x002fe670,,,2,0,2,17127,0.0000
0x004abd18,0x004abd18,,,2,0,2,17127,0.0000
0x004714c0,0x004714c0,,,1,0,1,17127,0.0000
0x006c9440,0x006c9440,,stub_code,0,3,3,17127,0.0000
0x002999a0,0x002999a0,,stub_code,1,3,4,17127,0.0000
0x0036ca70,0x0036ca70,,stub_code,1,3,4,17127,4.0000
0x0012b090,0x0012b090,,stub_code,2,3,5,17127,0.0000
0x004a1d50,0x004a1d50,,stub_code,1,2,3,17127,0.0000
0x001c8130,0x001c8130,,stub_code,0,2,2,17127,0.0000
0x00280780,0x00280780,,stub_code,0,1,1,17127,0.0000
0x00262a30,0x00262a30,,stub_code,1,8,9,17127,0.0000
0x004f2b10,0x004f2b10,,stub_code,4,3,7,17127,3.5000
0x0028d850,0x0028d850,,stub_code,1,2,3,17127,0.0000
0x001d26e0,0x001d26e0,,stub_code,0,0,0,1,0.0000
0x004bca30,0x004bca30,,stub_code,0,4,4,17127,0.0000
0x002849f0,0x002849f0,,,2,0,2,17127,0.0000
0x0010e780,FUN_0010e780,core/bitstream,real_c,22,0,22,17127,0.0000
0x0041a5b0,0x0041a5b0,,,3,0,3,17127,0.0000
0x004e7d20,0x004e7d20,,,3,0,3,17127,0.0000
0x0057b450,0x0057b450,,stub_code,0,13,13,17127,0.0000
0x001d3620,0x001d3620,,stub_code,0,0,0,1,0.0000
0x004d5fd0,0x004d5fd0,,stub_code,0,6,6,17127,0.0000
0x0049b218,0x0049b218,,stub_code,2,2,4,17127,0.0000
0x0034e3e0,0x0034e3e0,,stub_code,0,9,9,17127,0.0000
0x003902a0,0x003902a0,,stub_code,1,13,14,17127,0.0000
0x005e4fd0,0x005e4fd0,,stub_code,0,3,3,17127,0.0000
0x001fa3b0,0x001fa3b0,,stub_code,0,11,11,17127,0.0000
0x004c23d0,0x004c23d0,,stub_code,0,11,11,17127,0.0000
0x0054e810,0x0054e810,,stub_code,1,3,4,17127,0.0000
0x002c8590,0x002c8590,,stub_code,1,2,3,17127,0.0000
0x00338ff0,0x00338ff0,,stub_code,1,0,1,17127,0.0000
0x002f7360,0x002f7360,,stub_code,1,2,3,17127,0.0000
0x002536e0,0x002536e0,,stub_code,0,1,1,17127,0.0000
0x004b59f8,0x004b59f8,,stub_code,1,2,3,17127,0.0000
0x003be7d0,0x003be7d0,,stub_code,1,1,2,17127,0.0000
0x004795e8,0x004795e8,,stub_code,0,3,3,17127,0.0000
0x00504a20,0x00504a20,,stub_code,0,0,0,1,0.0000
0x004e5a60,0x004e5a60,,stub_code,0,4,4,17127,0.0000
0x00463c18,0x00463c18,,,1,0,1,17127,0.0000
0x004b48f8,0x004b48f8,,stub_code,0,2,2,17127,0.0000
0x003f00a0,FUN_003f00a0,,real_logic,1,0,1,17127,0.0000
0x00408390,0x00408390,,stub_code,1,1,2,17127,0.0000
0x00125870,0x00125870,,stub_code,0,0,0,1,0.0000
0x001c45c0,0x001c45c0,,,1,0,1,17127,0.0000
0x004cae30,0x004cae30,,stub_code,1,2,3,17127,0.0000
0x00517360,0x00517360,,stub_code,0,1,1,17127,0.0000
0x004c0040,0x004c0040,,stub_code,0,3,3,17127,0.0000
0x0046b660,0x0046b660,,stub_code,1,1,2,17127,0.0000
0x003c59c0,0x003c59c0,,stub_code,1,3,4,17127,8.0000
0x005362d0,0x005362d0,,stub_code,0,2,2,17127,0.0000
0x004bed80,0x004bed80,,stub_code,1,2,3,17127,0.0000
0x001c9880,0x001c9880,,stub_code,1,1,2,17127,0.0000
0x0059c9e0,0x0059c9e0,,stub_code,0,2,2,17127,0.0000
0x0051dd10,0x0051dd10,,stub_code,0,1,1,17127,0.0000
0x0028c790,0x0028c790,,stub_code,0,1,1,17127,0.0000
0x0051c780,0x0051c780,,stub_code,6,1,7,17127,0.0000
0x0039e1d0,0x0039e1d0,,,3,0,3,17127,0.0000
0x002feba0,0x002feba0,,stub_code,0,1,1,17127,0.0000
0x00347ba0,0x00347ba0,,stub_code,1,2,3,17127,0.0000
0x003ba710,0x003ba710,,stub_code,1,3,4,17127,0.0000
0x004eae20,0x004eae20,,stub_code,0,8,8,17127,0.0000
0x001ecee0,0x001ecee0,,stub_code,0,8,8,17127,0.0000
0x005a2eb0,0x005a2eb0,,stub_code,0,6,6,17127,0.0000
0x0024c290,0x0024c290,,stub_code,0,0,0,1,0.0000
0x001afba0,0x001afba0,,stub_code,1,1,2,17127,0.0000
0x002203d0,0x002203d0,,stub_code,3,10,13,17127,0.0000
0x00169100,0x00169100,,stub_code,1,1,2,17127,0.0000
0x00582520,0x00582520,,stub_code,1,2,3,17127,0.0000
0x002e47d0,0x002e47d0,,stub_code,1,1,2,17127,0.0000
0x002156c0,0x002156c0,,,3,0,3,17127,0.0000
0x00458f70,0x00458f70,,stub_code,2,4,6,17127,2.8651
0x001bdc60,0x001bdc60,,stub_code,0,5,5,17127,0.0000
0x00519570,0x00519570,,,2,0,2,17127,0.0000
0x00584700,0x00584700,,,2,0,2,17127,0.0000
0x005e9ad0,0x005e9ad0,,stub_code,0,1,1,2,0.0000
0x005105f0,0x005105f0,,stub_code,0,2,2,17127,0.0000
0x0025d220,0x0025d220,,stub_code,0,1,1,17127,0.0000
0x0033d4e0,0x0033d4e0,,stub_code,1,4,5,17127,5.4857
0x004d2a00,0x004d2a00,,stub_code,0,1,1,17127,0.0000
0x0053fea0,0x0053fea0,,stub_code,0,0,0,1,0.0000
0x004e5a10,0x004e5a10,,stub_code,0,1,1,17127,0.0000
0x003555c0,0x003555c0,,stub_code,0,4,4,17127,0.0000
0x0015ba10,0x0015ba10,,,12,0,12,17127,0.0000
0x001c6870,0x001c6870,,stub_code,1,1,2,17127,0.0000
0x002aecc0,0x002aecc0,,stub_code,1,2,3,17127,0.0000
0x002cf1e0,0x002cf1e0,,stub_code,0,1,1,17127,0.0000
0x0047e8b0,0x0047e8b0,,stub_code,1,1,2,17127,0.0000
0x0049bff0,0x0049bff0,,stub_code,0,0,0,1,0.0000
0x001456d0,0x001456d0,,stub_code,1,2,3,17127,0.0000
0x0019efb0,0x0019efb0,,stub_code,1,2,3,17127,0.0000
0x0015ba30,FUN_0015ba30,math/vec,real_c,1,0,1,17127,0.0000
0x0013df10,0x0013df10,,stub_code,0,1,1,17127,0.0000
0x001a53a0,0x001a53a0,,stub_code,0,1,1,17127,0.0000
0x005d8610,0x005d8610,,,9,0,9,17127,0.0000
0x002b5cb0,0x002b5cb0,,stub_code,1,3,4,17127,0.0000
0x00124e60,0x00124e60,,stub_code,0,1,1,17127,0.0000
0x0028b320,0x0028b320,,stub_code,1,1,2,17127,0.0000
0x002ce900,0x002ce900,,,1,0,1,17127,0.0000
0x00380ff0,0x00380ff0,,,1,0,1,17127,0.0000
0x00110260,0x00110260,,stub_code,1,2,3,17127,0.0000
0x004c4460,0x004c4460,,stub_code,0,3,3,17127,0.0000
0x001bdbc0,0x001bdbc0,,stub_code,0,3,3,17127,0.0000
0x002ccad0,0x002ccad0,,stub_code,0,3,3,17127,0.0000
0x00503ca0,0x00503ca0,,stub_code,0,3,3,17127,0.0000
0x002fb760,0x002fb760,,,15,0,15,17127,0.0000
0x00133590,0x00133590,,stub_code,0,0,0,1,0.0000
0x0048bfa0,0x0048bfa0,,stub_code,0,1,1,17127,0.0000
0x00355aa0,0x00355aa0,,,1,0,1,17127,0.0000
0x0010d210,0x0010d210,,stub_code,1,4,5,17127,0.0000
0x00261810,0x00261810,,,1,0,1,17127,0.0000
0x00557900,0x00557900,,stub_code,3,1,4,17127,0.0000
0x0024bbf0,0x0024bbf0,,stub_code,0,0,0,1,0.0000
0x00515200,0x00515200,,stub_code,0,1,1,17127,0.0000
0x001247e0,0x001247e0,,,1,0,1,17127,0.0000
0x0059c7b0,0x0059c7b0,,stub_code,0,7,7,17127,0.0000
0x001c9730,0x001c9730,,stub_code,0,4,4,17127,0.0000
0x004cd000,0x004cd000,,stub_code,0,1,1,17127,0.0000
0x0046c0a0,0x0046c0a0,,stub_code,0,2,2,17127,0.0000
0x002edda0,0x002edda0,,,1,0,1,17127,0.0000
0x0050a1e0,0x0050a1e0,,stub_code,1,2,3,17127,0.0000
0x0041c5d0,0x0041c5d0,,,2,0,2,17127,0.0000
0x00347740,0x00347740,,stub_code,33,2,35,17127,3.0000
0x0011b240,0x0011b240,,,5,0,5,17127,0.0000
0x00510a20,0x00510a20,,stub_code,260,1,261,17127,21.0000
0x002f11a0,0x002f11a0,,stub_code,0,4,4,17127,0.0000
0x003c1610,0x003c1610,,stub_code,3,8,11,17127,7.8333
0x0010cf20,0x0010cf20,,stub_code,0,0,0,1,0.0000
0x0042baa8,0x0042baa8,,,8,0,8,17127,0.0000
0x00513ce0,0x00513ce0,,stub_code,0,3,3,17127,0.0000
0x00484900,0x00484900,,stub_thunk,1,0,1,17127,0.0000
0x005b56d0,0x005b56d0,,stub_code,0,3,3,17127,0.0000
0x002d54b0,0x002d54b0,,stub_code,0,2,2,17127,0.0000
0x005ae8d0,0x005ae8d0,,stub_code,1,1,2,17127,0.0000
0x0055c160,0x0055c160,,stub_code,1,1,2,17127,1.0000
0x0045d020,0x0045d020,,stub_code,0,2,2,17127,0.0000
0x0028c6d0,0x0028c6d0,,,1,0,1,17127,0.0000
0x00256f70,0x00256f70,,stub_code,0,1,1,15,0.0000
0x005f6870,0x005f6870,,stub_code,0,4,4,17127,0.0000
0x0048d500,0x0048d500,,stub_code,1,1,2,17127,0.0000
0x00112e00,0x00112e00,,stub_code,0,1,1,17127,0.0000
0x00440768,0x00440768,,stub_code,1,1,2,17127,0.0000
0x005bcb20,0x005bcb20,,stub_code,0,11,11,17127,0.0000
0x0036e1f0,0x0036e1f0,,stub_code,1,2,3,17127,0.0000
0x0047da10,0x0047da10,,stub_code,1,3,4,17127,0.0000
0x005f3680,0x005f3680,,,1,0,1,2,0.0000
0x002e6e90,0x002e6e90,,stub_code,1,11,12,17127,0.0000
0x004c4340,0x004c4340,,stub_code,0,1,1,17127,0.0000
0x0051d960,0x0051d960,,stub_code,1,5,6,17127,2.8333
0x001b83e0,0x001b83e0,,stub_code,1,2,3,17127,0.0000
0x001495e0,0x001495e0,,stub_code,1,1,2,17127,0.0000
0x003373f0,0x003373f0,,stub_code,2,1,3,17127,1.0000
0x00275f90,0x00275f90,,,1,0,1,17127,0.0000
0x00274af0,0x00274af0,,stub_code,1,2,3,17127,0.0000
0x0016cbf0,0x0016cbf0,,stub_code,1,1,2,17127,0.0000
0x00445e08,0x00445e08,,,1,0,1,17127,0.0000
0x001125f0,0x001125f0,,stub_code,0,2,2,17127,0.0000
0x001ea3f0,0x001ea3f0,,stub_code,2,2,4,17127,0.0000
0x0028cbe0,0x0028cbe0,,stub_code,0,5,5,17127,0.0000
0x002fe7d0,0x002fe7d0,,stub_code,0,8,8,17127,0.0000
0x0037aa70,0x0037aa70,,,2,0,2,17127,0.0000
0x00565920,0x00565920,,stub_code,3,4,7,17127,0.0000
0x004480f0,0x004480f0,,stub_code,1,1,2,17127,0.8000
0x0042a5e8,FUN_0042a5e8,,real_logic,3,0,3,17127,0.0000
0x003d9580,0x003d9580,,stub_code,2,9,11,17127,37.7500
0x004407b8,0x004407b8,,stub_code,23,2,25,17127,1.0000
0x00177450,0x00177450,,stub_code,0,4,4,17127,0.0000
0x002fa230,0x002fa230,,stub_code,1,2,3,17127,0.0000
0x00317a50,0x00317a50,,stub_code,0,1,1,17127,0.0000
0x003a02f0,0x003a02f0,,stub_code,0,2,2,17127,0.0000
0x003d2da0,0x003d2da0,,stub_code,1,7,8,17127,0.5714
0x0010b5f0,0x0010b5f0,,stub_code,1,7,8,17127,0.0000
0x005e2f30,0x005e2f30,,stub_code,1,5,6,17127,0.0000
0x0050edc0,0x0050edc0,,,1,0,1,17127,0.0000
0x005a63b0,0x005a63b0,,stub_code,0,4,4,17127,0.0000
0x002e4850,0x002e4850,,stub_code,1,1,2,17127,0.0000
0x00459ba0,0x00459ba0,,stub_code,1,4,5,17127,0.0000
0x00285130,0x00285130,,,1,0,1,17127,0.0000
0x003c8cb0,0x003c8cb0,,stub_code,1,3,4,17127,0.0000
0x003c3ff0,0x003c3ff0,,stub_code,2,3,5,17127,9.5000
0x00422d10,0x00422d10,,stub_code,0,1,1,17127,0.0000
0x005f75f0,0x005f75f0,,stub_code,0,1,1,17127,0.0000
0x00510310,0x00510310,,,9,0,9,17127,0.0000
0x00498e48,0x00498e48,,stub_code,4,1,5,17127,1.0000
0x001fb8c0,0x001fb8c0,,stub_code,0,7,7,17127,0.0000
0x004830d8,0x004830d8,,,16,0,16,17127,0.0000
0x00296840,0x00296840,,stub_code,1,1,2,17127,0.0000
0x002b10f0,0x002b10f0,,stub_code,1,1,2,17127,0.0000
0x0013f190,0x0013f190,,stub_code,1,2,3,17127,0.0000
0x004d1fe0,0x004d1fe0,,,3,0,3,17127,0.0000
0x003f5be0,0x003f5be0,,stub_code,4,0,4,17127,0.0000
0x002156b0,0x002156b0,,,13,0,13,17127,0.0000
0x00288240,0x00288240,,stub_code,0,5,5,17127,0.0000
0x00443c48,0x00443c48,,stub_code,0,1,1,17127,0.0000
0x0026d4a0,0x0026d4a0,,stub_code,53,1,54,17127,1.0000
0x0059b890,0x0059b890,,stub_code,0,5,5,17127,0.0000
0x00479228,0x00479228,,stub_code,0,3,3,17127,0.0000
0x002b0370,0x002b0370,,,1,0,1,17127,0.0000
0x0047f9f8,FUN_0047f9f8,,pseudo_stub,2,1,3,17127,0.0000
0x00355ab0,0x00355ab0,,stub_code,1,1,2,17127,0.0000
0x00330a90,0x00330a90,,stub_code,0,3,3,17127,0.0000
0x0053ada0,0x0053ada0,,stub_code,0,2,2,17127,0.0000
0x0040e8b0,0x0040e8b0,,stub_code,1,1,2,17127,0.0000
0x0013dd60,0x0013dd60,,stub_code,1,1,2,17127,0.0000
0x00167780,0x00167780,,stub_code,0,1,1,17127,0.0000
0x003ad9c0,0x003ad9c0,,stub_code,40,1,41,17127,3.0000
0x0030f7f0,0x0030f7f0,,stub_code,0,4,4,17127,0.0000
0x00309540,0x00309540,,,1,0,1,17127,0.0000
0x0039a110,0x0039a110,,stub_code,0,4,4,17127,0.0000
0x0042fb10,FUN_0042fb10,,real_logic,1,2,3,17127,12.0000
0x0031c600,0x0031c600,,stub_code,0,2,2,17127,0.0000
0x00583c40,0x00583c40,,stub_code,0,3,3,17127,0.0000
0x005db8e0,0x005db8e0,,stub_code,18,1,19,17127,0.0000
0x0043cb50,0x0043cb50,,,1,0,1,2,0.0000
0x003697c0,0x003697c0,,stub_code,1,5,6,17127,0.0000
0x002878b0,0x002878b0,,stub_code,0,4,4,17127,0.0000
0x0024d220,0x0024d220,,stub_code,0,0,0,1,0.0000
0x002799b0,0x002799b0,,,1,0,1,17127,0.0000
0x002ae320,0x002ae320,,stub_code,0,3,3,17127,0.0000
0x00215790,0x00215790,,stub_code,18,0,18,17127,0.0000
0x00354c70,0x00354c70,,stub_code,1,2,3,17127,0.0000
0x00111600,0x00111600,,stub_code,1,1,2,17127,0.0000
0x0046f150,0x0046f150,,stub_code,2,3,5,17127,0.0000
0x00494c60,0x00494c60,,stub_code,2,1,3,17127,0.0000
0x004fce30,0x004fce30,,stub_code,24,1,25,17127,1.0000
0x004afbf0,0x004afbf0,,stub_code,0,1,1,17127,0.0000
0x004f77d0,0x004f77d0,,stub_code,1,2,3,17127,0.0000
0x003d7370,0x003d7370,,stub_code,1,3,4,17127,12.0000
0x0053abc0,0x0053abc0,,stub_code,0,1,1,17127,0.0000
0x00546260,0x00546260,,stub_code,1,2,3,17127,0.0000
0x00271e30,0x00271e30,,stub_code,8,2,10,17127,0.0000
0x0026fd50,0x0026fd50,,stub_code,0,2,2,17127,0.0000
0x00348790,0x00348790,,stub_code,0,2,2,17127,0.0000
0x00155c30,0x00155c30,,stub_code,1,0,1,17127,0.0000
0x00580440,0x00580440,,stub_code,0,2,2,17127,0.0000
0x0033a390,0x0033a390,,stub_code,1,3,4,17127,0.0000
0x002ac9d0,0x002ac9d0,,stub_code,0,3,3,17127,0.0000
0x00342210,0x00342210,,stub_code,0,1,1,2,0.0000
0x0023d7b0,0x0023d7b0,,stub_code,2,1,3,17127,0.0000
0x0034c7f0,0x0034c7f0,,stub_code,0,11,11,17127,0.0000
0x0054d250,0x0054d250,,,1,0,1,17127,0.0000
0x0012e1a0,0x0012e1a0,,stub_code,1,1,2,17127,0.0000
0x002ce360,0x002ce360,,stub_code,1,1,2,17127,0.0000
0x002fb610,0x002fb610,,,2,0,2,17127,0.0000
0x005560b0,0x005560b0,,stub_code,10,0,10,17127,0.0000
0x00200290,0x00200290,,stub_code,7,8,15,17127,0.0000
0x0056db10,0x0056db10,,stub_code,0,1,1,2,0.0000
0x0047de28,0x0047de28,,stub_code,1,2,3,17127,0.0000
0x0043d7e0,0x0043d7e0,,stub_code,0,11,11,17127,0.0000
0x001a5ab0,0x001a5ab0,,stub_code,1,0,1,2,0.0000
0x00519490,0x00519490,,stub_code,1,3,4,17127,0.0000
0x0018db70,0x0018db70,,,3,0,3,17127,0.0000
0x0027d3b0,0x0027d3b0,,stub_code,0,6,6,17127,0.0000
0x0023c750,0x0023c750,,,2,0,2,17127,0.0000
0x001a55e0,0x001a55e0,,stub_code,1,0,1,17127,0.0000
0x002b7160,0x002b7160,,stub_code,0,7,7,17127,0.0000
0x005a20a0,0x005a20a0,,stub_code,0,9,9,17127,0.0000
0x00340650,0x00340650,,stub_code,5,2,7,17127,2.0000
0x0024e810,0x0024e810,,stub_code,0,1,1,17127,0.0000
0x002ae140,0x002ae140,,stub_code,0,3,3,17127,0.0000
0x004db4f0,0x004db4f0,,stub_code,1,2,3,17127,0.0000
0x0055d900,0x0055d900,,stub_code,1,2,3,17127,0.0000
0x00348e20,0x00348e20,,,1,0,1,17127,0.0000
0x004aeea0,0x004aeea0,,stub_code,2,2,4,17127,32.6667
0x004a07f8,0x004a07f8,,stub_code,1,1,2,17127,0.0000
0x00520990,0x00520990,,stub_code,6,0,6,17127,0.0000
0x004821c0,0x004821c0,,stub_code,7,3,10,17127,0.0000
0x0049eec0,0x0049eec0,,stub_code,1,1,2,17127,2.7000
0x00124e10,0x00124e10,,stub_code,0,0,0,1,0.0000
0x001c7570,0x001c7570,,stub_code,0,0,0,1,0.0000
0x00211aa0,0x00211aa0,,stub_code,0,0,0,1,0.0000
0x003b2820,0x003b2820,,stub_code,1,2,3,17127,0.0000
0x00590a90,0x00590a90,,,1,0,1,2,0.0000
0x00440b58,0x00440b58,,stub_code,2,1,3,17127,0.0000
0x0014f2d0,0x0014f2d0,,stub_code,1,1,2,17127,0.0000
0x001dfe60,0x001dfe60,,stub_code,0,0,0,1,0.0000
0x003c0520,0x003c0520,,stub_code,1,5,6,17127,6.0000
0x0035a750,0x0035a750,,,1,0,1,17127,0.0000
0x003a0eb0,0x003a0eb0,,stub_code,0,1,1,17127,0.0000
0x005dbc60,0x005dbc60,,,3,0,3,17127,0.0000
0x0030ebc0,0x0030ebc0,,stub_code,1,2,3,17127,0.0000
0x0044a8f0,0x0044a8f0,,,1,0,1,17127,0.0000
0x004003b0,0x004003b0,,stub_code,0,0,0,1,0.0000
0x001bee70,0x001bee70,,stub_code,3,3,6,17127,0.0000
0x00445cd0,0x00445cd0,,,3,0,3,17127,0.0000
0x0029d6e0,0x0029d6e0,,,1,0,1,17127,0.0000
0x0032ffb0,0x0032ffb0,,stub_code,0,1,1,17127,0.0000
0x0053d370,0x0053d370,,stub_code,0,1,1,17127,0.0000
0x002953c0,0x002953c0,,stub_code,0,1,1,17127,0.0000
0x003e8190,0x003e8190,,stub_code,8,2,10,17127,1.9048
0x002793f0,0x002793f0,,,7,0,7,17127,0.0000
0x00483518,0x00483518,,stub_code,0,1,1,17127,0.0000
0x002c7d20,0x002c7d20,,,1,0,1,17127,0.0000
0x001b6fa0,0x001b6fa0,,,12,0,12,17127,0.0000
0x0046f930,0x0046f930,,,4,0,4,17127,0.0000
0x00484970,0x00484970,,stub_code,2,1,3,17127,0.0000
0x004e9500,0x004e9500,,stub_code,3,1,4,17127,0.0000
0x003b8580,0x003b8580,,,4,0,4,17127,0.0000
0x001a0f30,0x001a0f30,,stub_code,1,1,2,17127,0.0000
0x003115e0,0x003115e0,,stub_code,0,1,1,17127,0.0000
0x004cbfa0,0x004cbfa0,,stub_code,0,1,1,17127,0.0000
0x00237cb0,0x00237cb0,,stub_code,2,1,3,17127,2.0556
0x0053e600,0x0053e600,,,1,0,1,2,0.0000
0x004b11c8,0x004b11c8,,stub_code,1,2,3,17127,0.0000
0x00470968,0x00470968,,stub_thunk,3,0,3,17127,0.0000
0x0056f7c0,0x0056f7c0,,,2,0,2,17127,0.0000
0x00494e68,0x00494e68,,stub_code,2,11,13,17127,0.0000
0x002d86d0,0x002d86d0,,stub_code,1,4,5,17127,0.0000
0x004e5720,0x004e5720,,,2,0,2,17127,0.0000
0x003c41c0,0x003c41c0,,stub_code,1,4,5,17127,0.0000
0x005f4ea0,0x005f4ea0,,stub_code,3,2,5,17127,0.0000
0x005e8390,0x005e8390,,,1,0,1,17127,0.0000
0x002e9a00,0x002e9a00,,stub_code,0,3,3,17127,0.0000
0x001ce270,0x001ce270,,stub_code,0,1,1,17127,0.0000
0x005111e0,0x005111e0,,,8,0,8,17127,0.0000
0x0053b230,0x0053b230,,stub_code,0,5,5,17127,0.0000
0x0029beb0,0x0029beb0,,stub_code,1,4,5,17127,0.0000
0x0021ef70,0x0021ef70,,stub_code,1,13,14,17127,0.0000
0x0012a360,0x0012a360,,stub_code,1,10,11,17127,0.0000
0x002acf70,0x002acf70,,stub_code,0,3,3,17127,0.0000
0x0049e538,0x0049e538,,,1,0,1,2,0.0000
0x00342500,0x00342500,,stub_code,1,2,3,17127,0.0000
0x0056ec60,0x0056ec60,,stub_code,1,2,3,17127,0.0000
0x005d3b10,0x005d3b10,,,1,0,1,17127,0.0000
0x005a7a80,0x005a7a80,,stub_code,0,1,1,17127,0.0000
0x0025c860,0x0025c860,,stub_code,0,1,1,17127,0.0000
0x001c5dd0,0x001c5dd0,,stub_code,0,2,2,17127,0.0000
0x004f0a00,0x004f0a00,,stub_code,0,0,0,1,0.0000
0x002beea0,0x002beea0,,stub_code,0,1,1,17127,0.0000
0x002e8e10,0x002e8e10,,,3,0,3,17127,0.0000
0x0059e520,0x0059e520,,stub_code,0,1,1,17127,0.0000
0x0033aa00,0x0033aa00,,stub_code,0,0,0,1,0.0000
0x00174130,0x00174130,,stub_code,1,2,3,17127,0.0000
0x0028aea0,0x0028aea0,,stub_code,0,1,1,17127,0.0000
0x001608c0,0x001608c0,,,4,0,4,17127,0.0000
0x0011c7e0,FUN_0011c7e0,,pseudo_stub,1,0,1,17127,0.0000
0x0032b140,0x0032b140,,stub_code,0,2,2,17127,0.0000
0x001c1230,0x001c1230,,stub_code,1,4,5,17127,0.0000
0x001e8ba0,0x001e8ba0,,stub_code,1,4,5,17127,0.0000
0x005f1a90,0x005f1a90,,stub_code,0,1,1,17127,0.0000
0x0028d100,0x0028d100,,stub_code,0,5,5,17127,0.0000
0x002ce930,0x002ce930,,,1,0,1,17127,0.0000
0x00114ba0,0x00114ba0,,stub_code,2,2,4,17127,0.0000
0x003d1150,0x003d1150,,stub_code,1,24,25,17127,37.8833
0x002fb5a0,0x002fb5a0,,,1,0,1,17127,0.0000
0x002da1e0,0x002da1e0,,stub_code,0,2,2,17127,0.0000
0x00194720,0x00194720,,stub_code,0,8,8,17127,0.0000
0x0043dd88,0x0043dd88,,,1,0,1,17127,0.0000
0x006c9e10,0x006c9e10,,stub_code,0,3,3,17127,0.0000
0x00238b40,0x00238b40,,stub_code,0,0,0,1,0.0000
0x004fab50,0x004fab50,,stub_code,0,0,0,1,0.0000
0x00547a20,0x00547a20,,stub_code,0,1,1,17127,0.0000
0x001e9d60,0x001e9d60,,stub_code,3,1,4,17127,0.0000
0x003344e0,0x003344e0,,stub_code,0,1,1,17127,0.0000
0x00329c90,0x00329c90,,stub_code,1,10,11,17127,0.0000
0x0013c420,0x0013c420,,stub_code,2,15,17,17127,0.0000
0x005b8360,0x005b8360,,stub_code,0,2,2,17127,0.0000
0x00221bd0,0x00221bd0,,stub_code,0,8,8,17127,0.0000
0x0012b940,0x0012b940,,stub_code,0,9,9,17127,0.0000
0x00446ae8,0x00446ae8,,stub_code,0,1,1,17127,0.0000
0x00311780,0x00311780,,,1,0,1,17127,0.0000
0x004c0ae0,0x004c0ae0,,stub_code,6,2,8,17127,0.0000
0x0011e840,0x0011e840,,stub_code,1,3,4,17127,0.0000
0x004c8690,0x004c8690,,stub_code,0,5,5,17127,0.0000
0x0035bda0,0x0035bda0,,stub_code,8,1,9,17127,0.0000
0x00551c60,0x00551c60,,stub_code,1,1,2,17127,0.0000
0x00351ae0,0x00351ae0,,stub_code,3,2,5,17127,0.0000
0x002b77c0,0x002b77c0,,stub_code,0,4,4,17127,0.0000
0x004ac108,0x004ac108,,,1,0,1,17127,0.0000
0x00357dc0,0x00357dc0,,stub_code,1,5,6,17127,0.0000
0x00409410,0x00409410,,,1,0,1,17127,0.0000
0x0053d510,0x0053d510,,,2,0,2,17127,0.0000
0x0023f570,0x0023f570,,stub_code,0,0,0,1,0.0000
0x0013e3c0,0x0013e3c0,,stub_code,1,6,7,17127,0.0000
0x005d2920,0x005d2920,,stub_code,1,4,5,17127,0.0000
0x00462d50,0x00462d50,,,2,0,2,17127,0.0000
0x00564ed0,0x00564ed0,,stub_code,0,2,2,17127,0.0000
0x0017b580,0x0017b580,,,1,0,1,17127,0.0000
0x005fdeb0,0x005fdeb0,,stub_code,10,2,12,17127,2.0000
0x004549d0,0x004549d0,,stub_code,2,5,7,17127,1.0000
0x0022f860,0x0022f860,,stub_code,1,21,22,17127,0.0000
0x0031afb0,0x0031afb0,,stub_code,0,2,2,17127,0.0000
0x00248790,0x00248790,,,1,0,1,17127,0.0000
0x004e8500,0x004e8500,,,1,0,1,2,0.0000
0x00123930,0x00123930,,stub_code,0,0,0,1,0.0000
0x00140120,0x00140120,,stub_code,0,1,1,17127,0.0000
0x004a5270,0x004a5270,,,1,0,1,17127,0.0000
0x0024f000,0x0024f000,,stub_code,0,0,0,1,0.0000
0x004a7dc8,0x004a7dc8,,stub_code,1,1,2,17127,0.0000
0x0043cd30,0x0043cd30,,,1,0,1,17127,0.0000
0x002587f0,0x002587f0,,stub_code,0,1,1,17127,0.0000
0x001261b0,0x001261b0,,stub_code,0,1,1,17127,0.0000
0x0048bc48,FUN_0048bc48,,pseudo_stub,0,0,0,1,0.0000
0x006c7ab0,0x006c7ab0,,stub_code,0,1,1,17127,0.0000
0x001cf600,0x001cf600,,stub_code,1,5,6,17127,0.0000
0x00146b30,0x00146b30,,stub_code,2,2,4,17127,0.0000
0x00140ac0,0x00140ac0,,stub_code,0,8,8,17127,0.0000
0x001e7820,0x001e7820,,stub_code,1,1,2,17127,0.0000
0x0042d170,0x0042d170,,,1,0,1,17127,0.0000
0x004ac968,0x004ac968,,stub_code,1,7,8,17127,0.0000
0x00278b70,0x00278b70,,stub_code,1,1,2,17127,0.0000
0x0040dde0,0x0040dde0,,stub_code,1,1,2,17127,0.0000
0x0014b080,0x0014b080,,stub_code,0,3,3,17127,0.0000
0x00136510,0x00136510,,,7,0,7,17127,0.0000
0x00215e40,0x00215e40,,,3,0,3,17127,0.0000
0x00258d30,0x00258d30,,stub_code,0,1,1,17127,0.0000
0x00393130,0x00393130,,stub_code,0,19,19,17127,0.0000
0x002af170,0x002af170,,stub_code,1,2,3,17127,0.0000
0x005acd10,0x005acd10,,stub_code,1,2,3,17127,0.0000
0x00118de0,0x00118de0,,,2,0,2,17127,0.0000
0x00531a00,0x00531a00,,stub_code,4,0,4,17127,0.0000
0x0030f200,0x0030f200,,stub_code,0,5,5,17127,0.0000
0x00546bd0,0x00546bd0,,stub_code,0,1,1,17127,0.0000
0x001886e0,0x001886e0,,,1,0,1,17127,0.0000
0x0028e5e0,0x0028e5e0,,stub_code,0,6,6,17127,0.0000
0x005e2c90,0x005e2c90,,stub_code,0,2,2,17127,0.0000
0x005513e0,0x005513e0,,stub_code,0,3,3,17127,0.0000
0x0037dcf0,0x0037dcf0,,stub_code,1,7,8,17127,0.0000
0x001c5ea0,0x001c5ea0,,stub_code,0,1,1,9,0.0000
0x00173350,0x00173350,,stub_code,0,1,1,17127,0.0000
0x00445d48,0x00445d48,,stub_code,1,2,3,17127,0.0000
0x00547310,0x00547310,,,2,0,2,17127,0.0000
0x00291240,0x00291240,,stub_code,2,2,4,17127,0.0000
0x00468278,0x00468278,,stub_code,1,5,6,17127,0.0000
0x0035e580,0x0035e580,,stub_code,1,10,11,17127,0.0000
0x00216960,0x00216960,,,15,0,15,17127,0.0000
0x00182670,0x00182670,,,1,0,1,17127,0.0000
0x0051fb50,0x0051fb50,,stub_code,0,3,3,17127,0.0000
0x002e8220,0x002e8220,,,3,0,3,17127,0.0000
0x00368150,0x00368150,,,1,0,1,17127,0.0000
0x002d5ab0,0x002d5ab0,,,1,0,1,17127,0.0000
0x0031ddb0,0x0031ddb0,,stub_code,0,1,1,17127,0.0000
0x001a8840,0x001a8840,,stub_code,0,0,0,1,0.0000
0x0041b780,0x0041b780,,,3,0,3,17127,0.0000
0x00409c30,0x00409c30,,stub_code,2,1,3,17127,0.0000
0x00321db0,0x00321db0,,stub_code,0,1,1,17127,0.0000
0x004813a8,0x004813a8,,stub_code,0,3,3,17127,0.0000
0x00147460,0x00147460,,stub_code,2,12,14,17127,0.0000
0x001a4720,0x001a4720,,stub_code,0,1,1,2,0.0000
0x00543770,0x00543770,,stub_code,0,1,1,17127,0.0000
0x003bb9d0,0x003bb9d0,,stub_code,1,1,2,17127,0.0000
0x004c99f0,0x004c99f0,,stub_code,0,2,2,17127,0.0000
0x004bcf10,0x004bcf10,,stub_code,0,1,1,17127,0.0000
0x004ad3f0,0x004ad3f0,,stub_code,1,2,3,17127,0.0000
0x005e6150,0x005e6150,,stub_code,0,3,3,17127,0.0000
0x0035d770,0x0035d770,,,1,0,1,17127,0.0000
0x001eb8d0,0x001eb8d0,,stub_code,2,8,10,17127,0.0000
0x002cfaf0,0x002cfaf0,,stub_code,0,1,1,17127,0.0000
0x004d13b0,0x004d13b0,,stub_code,0,5,5,17127,0.0000
0x002e2ef0,0x002e2ef0,,stub_code,1,2,3,17127,0.0000
0x00351570,0x00351570,,stub_code,0,9,9,17127,0.0000
0x00230490,0x00230490,,,2,0,2,17127,0.0000
0x004d46a0,0x004d46a0,,stub_code,1,4,5,17127,0.0000
0x00130180,0x00130180,,stub_code,0,1,1,17127,0.0000
0x001b0b50,0x001b0b50,,stub_code,1,6,7,17127,0.0000
0x005ae1e0,0x005ae1e0,,stub_code,1,3,4,17127,0.0000
0x00471698,0x00471698,,stub_code,1,1,2,17127,1.0000
0x00597d50,0x00597d50,,stub_code,0,3,3,17127,0.0000
0x00202000,0x00202000,,stub_code,2,2,4,17127,0.0000
0x002f2a10,0x002f2a10,,,2,0,2,17127,0.0000
0x00402de0,0x00402de0,,stub_code,0,4,4,17127,0.0000
0x005d3d00,0x005d3d00,,stub_code,0,1,1,17127,0.0000
0x0056b740,0x0056b740,,stub_code,9,1,10,17127,0.0000
0x0046f5f8,0x0046f5f8,,stub_code,0,10,10,17127,0.0000
0x0047f368,FUN_0047f368,,pseudo_stub,1,0,1,3,0.0000
0x005949d0,0x005949d0,,stub_code,0,3,3,17127,0.0000
0x005a6a20,0x005a6a20,,stub_code,0,1,1,2,0.0000
0x00565340,0x00565340,,,1,0,1,17127,0.0000
0x0024bcb0,0x0024bcb0,,stub_code,0,2,2,20,0.0000
0x004b8830,0x004b8830,,stub_thunk,0,0,0,1,0.0000
0x0026beb0,0x0026beb0,,stub_code,1,1,2,17127,0.0000
0x0039c9c0,0x0039c9c0,,,1,0,1,17127,0.0000
0x0040bd64,0x0040bd64,,,1,0,1,17127,0.0000
0x004d8ea0,0x004d8ea0,,,4,0,4,17127,0.0000
0x00502c30,0x00502c30,,stub_code,1,2,3,17127,0.0000
0x003c1b50,0x003c1b50,,stub_code,4,3,7,17127,0.0000
0x0059a9d0,0x0059a9d0,,stub_code,1,2,3,17127,0.0000
0x00350510,0x00350510,,stub_code,0,4,4,17127,0.0000
0x002ce240,0x002ce240,,stub_code,0,8,8,17127,0.0000
0x001bf9e0,0x001bf9e0,,,2,0,2,17127,0.0000
0x0011b770,0x0011b770,,stub_code,0,1,1,17127,0.0000
0x00352170,0x00352170,,stub_code,0,2,2,17127,0.0000
0x0047dad8,0x0047dad8,,stub_code,1,2,3,17127,0.0000
0x001cf8b0,0x001cf8b0,,stub_code,1,7,8,17127,56.0000
0x00133340,0x00133340,,stub_code,0,1,1,17127,0.0000
0x0058bd70,0x0058bd70,,stub_code,13,1,14,17127,0.0000
0x0024e1d0,0x0024e1d0,,stub_code,0,1,1,17127,0.0000
0x00477ad8,0x00477ad8,,,1,0,1,17127,0.0000
0x00262460,0x00262460,,stub_code,0,1,1,17127,0.0000
0x00433ef0,FUN_00433ef0,,real_logic,2,7,9,17127,168.4944
0x0030e120,0x0030e120,,stub_code,1,1,2,17127,0.0000
0x004e7be0,0x004e7be0,,stub_code,1,2,3,17127,0.0000
0x002cea90,0x002cea90,,,8,0,8,17127,0.0000
0x00273d70,0x00273d70,,stub_code,1,2,3,17127,1.1250
0x00162ae0,0x00162ae0,,stub_code,1,14,15,17127,0.0000
0x005091a0,0x005091a0,,stub_code,0,2,2,17127,0.0000
0x004c7900,0x004c7900,,,1,0,1,2,0.0000
0x0058ee50,0x0058ee50,,stub_code,0,1,1,17127,0.0000
0x0010f030,0x0010f030,,stub_code,2,5,7,17127,0.0000
0x00511940,0x00511940,,stub_code,1763,5,1768,17127,339.0000
0x00296630,0x00296630,,stub_code,1,2,3,17127,0.0000
0x002e7e80,0x002e7e80,,,2,0,2,17127,0.0000
0x0012d990,0x0012d990,,stub_code,0,2,2,17127,0.0000
0x003483d0,0x003483d0,,stub_code,0,1,1,17127,0.0000
0x004c0640,0x004c0640,,,1,0,1,2,0.0000
0x00552590,0x00552590,,stub_code,3,8,11,17127,0.0000
0x0059ba10,0x0059ba10,,,1,0,1,2,0.0000
0x00465e10,0x00465e10,,stub_code,0,0,0,1,0.0000
0x00185900,0x00185900,,,1,0,1,17127,0.0000
0x0049a7b8,0x0049a7b8,,stub_code,0,1,1,17127,0.0000
0x0023ca10,0x0023ca10,,,1,0,1,17127,0.0000
0x0033e9f0,0x0033e9f0,,,14,0,14,17127,0.0000
0x0047a078,0x0047a078,,,2,0,2,17127,0.0000
0x0051e3c0,0x0051e3c0,,,1,0,1,17127,0.0000
0x002cf010,0x002cf010,,stub_code,0,4,4,17127,0.0000
0x0014b870,FUN_0014b870,,pseudo_stub,0,2,2,17127,0.0000
0x002548e0,0x002548e0,,stub_code,0,0,0,1,0.0000
0x002e96f0,0x002e96f0,,stub_code,0,2,2,17127,0.0000
0x00205a60,0x00205a60,,stub_code,1,1,2,17127,0.0000
0x00493b48,0x00493b48,,stub_code,1,1,2,17127,0.0000
0x002ad9c0,0x002ad9c0,,stub_code,0,3,3,17127,0.0000
0x003fed80,0x003fed80,,stub_code,0,2,2,17127,0.0000
0x0043ca60,0x0043ca60,,,1,0,1,17127,0.0000
0x00119000,0x00119000,,stub_code,1,6,7,17127,0.0000
0x00146310,0x00146310,,stub_code,3,2,5,17127,48.5000
0x00520080,0x00520080,,stub_code,0,1,1,17127,0.0000
0x003a9030,0x003a9030,,,1,0,1,17127,0.0000
0x00280e00,0x00280e00,,stub_code,0,3,3,17127,0.0000
0x004b1d28,0x004b1d28,,,3,0,3,17127,0.0000
0x00584fe0,0x00584fe0,,stub_code,0,1,1,17127,0.0000
0x0051a260,0x0051a260,,stub_code,5,1,6,17127,0.0000
0x00498548,0x00498548,,stub_code,1,27,28,17127,0.0000
0x00504040,0x00504040,,stub_code,118,4,122,17127,108.0000
0x0029e6a0,0x0029e6a0,,stub_code,1,1,2,17127,2.0000
0x0033ff70,0x0033ff70,,stub_code,1,2,3,17127,0.0000
0x0039e4d0,0x0039e4d0,,stub_code,0,2,2,17127,0.0000
0x003ebea0,FUN_003ebea0,,pseudo_stub,5,1,6,17127,0.0000
0x0029dd10,0x0029dd10,,stub_code,1,1,2,17127,1.0000
0x0029b1f0,0x0029b1f0,,stub_code,1,11,12,17127,0.0000
0x00339f90,0x00339f90,,,1,0,1,4,0.0000
0x002c8240,0x002c8240,,stub_code,1,2,3,17127,0.0000
0x005a9190,0x005a9190,,,1,0,1,2,0.0000
0x00431130,0x00431130,,,2,0,2,17127,0.0000
0x002f2b50,0x002f2b50,,,2,0,2,17127,0.0000
0x004b82f0,0x004b82f0,,,1,0,1,17127,0.0000
0x0021c690,0x0021c690,,stub_code,2,4,6,17127,0.0000
0x004ae928,0x004ae928,,stub_code,2,12,14,17127,68.0000
0x0059c5d0,0x0059c5d0,,stub_code,1,2,3,17127,0.0000
0x00258da0,0x00258da0,,stub_code,0,0,0,1,0.0000
0x002adf60,0x002adf60,,stub_code,0,3,3,17127,0.0000
0x00506770,0x00506770,,stub_code,0,4,4,17127,0.0000
0x004bdff0,0x004bdff0,,stub_code,0,5,5,17127,0.0000
0x00138770,0x00138770,,stub_code,0,7,7,17127,0.0000
0x0020abd0,0x0020abd0,,,14,0,14,17127,0.0000
0x005f3220,0x005f3220,,stub_code,0,1,1,17127,0.0000
0x0024a5e0,0x0024a5e0,,stub_code,0,1,1,20,0.0000
0x004c5a70,0x004c5a70,,,3,0,3,17127,0.0000
0x004fcff0,0x004fcff0,,,2,0,2,17127,0.0000
0x002d64a0,0x002d64a0,,stub_code,0,4,4,17127,0.0000
0x00464458,0x00464458,,stub_code,1,1,2,17127,0.0000
0x004e50b0,0x004e50b0,,stub_code,0,1,1,17127,0.0000
0x00260ce0,0x00260ce0,,,1,0,1,4,0.0000
0x001576a0,0x001576a0,,stub_code,1,2,3,17127,0.0000
0x0058a050,0x0058a050,,,2,0,2,17127,0.0000
0x003ffb90,0x003ffb90,,stub_code,0,2,2,17127,0.0000
0x00112d60,0x00112d60,,stub_code,2,2,4,17127,0.0000
0x001604f0,0x001604f0,,stub_code,1,6,7,17127,0.0000
0x002e3b60,0x002e3b60,,,1,0,1,17127,0.0000
0x0024e6d0,0x0024e6d0,,stub_code,0,4,4,17127,0.0000
0x001b90b0,0x001b90b0,,,1,0,1,17127,0.0000
0x005a65b0,0x005a65b0,,stub_code,0,7,7,17127,0.0000
0x00319ef0,0x00319ef0,,stub_code,1,2,3,17127,0.0000
0x001404a0,0x001404a0,,stub_code,1,23,24,17127,0.0000
0x0038e3c0,0x0038e3c0,,,1,0,1,17127,0.0000
0x001625d0,0x001625d0,,,1,0,1,17127,0.0000
0x0018e2d0,0x0018e2d0,,,1,0,1,17127,0.0000
0x00405480,0x00405480,,stub_code,0,1,1,6,0.0000
0x00429880,FUN_00429880,,real_logic,1,1,2,17127,0.0000
0x005b4ef0,0x005b4ef0,,,1,0,1,17127,0.0000
0x0018f980,0x0018f980,,stub_code,1,13,14,17127,0.0000
0x001bebc0,0x001bebc0,,stub_code,1,1,2,17127,0.0000
0x0033bc40,0x0033bc40,,stub_code,0,1,1,17127,0.0000
0x0040e2b0,0x0040e2b0,,,1,0,1,17127,0.0000
0x0049f3e8,0x0049f3e8,,stub_code,1,6,7,17127,13.0000
0x004ff7d0,0x004ff7d0,,stub_code,1,2,3,17127,0.0000
0x001fbf80,0x001fbf80,,stub_code,0,7,7,17127,0.0000
0x00182680,0x00182680,,,1,0,1,17127,0.0000
0x0011d920,0x0011d920,,stub_code,0,0,0,1,0.0000
0x0050fd50,0x0050fd50,,stub_code,65,3,68,17127,5.0000
0x00541310,0x00541310,,stub_code,0,6,6,17127,0.0000
0x005eb280,0x005eb280,,stub_code,0,1,1,2,0.0000
0x00207490,0x00207490,,stub_code,1,2,3,17127,0.0000
0x004a1f40,0x004a1f40,,stub_code,0,0,0,1,0.0000
0x0042f568,0x0042f568,,,7,0,7,17127,0.0000
0x00260e50,0x00260e50,,,1,0,1,17127,0.0000
0x005a5a30,0x005a5a30,,stub_code,0,2,2,17127,0.0000
0x004acd40,0x004acd40,,stub_code,0,1,1,17127,0.0000
0x0029cde0,0x0029cde0,,,1,0,1,17127,0.0000
0x004b3108,0x004b3108,,,1,0,1,17127,0.0000
0x00333950,0x00333950,,,1,0,1,17127,0.0000
0x00131830,0x00131830,,stub_code,0,7,7,17127,0.0000
0x004ca0f0,0x004ca0f0,,stub_code,0,0,0,1,0.0000
0x0059a050,0x0059a050,,stub_code,0,1,1,2,0.0000
0x00580090,0x00580090,,stub_code,0,1,1,17127,0.0000
0x001ab2e0,0x001ab2e0,,stub_code,1,1,2,17127,0.0000
0x004b9968,0x004b9968,,stub_code,1,2,3,17127,0.0000
0x00473820,0x00473820,,stub_code,6,3,9,17127,48.0000
0x0034ee40,0x0034ee40,,stub_code,0,3,3,17127,0.0000
0x00138630,0x00138630,,stub_code,0,0,0,1,0.0000
0x00185ec0,0x00185ec0,,,1,0,1,17127,0.0000
0x002c29b0,0x002c29b0,,stub_code,1,10,11,17127,0.0000
0x00336950,0x00336950,,stub_code,7,4,11,17127,0.0000
0x00429f80,0x00429f80,,,1,0,1,17127,0.0000
0x001c2010,0x001c2010,,,4,0,4,17127,0.0000
0x00515cc0,0x00515cc0,,stub_code,0,1,1,17127,0.0000
0x005a85b0,0x005a85b0,,stub_code,0,8,8,17127,0.0000
0x001521e0,0x001521e0,,stub_code,1,5,6,17127,0.0000
0x00596640,0x00596640,,stub_code,0,6,6,17127,0.0000
0x004b8ce8,0x004b8ce8,,stub_code,2,2,4,17127,63.0000
0x00581d60,0x00581d60,,stub_code,1,2,3,17127,0.0000
0x004bf820,0x004bf820,,stub_code,0,4,4,17127,0.0000
0x005ea740,0x005ea740,,stub_code,0,5,5,17127,0.0000
0x005a6070,0x005a6070,,stub_code,0,5,5,17127,0.0000
0x00355f30,0x00355f30,,stub_code,0,2,2,17127,0.0000
0x00136540,0x00136540,,stub_code,0,2,2,17127,0.0000
0x00506610,0x00506610,,,11,0,11,17127,0.0000
0x001276c0,0x001276c0,,stub_code,0,1,1,17127,0.0000
0x004c5710,0x004c5710,,stub_code,0,3,3,17127,0.0000
0x0043a6c0,0x0043a6c0,,,4,0,4,17127,0.0000
0x0037c040,0x0037c040,,,2,0,2,17127,0.0000
0x00134f30,0x00134f30,,stub_code,4,5,9,17127,0.0000
0x001f0660,0x001f0660,,stub_code,0,0,0,1,0.0000
0x0027bfa0,0x0027bfa0,,stub_code,0,1,1,17127,0.0000
0x0029c9c0,0x0029c9c0,,,1,0,1,17127,0.0000
0x005ef1f0,0x005ef1f0,,,2,0,2,17127,0.0000
0x00182ba0,0x00182ba0,,stub_code,1,3,4,17127,0.0000
0x001f8720,0x001f8720,,stub_code,0,6,6,17127,0.0000
0x005086e0,0x005086e0,,stub_code,0,0,0,1,0.0000
0x00108540,0x00108540,,stub_code,1,2,3,17127,0.0000
0x0029d200,0x0029d200,,,1,0,1,17127,0.0000
0x0054a9d0,0x0054a9d0,,,2,0,2,17127,0.0000
0x004ae588,0x004ae588,,stub_code,2,2,4,17127,1.5000
0x00319ab0,0x00319ab0,,stub_code,0,5,5,17127,0.0000
0x0011c810,0x0011c810,,stub_code,1,1,2,17127,0.0000
0x005092a0,0x005092a0,,stub_code,0,2,2,17127,0.0000
0x00582330,0x00582330,,stub_code,1,2,3,17127,0.0000
0x002e7ae0,0x002e7ae0,,stub_code,0,4,4,17127,0.0000
0x002cd330,0x002cd330,,stub_code,1,12,13,17127,0.0000
0x00309830,0x00309830,,,1,0,1,17127,0.0000
0x0055a420,0x0055a420,,,1,0,1,2,0.0000
0x0046fbc0,0x0046fbc0,,,1,0,1,17127,0.0000
0x004828b8,0x004828b8,,,1,0,1,17127,0.0000
0x0036afc0,0x0036afc0,,stub_code,1,6,7,17127,0.0000
0x005a1030,0x005a1030,,stub_code,1,2,3,17127,0.0000
0x00474078,0x00474078,,stub_code,0,0,0,1,0.0000
0x003e9130,0x003e9130,,stub_code,3,7,10,17127,11.0000
0x00249c00,0x00249c00,,stub_code,0,0,0,1,0.0000
0x00177170,0x00177170,,stub_code,1,2,3,17127,0.0000
0x0026a870,0x0026a870,,,2,0,2,17127,0.0000
0x004ef830,0x004ef830,,stub_code,0,0,0,1,0.0000
0x00281840,0x00281840,,stub_code,0,1,1,17127,0.0000
0x002158a0,0x002158a0,,,17,0,17,17127,0.0000
0x005fb1e0,0x005fb1e0,,stub_code,1,1,2,17127,0.0000
0x004840f8,0x004840f8,,stub_code,1,2,3,17127,0.0000
0x002596f0,0x002596f0,,stub_code,0,1,1,17127,0.0000
0x001acde0,FUN_001acde0,core/struct,real_logic,1,0,1,17127,0.0000
0x003f3110,0x003f3110,,stub_code,2,3,5,17127,2.0000
0x00171a10,0x00171a10,,,4,0,4,17127,0.0000
0x0051eb90,0x0051eb90,,,5,0,5,17127,0.0000
0x005ddc90,0x005ddc90,,stub_code,0,10,10,17127,0.0000
0x002969e0,0x002969e0,,,1,0,1,17127,0.0000
0x002cf7e0,0x002cf7e0,,stub_code,0,5,5,17127,0.0000
0x002b1550,0x002b1550,,stub_code,1,2,3,17127,0.0000
0x004acd68,0x004acd68,,stub_code,1,4,5,17127,0.0000
0x004b3148,0x004b3148,,,1,0,1,17127,0.0000
0x00153fa0,0x00153fa0,,stub_code,0,0,0,1,0.0000
0x002c4930,0x002c4930,,,1,0,1,17127,0.0000
0x005d53f0,0x005d53f0,,stub_code,0,0,0,1,0.0000
0x0018ed50,0x0018ed50,,stub_code,1,1,2,17127,0.0000
0x002e68a0,0x002e68a0,,,2,0,2,17127,0.0000
0x00434af0,0x00434af0,,,1,0,1,17127,0.0000
0x0053d2b0,0x0053d2b0,,stub_code,0,1,1,17127,0.0000
0x002d8870,0x002d8870,,,3,0,3,17127,0.0000
0x00254ee0,0x00254ee0,,stub_code,0,0,0,1,0.0000
0x00596d40,0x00596d40,,stub_code,0,1,1,2,0.0000
0x00231700,0x00231700,,,2,0,2,17127,0.0000
0x0036a7c0,0x0036a7c0,,,1,0,1,17127,0.0000
0x004deb40,0x004deb40,,,1,0,1,17127,0.0000
0x0039ac20,0x0039ac20,,stub_code,0,0,0,1,0.0000
0x004a19e0,0x004a19e0,,,3,0,3,17127,0.0000
0x001c3cd0,0x001c3cd0,,stub_code,2,2,4,17127,0.0000
0x004448d8,0x004448d8,,stub_code,1,4,5,17127,0.0000
0x0039c800,0x0039c800,,stub_code,0,3,3,17127,0.0000
0x0017c800,0x0017c800,,stub_code,5,1,6,17127,0.0000
0x00336c70,0x00336c70,,stub_code,1,0,1,17127,0.0000
0x00566430,0x00566430,,stub_code,0,9,9,17127,0.0000
0x0031b990,0x0031b990,,,2,0,2,17127,0.0000
0x00353890,0x00353890,,stub_code,0,2,2,17127,0.0000
0x0032ede0,0x0032ede0,,stub_code,0,1,1,17127,0.0000
0x0022a970,0x0022a970,,stub_code,1,10,11,17127,0.0000
0x001c5ce0,0x001c5ce0,,stub_code,0,0,0,1,0.0000
0x001109d0,0x001109d0,,stub_code,1,3,4,17127,0.0000
0x00348e30,0x00348e30,,stub_code,0,2,2,17127,0.0000
0x005bb090,0x005bb090,,stub_code,1,1,2,17127,0.0000
0x004a4840,0x004a4840,,stub_code,1,3,4,17127,0.0000
0x005ac970,0x005ac970,,stub_code,1,6,7,17127,7.5000
0x00253060,0x00253060,,stub_code,0,0,0,1,0.0000
0x002e7930,0x002e7930,,stub_code,3,1,4,17127,0.0000
0x002de4e0,0x002de4e0,,,3,0,3,17127,0.0000
0x00468590,0x00468590,,stub_code,0,2,2,17127,0.0000
0x001be970,0x001be970,,stub_code,0,1,1,4,0.0000
0x00239360,0x00239360,,stub_code,0,3,3,17127,0.0000
0x003361d0,0x003361d0,,stub_code,1,3,4,17127,0.0000
0x004763a8,0x004763a8,,stub_code,0,9,9,17127,0.0000
0x002fc250,0x002fc250,,stub_code,0,1,1,17127,0.0000
0x004cd9a0,0x004cd9a0,,,1,0,1,2,0.0000
0x0056ada0,0x0056ada0,,stub_code,1,1,2,17127,0.0000
0x004f1140,0x004f1140,,stub_code,0,0,0,1,0.0000
0x0023cf10,0x0023cf10,,,6,0,6,17127,0.0000
0x004084c0,0x004084c0,,,1,0,1,17127,0.0000
0x0016a270,0x0016a270,,stub_code,1,0,1,17127,0.0000
0x0031b210,0x0031b210,,stub_code,0,3,3,17127,0.0000
0x004d89d0,0x004d89d0,,stub_code,0,3,3,17127,0.0000
0x0049f4a8,0x0049f4a8,,stub_code,1,4,5,17127,4.5000
0x00301630,0x00301630,,,1,0,1,17127,0.0000
0x00417f50,0x00417f50,,,2,0,2,17127,0.0000
0x00289990,0x00289990,,,2,0,2,17127,0.0000
0x0041ada0,0x0041ada0,,stub_code,5,3,8,17127,0.0000
0x00503740,0x00503740,,stub_code,1,4,5,17127,0.0000
0x00267d40,0x00267d40,,stub_code,1,10,11,17127,0.0000
0x001c5d30,0x001c5d30,,stub_code,1,1,2,17127,0.0000
0x0033eb10,0x0033eb10,,,2,0,2,17127,0.0000
0x0053d250,0x0053d250,,stub_code,0,1,1,17127,0.0000
0x00213c50,0x00213c50,,stub_code,2,0,2,17127,0.0000
0x00238120,0x00238120,,,144,0,144,17127,0.0000
0x002b98a0,0x002b98a0,,stub_code,4,9,13,17127,47.7500
0x00444f90,0x00444f90,,,1,0,1,17127,0.0000
0x0031ac90,0x0031ac90,,,3,0,3,17127,0.0000
0x00261cc0,0x00261cc0,,,7,0,7,17127,0.0000
0x001f7850,0x001f7850,,stub_code,1,2,3,17127,0.0000
0x0047c918,0x0047c918,,stub_code,1,5,6,17127,0.0000
0x001ba4b0,0x001ba4b0,,stub_code,1,3,4,17127,0.0000
0x0048bea8,FUN_0048bea8,,pseudo_stub,1,0,1,17127,0.0000
0x0057c6a0,0x0057c6a0,,stub_code,0,14,14,17127,0.0000
0x00326530,0x00326530,,stub_code,0,2,2,17127,0.0000
0x00120c40,0x00120c40,,stub_code,1,21,22,17127,0.0000
0x00308140,0x00308140,,stub_code,2,1,3,17127,0.0000
0x002b17d0,0x002b17d0,,,1,0,1,17127,0.0000
0x00100070,0x00100070,,stub_code,0,2,2,17127,0.0000
0x004c1520,0x004c1520,,stub_code,2,2,4,17127,4.8750
0x00477ab8,0x00477ab8,,,2,0,2,17127,0.0000
0x002f8340,0x002f8340,,stub_code,1,2,3,17127,0.0000
0x00496f88,0x00496f88,,,2,0,2,17127,0.0000
0x00280550,0x00280550,,stub_code,0,5,5,17127,0.0000
0x001f1da0,0x001f1da0,,stub_code,1,5,6,17127,0.0000
0x002bdfb0,0x002bdfb0,,stub_code,1,2,3,17127,0.0000
0x005a6cb0,0x005a6cb0,,stub_code,0,3,3,17127,0.0000
0x005130b0,0x005130b0,,stub_code,1,1,2,17127,0.0000
0x0047d468,0x0047d468,,stub_code,1,7,8,17127,0.0000
0x004781a0,0x004781a0,,stub_code,1,1,2,17127,0.0000
0x0031c7d0,0x0031c7d0,,stub_code,1,1,2,17127,0.0000
0x004ffcc0,0x004ffcc0,,stub_code,1,0,1,17127,0.0000
0x00153600,0x00153600,,,3,0,3,17127,0.0000
0x00206780,0x00206780,,stub_code,0,0,0,1,0.0000
0x0045c590,0x0045c590,,stub_code,3,6,9,17127,0.0000
0x004b2de8,0x004b2de8,,,1,0,1,17127,0.0000
0x0036e190,0x0036e190,,stub_code,1,2,3,17127,0.0000
0x004b54d0,0x004b54d0,,stub_code,1,2,3,17127,0.0000
0x002968d0,0x002968d0,,stub_code,2,1,3,17127,0.0000
0x00362bd0,0x00362bd0,,,1,0,1,17127,0.0000
0x004aa360,0x004aa360,,,1,0,1,17127,0.0000
0x004d8f90,0x004d8f90,,stub_code,0,1,1,17127,0.0000
0x00271220,0x00271220,,stub_code,1,2,3,17127,0.0000
0x005ea4f0,0x005ea4f0,,stub_code,1,2,3,17127,0.0000
0x0019a780,0x0019a780,,stub_code,1,1,2,17127,0.0000
0x0055c1d0,0x0055c1d0,,stub_code,32,1,33,17127,0.0000
0x001c33f0,0x001c33f0,,stub_code,1,5,6,17127,0.0000
0x00259820,0x00259820,,stub_code,0,1,1,17127,0.0000
0x001bf050,0x001bf050,,stub_code,0,3,3,17127,0.0000
0x0033ca80,0x0033ca80,,,1,0,1,17127,0.0000
0x0025e760,0x0025e760,,stub_code,0,2,2,17127,0.0000
0x00290b70,0x00290b70,,stub_code,1,2,3,17127,0.0000
0x004ad1e0,0x004ad1e0,,stub_code,1,1,2,17127,0.0000
0x004aeca0,0x004aeca0,,stub_code,1,1,2,17127,0.0000
0x0056fef0,0x0056fef0,,stub_code,0,3,3,17127,0.0000
0x004e8ae0,0x004e8ae0,,stub_code,0,4,4,17127,0.0000
0x004bddc0,0x004bddc0,,stub_code,0,4,4,17127,0.0000
0x00242df0,0x00242df0,,stub_code,1,5,6,17127,0.0000
0x005ea6f0,0x005ea6f0,,stub_code,0,1,1,17127,0.0000
0x0032cce0,0x0032cce0,,stub_code,0,2,2,17127,0.0000
0x0058a6f0,0x0058a6f0,,stub_code,1,1,2,17127,0.0000
0x00337dc0,0x00337dc0,,,3,0,3,17127,0.0000
0x004e2440,0x004e2440,,stub_code,0,4,4,17127,0.0000
0x0059aaa0,0x0059aaa0,,stub_code,1,1,2,17127,0.0000
0x004cc150,0x004cc150,,stub_code,0,1,1,17127,0.0000
0x0056e820,0x0056e820,,stub_code,1,2,3,17127,0.0000
0x00353580,0x00353580,,stub_code,0,4,4,17127,0.0000
0x003ac4f0,0x003ac4f0,,stub_code,2,3,5,17127,0.0000
0x001151d0,0x001151d0,,,1,0,1,17127,0.0000
0x001fda80,0x001fda80,,stub_code,0,10,10,17127,0.0000
0x0046fa40,0x0046fa40,,,1,0,1,17127,0.0000
0x0055c080,0x0055c080,,,1,0,1,17127,0.0000
0x00586a40,0x00586a40,,,9,0,9,17127,0.0000
0x004a5e50,0x004a5e50,,,1,0,1,17127,0.0000
0x00367d80,0x00367d80,,,2,0,2,8,0.0000
0x00237ea0,0x00237ea0,,stub_code,1,0,1,17127,0.0000
0x005065b0,0x005065b0,,,5,0,5,17127,0.0000
0x004c12b0,0x004c12b0,,stub_code,0,3,3,17127,0.0000
0x004f7250,0x004f7250,,stub_code,1,10,11,17127,0.0000
0x0031ed70,0x0031ed70,,stub_code,0,5,5,17127,0.0000
0x0028dbb0,0x0028dbb0,,,1,0,1,17127,0.0000
0x0028d780,0x0028d780,,stub_code,0,5,5,17127,0.0000
0x005ec750,0x005ec750,,stub_code,1,0,1,17127,0.0000
0x0057b110,0x0057b110,,stub_code,0,13,13,17127,0.0000
0x00592630,0x00592630,,stub_code,0,5,5,17127,0.0000
0x00157210,0x00157210,,stub_code,0,2,2,17127,0.0000
0x00547900,0x00547900,,stub_code,5,2,7,17127,2.3333
0x004fce80,0x004fce80,,,4,0,4,17127,0.0000
0x004a3d48,0x004a3d48,,stub_code,1,2,3,17127,0.0000
0x00183f70,0x00183f70,,stub_code,0,0,0,1,0.0000
0x003da560,0x003da560,,stub_code,1,2,3,17127,0.0000
0x0012c800,0x0012c800,,stub_code,1,0,1,17127,0.0000
0x005fd3a0,0x005fd3a0,,stub_code,28,0,28,17127,0.0000
0x00336640,0x00336640,,stub_code,1,14,15,17127,0.0000
0x00314090,0x00314090,,,9,0,9,17127,0.0000
0x001cb2c0,0x001cb2c0,,stub_code,1,5,6,17127,0.0000
0x002a4d10,0x002a4d10,,stub_code,1,1,2,17127,0.0000
0x005653a0,0x005653a0,,stub_code,4,1,5,17127,0.0000
0x00242000,0x00242000,,stub_code,1,1,2,17127,0.0000
0x004f3790,0x004f3790,,stub_code,0,4,4,17127,0.0000
0x003a96c0,0x003a96c0,,,1,0,1,17127,0.0000
0x001c64d0,0x001c64d0,,stub_code,1,1,2,17127,0.0000
0x0023dd10,0x0023dd10,,stub_code,9,3,12,17127,0.0000
0x00357810,0x00357810,,stub_code,0,4,4,17127,0.0000
0x003008e0,0x003008e0,,stub_code,4,1,5,17127,0.0000
0x00565680,0x00565680,,,1,0,1,17127,0.0000
0x00349c40,0x00349c40,,,1,0,1,17127,0.0000
0x005f7a00,0x005f7a00,,stub_code,0,2,2,17127,0.0000
0x00447a68,0x00447a68,,stub_code,2,2,4,17127,0.0000
0x0051c8e0,0x0051c8e0,,stub_code,0,3,3,17127,0.0000
0x00530690,0x00530690,,,2,0,2,17127,0.0000
0x005f5930,0x005f5930,,stub_code,0,1,1,17127,0.0000
0x002a3fd0,0x002a3fd0,,stub_code,3,1,4,17127,0.0000
0x0047a080,0x0047a080,,,2,0,2,17127,0.0000
0x004c61c0,0x004c61c0,,stub_code,0,3,3,17127,0.0000
0x0010f420,0x0010f420,,stub_code,1,1,2,17127,0.0000
0x0024c710,0x0024c710,,stub_code,0,0,0,1,0.0000
0x001de080,0x001de080,,stub_code,0,2,2,17127,0.0000
0x005d8a80,0x005d8a80,,stub_code,0,2,2,17127,0.0000
0x00459090,0x00459090,,,1,0,1,17127,0.0000
0x00263a90,0x00263a90,,stub_code,1,16,17,17127,0.0000
0x00590080,0x00590080,,stub_code,0,1,1,2,0.0000
0x0050a530,0x0050a530,,stub_code,0,4,4,17127,0.0000
0x002ce9d0,0x002ce9d0,,,1,0,1,17127,0.0000
0x00122010,0x00122010,,,1,0,1,17127,0.0000
0x004460d8,0x004460d8,,,2,0,2,17127,0.0000
0x00537d90,0x00537d90,,stub_code,1,3,4,17127,0.0000
0x0049ef88,0x0049ef88,,stub_code,1,1,2,17127,0.0000
0x0027a090,0x0027a090,,stub_code,1,1,2,17127,0.0000
0x002c2f40,0x002c2f40,,stub_code,1,4,5,17127,0.0000
0x002792c0,0x002792c0,,stub_code,2,1,3,17127,0.0000
0x0049b0c0,0x0049b0c0,,stub_thunk,0,0,0,1,0.0000
0x0013e1b0,0x0013e1b0,,stub_code,1,4,5,17127,0.0000
0x005a48f0,0x005a48f0,,stub_code,0,5,5,17127,0.0000
0x002dcad0,0x002dcad0,,stub_code,1,3,4,17127,0.0000
0x00559390,0x00559390,,stub_code,0,1,1,17127,0.0000
0x001de8e0,0x001de8e0,,stub_code,0,2,2,17127,0.0000
0x00550ae0,0x00550ae0,,stub_code,0,1,1,17127,0.0000
0x00599e50,0x00599e50,,stub_code,0,4,4,17127,0.0000
0x0030f0a0,0x0030f0a0,,,1,0,1,17127,0.0000
0x001a9cc0,0x001a9cc0,,stub_code,0,0,0,1,0.0000
0x00231710,0x00231710,,,4,0,4,17127,0.0000
0x00587540,0x00587540,,stub_code,0,1,1,8,0.0000
0x002e74d0,0x002e74d0,,stub_code,1,4,5,17127,0.0000
0x0049f5a8,0x0049f5a8,,stub_code,1,2,3,17127,4.0000
0x0011c540,0x0011c540,,,1,0,1,17127,0.0000
0x00239d50,0x00239d50,,stub_code,0,2,2,17127,0.0000
0x0046ea70,0x0046ea70,,stub_code,2,8,10,17127,17.0000
0x00290900,0x00290900,,stub_code,0,4,4,17127,0.0000
0x005eedd0,0x005eedd0,,stub_code,1,2,3,17127,0.0000
0x006ca230,0x006ca230,,stub_code,0,2,2,17127,0.0000
0x00547a90,0x00547a90,,stub_code,0,1,1,17127,0.0000
0x00496fa0,0x00496fa0,,stub_code,2,2,4,17127,0.0000
0x003b0bb0,0x003b0bb0,,stub_code,1,2,3,17127,0.0000
0x005aed50,0x005aed50,,stub_code,0,3,3,17127,0.0000
0x0024be50,0x0024be50,,stub_code,0,0,0,1,0.0000
0x0035bc40,FUN_0035bc40,math/matrix,real_c,33,0,33,17127,0.0000
0x0010e290,0x0010e290,,,3,0,3,17127,0.0000
0x0025ee20,0x0025ee20,,stub_code,0,2,2,17127,0.0000
0x0018e3e0,0x0018e3e0,,stub_code,1,0,1,17127,0.0000
0x0019e060,0x0019e060,,stub_code,1,2,3,17127,0.0000
0x0054bb60,0x0054bb60,,stub_code,0,3,3,17127,0.0000
0x005e0210,0x005e0210,,stub_code,0,3,3,17127,0.0000
0x001b82f0,FUN_001b82f0,core/struct,real_logic,1,0,1,17127,0.0000
0x005a99a0,0x005a99a0,,stub_code,0,1,1,2,0.0000
0x00429de0,FUN_00429de0,,real_logic,0,4,4,17127,0.0000
0x00470908,0x00470908,,stub_thunk,6,0,6,17127,0.0000
0x00314f20,0x00314f20,,stub_code,0,1,1,17127,0.0000
0x0055ad20,0x0055ad20,,stub_code,0,2,2,17127,0.0000
0x00252e40,0x00252e40,,stub_code,0,1,1,17127,0.0000
0x002618d0,0x002618d0,,,1,0,1,17127,0.0000
0x004836c8,0x004836c8,,,3,0,3,17127,0.0000
0x0034dcb0,0x0034dcb0,,stub_code,1,2,3,17127,0.0000
0x00386170,0x00386170,,stub_code,2,3,5,17127,0.0000
0x002e7c30,0x002e7c30,,stub_code,1,3,4,17127,0.0000
0x00213070,0x00213070,,,10,0,10,17127,0.0000
0x002e7710,0x002e7710,,stub_code,3,1,4,17127,1.0000
0x002dc2e0,0x002dc2e0,,stub_code,0,2,2,17127,0.0000
0x0012f190,0x0012f190,,,3,0,3,17127,0.0000
0x00147b20,0x00147b20,,stub_code,0,4,4,17127,0.0000
0x0018b580,0x0018b580,,stub_code,0,1,1,17127,0.0000
0x0019c4a0,0x0019c4a0,,,3,0,3,17127,0.0000
0x002c6990,0x002c6990,,,2,0,2,17127,0.0000
0x00395010,0x00395010,,stub_code,0,5,5,17127,0.0000
0x00148c60,0x00148c60,,stub_code,0,2,2,17127,0.0000
0x001ef660,0x001ef660,,stub_code,0,2,2,17127,0.0000
0x005107c0,0x005107c0,,stub_code,1,2,3,17127,0.0000
0x004beb50,0x004beb50,,stub_code,0,3,3,17127,0.0000
0x00546c20,0x00546c20,,stub_code,0,1,1,17127,0.0000
0x0033fca0,0x0033fca0,,,1,0,1,17127,0.0000
0x001b46e0,0x001b46e0,,stub_code,1,23,24,17127,0.0000
0x00134390,0x00134390,,stub_code,0,2,2,17127,0.0000
0x00417950,0x00417950,,stub_code,1,3,4,17127,0.0000
0x00212070,0x00212070,,stub_code,0,6,6,17127,0.0000
0x0033aa50,0x0033aa50,,stub_code,3,1,4,17127,2.0000
0x004b76e8,0x004b76e8,,stub_code,0,4,4,17127,0.0000
0x001ad950,0x001ad950,,stub_code,1,1,2,17127,0.0000
0x004a95c8,0x004a95c8,,stub_code,1,1,2,17127,0.0000
0x001be8b0,0x001be8b0,,,2,0,2,17127,0.0000
0x004b9738,0x004b9738,,stub_code,0,1,1,2,0.0000
0x00299a40,0x00299a40,,stub_code,4,4,8,17127,5.0000
0x00318330,0x00318330,,stub_code,0,1,1,17127,0.0000
0x00387780,0x00387780,,,1,0,1,17127,0.0000
0x005c6890,0x005c6890,,stub_code,1,4,5,17127,0.0000
0x0055af50,0x0055af50,,stub_code,0,1,1,17127,0.0000
0x0046bc10,0x0046bc10,,stub_code,0,4,4,17127,0.0000
0x004e2c00,0x004e2c00,,stub_code,3,2,5,17127,1.0000
0x0028e880,0x0028e880,,stub_code,3,2,5,17127,0.0000
0x004c6780,0x004c6780,,stub_code,0,6,6,17127,0.0000
0x00322e70,0x00322e70,,stub_code,2,5,7,17127,0.0000
0x004c1b00,0x004c1b00,,,2,0,2,17127,0.0000
0x006c95c0,0x006c95c0,,stub_code,0,3,3,17127,0.0000
0x005f8ef0,0x005f8ef0,,,3,0,3,17127,0.0000
0x004b8a68,0x004b8a68,,stub_code,1,1,2,17127,0.0000
0x0046fa78,0x0046fa78,,stub_code,1,0,1,17127,0.0000
0x00395cb0,0x00395cb0,,stub_code,2,0,2,17127,0.0000
0x0050a2e0,0x0050a2e0,,stub_code,0,1,1,17127,0.0000
0x00470a50,0x00470a50,,stub_code,3,2,5,17127,0.0000
0x00496f90,0x00496f90,,,1,0,1,17127,0.0000
0x002a3b90,0x002a3b90,,stub_code,2,1,3,17127,0.0000
0x003bc8a0,0x003bc8a0,,stub_code,1,0,1,17127,0.0000
0x00464c20,0x00464c20,,stub_code,2,1,3,17127,0.0000
0x0049f8f0,0x0049f8f0,,stub_code,2,7,9,17127,0.0000
0x001e14e0,0x001e14e0,,stub_code,0,2,2,17127,0.0000
0x00109680,0x00109680,,stub_code,1,7,8,17127,0.0000
0x00284040,0x00284040,,,1,0,1,17127,0.0000
0x0032b940,0x0032b940,,stub_code,0,1,1,17127,0.0000
0x003b25e0,0x003b25e0,,,1,0,1,17127,0.0000
0x001b8340,0x001b8340,,,9,0,9,17127,0.0000
0x00111e70,0x00111e70,,,2,0,2,17127,0.0000
0x005fda60,0x005fda60,,stub_code,2,4,6,17127,0.0000
0x002bdda0,0x002bdda0,,stub_code,2,4,6,17127,1.4500
0x001e94e0,0x001e94e0,,stub_code,1,2,3,17127,0.0000
0x003300e0,0x003300e0,,stub_code,1,1,2,17127,0.0000
0x00505ac0,0x00505ac0,,stub_code,0,0,0,1,0.0000
0x002967b0,0x002967b0,,,1,0,1,17127,0.0000
0x00543dc0,0x00543dc0,,stub_code,0,5,5,17127,0.0000
0x005a7e30,0x005a7e30,,,1,0,1,2,0.0000
0x00590840,0x00590840,,,2,0,2,17127,0.0000
0x00134e60,0x00134e60,,,2,0,2,17127,0.0000
0x001421a0,0x001421a0,,stub_code,0,3,3,17127,0.0000
0x004c4390,0x004c4390,,stub_code,0,5,5,17127,0.0000
0x001eafb0,0x001eafb0,,stub_code,0,1,1,17127,0.0000
0x004aa4c0,0x004aa4c0,,stub_code,1,16,17,17127,0.0000
0x005b4ac0,0x005b4ac0,,,2,0,2,17127,0.0000
0x0059f2f0,0x0059f2f0,,stub_code,0,1,1,2,0.0000
0x003b1750,0x003b1750,,stub_code,1,6,7,17127,0.0000
0x0039c4b0,0x0039c4b0,,stub_code,1,3,4,17127,0.0000
0x004bbb60,0x004bbb60,,,3,0,3,17127,0.0000
0x00462350,0x00462350,,stub_code,2,6,8,17127,0.0000
0x005a0f20,0x005a0f20,,stub_code,0,5,5,17127,0.0000
0x005eb6c0,0x005eb6c0,,stub_code,0,9,9,17127,0.0000
0x00321640,0x00321640,,,2,0,2,17127,0.0000
0x004b1588,0x004b1588,,,2,0,2,17127,0.0000
0x00337e40,0x00337e40,,stub_code,1,3,4,17127,0.0000
0x0036b9b0,0x0036b9b0,,stub_code,3,5,8,17127,0.0000
0x004ec530,0x004ec530,,,1,0,1,2,0.0000
0x002e3a30,0x002e3a30,,stub_code,1,2,3,17127,0.0000
0x004078d0,0x004078d0,,,1,0,1,17127,0.0000
0x00537bb0,0x00537bb0,,stub_code,0,1,1,17127,0.0000
0x002faa30,0x002faa30,,,1,0,1,17127,0.0000
0x002bac40,0x002bac40,,stub_code,3,2,5,17127,1.0000
0x001b8380,0x001b8380,,stub_code,1,1,2,4,0.0000
0x00347ca0,0x00347ca0,,stub_code,1,11,12,17127,0.0000
0x004e6e90,0x004e6e90,,stub_code,0,1,1,17127,0.0000
0x0011eac0,0x0011eac0,,stub_code,0,4,4,17127,0.0000
0x00567470,0x00567470,,stub_code,1,1,2,17127,0.0000
0x00540130,0x00540130,,stub_code,0,0,0,1,0.0000
0x002e3f40,0x002e3f40,,stub_code,0,4,4,17127,0.0000
0x005b03b0,0x005b03b0,,stub_code,3,1,4,17127,0.0000
0x002b14d0,0x002b14d0,,,1,0,1,17127,0.0000
0x00355310,0x00355310,,,2,0,2,17127,0.0000
0x005ee470,0x005ee470,,stub_code,0,5,5,17127,0.0000
0x001de360,0x001de360,,stub_code,0,0,0,1,0.0000
0x004051e0,0x004051e0,,stub_code,0,1,1,17127,0.0000
0x001b1b00,0x001b1b00,,stub_code,2,8,10,17127,0.0000
0x004b13b8,0x004b13b8,,stub_code,1,2,3,17127,1.0000
0x0057b750,0x0057b750,,stub_code,0,13,13,17127,0.0000
0x00180870,0x00180870,,,1,0,1,17127,0.0000
0x001b8fc0,0x001b8fc0,,stub_code,0,0,0,1,0.0000
0x002d1220,0x002d1220,,stub_code,2,5,7,17127,689.2944
0x004d34e0,0x004d34e0,,,15,0,15,17127,0.0000
0x00189e90,0x00189e90,,stub_code,1,1,2,17127,0.0000
0x002a5910,0x002a5910,,stub_code,1,1,2,17127,0.0000
0x004eace0,0x004eace0,,,2,0,2,17127,0.0000
0x0045ced0,0x0045ced0,,stub_code,1,2,3,17127,0.0000
0x00259ea0,0x00259ea0,,stub_code,0,0,0,1,0.0000
0x002316f0,0x002316f0,,,1,0,1,17127,0.0000
0x00194850,0x00194850,,stub_code,0,3,3,17127,0.0000
0x004e4180,0x004e4180,,,3,0,3,17127,0.0000
0x00481a18,0x00481a18,,stub_code,0,0,0,1,0.0000
0x0012f5b0,0x0012f5b0,,stub_code,1,2,3,17127,0.0000
0x0043d308,0x0043d308,,stub_code,0,1,1,17127,0.0000
0x004e7e10,0x004e7e10,,stub_code,0,1,1,17127,0.0000
0x00274b70,0x00274b70,,stub_code,1,2,3,17127,0.0000
0x002c7ab0,0x002c7ab0,,stub_code,1,1,2,17127,0.0000
0x002ecd80,0x002ecd80,,stub_code,5,0,5,17127,0.0000
0x0043f278,0x0043f278,,,25,0,25,17127,0.0000
0x0027dd10,0x0027dd10,,stub_code,0,1,1,17127,0.0000
0x0058da70,0x0058da70,,,2,0,2,17127,0.0000
0x00359150,0x00359150,,,1,0,1,17127,0.0000
0x00429b08,FUN_00429b08,,real_logic,1,2,3,17127,0.0000
0x0043d330,0x0043d330,,,1,0,1,17127,0.0000
0x0041c9b0,0x0041c9b0,,,2,0,2,17127,0.0000
0x002eca80,0x002eca80,,stub_code,1,2,3,17127,0.0000
0x004bee40,0x004bee40,,,2,0,2,17127,0.0000
0x001a5330,0x001a5330,,stub_code,0,1,1,17127,0.0000
0x004a6d28,0x004a6d28,,stub_code,1,3,4,17127,0.0000
0x00359220,0x00359220,,,4,0,4,17127,0.0000
0x005ba600,0x005ba600,,stub_code,0,8,8,17127,0.0000
0x00512bc0,0x00512bc0,,stub_code,2,2,4,17127,0.0000
0x002f6bb0,0x002f6bb0,,stub_code,0,0,0,1,0.0000
0x00542130,0x00542130,,stub_code,0,1,1,17127,0.0000
0x004c16d0,0x004c16d0,,stub_code,0,1,1,17127,0.0000
0x0013e5c0,0x0013e5c0,,,1,0,1,17127,0.0000
0x001d7ab0,0x001d7ab0,,stub_code,1,8,9,17127,0.0000
0x00596f30,0x00596f30,,stub_code,0,1,1,2,0.0000
0x00565bd0,0x00565bd0,,,2,0,2,17127,0.0000
0x002a31e0,0x002a31e0,,stub_code,1,2,3,17127,0.0000
0x00389570,0x00389570,,stub_code,3,5,8,17127,0.0000
0x001a0d50,0x001a0d50,,stub_code,0,0,0,1,0.0000
0x004c5210,0x004c5210,,,4,0,4,17127,0.0000
0x001c84f0,0x001c84f0,,stub_code,1,1,2,17127,0.0000
0x00258730,0x00258730,,stub_code,0,1,1,17127,0.0000
0x001d1620,0x001d1620,,stub_code,0,2,2,17127,0.0000
0x0018dfa0,0x0018dfa0,,stub_code,0,1,1,17127,0.0000
0x001574a0,FUN_001574a0,,real_logic,0,0,0,1,0.0000
0x004653d0,0x004653d0,,stub_code,1,0,1,17127,0.0000
0x001e52b0,0x001e52b0,,stub_code,1,5,6,17127,0.0000
0x00462118,0x00462118,,stub_code,15,2,17,17127,1.5000
0x00516730,0x00516730,,stub_code,25,1,26,17127,4.0000
0x002259e0,0x002259e0,,stub_code,3,34,37,17127,0.0000
0x004cbb40,0x004cbb40,,stub_code,0,1,1,17127,0.0000
0x0034ae50,0x0034ae50,,stub_code,0,3,3,17127,0.0000
0x0022fc20,0x0022fc20,,,2,0,2,17127,0.0000
0x00468910,0x00468910,,stub_code,1,0,1,17127,0.0000
0x001bb8b0,0x001bb8b0,,stub_code,0,0,0,1,0.0000
0x002241f0,0x002241f0,,stub_code,1,66,67,17127,0.0000
0x0046eca8,0x0046eca8,,stub_code,2,3,5,17127,1.0000
0x00516500,0x00516500,,stub_code,25,1,26,17127,68.0000
0x001ec5a0,0x001ec5a0,,stub_code,7,5,12,17127,2.0000
0x00348510,0x00348510,,stub_code,6,2,8,17127,0.0000
0x0054ae50,0x0054ae50,,,2,0,2,17127,0.0000
0x0012f140,0x0012f140,,stub_code,1,1,2,17127,0.0000
0x001092b0,0x001092b0,,stub_code,13,2,15,17127,0.0000
0x0017cbe0,0x0017cbe0,,stub_code,0,4,4,17127,0.0000
0x00259760,0x00259760,,stub_code,0,0,0,1,0.0000
0x00322a80,0x00322a80,,stub_code,0,5,5,17127,0.0000
0x004796b0,0x004796b0,,stub_code,0,3,3,17127,0.0000
0x001b8600,0x001b8600,,stub_code,1,12,13,17127,0.0000
0x0030ae80,0x0030ae80,,stub_code,1,10,11,17127,0.0000
0x001dd7c0,0x001dd7c0,,stub_code,2,2,4,17127,0.0000
0x0051f840,0x0051f840,,stub_code,0,0,0,1,0.0000
0x00564270,0x00564270,,stub_code,0,1,1,17127,0.0000
0x005ca490,0x005ca490,,stub_code,0,1,1,17127,0.0000
0x005a74e0,0x005a74e0,,stub_code,0,1,1,17127,0.0000
0x00444898,0x00444898,,stub_code,2,1,3,17127,0.0000
0x002b6820,0x002b6820,,stub_code,3,4,7,17127,0.0000
0x0029f300,0x0029f300,,stub_code,1,1,2,17127,2.0000
0x00203080,0x00203080,,stub_code,2,8,10,17127,0.0000
0x00244280,0x00244280,,,7,0,7,17127,0.0000
0x003981c0,0x003981c0,,stub_code,4,13,17,17127,0.0000
0x002b7360,0x002b7360,,,3,0,3,17127,0.0000
0x00513160,0x00513160,,stub_code,48,1,49,17127,0.3333
0x005f73b0,0x005f73b0,,stub_code,0,4,4,17127,0.0000
0x0035d2c0,0x0035d2c0,,stub_code,9,5,14,17127,0.0000
0x004bd880,0x004bd880,,,2,0,2,17127,0.0000
0x00256e60,0x00256e60,,stub_code,1,0,1,17127,0.0000
0x005e6370,0x005e6370,,stub_code,0,3,3,17127,0.0000
0x004714d0,0x004714d0,,,1,0,1,17127,0.0000
0x00481de8,0x00481de8,,stub_code,0,1,1,17127,0.0000
0x00137490,0x00137490,,stub_code,6,6,12,17127,0.0000
0x004847e0,0x004847e0,,stub_code,0,1,1,17127,0.0000
0x00556810,0x00556810,,stub_code,8,1,9,17127,1.3333
0x00581520,0x00581520,,,2,0,2,17127,0.0000
0x001c8a70,0x001c8a70,,stub_code,0,2,2,17127,0.0000
0x002de2b0,0x002de2b0,,stub_code,0,1,1,17127,0.0000
0x0024ee10,0x0024ee10,,stub_code,3,1,4,17127,0.0000
0x001ad050,0x001ad050,,,3,0,3,17127,0.0000
0x00252f30,0x00252f30,,stub_code,0,1,1,17127,0.0000
0x003c4690,0x003c4690,,stub_code,1,11,12,17127,4.0000
0x003af420,0x003af420,,,2,0,2,17127,0.0000
0x002da8e0,0x002da8e0,,stub_code,0,6,6,17127,0.0000
0x005f9620,0x005f9620,,stub_code,2,0,2,17127,0.0000
0x002ac340,0x002ac340,,stub_code,0,3,3,17127,0.0000
0x00255060,0x00255060,,stub_code,0,0,0,1,0.0000
0x001888a0,0x001888a0,,stub_code,0,0,0,1,0.0000
0x0032e680,0x0032e680,,,1,0,1,17127,0.0000
0x00581660,0x00581660,,stub_code,0,4,4,17127,0.0000
0x00522160,0x00522160,,stub_code,2,2,4,17127,0.0000
0x00364190,0x00364190,,stub_code,1,1,2,17127,0.0000
0x00211760,0x00211760,,stub_code,0,3,3,17127,0.0000
0x00200a10,0x00200a10,,stub_code,1,8,9,17127,0.0000
0x0036bd50,0x0036bd50,,stub_code,2,8,10,17127,3.0000
0x00555ce0,0x00555ce0,,stub_code,0,12,12,17127,0.0000
0x002ad420,0x002ad420,,stub_code,0,3,3,17127,0.0000
0x0029dfe0,0x0029dfe0,,stub_code,1,1,2,17127,1.0000
0x005a18d0,0x005a18d0,,stub_code,0,4,4,17127,0.0000
0x0016eaa0,0x0016eaa0,,stub_code,2,13,15,17127,0.0000
0x0014b010,0x0014b010,,stub_code,0,2,2,17127,0.0000
0x0012f940,0x0012f940,,,4,0,4,17127,0.0000
0x005b8900,0x005b8900,,stub_code,0,5,5,17127,0.0000
0x00179aa0,0x00179aa0,,stub_code,1,2,3,17127,0.0000
0x00484c08,0x00484c08,,,1,0,1,2,0.0000
0x0047d948,0x0047d948,,stub_code,0,2,2,17127,0.0000
0x004b2fc0,0x004b2fc0,,,5,0,5,17127,0.0000
0x005e56f0,0x005e56f0,,stub_code,0,3,3,17127,0.0000
0x00442af8,0x00442af8,,stub_code,0,8,8,17127,0.0000
0x0039c590,0x0039c590,,stub_code,0,4,4,17127,0.0000
0x001c1320,0x001c1320,,,1,0,1,17127,0.0000
0x005f7230,0x005f7230,,stub_code,0,3,3,17127,0.0000
0x004d5400,0x004d5400,,stub_code,0,1,1,2,0.0000
0x00298200,0x00298200,,stub_code,1,2,3,17127,0.0000
0x0037fad0,0x0037fad0,,stub_code,2,2,4,17127,0.0000
0x00534d70,0x00534d70,,stub_code,0,0,0,1,0.0000
0x00241960,0x00241960,,stub_code,0,2,2,17127,0.0000
0x005980d0,0x005980d0,,,1,0,1,2,0.0000
0x00466190,0x00466190,,stub_code,0,0,0,1,0.0000
0x00276240,0x00276240,,stub_code,1,2,3,17127,0.0000
0x00456920,0x00456920,,stub_code,2,6,8,17127,1.0000
0x001c2110,0x001c2110,,,1,0,1,17127,0.0000
0x004a3f80,0x004a3f80,,stub_code,1,5,6,17127,0.0000
0x00143cd0,0x00143cd0,,stub_code,2,8,10,17127,0.0000
0x005f98a0,0x005f98a0,,,1,0,1,17127,0.0000
0x00150fd0,0x00150fd0,,stub_code,18,4,22,17127,5.3333
0x0016b230,0x0016b230,,,1,0,1,17127,0.0000
0x0054d280,0x0054d280,,stub_code,1,3,4,17127,0.0000
0x00320d10,0x00320d10,,stub_code,1,9,10,17127,0.0000
0x00299b60,0x00299b60,,stub_code,0,6,6,17127,0.0000
0x0059c460,0x0059c460,,stub_code,0,9,9,17127,0.0000
0x004d7be0,0x004d7be0,,,2,0,2,17127,0.0000
0x00128900,0x00128900,,stub_code,1,1,2,17127,0.0000
0x00198e80,FUN_00198e80,,pseudo_stub,1,1,2,17127,0.0000
0x0043d7c0,0x0043d7c0,,stub_code,1,1,2,17127,0.0000
0x0049ecf8,0x0049ecf8,,,16,0,16,17127,0.0000
0x001c13b0,0x001c13b0,,,1,0,1,17127,0.0000
0x001de3f0,0x001de3f0,,stub_code,0,3,3,17127,0.0000
0x004a8500,0x004a8500,,stub_code,3,3,6,17127,0.0000
0x00354860,0x00354860,,stub_code,1,1,2,17127,0.0000
0x004e7aa0,0x004e7aa0,,,3,0,3,17127,0.0000
0x0043c458,0x0043c458,,stub_code,1,5,6,17127,66.0000
0x004ba3d0,0x004ba3d0,,stub_code,1,2,3,17127,0.0000
0x004a1fd8,0x004a1fd8,,stub_code,1,6,7,17127,10.0000
0x005efd20,0x005efd20,,stub_code,0,1,1,2,0.0000
0x00556c80,0x00556c80,,,5,0,5,17127,0.0000
0x0029d2c0,0x0029d2c0,,,1,0,1,17127,0.0000
0x00478688,0x00478688,,stub_code,3,1,4,17127,0.3333
0x002e3810,0x002e3810,,stub_code,8,4,12,17127,0.0000
0x0046feb0,0x0046feb0,,stub_code,2,1,3,17127,0.0000
0x0013f100,0x0013f100,,stub_code,1,1,2,17127,0.0000
0x0023bae0,0x0023bae0,,stub_code,1,3,4,17127,10.4000
0x002404b0,0x002404b0,,stub_code,3,4,7,17127,0.0000
0x00505ef0,0x00505ef0,,stub_code,0,0,0,1,0.0000
0x004e03d0,0x004e03d0,,stub_code,0,6,6,17127,0.0000
0x00134e30,0x00134e30,,,1,0,1,17127,0.0000
0x0035a4f0,0x0035a4f0,,stub_code,1,1,2,17127,0.0000
0x00513c60,0x00513c60,,stub_code,0,1,1,17127,0.0000
0x00513f90,0x00513f90,,,5,0,5,17127,0.0000
0x002484a0,0x002484a0,,stub_code,0,0,0,1,0.0000
0x0023eea0,0x0023eea0,,stub_code,0,0,0,1,0.0000
0x001c7500,0x001c7500,,stub_code,1,1,2,17127,12.0000
0x002624b0,0x002624b0,,stub_code,2,0,2,17127,0.0000
0x00273f10,0x00273f10,,,2,0,2,17127,0.0000
0x004ce030,0x004ce030,,stub_code,0,2,2,17127,0.0000
0x004bfd50,0x004bfd50,,stub_code,8,2,10,17127,0.0000
0x00317340,0x00317340,,stub_code,0,4,4,17127,0.0000
0x003ddd20,0x003ddd20,,stub_code,1,7,8,17127,0.0000
0x004ce0d0,0x004ce0d0,,stub_code,0,1,1,2,0.0000
0x00482038,0x00482038,,stub_code,0,2,2,17127,0.0000
0x001a9be0,0x001a9be0,,stub_code,0,2,2,17127,0.0000
0x001fe020,0x001fe020,,stub_code,0,4,4,17127,0.0000
0x00595680,0x00595680,,stub_code,0,8,8,17127,0.0000
0x00140790,0x00140790,,stub_code,2,1,3,17127,0.0000
0x0042a4e0,FUN_0042a4e0,game/script,real_c,2,2,4,17127,0.0000
0x0010d5a0,0x0010d5a0,,stub_code,1,5,6,17127,0.0000
0x005ec5b0,0x005ec5b0,,stub_code,0,1,1,17127,0.0000
0x00305880,0x00305880,,stub_code,0,1,1,17127,0.0000
0x00598dd0,0x00598dd0,,,1,0,1,17127,0.0000
0x003450d0,0x003450d0,,stub_code,1,3,4,17127,344.2000
0x004e32b0,0x004e32b0,,,4,0,4,17127,0.0000
0x00182cc0,0x00182cc0,,,1,0,1,17127,0.0000
0x00444028,0x00444028,,stub_code,1,1,2,17127,0.0000
0x002d9a50,0x002d9a50,,stub_code,2,2,4,17127,0.0000
0x00301e90,0x00301e90,,stub_code,2,3,5,17127,0.0000
0x00148840,0x00148840,,stub_code,0,4,4,17127,0.0000
0x003ac0c0,0x003ac0c0,,stub_code,2,3,5,17127,0.0000
0x0017a6e0,0x0017a6e0,,,2,0,2,17127,0.0000
0x00376d10,0x00376d10,,stub_code,1,2,3,17127,0.0000
0x004ace40,0x004ace40,,stub_code,1,1,2,17127,0.0000
0x00519590,0x00519590,,,2,0,2,17127,0.0000
0x0012e2c0,0x0012e2c0,,stub_code,3,5,8,17127,0.0000
0x002da840,0x002da840,,stub_code,0,3,3,17127,0.0000
0x00251920,0x00251920,,stub_code,0,0,0,1,0.0000
0x00266070,0x00266070,,stub_code,2,8,10,17127,0.0000
0x00470938,0x00470938,,stub_thunk,1,0,1,17127,0.0000
0x0018d690,0x0018d690,,stub_code,0,1,1,17127,0.0000
0x00567070,0x00567070,,stub_code,1,2,3,17127,0.0000
0x00482170,0x00482170,,stub_code,2,0,2,17127,0.0000
0x004d8b40,0x004d8b40,,stub_code,0,1,1,17127,0.0000
0x0043da28,0x0043da28,,stub_code,0,1,1,17127,0.0000
0x00320210,0x00320210,,stub_code,2,4,6,17127,9.7500
0x0042ab60,FUN_0042ab60,,real_logic,0,1,1,17127,0.0000
0x002316d0,0x002316d0,,,3,0,3,17127,0.0000
0x002f7280,0x002f7280,,,1,0,1,17127,0.0000
0x00432818,FUN_00432818,core/strings,real_c,1,1,2,17127,19.0000
0x0049f890,0x0049f890,,stub_code,1,1,2,17127,0.0000
0x002958e0,0x002958e0,,stub_code,2,1,3,17127,6.6000
0x001658f0,0x001658f0,,stub_code,1,5,6,17127,0.0000
0x001904c0,0x001904c0,,stub_code,8,3,11,17127,0.0000
0x002aef40,0x002aef40,,,1,0,1,17127,0.0000
0x00398c80,0x00398c80,,stub_code,0,8,8,17127,0.0000
0x005a62c0,0x005a62c0,,stub_code,0,1,1,2,0.0000
0x00276090,0x00276090,,stub_code,0,1,1,17127,0.0000
0x00596700,0x00596700,,,1,0,1,2,0.0000
0x00144120,0x00144120,,stub_code,2,3,5,17127,0.0000
0x001fb060,0x001fb060,,stub_code,0,2,2,17127,0.0000
0x005427a0,0x005427a0,,stub_code,0,2,2,17127,0.0000
0x005e63e0,0x005e63e0,,stub_code,0,3,3,17127,0.0000
0x0047bd68,0x0047bd68,,stub_code,3,2,5,17127,0.0000
0x001b8bc0,0x001b8bc0,,stub_code,5,1,6,17127,0.0000
0x001b8ed0,0x001b8ed0,,stub_code,0,0,0,1,0.0000
0x0049e248,0x0049e248,,stub_code,0,4,4,17127,0.0000
0x00337430,0x00337430,,stub_code,4,2,6,17127,0.0000
0x001674c0,0x001674c0,,,1,0,1,17127,0.0000
0x00556e80,0x00556e80,,,1,0,1,17127,0.0000
0x003eac30,0x003eac30,,stub_code,10,1,11,17127,5.0000
0x00128e50,0x00128e50,,stub_code,1,2,3,17127,0.0000
0x004a17a8,0x004a17a8,,stub_code,2,0,2,17127,0.0000
0x00496190,0x00496190,,stub_code,1,2,3,17127,0.0000
0x0023fde0,0x0023fde0,,stub_code,0,3,3,17127,0.0000
0x00252720,0x00252720,,stub_code,0,1,1,17127,0.0000
0x0050d5b0,0x0050d5b0,,stub_code,0,4,4,17127,0.0000
0x0046de10,0x0046de10,,stub_code,0,1,1,2,0.0000
0x004b4610,0x004b4610,,stub_code,17,1,18,17127,3.5000
0x003ab6f0,0x003ab6f0,,stub_code,1,3,4,17127,0.0000
0x001a2dc0,0x001a2dc0,,stub_code,0,0,0,1,0.0000
0x004f6010,0x004f6010,,stub_code,1,4,5,17127,0.0000
0x004f25a0,0x004f25a0,,stub_code,1,1,2,17127,56.5000
0x0049fbe0,0x0049fbe0,,stub_code,2,1,3,17127,0.0000
0x0058ed60,0x0058ed60,,stub_code,0,1,1,17127,0.0000
0x004a8e30,0x004a8e30,,stub_code,4,1,5,17127,0.0000
0x00228d20,0x00228d20,,,1,0,1,17127,0.0000
0x003ad970,0x003ad970,,,1,0,1,17127,0.0000
0x00377e80,0x00377e80,,stub_code,1,13,14,17127,0.0000
0x0033f720,0x0033f720,,,1,0,1,17127,0.0000
0x004b9928,FUN_004b9928,,pseudo_stub,0,1,1,17127,0.0000
0x00317070,0x00317070,,stub_code,0,1,1,2,0.0000
0x0032aea0,0x0032aea0,,stub_code,0,4,4,17127,0.0000
0x004a43a8,0x004a43a8,,stub_code,0,1,1,17127,0.0000
0x0023eba0,0x0023eba0,,,3,0,3,17127,0.0000
0x00464ac0,0x00464ac0,,stub_code,1,6,7,17127,0.0000
0x002151c0,0x002151c0,,stub_code,2,1,3,17127,0.0000
0x00513300,0x00513300,,stub_code,1,2,3,17127,8.0000
0x001c52f0,0x001c52f0,,,1,0,1,17127,0.0000
0x001e4930,0x001e4930,,stub_code,1,8,9,17127,0.0000
0x003db8d0,0x003db8d0,,stub_code,1,3,4,17127,9.0000
0x00429d38,0x00429d38,,,1,0,1,17127,0.0000
0x002fb5b0,0x002fb5b0,,,1,0,1,17127,0.0000
0x0019c4e0,0x0019c4e0,,,1,0,1,17127,0.0000
0x00510830,0x00510830,,stub_code,1,1,2,17127,0.0000
0x0010b290,0x0010b290,,,1,0,1,17127,0.0000
0x004005c0,0x004005c0,,stub_code,0,0,0,1,0.0000
0x004b4770,0x004b4770,,stub_code,2,2,4,17127,1.0000
0x00508f00,0x00508f00,,,1,0,1,17127,0.0000
0x0053f0d0,0x0053f0d0,,stub_code,0,1,1,17127,0.0000
0x001efba0,0x001efba0,,stub_code,0,2,2,17127,0.0000
0x002019b0,0x002019b0,,stub_code,1,1,2,17127,0.0000
0x00130b30,0x00130b30,,,1,0,1,17127,0.0000
0x004c30f0,0x004c30f0,,stub_code,0,5,5,17127,0.0000
0x002931c0,0x002931c0,,stub_code,0,4,4,17127,0.0000
0x002b1860,0x002b1860,,stub_code,1,2,3,17127,0.0000
0x0031cc70,0x0031cc70,,,1,0,1,17127,0.0000
0x0030e9a0,0x0030e9a0,,stub_code,0,3,3,17127,0.0000
0x00482308,0x00482308,,,1,0,1,17127,0.0000
0x005737b0,0x005737b0,,stub_code,0,1,1,17127,0.0000
0x003d22f0,0x003d22f0,,stub_code,4,4,8,17127,0.0000
0x001a8d50,0x001a8d50,,stub_code,0,0,0,1,0.0000
0x00318c70,0x00318c70,,stub_code,1,2,3,17127,0.0000
0x004f2210,0x004f2210,,stub_code,136,1,137,17127,108.2500
0x005942a0,0x005942a0,,stub_code,0,5,5,17127,0.0000
0x0043c800,0x0043c800,,,1,0,1,17127,0.0000
0x005552b0,0x005552b0,,stub_code,5,4,9,17127,1.6667
0x00324230,0x00324230,,stub_code,0,5,5,17127,0.0000
0x0053ec30,0x0053ec30,,,1,0,1,2,0.0000
0x0050db60,0x0050db60,,stub_code,2,2,4,17127,0.0000
0x005c13c0,0x005c13c0,,,2,0,2,17127,0.0000
0x003453f0,0x003453f0,,,3,0,3,17127,0.0000
0x002c7560,0x002c7560,,stub_code,1,2,3,17127,1.0000
0x0042a798,0x0042a798,,stub_code,46,1,47,17127,21.0000
0x004e2900,0x004e2900,,stub_code,0,5,5,17127,0.0000
0x005832f0,0x005832f0,,stub_code,0,3,3,17127,0.0000
0x0032a370,0x0032a370,,stub_code,1,9,10,17127,0.0000
0x0028a370,0x0028a370,,stub_code,0,5,5,17127,0.0000
0x00533c90,0x00533c90,,stub_code,0,7,7,17127,0.0000
0x00443d28,0x00443d28,,stub_code,0,1,1,17127,0.0000
0x00365a20,0x00365a20,,stub_code,0,4,4,17127,0.0000
0x00243110,0x00243110,,,2,0,2,17127,0.0000
0x002793a0,0x002793a0,,stub_code,6,1,7,17127,0.0000
0x00567b40,0x00567b40,,stub_code,1,1,2,17127,2.3333
0x00171c30,0x00171c30,,,27,0,27,17127,0.0000
0x002850a0,0x002850a0,,stub_code,0,2,2,17127,0.0000
0x0031a840,0x0031a840,,,1,0,1,17127,0.0000
0x00484930,0x00484930,,stub_code,2,0,2,17127,0.0000
0x002aea40,0x002aea40,,stub_code,1,1,2,17127,0.0000
0x004a7b98,0x004a7b98,,stub_code,0,6,6,17127,0.0000
0x004b0040,0x004b0040,,stub_code,1,1,2,17127,0.0000
0x005fcb70,FUN_005fcb70,,pseudo_stub,0,0,0,1,0.0000
0x003d8ba0,0x003d8ba0,,stub_code,1,4,5,17127,0.0000
0x0049bd78,0x0049bd78,,stub_code,0,0,0,1,0.0000
0x002301b0,0x002301b0,,,1,0,1,17127,0.0000
0x00132540,0x00132540,,stub_code,1,19,20,17127,0.0000
0x0013de50,0x0013de50,,,1,0,1,17127,0.0000
0x00374780,0x00374780,,stub_code,1,1,2,17127,0.0000
0x0034a870,0x0034a870,,stub_code,1,2,3,17127,0.0000
0x004c0e10,0x004c0e10,,,5,0,5,17127,0.0000
0x0046bac0,0x0046bac0,,,1,0,1,17127,0.0000
0x0011f200,0x0011f200,,,8,0,8,17127,0.0000
0x004f7e90,0x004f7e90,,,3,0,3,17127,0.0000
0x002a7a70,0x002a7a70,,,1,0,1,17127,0.0000
0x002dc370,0x002dc370,,stub_code,0,7,7,17127,0.0000
0x002e0790,0x002e0790,,stub_code,1,12,13,17127,0.0000
0x00584420,0x00584420,,,2,0,2,17127,0.0000
0x004ce460,0x004ce460,,stub_code,0,1,1,17127,0.0000
0x002972b0,0x002972b0,,,1,0,1,17127,0.0000
0x00132300,0x00132300,,stub_code,1,0,1,17127,0.0000
0x00405370,0x00405370,,stub_code,0,1,1,17127,0.0000
0x0010c610,0x0010c610,,,8,0,8,17127,0.0000
0x002d9cb0,0x002d9cb0,,stub_code,0,4,4,17127,0.0000
0x005d3110,0x005d3110,,stub_code,1,4,5,17127,0.0000
0x0021b400,0x0021b400,,stub_code,1,0,1,17127,0.0000
0x00448960,0x00448960,,stub_code,3,1,4,17127,0.0000
0x001a1060,0x001a1060,,,1,0,1,17127,0.0000
0x00580ce0,0x00580ce0,,stub_code,0,4,4,17127,0.0000
0x003fddb0,0x003fddb0,,stub_code,0,3,3,17127,0.0000
0x001f9380,0x001f9380,,stub_code,1,6,7,17127,0.0000
0x003432c0,0x003432c0,,stub_code,3,0,3,17127,0.0000
0x002af1f0,0x002af1f0,,,1,0,1,17127,0.0000
0x0033fda0,0x0033fda0,,stub_code,3,1,4,17127,1.0000
0x005d4ee0,0x005d4ee0,,stub_code,0,1,1,17127,0.0000
0x001afc10,0x001afc10,,,4,0,4,17127,0.0000
0x0027a040,0x0027a040,,,1,0,1,17127,0.0000
0x00301c70,0x00301c70,,stub_code,0,1,1,17127,0.0000
0x00596f80,0x00596f80,,stub_code,0,3,3,17127,0.0000
0x004fc7b0,0x004fc7b0,,stub_code,0,5,5,17127,0.0000
0x00182ae0,0x00182ae0,,stub_code,1,1,2,17127,0.0000
0x0046fb40,0x0046fb40,,stub_code,1,1,2,17127,0.0000
0x005ee420,0x005ee420,,stub_code,0,1,1,2,0.0000
0x004ed5c0,0x004ed5c0,,stub_code,1,51,52,17127,0.0000
0x001aaf90,0x001aaf90,,stub_code,0,1,1,17127,0.0000
0x004cb4d0,0x004cb4d0,,stub_code,0,2,2,17127,0.0000
0x003a2170,0x003a2170,,stub_code,0,2,2,17127,0.0000
0x0056d8e0,0x0056d8e0,,stub_code,0,1,1,2,0.0000
0x0015d990,0x0015d990,,,12,0,12,17127,0.0000
0x003bf490,0x003bf490,,stub_code,1,1,2,17127,0.0000
0x005a7fb0,0x005a7fb0,,stub_code,0,4,4,17127,0.0000
0x003face8,0x003face8,,stub_code,1,1,2,17127,18.0000
0x00357a60,0x00357a60,,stub_code,2,3,5,17127,0.0000
0x0018f460,0x0018f460,,stub_code,1,1,2,17127,0.0000
0x001ca170,0x001ca170,,stub_code,1,8,9,17127,0.0000
0x00533df0,0x00533df0,,stub_code,1,5,6,17127,0.0000
0x002d8fe0,0x002d8fe0,,stub_code,0,1,1,17127,0.0000
0x0045b208,0x0045b208,,stub_code,0,1,1,17127,0.0000
0x004e4bd0,0x004e4bd0,,,2,0,2,17127,0.0000
0x00125d10,0x00125d10,,stub_code,0,6,6,17127,0.0000
0x0010f1b0,0x0010f1b0,,stub_code,1,6,7,17127,0.0000
0x00594bb0,0x00594bb0,,stub_code,0,5,5,17127,0.0000
0x0059e050,0x0059e050,,stub_code,0,5,5,17127,0.0000
0x0051ffc0,0x0051ffc0,,stub_code,0,1,1,17127,0.0000
0x0012b1c0,0x0012b1c0,,stub_code,1,2,3,17127,0.0000
0x001a9ef0,0x001a9ef0,,stub_code,0,1,1,17127,0.0000
0x00370d10,0x00370d10,,stub_code,1,8,9,17127,0.0000
0x002ce440,0x002ce440,,,1,0,1,17127,0.0000
0x001dac30,0x001dac30,,stub_code,1,1,2,17127,0.0000
0x0055afc0,0x0055afc0,,stub_code,1,4,5,17127,0.0000
0x004b8990,0x004b8990,,stub_code,0,1,1,17127,0.0000
0x0050d1f0,0x0050d1f0,,stub_code,0,3,3,17127,0.0000
0x0024ef20,0x0024ef20,,stub_code,1,2,3,17127,30.0000
0x00484088,0x00484088,,stub_thunk,0,0,0,1,0.0000
0x002929c0,0x002929c0,,,1,0,1,17127,0.0000
0x005647a0,0x005647a0,,,1,0,1,17127,0.0000
0x001c4aa0,0x001c4aa0,,stub_code,1,2,3,17127,0.0000
0x002f6f80,0x002f6f80,,,1,0,1,3,0.0000
0x0049e490,0x0049e490,,stub_code,0,1,1,3,0.0000
0x0056f660,0x0056f660,,,1,0,1,17127,0.0000
0x004b1718,0x004b1718,,stub_code,0,4,4,17127,0.0000
0x00400070,0x00400070,,stub_code,0,0,0,1,0.0000
0x004ae1f0,0x004ae1f0,,stub_code,1,7,8,17127,7.0000
0x00204910,0x00204910,,stub_code,1,1,2,17127,0.0000
0x0042d680,FUN_0042d680,,real_logic,2,1,3,17127,0.0000
0x0024c610,0x0024c610,,stub_code,0,0,0,1,0.0000
0x0052fea0,0x0052fea0,,stub_code,0,0,0,1,0.0000
0x0028d8d0,0x0028d8d0,,stub_code,1,2,3,17127,0.0000
0x005f6170,0x005f6170,,,5,0,5,17127,0.0000
0x00441fc0,0x00441fc0,,stub_code,0,1,1,17127,0.0000
0x002f5670,0x002f5670,,stub_code,0,1,1,17127,0.0000
0x0042acb0,FUN_0042acb0,,real_logic,0,1,1,3,0.0000
0x00599bc0,0x00599bc0,,stub_code,0,6,6,17127,0.0000
0x003a8850,0x003a8850,,stub_code,2,2,4,17127,0.0000
0x005fb230,0x005fb230,,stub_code,0,5,5,17127,0.0000
0x00261a90,0x00261a90,,,1,0,1,17127,0.0000
0x00348cc0,0x00348cc0,,stub_code,0,6,6,17127,0.0000
0x0042ba78,FUN_0042ba78,,real_logic,1,1,2,17127,21.0000
0x005688c0,0x005688c0,,stub_code,0,13,13,17127,0.0000
0x00467a88,0x00467a88,,stub_code,0,0,0,1,0.0000
0x0049c508,0x0049c508,,,19,0,19,17127,0.0000
0x003e85b0,0x003e85b0,,stub_code,2,23,25,17127,236.6667
0x00473ee0,0x00473ee0,,,2,0,2,17127,0.0000
0x004c7cb0,0x004c7cb0,,,2,0,2,17127,0.0000
0x00111030,0x00111030,,stub_code,1,2,3,17127,0.0000
0x0020ad90,0x0020ad90,,,1,0,1,17127,0.0000
0x00544e50,0x00544e50,,,2,0,2,17127,0.0000
0x0028cf10,0x0028cf10,,stub_code,4,2,6,17127,0.0000
0x004b1270,0x004b1270,,,1,0,1,17127,0.0000
0x00261980,0x00261980,,,2,0,2,17127,0.0000
0x0037b440,0x0037b440,,,1,0,1,17127,0.0000
0x0039cd90,0x0039cd90,,stub_code,2,7,9,17127,0.0000
0x00160610,0x00160610,,stub_code,2,1,3,17127,0.0000
0x00590bd0,0x00590bd0,,stub_code,1,2,3,17127,0.0000
0x005948d0,0x005948d0,,stub_code,0,5,5,17127,0.0000
0x004f6180,0x004f6180,,stub_code,1,1,2,17127,0.0000
0x002ecd40,0x002ecd40,,,1,0,1,17127,0.0000
0x00275070,0x00275070,,stub_code,0,10,10,17127,0.0000
0x004b7e68,0x004b7e68,,stub_code,1,5,6,17127,0.0000
0x002ec020,0x002ec020,,stub_code,0,5,5,17127,0.0000
0x00515c60,0x00515c60,,stub_code,0,1,1,17127,0.0000
0x0037b400,0x0037b400,,,2,0,2,17127,0.0000
0x00205450,0x00205450,,stub_code,0,4,4,17127,0.0000
0x004637b8,0x004637b8,,stub_code,1,1,2,17127,0.0000
0x0053a900,0x0053a900,,stub_code,0,4,4,17127,0.0000
0x0031e1a0,0x0031e1a0,,,2,0,2,17127,0.0000
0x00186680,0x00186680,,stub_code,3,2,5,17127,0.0000
0x004debd0,0x004debd0,,stub_code,1,2,3,17127,0.0000
0x001e4460,0x001e4460,,stub_code,1,1,2,17127,0.0000
0x004a3688,0x004a3688,,stub_code,4,1,5,17127,0.0000
0x0040b010,0x0040b010,,stub_code,1,2,3,17127,0.0000
0x0014c4b0,0x0014c4b0,,stub_code,0,1,1,17127,0.0000
0x004b2468,0x004b2468,,stub_code,2,3,5,17127,0.0000
0x002618a0,0x002618a0,,,30,0,30,17127,0.0000
0x005fe220,0x005fe220,,stub_code,0,2,2,17127,0.0000
0x002bc070,0x002bc070,,stub_code,1,1,2,17127,0.0000
0x004b0670,0x004b0670,,,5,0,5,17127,0.0000
0x004a74a0,0x004a74a0,,,2,0,2,17127,0.0000
0x004a7450,0x004a7450,,stub_code,3,1,4,17127,0.0000
0x005fc2b0,0x005fc2b0,,stub_code,7,2,9,17127,0.8000
0x005eec10,0x005eec10,,stub_code,0,1,1,17127,0.0000
0x002c5250,0x002c5250,,stub_code,1,7,8,17127,0.0000
0x00547ec0,0x00547ec0,,,2,0,2,17127,0.0000
0x00182d50,0x00182d50,,stub_code,1,6,7,17127,0.0000
0x0048bf30,0x0048bf30,,stub_code,0,1,1,17127,0.0000
0x00114fd0,0x00114fd0,,,2,0,2,17127,0.0000
0x004c1a60,0x004c1a60,,stub_code,0,3,3,17127,0.0000
0x005be2d0,0x005be2d0,,stub_code,0,1,1,17127,0.0000
0x00149670,0x00149670,,stub_code,1,13,14,17127,0.0000
0x0049e730,0x0049e730,,stub_code,1,1,2,17127,0.0000
0x004c0c00,0x004c0c00,,,2,0,2,17127,0.0000
0x003a14e0,0x003a14e0,,stub_code,1,14,15,17127,0.0000
0x00397ea0,0x00397ea0,,stub_code,1,2,3,17127,0.0000
0x002ff300,0x002ff300,,stub_code,4,5,9,17127,0.0000
0x00258e60,0x00258e60,,stub_code,0,0,0,1,0.0000
0x002dca30,0x002dca30,,stub_code,0,3,3,17127,0.0000
0x0057a4e0,0x0057a4e0,,,13,0,13,17127,0.0000
0x0030e550,0x0030e550,,stub_code,0,3,3,17127,0.0000
0x00597740,0x00597740,,stub_code,0,3,3,17127,0.0000
0x00112660,0x00112660,,stub_code,1,6,7,17127,0.0000
0x00308a20,0x00308a20,,stub_code,0,1,1,17127,0.0000
0x00363f60,0x00363f60,,stub_code,1,1,2,17127,0.0000
0x004f0da0,0x004f0da0,,stub_code,0,0,0,1,0.0000
0x003c4260,0x003c4260,,,1,0,1,17127,0.0000
0x00468870,0x00468870,,stub_code,0,1,1,2,0.0000
0x005f6820,0x005f6820,,stub_code,0,1,1,17127,0.0000
0x0020e030,0x0020e030,,stub_code,1,4,5,17127,0.0000
0x002d56b0,0x002d56b0,,stub_code,0,1,1,17127,0.0000
0x005019d0,0x005019d0,,stub_code,1,0,1,17127,0.0000
0x003b2a90,0x003b2a90,,,1,0,1,17127,0.0000
0x0044a8e0,0x0044a8e0,,,1,0,1,17127,0.0000
0x005a1750,0x005a1750,,,1,0,1,2,0.0000
0x003dd2d0,0x003dd2d0,,stub_code,1,2,3,17127,0.0000
0x004e4270,0x004e4270,,stub_code,0,1,1,17127,0.0000
0x0038f670,0x0038f670,,stub_code,1,1,2,17127,1.0000
0x002863d0,0x002863d0,,stub_code,0,4,4,17127,0.0000
0x001c8300,0x001c8300,,stub_code,0,4,4,17127,0.0000
0x001f9330,0x001f9330,,stub_code,0,0,0,1,0.0000
0x0033eec0,0x0033eec0,,stub_code,1,12,13,17127,0.0000
0x005ab510,0x005ab510,,stub_code,1,2,3,17127,0.0000
0x001bb020,0x001bb020,,stub_code,0,1,1,4,0.0000
0x004a3578,0x004a3578,,,7,0,7,17127,0.0000
0x0059d040,0x0059d040,,stub_code,0,6,6,17127,0.0000
0x003eddf0,FUN_003eddf0,,real_logic,1,0,1,17127,0.0000
0x004af3a8,0x004af3a8,,stub_code,2,1,3,17127,0.0000
0x0053b370,0x0053b370,,stub_code,0,1,1,17127,0.0000
0x004d8c70,0x004d8c70,,stub_code,1,2,3,17127,0.0000
0x00583ee0,0x00583ee0,,stub_code,0,3,3,17127,0.0000
0x005aa320,0x005aa320,,stub_code,0,9,9,17127,0.0000
0x0031a4e0,0x0031a4e0,,stub_code,0,5,5,17127,0.0000
0x003434b0,0x003434b0,,stub_code,1,10,11,17127,0.0000
0x004b4d08,0x004b4d08,,,1,0,1,17127,0.0000
0x0029f270,0x0029f270,,stub_code,1,1,2,17127,1.0000
0x0010bb50,0x0010bb50,,stub_code,1,24,25,17127,0.0000
0x0024afa0,0x0024afa0,,stub_code,0,1,1,20,0.0000
0x00285b60,0x00285b60,,stub_code,1,2,3,17127,0.0000
0x004e71c0,0x004e71c0,,stub_code,0,4,4,17127,0.0000
0x001eb260,0x001eb260,,stub_code,3,6,9,17127,0.0000
0x00291700,0x00291700,,stub_code,2,2,4,17127,0.0000
0x00484c20,0x00484c20,,,1,0,1,5,0.0000
0x004c48b0,0x004c48b0,,stub_code,0,5,5,17127,0.0000
0x005f7500,0x005f7500,,,3,0,3,17127,0.0000
0x004fdc60,FUN_004fdc60,,pseudo_stub,2,1,3,17127,0.0000
0x004a5538,0x004a5538,,stub_code,1,0,1,17127,0.0000
0x004e97b0,0x004e97b0,,stub_code,0,4,4,17127,0.0000
0x005ca8a0,0x005ca8a0,,,3,0,3,17127,0.0000
0x00121620,0x00121620,,,2,0,2,17127,0.0000
0x002cec10,0x002cec10,,stub_code,2,3,5,17127,0.0000
0x002592e0,0x002592e0,,stub_code,0,0,0,1,0.0000
0x0050b270,0x0050b270,,stub_code,0,20,20,17127,0.0000
0x00145b90,0x00145b90,,stub_code,1,1,2,17127,0.0000
0x0028b3f0,FUN_0028b3f0,,real_logic,2,0,2,17127,0.0000
0x00216990,0x00216990,,,3,0,3,17127,0.0000
0x004d0710,0x004d0710,,stub_code,0,2,2,17127,0.0000
0x0010d0c0,0x0010d0c0,,stub_code,1,4,5,17127,0.0000
0x00474150,0x00474150,,stub_code,2,5,7,17127,16.0000
0x001c8e50,0x001c8e50,,stub_code,1,1,2,17127,0.0000
0x004a3948,0x004a3948,,stub_code,0,6,6,17127,0.0000
0x0025ce60,0x0025ce60,,stub_code,0,1,1,17127,0.0000
0x005339f0,0x005339f0,,stub_code,1,2,3,17127,0.0000
0x005eb2e0,0x005eb2e0,,stub_code,0,3,3,17127,0.0000
0x00491650,0x00491650,,stub_code,0,1,1,17127,0.0000
0x00467b40,0x00467b40,,,1,0,1,17127,0.0000
0x003618d0,0x003618d0,,stub_code,0,2,2,17127,0.0000
0x005876a0,0x005876a0,,stub_code,0,2,2,17127,0.0000
0x002ee7b0,0x002ee7b0,,,8,0,8,17127,0.0000
0x00130a10,0x00130a10,,stub_code,0,1,1,17127,0.0000
0x0053b7a0,0x0053b7a0,,stub_code,0,0,0,1,0.0000
0x002cead0,0x002cead0,,,3,0,3,17127,0.0000
0x005fd1b0,0x005fd1b0,,stub_code,1,1,2,17127,9.0000
0x0034a100,0x0034a100,,stub_code,1,21,22,17127,0.0000
0x00598dc0,0x00598dc0,,,1,0,1,17127,0.0000
0x004e6670,0x004e6670,,stub_code,0,1,1,17127,0.0000
0x003c5d50,0x003c5d50,,,3,0,3,17127,0.0000
0x00599740,0x00599740,,stub_code,0,3,3,17127,0.0000
0x00479878,0x00479878,,stub_code,0,3,3,17127,0.0000
0x0016d6c0,0x0016d6c0,,stub_code,0,3,3,17127,0.0000
0x00475630,0x00475630,,stub_code,0,1,1,17127,0.0000
0x002c3740,0x002c3740,,stub_code,1,7,8,17127,0.0000
0x0046cd88,0x0046cd88,,,3,0,3,17127,0.0000
0x004e76b0,0x004e76b0,,stub_code,0,1,1,17127,0.0000
0x0056a8d0,0x0056a8d0,,stub_code,1,4,5,17127,0.0000
0x00189dd0,0x00189dd0,,stub_code,1,1,2,17127,0.5000
0x006c7cb0,0x006c7cb0,,stub_code,0,1,1,17127,0.0000
0x0025d110,0x0025d110,,stub_code,0,0,0,1,0.0000
0x00185250,FUN_00185250,,pseudo_stub,6,2,8,17127,0.0000
0x0028d2f0,0x0028d2f0,,stub_code,0,4,4,17127,0.0000
0x004c7120,0x004c7120,,stub_code,0,1,1,17127,0.0000
0x00174290,0x00174290,,stub_code,0,5,5,17127,0.0000
0x0043c7c0,0x0043c7c0,,,3,0,3,17127,0.0000
0x00366510,0x00366510,,stub_code,1,6,7,17127,0.0000
0x001c5f00,0x001c5f00,,,1,0,1,17127,0.0000
0x0051a5f0,0x0051a5f0,,,1,0,1,17127,0.0000
0x00207c40,0x00207c40,,stub_code,1,21,22,17127,0.0000
0x005186b0,0x005186b0,,stub_code,8,6,14,17127,0.0000
0x0034ca80,0x0034ca80,,stub_code,0,4,4,17127,0.0000
0x00472850,0x00472850,,,1,0,1,17127,0.0000
0x00364620,0x00364620,,stub_code,1,6,7,17127,0.0000
0x0030cb80,0x0030cb80,,stub_code,0,3,3,17127,0.0000
0x0015be40,0x0015be40,,stub_code,1,8,9,17127,0.0000
0x003f6bd0,0x003f6bd0,,,1,0,1,17127,0.0000
0x001453a0,0x001453a0,,stub_code,11,2,13,17127,0.0000
0x0028afa0,0x0028afa0,,stub_code,0,1,1,17127,0.0000
0x002f0bc0,0x002f0bc0,,,1,0,1,17127,0.0000
0x0030e0c0,0x0030e0c0,,,1,0,1,17127,0.0000
0x001c6570,0x001c6570,,stub_code,1,1,2,17127,0.0000
0x0023d920,0x0023d920,,stub_code,1,1,2,17127,0.0000
0x00332e30,0x00332e30,,stub_code,0,2,2,17127,0.0000
0x0055ed70,0x0055ed70,,stub_code,0,2,2,17127,0.0000
0x004d20d0,0x004d20d0,,stub_code,0,1,1,17127,0.0000
0x001b77e0,0x001b77e0,,stub_code,0,2,2,17127,0.0000
0x005bc9d0,0x005bc9d0,,stub_code,1,2,3,17127,0.0000
0x001c0020,0x001c0020,,stub_code,2,5,7,17127,0.0000
0x004958e0,0x004958e0,,stub_code,1,1,2,17127,0.0000
0x004ddb90,0x004ddb90,,stub_code,0,2,2,17127,0.0000
0x00590930,0x00590930,,stub_code,0,1,1,17127,0.0000
0x00283930,0x00283930,,stub_code,0,3,3,17127,0.0000
0x00327040,0x00327040,,stub_code,0,7,7,17127,0.0000
0x00262ce0,0x00262ce0,,stub_code,1,1,2,17127,0.0000
0x001308c0,0x001308c0,,stub_code,10,1,11,17127,1.0000
0x0021dd90,0x0021dd90,,stub_code,1,0,1,17127,0.0000
0x004cced0,0x004cced0,,stub_code,0,0,0,1,0.0000
0x0020ab00,0x0020ab00,,stub_code,1,1,2,17127,0.0000
0x002e41c0,0x002e41c0,,stub_code,1,3,4,17127,0.0000
0x00577d00,0x00577d00,,stub_code,2,6,8,17127,40.3333
0x00423b30,0x00423b30,,,2,0,2,17127,0.0000
0x004b5348,0x004b5348,,stub_code,0,2,2,17127,0.0000
0x001401f0,0x001401f0,,stub_code,0,0,0,1,0.0000
0x0026ebc0,0x0026ebc0,,stub_code,4,2,6,17127,0.0000
0x0033f7f0,0x0033f7f0,,,1,0,1,17127,0.0000
0x005a7160,0x005a7160,,,2,0,2,17127,0.0000
0x0025bc90,0x0025bc90,,stub_code,0,0,0,1,0.0000
0x00339f20,0x00339f20,,stub_code,0,3,3,4,0.0000
0x00470778,0x00470778,,stub_code,1,1,2,17127,0.0000
0x0040ebd0,0x0040ebd0,,stub_code,1,4,5,17127,0.0000
0x00258670,0x00258670,,stub_code,0,1,1,17127,0.0000
0x002f7e10,0x002f7e10,,stub_code,1,7,8,17127,0.0000
0x003427c0,0x003427c0,,stub_code,1,3,4,17127,0.0000
0x0026ef10,0x0026ef10,,,1,0,1,17127,0.0000
0x00474138,0x00474138,,stub_thunk,0,0,0,1,0.0000
0x00365480,0x00365480,,stub_code,1,1,2,17127,0.0000
0x00584640,0x00584640,,stub_code,1,2,3,17127,0.0000
0x00402f90,0x00402f90,,stub_code,0,4,4,17127,0.0000
0x0059f340,0x0059f340,,stub_code,0,9,9,17127,0.0000
0x00287c20,0x00287c20,,stub_code,0,4,4,17127,0.0000
0x003ddbb0,0x003ddbb0,,stub_code,1,6,7,17127,0.6667
0x00362c30,0x00362c30,,,1,0,1,17127,0.0000
0x004e8640,0x004e8640,,stub_code,0,5,5,17127,0.0000
0x004b2ec0,0x004b2ec0,,stub_code,0,0,0,1,0.0000
0x00332ee0,0x00332ee0,,,1,0,1,17127,0.0000
0x00253d80,0x00253d80,,stub_code,0,0,0,1,0.0000
0x003536b0,0x003536b0,,stub_code,1,1,2,17127,0.0000
0x002c5ac0,0x002c5ac0,,stub_code,1,1,2,17127,0.0000
0x0049f130,0x0049f130,,stub_code,0,0,0,1,0.0000
0x0020aff0,0x0020aff0,,stub_code,1,2,3,17127,0.0000
0x004d2130,0x004d2130,,stub_code,0,5,5,17127,0.0000
0x00314860,0x00314860,,stub_code,1,2,3,17127,0.0000
0x001e08b0,0x001e08b0,,stub_code,1,25,26,17127,0.0000
0x005f8680,0x005f8680,,stub_code,1,7,8,17127,0.0000
0x001f3ea0,0x001f3ea0,,,1,0,1,17127,0.0000
0x0047a0d8,0x0047a0d8,,stub_code,2,4,6,17127,0.0000
0x0038fcb0,0x0038fcb0,,stub_code,1,7,8,17127,0.0000
0x004c0480,0x004c0480,,stub_code,0,1,1,17127,0.0000
0x004a5498,0x004a5498,,stub_code,1,0,1,17127,0.0000
0x004ace18,0x004ace18,,stub_code,1,0,1,17127,0.0000
0x004a7cb8,0x004a7cb8,,stub_code,1,3,4,17127,0.0000
0x0016a9e0,0x0016a9e0,,,1,0,1,17127,0.0000
0x00378e60,0x00378e60,,stub_code,2,5,7,17127,0.0000
0x003314c0,0x003314c0,,,1,0,1,17127,0.0000
0x00469e88,0x00469e88,,,1,0,1,17127,0.0000
0x00182160,0x00182160,,stub_code,0,2,2,17127,0.0000
0x00170d10,0x00170d10,,stub_code,1,2,3,17127,0.0000
0x004b9848,0x004b9848,,stub_code,1,1,2,17127,0.0000
0x004d6330,0x004d6330,,stub_code,1,2,3,17127,0.0000
0x001c31e0,0x001c31e0,,,4,0,4,17127,0.0000
0x002825e0,0x002825e0,,,1,0,1,17127,0.0000
0x002d5050,0x002d5050,,,5,0,5,17127,0.0000
0x00136160,0x00136160,,,44,0,44,17127,0.0000
0x00112040,0x00112040,,,1,0,1,17127,0.0000
0x0019f130,FUN_0019f130,game/tuning,real_c,1,0,1,17127,0.0000
0x001733a0,0x001733a0,,stub_code,0,3,3,17127,0.0000
0x0021ae00,0x0021ae00,,stub_code,12,25,37,17127,0.0000
0x001c5390,0x001c5390,,stub_code,0,1,1,17127,0.0000
0x00315e70,0x00315e70,,,1,0,1,17127,0.0000
0x0016c3e0,0x0016c3e0,,stub_code,1,4,5,17127,0.0000
0x0030f690,0x0030f690,,stub_code,0,5,5,17127,0.0000
0x00182250,0x00182250,,stub_code,1,1,2,17127,0.0000
0x00510560,0x00510560,,stub_code,1,2,3,17127,0.0000
0x004c6110,0x004c6110,,stub_code,0,3,3,17127,0.0000
0x002e6b40,0x002e6b40,,stub_code,0,1,1,17127,0.0000
0x004a04e0,0x004a04e0,,stub_code,0,3,3,17127,0.0000
0x00475fb8,0x00475fb8,,stub_thunk,0,0,0,1,0.0000
0x0059cbb0,0x0059cbb0,,,1,0,1,2,0.0000
0x003694f0,0x003694f0,,stub_code,2,8,10,17127,0.0000
0x0053ad40,0x0053ad40,,stub_code,0,1,1,17127,0.0000
0x00570b40,0x00570b40,,stub_code,0,1,1,2,0.0000
0x00472d90,0x00472d90,,stub_code,0,0,0,1,0.0000
0x00121650,0x00121650,,,2,0,2,17127,0.0000
0x00308220,0x00308220,,stub_code,1,1,2,17127,0.0000
0x003ff160,0x003ff160,,stub_code,7,2,9,17127,0.0000
0x0015c400,0x0015c400,,stub_code,6,8,14,17127,0.0000
0x0034d060,0x0034d060,,,1,0,1,17127,0.0000
0x004e13d0,0x004e13d0,,,4,0,4,17127,0.0000
0x0030cc00,0x0030cc00,,stub_code,0,3,3,17127,0.0000
0x001165a0,0x001165a0,,stub_code,2,15,17,17127,0.0000
0x0031b5e0,0x0031b5e0,,stub_code,1,1,2,17127,9.0000
0x0034ec40,0x0034ec40,,stub_code,0,8,8,17127,0.0000
0x004c7390,0x004c7390,,stub_code,1,2,3,17127,0.0000
0x0010eff0,0x0010eff0,,,1,0,1,17127,0.0000
0x002d9030,0x002d9030,,stub_code,0,1,1,17127,0.0000
0x0025b290,0x0025b290,,stub_code,0,0,0,1,0.0000
0x005f4360,0x005f4360,,stub_code,0,4,4,17127,0.0000
0x0010e2a0,0x0010e2a0,,,2,0,2,17127,0.0000
0x00140d00,0x00140d00,,stub_code,0,7,7,17127,0.0000
0x00189c30,0x00189c30,,stub_code,0,1,1,17127,0.0000
0x00478a28,0x00478a28,,stub_code,2,3,5,17127,0.0000
0x004b28d8,0x004b28d8,,stub_code,0,0,0,1,0.0000
0x00512f80,0x00512f80,,stub_code,28,1,29,17127,0.3333
0x00455410,0x00455410,,stub_code,2,9,11,17127,17.1786
0x004db530,0x004db530,,stub_code,0,4,4,17127,0.0000
0x005e83a0,0x005e83a0,,,6,0,6,17127,0.0000
0x0024f5d0,0x0024f5d0,,stub_code,1,0,1,17127,0.0000
0x0019dc10,0x0019dc10,,stub_code,0,9,9,17127,0.0000
0x0056acb0,0x0056acb0,,stub_code,1,1,2,17127,0.0000
0x005133e0,0x005133e0,,stub_code,0,1,1,17127,0.0000
0x002b4da0,0x002b4da0,,stub_code,1,3,4,17127,0.0000
0x0059b190,0x0059b190,,stub_code,0,1,1,17127,0.0000
0x006c9db0,0x006c9db0,,stub_code,0,3,3,17127,0.0000
0x002ae760,0x002ae760,,,1,0,1,17127,0.0000
0x004276a0,0x004276a0,,,1,0,1,17127,0.0000
0x004814c0,0x004814c0,,stub_code,2,1,3,17127,0.0000
0x00102850,0x00102850,,,2,0,2,17127,0.0000
0x001c1ff0,0x001c1ff0,,,31,0,31,17127,0.0000
0x0043a4e8,0x0043a4e8,,stub_code,6,2,8,17127,3.7000
0x0041bcc0,0x0041bcc0,,,1,0,1,17127,0.0000
0x0030beb0,0x0030beb0,,stub_code,0,4,4,17127,0.0000
0x0058ec40,0x0058ec40,,stub_code,0,1,1,17127,0.0000
0x00201b20,0x00201b20,,stub_code,1,2,3,17127,0.0000
0x001fe790,0x001fe790,,stub_code,1,8,9,17127,0.0000
0x0058bc30,0x0058bc30,,stub_code,7,3,10,17127,0.0000
0x002894e0,0x002894e0,,stub_code,0,5,5,17127,0.0000
0x003e7140,0x003e7140,,stub_code,5,1,6,17127,0.0000
0x001cd1b0,0x001cd1b0,,stub_code,1,29,30,17127,936.7976
0x003fc830,0x003fc830,,stub_code,1,3,4,17127,0.0000
0x0051c300,0x0051c300,,stub_code,0,1,1,17127,0.0000
0x004012f0,0x004012f0,,stub_code,0,1,1,17127,0.0000
0x002b82f0,0x002b82f0,,stub_code,0,15,15,17127,0.0000
0x00111cf0,0x00111cf0,,stub_code,0,1,1,17127,0.0000
0x0031e920,0x0031e920,,stub_code,0,7,7,17127,0.0000
0x00540070,0x00540070,,stub_code,0,0,0,1,0.0000
0x005d41c0,0x005d41c0,,stub_code,0,3,3,17127,0.0000
0x00347de0,0x00347de0,,stub_code,1,2,3,17127,0.0000
0x0035a470,0x0035a470,,stub_code,1,1,2,17127,0.0000
0x004d3df0,0x004d3df0,,stub_code,0,4,4,17127,0.0000
0x0052e9f0,0x0052e9f0,,stub_code,0,2,2,17127,0.0000
0x0010dad0,0x0010dad0,,stub_code,1,3,4,17127,0.0000
0x002049a0,0x002049a0,,,1,0,1,17127,0.0000
0x004db7d0,0x004db7d0,,,1,0,1,17127,0.0000
0x003326c0,0x003326c0,,stub_code,0,5,5,17127,0.0000
0x004ab248,0x004ab248,,stub_code,2,0,2,17127,0.0000
0x004b40b0,0x004b40b0,,stub_code,0,4,4,17127,0.0000
0x002bafc0,0x002bafc0,,,1,0,1,17127,0.0000
0x0046a9e0,0x0046a9e0,,stub_code,0,0,0,1,0.0000
0x005679e0,0x005679e0,,stub_code,1,1,2,17127,2.3333
0x00147400,0x00147400,,stub_code,0,1,1,17127,0.0000
0x0029cf00,0x0029cf00,,,1,0,1,17127,0.0000
0x004d58c0,0x004d58c0,,,5,0,5,17127,0.0000
0x001b6fe0,0x001b6fe0,,stub_code,1,1,2,17127,0.0000
0x001282a0,0x001282a0,,stub_code,2,0,2,17127,0.0000
0x002c7030,0x002c7030,,stub_code,1,3,4,17127,1.0000
0x0011a7c0,0x0011a7c0,,stub_code,0,4,4,17127,0.0000
0x00265170,0x00265170,,,3,0,3,17127,0.0000
0x001fc270,0x001fc270,,stub_code,0,12,12,17127,0.0000
0x002feda0,0x002feda0,,stub_code,0,1,1,17127,0.0000
0x0021a790,0x0021a790,,,5,0,5,17127,0.0000
0x0046ff10,0x0046ff10,,stub_code,0,5,5,17127,0.0000
0x00112a90,0x00112a90,,,1,0,1,17127,0.0000
0x001963d0,FUN_001963d0,,real_logic,1,0,1,17127,0.0000
0x001189c0,0x001189c0,,stub_code,1,6,7,17127,7.0000
0x00254a60,0x00254a60,,stub_code,0,1,1,17127,0.0000
0x003fecd0,0x003fecd0,,stub_code,0,1,1,17127,0.0000
0x004bc350,0x004bc350,,stub_code,0,2,2,17127,0.0000
0x001911f0,0x001911f0,,stub_code,1,26,27,17127,0.0000
0x003c62f0,0x003c62f0,,stub_code,1,3,4,17127,1.3333
0x00211f30,0x00211f30,,stub_code,0,1,1,17127,0.0000
0x0023a990,0x0023a990,,stub_code,1,1,2,17127,0.0000
0x004d16e0,0x004d16e0,,,6,0,6,17127,0.0000
0x005d3af0,0x005d3af0,,,1,0,1,17127,0.0000
0x00263620,0x00263620,,,8,0,8,17127,0.0000
0x001a82f0,FUN_001a82f0,,pseudo_stub,0,0,0,1,0.0000
0x001949b0,0x001949b0,,stub_code,0,6,6,17127,0.0000
0x0037cc50,0x0037cc50,,,1,0,1,17127,0.0000
0x00578820,0x00578820,,,1,0,1,17127,0.0000
0x001a2d90,0x001a2d90,,stub_code,0,1,1,17127,0.0000
0x001bb910,0x001bb910,,,2,0,2,17127,0.0000
0x0053e040,0x0053e040,,stub_code,0,1,1,2,0.0000
0x002a33e0,0x002a33e0,,stub_code,1,2,3,17127,0.0000
0x005a3330,0x005a3330,,stub_code,0,1,1,2,0.0000
0x00331340,0x00331340,,stub_code,0,5,5,17127,0.0000
0x003c53e0,0x003c53e0,,stub_code,1,3,4,17127,0.0000
0x00260d40,0x00260d40,,stub_code,1,1,2,17127,0.0000
0x001f4100,0x001f4100,,stub_code,0,1,1,17127,0.0000
0x005de720,0x005de720,,stub_code,1,4,5,17127,0.0000
0x00268ca0,0x00268ca0,,stub_code,1,3,4,17127,0.0000
0x0011b5d0,0x0011b5d0,,,69,0,69,17127,0.0000
0x004c7c10,0x004c7c10,,stub_code,0,3,3,17127,0.0000
0x003b3a50,0x003b3a50,,stub_code,2,7,9,17127,0.0000
0x0033d420,0x0033d420,,stub_code,7,2,9,17127,1.9429
0x006cafa0,0x006cafa0,,stub_code,0,4,4,17127,0.0000
0x0013f310,0x0013f310,,stub_code,1,1,2,17127,0.0000
0x002b6790,0x002b6790,,,1,0,1,17127,0.0000
0x00337480,0x00337480,,,4,0,4,17127,0.0000
0x002dbcf0,0x002dbcf0,,,2,0,2,17127,0.0000
0x0027b0f0,0x0027b0f0,,stub_code,1,5,6,17127,0.0000
0x0040b1d0,0x0040b1d0,,stub_code,1,5,6,17127,0.0000
0x0026d3e0,0x0026d3e0,,,20,0,20,17127,0.0000
0x002697a0,0x002697a0,,stub_code,1,4,5,17127,0.0000
0x00213100,0x00213100,,stub_code,2,3,5,17127,0.0000
0x0013d210,0x0013d210,,stub_code,1,13,14,17127,0.0000
0x0054af30,0x0054af30,,stub_code,0,1,1,17127,0.0000
0x005b5ba0,0x005b5ba0,,stub_code,1,6,7,17127,0.0000
0x00165f60,0x00165f60,,stub_code,1,4,5,17127,0.0000
0x0059af60,0x0059af60,,stub_code,0,2,2,17127,0.0000
0x0018ccb0,0x0018ccb0,,stub_code,4,5,9,17127,5.8333
0x00187d30,0x00187d30,,stub_code,1,5,6,17127,0.0000
0x00585c00,0x00585c00,,,9,0,9,17127,0.0000
0x0059ce90,0x0059ce90,,stub_code,0,3,3,17127,0.0000
0x001a3530,0x001a3530,,stub_code,1,8,9,17127,0.0000
0x0023b970,0x0023b970,,stub_code,1,1,2,17127,0.0000
0x002e4720,0x002e4720,,,1,0,1,17127,0.0000
0x005a4f50,0x005a4f50,,stub_code,1,2,3,17127,11.4000
0x00115460,FUN_00115460,,real_logic,1,0,1,17127,0.0000
0x00445850,0x00445850,,,1,0,1,17127,0.0000
0x003be770,0x003be770,,,2,0,2,17127,0.0000
0x0044cdd0,0x0044cdd0,,,1,0,1,17127,0.0000
0x003a5080,0x003a5080,,,3,0,3,17127,0.0000
0x00473fb8,0x00473fb8,,stub_code,0,1,1,17127,0.0000
0x004b85c0,0x004b85c0,,,1,0,1,17127,0.0000
0x00383070,0x00383070,,stub_code,1,7,8,17127,0.0000
0x002b0720,0x002b0720,,stub_code,1,1,2,17127,0.0000
0x00172e00,0x00172e00,,stub_code,1,2,3,17127,0.0000
0x00133ad0,0x00133ad0,,stub_code,0,1,1,17127,0.0000
0x00124810,0x00124810,,stub_code,0,1,1,17127,0.0000
0x0026aad0,0x0026aad0,,,1,0,1,17127,0.0000
0x00570af0,0x00570af0,,stub_code,0,1,1,2,0.0000
0x00448a60,0x00448a60,,stub_code,24,1,25,17127,24.5000
0x004c8260,0x004c8260,,stub_code,0,3,3,17127,0.0000
0x00470fe8,0x00470fe8,,stub_code,0,1,1,17127,0.0000
0x003ab600,0x003ab600,,,1,0,1,17127,0.0000
0x002ae940,0x002ae940,,stub_code,1,1,2,17127,0.0000
0x001e5e40,0x001e5e40,,,1,0,1,17127,0.0000
0x004c6440,0x004c6440,,,1,0,1,2,0.0000
0x0018bd80,0x0018bd80,,stub_code,0,0,0,1,0.0000
0x005ea1f0,0x005ea1f0,,stub_code,1,2,3,17127,0.0000
0x005622a0,0x005622a0,,,1,0,1,17127,0.0000
0x00424ba0,0x00424ba0,,,1,0,1,17127,0.0000
0x0024b6e0,0x0024b6e0,,stub_code,0,0,0,1,0.0000
0x0056a350,0x0056a350,,stub_code,0,0,0,1,0.0000
0x002826f0,0x002826f0,,stub_code,0,1,1,17127,0.0000
0x0035a770,0x0035a770,,stub_code,1,3,4,17127,0.0000
0x004c8640,0x004c8640,,stub_code,0,1,1,17127,0.0000
0x0015b9f0,0x0015b9f0,,,12,0,12,17127,0.0000
0x00280d40,0x00280d40,,stub_code,0,1,1,17127,0.0000
0x00273930,0x00273930,,stub_code,0,4,4,17127,0.0000
0x002d9090,0x002d9090,,stub_code,0,8,8,17127,0.0000
0x00281f90,0x00281f90,,stub_code,0,5,5,17127,0.0000
0x0053f130,0x0053f130,,stub_code,0,7,7,17127,0.0000
0x00248890,0x00248890,,,1,0,1,17127,0.0000
0x005396a0,0x005396a0,,stub_code,0,2,2,17127,0.0000
0x00368720,0x00368720,,,2,0,2,17127,0.0000
0x00579520,0x00579520,,stub_code,1,2,3,17127,0.0000
0x002cf450,0x002cf450,,stub_code,0,1,1,17127,0.0000
0x004c9c80,0x004c9c80,,stub_code,0,2,2,17127,0.0000
0x00144540,0x00144540,,stub_code,0,1,1,17127,0.0000
0x0051e3d0,0x0051e3d0,,,2,0,2,17127,0.0000
0x0028f840,0x0028f840,,stub_code,1,2,3,17127,0.0000
0x005197b0,0x005197b0,,stub_code,1,7,8,17127,0.0000
0x00531a40,0x00531a40,,stub_code,0,5,5,17127,0.0000
0x005d3b60,0x005d3b60,,stub_code,1,1,2,17127,0.0000
0x002538d0,0x002538d0,,stub_code,0,0,0,1,0.0000
0x005209c0,0x005209c0,,stub_code,1,1,2,17127,0.0000
0x00427140,0x00427140,,stub_code,0,1,1,17127,0.0000
0x005aaf60,0x005aaf60,,stub_code,1,1,2,17127,0.0000
0x004df6a0,0x004df6a0,,stub_code,0,3,3,17127,0.0000
0x002ed020,0x002ed020,,stub_code,0,0,0,1,0.0000
0x0049b188,0x0049b188,,stub_code,0,4,4,17127,0.0000
0x001aecc0,0x001aecc0,,,1,0,1,17127,0.0000
0x004c2a20,0x004c2a20,,stub_code,0,8,8,17127,0.0000
0x0057ad00,0x0057ad00,,,6,0,6,17127,0.0000
0x003ffe40,0x003ffe40,,stub_code,0,2,2,17127,0.0000
0x0034db50,0x0034db50,,stub_code,0,1,1,17127,0.0000
0x004b8968,0x004b8968,,,3,0,3,17127,0.0000
0x00372ac0,0x00372ac0,,,1,0,1,17127,0.0000
0x00477270,0x00477270,,stub_code,1,14,15,17127,0.0000
0x0033c9e0,0x0033c9e0,,stub_code,1,1,2,17127,0.6667
0x004bdc70,0x004bdc70,,stub_code,0,1,1,17127,0.0000
0x00270da0,0x00270da0,,stub_code,0,4,4,17127,0.0000
0x004492c0,0x004492c0,,,2,0,2,17127,0.0000
0x0031cb60,0x0031cb60,,,1,0,1,17127,0.0000
0x002883e0,0x002883e0,,,1,0,1,17127,0.0000
0x004c3330,0x004c3330,,stub_code,0,6,6,17127,0.0000
0x0019a9e0,0x0019a9e0,,stub_code,0,5,5,17127,0.0000
0x00288010,0x00288010,,stub_code,0,4,4,17127,0.0000
0x00127ad0,0x00127ad0,,stub_code,1,4,5,17127,0.0000
0x00429ab0,0x00429ab0,,,1,0,1,17127,0.0000
0x0053ed30,0x0053ed30,,stub_code,0,8,8,17127,0.0000
0x00424760,0x00424760,,stub_code,3,1,4,17127,0.0000
0x00182ac0,0x00182ac0,,,2,0,2,17127,0.0000
0x004df730,0x004df730,,stub_code,0,1,1,2,0.0000
0x001d9220,0x001d9220,,stub_code,3,3,6,17127,0.0000
0x003578c0,0x003578c0,,stub_code,0,1,1,17127,0.0000
0x002145a0,0x002145a0,,stub_code,0,57,57,17127,0.0000
0x00146390,0x00146390,,stub_code,8,2,10,17127,0.0000
0x00477998,0x00477998,,,1,0,1,17127,0.0000
0x0031f1d0,0x0031f1d0,,,3,0,3,17127,0.0000
0x004aef68,0x004aef68,,,1,0,1,17127,0.0000
0x00577790,0x00577790,,stub_code,1,3,4,17127,0.3333
0x004efad0,0x004efad0,,stub_code,0,0,0,1,0.0000
0x0053e3b0,0x0053e3b0,,stub_code,0,4,4,17127,0.0000
0x0046d2c0,FUN_0046d2c0,,pseudo_stub,0,1,1,17127,0.0000
0x00256bd0,0x00256bd0,,stub_code,0,0,0,1,0.0000
0x003a9940,0x003a9940,,,1,0,1,17127,0.0000
0x0051ed30,0x0051ed30,,stub_code,1,1,2,17127,0.0000
0x004c96f0,0x004c96f0,,stub_code,0,2,2,17127,0.0000
0x0014d830,0x0014d830,,stub_code,1,4,5,17127,0.0000
0x002a3da0,0x002a3da0,,,1,0,1,17127,0.0000
0x00316980,0x00316980,,stub_code,0,1,1,17127,0.0000
0x00480808,0x00480808,,,1,0,1,17127,0.0000
0x00525ab0,0x00525ab0,,,1,0,1,17127,0.0000
0x0047d9b0,0x0047d9b0,,stub_code,1,0,1,17127,0.0000
0x005fba30,0x005fba30,,stub_code,0,8,8,17127,0.0000
0x00248550,0x00248550,,stub_code,0,0,0,1,0.0000
0x00361980,0x00361980,,stub_code,1,5,6,17127,0.0000
0x002d27a0,0x002d27a0,,stub_code,2,1,3,17127,0.0000
0x004d1c30,0x004d1c30,,stub_code,0,4,4,17127,0.0000
0x004700e8,0x004700e8,,stub_code,0,2,2,17127,0.0000
0x004bd400,0x004bd400,,stub_code,0,3,3,17127,0.0000
0x005110e0,0x005110e0,,,655,0,655,17127,0.0000
0x00293730,0x00293730,,stub_code,1,4,5,17127,0.0000
0x0012fb20,0x0012fb20,,stub_code,0,16,16,17127,0.0000
0x00264150,0x00264150,,stub_code,1,1,2,17127,0.0000
0x0034d9e0,0x0034d9e0,,stub_code,2,3,5,17127,0.0000
0x0043d7a0,0x0043d7a0,,stub_code,1,1,2,17127,0.0000
0x00590da0,0x00590da0,,stub_code,0,1,1,17127,0.0000
0x005a9790,0x005a9790,,stub_code,0,5,5,17127,0.0000
0x00596260,0x00596260,,stub_code,0,5,5,17127,0.0000
0x00470858,0x00470858,,,4,0,4,17127,0.0000
0x0019feb0,0x0019feb0,,stub_code,1,25,26,17127,0.0000
0x0040edc0,0x0040edc0,,stub_code,5,3,8,17127,0.0000
0x003c0610,0x003c0610,,,1,0,1,17127,0.0000
0x0031e570,0x0031e570,,stub_code,0,1,1,17127,0.0000
0x004dce90,0x004dce90,,stub_code,0,5,5,17127,0.0000
0x003955c0,FUN_003955c0,math/matrix,real_c,0,0,0,1,0.0000
0x005ea3f0,0x005ea3f0,,stub_code,1,2,3,17127,0.0000
0x001d1b80,0x001d1b80,,stub_code,0,5,5,17127,0.0000
0x0049b7b8,0x0049b7b8,,stub_thunk,2,0,2,17127,0.0000
0x004d2a50,0x004d2a50,,stub_code,0,6,6,17127,0.0000
0x001bc350,0x001bc350,,stub_code,2,0,2,17127,0.0000
0x00549880,0x00549880,,stub_code,0,1,1,17127,0.0000
0x004e4df0,0x004e4df0,,,3,0,3,17127,0.0000
0x00545750,0x00545750,,stub_code,0,1,1,17127,0.0000
0x0048c378,0x0048c378,,stub_code,0,1,1,17127,0.0000
0x001b07c0,0x001b07c0,,stub_code,1,2,3,17127,0.0000
0x0037ab50,0x0037ab50,,,3,0,3,17127,0.0000
0x00468a28,0x00468a28,,stub_code,0,1,1,2,0.0000
0x00252df0,0x00252df0,,stub_code,0,0,0,1,0.0000
0x00496c28,0x00496c28,,,1,0,1,17127,0.0000
0x002ad060,0x002ad060,,stub_code,0,3,3,17127,0.0000
0x003382c0,0x003382c0,,stub_code,11,2,13,17127,53.0000
0x00115f80,0x00115f80,,,1,0,1,17127,0.0000
0x00426100,0x00426100,,,4,0,4,17127,0.0000
0x005708a0,0x005708a0,,stub_code,0,2,2,17127,0.0000
0x002e9ed0,0x002e9ed0,,stub_code,12,3,15,17127,9.0000
0x0046b890,0x0046b890,,stub_code,1,3,4,17127,0.0000
0x00118470,0x00118470,,stub_code,2,2,4,17127,141.1667
0x001c3a60,0x001c3a60,,stub_code,8,12,20,17127,0.0000
0x0021cee0,0x0021cee0,,,5,0,5,17127,0.0000
0x002737c0,0x002737c0,,stub_code,0,1,1,17127,0.0000
0x0015f090,0x0015f090,,stub_code,2,32,34,17127,0.0000
0x004d79e0,0x004d79e0,,stub_code,0,1,1,2,0.0000
0x0036a290,0x0036a290,,stub_code,1,1,2,17127,0.0000
0x00197510,0x00197510,,stub_code,1,4,5,17127,0.0000
0x0034bd80,0x0034bd80,,stub_code,0,11,11,17127,0.0000
0x004b01d8,0x004b01d8,,stub_code,0,3,3,17127,0.0000
0x004dffc0,0x004dffc0,,stub_code,0,7,7,17127,0.0000
0x00515c00,0x00515c00,,stub_code,0,1,1,17127,0.0000
0x004b84d0,0x004b84d0,,,1,0,1,17127,0.0000
0x005f76d0,0x005f76d0,,,1,0,1,2,0.0000
0x00372340,0x00372340,,stub_code,6,2,8,17127,0.0000
0x0020aba0,0x0020aba0,,,16,0,16,17127,0.0000
0x00118970,0x00118970,,,6,0,6,17127,0.0000
0x0046f9e0,0x0046f9e0,,,1,0,1,17127,0.0000
0x005d4210,0x005d4210,,stub_code,1,3,4,17127,0.0000
0x004590c0,0x004590c0,,stub_code,1,1,2,17127,0.0000
0x002d3830,0x002d3830,,stub_code,1,3,4,17127,0.0000
0x001d32d0,0x001d32d0,,stub_code,0,1,1,17127,0.0000
0x005ef2e0,0x005ef2e0,,stub_code,0,1,1,17127,0.0000
0x0059aa60,0x0059aa60,,,1,0,1,17127,0.0000
0x001a6410,0x001a6410,,,1,0,1,17127,0.0000
0x0036c380,0x0036c380,,stub_code,2,1,3,17127,0.0000
0x00481b40,0x00481b40,,stub_code,19,1,20,17127,0.0000
0x005111f0,0x005111f0,,,12,0,12,17127,0.0000
0x0047ca58,FUN_0047ca58,,pseudo_stub,0,1,1,17127,0.0000
0x003ddb40,0x003ddb40,,stub_code,1,2,3,17127,0.0000
0x001821c0,0x001821c0,,,1,0,1,17127,0.0000
0x00118bb0,0x00118bb0,,stub_code,2,2,4,17127,0.0000
0x002c4940,0x002c4940,,,3,0,3,17127,0.0000
0x00482aa0,0x00482aa0,,stub_code,0,1,1,17127,0.0000
0x004204e0,0x004204e0,,,1,0,1,17127,0.0000
0x00260f70,0x00260f70,,stub_code,1,1,2,4,0.0000
0x00188fc0,0x00188fc0,,stub_code,6,1,7,17127,0.0000
0x004244c0,0x004244c0,,stub_code,1,2,3,17127,0.0000
0x0056ab40,0x0056ab40,,stub_code,1,3,4,17127,0.0000
0x001ed1d0,0x001ed1d0,,stub_code,0,3,3,17127,0.0000
0x003389c0,0x003389c0,,stub_code,1,1,2,17127,0.0000
0x003402b0,0x003402b0,,,1,0,1,17127,0.0000
0x002541a0,0x002541a0,,stub_code,0,0,0,1,0.0000
0x002f2e50,0x002f2e50,,stub_code,0,10,10,17127,0.0000
0x004ad840,0x004ad840,,stub_code,1,1,2,17127,0.0000
0x0014fcd0,0x0014fcd0,,stub_code,1,8,9,17127,0.0000
0x0040b990,0x0040b990,,,1,0,1,17127,0.0000
0x004a17f8,0x004a17f8,,stub_code,1,0,1,17127,0.0000
0x005958e0,0x005958e0,,stub_code,0,5,5,17127,0.0000
0x00362920,0x00362920,,,2,0,2,17127,0.0000
0x001a7980,0x001a7980,,stub_code,1,5,6,17127,0.0000
0x00366f00,0x00366f00,,stub_code,2,5,7,17127,0.0000
0x004f62f0,0x004f62f0,,,1,0,1,17127,0.0000
0x003688b0,0x003688b0,,,19,0,19,17127,0.0000
0x00157960,0x00157960,,stub_code,1,1,2,17127,0.0000
0x0027dc10,0x0027dc10,,,2,0,2,17127,0.0000
0x00491540,0x00491540,,,1,0,1,2,0.0000
0x004c5190,0x004c5190,,stub_code,0,3,3,17127,0.0000
0x002bc280,0x002bc280,,stub_code,2,32,34,17127,22.9333
0x002d4fe0,0x002d4fe0,,stub_code,8,3,11,17127,3.1333
0x001110b0,0x001110b0,,stub_code,0,1,1,17127,0.0000
0x0026aae0,0x0026aae0,,,1,0,1,17127,0.0000
0x001ed7b0,0x001ed7b0,,stub_code,0,4,4,17127,0.0000
0x00591010,0x00591010,,stub_code,0,7,7,17127,0.0000
0x003f2f30,0x003f2f30,,,79,0,79,17127,0.0000
0x0037b920,0x0037b920,,stub_code,2,3,5,17127,0.0000
0x00250450,0x00250450,,stub_code,0,1,1,15,0.0000
0x004de690,0x004de690,,stub_code,0,1,1,17127,0.0000
0x00128130,0x00128130,,,4,0,4,17127,0.0000
0x0050a0a0,0x0050a0a0,,stub_code,1,1,2,17127,0.0000
0x00186710,0x00186710,,stub_code,2,6,8,17127,6.5000
0x005f9a70,0x005f9a70,,stub_code,0,0,0,1,0.0000
0x003b9120,0x003b9120,,,1,0,1,17127,0.0000
0x00258fe0,0x00258fe0,,stub_code,0,0,0,1,0.0000
0x001a4f70,0x001a4f70,,stub_code,0,1,1,17127,0.0000
0x003ec8d0,0x003ec8d0,,stub_code,12,1,13,17127,10.2143
0x00520210,0x00520210,,stub_code,0,1,1,17127,0.0000
0x003f68e0,0x003f68e0,,stub_code,21,0,21,17127,0.0000
0x00460c60,0x00460c60,,stub_code,1,1,2,17127,0.0000
0x003fc3b8,0x003fc3b8,,,1,0,1,17127,0.0000
0x005c1c80,0x005c1c80,,stub_code,4,6,10,17127,0.0000
0x0036a5a0,0x0036a5a0,,,1,0,1,17127,0.0000
0x00331bf0,0x00331bf0,,stub_code,0,1,1,17127,0.0000
0x004bbc50,0x004bbc50,,stub_code,0,1,1,17127,0.0000
0x00555230,0x00555230,,stub_code,0,2,2,17127,0.0000
0x001a7c00,0x001a7c00,,stub_code,0,15,15,17127,0.0000
0x00259030,0x00259030,,stub_code,0,1,1,17127,0.0000
0x0046d250,0x0046d250,,stub_code,0,1,1,17127,0.0000
0x0018dff0,0x0018dff0,,stub_code,1,1,2,17127,0.0000
0x00484bf0,0x00484bf0,,,1,0,1,17127,0.0000
0x00145aa0,0x00145aa0,,stub_code,1,4,5,17127,0.0000
0x002fe2d0,0x002fe2d0,,stub_code,0,3,3,17127,0.0000
0x0033bed0,0x0033bed0,,,1,0,1,17127,0.0000
0x001a7ff0,0x001a7ff0,,,1,0,1,17127,0.0000
0x00327e80,0x00327e80,,stub_code,0,1,1,17127,0.0000
0x00544f90,0x00544f90,,stub_code,0,7,7,17127,0.0000
0x00136f30,0x00136f30,,,1,0,1,17127,0.0000
0x001c41d0,0x001c41d0,,stub_code,4,2,6,17127,0.0000
0x003c79b0,0x003c79b0,,stub_code,1,2,3,17127,0.0000
0x00310310,0x00310310,,stub_code,1,3,4,17127,0.0000
0x00252ff0,0x00252ff0,,stub_code,0,1,1,17127,0.0000
0x00312b60,0x00312b60,,stub_code,0,2,2,17127,0.0000
0x002b0820,0x002b0820,,stub_code,1,2,3,17127,0.0000
0x003307d0,0x003307d0,,stub_code,0,1,1,17127,0.0000
0x005eae10,0x005eae10,,stub_code,0,3,3,17127,0.0000
0x0016b550,0x0016b550,,,1,0,1,17127,0.0000
0x0053f370,0x0053f370,,,2,0,2,17127,0.0000
0x0043e558,0x0043e558,,stub_code,2,8,10,17127,97.3333
0x00138690,0x00138690,,stub_code,1,1,2,17127,0.0000
0x0044f6b0,0x0044f6b0,,,1,0,1,17127,0.0000
0x0054c1c0,0x0054c1c0,,stub_code,0,5,5,17127,0.0000
0x0024d3f0,0x0024d3f0,,stub_code,0,1,1,17127,0.0000
0x003096a0,0x003096a0,,stub_code,0,2,2,17127,0.0000
0x004c40c0,0x004c40c0,,stub_code,0,5,5,17127,0.0000
0x0010dd90,0x0010dd90,,stub_code,2,0,2,17127,0.0000
0x001a3eb0,0x001a3eb0,,stub_code,1,7,8,17127,0.0000
0x00510330,0x00510330,,,35,0,35,17127,0.0000
0x004c1bf0,0x004c1bf0,,stub_code,0,1,1,17127,0.0000
0x0053e490,0x0053e490,,,1,0,1,2,0.0000
0x0015d610,0x0015d610,,stub_code,2,2,4,17127,0.0000
0x00461020,0x00461020,,stub_code,1,7,8,17127,3.6667
0x001507c0,0x001507c0,,stub_code,0,9,9,17127,0.0000
0x005e0800,0x005e0800,,stub_code,1,4,5,17127,0.0000
0x0036e270,0x0036e270,,stub_code,1,2,3,17127,0.0000
0x004450f0,FUN_004450f0,,pseudo_stub,0,1,1,17127,0.0000
0x00136750,0x00136750,,stub_code,0,2,2,17127,0.0000
0x004fe150,0x004fe150,,stub_code,0,1,1,17127,0.0000
0x001fbc30,0x001fbc30,,stub_code,0,0,0,1,0.0000
0x00272ea0,0x00272ea0,,stub_code,1,2,3,17127,0.0000
0x00493868,0x00493868,,stub_code,1,1,2,17127,0.0000
0x0033a420,0x0033a420,,stub_code,3,4,7,17127,0.0000
0x0031e390,0x0031e390,,stub_code,0,4,4,17127,0.0000
0x003e3dc0,0x003e3dc0,,stub_code,5,1,6,17127,0.0000
0x004aa750,0x004aa750,,stub_code,1,2,3,17127,0.0000
0x004a4818,0x004a4818,,,2,0,2,17127,0.0000
0x001767a0,0x001767a0,,stub_code,0,3,3,17127,0.0000
0x005570d0,0x005570d0,,stub_code,1,4,5,17127,0.0000
0x001c7020,0x001c7020,,stub_code,1,1,2,17127,0.0000
0x005066e0,0x005066e0,,stub_code,2,3,5,17127,0.0000
0x00585300,0x00585300,,,1,0,1,2,0.0000
0x005da950,0x005da950,,stub_code,0,1,1,17127,0.0000
0x00591800,0x00591800,,stub_code,0,1,1,17127,0.0000
0x005c69e0,0x005c69e0,,stub_code,1,32,33,17127,0.0000
0x00304190,0x00304190,,stub_code,0,1,1,17127,0.0000
0x0047a900,0x0047a900,,stub_code,6,1,7,17127,0.0000
0x0045b830,0x0045b830,,stub_code,2,10,12,17127,46.0000
0x004adae0,0x004adae0,,stub_code,1,4,5,17127,0.0000
0x005d9240,0x005d9240,,stub_code,0,0,0,1,0.0000
0x005ea470,0x005ea470,,stub_code,1,2,3,17127,0.0000
0x0029de30,0x0029de30,,stub_code,1,1,2,17127,1.0000
0x003193d0,0x003193d0,,,1,0,1,2,0.0000
0x001c9940,0x001c9940,,stub_code,1,1,2,17127,0.0000
0x00592700,0x00592700,,,2,0,2,17127,0.0000
0x002a6d10,0x002a6d10,,stub_code,0,0,0,1,0.0000
0x00338a30,0x00338a30,,stub_code,1,1,2,17127,1.5000
0x00494808,0x00494808,,stub_code,0,1,1,17127,0.0000
0x005379d0,0x005379d0,,stub_code,0,1,1,17127,0.0000
0x00128a80,0x00128a80,,,1,0,1,4,0.0000
0x003477f0,0x003477f0,,stub_code,12,5,17,17127,0.0000
0x0013e590,0x0013e590,,,3,0,3,17127,0.0000
0x004c1020,0x004c1020,,,2,0,2,17127,0.0000
0x00169780,0x00169780,,stub_code,2,3,5,17127,0.0000
0x002a3eb0,0x002a3eb0,,,2,0,2,17127,0.0000
0x0014e4c0,0x0014e4c0,,,2,0,2,17127,0.0000
0x0021bd00,0x0021bd00,,stub_code,1,30,31,17127,0.0000
0x0011ad50,0x0011ad50,,stub_code,1,5,6,17127,0.0000
0x003ad1e0,0x003ad1e0,,stub_code,1,2,3,17127,0.0000
0x001de9d0,0x001de9d0,,stub_code,0,1,1,5,0.0000
0x003213f0,0x003213f0,,stub_code,1,3,4,17127,0.0000
0x00115ca0,0x00115ca0,,stub_code,1,5,6,17127,0.0000
0x0023b140,0x0023b140,,stub_code,10,0,10,17127,0.0000
0x00499600,0x00499600,,,1,0,1,17127,0.0000
0x0031ccb0,0x0031ccb0,,,1,0,1,17127,0.0000
0x002bef90,0x002bef90,,stub_code,0,1,1,17127,0.0000
0x005d2110,0x005d2110,,stub_code,1,2,3,17127,0.0000
0x004586e0,0x004586e0,,stub_code,2,4,6,17127,22.5635
0x003eceb0,0x003eceb0,,stub_code,71,2,73,17127,2.0000
0x00446628,0x00446628,,,1,0,1,17127,0.0000
0x0053ba50,0x0053ba50,,stub_code,0,3,3,17127,0.0000
0x0050f390,0x0050f390,,,1,0,1,17127,0.0000
0x00328850,0x00328850,,stub_code,0,8,8,17127,0.0000
0x004dedb0,0x004dedb0,,stub_code,0,13,13,17127,0.0000
0x0050a380,FUN_0050a380,,pseudo_stub,0,1,1,17127,0.0000
0x005f40d0,0x005f40d0,,,2,0,2,17127,0.0000
0x0024ffd0,0x0024ffd0,,stub_code,1,0,1,17127,0.0000
0x003228b0,0x003228b0,,stub_code,0,3,3,17127,0.0000
0x004c6530,0x004c6530,,stub_code,0,1,1,2,0.0000
0x004b6760,0x004b6760,,stub_code,0,2,2,17127,0.0000
0x00365660,0x00365660,,stub_code,0,2,2,17127,0.0000
0x001a9990,0x001a9990,,stub_code,0,2,2,17127,0.0000
0x0045b668,0x0045b668,,stub_code,1,4,5,17127,0.0000
0x004ecd50,0x004ecd50,,,1,0,1,17127,0.0000
0x003c7670,0x003c7670,,,2,0,2,17127,0.0000
0x004b4600,0x004b4600,,,2,0,2,17127,0.0000
0x002d0d30,0x002d0d30,,stub_code,1,2,3,17127,0.0000
0x005f66b0,0x005f66b0,,stub_code,0,3,3,17127,0.0000
0x00368830,0x00368830,,stub_code,2,2,4,17127,0.0000
0x00122190,0x00122190,,stub_code,1,2,3,17127,0.0000
0x001125b0,0x001125b0,,stub_code,0,1,1,17127,0.0000
0x00390eb0,0x00390eb0,,stub_code,2,1,3,17127,0.0000
0x005d6330,0x005d6330,,stub_code,1,1,2,17127,0.0000
0x00314800,0x00314800,,,1,0,1,17127,0.0000
0x0045deb0,0x0045deb0,,stub_code,0,1,1,17127,0.0000
0x00437628,0x00437628,,,2,0,2,17127,0.0000
0x0049b390,0x0049b390,,,2,0,2,17127,0.0000
0x0058f390,0x0058f390,,,2,0,2,17127,0.0000
0x0047ce88,0x0047ce88,,stub_code,2,2,4,17127,0.0000
0x002588b0,0x002588b0,,stub_code,0,1,1,17127,0.0000
0x0059e920,0x0059e920,,,2,0,2,17127,0.0000
0x00292d60,0x00292d60,,stub_code,1,1,2,17127,0.0000
0x00328e60,0x00328e60,,,1,0,1,17127,0.0000
0x00289ae0,0x00289ae0,,stub_code,0,4,4,17127,0.0000
0x001b9010,0x001b9010,,stub_code,1,1,2,17127,0.0000
0x005466f0,0x005466f0,,stub_code,0,1,1,17127,0.0000
0x002d46b0,0x002d46b0,,,15,0,15,17127,0.0000
0x00366820,0x00366820,,,3,0,3,17127,0.0000
0x0041b9e0,0x0041b9e0,,,3,0,3,17127,0.0000
0x0052f1d0,0x0052f1d0,,stub_code,0,10,10,17127,0.0000
0x002e2f30,0x002e2f30,,stub_code,0,3,3,17127,0.0000
0x004bcac0,0x004bcac0,,stub_code,2,2,4,17127,0.0000
0x0017c850,0x0017c850,,,12,0,12,17127,0.0000
0x004e01c0,0x004e01c0,,stub_code,0,5,5,17127,0.0000
0x002e9990,0x002e9990,,stub_code,0,2,2,17127,0.0000
0x004a0880,0x004a0880,,stub_code,1,3,4,17127,0.0000
0x001fe6e0,0x001fe6e0,,stub_code,0,2,2,17127,0.0000
0x004ab2b8,0x004ab2b8,,stub_code,0,0,0,1,0.0000
0x0013fe80,0x0013fe80,,stub_code,0,1,1,17127,0.0000
0x0039d980,0x0039d980,,,1,0,1,17127,0.0000
0x002f91b0,0x002f91b0,,,1,0,1,17127,0.0000
0x00336c20,0x00336c20,,,1,0,1,17127,0.0000
0x0051f6b0,0x0051f6b0,,stub_code,0,1,1,17127,0.0000
0x0011cda0,0x0011cda0,,stub_code,1,0,1,17127,0.0000
0x005ea370,0x005ea370,,stub_code,1,2,3,17127,0.0000
0x00542050,0x00542050,,stub_code,0,5,5,17127,0.0000
0x002fc7e0,0x002fc7e0,,stub_code,0,4,4,17127,0.0000
0x00179ff0,0x00179ff0,,stub_code,1,3,4,17127,0.0000
0x001fe330,0x001fe330,,stub_code,0,0,0,1,0.0000
0x003abd40,0x003abd40,,stub_code,2,2,4,17127,0.0000
0x0029b4f0,0x0029b4f0,,stub_code,1,1,2,17127,0.0000
0x0016ccd0,0x0016ccd0,,stub_code,1,2,3,17127,0.0000
0x004cbc00,0x004cbc00,,stub_code,0,1,1,17127,0.0000
0x0018af40,0x0018af40,,stub_code,1,1,2,17127,0.0000
0x0029be60,0x0029be60,,stub_code,0,0,0,1,0.0000
0x00437a80,0x00437a80,,stub_code,0,2,2,17127,0.0000
0x004da690,0x004da690,,,4,0,4,17127,0.0000
0x00200410,0x00200410,,stub_code,4,3,7,17127,0.0000
0x004b8b80,0x004b8b80,,,1,0,1,17127,0.0000
0x0049fe60,0x0049fe60,,stub_code,0,0,0,1,0.0000
0x001ec060,0x001ec060,,stub_code,2,2,4,17127,0.0000
0x0016a5d0,0x0016a5d0,,,1,0,1,17127,0.0000
0x00147190,0x00147190,,stub_code,0,2,2,17127,0.0000
0x0046d8e8,0x0046d8e8,,stub_code,0,13,13,17127,0.0000
0x004b0dc0,0x004b0dc0,,,1,0,1,17127,0.0000
0x001a1d90,0x001a1d90,,stub_code,0,2,2,17127,0.0000
0x00448d40,FUN_00448d40,,pseudo_stub,2,1,3,17127,1.0000
0x00399520,0x00399520,,stub_code,3,25,28,17127,0.0000
0x004be340,0x004be340,,stub_code,0,7,7,17127,0.0000
0x0025bb70,0x0025bb70,,stub_code,0,0,0,1,0.0000
0x00299f30,0x00299f30,,,2,0,2,17127,0.0000
0x00155670,0x00155670,,stub_code,0,2,2,17127,0.0000
0x00393c90,0x00393c90,,,1,0,1,17127,0.0000
0x0029e100,0x0029e100,,stub_code,1,1,2,17127,1.0000
0x0040de50,0x0040de50,,,2,0,2,17127,0.0000
0x00115d80,0x00115d80,,stub_code,2,2,4,17127,0.0000
0x00309c10,0x00309c10,,stub_code,0,1,1,17127,0.0000
0x0048c168,0x0048c168,,stub_code,0,1,1,17127,0.0000
0x004a52b8,0x004a52b8,,,1,0,1,17127,0.0000
0x0058b5f0,0x0058b5f0,,stub_code,1,2,3,17127,2.0000
0x00467760,0x00467760,,stub_code,0,1,1,17127,0.0000
0x005a1190,0x005a1190,,stub_code,1,2,3,17127,0.0000
0x001bcb90,0x001bcb90,,stub_code,0,3,3,17127,0.0000
0x00215e00,0x00215e00,,,11,0,11,17127,0.0000
0x00259570,0x00259570,,stub_code,0,1,1,17127,0.0000
0x0031efd0,0x0031efd0,,stub_code,0,6,6,17127,0.0000
0x004ccb90,0x004ccb90,,stub_code,0,1,1,17127,0.0000
0x001dfdf0,0x001dfdf0,,stub_code,0,3,3,17127,0.0000
0x00379c30,0x00379c30,,stub_code,1,3,4,17127,0.0000
0x00431548,0x00431548,,stub_code,1,3,4,17127,0.0000
0x0023aa50,0x0023aa50,,stub_code,1,3,4,17127,0.0000
0x005eb380,0x005eb380,,,1,0,1,2,0.0000
0x0012cf50,0x0012cf50,,stub_code,1,1,2,17127,0.0000
0x003bb0a0,0x003bb0a0,,stub_code,1,2,3,17127,0.0000
0x0027e820,0x0027e820,,stub_code,0,3,3,17127,0.0000
0x00508510,0x00508510,,stub_code,0,2,2,17127,0.0000
0x004f00b0,0x004f00b0,,stub_code,0,5,5,17127,0.0000
0x0043a340,0x0043a340,,,1,0,1,17127,0.0000
0x00220a20,0x00220a20,,stub_code,0,2,2,17127,0.0000
0x00568d10,0x00568d10,,stub_code,0,4,4,17127,0.0000
0x004948d8,0x004948d8,,stub_code,1,0,1,17127,0.0000
0x002a5ad0,0x002a5ad0,,stub_code,1,4,5,17127,0.0000
0x0049d310,0x0049d310,,stub_code,1,0,1,17127,0.0000
0x001e1d40,0x001e1d40,,stub_code,1,2,3,17127,0.0000
0x001af970,0x001af970,,,1,0,1,17127,0.0000
0x002974b0,0x002974b0,,stub_code,1,2,3,17127,48.7500
0x0011b5f0,0x0011b5f0,,,1,0,1,17127,0.0000
0x001e9740,0x001e9740,,stub_code,0,0,0,1,0.0000
0x00560a50,0x00560a50,,,1,0,1,17127,0.0000
0x00389bf0,0x00389bf0,,stub_code,1,3,4,17127,0.0000
0x0049d9d8,0x0049d9d8,,stub_thunk,1,0,1,17127,0.0000
0x005f78c0,0x005f78c0,,stub_code,0,1,1,17127,0.0000
0x0054d260,0x0054d260,,,1,0,1,17127,0.0000
0x005319d0,0x005319d0,,stub_code,10,0,10,17127,0.0000
0x00283af0,0x00283af0,,stub_code,0,3,3,17127,0.0000
0x0051d160,0x0051d160,,stub_code,0,3,3,17127,0.0000
0x001fcd10,0x001fcd10,,stub_code,1,2,3,17127,0.0000
0x005f3270,0x005f3270,,stub_code,4,2,6,17127,0.0000
0x001c8560,0x001c8560,,stub_code,0,0,0,1,0.0000
0x005d5e70,0x005d5e70,,stub_code,2,1,3,17127,0.0000
0x001eadb0,0x001eadb0,,stub_code,2,3,5,17127,0.0000
0x00271c90,0x00271c90,,stub_code,0,1,1,17127,0.0000
0x00307ee0,0x00307ee0,,stub_code,0,7,7,17127,0.0000
0x00361c50,0x00361c50,,stub_code,2,9,11,17127,0.0000
0x003dfbb0,0x003dfbb0,,stub_code,4,2,6,17127,5.5000
0x004784c8,0x004784c8,,,1,0,1,17127,0.0000
0x00596b10,0x00596b10,,stub_code,0,4,4,17127,0.0000
0x001ca8c0,0x001ca8c0,,stub_code,0,13,13,17127,0.0000
0x001ab630,0x001ab630,,,1,0,1,2,0.0000
0x004973e0,0x004973e0,,stub_code,1,6,7,17127,0.0000
0x0042c070,0x0042c070,,,1,0,1,17127,0.0000
0x004ca800,0x004ca800,,stub_code,0,2,2,17127,0.0000
0x001ce740,0x001ce740,,stub_code,8,2,10,17127,0.0000
0x002b0300,0x002b0300,,stub_code,1,2,3,17127,0.0000
0x00114c30,0x00114c30,,,1,0,1,17127,0.0000
0x00386160,0x00386160,,,1,0,1,17127,0.0000
0x002425d0,0x002425d0,,stub_code,1,2,3,17127,0.0000
0x002a6e70,0x002a6e70,,stub_code,1,14,15,17127,0.0000
0x0046d738,0x0046d738,,stub_code,1,1,2,17127,0.0000
0x002ae810,0x002ae810,,,1,0,1,17127,0.0000
0x005f37c0,0x005f37c0,,stub_code,0,7,7,17127,0.0000
0x001f84f0,0x001f84f0,,stub_code,0,1,1,17127,0.0000
0x003e4c20,0x003e4c20,,stub_code,2,17,19,17127,114.0833
0x00531230,0x00531230,,stub_code,1,4,5,17127,0.0000
0x00387e10,0x00387e10,,stub_code,3,2,5,17127,0.7000
0x004dc6d0,0x004dc6d0,,stub_code,0,1,1,2,0.0000
0x004efdc0,0x004efdc0,,stub_code,0,1,1,17127,0.0000
0x001a5aa0,0x001a5aa0,,,3,0,3,4,0.0000
0x002aeb70,0x002aeb70,,stub_code,1,1,2,17127,0.0000
0x002959e0,0x002959e0,,stub_code,5,2,7,17127,1.0000
0x00173d20,0x00173d20,,stub_code,0,1,1,17127,0.0000
0x00290450,0x00290450,,,1,0,1,17127,0.0000
0x00147080,0x00147080,,stub_code,1,1,2,17127,0.0000
0x005be1a0,0x005be1a0,,stub_code,0,3,3,17127,0.0000
0x00543390,0x00543390,,,3,0,3,17127,0.0000
0x0011ec80,0x0011ec80,,,1,0,1,17127,0.0000
0x002f2a30,0x002f2a30,,,2,0,2,17127,0.0000
0x00298320,0x00298320,,stub_code,5,1,6,17127,0.0000
0x0016b660,0x0016b660,,,1,0,1,17127,0.0000
0x005cfba0,0x005cfba0,,stub_code,2,1,3,17127,0.0000
0x0031a980,0x0031a980,,,2,0,2,17127,0.0000
0x0049fcc0,0x0049fcc0,,,1,0,1,17127,0.0000
0x00130630,0x00130630,,stub_code,0,0,0,1,0.0000
0x002335c0,0x002335c0,,stub_code,0,2,2,17127,0.0000
0x004a14c0,0x004a14c0,,stub_code,1,5,6,17127,0.0000
0x001bfb80,0x001bfb80,,stub_code,0,1,1,17127,0.0000
0x005d4640,0x005d4640,,stub_code,0,1,1,17127,0.0000
0x0043d298,0x0043d298,,,1,0,1,17127,0.0000
0x004e5810,0x004e5810,,stub_code,0,1,1,17127,0.0000
0x00442718,0x00442718,,stub_code,2,7,9,17127,0.0000
0x002ebed0,0x002ebed0,,,1,0,1,17127,0.0000
0x00212b00,0x00212b00,,,2,0,2,17127,0.0000
0x00549ca0,0x00549ca0,,stub_code,0,3,3,17127,0.0000
0x001c7e60,0x001c7e60,,stub_code,1,1,2,17127,0.0000
0x00180770,0x00180770,,stub_code,0,4,4,17127,0.0000
0x00216730,0x00216730,,,11,0,11,17127,0.0000
0x002542e0,0x002542e0,,stub_code,0,0,0,1,0.0000
0x00597bd0,0x00597bd0,,,1,0,1,2,0.0000
0x0012cb20,0x0012cb20,,,1,0,1,2,0.0000
0x001a1fa0,0x001a1fa0,,stub_code,1,2,3,17127,0.0000
0x0040be00,FUN_0040be00,,pseudo_stub,1,1,2,17127,0.0000
0x00320290,0x00320290,,stub_code,2,2,4,17127,3.0000
0x0019cb20,0x0019cb20,,stub_code,0,2,2,17127,0.0000
0x00232350,0x00232350,,stub_code,0,8,8,17127,0.0000
0x001cd110,0x001cd110,,stub_code,1,2,3,17127,12.5000
0x00436618,0x00436618,,stub_code,2,5,7,17127,0.0000
0x00426e60,0x00426e60,,stub_code,0,0,0,1,0.0000
0x0029ade0,0x0029ade0,,stub_code,3,6,9,17127,218.6455
0x0059f6f0,0x0059f6f0,,stub_code,0,1,1,2,0.0000
0x0041f8e0,0x0041f8e0,,stub_code,1,6,7,17127,0.0000
0x004cb980,0x004cb980,,stub_code,2,5,7,17127,0.0000
0x004bb800,0x004bb800,,stub_code,0,3,3,17127,0.0000
0x00189c60,0x00189c60,,stub_code,0,1,1,17127,0.0000
0x00377b60,0x00377b60,,stub_code,2,9,11,17127,0.0000
0x001ff910,0x001ff910,,stub_code,2,1,3,17127,0.0000
0x003aed90,0x003aed90,,,1,0,1,17127,0.0000
0x004a5708,0x004a5708,,stub_code,0,1,1,2,0.0000
0x005ef550,0x005ef550,,,1,0,1,2,0.0000
0x00484b68,0x00484b68,,,1,0,1,17127,0.0000
0x00445db8,0x00445db8,,stub_code,0,2,2,17127,0.0000
0x001b7140,0x001b7140,,stub_code,1,1,2,17127,0.0000
0x00284150,0x00284150,,stub_code,0,1,1,17127,0.0000
0x0010e2c0,0x0010e2c0,,,1,0,1,17127,0.0000
0x003f42e0,0x003f42e0,,stub_code,1,1,2,17127,0.0000
0x004b5b90,0x004b5b90,,stub_code,1,5,6,17127,0.0000
0x004abe60,0x004abe60,,stub_code,1,2,3,17127,0.0000
0x004b7d28,0x004b7d28,,stub_code,0,0,0,1,0.0000
0x001861c0,0x001861c0,,,2,0,2,17127,0.0000
0x002874c0,0x002874c0,,,3,0,3,17127,0.0000
0x001ccd30,0x001ccd30,,stub_code,2,7,9,17127,40.5048
0x002b6700,0x002b6700,,,1,0,1,17127,0.0000
0x005d5810,0x005d5810,,,1,0,1,17127,0.0000
0x004c8ad0,0x004c8ad0,,stub_code,2,8,10,17127,0.0000
0x00112cf0,0x00112cf0,,,1,0,1,17127,0.0000
0x004046a0,0x004046a0,,stub_code,1,8,9,17127,0.0000
0x002ce910,0x002ce910,,,1,0,1,17127,0.0000
0x004d4d50,0x004d4d50,,stub_code,0,1,1,17127,0.0000
0x002b0fb0,0x002b0fb0,,,1,0,1,17127,0.0000
0x0042ae68,FUN_0042ae68,,real_logic,1,7,8,17127,280.1333
0x00369c20,0x00369c20,,,1,0,1,17127,0.0000
0x001d68d0,0x001d68d0,,stub_code,1,5,6,17127,0.0000
0x00481058,0x00481058,,stub_code,0,7,7,17127,0.0000
0x00133830,0x00133830,,stub_code,0,1,1,17127,0.0000
0x00260f10,0x00260f10,,stub_code,1,2,3,17127,0.0000
0x0021a7e0,0x0021a7e0,,stub_code,1,0,1,17127,0.0000
0x004f2380,0x004f2380,,stub_code,2,2,4,17127,1.0000
0x0058f9c0,0x0058f9c0,,stub_code,0,1,1,2,0.0000
0x003e8be0,0x003e8be0,,stub_code,1,11,12,17127,8.7500
0x00265840,0x00265840,,stub_code,1,1,2,17127,0.0000
0x004c6b80,0x004c6b80,,stub_code,0,4,4,17127,0.0000
0x005ab270,0x005ab270,,stub_code,1,1,2,17127,0.0000
0x004dacc0,0x004dacc0,,stub_code,0,14,14,17127,0.0000
0x005be240,0x005be240,,stub_code,0,1,1,17127,0.0000
0x00150a50,0x00150a50,,stub_code,1,5,6,17127,0.0000
0x005522f0,0x005522f0,,stub_code,1,5,6,17127,0.0000
0x004a2998,0x004a2998,,stub_thunk,3,0,3,17127,0.0000
0x0045df20,0x0045df20,,,2,0,2,17127,0.0000
0x00552e90,0x00552e90,,stub_code,0,1,1,17127,0.0000
0x004da340,0x004da340,,stub_code,0,7,7,17127,0.0000
0x001522d0,0x001522d0,,stub_code,1,8,9,17127,0.0000
0x005e7cf0,0x005e7cf0,,stub_code,1,3,4,17127,0.0000
0x0053c290,0x0053c290,,stub_code,0,6,6,17127,0.0000
0x003a03e0,0x003a03e0,,stub_code,4,0,4,17127,0.0000
0x002dd0d0,0x002dd0d0,,stub_code,0,5,5,17127,0.0000
0x0047fcb0,FUN_0047fcb0,,pseudo_stub,0,0,0,1,0.0000
0x004e6a80,0x004e6a80,,stub_code,0,3,3,17127,0.0000
0x002cc3f0,0x002cc3f0,,stub_code,1,7,8,17127,0.0000
0x0034c2e0,0x0034c2e0,,stub_code,1,5,6,17127,0.0000
0x0034d070,0x0034d070,,stub_code,1,2,3,17127,0.0000
0x00398780,0x00398780,,stub_code,0,2,2,17127,0.0000
0x00355350,0x00355350,,,1,0,1,17127,0.0000
0x003cf900,0x003cf900,,stub_code,1,8,9,17127,0.0000
0x0054ec90,0x0054ec90,,,2,0,2,17127,0.0000
0x005e9e70,0x005e9e70,,stub_code,0,1,1,2,0.0000
0x00206570,0x00206570,,stub_code,0,4,4,17127,0.0000
0x002d5260,0x002d5260,,,2,0,2,17127,0.0000
0x0035d170,0x0035d170,,stub_code,6,3,9,17127,0.0000
0x002c5ef0,0x002c5ef0,,stub_code,1,9,10,17127,0.0000
0x00423280,0x00423280,,stub_code,1,5,6,17127,0.0000
0x001c8050,0x001c8050,,stub_code,1,1,2,17127,0.0000
0x0029ef10,0x0029ef10,,stub_code,1,1,2,17127,1.0000
0x00101e70,0x00101e70,,,2,0,2,17127,0.0000
0x00279930,0x00279930,,,1,0,1,17127,0.0000
0x001d5210,0x001d5210,,stub_code,2,0,2,17127,0.0000
0x004a1e00,0x004a1e00,,,1,0,1,17127,0.0000
0x002edb40,0x002edb40,,stub_code,0,3,3,17127,0.0000
0x005f8cd0,0x005f8cd0,,stub_code,0,3,3,4,0.0000
0x005bcb10,0x005bcb10,,,1,0,1,17127,0.0000
0x003ec490,0x003ec490,,,2,0,2,17127,0.0000
0x00132180,0x00132180,,stub_code,1,0,1,17127,0.0000
0x001e5990,0x001e5990,,stub_code,5,2,7,17127,0.0000
0x004d2f70,0x004d2f70,,stub_code,0,1,1,17127,0.0000
0x00314820,0x00314820,,,1,0,1,17127,0.0000
0x004b7e00,0x004b7e00,,stub_code,1,1,2,17127,0.0000
0x002ae6e0,0x002ae6e0,,stub_code,1,2,3,17127,0.0000
0x004e6950,0x004e6950,,stub_code,0,1,1,17127,0.0000
0x0018bdd0,0x0018bdd0,,stub_code,1,2,3,17127,0.0000
0x004a7b70,0x004a7b70,,,1,0,1,17127,0.0000
0x005ba490,0x005ba490,,stub_code,0,1,1,17127,0.0000
0x005f5c30,0x005f5c30,,stub_code,0,6,6,17127,0.0000
0x005c87f0,0x005c87f0,,stub_code,2,11,13,17127,0.0000
0x0033e130,0x0033e130,,stub_code,0,1,1,17127,0.0000
0x002936b0,0x002936b0,,stub_code,1,2,3,17127,0.0000
0x00147270,0x00147270,,stub_code,0,2,2,17127,0.0000
0x0042d550,0x0042d550,,stub_code,1,2,3,17127,10.0000
0x00505e10,0x00505e10,,stub_code,0,3,3,17127,0.0000
0x005f3be0,0x005f3be0,,stub_code,1,5,6,17127,0.0000
0x003339d0,0x003339d0,,stub_code,0,3,3,17127,0.0000
0x00561d40,0x00561d40,,stub_code,0,2,2,17127,0.0000
0x004b50d0,0x004b50d0,,stub_code,19,1,20,17127,0.0000
0x0012cad0,0x0012cad0,,stub_code,0,1,1,17127,0.0000
0x001c3c50,0x001c3c50,,stub_code,1,0,1,17127,0.0000
0x0043b1c0,0x0043b1c0,,stub_code,0,1,1,2,0.0000
0x00144830,0x00144830,,stub_code,2,2,4,17127,0.0000
0x001aad40,0x001aad40,,stub_code,0,0,0,1,0.0000
0x00423a90,0x00423a90,,stub_code,1,0,1,17127,0.0000
0x002b12c0,0x002b12c0,,,1,0,1,17127,0.0000
0x0028b2d0,0x0028b2d0,,stub_code,0,1,1,17127,0.0000
0x004fe510,0x004fe510,,stub_code,2,3,5,17127,0.0000
0x00499a50,0x00499a50,,,1,0,1,17127,0.0000
0x004b0b60,0x004b0b60,,stub_code,0,1,1,17127,0.0000
0x002590f0,0x002590f0,,stub_code,0,1,1,17127,0.0000
0x0028bb10,0x0028bb10,,,3,0,3,17127,0.0000
0x0022da70,0x0022da70,,stub_code,1,2,3,17127,0.0000
0x0053eb20,0x0053eb20,,stub_code,0,5,5,17127,0.0000
0x0018b0a0,0x0018b0a0,,stub_code,1,1,2,17127,0.0000
0x004e5860,0x004e5860,,stub_code,3,2,5,17127,0.0000
0x00530140,FUN_00530140,,pseudo_stub,1,1,2,17127,0.0000
0x001b7dd0,0x001b7dd0,,stub_code,2,12,14,17127,19.0000
0x0025d050,0x0025d050,,stub_code,0,0,0,1,0.0000
0x00391090,0x00391090,,stub_code,0,2,2,17127,0.0000
0x00501a20,0x00501a20,,stub_code,1,6,7,17127,0.0000
0x001ff620,0x001ff620,,stub_code,1,2,3,17127,0.0000
0x00260c90,0x00260c90,,stub_code,2,2,4,17127,0.0000
0x00533ae0,0x00533ae0,,stub_code,0,1,1,17127,0.0000
0x00132900,0x00132900,,stub_code,1,1,2,17127,0.0000
0x005a43e0,0x005a43e0,,,2,0,2,17127,0.0000
0x005a2fa0,0x005a2fa0,,,1,0,1,2,0.0000
0x0053fa70,0x0053fa70,,,2,0,2,17127,0.0000
0x00499a60,0x00499a60,,stub_code,1,2,3,17127,0.0000
0x004bc170,0x004bc170,,,1,0,1,2,0.0000
0x003e66e0,0x003e66e0,,,2,0,2,17127,0.0000
0x005435e0,0x005435e0,,stub_code,0,3,3,17127,0.0000
0x00170e40,0x00170e40,,stub_code,1,1,2,17127,0.0000
0x002a83f0,0x002a83f0,,,1,0,1,17127,0.0000
0x0052d580,0x0052d580,,stub_code,3,0,3,17127,0.0000
0x002b0fc0,0x002b0fc0,,,1,0,1,17127,0.0000
0x00260230,0x00260230,,stub_code,0,0,0,1,0.0000
0x0025caa0,0x0025caa0,,stub_code,0,1,1,17127,0.0000
0x00466670,0x00466670,,stub_code,1,0,1,17127,0.0000
0x0033b140,0x0033b140,,stub_code,2,1,3,17127,0.0000
0x005b04f0,0x005b04f0,,stub_code,7,2,9,17127,0.0000
0x003e7f70,0x003e7f70,,stub_code,1,6,7,17127,13.5714
0x00201fb0,0x00201fb0,,,5,0,5,17127,0.0000
0x0018ace0,0x0018ace0,,,1,0,1,17127,0.0000
0x001bb0f0,0x001bb0f0,,stub_code,0,0,0,1,0.0000
0x004dc110,0x004dc110,,stub_code,1,2,3,17127,0.0000
0x003a13f0,0x003a13f0,,stub_code,1,1,2,17127,0.0000
0x001ef250,0x001ef250,,stub_code,0,0,0,1,0.0000
0x0018c050,0x0018c050,,stub_code,1,1,2,17127,0.0000
0x001a0ca0,0x001a0ca0,,stub_code,1,3,4,17127,0.0000
0x002d7100,0x002d7100,,stub_code,1,1,2,17127,0.0000
0x0059b640,0x0059b640,,stub_code,0,1,1,2,0.0000
0x00550110,0x00550110,,stub_code,0,1,1,17127,0.0000
0x00476e28,0x00476e28,,stub_code,1,7,8,17127,0.0000
0x001a95c0,0x001a95c0,,stub_code,0,1,1,17127,0.0000
0x005f1dd0,0x005f1dd0,,,3,0,3,17127,0.0000
0x0058a6a0,0x0058a6a0,,stub_code,0,1,1,2,0.0000
0x0033b300,0x0033b300,,stub_code,2,7,9,17127,0.0000
0x002a92d0,0x002a92d0,,,6,0,6,17127,0.0000
0x00462460,0x00462460,,stub_code,1,6,7,17127,0.0000
0x003f2800,0x003f2800,,stub_code,1,2,3,17127,0.0000
0x0038fb30,0x0038fb30,,,1,0,1,17127,0.0000
0x00318610,0x00318610,,stub_code,0,1,1,2,0.0000
0x004a4678,0x004a4678,,stub_code,2,1,3,17127,0.0000
0x00522200,0x00522200,,stub_code,4,4,8,17127,0.0000
0x0031ad70,0x0031ad70,,stub_code,3,1,4,17127,0.0000
0x00585670,0x00585670,,stub_code,0,1,1,8,0.0000
0x001a38a0,0x001a38a0,,stub_code,2,7,9,17127,0.0000
0x00127330,0x00127330,,stub_code,1,3,4,17127,0.0000
0x003b1590,0x003b1590,,,1,0,1,17127,0.0000
0x004a1aa0,0x004a1aa0,,stub_code,0,3,3,17127,0.0000
0x0017c170,0x0017c170,,stub_code,0,2,2,17127,0.0000
0x00475b50,0x00475b50,,,1,0,1,17127,0.0000
0x004a16b8,0x004a16b8,,stub_code,0,6,6,17127,0.0000
0x001b6f90,0x001b6f90,,,1,0,1,17127,0.0000
0x0049c4a0,0x0049c4a0,,stub_thunk,0,0,0,1,0.0000
0x0024e870,0x0024e870,,stub_code,0,2,2,17127,0.0000
0x002b4a80,0x002b4a80,,stub_code,0,1,1,17127,0.0000
0x0047ff70,0x0047ff70,,stub_code,2,3,5,17127,30.0000
0x0034d030,0x0034d030,,stub_code,1,1,2,17127,0.0000
0x004a0958,0x004a0958,,stub_code,1,2,3,17127,0.0000
0x004ddbf0,0x004ddbf0,,stub_code,3,1,4,17127,0.0000
0x00570650,0x00570650,,stub_code,0,3,3,17127,0.0000
0x002f6fb0,0x002f6fb0,,stub_code,0,0,0,1,0.0000
0x001823e0,0x001823e0,,,1,0,1,17127,0.0000
0x0026b930,0x0026b930,,stub_code,1,0,1,17127,0.0000
0x004a7f20,0x004a7f20,,stub_code,1,3,4,17127,0.0000
0x003c7e30,0x003c7e30,,stub_code,1,4,5,17127,0.0000
0x0017f560,0x0017f560,,stub_code,1,1,2,17127,0.0000
0x002667c0,0x002667c0,,stub_code,2,6,8,17127,0.0000
0x003da860,0x003da860,,stub_code,2,10,12,17127,78.3500
0x00189c90,0x00189c90,,,1,0,1,17127,0.0000
0x004b53b8,0x004b53b8,,stub_code,1,2,3,17127,1.0000
0x0038f470,0x0038f470,,stub_code,2,3,5,17127,0.0000
0x001c7980,0x001c7980,,stub_code,0,2,2,17127,0.0000
0x005e9c40,0x005e9c40,,,1,0,1,2,0.0000
0x0031c940,0x0031c940,,,1,0,1,17127,0.0000
0x005f2990,0x005f2990,,stub_code,4,2,6,17127,0.0000
0x002d6520,0x002d6520,,stub_code,1,4,5,17127,0.0000
0x0019f050,0x0019f050,,stub_code,1,1,2,17127,148.0000
0x004deb50,0x004deb50,,stub_code,1,1,2,17127,0.0000
0x0042a680,FUN_0042a680,game/script,real_c,3,1,4,17127,14.0000
0x004ac3d8,0x004ac3d8,,stub_code,3,4,7,17127,0.0000
0x005127a0,0x005127a0,,stub_code,1,2,3,17127,2.3333
0x002c1880,0x002c1880,,stub_code,1,5,6,17127,0.0000
0x001a61d0,0x001a61d0,,stub_code,1,7,8,17127,0.0000
0x001d1d90,0x001d1d90,,stub_code,2,1,3,17127,0.0000
0x003d3e80,0x003d3e80,,stub_code,2,9,11,17127,0.0000
0x00519b50,0x00519b50,,stub_code,14,7,21,17127,0.0000
0x005369e0,0x005369e0,,stub_code,2,1,3,17127,0.0000
0x003c2a00,0x003c2a00,,stub_code,3,4,7,17127,0.0000
0x0029a6c0,0x0029a6c0,,,1,0,1,17127,0.0000
0x00159370,0x00159370,,,1,0,1,17127,0.0000
0x0052ff50,0x0052ff50,,stub_code,0,0,0,1,0.0000
0x001a9440,0x001a9440,,stub_code,0,1,1,17127,0.0000
0x0013b970,0x0013b970,,stub_code,0,4,4,17127,0.0000
0x003a88f0,0x003a88f0,,,1,0,1,17127,0.0000
0x003303a0,0x003303a0,,stub_code,1,8,9,17127,0.0000
0x0027cda0,0x0027cda0,,stub_code,0,1,1,17127,0.0000
0x004dbc40,0x004dbc40,,stub_code,0,3,3,17127,0.0000
0x00190530,0x00190530,,,11,0,11,17127,0.0000
0x002c7f40,0x002c7f40,,stub_code,1,1,2,17127,0.0000
0x004b4a68,0x004b4a68,,stub_code,2,2,4,17127,5.5000
0x0053ff30,0x0053ff30,,stub_code,0,0,0,1,0.0000
0x00108b40,0x00108b40,,,34,0,34,17127,0.0000
0x004bcd50,0x004bcd50,,stub_code,1,2,3,17127,0.0000
0x0036b4d0,0x0036b4d0,,stub_code,2,4,6,17127,0.0000
0x00446bb0,0x00446bb0,,stub_code,0,2,2,17127,0.0000
0x00545d60,0x00545d60,,stub_code,0,5,5,17127,0.0000
0x00364f70,0x00364f70,,stub_code,0,2,2,17127,0.0000
0x0051a6e0,0x0051a6e0,,,2,0,2,17127,0.0000
0x001c45e0,0x001c45e0,,,1,0,1,17127,0.0000
0x0021b5f0,0x0021b5f0,,stub_code,0,0,0,1,0.0000
0x002d18e0,0x002d18e0,,stub_code,0,5,5,17127,0.0000
0x00211470,0x00211470,,,1,0,1,17127,0.0000
0x0017df30,0x0017df30,,,2,0,2,17127,0.0000
0x001d40f0,0x001d40f0,,stub_code,2,10,12,17127,19.0000
0x00553720,0x00553720,,stub_code,0,11,11,17127,0.0000
0x002301a0,0x002301a0,,,2,0,2,17127,0.0000
0x0027f4a0,0x0027f4a0,,,1,0,1,17127,0.0000
0x002656b0,0x002656b0,,stub_code,1,1,2,17127,0.0000
0x0049e880,0x0049e880,,stub_code,1,2,3,17127,0.0000
0x0059b690,0x0059b690,,stub_code,0,4,4,17127,0.0000
0x003b19d0,0x003b19d0,,stub_code,3,5,8,17127,0.0000
0x00381020,0x00381020,,,1,0,1,17127,0.0000
0x004af220,0x004af220,,,1,0,1,17127,0.0000
0x001a5570,0x001a5570,,stub_code,1,1,2,17127,0.0000
0x0043d518,0x0043d518,,stub_code,3,2,5,17127,0.0000
0x00511d20,0x00511d20,,stub_code,1,0,1,17127,0.0000
0x0024e110,0x0024e110,,stub_code,0,1,1,17127,0.0000
0x00348280,0x00348280,,stub_code,0,4,4,17127,0.0000
0x00547170,0x00547170,,,2,0,2,17127,0.0000
0x002f1bd0,0x002f1bd0,,stub_code,2,2,4,17127,0.0000
0x00275290,0x00275290,,stub_code,2,2,4,17127,0.0000
0x005a9080,0x005a9080,,stub_code,0,1,1,2,0.0000
0x00314430,0x00314430,,stub_code,0,7,7,17127,0.0000
0x005f5620,0x005f5620,,stub_code,0,1,1,17127,0.0000
0x0017b720,0x0017b720,,,1,0,1,17127,0.0000
0x00128eb0,0x00128eb0,,stub_code,0,4,4,17127,0.0000
0x00504580,0x00504580,,stub_code,0,0,0,1,0.0000
0x004a5bd0,0x004a5bd0,,stub_code,1,9,10,17127,0.0000
0x0036cf50,0x0036cf50,,stub_code,1,5,6,17127,0.0000
0x0045eb18,0x0045eb18,,stub_code,0,3,3,17127,0.0000
0x004ad648,0x004ad648,,stub_code,0,3,3,17127,0.0000
0x002b50f0,0x002b50f0,,stub_code,2,3,5,17127,0.0000
0x004c9d90,0x004c9d90,,stub_code,0,0,0,1,0.0000
0x0035ad30,0x0035ad30,,stub_code,27,2,29,17127,0.0000
0x001c5110,0x001c5110,,stub_code,1,1,2,17127,0.0000
0x0026fee0,0x0026fee0,,stub_code,2,2,4,17127,0.0000
0x0047fb80,FUN_0047fb80,,pseudo_stub,0,1,1,17127,0.0000
0x00582200,0x00582200,,,2,0,2,17127,0.0000
0x003da670,0x003da670,,stub_code,3,6,9,17127,6.5000
0x002a4fc0,0x002a4fc0,,stub_code,2,1,3,17127,0.0000
0x002e4750,0x002e4750,,,1,0,1,17127,0.0000
0x00506620,0x00506620,,,24,0,24,17127,0.0000
0x0040a850,0x0040a850,,stub_code,0,3,3,17127,0.0000
0x004c8150,0x004c8150,,stub_code,0,5,5,17127,0.0000
0x002741f0,0x002741f0,,stub_code,0,1,1,17127,0.0000
0x0019fdd0,FUN_0019fdd0,,pseudo_stub,1,0,1,17127,0.0000
0x004c8010,0x004c8010,,,4,0,4,17127,0.0000
0x004792e8,0x004792e8,,stub_code,0,3,3,17127,0.0000
0x004b2b78,0x004b2b78,,stub_code,1,7,8,17127,7.0000
0x00475a70,0x00475a70,,stub_code,4,5,9,17127,0.0000
0x00182ad0,0x00182ad0,,,5,0,5,17127,0.0000
0x00115890,0x00115890,,,2,0,2,17127,0.0000
0x004b1010,0x004b1010,,,1,0,1,17127,0.0000
0x004d2bb0,0x004d2bb0,,stub_code,0,1,1,2,0.0000
0x0033dd10,0x0033dd10,,stub_code,0,1,1,17127,0.0000
0x004a5778,0x004a5778,,,1,0,1,17127,0.0000
0x00468ab8,0x00468ab8,,stub_code,1,1,2,17127,0.0000
0x0022fc90,0x0022fc90,,stub_code,1,6,7,17127,0.0000
0x005e9240,0x005e9240,,,1,0,1,2,0.0000
0x005f0960,0x005f0960,,stub_code,0,2,2,17127,0.0000
0x001edf50,0x001edf50,,stub_code,0,4,4,17127,0.0000
0x003ebb50,0x003ebb50,,stub_code,48,1,49,17127,14.5500
0x0013bb30,0x0013bb30,,stub_code,1,10,11,17127,0.0000
0x002a4490,0x002a4490,,stub_code,1,1,2,17127,0.0000
0x004c8890,0x004c8890,,stub_code,7,1,8,17127,0.0000
0x0051c410,0x0051c410,,stub_code,0,1,1,17127,0.0000
0x004b3b60,0x004b3b60,,stub_code,0,3,3,17127,0.0000
0x0030f1b0,0x0030f1b0,,stub_code,0,1,1,17127,0.0000
0x001e9790,0x001e9790,,stub_code,4,2,6,17127,0.0000
0x003ec9e0,0x003ec9e0,,stub_code,6,5,11,17127,0.0000
0x004d3cb0,0x004d3cb0,,,3,0,3,17127,0.0000
0x00232f20,0x00232f20,,stub_code,0,1,1,17127,0.0000
0x00331c40,0x00331c40,,stub_code,0,5,5,17127,0.0000
0x002c8220,0x002c8220,,,1,0,1,17127,0.0000
0x005a8f90,0x005a8f90,,,1,0,1,2,0.0000
0x0043ce20,0x0043ce20,,,1,0,1,17127,0.0000
0x00515140,0x00515140,,stub_code,0,1,1,17127,0.0000
0x0011c530,0x0011c530,,,1,0,1,17127,0.0000
0x001cbc50,0x001cbc50,,stub_code,2,2,4,17127,0.0000
0x005ecce0,0x005ecce0,,stub_code,0,4,4,17127,0.0000
0x0046fc20,0x0046fc20,,stub_code,1,6,7,17127,0.0000
0x0017fee0,0x0017fee0,,stub_code,0,6,6,17127,0.0000
0x00335230,0x00335230,,,1,0,1,17127,0.0000
0x00379810,0x00379810,,stub_code,3,6,9,17127,0.0000
0x003e5d00,0x003e5d00,,stub_code,1,8,9,17127,9.5000
0x004c00c0,0x004c00c0,,,3,0,3,17127,0.0000
0x0054b3d0,0x0054b3d0,,stub_code,0,1,1,17127,0.0000
0x004ef3d0,0x004ef3d0,,,1,0,1,17127,0.0000
0x003a96e0,0x003a96e0,,,1,0,1,17127,0.0000
0x00310170,0x00310170,,stub_code,3,2,5,17127,0.0000
0x004d5740,0x004d5740,,stub_code,2,2,4,17127,0.0000
0x00444630,0x00444630,,stub_code,0,1,1,17127,0.0000
0x00312ce0,0x00312ce0,,stub_code,0,2,2,17127,0.0000
0x00367b10,0x00367b10,,stub_code,1,2,3,8,0.0000
0x00331990,0x00331990,,stub_code,0,7,7,17127,0.0000
0x002589e0,0x002589e0,,stub_code,0,0,0,1,0.0000
0x001aec10,0x001aec10,,stub_code,0,1,1,17127,0.0000
0x001fa760,0x001fa760,,stub_code,0,2,2,17127,0.0000
0x002cc090,0x002cc090,,stub_code,1,2,3,17127,0.0000
0x004c4a00,0x004c4a00,,,3,0,3,17127,0.0000
0x00312e10,0x00312e10,,stub_code,0,4,4,17127,0.0000
0x0017a230,FUN_0017a230,,pseudo_stub,6,1,7,17127,0.0000
0x0011d090,0x0011d090,,stub_code,0,0,0,1,0.0000
0x002b16b0,0x002b16b0,,stub_code,1,2,3,17127,0.0000
0x00443e98,0x00443e98,,stub_code,9,2,11,17127,0.0000
0x004789c0,0x004789c0,,stub_code,2,1,3,17127,0.0000
0x0047b930,0x0047b930,,stub_code,0,1,1,17127,0.0000
0x004e2bb0,0x004e2bb0,,stub_code,0,1,1,17127,0.0000
0x00551ca0,0x00551ca0,,,1,0,1,17127,0.0000
0x001fbec0,0x001fbec0,,stub_code,0,2,2,17127,0.0000
0x002da270,0x002da270,,stub_code,0,6,6,17127,0.0000
0x0057f380,0x0057f380,,stub_code,0,15,15,17127,0.0000
0x001ba150,0x001ba150,,stub_code,0,0,0,1,0.0000
0x00351b60,0x00351b60,,stub_code,3,8,11,17127,0.0000
0x0058b2e0,0x0058b2e0,,stub_code,4,1,5,17127,0.0000
0x003cdd70,0x003cdd70,,stub_code,1,4,5,17127,16.0000
0x00581a10,0x00581a10,,stub_code,0,4,4,17127,0.0000
0x001bc3b0,0x001bc3b0,,stub_code,0,14,14,17127,0.0000
0x003b9290,0x003b9290,,stub_code,1,2,3,17127,0.0000
0x00316c90,0x00316c90,,stub_code,0,5,5,17127,0.0000
0x001b0d50,0x001b0d50,,stub_code,3,1,4,17127,0.0000
0x0017a6f0,0x0017a6f0,,,2,0,2,3,0.0000
0x0047fdc0,FUN_0047fdc0,,pseudo_stub,0,0,0,1,0.0000
0x0037fa40,0x0037fa40,,,1,0,1,17127,0.0000
0x0048d660,0x0048d660,,stub_code,1,9,10,17127,0.0000
0x004e3de0,0x004e3de0,,stub_code,0,1,1,17127,0.0000
0x00325fb0,0x00325fb0,,stub_code,1,5,6,17127,0.0000
0x00331610,0x00331610,,stub_code,1,2,3,17127,0.0000
0x004c75a0,0x004c75a0,,stub_code,1,2,3,17127,0.0000
0x00293b70,0x00293b70,,stub_code,0,1,1,17127,0.0000
0x00595cb0,0x00595cb0,,stub_code,0,5,5,17127,0.0000
0x00161de0,FUN_00161de0,,real_logic,3,0,3,17127,0.0000
0x00480198,0x00480198,,stub_code,1,2,3,17127,0.0000
0x004a3490,0x004a3490,,,1,0,1,3,0.0000
0x00130690,0x00130690,,stub_code,0,1,1,17127,0.0000
0x003b2500,0x003b2500,,,1,0,1,17127,0.0000
0x004b4680,0x004b4680,,stub_code,5,3,8,17127,1.0000
0x00598fb0,0x00598fb0,,stub_code,0,6,6,17127,0.0000
0x00240610,0x00240610,,,1,0,1,2,0.0000
0x004b3008,0x004b3008,,,7,0,7,17127,0.0000
0x002a8900,0x002a8900,,stub_code,0,1,1,17127,0.0000
0x00314890,0x00314890,,stub_code,0,4,4,17127,0.0000
0x0030ec40,0x0030ec40,,,1,0,1,17127,0.0000
0x00580740,0x00580740,,stub_code,0,4,4,17127,0.0000
0x0034dda0,0x0034dda0,,stub_code,1,5,6,17127,0.0000
0x001e7680,0x001e7680,,stub_code,8,1,9,17127,0.0000
0x005f3090,0x005f3090,,stub_code,0,3,3,17127,0.0000
0x00599df0,0x00599df0,,stub_code,0,1,1,17127,0.0000
0x004a4800,0x004a4800,,stub_code,0,0,0,1,0.0000
0x0058db10,0x0058db10,,,36,0,36,17127,0.0000
0x001dacd0,0x001dacd0,,stub_code,0,2,2,17127,0.0000
0x0023a940,0x0023a940,,stub_code,0,2,2,17127,0.0000
0x00592000,0x00592000,,,1,0,1,2,0.0000
0x00137700,0x00137700,,stub_code,1,5,6,17127,0.0000
0x0050fe20,0x0050fe20,,,496,0,496,17127,0.0000
0x002d1830,0x002d1830,,stub_code,0,4,4,17127,0.0000
0x0023d370,0x0023d370,,,1,0,1,17127,0.0000
0x0043dca8,0x0043dca8,,stub_code,0,1,1,17127,0.0000
0x00423690,0x00423690,,stub_code,1,2,3,17127,0.0000
0x00407ae0,0x00407ae0,,stub_code,0,1,1,17127,0.0000
0x002b12f0,0x002b12f0,,stub_code,1,2,3,17127,0.0000
0x003717f0,0x003717f0,,stub_code,1,24,25,17127,0.0000
0x0031fb50,0x0031fb50,,stub_code,0,4,4,17127,0.0000
0x00583260,0x00583260,,stub_code,0,1,1,17127,0.0000
0x003df710,0x003df710,,stub_code,1,9,10,17127,4.0833
0x001ef6c0,0x001ef6c0,,stub_code,0,0,0,1,0.0000
0x002e6880,0x002e6880,,,2,0,2,17127,0.0000
0x004ba460,0x004ba460,,stub_code,27,2,29,17127,51.5000
0x00469500,0x00469500,,stub_code,0,1,1,17127,0.0000
0x005c1260,0x005c1260,,stub_code,0,0,0,1,0.0000
0x0022db30,0x0022db30,,stub_code,1,4,5,17127,0.0000
0x00515610,0x00515610,,stub_code,6,1,7,17127,0.0000
0x002d5c20,0x002d5c20,,stub_code,0,4,4,17127,0.0000
0x00319f90,0x00319f90,,,1,0,1,17127,0.0000
0x004a9868,0x004a9868,,stub_code,1,2,3,17127,0.0000
0x00503920,0x00503920,,stub_code,1,0,1,17127,0.0000
0x004b6f68,0x004b6f68,,stub_code,1,5,6,17127,0.0000
0x0011a450,0x0011a450,,stub_code,1,7,8,17127,0.0000
0x004dce30,0x004dce30,,stub_code,0,1,1,17127,0.0000
0x0023c5f0,0x0023c5f0,,stub_code,37,1,38,17127,0.0000
0x00117820,0x00117820,,stub_code,3,2,5,17127,0.0000
0x001a94a0,FUN_001a94a0,,pseudo_stub,0,1,1,17127,0.0000
0x002c9b00,0x002c9b00,,stub_code,0,3,3,17127,0.0000
0x002adc90,0x002adc90,,stub_code,0,3,3,17127,0.0000
0x00594dd0,0x00594dd0,,stub_code,0,1,1,2,0.0000
0x004017e0,0x004017e0,,stub_code,0,4,4,17127,0.0000
0x0056eb40,0x0056eb40,,stub_code,0,2,2,17127,0.0000
0x001a54f0,0x001a54f0,,stub_code,1,1,2,17127,0.0000
0x004ec620,0x004ec620,,stub_code,2,2,4,17127,0.0000
0x00266c60,0x00266c60,,stub_code,7,3,10,17127,0.0000
0x0014c320,0x0014c320,,stub_code,0,2,2,17127,0.0000
0x00114c60,0x00114c60,,,2,0,2,17127,0.0000
0x0018a510,0x0018a510,,stub_code,1,1,2,17127,0.0000
0x00314120,0x00314120,,,9,0,9,17127,0.0000
0x004b1488,0x004b1488,,stub_code,1,1,2,17127,0.0000
0x002c40d0,0x002c40d0,,stub_code,1,4,5,17127,0.0000
0x0040a5a0,0x0040a5a0,,,2,0,2,17127,0.0000
0x005a9280,0x005a9280,,stub_code,0,1,1,2,0.0000
0x0035da30,0x0035da30,,stub_code,1,6,7,17127,0.0000
0x005d86d0,0x005d86d0,,stub_code,5,3,8,17127,0.0000
0x005f9bb0,0x005f9bb0,,stub_code,0,0,0,1,0.0000
0x001ef980,0x001ef980,,stub_code,0,0,0,1,0.0000
0x00290550,0x00290550,,stub_code,1,1,2,17127,0.0000
0x003282e0,0x003282e0,,,2,0,2,17127,0.0000
0x00446660,0x00446660,,,6,0,6,17127,0.0000
0x001e9380,0x001e9380,,stub_code,1,3,4,17127,0.0000
0x003334f0,0x003334f0,,stub_code,0,4,4,17127,0.0000
0x001b1e10,0x001b1e10,,stub_code,2,13,15,17127,0.0000
0x004411d0,0x004411d0,,stub_code,5,9,14,17127,0.0000
0x001c2ef0,0x001c2ef0,,stub_code,4,3,7,17127,25.0000
0x004e2e40,0x004e2e40,,stub_code,0,1,1,17127,0.0000
0x003217b0,0x003217b0,,stub_code,0,8,8,17127,0.0000
0x002844f0,0x002844f0,,stub_code,0,1,1,17127,0.0000
0x002b7d60,0x002b7d60,,stub_code,0,3,3,17127,0.0000
0x004cbf00,0x004cbf00,,stub_code,0,1,1,17127,0.0000
0x0025aac0,0x0025aac0,,stub_code,0,0,0,1,0.0000
0x0031c760,0x0031c760,,stub_code,4,3,7,17127,0.0000
0x0049ee70,0x0049ee70,,stub_code,1,1,2,17127,2.7000
0x001722c0,0x001722c0,,stub_code,0,3,3,17127,0.0000
0x00499518,0x00499518,,stub_code,1,1,2,17127,0.0000
0x005fabc0,0x005fabc0,,,3,0,3,17127,0.0000
0x004c0d40,0x004c0d40,,stub_code,12,2,14,17127,0.0000
0x004efe80,0x004efe80,,stub_code,0,0,0,1,0.0000
0x00171e90,0x00171e90,,stub_code,16,1,17,17127,0.0000
0x005ea230,0x005ea230,,stub_code,0,15,15,17127,0.0000
0x004eb120,0x004eb120,,,1,0,1,2,0.0000
0x002e6b60,0x002e6b60,,stub_code,0,3,3,17127,0.0000
0x0017c870,0x0017c870,,,2,0,2,17127,0.0000
0x0054a410,0x0054a410,,stub_code,0,5,5,17127,0.0000
0x005573c0,0x005573c0,,,1,0,1,17127,0.0000
0x003370d0,0x003370d0,,stub_code,1,3,4,17127,0.0000
0x003b2280,0x003b2280,,stub_code,1,0,1,17127,0.0000
0x004ad4d0,0x004ad4d0,,stub_code,2,1,3,17127,5.0000
0x004d7db0,0x004d7db0,,stub_code,2,2,4,17127,0.0000
0x00198a70,0x00198a70,,,1,0,1,17127,0.0000
0x001d2ca0,0x001d2ca0,,stub_code,0,3,3,17127,0.0000
0x00161800,0x00161800,,stub_code,1,16,17,17127,0.0000
0x0029a1b0,0x0029a1b0,,stub_code,2,1,3,17127,0.0000
0x001efa40,0x001efa40,,stub_code,0,0,0,1,0.0000
0x003a3cd0,0x003a3cd0,,,2,0,2,17127,0.0000
0x0031ae10,0x0031ae10,,stub_code,7,1,8,17127,0.0000
0x00275520,0x00275520,,stub_code,0,1,1,17127,0.0000
0x001555a0,0x001555a0,,stub_code,0,1,1,17127,0.0000
0x003a5ba0,0x003a5ba0,,stub_code,0,23,23,17127,0.0000
0x0026a730,0x0026a730,,stub_code,1,6,7,17127,0.0000
0x00258bb0,0x00258bb0,,stub_code,0,1,1,17127,0.0000
0x002d3710,0x002d3710,,,1,0,1,17127,0.0000
0x002313e0,0x002313e0,,,1,0,1,17127,0.0000
0x0016b4d0,0x0016b4d0,,stub_code,0,4,4,17127,0.0000
0x002ce990,0x002ce990,,,1,0,1,17127,0.0000
0x0010df80,0x0010df80,,stub_code,1,3,4,17127,0.0000
0x00355e10,0x00355e10,,,1,0,1,17127,0.0000
0x0029d7a0,0x0029d7a0,,,1,0,1,17127,0.0000
0x0049b7a0,0x0049b7a0,,stub_thunk,2,0,2,17127,0.0000
0x0010ce20,0x0010ce20,,stub_code,0,0,0,1,0.0000
0x00457160,0x00457160,,stub_code,2,6,8,17127,1.2000
0x005b67f0,0x005b67f0,,stub_code,1,3,4,17127,0.0000
0x001c71d0,0x001c71d0,,stub_code,0,1,1,9,0.0000
0x0026c890,0x0026c890,,,1,0,1,17127,0.0000
0x003e95d0,0x003e95d0,,stub_code,1,10,11,17127,3.0000
0x002ce100,0x002ce100,,stub_code,0,7,7,17127,0.0000
0x005010b0,0x005010b0,,stub_code,1,1,2,17127,0.0000
0x00255560,0x00255560,,stub_code,0,0,0,1,0.0000
0x001c1440,0x001c1440,,stub_code,1,8,9,17127,0.0000
0x003ff0d0,0x003ff0d0,,stub_code,4,4,8,17127,0.0000
0x00273630,0x00273630,,stub_code,2,2,4,17127,0.0000
0x002a4a70,0x002a4a70,,stub_code,2,1,3,17127,0.0000
0x00343010,0x00343010,,stub_code,0,0,0,1,0.0000
0x00459d40,0x00459d40,,,1,0,1,17127,0.0000
0x0058b4f0,0x0058b4f0,,stub_code,3,1,4,17127,3.0000
0x004a3558,0x004a3558,,,3,0,3,17127,0.0000
0x004e0b30,0x004e0b30,,stub_code,2,2,4,17127,0.0000
0x00378320,0x00378320,,stub_code,1,10,11,17127,0.0000
0x00293930,0x00293930,,stub_code,0,1,1,17127,0.0000
0x00397ca0,0x00397ca0,,stub_code,1,5,6,17127,0.0000
0x00133a30,0x00133a30,,stub_code,0,0,0,1,0.0000
0x0012c360,0x0012c360,,stub_code,1,2,3,17127,0.0000
0x00504260,0x00504260,,stub_code,1,4,5,17127,0.0000
0x00219680,0x00219680,,stub_code,0,8,8,17127,0.0000
0x0032a0e0,0x0032a0e0,,stub_code,1,3,4,17127,0.0000
0x001822e0,0x001822e0,,stub_code,3,2,5,17127,0.0000
0x00430000,FUN_00430000,,real_logic,3,3,6,17127,91.0000
0x0043fe30,0x0043fe30,,,1,0,1,17127,0.0000
0x00338e70,0x00338e70,,,1,0,1,17127,0.0000
0x0030ea10,0x0030ea10,,stub_code,1,2,3,17127,0.0000
0x00448080,0x00448080,,stub_code,0,1,1,17127,0.0000
0x004dabb0,0x004dabb0,,,3,0,3,17127,0.0000
0x004cbd30,0x004cbd30,,stub_code,0,10,10,17127,0.0000
0x00364b40,0x00364b40,,stub_code,0,6,6,17127,0.0000
0x001ae340,0x001ae340,,stub_code,1,12,13,17127,0.0000
0x001c56e0,0x001c56e0,,stub_code,0,2,2,17127,0.0000
0x0011e730,0x0011e730,,stub_code,0,1,1,17127,0.0000
0x00480ea8,0x00480ea8,,stub_code,1,0,1,17127,0.0000
0x004d5020,0x004d5020,,stub_code,0,4,4,17127,0.0000
0x003e7300,0x003e7300,,,6,0,6,17127,0.0000
0x00289490,0x00289490,,stub_code,0,1,1,17127,0.0000
0x005d7d80,0x005d7d80,,stub_code,1,5,6,17127,0.0000
0x0023e0c0,0x0023e0c0,,stub_code,0,0,0,1,0.0000
0x00379600,0x00379600,,stub_code,1,3,4,17127,0.0000
0x004f1b10,0x004f1b10,,stub_code,2,13,15,17127,0.0000
0x00322420,0x00322420,,,1,0,1,17127,0.0000
0x002e5cd0,0x002e5cd0,,stub_code,2,2,4,17127,0.0000
0x003d5c30,0x003d5c30,,stub_code,1,20,21,17127,210.8810
0x003e9580,0x003e9580,,stub_code,16,2,18,17127,5.0000
0x0020ea70,0x0020ea70,,stub_code,1,3,4,17127,0.0000
0x00244650,0x00244650,,stub_code,1,1,2,17127,0.0000
0x005db830,0x005db830,,stub_code,1,3,4,17127,0.0000
0x0058b420,0x0058b420,,,3,0,3,17127,0.0000
0x00249b90,0x00249b90,,stub_code,0,1,1,17127,0.0000
0x005f24a0,0x005f24a0,,stub_code,0,1,1,17127,0.0000
0x001df730,0x001df730,,stub_code,0,3,3,17127,0.0000
0x0020ad00,0x0020ad00,,,1,0,1,17127,0.0000
0x004c9ab0,0x004c9ab0,,stub_code,2,0,2,3,0.0000
0x00589fc0,0x00589fc0,,,1,0,1,17127,0.0000
0x0049bb40,0x0049bb40,,stub_code,0,3,3,17127,0.0000
0x004de4d0,0x004de4d0,,stub_code,0,4,4,17127,0.0000
0x002ce9a0,0x002ce9a0,,,1,0,1,17127,0.0000
0x002d9c00,0x002d9c00,,stub_code,0,1,1,17127,0.0000
0x006c8ab0,0x006c8ab0,,stub_code,0,1,1,17127,0.0000
0x00565a50,0x00565a50,,stub_code,2,4,6,17127,0.0000
0x00261b00,0x00261b00,,,3,0,3,17127,0.0000
0x001223f0,0x001223f0,,,1,0,1,17127,0.0000
0x003688c0,0x003688c0,,stub_code,1,4,5,17127,0.0000
0x001157c0,0x001157c0,,stub_code,1,2,3,17127,0.0000
0x00478960,0x00478960,,stub_code,1,0,1,17127,0.0000
0x0037bb50,0x0037bb50,,,1,0,1,17127,0.0000
0x0027a460,0x0027a460,,stub_code,3,16,19,17127,0.0000
0x0023ca40,0x0023ca40,,,1,0,1,17127,0.0000
0x004ef3e0,0x004ef3e0,,,2,0,2,17127,0.0000
0x00247d10,0x00247d10,,,1,0,1,17127,0.0000
0x00167100,0x00167100,,stub_code,5,1,6,17127,0.0000
0x00261ed0,0x00261ed0,,stub_code,1,3,4,17127,0.0000
0x0054bc80,0x0054bc80,,,3,0,3,17127,0.0000
0x0053f640,0x0053f640,,stub_code,0,4,4,17127,0.0000
0x002ccd20,0x002ccd20,,stub_code,1,1,2,17127,0.0000
0x0028f2b0,0x0028f2b0,,stub_code,0,7,7,17127,0.0000
0x0054ec10,0x0054ec10,,stub_code,1,2,3,17127,0.0000
0x00441c48,0x00441c48,,stub_code,6,7,13,17127,0.0000
0x00102af0,0x00102af0,,stub_code,1,2,3,17127,0.0000
0x00584ed0,0x00584ed0,,,2,0,2,8,0.0000
0x001c8260,0x001c8260,,,1,0,1,17127,0.0000
0x0048c020,0x0048c020,,stub_code,0,1,1,2,0.0000
0x0035b550,0x0035b550,,stub_code,5,1,6,17127,0.0000
0x004782e8,0x004782e8,,,1,0,1,17127,0.0000
0x004f2800,0x004f2800,,stub_code,2,1,3,17127,0.0000
0x005de6c0,0x005de6c0,,stub_code,0,1,1,2,0.0000
0x002ef290,0x002ef290,,stub_code,1,2,3,17127,0.0000
0x002c9330,0x002c9330,,,2,0,2,17127,0.0000
0x002064f0,0x002064f0,,,1,0,1,17127,0.0000
0x001514f0,0x001514f0,,stub_code,7,3,10,17127,0.5000
0x005952e0,0x005952e0,,stub_code,0,1,1,2,0.0000
0x002b39d0,0x002b39d0,,,41,0,41,17127,0.0000
0x00322330,0x00322330,,stub_code,0,4,4,17127,0.0000
0x0043ca00,0x0043ca00,,,3,0,3,17127,0.0000
0x0033deb0,0x0033deb0,,stub_code,0,1,1,17127,0.0000
0x001ed240,0x001ed240,,stub_code,0,3,3,17127,0.0000
0x003aa620,0x003aa620,,stub_code,1,2,3,17127,0.0000
0x00424cd0,0x00424cd0,,,1,0,1,17127,0.0000
0x00482af0,0x00482af0,,,1,0,1,17127,0.0000
0x004f3db0,0x004f3db0,,stub_code,1,0,1,17127,0.0000
0x005a0de0,0x005a0de0,,,2,0,2,17127,0.0000
0x003b2b50,0x003b2b50,,stub_code,2,6,8,17127,0.0000
0x0024a890,0x0024a890,,stub_code,0,0,0,1,0.0000
0x00509da0,0x00509da0,,stub_code,0,2,2,17127,0.0000
0x00196aa0,0x00196aa0,,,1,0,1,17127,0.0000
0x00124ec0,0x00124ec0,,,1,0,1,17127,0.0000
0x00347640,0x00347640,,,1,0,1,17127,0.0000
0x003a0f20,0x003a0f20,,stub_code,6,2,8,17127,0.0000
0x0035ccc0,0x0035ccc0,,,2,0,2,17127,0.0000
0x002aeec0,0x002aeec0,,stub_code,1,2,3,17127,0.0000
0x0025b8f0,0x0025b8f0,,stub_code,0,0,0,1,0.0000
0x0039c9e0,0x0039c9e0,,,1,0,1,17127,0.0000
0x0033ca10,0x0033ca10,,stub_code,3,1,4,17127,0.6667
0x0054eb70,0x0054eb70,,stub_code,1,2,3,17127,0.0000
0x002413d0,0x002413d0,,stub_code,0,1,1,17127,0.0000
0x004684e8,0x004684e8,,,3,0,3,17127,0.0000
0x002b0770,0x002b0770,,stub_code,1,2,3,17127,0.0000
0x004cdea0,0x004cdea0,,stub_code,0,2,2,17127,0.0000
0x002724d0,0x002724d0,,,2,0,2,17127,0.0000
0x00428120,0x00428120,,stub_code,1,3,4,17127,0.0000
0x004c11d0,0x004c11d0,,stub_code,0,1,1,17127,0.0000
0x00260680,0x00260680,,,3,0,3,17127,0.0000
0x00353630,0x00353630,,stub_code,0,1,1,17127,0.0000
0x004fd270,0x004fd270,,stub_code,0,1,1,17127,0.0000
0x005f4210,0x005f4210,,stub_code,0,5,5,17127,0.0000
0x00470b30,0x00470b30,,,1,0,1,17127,0.0000
0x0012d270,0x0012d270,,stub_code,1,1,2,17127,0.0000
0x0034a710,0x0034a710,,stub_code,0,1,1,17127,0.0000
0x004d5610,0x004d5610,,stub_code,0,11,11,17127,0.0000
0x002824d0,0x002824d0,,stub_code,0,4,4,17127,0.0000
0x00400cb0,0x00400cb0,,stub_code,0,2,2,17127,0.0000
0x001c5f50,0x001c5f50,,stub_code,0,0,0,1,0.0000
0x00570460,0x00570460,,stub_code,0,5,5,17127,0.0000
0x0034e9f0,0x0034e9f0,,stub_code,0,17,17,17127,0.0000
0x00361f40,0x00361f40,,,2,0,2,17127,0.0000
0x004e67a0,0x004e67a0,,stub_code,3,2,5,17127,0.0000
0x003425e0,0x003425e0,,stub_code,0,1,1,17127,0.0000
0x0011ed30,0x0011ed30,,stub_code,1,10,11,17127,0.0000
0x004abe38,0x004abe38,,,2,0,2,17127,0.0000
0x005fa960,0x005fa960,,stub_code,7,1,8,17127,0.0000
0x004d37d0,0x004d37d0,,stub_code,2,2,4,17127,0.0000
0x001de100,0x001de100,,,1,0,1,2,0.0000
0x00159030,0x00159030,,stub_code,3,2,5,17127,0.0000
0x001eb500,0x001eb500,,stub_code,8,3,11,17127,0.0000
0x004dbb00,0x004dbb00,,,2,0,2,17127,0.0000
0x002800c0,0x002800c0,,,1,0,1,17127,0.0000
0x0014f9b0,0x0014f9b0,,stub_code,5,10,15,17127,0.0000
0x002d9890,0x002d9890,,stub_code,0,3,3,17127,0.0000
0x003272c0,0x003272c0,,stub_code,0,10,10,17127,0.0000
0x00573ed0,0x00573ed0,,stub_code,2,1,3,17127,0.0000
0x004d83b0,0x004d83b0,,,16,0,16,17127,0.0000
0x00328800,0x00328800,,stub_code,0,1,1,17127,0.0000
0x0019f770,0x0019f770,,stub_code,0,2,2,17127,0.0000
0x0028efc0,0x0028efc0,,stub_code,1,2,3,17127,0.0000
0x0049bed0,0x0049bed0,,stub_code,0,2,2,17127,0.0000
0x0035f7c0,0x0035f7c0,,stub_code,0,0,0,1,0.0000
0x00483318,0x00483318,,stub_code,5,3,8,17127,3.0000
0x003b39f0,0x003b39f0,,stub_code,1,2,3,17127,0.0000
0x00464a78,0x00464a78,,stub_code,1,2,3,17127,0.0000
0x005fc8b0,0x005fc8b0,,stub_code,0,1,1,17127,0.0000
0x00302600,0x00302600,,stub_code,0,6,6,17127,0.0000
0x00260910,0x00260910,,,1,0,1,17127,0.0000
0x0029cd20,0x0029cd20,,,1,0,1,17127,0.0000
0x00473710,0x00473710,,,2,0,2,17127,0.0000
0x00200070,0x00200070,,stub_code,3,4,7,17127,7.0000
0x0029cba0,0x0029cba0,,,1,0,1,17127,0.0000
0x002a8790,0x002a8790,,stub_code,0,0,0,1,0.0000
0x001d6c50,0x001d6c50,,stub_code,1,7,8,17127,0.0000
0x00399d00,0x00399d00,,stub_code,0,3,3,17127,0.0000
0x005f0a60,0x005f0a60,,,3,0,3,17127,0.0000
0x001a4cd0,0x001a4cd0,,stub_code,0,1,1,2,0.0000
0x00471688,0x00471688,,,1,0,1,17127,0.0000
0x001450d0,0x001450d0,,stub_code,0,3,3,17127,0.0000
0x00269ea0,0x00269ea0,,stub_code,2,0,2,17127,0.0000
0x00128230,0x00128230,,,1,0,1,17127,0.0000
0x00353800,0x00353800,,stub_code,1,0,1,17127,0.0000
0x001a91c0,0x001a91c0,,stub_code,0,1,1,17127,0.0000
0x00442458,0x00442458,,stub_code,3,7,10,17127,0.0000
0x004e8f80,0x004e8f80,,,2,0,2,17127,0.0000
0x005a58c0,0x005a58c0,,stub_code,0,1,1,2,0.0000
0x0026bc50,0x0026bc50,,,1,0,1,17127,0.0000
0x004f7c70,0x004f7c70,,,63,0,63,17127,0.0000
0x00253c00,0x00253c00,,stub_code,0,0,0,1,0.0000
0x002b7fa0,0x002b7fa0,,stub_code,0,1,1,17127,0.0000
0x00266350,0x00266350,,,1,0,1,17127,0.0000
0x004d50e0,0x004d50e0,,,5,0,5,17127,0.0000
0x002bee50,0x002bee50,,stub_code,0,1,1,17127,0.0000
0x002af7c0,0x002af7c0,,,1,0,1,17127,0.0000
0x0038dee0,0x0038dee0,,,1,0,1,17127,0.0000
0x003a2910,0x003a2910,,stub_code,0,21,21,17127,0.0000
0x005ec3e0,0x005ec3e0,,stub_code,1,1,2,17127,3.0000
0x0041b540,0x0041b540,,,1,0,1,17127,0.0000
0x0018b120,0x0018b120,,stub_code,3,4,7,17127,5.8333
0x004baea0,0x004baea0,,,3,0,3,17127,0.0000
0x00157f70,0x00157f70,,stub_code,1,1,2,17127,0.0000
0x001f8590,0x001f8590,,stub_code,0,0,0,1,0.0000
0x0049d1d8,0x0049d1d8,,,3,0,3,17127,0.0000
0x0025a6a0,0x0025a6a0,,stub_code,0,0,0,1,0.0000
0x0019f650,0x0019f650,,stub_code,1,2,3,17127,0.0000
0x00428630,FUN_00428630,,real_logic,1,1,2,17127,19.0000
0x002f0fe0,0x002f0fe0,,stub_code,0,1,1,17127,0.0000
0x0047b650,0x0047b650,,stub_code,1,1,2,17127,0.0000
0x0036a280,0x0036a280,,,1,0,1,17127,0.0000
0x00346610,0x00346610,,stub_code,0,4,4,17127,0.0000
0x002fdb50,0x002fdb50,,stub_code,1,1,2,17127,0.0000
0x005e5f10,0x005e5f10,,stub_code,0,1,1,17127,0.0000
0x004f0f60,0x004f0f60,,stub_code,0,0,0,1,0.0000
0x004acdf0,0x004acdf0,,stub_code,0,0,0,1,0.0000
0x0023dc60,0x0023dc60,,stub_code,1,0,1,17127,0.0000
0x002fb6c0,0x002fb6c0,,,1,0,1,17127,0.0000
0x0046faf8,0x0046faf8,,,1,0,1,17127,0.0000
0x00335080,0x00335080,,stub_code,0,1,1,17127,0.0000
0x002f9a60,0x002f9a60,,stub_code,1,2,3,17127,0.0000
0x004db810,0x004db810,,stub_code,0,3,3,17127,0.0000
0x004f60d0,0x004f60d0,,stub_code,1,4,5,17127,0.0000
0x004eed80,0x004eed80,,,1,0,1,17127,0.0000
0x00561f70,0x00561f70,,stub_code,0,0,0,1,0.0000
0x001a0b20,0x001a0b20,,stub_code,1,5,6,17127,0.0000
0x00355fb0,0x00355fb0,,stub_code,0,4,4,17127,0.0000
0x005bfa80,0x005bfa80,,,1,0,1,17127,0.0000
0x005e8cb0,0x005e8cb0,,,1,0,1,2,0.0000
0x0049ef50,0x0049ef50,,stub_code,0,1,1,2,0.0000
0x001c9420,0x001c9420,,stub_code,1,1,2,17127,0.0000
0x0046ef18,0x0046ef18,,stub_code,2,3,5,17127,1.0000
0x002beab0,0x002beab0,,stub_code,5,2,7,17127,0.0000
0x00192e80,0x00192e80,,stub_code,0,7,7,17127,0.0000
0x0053aaa0,0x0053aaa0,,stub_code,1,1,2,17127,0.0000
0x0031ba20,0x0031ba20,,stub_code,4,7,11,17127,0.0000
0x001071e0,FUN_001071e0,core/mem,real_c,64,0,64,17127,0.0000
0x00218fa0,0x00218fa0,,stub_code,0,11,11,17127,0.0000
0x004c71b0,0x004c71b0,,stub_code,0,3,3,17127,0.0000
0x00499c38,0x00499c38,,stub_code,2,3,5,17127,0.0000
0x00147320,0x00147320,,stub_code,0,3,3,17127,0.0000
0x00464668,0x00464668,,stub_code,8,1,9,17127,0.0000
0x00223780,0x00223780,,stub_code,1,39,40,17127,0.0000
0x0040f0d0,0x0040f0d0,,,1,0,1,2,0.0000
0x002a7200,0x002a7200,,stub_code,1,2,3,17127,0.0000
0x00476fa0,0x00476fa0,,stub_code,1,2,3,17127,0.0000
0x00530e00,0x00530e00,,,4,0,4,17127,0.0000
0x0015cc30,0x0015cc30,,stub_code,1,5,6,17127,0.0000
0x00545470,0x00545470,,,2,0,2,17127,0.0000
0x003ff370,0x003ff370,,stub_code,1,1,2,17127,0.0000
0x004283d0,0x004283d0,,,2,0,2,17127,0.0000
0x00133bb0,0x00133bb0,,,2,0,2,17127,0.0000
0x001dc200,0x001dc200,,stub_code,1,7,8,17127,0.0000
0x003376a0,0x003376a0,,,7,0,7,17127,0.0000
0x00151bc0,0x00151bc0,,,1,0,1,17127,0.0000
0x00520470,0x00520470,,stub_code,0,1,1,17127,0.0000
0x00141520,0x00141520,,stub_code,1,7,8,17127,0.0000
0x00285c70,0x00285c70,,,3,0,3,17127,0.0000
0x0043cf10,0x0043cf10,,,8,0,8,17127,0.0000
0x002ee110,0x002ee110,,stub_code,4,2,6,17127,0.0000
0x005f0260,0x005f0260,,,3,0,3,17127,0.0000
0x00188170,0x00188170,,,1,0,1,17127,0.0000
0x003a0370,0x003a0370,,stub_code,0,2,2,17127,0.0000
0x00294000,0x00294000,,stub_code,0,1,1,17127,0.0000
0x005149a0,0x005149a0,,stub_code,5,1,6,17127,0.0000
0x004d6150,0x004d6150,,stub_code,0,3,3,17127,0.0000
0x001da7f0,0x001da7f0,,stub_code,4,10,14,17127,75.0000
0x00327270,0x00327270,,stub_code,0,1,1,17127,0.0000
0x00288b40,0x00288b40,,stub_code,0,4,4,17127,0.0000
0x00416c40,0x00416c40,,,1,0,1,17127,0.0000
0x0018c4d0,0x0018c4d0,,stub_code,1,1,2,17127,0.0000
0x00503fb0,0x00503fb0,,stub_code,63,2,65,17127,32.0000
0x002cf4a0,0x002cf4a0,,stub_code,0,4,4,17127,0.0000
0x004baf90,0x004baf90,,stub_code,0,1,1,17127,0.0000
0x00216950,0x00216950,,,11,0,11,17127,0.0000
0x00312550,0x00312550,,stub_code,0,9,9,17127,0.0000
0x003bb010,0x003bb010,,stub_code,0,0,0,1,0.0000
0x004708c0,0x004708c0,,stub_thunk,4,0,4,17127,0.0000
0x002ecea0,0x002ecea0,,stub_code,5,1,6,17127,1.0000
0x004e0180,0x004e0180,,stub_code,1,2,3,17127,0.0000
0x00251a80,0x00251a80,,stub_code,1,0,1,17127,0.0000
0x00577330,0x00577330,,stub_code,0,1,1,17127,0.0000
0x001dcd70,0x001dcd70,,stub_code,0,1,1,17127,0.0000
0x005f2880,0x005f2880,,stub_code,0,1,1,17127,0.0000
0x00444a28,0x00444a28,,stub_code,0,2,2,17127,0.0000
0x0051fab0,0x0051fab0,,stub_code,0,0,0,1,0.0000
0x004c2e50,0x004c2e50,,stub_code,0,2,2,17127,0.0000
0x004f0e30,0x004f0e30,,stub_code,0,0,0,1,0.0000
0x00378cf0,0x00378cf0,,stub_code,1,4,5,17127,0.0000
0x0058edf0,0x0058edf0,,stub_code,0,1,1,17127,0.0000
0x001197e0,0x001197e0,,stub_code,1,7,8,17127,0.0000
0x005f1370,0x005f1370,,stub_code,0,6,6,17127,0.0000
0x001ec4e0,0x001ec4e0,,stub_code,0,1,1,17127,0.0000
0x0050edd0,0x0050edd0,,,1,0,1,17127,0.0000
0x004aa160,0x004aa160,,stub_code,1,2,3,17127,0.0000
0x004715b8,0x004715b8,,stub_code,1,2,3,17127,1.0000
0x0018be40,0x0018be40,,stub_code,1,4,5,17127,0.0000
0x005400a0,0x005400a0,,stub_code,0,0,0,1,0.0000
0x00302dc0,0x00302dc0,,stub_code,1,2,3,17127,0.0000
0x0033a1b0,0x0033a1b0,,stub_code,1,3,4,17127,0.0000
0x001410b0,0x001410b0,,stub_code,0,1,1,17127,0.0000
0x001e61e0,0x001e61e0,,stub_code,0,0,0,1,0.0000
0x001a9070,0x001a9070,,stub_code,0,1,1,17127,0.0000
0x0039c9b0,0x0039c9b0,,,1,0,1,17127,0.0000
0x00286380,0x00286380,,stub_code,0,1,1,17127,0.0000
0x001170b0,0x001170b0,,,5,0,5,17127,0.0000
0x004dfa90,0x004dfa90,,stub_code,0,4,4,17127,0.0000
0x0027f5b0,0x0027f5b0,,stub_code,0,1,1,17127,0.0000
0x001a1d40,0x001a1d40,,stub_code,0,0,0,1,0.0000
0x001944c0,0x001944c0,,stub_code,0,7,7,17127,0.0000
0x00392f30,0x00392f30,,stub_code,0,3,3,17127,0.0000
0x002613a0,0x002613a0,,stub_code,4,3,7,17127,0.0000
0x005fad30,0x005fad30,,stub_code,0,2,2,17127,0.0000
0x001fe220,0x001fe220,,stub_code,0,2,2,17127,0.0000
0x00361f50,0x00361f50,,stub_code,1,1,2,17127,0.0000
0x0051d750,0x0051d750,,stub_code,5,1,6,17127,0.0000
0x003fa1d0,0x003fa1d0,,,1,0,1,17127,0.0000
0x004d4400,0x004d4400,,,4,0,4,17127,0.0000
0x002e7680,0x002e7680,,stub_code,1,1,2,17127,0.0000
0x003a99a0,0x003a99a0,,stub_code,1,4,5,17127,0.0000
0x001d6a30,0x001d6a30,,stub_code,2,5,7,17127,0.0000
0x004baac0,0x004baac0,,stub_code,13,0,13,17127,0.0000
0x002d39a0,0x002d39a0,,stub_code,0,7,7,17127,0.0000
0x00476a50,0x00476a50,,stub_code,1,36,37,17127,0.0000
0x00479d20,FUN_00479d20,,pseudo_stub,0,1,1,17127,0.0000
0x005fa9e0,0x005fa9e0,,stub_code,6,1,7,17127,1.0000
0x002bfee0,0x002bfee0,,stub_code,3,4,7,17127,0.0000
0x001311a0,0x001311a0,,stub_code,0,0,0,1,0.0000
0x0053d340,0x0053d340,,stub_code,0,1,1,17127,0.0000
0x001db410,0x001db410,,stub_code,0,0,0,1,0.0000
0x001af570,0x001af570,,stub_code,1,7,8,17127,0.0000
0x0047fc18,FUN_0047fc18,,pseudo_stub,0,1,1,17127,0.0000
0x0013e0b0,0x0013e0b0,,stub_code,5,0,5,17127,0.0000
0x00127fc0,0x00127fc0,,,1,0,1,17127,0.0000
0x001d28c0,0x001d28c0,,stub_code,0,7,7,17127,0.0000
0x0046fbe8,0x0046fbe8,,,2,0,2,17127,0.0000
0x0028ade0,0x0028ade0,,stub_code,0,1,1,17127,0.0000
0x0011b8b0,0x0011b8b0,,,1,0,1,17127,0.0000
0x004c9680,0x004c9680,,stub_code,0,1,1,17127,0.0000
0x0035eed0,0x0035eed0,,stub_code,0,1,1,17127,0.0000
0x0056f910,0x0056f910,,,1,0,1,17127,0.0000
0x005857c0,0x005857c0,,stub_code,0,1,1,2,0.0000
0x001747e0,0x001747e0,,stub_code,0,9,9,17127,0.0000
0x005493f0,0x005493f0,,,3,0,3,17127,0.0000
0x00152730,0x00152730,,,1,0,1,17127,0.0000
0x002ed080,0x002ed080,,stub_code,0,1,1,17127,0.0000
0x00499110,0x00499110,,stub_code,0,2,2,17127,0.0000
0x005df690,0x005df690,,stub_code,0,9,9,17127,0.0000
0x00340310,0x00340310,,stub_code,1,1,2,17127,0.0000
0x004c46f0,0x004c46f0,,stub_code,0,3,3,17127,0.0000
0x001c6b40,0x001c6b40,,stub_code,1,1,2,17127,0.0000
0x003a0e30,0x003a0e30,,stub_code,0,1,1,17127,0.0000
0x00167d20,0x00167d20,,stub_code,0,18,18,17127,0.0000
0x002f1d50,0x002f1d50,,stub_code,2,2,4,17127,0.0000
0x00204ea0,0x00204ea0,,stub_code,1,13,14,17127,0.0000
0x003fb9c8,0x003fb9c8,,,4,0,4,17127,0.0000
0x004ecb10,0x004ecb10,,,1,0,1,17127,0.0000
0x0018e080,0x0018e080,,stub_code,1,2,3,17127,0.0000
0x00581da0,0x00581da0,,stub_code,0,3,3,17127,0.0000
0x002858a0,0x002858a0,,stub_code,0,4,4,17127,0.0000
0x004a7248,0x004a7248,,stub_code,2,0,2,17127,0.0000
0x0023e250,0x0023e250,,stub_code,0,1,1,17127,0.0000
0x002b8890,0x002b8890,,stub_code,0,1,1,17127,0.0000
0x0058b330,0x0058b330,,,6,0,6,17127,0.0000
0x0038eb40,0x0038eb40,,stub_code,3,5,8,17127,12.0000
0x00414710,0x00414710,,,3,0,3,17127,0.0000
0x00440370,0x00440370,,stub_code,9,3,12,17127,0.0000
0x0055ae70,0x0055ae70,,stub_code,2,1,3,17127,0.0000
0x0049a240,0x0049a240,,stub_code,0,1,1,17127,0.0000
0x004b96e8,0x004b96e8,,,3,0,3,17127,0.0000
0x004c4860,0x004c4860,,stub_code,0,1,1,17127,0.0000
0x00502160,0x00502160,,stub_code,1,4,5,17127,0.0000
0x001d1760,0x001d1760,,stub_code,0,0,0,1,0.0000
0x0049b4c8,0x0049b4c8,,stub_code,1,4,5,17127,0.0000
0x004e06a0,0x004e06a0,,stub_code,0,5,5,17127,0.0000
0x0050f4a0,0x0050f4a0,,stub_code,0,3,3,17127,0.0000
0x0018e700,0x0018e700,,stub_code,1,0,1,17127,0.0000
0x0051e2d0,0x0051e2d0,,stub_code,1,2,3,17127,40.5000
0x0032b9b0,0x0032b9b0,,stub_code,0,1,1,17127,0.0000
0x0043b198,0x0043b198,,,7,0,7,17127,0.0000
0x004bed10,0x004bed10,,stub_code,0,3,3,17127,0.0000
0x004a5780,0x004a5780,,stub_code,17,0,17,17127,0.0000
0x0020eae0,0x0020eae0,,stub_code,1,1,2,17127,0.0000
0x001540d0,0x001540d0,,stub_code,1,6,7,17127,0.0000
0x001ff8c0,0x001ff8c0,,stub_code,28,1,29,17127,5.4000
0x00140ee0,0x00140ee0,,stub_code,0,4,4,17127,0.0000
0x0031b6c0,0x0031b6c0,,stub_code,0,1,1,17127,0.0000
0x003557e0,0x003557e0,,stub_code,0,3,3,17127,0.0000
0x001a2810,0x001a2810,,stub_code,1,1,2,17127,0.0000
0x0023bf60,0x0023bf60,,stub_code,1,11,12,17127,111.9619
0x0053b920,0x0053b920,,,5,0,5,17127,0.0000
0x002a6620,0x002a6620,,,1,0,1,17127,0.0000
0x0053f830,0x0053f830,,stub_code,0,6,6,17127,0.0000
0x004facd0,0x004facd0,,stub_code,0,3,3,17127,0.0000
0x00116850,0x00116850,,,2,0,2,17127,0.0000
0x001eee80,0x001eee80,,stub_code,0,2,2,17127,0.0000
0x00160080,0x00160080,,stub_code,1,19,20,17127,0.0000
0x00118800,0x00118800,,stub_code,1,1,2,17127,0.0000
0x0024a3f0,0x0024a3f0,,stub_code,0,1,1,17127,0.0000
0x0026fa50,0x0026fa50,,,1,0,1,17127,0.0000
0x005b4e70,0x005b4e70,,stub_code,0,1,1,17127,0.0000
0x002c69b0,0x002c69b0,,stub_code,1,2,3,17127,0.0000
0x00545c10,0x00545c10,,,2,0,2,17127,0.0000
0x00270be0,0x00270be0,,stub_code,0,3,3,17127,0.0000
0x00444ff8,0x00444ff8,,stub_code,0,4,4,17127,0.0000
0x00249f30,0x00249f30,,stub_code,0,1,1,20,0.0000
0x002ef3c0,0x002ef3c0,,,1,0,1,17127,0.0000
0x0048b130,0x0048b130,,stub_code,2,1,3,17127,0.0000
0x003fe388,0x003fe388,,stub_code,26,1,27,17127,0.0000
0x0036d230,0x0036d230,,stub_code,1,4,5,17127,0.0000
0x0020fd00,0x0020fd00,,stub_code,1,18,19,17127,0.0000
0x0033ea00,0x0033ea00,,,1,0,1,17127,0.0000
0x00483780,0x00483780,,stub_code,1,1,2,17127,0.0000
0x0022dce0,0x0022dce0,,,1,0,1,17127,0.0000
0x0035b120,0x0035b120,,stub_code,1,1,2,17127,0.0000
0x002a5780,0x002a5780,,stub_code,0,1,1,17127,0.0000
0x00272d00,0x00272d00,,stub_code,0,10,10,17127,0.0000
0x005f5360,0x005f5360,,,3,0,3,17127,0.0000
0x0051e790,0x0051e790,,,1,0,1,17127,0.0000
0x0043c8a0,0x0043c8a0,,,1,0,1,17127,0.0000
0x0034d300,0x0034d300,,stub_code,1,4,5,17127,0.0000
0x0027f930,0x0027f930,,stub_code,1,2,3,17127,0.0000
0x00347390,0x00347390,,stub_code,0,4,4,17127,0.0000
0x003fbb60,0x003fbb60,,stub_code,1,3,4,17127,35.0000
0x004449e0,0x004449e0,,stub_code,0,1,1,17127,0.0000
0x00499ce0,0x00499ce0,,stub_code,1,2,3,17127,0.0000
0x0043c9e0,0x0043c9e0,,,11,0,11,17127,0.0000
0x001e4f20,0x001e4f20,,stub_code,1,0,1,17127,0.0000
0x005d1a70,0x005d1a70,,stub_code,1,7,8,17127,0.0000
0x00152740,0x00152740,,,1,0,1,17127,0.0000
0x00515350,0x00515350,,stub_code,0,1,1,17127,0.0000
0x0043e328,FUN_0043e328,,pseudo_stub,0,1,1,2,0.0000
0x00351d70,0x00351d70,,stub_code,3,10,13,17127,0.0000
0x0014c140,0x0014c140,,stub_code,0,1,1,2,0.0000
0x001d21c0,0x001d21c0,,stub_code,0,2,2,17127,0.0000
0x005fb8a0,0x005fb8a0,,stub_code,1,6,7,17127,0.0000
0x0049faf0,0x0049faf0,,stub_code,0,1,1,17127,0.0000
0x0026f8d0,0x0026f8d0,,,1,0,1,17127,0.0000
0x00583920,0x00583920,,stub_code,1,2,3,17127,0.0000
0x005b9430,0x005b9430,,stub_code,1,10,11,17127,0.0000
0x002afc00,0x002afc00,,stub_code,1,2,3,17127,0.0000
0x00540760,0x00540760,,,1,0,1,17127,0.0000
0x0059b1e0,0x0059b1e0,,stub_code,0,6,6,17127,0.0000
0x001a4040,0x001a4040,,stub_code,1,5,6,17127,0.0000
0x003febb0,0x003febb0,,stub_code,1,3,4,17127,0.0000
0x0023c590,0x0023c590,,stub_code,143,1,144,17127,155.6952
0x00291320,0x00291320,,stub_code,6,2,8,17127,0.0000
0x0025ddd0,0x0025ddd0,,stub_code,0,0,0,1,0.0000
0x0036c3b0,0x0036c3b0,,stub_code,1,13,14,17127,0.0000
0x00511220,0x00511220,,,5,0,5,17127,0.0000
0x0037ce60,0x0037ce60,,stub_code,2,6,8,17127,0.0000
0x004056a0,0x004056a0,,stub_code,0,1,1,6,0.0000
0x004aee68,0x004aee68,,,1,0,1,17127,0.0000
0x0026b5b0,0x0026b5b0,,stub_code,1,1,2,17127,0.0000
0x004673b8,0x004673b8,,stub_code,1,1,2,3,0.0000
0x00532c90,0x00532c90,,stub_code,0,3,3,17127,0.0000
0x002bd570,0x002bd570,,,1,0,1,17127,0.0000
0x001dea90,0x001dea90,,stub_code,12,3,15,17127,1.0000
0x00367440,0x00367440,,,2,0,2,17127,0.0000
0x003b95c0,0x003b95c0,,stub_code,1,1,2,17127,0.0000
0x002d1da0,0x002d1da0,,,1,0,1,17127,0.0000
0x004312a0,FUN_004312a0,,real_logic,1,3,4,17127,0.0000
0x004849f0,0x004849f0,,stub_code,3,1,4,17127,2.0000
0x001d22c0,0x001d22c0,,stub_code,1,3,4,17127,0.0000
0x0042c708,0x0042c708,,,4,0,4,17127,0.0000
0x00380f80,0x00380f80,,,2,0,2,17127,0.0000
0x0059ec10,0x0059ec10,,,1,0,1,2,0.0000
0x0027c440,0x0027c440,,stub_code,1,60,61,17127,0.0000
0x0031a9e0,0x0031a9e0,,,2,0,2,17127,0.0000
0x002f7240,0x002f7240,,,1,0,1,17127,0.0000
0x004a7b78,0x004a7b78,,stub_code,0,1,1,3,0.0000
0x00124c90,0x00124c90,,stub_code,1,3,4,17127,0.0000
0x0022b1c0,0x0022b1c0,,stub_code,3,15,18,17127,0.0000
0x00470890,0x00470890,,stub_thunk,4,0,4,17127,0.0000
0x00560a90,0x00560a90,,,5,0,5,17127,0.0000
0x00542c10,0x00542c10,,stub_code,0,1,1,17127,0.0000
0x004353d0,0x004353d0,,stub_code,1,9,10,17127,3.0000
0x0047bbe8,0x0047bbe8,,,2,0,2,17127,0.0000
0x00114d10,0x00114d10,,stub_code,1,2,3,17127,0.0000
0x002908c0,0x002908c0,,stub_code,1,2,3,17127,0.0000
0x0050f920,0x0050f920,,,3,0,3,17127,0.0000
0x005a1220,0x005a1220,,,2,0,2,17127,0.0000
0x00461c50,0x00461c50,,stub_code,7,1,8,17127,0.5000
0x00247cc0,0x00247cc0,,stub_code,1,1,2,17127,0.0000
0x00109510,0x00109510,,stub_code,0,1,1,17127,0.0000
0x0035b360,0x0035b360,,stub_code,4,4,8,17127,1.0000
0x001ff6b0,0x001ff6b0,,stub_code,1,4,5,17127,0.0000
0x00557a20,0x00557a20,,,1,0,1,17127,0.0000
0x002aee40,0x002aee40,,stub_code,2,1,3,17127,0.0000
0x00280a20,0x00280a20,,stub_code,0,1,1,17127,0.0000
0x002f72a0,0x002f72a0,,,1,0,1,3,0.0000
0x0043d000,0x0043d000,,stub_code,0,3,3,17127,0.0000
0x0049e368,0x0049e368,,stub_code,1,1,2,17127,1.0000
0x001ffbe0,0x001ffbe0,,stub_code,4,6,10,17127,0.0000
0x00356190,0x00356190,,stub_code,0,2,2,17127,0.0000
0x0033f570,0x0033f570,,,1,0,1,17127,0.0000
0x0025f5a0,0x0025f5a0,,stub_code,0,2,2,17127,0.0000
0x0011a8b0,0x0011a8b0,,stub_code,1,1,2,17127,0.0000
0x001aed90,0x001aed90,,stub_code,1,0,1,3,0.0000
0x00202ff0,0x00202ff0,,,1,0,1,17127,0.0000
0x00588a80,0x00588a80,,,15,0,15,17127,0.0000
0x0019e920,FUN_0019e920,,pseudo_stub,0,0,0,1,0.0000
0x00321750,0x00321750,,stub_code,0,1,1,17127,0.0000
0x002b8710,0x002b8710,,stub_code,0,5,5,17127,0.0000
0x0051c2c0,0x0051c2c0,,stub_code,3,0,3,17127,0.0000
0x0027e700,0x0027e700,,stub_code,0,1,1,17127,0.0000
0x004b8ba8,0x004b8ba8,,stub_code,1,0,1,17127,0.0000
0x00393630,0x00393630,,stub_code,1,2,3,17127,0.0000
0x0017e750,0x0017e750,,stub_code,1,2,3,17127,0.0000
0x00570b90,0x00570b90,,stub_code,0,1,1,2,0.0000
0x005438f0,0x005438f0,,stub_code,0,1,1,17127,0.0000
0x004dcd40,0x004dcd40,,,2,0,2,17127,0.0000
0x001ae9d0,0x001ae9d0,,stub_code,1,4,5,17127,0.0000
0x004a0a78,0x004a0a78,,stub_code,0,3,3,17127,0.0000
0x00501510,0x00501510,,stub_code,1,7,8,17127,0.0000
0x00247c90,0x00247c90,,,1,0,1,17127,0.0000
0x005460c0,0x005460c0,,stub_code,0,1,1,17127,0.0000
0x0055b7f0,0x0055b7f0,,stub_code,0,0,0,1,0.0000
0x003b15a0,0x003b15a0,,,2,0,2,17127,0.0000
0x004e6b00,0x004e6b00,,,2,0,2,17127,0.0000
0x001bba00,0x001bba00,,stub_code,1,3,4,17127,0.0000
0x004214a0,0x004214a0,,,1,0,1,17127,0.0000
0x00155350,0x00155350,,stub_code,1,1,2,17127,0.0000
0x00551910,0x00551910,,stub_code,0,2,2,17127,0.0000
0x00493e90,0x00493e90,,,1,0,1,17127,0.0000
0x00189d40,FUN_00189d40,,pseudo_stub,1,1,2,17127,0.0000
0x0034bb20,FUN_0034bb20,,real_logic,21,0,21,17127,0.0000
0x0053a310,0x0053a310,,stub_code,0,3,3,17127,0.0000
0x002fb750,0x002fb750,,,21,0,21,17127,0.0000
0x00313620,0x00313620,,stub_code,0,7,7,17127,0.0000
0x004b2d08,0x004b2d08,,,2,0,2,17127,0.0000
0x0041b8f0,0x0041b8f0,,,2,0,2,17127,0.0000
0x00231d80,0x00231d80,,stub_code,3,2,5,17127,0.0000
0x0018ee80,0x0018ee80,,stub_code,1,6,7,17127,0.0000
0x002799f0,0x002799f0,,,1,0,1,17127,0.0000
0x004832e0,0x004832e0,,,1,0,1,17127,0.0000
0x005a0370,0x005a0370,,stub_code,1,2,3,17127,0.0000
0x0047f0e0,0x0047f0e0,,stub_code,0,8,8,17127,0.0000
0x00580f80,0x00580f80,,stub_code,0,6,6,17127,0.0000
0x005f95a0,0x005f95a0,,stub_code,0,2,2,17127,0.0000
0x005b6be0,0x005b6be0,,stub_code,0,5,5,17127,0.0000
0x00345cc0,0x00345cc0,,,20,0,20,17127,0.0000
0x005470b0,0x005470b0,,stub_code,0,1,1,17127,0.0000
0x001d2bf0,0x001d2bf0,,,2,0,2,17127,0.0000
0x00466640,0x00466640,,,1,0,1,17127,0.0000
0x002a7b60,0x002a7b60,,,1,0,1,17127,0.0000
0x0012cb60,0x0012cb60,,stub_code,1,9,10,17127,0.0000
0x0031dc30,0x0031dc30,,stub_code,0,2,2,17127,0.0000
0x004dfee0,0x004dfee0,,,3,0,3,17127,0.0000
0x00152040,0x00152040,,stub_code,1,3,4,17127,0.0000
0x004da510,0x004da510,,stub_code,1,2,3,17127,1.0000
0x0028e710,0x0028e710,,stub_code,2,2,4,17127,0.0000
0x002b8ac0,0x002b8ac0,,stub_code,0,2,2,17127,0.0000
0x002888c0,0x002888c0,,stub_code,0,5,5,17127,0.0000
0x0037b840,0x0037b840,,stub_code,2,3,5,17127,0.0000
0x002b11b0,0x002b11b0,,,1,0,1,17127,0.0000
0x002833f0,0x002833f0,,stub_code,0,5,5,17127,0.0000
0x0026a970,0x0026a970,,,1,0,1,17127,0.0000
0x0040a300,0x0040a300,,,1,0,1,17127,0.0000
0x0011d1a0,0x0011d1a0,,stub_code,1,5,6,17127,0.0000
0x00279c10,0x00279c10,,stub_code,4,1,5,17127,0.0000
0x0055f180,0x0055f180,,stub_code,0,2,2,17127,0.0000
0x00368250,0x00368250,,stub_code,1,7,8,17127,0.0000
0x0031a770,0x0031a770,,stub_code,0,3,3,17127,0.0000
0x00476008,0x00476008,,stub_code,1,1,2,17127,0.0000
0x002e7a30,0x002e7a30,,stub_code,1,7,8,17127,0.0000
0x00542a30,0x00542a30,,stub_code,0,1,1,17127,0.0000
0x005183f0,0x005183f0,,,1,0,1,17127,0.0000
0x00296730,0x00296730,,stub_code,1,2,3,17127,0.0000
0x0049d6e0,0x0049d6e0,,stub_code,0,1,1,17127,0.0000
0x0058ef50,0x0058ef50,,,2,0,2,17127,0.0000
0x0013e360,0x0013e360,,stub_code,1,1,2,17127,0.0000
0x004012d0,0x004012d0,,stub_code,2,1,3,17127,1.0000
0x003946e0,0x003946e0,,stub_code,0,3,3,17127,0.0000
0x0046b698,0x0046b698,,stub_code,0,0,0,1,0.0000
0x0034a5a0,0x0034a5a0,,,6,0,6,17127,0.0000
0x0047f608,0x0047f608,,stub_code,3,1,4,17127,54.0000
0x004b16b0,0x004b16b0,,,1,0,1,17127,0.0000
0x0043ca50,0x0043ca50,,,3,0,3,17127,0.0000
0x002af370,0x002af370,,,1,0,1,17127,0.0000
0x002934b0,0x002934b0,,stub_code,1,1,2,17127,0.0000
0x002ded20,0x002ded20,,stub_code,0,6,6,17127,0.0000
0x00592910,0x00592910,,stub_code,0,4,4,17127,0.0000
0x00496e40,0x00496e40,,stub_code,1,6,7,17127,0.0000
0x0046ea20,0x0046ea20,,,2,0,2,17127,0.0000
0x001e7da0,0x001e7da0,,stub_code,0,6,6,17127,0.0000
0x00241380,FUN_00241380,,pseudo_stub,0,1,1,17127,0.0000
0x0049d698,0x0049d698,,stub_thunk,0,0,0,1,0.0000
0x002d57e0,0x002d57e0,,stub_code,1,2,3,17127,2.0000
0x005f85a0,0x005f85a0,,stub_code,1,4,5,17127,0.0000
0x0047e4e8,FUN_0047e4e8,,pseudo_stub,0,1,1,17127,0.0000
0x001be1b0,0x001be1b0,,stub_code,0,4,4,17127,0.0000
0x001b6fc0,0x001b6fc0,,,1,0,1,17127,0.0000
0x00443e18,0x00443e18,,stub_code,0,1,1,17127,0.0000
0x002f21d0,0x002f21d0,,,3,0,3,17127,0.0000
0x0031b9a0,0x0031b9a0,,stub_code,1,2,3,17127,0.0000
0x0033f7c0,0x0033f7c0,,,1,0,1,17127,0.0000
0x004d9230,0x004d9230,,,2,0,2,17127,0.0000
0x002dd5e0,0x002dd5e0,,stub_code,0,2,2,17127,0.0000
0x004d6990,0x004d6990,,stub_code,3,1,4,17127,3.0000
0x00146fb0,0x00146fb0,,stub_code,1,2,3,17127,2.0000
0x0011d4e0,0x0011d4e0,,stub_code,1,11,12,17127,0.0000
0x00426bd0,0x00426bd0,,stub_code,1,3,4,17127,0.0000
0x00545900,0x00545900,,stub_code,0,1,1,17127,0.0000
0x00261cb0,0x00261cb0,,,8,0,8,17127,0.0000
0x0035b460,0x0035b460,,stub_code,12,3,15,17127,1.7714
0x004808e8,0x004808e8,,stub_code,0,0,0,1,0.0000
0x00351290,0x00351290,,stub_code,2,2,4,17127,0.0000
0x00347aa0,0x00347aa0,,stub_code,0,2,2,17127,0.0000
0x00589f70,0x00589f70,,,1,0,1,4,0.0000
0x004b5538,0x004b5538,,stub_code,0,2,2,17127,0.0000
0x0059fd50,0x0059fd50,,stub_code,0,1,1,2,0.0000
0x00518530,0x00518530,,stub_code,5,3,8,17127,0.0000
0x00449260,0x00449260,,stub_code,2,2,4,17127,0.0000
0x004c8870,0x004c8870,,,1,0,1,17127,0.0000
0x001bb9b0,0x001bb9b0,,stub_code,0,0,0,1,0.0000
0x0036f800,0x0036f800,,stub_code,0,2,2,17127,0.0000
0x00598970,0x00598970,,,2,0,2,17127,0.0000
0x00111990,0x00111990,,,2,0,2,17127,0.0000
0x002e7870,FUN_002e7870,,pseudo_stub,1,2,3,17127,0.0000
0x001b0840,0x001b0840,,stub_code,1,11,12,17127,0.0000
0x002ce6f0,0x002ce6f0,,,1,0,1,17127,0.0000
0x004b57d8,0x004b57d8,,stub_code,0,2,2,17127,0.0000
0x00481470,0x00481470,,stub_code,0,1,1,17127,0.0000
0x001af9b0,0x001af9b0,,stub_code,1,2,3,17127,0.0000
0x004a7560,0x004a7560,,,1,0,1,17127,0.0000
0x001516c0,0x001516c0,,stub_code,12,4,16,17127,11.1667
0x0024a9a0,0x0024a9a0,,stub_code,0,1,1,17127,0.0000
0x0025ec90,0x0025ec90,,stub_code,0,2,2,17127,0.0000
0x005acec0,0x005acec0,,,2,0,2,17127,0.0000
0x003453d0,0x003453d0,,,1,0,1,17127,0.0000
0x003bb3d0,0x003bb3d0,,stub_code,0,0,0,1,0.0000
0x004cf960,0x004cf960,,stub_code,0,2,2,17127,0.0000
0x003befc0,0x003befc0,,,1,0,1,17127,0.0000
0x004a0ca0,0x004a0ca0,,stub_code,1,7,8,17127,0.0000
0x004dd490,0x004dd490,,stub_code,0,3,3,17127,0.0000
0x004fa820,0x004fa820,,stub_code,0,2,2,17127,0.0000
0x004deb30,0x004deb30,,,1,0,1,17127,0.0000
0x00498bc8,0x00498bc8,,stub_code,1,6,7,17127,0.0000
0x004cb120,0x004cb120,,stub_code,1,3,4,17127,0.0000
0x001c9a00,0x001c9a00,,stub_code,0,2,2,17127,0.0000
0x0035a8d0,0x0035a8d0,,stub_code,31,12,43,17127,0.0000
0x001cb760,0x001cb760,,,1,0,1,17127,0.0000
0x00252b40,0x00252b40,,stub_code,0,1,1,17127,0.0000
0x0014a920,0x0014a920,,stub_code,5,1,6,17127,0.0000
0x001fbd10,0x001fbd10,,stub_code,1,10,11,17127,0.0000
0x00462650,0x00462650,,stub_code,0,1,1,17127,0.0000
0x0043d1e0,0x0043d1e0,,stub_code,2,2,4,17127,81.0000
0x0056f730,0x0056f730,,,1,0,1,17127,0.0000
0x002525c0,0x002525c0,,stub_code,1,0,1,17127,0.0000
0x001e9ea0,0x001e9ea0,,stub_code,8,5,13,17127,0.0000
0x00322770,0x00322770,,stub_code,0,1,1,17127,0.0000
0x0051d6e0,FUN_0051d6e0,,pseudo_stub,2,1,3,17127,0.0000
0x0029dbf0,0x0029dbf0,,stub_code,1,1,2,17127,1.0000
0x005474d0,0x005474d0,,stub_code,1,2,3,17127,0.0000
0x001894f0,0x001894f0,,stub_code,1,8,9,17127,0.0000
0x0057aa60,0x0057aa60,,,6,0,6,17127,0.0000
0x00100f00,0x00100f00,,stub_code,1,3,4,17127,0.5000
0x0059a220,0x0059a220,,stub_code,0,3,3,17127,0.0000
0x00109330,0x00109330,,,1,0,1,17127,0.0000
0x0033eb20,0x0033eb20,,,2,0,2,17127,0.0000
0x00539820,0x00539820,,stub_code,0,3,3,17127,0.0000
0x002398a0,0x002398a0,,stub_code,0,2,2,17127,0.0000
0x005a61d0,0x005a61d0,,,1,0,1,2,0.0000
0x002b9720,0x002b9720,,stub_code,0,3,3,17127,0.0000
0x003f7b98,0x003f7b98,,,13,0,13,17127,0.0000
0x0027be70,0x0027be70,,stub_code,0,1,1,17127,0.0000
0x0015ff60,0x0015ff60,,stub_code,1,0,1,17127,0.0000
0x002910d0,0x002910d0,,stub_code,1,2,3,17127,0.0000
0x00165e20,0x00165e20,,,1,0,1,17127,0.0000
0x001a3810,0x001a3810,,stub_code,2,1,3,17127,0.0000
0x0058fe30,0x0058fe30,,stub_code,0,1,1,2,0.0000
0x004a47e0,0x004a47e0,,stub_code,0,0,0,1,0.0000
0x0025f680,0x0025f680,,stub_code,0,2,2,17127,0.0000
0x005f0f30,0x005f0f30,,stub_code,0,5,5,17127,0.0000
0x001cea10,0x001cea10,,stub_code,9,3,12,17127,15.0000
0x00292690,0x00292690,,,1,0,1,17127,0.0000
0x001a0ae0,0x001a0ae0,,stub_code,1,2,3,17127,0.0000
0x0053d5f0,0x0053d5f0,,stub_code,0,1,1,17127,0.0000
0x003f9ef0,0x003f9ef0,,stub_code,1,3,4,17127,0.0000
0x00345230,0x00345230,,,1,0,1,17127,0.0000
0x0021d510,0x0021d510,,,3,0,3,17127,0.0000
0x005fa2d0,0x005fa2d0,,stub_code,0,0,0,1,0.0000
0x001c8bb0,0x001c8bb0,,,1,0,1,17127,0.0000
0x00548b90,0x00548b90,,stub_code,0,3,3,17127,0.0000
0x00341490,0x00341490,,stub_code,1,13,14,17127,0.0000
0x001a43a0,0x001a43a0,,stub_code,1,5,6,17127,0.0000
0x004c5150,0x004c5150,,stub_code,11,2,13,17127,1.1111
0x004d1350,0x004d1350,,stub_code,0,1,1,17127,0.0000
0x00512e70,0x00512e70,,stub_code,0,2,2,17127,0.0000
0x00564850,FUN_00564850,,pseudo_stub,1,1,2,17127,0.0000
0x004941a8,0x004941a8,,stub_code,0,1,1,17127,0.0000
0x00417790,0x00417790,,,5,0,5,17127,0.0000
0x001b0e10,0x001b0e10,,,17,0,17,17127,0.0000
0x002ac8e0,0x002ac8e0,,stub_code,0,3,3,17127,0.0000
0x0046f000,0x0046f000,,,1,0,1,17127,0.0000
0x00379ea0,0x00379ea0,,stub_code,2,5,7,17127,0.0000
0x00503ec0,0x00503ec0,,stub_code,0,1,1,17127,0.0000
0x0057b070,0x0057b070,,,5,0,5,17127,0.0000
0x0022a160,0x0022a160,,stub_code,1,3,4,17127,0.0000
0x0040a1d0,0x0040a1d0,,,1,0,1,17127,0.0000
0x004ef0d0,0x004ef0d0,,,1,0,1,17127,0.0000
0x005e5f60,0x005e5f60,,stub_code,0,2,2,17127,0.0000
0x004d2d90,0x004d2d90,,stub_code,0,1,1,2,0.0000
0x004b1378,0x004b1378,,stub_code,1,2,3,17127,4.0000
0x0037ebd0,0x0037ebd0,,stub_code,2,3,5,17127,0.0000
0x005fcf50,0x005fcf50,,stub_code,3,5,8,17127,0.0000
0x004b3ef8,0x004b3ef8,,,1,0,1,17127,0.0000
0x00181920,0x00181920,,,1,0,1,17127,0.0000
0x00573c40,0x00573c40,,stub_code,1,6,7,17127,0.0000
0x00582710,0x00582710,,stub_code,1,2,3,17127,0.0000
0x005771a0,0x005771a0,,stub_code,0,2,2,17127,0.0000
0x001a8aa0,0x001a8aa0,,stub_code,0,1,1,17127,0.0000
0x004e0de0,0x004e0de0,,stub_code,0,8,8,17127,0.0000
0x003f62b0,0x003f62b0,,stub_code,1,5,6,17127,0.0000
0x005d89b0,0x005d89b0,,stub_code,0,1,1,17127,0.0000
0x002e9d80,0x002e9d80,,stub_code,1,1,2,17127,0.0000
0x00101840,0x00101840,,stub_code,28,10,38,17127,75.3333
0x0020ad20,0x0020ad20,,stub_code,1,2,3,17127,0.0000
0x00298400,0x00298400,,stub_code,1,64,65,17127,0.0000
0x003484c0,0x003484c0,,stub_code,6,1,7,17127,0.0000
0x00452df0,0x00452df0,,,1,0,1,17127,0.0000
0x004ff600,0x004ff600,,stub_code,1,2,3,17127,0.0000
0x003b1600,0x003b1600,,stub_code,1,7,8,17127,0.0000
0x00599520,0x00599520,,stub_code,0,3,3,17127,0.0000
0x003e0370,0x003e0370,,stub_code,2,13,15,17127,24.7500
0x0011da50,0x0011da50,,stub_code,0,1,1,17127,0.0000
0x0033e6f0,0x0033e6f0,,stub_code,1,1,2,17127,3.0000
0x004c44e0,0x004c44e0,,,2,0,2,17127,0.0000
0x00265000,0x00265000,,stub_code,1,5,6,17127,0.0000
0x0033fd20,0x0033fd20,,stub_code,0,1,1,17127,0.0000
0x0055f9d0,0x0055f9d0,,,1,0,1,17127,0.0000
0x004ea360,0x004ea360,,stub_code,0,6,6,17127,0.0000
0x002c7500,0x002c7500,,,1,0,1,17127,0.0000
0x00111100,0x00111100,,,1,0,1,17127,0.0000
0x00428890,0x00428890,,,17,0,17,17127,0.0000
0x004ca350,0x004ca350,,stub_code,0,0,0,1,0.0000
0x00301cc0,0x00301cc0,,stub_code,0,9,9,17127,0.0000
0x004a59d0,0x004a59d0,,stub_code,0,1,1,17127,0.0000
0x00592380,0x00592380,,stub_code,0,3,3,17127,0.0000
0x0035bd00,0x0035bd00,,,1,0,1,17127,0.0000
0x002de980,0x002de980,,stub_code,0,6,6,17127,0.0000
0x00254070,0x00254070,,stub_code,0,1,1,17127,0.0000
0x0011cd20,0x0011cd20,,stub_code,1,3,4,17127,0.0000
0x004ebae0,0x004ebae0,,stub_code,0,6,6,17127,0.0000
0x004fc6b0,0x004fc6b0,,stub_code,0,2,2,17127,0.0000
0x0057e350,0x0057e350,,stub_code,0,14,14,17127,0.0000
0x0059ffa0,0x0059ffa0,,stub_code,0,5,5,17127,0.0000
0x0046a318,0x0046a318,,stub_code,1,1,2,17127,0.0000
0x00138030,0x00138030,,stub_code,0,10,10,17127,0.0000
0x003b9220,0x003b9220,,,1,0,1,17127,0.0000
0x0012f660,0x0012f660,,stub_code,1,3,4,17127,0.0000
0x004a6b70,0x004a6b70,,stub_code,1,3,4,17127,0.0000
0x005f1f10,0x005f1f10,,stub_code,0,6,6,17127,0.0000
0x002b45d0,0x002b45d0,,,1,0,1,17127,0.0000
0x003fe820,0x003fe820,,stub_code,1,3,4,17127,0.0000
0x005fd6b0,0x005fd6b0,,stub_code,0,0,0,1,0.0000
0x00563180,0x00563180,,stub_code,1,2,3,17127,0.0000
0x003bfe90,0x003bfe90,,stub_code,1,1,2,17127,4.0000
0x004be830,0x004be830,,stub_code,2,2,4,17127,0.0000
0x0011c5b0,0x0011c5b0,,stub_code,1,1,2,17127,0.0000
0x005e6540,0x005e6540,,stub_code,0,1,1,17127,0.0000
0x004794f0,0x004794f0,,,1,0,1,17127,0.0000
0x00502c70,0x00502c70,,stub_code,1,1,2,17127,0.0000
0x0043c0a8,0x0043c0a8,,stub_code,2,7,9,17127,0.0000
0x00597310,0x00597310,,stub_code,0,1,1,2,0.0000
0x0018b4d0,0x0018b4d0,,,2,0,2,17127,0.0000
0x002bc200,0x002bc200,,stub_code,1,1,2,17127,0.0000
0x002f9590,0x002f9590,,stub_code,0,2,2,17127,0.0000
0x00494888,0x00494888,,stub_code,1,1,2,17127,0.0000
0x002520c0,0x002520c0,,stub_code,0,2,2,17127,0.0000
0x00477a90,0x00477a90,,stub_code,1,0,1,17127,0.0000
0x005e9060,0x005e9060,,stub_code,0,3,3,17127,0.0000
0x002a3d20,0x002a3d20,,stub_code,1,1,2,17127,0.0000
0x004ab9c0,0x004ab9c0,,stub_code,1,2,3,17127,0.0000
0x001cb820,0x001cb820,,stub_code,1,3,4,17127,0.0000
0x0050a190,0x0050a190,,,2,0,2,17127,0.0000
0x00368ef0,0x00368ef0,,stub_code,2,8,10,17127,0.0000
0x001adb50,0x001adb50,,stub_code,1,3,4,17127,0.0000
0x00161ce0,0x00161ce0,,,22,0,22,17127,0.0000
0x00479d80,0x00479d80,,stub_code,2,0,2,17127,0.0000
0x00417e00,0x00417e00,,,1,0,1,17127,0.0000
0x004c2fa0,0x004c2fa0,,,2,0,2,17127,0.0000
0x004087a0,0x004087a0,,stub_code,1,1,2,17127,0.0000
0x0011b660,0x0011b660,,,15,0,15,17127,0.0000
0x001c3650,0x001c3650,,stub_code,8,14,22,17127,0.0000
0x0021e2f0,0x0021e2f0,,,1,0,1,17127,0.0000
0x002763c0,0x002763c0,,stub_code,1,2,3,17127,0.0000
0x0053dd30,0x0053dd30,,stub_code,0,1,1,2,0.0000
0x004f2770,0x004f2770,,stub_code,13,2,15,17127,0.0000
0x004e83a0,0x004e83a0,,stub_code,0,1,1,17127,0.0000
0x001445a0,0x001445a0,,stub_code,0,1,1,17127,0.0000
0x001cb220,FUN_001cb220,,pseudo_stub,1,3,4,17127,0.0000
0x002cdb50,0x002cdb50,,stub_code,0,3,3,17127,0.0000
0x0027be00,0x0027be00,,stub_code,0,1,1,17127,0.0000
0x004b86a0,0x004b86a0,,,4,0,4,17127,0.0000
0x0037d780,0x0037d780,,stub_code,1,2,3,17127,0.0000
0x002b06e0,0x002b06e0,,,1,0,1,17127,0.0000
0x0054fa50,0x0054fa50,,stub_code,0,5,5,17127,0.0000
0x004459f8,0x004459f8,,,1,0,1,17127,0.0000
0x001c4c90,0x001c4c90,,stub_code,0,4,4,17127,0.0000
0x003fb8a0,0x003fb8a0,,stub_code,1,1,2,17127,7.5929
0x003de0a0,0x003de0a0,,stub_code,3,2,5,17127,0.0000
0x004687e8,0x004687e8,,stub_code,1,1,2,17127,0.0000
0x0053ff60,0x0053ff60,,stub_code,0,0,0,1,0.0000
0x003d2a80,0x003d2a80,,stub_code,2,8,10,17127,0.0000
0x003c85b0,0x003c85b0,,stub_code,1,4,5,17127,8.0000
0x001bfd40,0x001bfd40,,,2,0,2,17127,0.0000
0x002c8760,0x002c8760,,stub_code,1,5,6,17127,0.0000
0x002d5820,0x002d5820,,stub_code,0,4,4,17127,0.0000
0x0011c0c0,FUN_0011c0c0,,pseudo_stub,1,0,1,17127,0.0000
0x0051c370,0x0051c370,,stub_code,0,1,1,17127,0.0000
0x0040bbd0,0x0040bbd0,,,1,0,1,17127,0.0000
0x002c8210,0x002c8210,,,1,0,1,17127,0.0000
0x00103170,0x00103170,,stub_code,1,5,6,17127,0.0000
0x0048c5e0,0x0048c5e0,,stub_code,1,8,9,17127,0.0000
0x002586e0,0x002586e0,,stub_code,0,0,0,1,0.0000
0x004a2818,0x004a2818,,,1,0,1,17127,0.0000
0x005a8da0,0x005a8da0,,stub_code,0,5,5,17127,0.0000
0x0026ad10,0x0026ad10,,stub_code,0,3,3,17127,0.0000
0x002b0940,0x002b0940,,,1,0,1,17127,0.0000
0x003508d0,0x003508d0,,stub_code,1,4,5,17127,0.0000
0x0027ca00,0x0027ca00,,,1,0,1,17127,0.0000
0x004b4250,0x004b4250,,,1,0,1,17127,0.0000
0x002f20d0,0x002f20d0,,stub_code,2,2,4,17127,0.0000
0x004b2c68,0x004b2c68,,stub_code,2,2,4,17127,1.0000
0x0035b760,0x0035b760,,,1,0,1,17127,0.0000
0x0042bfa8,FUN_0042bfa8,,real_logic,6,2,8,17127,15.0000
0x00351500,0x00351500,,stub_code,0,2,2,17127,0.0000
0x004d62e0,0x004d62e0,,stub_code,0,1,1,17127,0.0000
0x005e6af0,0x005e6af0,,,1,0,1,2,0.0000
0x0021de30,0x0021de30,,stub_code,1,0,1,17127,0.0000
0x005ee6f0,0x005ee6f0,,stub_code,0,6,6,17127,0.0000
0x001377b0,0x001377b0,,,1,0,1,17127,0.0000
0x002c16d0,0x002c16d0,,stub_code,1,7,8,17127,0.0000
0x00573540,0x00573540,,stub_code,1,9,10,17127,0.0000
0x00468498,0x00468498,,,2,0,2,17127,0.0000
0x00272090,0x00272090,,stub_code,0,5,5,17127,0.0000
0x0047a968,0x0047a968,,stub_code,0,1,1,17127,0.0000
0x00475e10,0x00475e10,,stub_code,0,0,0,1,0.0000
0x005c08d0,0x005c08d0,,stub_code,2,0,2,17127,0.0000
0x00387e70,0x00387e70,,stub_code,2,10,12,17127,0.0000
0x001121d0,0x001121d0,,stub_code,0,4,4,17127,0.0000
0x005fb050,0x005fb050,,stub_code,0,1,1,17127,0.0000
0x001eda70,0x001eda70,,stub_code,0,3,3,17127,0.0000
0x0038b460,0x0038b460,,stub_code,0,2,2,17127,0.0000
0x001525b0,0x001525b0,,stub_code,2,1,3,17127,0.0000
0x006c9d50,0x006c9d50,,stub_code,0,3,3,17127,0.0000
0x0039ed20,0x0039ed20,,stub_code,0,1,1,17127,0.0000
0x001cf680,FUN_001cf680,core/struct,real_logic,1,0,1,17127,0.0000
0x001bb890,0x001bb890,,,1,0,1,17127,0.0000
0x0010fa60,0x0010fa60,,stub_code,1,1,2,17127,2.0000
0x005bd280,0x005bd280,,stub_code,1,1,2,17127,0.0000
0x00477c40,FUN_00477c40,,pseudo_stub,0,0,0,1,0.0000
0x0042c980,0x0042c980,,,2,0,2,17127,0.0000
0x002b0890,0x002b0890,,,1,0,1,17127,0.0000
0x0033f380,0x0033f380,,stub_code,0,13,13,17127,0.0000
0x002f1510,0x002f1510,,stub_code,1,27,28,17127,0.0000
0x00242480,0x00242480,,stub_code,1,2,3,17127,0.0000
0x002fbcd0,0x002fbcd0,,,1,0,1,17127,0.0000
0x004e7460,0x004e7460,,stub_code,0,4,4,17127,0.0000
0x0038ea50,0x0038ea50,,stub_code,1,2,3,17127,27.0000
0x001df840,FUN_001df840,core/struct,real_logic,1,0,1,17127,0.0000
0x00200f10,0x00200f10,,stub_code,1,5,6,17127,0.0000
0x0013e1a0,0x0013e1a0,,,9,0,9,17127,0.0000
0x004a9910,0x004a9910,,stub_code,1,2,3,17127,0.0000
0x0053bd30,0x0053bd30,,stub_code,0,1,1,17127,0.0000
0x0024ba00,0x0024ba00,,stub_code,0,1,1,17127,0.0000
0x0012d660,0x0012d660,,stub_code,1,8,9,17127,0.0000
0x0049c4b8,0x0049c4b8,,stub_code,1,0,1,17127,0.0000
0x002dbc70,0x002dbc70,,stub_code,1,2,3,17127,0.0000
0x002d8550,0x002d8550,,,4,0,4,17127,0.0000
0x004d8cb0,0x004d8cb0,,stub_code,0,6,6,17127,0.0000
0x005b7d40,0x005b7d40,,stub_code,0,7,7,17127,0.0000
0x0040a590,0x0040a590,,,2,0,2,17127,0.0000
0x00445898,0x00445898,,stub_code,1,2,3,17127,0.0000
0x0057d6f0,0x0057d6f0,,stub_code,0,9,9,17127,0.0000
0x00318020,0x00318020,,stub_code,0,1,1,17127,0.0000
0x00290610,0x00290610,,stub_code,1,2,3,17127,0.0000
0x001b0ff0,0x001b0ff0,,,1,0,1,17127,0.0000
0x005f6a70,0x005f6a70,,,3,0,3,17127,0.0000
0x005eeb20,0x005eeb20,,,2,0,2,17127,0.0000
0x00492a50,0x00492a50,,,1,0,1,17127,0.0000
0x005d4780,0x005d4780,,stub_code,0,4,4,17127,0.0000
0x0051f1e0,0x0051f1e0,,stub_code,0,0,0,1,0.0000
0x005a5910,0x005a5910,,stub_code,0,1,1,17127,0.0000
0x004c2c00,0x004c2c00,,stub_code,0,3,3,17127,0.0000
0x004b0340,0x004b0340,,stub_code,0,2,2,17127,0.0000
0x001c4b90,0x001c4b90,,stub_code,0,2,2,17127,0.0000
0x00337d50,0x00337d50,,stub_code,9,3,12,17127,141.7333
0x00260740,0x00260740,,stub_code,1,2,3,17127,0.0000
0x0018ecc0,0x0018ecc0,,,1,0,1,17127,0.0000
0x0028c8c0,0x0028c8c0,,stub_code,3,3,6,17127,0.0000
0x004844d8,0x004844d8,,stub_code,1,2,3,17127,0.0000
0x00514fa0,0x00514fa0,,stub_code,0,4,4,17127,0.0000
0x001ce700,0x001ce700,,,7,0,7,17127,0.0000
0x00365f60,0x00365f60,,stub_code,1,2,3,17127,0.0000
0x004b9b38,0x004b9b38,,,3,0,3,17127,0.0000
0x0017f600,0x0017f600,,stub_code,2,2,4,17127,0.0000
0x0033bcb0,0x0033bcb0,,stub_code,0,2,2,17127,0.0000
0x004db230,0x004db230,,stub_code,0,5,5,17127,0.0000
0x0031c930,0x0031c930,,,1,0,1,17127,0.0000
0x005088c0,0x005088c0,,stub_code,2,1,3,17127,0.0000
0x005826c0,0x005826c0,,stub_code,0,1,1,17127,0.0000
0x00275170,0x00275170,,stub_code,6,2,8,17127,0.0000
0x0046d908,0x0046d908,,,2,0,2,17127,0.0000
0x00123910,0x00123910,,,36,0,36,17127,0.0000
0x0049d7a8,0x0049d7a8,,stub_code,0,1,1,17127,0.0000
0x004c8550,0x004c8550,,,3,0,3,17127,0.0000
0x00319670,0x00319670,,stub_code,3,2,5,17127,0.0000
0x0051c270,0x0051c270,,stub_code,1,1,2,17127,0.0000
0x003ed7e0,0x003ed7e0,,stub_code,7,4,11,17127,0.8000
0x003eba10,0x003eba10,,stub_code,6,4,10,17127,1.3000
0x0047aa10,0x0047aa10,,stub_code,0,1,1,17127,0.0000
0x004d23e0,0x004d23e0,,stub_code,0,1,1,2,0.0000
0x004a53f0,0x004a53f0,,stub_code,1,7,8,17127,52.6667
0x001c70e0,0x001c70e0,,stub_code,0,2,2,17127,0.0000
0x001158c0,0x001158c0,,stub_code,1,2,3,17127,0.0000
0x00296b50,0x00296b50,,,1,0,1,17127,0.0000
0x002a4630,0x002a4630,,stub_code,2,1,3,17127,0.0000
0x003890e0,0x003890e0,,,1,0,1,17127,0.0000
0x0011ff00,0x0011ff00,,stub_code,1,14,15,17127,0.0000
0x00481840,0x00481840,,stub_code,0,0,0,1,0.0000
0x001b73d0,0x001b73d0,,,1,0,1,17127,0.0000
0x0026d960,FUN_0026d960,engine/objects,real_c,3,0,3,17127,0.0000
0x005bf810,0x005bf810,,stub_code,0,1,1,17127,0.0000
0x004675c8,0x004675c8,,stub_code,0,1,1,17127,0.0000
0x00157110,0x00157110,,stub_code,0,1,1,17127,0.0000
0x004ff8c0,0x004ff8c0,,stub_code,1,0,1,17127,0.0000
0x003db390,0x003db390,,stub_code,1,2,3,17127,5.0000
0x004a4830,0x004a4830,,,2,0,2,17127,0.0000
0x00202e20,0x00202e20,,stub_code,1,1,2,17127,3.4000
0x00494d88,0x00494d88,,stub_code,1,1,2,17127,0.0000
0x00575d70,FUN_00575d70,,pseudo_stub,0,3,3,17127,0.0000
0x00506520,0x00506520,,stub_code,1,2,3,17127,0.0000
0x0035f490,0x0035f490,,stub_code,1,4,5,17127,0.0000
0x0038cd30,0x0038cd30,,stub_code,1,2,3,17127,0.0000
0x003433c0,0x003433c0,,stub_code,0,1,1,17127,0.0000
0x00305620,0x00305620,,stub_code,0,1,1,17127,0.0000
0x005e8ec0,0x005e8ec0,,stub_code,0,3,3,17127,0.0000
0x002d9f50,0x002d9f50,,stub_code,0,1,1,17127,0.0000
0x002873b0,0x002873b0,,stub_code,1,2,3,17127,0.0000
0x0046fe98,0x0046fe98,,stub_thunk,1,0,1,17127,0.0000
0x00291110,0x00291110,,stub_code,0,4,4,17127,0.0000
0x004c3540,0x004c3540,,stub_code,1,2,3,17127,0.0000
0x001a9010,0x001a9010,,stub_code,0,1,1,17127,0.0000
0x0047cbb0,0x0047cbb0,,,1,0,1,4,0.0000
0x003385c0,0x003385c0,,stub_code,0,1,1,17127,0.0000
0x001c13c0,0x001c13c0,,,1,0,1,17127,0.0000
0x004d07b0,0x004d07b0,,stub_code,1,4,5,17127,0.0000
0x0015df80,0x0015df80,,stub_code,2,1,3,17127,0.0000
0x005b5ee0,0x005b5ee0,,stub_code,0,3,3,17127,0.0000
0x0025ab10,0x0025ab10,,stub_code,0,0,0,1,0.0000
0x005b0450,0x005b0450,,stub_code,1,1,2,17127,0.0000
0x0056c0b0,0x0056c0b0,,,1,0,1,17127,0.0000
0x00286fa0,0x00286fa0,,stub_code,0,1,1,17127,0.0000
0x00137fc0,0x00137fc0,,stub_code,0,1,1,17127,0.0000
0x002668d0,0x002668d0,,stub_code,3,1,4,17127,0.0000
0x00472ef0,0x00472ef0,,stub_code,0,2,2,17127,0.0000
0x005306d0,0x005306d0,,stub_code,0,5,5,17127,0.0000
0x00111180,0x00111180,,stub_code,4,1,5,17127,0.0000
0x00142a20,0x00142a20,,stub_code,1,2,3,17127,0.0000
0x0059ea60,0x0059ea60,,stub_code,0,7,7,17127,0.0000
0x00342fd0,0x00342fd0,,stub_code,0,1,1,17127,0.0000
0x00271500,0x00271500,,stub_code,1,2,3,17127,0.0000
0x00317720,0x00317720,,stub_code,0,3,3,17127,0.0000
0x0015efc0,0x0015efc0,,stub_code,2,2,4,17127,0.0000
0x002abcb0,0x002abcb0,,stub_code,0,3,3,17127,0.0000
0x00350640,0x00350640,,stub_code,1,2,3,17127,0.0000
0x0037e3f0,0x0037e3f0,,stub_code,5,1,6,17127,0.0000
0x00171ca0,0x00171ca0,,,1,0,1,17127,0.0000
0x003be860,0x003be860,,stub_code,1,4,5,17127,0.0000
0x005c81c0,0x005c81c0,,,1,0,1,17127,0.0000
0x002440a0,0x002440a0,,,1,0,1,17127,0.0000
0x005e74d0,0x005e74d0,,stub_code,0,3,3,17127,0.0000
0x0017af20,0x0017af20,,stub_code,1,9,10,17127,22.0000
0x0033d2d0,0x0033d2d0,,stub_code,1,1,2,17127,0.0000
0x005fc350,0x005fc350,,stub_code,4,3,7,17127,0.0000
0x005810f0,0x005810f0,,,1,0,1,2,0.0000
0x0055a560,0x0055a560,,,1,0,1,2,0.0000
0x003e5b20,0x003e5b20,,stub_code,1,5,6,17127,18.2500
0x005c9250,0x005c9250,,stub_code,3,13,16,17127,0.0000
0x00249d10,0x00249d10,,stub_code,0,1,1,17127,0.0000
0x005c6630,0x005c6630,,stub_code,1,14,15,17127,0.0000
0x005ab660,0x005ab660,,stub_code,0,4,4,17127,0.0000
0x00474d70,FUN_00474d70,,pseudo_stub,6,1,7,17127,0.0000
0x00513210,0x00513210,,,219,0,219,17127,0.0000
0x0028ebb0,0x0028ebb0,,stub_code,1,4,5,17127,0.0000
0x002194e0,0x002194e0,,stub_code,0,3,3,17127,0.0000
0x00270eb0,0x00270eb0,,,1,0,1,17127,0.0000
0x00132c70,0x00132c70,,stub_code,2,2,4,17127,0.0000
0x0037e000,0x0037e000,,,1,0,1,17127,0.0000
0x005d4a90,0x005d4a90,,stub_code,0,6,6,17127,0.0000
0x0056a520,0x0056a520,,stub_code,0,8,8,17127,0.0000
0x002540e0,0x002540e0,,stub_code,0,0,0,1,0.0000
0x004d4c60,0x004d4c60,,,2,0,2,17127,0.0000
0x00215e30,0x00215e30,,,3,0,3,17127,0.0000
0x00114670,0x00114670,,stub_code,1,4,5,17127,0.0000
0x00345660,0x00345660,,,42,0,42,17127,0.0000
0x0022da60,0x0022da60,,,2,0,2,17127,0.0000
0x003143a0,0x003143a0,,,4,0,4,17127,0.0000
0x00152770,0x00152770,,,1,0,1,17127,0.0000
0x0058c3a0,0x0058c3a0,,stub_code,18,2,20,17127,0.0000
0x001309b0,0x001309b0,,stub_code,0,0,0,1,0.0000
0x00542f70,0x00542f70,,stub_code,0,1,1,17127,0.0000
0x003b9690,0x003b9690,,stub_code,1,5,6,17127,0.0000
0x0046f8c8,0x0046f8c8,,,1,0,1,17127,0.0000
0x002772d0,0x002772d0,,stub_code,1,13,14,17127,0.0000
0x00309980,0x00309980,,stub_code,3,2,5,17127,0.0000
0x00484028,0x00484028,,stub_thunk,3,0,3,17127,0.0000
0x001c8400,0x001c8400,,stub_code,0,4,4,17127,0.0000
0x00289770,0x00289770,,stub_code,0,4,4,17127,0.0000
0x00283300,0x00283300,,stub_code,0,4,4,17127,0.0000
0x0016ef90,0x0016ef90,,stub_code,1,4,5,17127,0.0000
0x004678e0,0x004678e0,,stub_code,0,1,1,17127,0.0000
0x004d0cd0,0x004d0cd0,,stub_code,0,5,5,17127,0.0000
0x0012f980,0x0012f980,,,6,0,6,17127,0.0000
0x00316810,0x00316810,,stub_code,0,3,3,17127,0.0000
0x00497370,0x00497370,,,16,0,16,17127,0.0000
0x003143e0,0x003143e0,,stub_code,4,1,5,17127,0.0000
0x00511f20,0x00511f20,,stub_code,2,6,8,17127,0.0000
0x00211af0,0x00211af0,,stub_code,0,2,2,17127,0.0000
0x00194dd0,0x00194dd0,,stub_code,0,3,3,17127,0.0000
0x002b0e90,0x002b0e90,,stub_code,1,2,3,17127,0.0000
0x0057cc00,0x0057cc00,,,15,0,15,17127,0.0000
0x0031e350,0x0031e350,,stub_code,1,2,3,17127,0.0000
0x00248460,0x00248460,,stub_code,0,0,0,1,0.0000
0x001352d0,0x001352d0,,stub_code,0,0,0,1,0.0000
0x004a0428,0x004a0428,,stub_code,1,0,1,17127,0.0000
0x00336140,0x00336140,,stub_code,0,2,2,17127,0.0000
0x00330b00,0x00330b00,,,1,0,1,17127,0.0000
0x00271f30,0x00271f30,,,2,0,2,17127,0.0000
0x0036eb90,0x0036eb90,,stub_code,1,5,6,17127,0.0000
0x00355eb0,0x00355eb0,,stub_code,0,1,1,17127,0.0000
0x004990b8,0x004990b8,,stub_code,0,1,1,17127,0.0000
0x004af418,0x004af418,,stub_code,1,1,2,17127,1.0000
0x00202ed0,0x00202ed0,,stub_code,1,1,2,17127,0.0000
0x0011b8c0,0x0011b8c0,,stub_code,1,3,4,17127,0.0000
0x0031aa20,0x0031aa20,,stub_code,2,3,5,17127,13.8000
0x001bcea0,0x001bcea0,,stub_code,0,3,3,17127,0.0000
0x003d2f20,0x003d2f20,,stub_code,1,7,8,17127,0.0000
0x00400230,0x00400230,,stub_code,0,1,1,17127,0.0000
0x002541f0,0x002541f0,,stub_code,0,1,1,17127,0.0000
0x004c2760,0x004c2760,,stub_code,0,1,1,17127,0.0000
0x004b3028,0x004b3028,,stub_code,1,2,3,17127,0.0000
0x002db100,0x002db100,,stub_code,1,1,2,17127,0.0000
0x005d8e10,0x005d8e10,,,1,0,1,17127,0.0000
0x00295c80,0x00295c80,,stub_code,5,1,6,17127,0.0000
0x0058cb30,0x0058cb30,,,2,0,2,17127,0.0000
0x005b0f50,0x005b0f50,,stub_code,7,1,8,17127,11.7500
0x00479a08,0x00479a08,,stub_code,2,1,3,17127,0.0000
0x00321e00,0x00321e00,,stub_code,0,8,8,17127,0.0000
0x004df780,0x004df780,,stub_code,0,2,2,17127,0.0000
0x001a9950,0x001a9950,,stub_code,1,1,2,17127,0.0000
0x004c4f60,0x004c4f60,,stub_code,0,1,1,17127,0.0000
0x00263190,0x00263190,,,8,0,8,17127,0.0000
0x004b6270,0x004b6270,,stub_code,0,4,4,5,0.0000
0x0022f020,0x0022f020,,,1,0,1,17127,0.0000
0x00535740,0x00535740,,stub_code,0,1,1,4,0.0000
0x00549790,0x00549790,,,2,0,2,17127,0.0000
0x005cc200,0x005cc200,,stub_code,1,1,2,17127,0.0000
0x005e5ac0,0x005e5ac0,,stub_code,0,4,4,17127,0.0000
0x0058a790,0x0058a790,,,1,0,1,6,0.0000
0x0028b950,0x0028b950,,stub_code,2,2,4,17127,0.0000
0x00337dd0,0x00337dd0,,stub_code,1,2,3,17127,0.0000
0x0043dcd0,0x0043dcd0,,stub_code,0,1,1,17127,0.0000
0x00404970,0x00404970,,stub_code,1,8,9,17127,0.0000
0x004da250,0x004da250,,,1,0,1,17127,0.0000
0x0012cd70,0x0012cd70,,stub_code,1,1,2,17127,0.0000
0x0051e160,0x0051e160,,stub_code,3,1,4,17127,27.0000
0x004731c8,0x004731c8,,stub_code,1,1,2,17127,0.0000
0x001d2b70,0x001d2b70,,stub_code,0,0,0,1,0.0000
0x00167480,0x00167480,,,1,0,1,17127,0.0000
0x001d6bd0,0x001d6bd0,,stub_code,1,3,4,17127,0.0000
0x00204db0,0x00204db0,,stub_code,1,1,2,17127,0.0000
0x003ecc40,0x003ecc40,,stub_code,10,1,11,17127,0.0000
0x00281540,0x00281540,,stub_code,0,1,1,17127,0.0000
0x004f1450,0x004f1450,,stub_code,0,0,0,1,0.0000
0x005e8090,FUN_005e8090,,pseudo_stub,1,2,3,17127,0.0000
0x0020ac70,0x0020ac70,,,1,0,1,17127,0.0000
0x00471458,0x00471458,,,1,0,1,17127,0.0000
0x005dab90,0x005dab90,,stub_code,0,0,0,1,0.0000
0x00400e60,0x00400e60,,stub_code,4,8,12,17127,0.0000
0x002c8530,0x002c8530,,,1,0,1,17127,0.0000
0x00380f60,0x00380f60,,,1,0,1,17127,0.0000
0x0027cb00,0x0027cb00,,stub_code,0,1,1,17127,0.0000
0x004c8920,0x004c8920,,stub_code,0,2,2,17127,0.0000
0x0026b4b0,0x0026b4b0,,stub_code,0,0,0,1,0.0000
0x0049b1f8,0x0049b1f8,,stub_code,2,1,3,17127,0.0000
0x00597930,0x00597930,,stub_code,0,3,3,17127,0.0000
0x0044a790,0x0044a790,,stub_code,6,1,7,17127,0.0000
0x00267fe0,0x00267fe0,,stub_code,1,22,23,17127,0.0000
0x00496f20,0x00496f20,,stub_code,0,3,3,17127,0.0000
0x0059d670,0x0059d670,,stub_code,0,1,1,2,0.0000
0x0056cae0,0x0056cae0,,stub_code,1,6,7,17127,0.0000
0x0016b030,FUN_0016b030,,real_logic,1,0,1,17127,0.0000
0x002a4c00,0x002a4c00,,stub_code,1,1,2,17127,0.0000
0x00261000,0x00261000,,stub_code,1,1,2,17127,0.0000
0x0028fe80,0x0028fe80,,stub_code,0,1,1,17127,0.0000
0x0035b160,0x0035b160,,stub_code,27,9,36,17127,6.2500
0x004a3878,0x004a3878,,stub_code,1,2,3,17127,0.0000
0x002c5770,0x002c5770,,stub_code,1,2,3,17127,0.0000
0x002f2b70,0x002f2b70,,,2,0,2,17127,0.0000
0x003cff10,0x003cff10,,stub_code,8,3,11,17127,0.8000
0x0051ecb0,0x0051ecb0,,stub_code,1,1,2,17127,0.0000
0x00510fc0,0x00510fc0,,stub_code,0,2,2,17127,0.0000
0x00481548,0x00481548,,stub_code,0,0,0,1,0.0000
0x002af070,0x002af070,,,1,0,1,17127,0.0000
0x001bbe70,0x001bbe70,,stub_code,0,4,4,17127,0.0000
0x00317aa0,0x00317aa0,,stub_code,0,1,1,17127,0.0000
0x00157140,0x00157140,,stub_code,0,1,1,17127,0.0000
0x005f9320,0x005f9320,,stub_code,0,3,3,17127,0.0000
0x00583370,0x00583370,,,2,0,2,17127,0.0000
0x00658fe0,0x00658fe0,,stub_code,0,2,2,8,0.0000
0x004b9a40,0x004b9a40,,,1,0,1,17127,0.0000
0x004a51d0,0x004a51d0,,stub_code,2,0,2,17127,0.0000
0x004b8170,0x004b8170,,stub_code,0,2,2,17127,0.0000
0x00591760,0x00591760,,stub_code,0,5,5,17127,0.0000
0x00336290,0x00336290,,stub_code,0,4,4,17127,0.0000
0x00461da8,0x00461da8,,stub_code,4,1,5,17127,0.0000
0x00461930,0x00461930,,stub_code,1,2,3,17127,0.0000
0x0018af80,0x0018af80,,stub_code,0,0,0,1,0.0000
0x004459e8,0x004459e8,,,1,0,1,17127,0.0000
0x00246810,0x00246810,,stub_code,2,1,3,17127,1.0000
0x002569c0,0x002569c0,,stub_code,0,2,2,17127,0.0000
0x004bb460,0x004bb460,,stub_code,0,7,7,17127,0.0000
0x0025dcb0,0x0025dcb0,,stub_code,0,0,0,1,0.0000
0x005a81f0,0x005a81f0,,stub_code,0,1,1,17127,0.0000
0x00120720,FUN_00120720,,real_logic,36,0,36,17127,0.0000
0x003ff910,0x003ff910,,stub_code,29,5,34,17127,0.0000
0x004eb5b0,0x004eb5b0,,stub_code,0,5,5,17127,0.0000
0x0035d680,0x0035d680,,stub_code,2,1,3,17127,0.0000
0x004749d8,0x004749d8,,,2,0,2,17127,0.0000
0x0057ad60,0x0057ad60,,stub_code,0,13,13,17127,0.0000
0x0058a890,0x0058a890,,,1,0,1,17127,0.0000
0x005a5110,0x005a5110,,stub_code,0,5,5,17127,0.0000
0x00152600,0x00152600,,stub_code,2,1,3,17127,0.0000
0x005fdc10,0x005fdc10,,,2,0,2,17127,0.0000
0x0020ce10,0x0020ce10,,stub_code,0,5,5,17127,0.0000
0x00316f60,0x00316f60,,stub_code,0,8,8,17127,0.0000
0x0053d220,0x0053d220,,stub_code,0,1,1,17127,0.0000
0x0043b498,0x0043b498,,stub_code,1,5,6,17127,0.0000
0x004d8ff0,0x004d8ff0,,stub_code,0,12,12,17127,0.0000
0x002a7b30,0x002a7b30,,,2,0,2,17127,0.0000
0x004d5550,0x004d5550,,stub_code,1,2,3,17127,0.0000
0x003a0cb0,0x003a0cb0,,stub_code,6,1,7,17127,0.0000
0x002ef560,0x002ef560,,stub_code,0,8,8,17127,0.0000
0x0012d040,0x0012d040,,stub_code,1,0,1,17127,0.0000
0x002b1670,0x002b1670,,,1,0,1,17127,0.0000
0x00332b30,0x00332b30,,stub_code,0,1,1,17127,0.0000
0x00102510,0x00102510,,stub_code,1,1,2,17127,1.0000
0x0054f860,0x0054f860,,,2,0,2,17127,0.0000
0x00310b50,0x00310b50,,stub_code,1,6,7,17127,0.0000
0x0040f4c0,0x0040f4c0,,,1,0,1,17127,0.0000
0x001a6c20,0x001a6c20,,stub_code,2,2,4,17127,0.0000
0x003596a0,0x003596a0,,,1,0,1,17127,0.0000
0x0017bbb0,0x0017bbb0,,stub_code,0,6,6,17127,0.0000
0x00290850,0x00290850,,stub_code,0,3,3,17127,0.0000
0x005120c0,0x005120c0,,stub_code,1,7,8,17127,0.0000
0x0033bbc0,0x0033bbc0,,stub_code,0,1,1,17127,0.0000
0x004af620,0x004af620,,,1,0,1,17127,0.0000
0x001aa5a0,0x001aa5a0,,stub_code,0,5,5,17127,0.0000
0x003eea70,FUN_003eea70,,real_logic,1,0,1,17127,0.0000
0x0040ba50,0x0040ba50,,,1,0,1,17127,0.0000
0x00142730,0x00142730,,stub_code,0,14,14,17127,0.0000
0x00186880,0x00186880,,,1,0,1,17127,0.0000
0x005ef770,0x005ef770,,stub_code,2,2,4,17127,0.0000
0x00398090,0x00398090,,stub_code,1,2,3,17127,0.0000
0x002ee540,0x002ee540,,stub_code,0,3,3,17127,0.0000
0x0011b260,0x0011b260,,,9,0,9,17127,0.0000
0x0010f480,0x0010f480,,stub_code,1,5,6,17127,0.0000
0x001a8e20,0x001a8e20,,stub_code,0,6,6,17127,0.0000
0x00110100,0x00110100,,stub_code,1,2,3,17127,0.0000
0x00126880,0x00126880,,,1,0,1,17127,0.0000
0x0018ebb0,0x0018ebb0,,stub_code,1,2,3,17127,0.0000
0x0042e1f0,0x0042e1f0,,stub_code,1,22,23,17127,225.8333
0x005915b0,0x005915b0,,stub_code,0,5,5,17127,0.0000
0x0028af60,0x0028af60,,stub_code,0,1,1,17127,0.0000
0x0054bb10,0x0054bb10,,stub_code,0,1,1,17127,0.0000
0x0055cb60,0x0055cb60,,stub_code,0,11,11,17127,0.0000
0x0053b410,0x0053b410,,stub_code,0,1,1,2,0.0000
0x00261800,0x00261800,,,1,0,1,17127,0.0000
0x0029e8e0,0x0029e8e0,,stub_code,1,1,2,17127,1.0000
0x0048bc20,FUN_0048bc20,,pseudo_stub,0,0,0,1,0.0000
0x004fdd20,0x004fdd20,,stub_code,2,6,8,17127,1.0000
0x00295e40,0x00295e40,,stub_code,1,2,3,17127,18.5667
0x0033b860,FUN_0033b860,,pseudo_stub,0,1,1,17127,0.0000
0x0018fe00,0x0018fe00,,,1,0,1,17127,0.0000
0x0030f640,0x0030f640,,stub_code,0,1,1,17127,0.0000
0x004e2990,0x004e2990,,stub_code,0,4,4,17127,0.0000
0x004a7908,0x004a7908,,stub_code,0,2,2,17127,0.0000
0x0018eb60,0x0018eb60,,stub_code,0,0,0,1,0.0000
0x002ad6f0,0x002ad6f0,,stub_code,0,3,3,17127,0.0000
0x0023f2c0,0x0023f2c0,,stub_code,0,0,0,1,0.0000
0x00592bc0,0x00592bc0,,stub_code,0,4,4,17127,0.0000
0x0047fe28,0x0047fe28,,,3,0,3,17127,0.0000
0x00546740,0x00546740,,stub_code,0,8,8,17127,0.0000
0x00520160,0x00520160,,stub_code,0,4,4,17127,0.0000
0x004deae0,0x004deae0,,,1,0,1,17127,0.0000
0x00310270,0x00310270,,,1,0,1,17127,0.0000
0x001c7a90,0x001c7a90,,stub_code,0,1,1,9,0.0000
0x00289e90,0x00289e90,,stub_code,0,4,4,17127,0.0000
0x00477a10,0x00477a10,,,1,0,1,2,0.0000
0x003101f0,0x003101f0,,stub_code,1,2,3,17127,0.0000
0x0011d3b0,0x0011d3b0,,,1,0,1,17127,0.0000
0x002deee0,0x002deee0,,,1,0,1,17127,0.0000
0x00173250,0x00173250,,stub_code,1,2,3,17127,0.0000
0x003b1390,0x003b1390,,stub_code,1,5,6,17127,0.0000
0x003ed5e0,0x003ed5e0,,stub_code,5,3,8,17127,0.5000
0x00345a20,0x00345a20,,stub_code,8,1,9,17127,0.0000
0x0055f040,0x0055f040,,stub_code,0,2,2,17127,0.0000
0x005d9850,0x005d9850,,stub_code,0,5,5,17127,0.0000
0x003f6030,0x003f6030,,stub_code,4,0,4,17127,0.0000
0x0022ddb0,0x0022ddb0,,stub_code,2,7,9,17127,0.0000
0x00253dd0,0x00253dd0,,stub_code,0,1,1,17127,0.0000
0x003d3150,0x003d3150,,stub_code,1,5,6,17127,0.0000
0x002162f0,0x002162f0,,stub_code,0,11,11,17127,0.0000
0x0013eec0,0x0013eec0,,,2,0,2,17127,0.0000
0x002f5c60,0x002f5c60,,stub_code,0,1,1,17127,0.0000
0x00504f20,0x00504f20,,,1,0,1,17127,0.0000
0x001dbee0,0x001dbee0,,stub_code,1,0,1,17127,0.0000
0x00499d68,0x00499d68,,stub_code,2,2,4,17127,0.0000
0x005510a0,0x005510a0,,stub_code,0,4,4,17127,0.0000
0x0021b210,0x0021b210,,,1,0,1,17127,0.0000
0x0051cfa0,0x0051cfa0,,stub_code,0,3,3,17127,0.0000
0x00321c20,0x00321c20,,stub_code,0,2,2,17127,0.0000
0x001e0170,0x001e0170,,stub_code,0,3,3,17127,0.0000
0x0052f1a0,0x0052f1a0,,stub_code,1,1,2,17127,0.0000
0x0058a190,0x0058a190,,,2,0,2,17127,0.0000
0x004fe2b0,0x004fe2b0,,stub_code,62,0,62,17127,0.0000
0x0028f720,0x0028f720,,stub_code,1,2,3,17127,0.0000
0x005457d0,0x005457d0,,stub_code,0,1,1,17127,0.0000
0x0046fb90,0x0046fb90,,stub_code,1,1,2,17127,21.0000
0x005f5440,0x005f5440,,stub_code,0,1,1,17127,0.0000
0x0039ec10,0x0039ec10,,,1,0,1,17127,0.0000
0x003fcda0,0x003fcda0,,stub_code,3,5,8,17127,665.8111
0x0018b500,0x0018b500,,,1,0,1,17127,0.0000
0x002e8710,0x002e8710,,stub_code,0,1,1,17127,0.0000
0x003b6850,0x003b6850,,stub_code,1,1,2,17127,0.0000
0x0037c050,0x0037c050,,stub_code,1,11,12,17127,0.0000
0x0029f1e0,0x0029f1e0,,stub_code,1,1,2,17127,1.0000
0x002d6bf0,0x002d6bf0,,stub_code,0,1,1,17127,0.0000
0x00428748,0x00428748,,,33,0,33,17127,0.0000
0x0021e300,0x0021e300,,,1,0,1,17127,0.0000
0x0040a820,FUN_0040a820,,real_logic,1,0,1,17127,0.0000
0x00216a30,0x00216a30,,,14,0,14,17127,0.0000
0x00429760,FUN_00429760,,real_logic,2,1,3,17127,7.0000
0x0047aff0,0x0047aff0,,stub_code,6,4,10,17127,0.0000
0x0033c700,0x0033c700,,stub_code,4,1,5,17127,0.0000
0x005c1440,0x005c1440,,stub_code,0,3,3,17127,0.0000
0x0047aa98,0x0047aa98,,stub_code,0,4,4,17127,0.0000
0x003b2390,0x003b2390,,stub_code,0,7,7,17127,0.0000
0x004a0ee8,0x004a0ee8,,,1,0,1,17127,0.0000
0x002922b0,0x002922b0,,stub_code,0,4,4,17127,0.0000
0x0056d530,0x0056d530,,stub_code,0,7,7,17127,0.0000
0x00127ca0,0x00127ca0,,stub_code,0,2,2,17127,0.0000
0x003d9060,0x003d9060,,stub_code,1,12,13,17127,109.3333
0x004708d8,0x004708d8,,stub_thunk,3,0,3,17127,0.0000
0x002d2100,0x002d2100,,stub_code,2,2,4,17127,45.3111
0x002d6070,0x002d6070,,stub_code,0,1,1,17127,0.0000
0x006c99f0,0x006c99f0,,stub_code,0,3,3,17127,0.0000
0x00452810,0x00452810,,,1,0,1,17127,0.0000
0x002746f0,0x002746f0,,stub_code,0,1,1,17127,0.0000
0x002e30f0,0x002e30f0,,stub_code,1,2,3,17127,0.0000
0x002e76e0,0x002e76e0,,,1,0,1,17127,0.0000
0x00504c60,0x00504c60,,stub_code,0,1,1,17127,0.0000
0x0043f628,0x0043f628,,stub_code,0,2,2,17127,0.0000
0x005814a0,0x005814a0,,stub_code,0,3,3,17127,0.0000
0x00318070,0x00318070,,stub_code,0,7,7,17127,0.0000
0x0054fd70,0x0054fd70,,stub_code,0,5,5,17127,0.0000
0x001a7890,0x001a7890,,stub_code,0,2,2,17127,0.0000
0x002918f0,0x002918f0,,stub_code,0,5,5,17127,0.0000
0x002a38e0,0x002a38e0,,stub_code,1,2,3,17127,0.0000
0x004bdfa0,0x004bdfa0,,stub_code,0,1,1,17127,0.0000
0x0043d2b8,FUN_0043d2b8,,pseudo_stub,0,1,1,17127,0.0000
0x0027fd20,0x0027fd20,,stub_code,0,3,3,17127,0.0000
0x0030b4a0,0x0030b4a0,,,1,0,1,17127,0.0000
0x00364410,0x00364410,,stub_code,0,8,8,17127,0.0000
0x005301c0,FUN_005301c0,,pseudo_stub,1,2,3,17127,0.0000
0x00267550,0x00267550,,stub_code,3,6,9,17127,0.0000
0x00445ab8,0x00445ab8,,stub_code,1,5,6,17127,0.0000
0x0012d7f0,0x0012d7f0,,stub_code,1,3,4,17127,0.0000
0x005a35b0,0x005a35b0,,stub_code,0,1,1,2,0.0000
0x001ef400,0x001ef400,,stub_code,0,2,2,17127,0.0000
0x0018ae20,FUN_0018ae20,,pseudo_stub,1,1,2,17127,0.0000
0x0011a740,0x0011a740,,stub_code,0,3,3,17127,0.0000
0x004b2318,0x004b2318,,stub_code,0,1,1,17127,0.0000
0x0037cfa0,0x0037cfa0,,stub_code,2,1,3,17127,0.0000
0x00553190,0x00553190,,stub_code,0,4,4,17127,0.0000
0x005af7a0,0x005af7a0,,,1,0,1,17127,0.0000
0x004641d8,0x004641d8,,stub_code,1,8,9,17127,0.0000
0x003ec5c0,0x003ec5c0,,stub_code,1,1,2,17127,0.0000
0x002264b0,0x002264b0,,stub_code,2,19,21,17127,0.0000
0x00472d28,0x00472d28,,stub_code,0,1,1,17127,0.0000
0x0019f310,0x0019f310,,stub_code,0,6,6,17127,0.0000
0x00481a88,0x00481a88,,,1,0,1,17127,0.0000
0x001610c0,0x001610c0,,,1,0,1,17127,0.0000
0x004754b0,0x004754b0,,stub_code,0,3,3,17127,0.0000
0x00470738,0x00470738,,stub_code,2,0,2,17127,0.0000
0x00544360,0x00544360,,stub_code,0,1,1,17127,0.0000
0x00592d80,0x00592d80,,stub_code,0,3,3,17127,0.0000
0x0039c9d0,0x0039c9d0,,,1,0,1,17127,0.0000
0x005c8500,0x005c8500,,stub_code,0,13,13,17127,0.0000
0x004e9390,0x004e9390,,stub_code,0,5,5,17127,0.0000
0x004b0438,0x004b0438,,stub_code,0,1,1,17127,0.0000
0x0040a830,0x0040a830,,,1,0,1,17127,0.0000
0x003a09f0,FUN_003a09f0,math/matrix,real_c,1,0,1,17127,0.0000
0x0011c5f0,0x0011c5f0,,,1,0,1,17127,0.0000
0x0055a8d0,0x0055a8d0,,stub_code,2,0,2,17127,0.0000
0x00570d20,0x00570d20,,stub_code,0,1,1,2,0.0000
0x001ef140,0x001ef140,,stub_code,0,2,2,17127,0.0000
0x00598de0,0x00598de0,,,3,0,3,17127,0.0000
0x00296dd0,0x00296dd0,,stub_code,1,1,2,17127,0.5000
0x003311d0,0x003311d0,,,2,0,2,17127,0.0000
0x0049c430,0x0049c430,,stub_code,0,1,1,17127,0.0000
0x003233a0,0x003233a0,,stub_code,1,6,7,17127,0.0000
0x0029a560,0x0029a560,,stub_code,0,0,0,1,0.0000
0x0049e350,0x0049e350,,stub_thunk,0,0,0,1,0.0000
0x001526d0,0x001526d0,,,1,0,1,17127,0.0000
0x004c8790,0x004c8790,,stub_code,0,0,0,1,0.0000
0x00305570,0x00305570,,stub_code,0,2,2,17127,0.0000
0x00345e10,0x00345e10,,,1,0,1,17127,0.0000
0x00186890,0x00186890,,stub_code,1,5,6,17127,0.0000
0x0058d4c0,0x0058d4c0,,,2,0,2,17127,0.0000
0x00514af0,0x00514af0,,stub_code,0,4,4,17127,0.0000
0x004b05d0,0x004b05d0,,stub_code,4,1,5,17127,0.0000
0x003b0b40,0x003b0b40,,stub_code,0,2,2,17127,0.0000
0x0026f270,0x0026f270,,stub_code,0,0,0,1,0.0000
0x004a27c0,0x004a27c0,,,1,0,1,17127,0.0000
0x001c8c50,0x001c8c50,,stub_code,0,4,4,17127,0.0000
0x002205a0,0x002205a0,,stub_code,1,19,20,17127,0.0000
0x005a87d0,0x005a87d0,,stub_code,0,5,5,17127,0.0000
0x005ab100,0x005ab100,,stub_code,0,5,5,17127,0.0000
0x0051a460,0x0051a460,,stub_code,1,5,6,17127,0.0000
0x004a94e0,0x004a94e0,,stub_code,0,2,2,17127,0.0000
0x0049c608,0x0049c608,,stub_code,1,2,3,17127,0.0000
0x0059ee70,0x0059ee70,,,8,0,8,17127,0.0000
0x005431b0,0x005431b0,,stub_code,0,1,1,17127,0.0000
0x00380fb0,0x00380fb0,,,1,0,1,17127,0.0000
0x0023b020,0x0023b020,,stub_code,2,1,3,17127,0.0000
0x0036a830,0x0036a830,,stub_code,1,2,3,17127,0.0000
0x0025ab60,0x0025ab60,,stub_code,0,0,0,1,0.0000
0x00105940,0x00105940,,stub_code,1,5,6,17127,0.0000
0x00118980,0x00118980,,,6,0,6,17127,0.0000
0x003c6d20,0x003c6d20,,,1,0,1,17127,0.0000
0x003fe220,0x003fe220,,stub_code,0,3,3,17127,0.0000
0x001d6540,0x001d6540,,stub_code,1,4,5,17127,0.0000
0x00420490,0x00420490,,,1,0,1,17127,0.0000
0x004e8920,0x004e8920,,stub_code,0,4,4,17127,0.0000
0x002d4e90,0x002d4e90,,stub_code,2,5,7,17127,68.5111
0x001350c0,0x001350c0,,stub_code,1,12,13,17127,0.0000
0x0046ce78,0x0046ce78,,stub_code,0,3,3,17127,0.0000
0x00507810,0x00507810,,stub_code,0,2,2,17127,0.0000
0x00316e00,0x00316e00,,,1,0,1,17127,0.0000
0x00504f90,0x00504f90,,,2,0,2,17127,0.0000
0x004a53e0,0x004a53e0,,,1,0,1,17127,0.0000
0x00227190,0x00227190,,stub_code,1,47,48,17127,0.0000
0x002b7d00,0x002b7d00,,stub_code,0,2,2,17127,0.0000
0x00504d20,0x00504d20,,stub_code,0,4,4,17127,0.0000
0x005cd3b0,0x005cd3b0,,stub_code,0,11,11,17127,0.0000
0x0051e960,0x0051e960,,,1,0,1,17127,0.0000
0x005ece50,0x005ece50,,stub_code,0,0,0,1,0.0000
0x00467b20,0x00467b20,,,3,0,3,17127,0.0000
0x003b24c0,0x003b24c0,,,1,0,1,17127,0.0000
0x00320b10,0x00320b10,,stub_code,1,5,6,17127,0.0000
0x004ee640,0x004ee640,,stub_code,1,1,2,17127,0.5000
0x004917b0,0x004917b0,,,10,0,10,17127,0.0000
0x00185010,0x00185010,,,2,0,2,17127,0.0000
0x001f06b0,0x001f06b0,,stub_code,0,4,4,17127,0.0000
0x0057f940,0x0057f940,,,1,0,1,17127,0.0000
0x00262f60,0x00262f60,,stub_code,2,6,8,17127,0.0000
0x0024d630,0x0024d630,,stub_code,0,1,1,17127,0.0000
0x00405160,0x00405160,,stub_code,0,1,1,17127,0.0000
0x002d7e00,0x002d7e00,,,1,0,1,17127,0.0000
0x00286280,0x00286280,,,2,0,2,17127,0.0000
0x002b46c0,0x002b46c0,,stub_code,1,3,4,17127,0.0000
0x0049fb80,0x0049fb80,,,2,0,2,17127,0.0000
0x00479b10,0x00479b10,,stub_code,0,1,1,17127,0.0000
0x002d5170,0x002d5170,,stub_code,1,3,4,17127,0.0000
0x004cd410,0x004cd410,,stub_code,0,0,0,1,0.0000
0x0030c720,0x0030c720,,stub_code,0,4,4,17127,0.0000
0x002b4a00,0x002b4a00,,stub_code,3,2,5,17127,1.4318
0x00536970,0x00536970,,stub_code,1,1,2,17127,0.0000
0x0049fcd0,0x0049fcd0,,,1,0,1,17127,0.0000
0x005ea1a0,0x005ea1a0,,stub_code,0,1,1,17127,0.0000
0x0033aed0,0x0033aed0,,,1,0,1,17127,0.0000
0x001312a0,0x001312a0,,stub_code,0,1,1,17127,0.0000
0x005953c0,0x005953c0,,stub_code,1,2,3,17127,0.0000
0x0016e890,0x0016e890,,stub_code,2,2,4,17127,0.0000
0x004b0658,0x004b0658,,stub_code,1,2,3,17127,0.0000
0x0018e7e0,0x0018e7e0,,stub_code,1,1,2,17127,0.0000
0x0047f068,0x0047f068,,stub_code,3,0,3,17127,0.0000
0x0033d210,0x0033d210,,stub_code,1,2,3,17127,0.0000
0x00343810,0x00343810,,stub_code,0,0,0,1,0.0000
0x005137f0,FUN_005137f0,,pseudo_stub,0,1,1,17127,0.0000
0x002e9150,0x002e9150,,stub_code,0,7,7,17127,0.0000
0x005964b0,0x005964b0,,stub_code,0,1,1,2,0.0000
0x0028e0f0,0x0028e0f0,,stub_code,8,2,10,17127,0.0000
0x004e4420,0x004e4420,,,2,0,2,17127,0.0000
0x0038e5a0,0x0038e5a0,,stub_code,0,4,4,17127,0.0000
0x004e9840,0x004e9840,,stub_code,0,2,2,17127,0.0000
0x0049d340,0x0049d340,,stub_code,0,1,1,17127,0.0000
0x001a1bd0,FUN_001a1bd0,game/ranking,real_c,0,0,0,1,0.0000
0x0031e2f0,0x0031e2f0,,stub_code,0,1,1,17127,0.0000
0x004e14c0,0x004e14c0,,stub_code,0,1,1,17127,0.0000
0x001bccd0,0x001bccd0,,stub_code,0,0,0,1,0.0000
0x00108f30,0x00108f30,,stub_code,0,1,1,17127,0.0000
0x00550870,0x00550870,,,2,0,2,17127,0.0000
0x0058d220,0x0058d220,,,12,0,12,17127,0.0000
0x003335d0,0x003335d0,,,1,0,1,2,0.0000
0x005599a0,0x005599a0,,stub_code,1,1,2,17127,0.0000
0x00598e70,0x00598e70,,,2,0,2,17127,0.0000
0x0027d570,0x0027d570,,,1,0,1,17127,0.0000
0x00477828,0x00477828,,,1,0,1,17127,0.0000
0x002b5f60,0x002b5f60,,stub_code,1,1,2,17127,0.0000
0x0056f0f0,0x0056f0f0,,,1,0,1,17127,0.0000
0x0032e7e0,0x0032e7e0,,stub_code,0,5,5,17127,0.0000
0x00283dd0,0x00283dd0,,stub_code,0,5,5,17127,0.0000
0x002b0080,0x002b0080,,,1,0,1,17127,0.0000
0x00237d70,0x00237d70,,,1,0,1,17127,0.0000
0x004a52a8,0x004a52a8,,,1,0,1,17127,0.0000
0x004c3b60,0x004c3b60,,stub_code,0,7,7,17127,0.0000
0x001e07c0,0x001e07c0,,stub_code,1,1,2,17127,0.0000
0x005f4650,0x005f4650,,stub_code,0,3,3,17127,0.0000
0x001f0090,0x001f0090,,stub_code,0,2,2,17127,0.0000
0x004bd1b0,0x004bd1b0,,,2,0,2,17127,0.0000
0x0016cf30,0x0016cf30,,stub_code,2,1,3,17127,0.0000
0x00345e90,0x00345e90,,stub_code,0,17,17,17127,0.0000
0x0034b520,0x0034b520,,stub_code,1,26,27,17127,0.0000
0x00475870,FUN_00475870,,pseudo_stub,1,1,2,17127,0.0000
0x0033d5e0,0x0033d5e0,,,5,0,5,17127,0.0000
0x001d5bb0,0x001d5bb0,,stub_code,1,12,13,17127,0.0000
0x0059aa50,0x0059aa50,,,1,0,1,17127,0.0000
0x001afc30,0x001afc30,,stub_code,1,7,8,17127,0.0000
0x0016a670,0x0016a670,,,1,0,1,17127,0.0000
0x0033f740,0x0033f740,,,1,0,1,17127,0.0000
0x001d08a0,0x001d08a0,,stub_code,1,1,2,17127,0.0000
0x005e8df0,0x005e8df0,,stub_code,0,5,5,17127,0.0000
0x00259c20,0x00259c20,,stub_code,0,1,1,17127,0.0000
0x004f79f0,0x004f79f0,,stub_code,0,2,2,17127,0.0000
0x00390bb0,0x00390bb0,,stub_code,0,9,9,17127,0.0000
0x0051e3a0,0x0051e3a0,,,1,0,1,17127,0.0000
0x0023c7e0,0x0023c7e0,,,4,0,4,17127,0.0000
0x006c9ab0,0x006c9ab0,,stub_code,0,3,3,17127,0.0000
0x001b9110,0x001b9110,,stub_code,1,1,2,17127,0.0000
0x00483440,0x00483440,,stub_code,0,1,1,17127,0.0000
0x002bc060,0x002bc060,,,1,0,1,17127,0.0000
0x005625c0,0x005625c0,,stub_code,0,38,38,17127,0.0000
0x004e3930,0x004e3930,,stub_code,0,3,3,17127,0.0000
0x005e9370,0x005e9370,,stub_code,0,3,3,17127,0.0000
0x0030b4e0,0x0030b4e0,,stub_code,1,1,2,17127,0.0000
0x001c79f0,0x001c79f0,,stub_code,0,2,2,17127,0.0000
0x004b1178,0x004b1178,,stub_code,1,2,3,17127,0.0000
0x005a1ad0,0x005a1ad0,,stub_code,0,1,1,17127,0.0000
0x00302af0,0x00302af0,,stub_code,1,3,4,17127,0.0000
0x005825e0,0x005825e0,,,2,0,2,17127,0.0000
0x00127de0,0x00127de0,,stub_code,1,2,3,17127,0.0000
0x0049e2f0,0x0049e2f0,,stub_thunk,0,0,0,1,0.0000
0x004ddce0,0x004ddce0,,stub_code,0,4,4,17127,0.0000
0x0055e130,0x0055e130,,stub_code,0,2,2,17127,0.0000
0x001a4950,0x001a4950,,stub_code,0,1,1,17127,0.0000
0x00112440,0x00112440,,,1,0,1,17127,0.0000
0x004d1a70,0x004d1a70,,stub_code,0,1,1,17127,0.0000
0x00332350,0x00332350,,stub_code,1,2,3,17127,0.0000
0x004b7c18,0x004b7c18,,stub_code,0,0,0,1,0.0000
0x0054a1b0,0x0054a1b0,,stub_code,0,5,5,17127,0.0000
0x0010d730,0x0010d730,,stub_code,2,5,7,17127,0.0000
0x00459e20,0x00459e20,,,1,0,1,17127,0.0000
0x0012d8d0,0x0012d8d0,,stub_code,3,2,5,17127,0.0000
0x0058b350,0x0058b350,,,24,0,24,17127,0.0000
0x0016c0c0,0x0016c0c0,,stub_code,1,4,5,17127,0.0000
0x00464768,0x00464768,,stub_code,2,1,3,17127,0.0000
0x003fd7e0,0x003fd7e0,,stub_code,0,3,3,17127,0.0000
0x00325b80,0x00325b80,,,1,0,1,17127,0.0000
0x00498f68,0x00498f68,,stub_code,1,1,2,17127,0.0000
0x003333c0,0x003333c0,,stub_code,0,1,1,17127,0.0000
0x0035b2b0,0x0035b2b0,,stub_code,21,5,26,17127,3.2714
0x004b8738,0x004b8738,,,1,0,1,2,0.0000
0x002a4270,0x002a4270,,stub_code,1,1,2,17127,0.0000
0x00330550,0x00330550,,stub_code,1,3,4,17127,0.0000
0x0026b860,0x0026b860,,stub_code,1,3,4,17127,0.0000
0x002b0c60,0x002b0c60,,,1,0,1,17127,0.0000
0x00112930,0x00112930,,stub_code,0,1,1,17127,0.0000
0x002de3f0,0x002de3f0,,stub_code,0,6,6,17127,0.0000
0x0021aba0,0x0021aba0,,,21,0,21,17127,0.0000
0x004e9d20,0x004e9d20,,stub_code,0,4,4,17127,0.0000
0x006c8350,0x006c8350,,stub_code,0,2,2,17127,0.0000
0x00357060,0x00357060,,stub_code,0,4,4,17127,0.0000
0x0059d110,0x0059d110,,stub_code,1,4,5,17127,0.0000
0x001aeb90,0x001aeb90,,stub_code,1,2,3,17127,0.0000
0x00185f50,0x00185f50,,stub_code,1,14,15,17127,0.0000
0x005142e0,0x005142e0,,stub_code,1,2,3,17127,0.0000
0x001483d0,0x001483d0,,stub_code,0,2,2,17127,0.0000
0x0017fda0,0x0017fda0,,stub_code,1,5,6,17127,0.0000
0x00160600,0x00160600,,,1,0,1,17127,0.0000
0x00540190,0x00540190,,stub_code,0,0,0,1,0.0000
0x005dbae0,0x005dbae0,,,46,0,46,17127,0.0000
0x00249340,0x00249340,,stub_code,0,0,0,1,0.0000
0x001b2330,0x001b2330,,stub_code,1,14,15,17127,0.0000
0x00189030,0x00189030,,stub_code,5,1,6,17127,0.0000
0x00181540,0x00181540,,stub_code,1,2,3,17127,0.0000
0x00543d80,0x00543d80,,stub_code,1,2,3,17127,0.0000
0x005459c0,0x005459c0,,stub_code,0,3,3,17127,0.0000
0x004076e0,0x004076e0,,,3,0,3,17127,0.0000
0x005f0d00,0x005f0d00,,stub_code,0,9,9,17127,0.0000
0x003be740,0x003be740,,,2,0,2,17127,0.0000
0x002bd600,0x002bd600,,,1,0,1,17127,0.0000
0x00547c10,0x00547c10,,,1,0,1,2,0.0000
0x001d3390,0x001d3390,,stub_code,0,2,2,17127,0.0000
0x005715e0,0x005715e0,,stub_code,0,3,3,17127,0.0000
0x005313b0,0x005313b0,,stub_code,0,4,4,17127,0.0000
0x001a64a0,0x001a64a0,,,1,0,1,17127,0.0000
0x002456f0,0x002456f0,,stub_code,2,1,3,17127,0.0000
0x001d2110,0x001d2110,,stub_code,1,1,2,17127,0.0000
0x00278c30,0x00278c30,,stub_code,2,5,7,17127,6.8333
0x0024e640,0x0024e640,,stub_code,0,0,0,1,0.0000
0x004af308,0x004af308,,stub_code,0,1,1,17127,0.0000
0x00253620,0x00253620,,stub_code,0,1,1,17127,0.0000
0x00499398,0x00499398,,stub_code,1,6,7,17127,0.0000
0x001c9d10,0x001c9d10,,stub_code,0,2,2,17127,0.0000
0x001410e0,0x001410e0,,stub_code,2,2,4,17127,0.0000
0x0013f370,0x0013f370,,stub_code,1,1,2,17127,0.0000
0x004dbf20,0x004dbf20,,stub_code,0,8,8,17127,0.0000
0x004c2ed0,0x004c2ed0,,stub_code,0,5,5,17127,0.0000
0x00544760,0x00544760,,,2,0,2,17127,0.0000
0x00257b20,0x00257b20,,stub_code,0,1,1,15,0.0000
0x00421c70,0x00421c70,,,1,0,1,17127,0.0000
0x0045cc50,0x0045cc50,,stub_code,1,6,7,17127,0.0000
0x00261820,0x00261820,,,1,0,1,17127,0.0000
0x0035ee80,0x0035ee80,,,1,0,1,17127,0.0000
0x004ccaa0,0x004ccaa0,,stub_code,0,0,0,1,0.0000
0x001d6400,0x001d6400,,,1,0,1,17127,0.0000
0x00180c50,0x00180c50,,stub_code,0,5,5,17127,0.0000
0x0014f0d0,0x0014f0d0,,stub_code,0,4,4,17127,0.0000
0x00116990,0x00116990,,,3,0,3,17127,0.0000
0x0049af78,0x0049af78,,stub_code,1,2,3,17127,0.0000
0x0051c100,0x0051c100,,stub_code,1,4,5,17127,0.0000
0x003f20f0,0x003f20f0,,,1,0,1,17127,0.0000
0x0041f170,0x0041f170,,stub_code,14,4,18,17127,2.0000
0x001a6110,0x001a6110,,stub_code,1,2,3,17127,0.0000
0x0031cc30,0x0031cc30,,,1,0,1,17127,0.0000
0x003fb150,0x003fb150,,stub_code,48,3,51,17127,15.3655
0x002d9a90,0x002d9a90,,stub_code,0,3,3,17127,0.0000
0x0010cd70,0x0010cd70,,stub_code,0,0,0,1,0.0000
0x0029d980,0x0029d980,,,1,0,1,17127,0.0000
0x004c9080,0x004c9080,,stub_code,2,3,5,17127,0.0000
0x004a1e58,0x004a1e58,,stub_code,0,2,2,17127,0.0000
0x004fe7e0,0x004fe7e0,,stub_code,2,6,8,17127,0.0000
0x004e6240,0x004e6240,,stub_code,0,4,4,17127,0.0000
0x001c9e80,0x001c9e80,,stub_code,1,1,2,17127,0.0000
0x0017ab70,0x0017ab70,,stub_code,1,7,8,17127,0.0000
0x004aceb0,0x004aceb0,,stub_code,1,1,2,17127,0.0000
0x0046b788,0x0046b788,,,1,0,1,17127,0.0000
0x00423850,0x00423850,,stub_code,5,1,6,17127,1.0000
0x001c2120,0x001c2120,,stub_code,1,6,7,17127,0.0000
0x0012c1f0,FUN_0012c1f0,,pseudo_stub,1,1,2,3,0.0000
0x004e4920,0x004e4920,,stub_code,1,2,3,17127,0.0000
0x005a9f00,0x005a9f00,,stub_code,0,1,1,2,0.0000
0x0056f130,0x0056f130,,,1,0,1,17127,0.0000
0x004d0860,0x004d0860,,stub_code,0,4,4,17127,0.0000
0x004a23f8,0x004a23f8,,,1,0,1,17127,0.0000
0x004d03d0,0x004d03d0,,,2,0,2,17127,0.0000
0x00203ed0,0x00203ed0,,,1,0,1,17127,0.0000
0x0047fa58,0x0047fa58,,stub_code,0,1,1,17127,0.0000
0x00253f80,0x00253f80,,stub_code,0,1,1,17127,0.0000
0x004f9ff0,0x004f9ff0,,stub_code,0,3,3,17127,0.0000
0x002e8f60,0x002e8f60,,stub_code,0,6,6,17127,0.0000
0x001ccb00,FUN_001ccb00,core/struct,real_logic,2,0,2,17127,0.0000
0x00400850,0x00400850,,stub_code,0,1,1,17127,0.0000
0x00278b30,0x00278b30,,stub_code,1,1,2,17127,3.0000
0x004a8d70,0x004a8d70,,stub_code,2,2,4,17127,0.0000
0x001fea60,0x001fea60,,stub_code,1,3,4,17127,0.0000
0x0048be08,FUN_0048be08,,pseudo_stub,1,0,1,17127,0.0000
0x0036d1e0,0x0036d1e0,,stub_code,1,1,2,17127,0.0000
0x0027f7b0,0x0027f7b0,,stub_code,1,2,3,17127,0.0000
0x003be4e0,0x003be4e0,,,1,0,1,17127,0.0000
0x00499030,0x00499030,,stub_code,3,1,4,17127,6.0000
0x0034a590,0x0034a590,,,1,0,1,17127,0.0000
0x00181310,0x00181310,,,1,0,1,17127,0.0000
0x0059d490,0x0059d490,,stub_code,0,4,4,17127,0.0000
0x00278440,0x00278440,,stub_code,1,7,8,17127,3.0000
0x00274a20,0x00274a20,,stub_code,0,4,4,17127,0.0000
0x004c3b10,0x004c3b10,,stub_code,0,1,1,17127,0.0000
0x004fdf30,0x004fdf30,,stub_code,2,1,3,17127,0.0000
0x005cff70,0x005cff70,,stub_code,0,10,10,17127,0.0000
0x0025ce10,0x0025ce10,,stub_code,0,0,0,1,0.0000
0x004445a0,0x004445a0,,stub_code,0,3,3,17127,0.0000
0x004f5cd0,0x004f5cd0,,,2,0,2,17127,0.0000
0x0055a8a0,0x0055a8a0,,,38,0,38,17127,0.0000
0x00580ba0,0x00580ba0,,,3,0,3,17127,0.0000
0x003710a0,0x003710a0,,,12,0,12,17127,0.0000
0x002eb120,0x002eb120,,stub_code,2,4,6,17127,0.0000
0x00393b20,0x00393b20,,stub_code,1,3,4,17127,0.0000
0x00357c90,0x00357c90,,,1,0,1,17127,0.0000
0x005809c0,0x005809c0,,stub_code,0,1,1,17127,0.0000
0x00583e00,0x00583e00,,stub_code,0,4,4,17127,0.0000
0x0012f180,0x0012f180,,,1,0,1,17127,0.0000
0x001b94d0,0x001b94d0,,stub_code,1,1,2,17127,0.0000
0x0047b448,0x0047b448,,stub_code,1,1,2,17127,0.0000
0x003a50a0,0x003a50a0,,stub_code,0,5,5,17127,0.0000
0x0040f860,0x0040f860,,stub_code,1,5,6,17127,0.0000
0x005ada00,0x005ada00,,stub_code,1,8,9,17127,0.0000
0x005e8bf0,0x005e8bf0,,stub_code,0,4,4,17127,0.0000
0x0010a110,0x0010a110,,stub_code,1,2,3,17127,0.0000
0x0035f6d0,0x0035f6d0,,stub_code,1,1,2,17127,0.0000
0x004a29b0,0x004a29b0,,stub_code,0,5,5,17127,0.0000
0x00225460,0x00225460,,stub_code,0,6,6,17127,0.0000
0x001ad3f0,0x001ad3f0,,stub_code,3,1,4,17127,0.0000
0x002b47c0,0x002b47c0,,,1,0,1,17127,0.0000
0x0043f4f0,0x0043f4f0,,stub_code,3,2,5,17127,7.6667
0x001a62f0,0x001a62f0,,,1,0,1,3,0.0000
0x0057dcb0,0x0057dcb0,,stub_code,0,14,14,17127,0.0000
0x0032fd30,0x0032fd30,,stub_code,0,1,1,17127,0.0000
0x001dfb10,0x001dfb10,,stub_code,0,3,3,17127,0.0000
0x0039d9e0,0x0039d9e0,,stub_code,0,3,3,17127,0.0000
0x0050e810,0x0050e810,,stub_code,3,3,6,17127,44.0000
0x004e52b0,0x004e52b0,,stub_code,0,1,1,17127,0.0000
0x002c4360,0x002c4360,,stub_code,1,5,6,17127,0.0000
0x001364f0,0x001364f0,,,6,0,6,17127,0.0000
0x004403e0,0x004403e0,,stub_code,0,2,2,17127,0.0000
0x0018b5d0,0x0018b5d0,,stub_code,1,1,2,17127,0.0000
0x0027d090,0x0027d090,,stub_code,0,4,4,17127,0.0000
0x00475410,FUN_00475410,,pseudo_stub,0,1,1,17127,0.0000
0x00357530,0x00357530,,stub_code,0,8,8,17127,0.0000
0x0032d460,0x0032d460,,,1,0,1,17127,0.0000
0x00355330,0x00355330,,,1,0,1,17127,0.0000
0x00150ce0,0x00150ce0,,stub_code,1,2,3,17127,0.0000
0x00183fe0,0x00183fe0,,stub_code,2,2,4,17127,0.0000
0x00557840,FUN_00557840,,pseudo_stub,0,1,1,17127,0.0000
0x0055ea40,0x0055ea40,,stub_code,0,1,1,17127,0.0000
0x00127c80,0x00127c80,,,3,0,3,17127,0.0000
0x005373e0,0x005373e0,,stub_code,0,4,4,17127,0.0000
0x00350960,0x00350960,,stub_code,0,3,3,17127,0.0000
0x004841a0,0x004841a0,,stub_code,4,1,5,17127,0.6000
0x0033d3e0,0x0033d3e0,,stub_code,3,1,4,17127,0.5714
0x00185000,0x00185000,,,3,0,3,17127,0.0000
0x0014bdc0,0x0014bdc0,,stub_code,0,2,2,17127,0.0000
0x002550b0,0x002550b0,,stub_code,0,0,0,1,0.0000
0x00357b10,0x00357b10,,,2,0,2,17127,0.0000
0x00399ca0,0x00399ca0,,stub_code,11,1,12,17127,0.0000
0x001c61d0,0x001c61d0,,stub_code,1,1,2,17127,18.0000
0x004d1e30,0x004d1e30,,stub_code,0,4,4,17127,0.0000
0x004e5e60,0x004e5e60,,stub_code,0,3,3,17127,0.0000
0x004a5e90,0x004a5e90,,stub_code,1,1,2,17127,0.0000
0x00493e68,0x00493e68,,,1,0,1,17127,0.0000
0x00204a30,0x00204a30,,stub_code,2,2,4,17127,20.6000
0x002d1d80,0x002d1d80,,,1,0,1,17127,0.0000
0x0046eb08,0x0046eb08,,stub_code,1,3,4,17127,0.0000
0x0025a2a0,0x0025a2a0,,stub_code,0,0,0,1,0.0000
0x00345a10,0x00345a10,,,66,0,66,17127,0.0000
0x0054b420,0x0054b420,,stub_code,1,2,3,17127,0.0000
0x00587760,0x00587760,,stub_code,0,1,1,3,0.0000
0x0046f288,0x0046f288,,stub_code,0,3,3,17127,0.0000
0x0034b2a0,0x0034b2a0,,stub_code,1,4,5,17127,0.0000
0x0012e230,0x0012e230,,stub_code,0,2,2,17127,0.0000
0x001f78b0,0x001f78b0,,stub_code,1,4,5,17127,0.0000
0x002c3560,0x002c3560,,stub_code,0,3,3,17127,0.0000
0x004a2668,0x004a2668,,,1,0,1,17127,0.0000
0x001ff680,0x001ff680,,stub_code,1,2,3,17127,0.0000
0x001a51d0,0x001a51d0,,stub_code,0,1,1,2,0.0000
0x00206e80,0x00206e80,,stub_code,1,23,24,17127,0.0000
0x00204c30,0x00204c30,,stub_code,2,1,3,17127,0.0000
0x001a9b20,0x001a9b20,,stub_code,0,1,1,4,0.0000
0x00469a70,0x00469a70,,,1,0,1,17127,0.0000
0x0038e7c0,0x0038e7c0,,stub_code,0,1,1,17127,0.0000
0x005f7890,0x005f7890,,stub_code,0,1,1,17127,0.0000
0x003fc578,0x003fc578,,stub_code,1,4,5,17127,212.0000
0x0055b640,0x0055b640,,stub_code,0,0,0,1,0.0000
0x00379b60,0x00379b60,,,3,0,3,17127,0.0000
0x004fd2f0,0x004fd2f0,,stub_code,0,9,9,17127,0.0000
0x0054ad10,0x0054ad10,,,2,0,2,17127,0.0000
0x00464730,0x00464730,,,1,0,1,17127,0.0000
0x005f3dc0,0x005f3dc0,,stub_code,0,3,3,17127,0.0000
0x0016f230,0x0016f230,,,1,0,1,17127,0.0000
0x004b4eb0,0x004b4eb0,,stub_code,1,1,2,17127,1.5000
0x00124e00,0x00124e00,,,1,0,1,17127,0.0000
0x00136bb0,0x00136bb0,,stub_code,1,2,3,17127,0.0000
0x0056f790,0x0056f790,,,1,0,1,17127,0.0000
0x00583960,0x00583960,,stub_code,0,3,3,17127,0.0000
0x00248970,0x00248970,,stub_code,0,0,0,1,0.0000
0x0051c840,0x0051c840,,stub_code,22,4,26,17127,27.0000
0x001704f0,0x001704f0,,stub_code,1,3,4,17127,0.0000
0x00371460,0x00371460,,stub_code,1,8,9,17127,0.0000
0x0053b520,0x0053b520,,stub_code,0,3,3,17127,0.0000
0x00362f60,0x00362f60,,stub_code,1,5,6,17127,0.0000
0x001c7360,0x001c7360,,stub_code,1,3,4,17127,678.0000
0x002913a0,0x002913a0,,,1,0,1,17127,0.0000
0x00114c80,0x00114c80,,,1,0,1,17127,0.0000
0x0016a110,FUN_0016a110,,real_logic,1,0,1,17127,0.0000
0x002fa100,0x002fa100,,stub_code,1,2,3,17127,0.0000
0x00408430,0x00408430,,stub_code,27,1,28,17127,20.0000
0x005f20d0,0x005f20d0,,stub_code,1,2,3,17127,0.0000
0x003fb800,0x003fb800,,stub_code,25,1,26,17127,2.8861
0x00144260,0x00144260,,stub_code,1,6,7,17127,0.0000
0x003d2530,0x003d2530,,stub_code,1,11,12,17127,6.0000
0x004ef520,0x004ef520,,stub_code,1,0,1,17127,0.0000
0x005b54a0,0x005b54a0,,,4,0,4,17127,0.0000
0x00260e80,0x00260e80,,stub_code,0,0,0,1,0.0000
0x002e36d0,0x002e36d0,,stub_code,4,2,6,17127,0.0000
0x004cdf90,0x004cdf90,,stub_code,0,2,2,17127,0.0000
0x00475e58,0x00475e58,,stub_code,0,0,0,1,0.0000
0x002bc170,0x002bc170,,,1,0,1,17127,0.0000
0x005baad0,0x005baad0,,stub_code,0,1,1,17127,0.0000
0x0022c790,0x0022c790,,stub_code,2,19,21,17127,0.0000
0x00286c30,0x00286c30,,stub_code,0,1,1,17127,0.0000
0x0037f2f0,0x0037f2f0,,stub_code,2,2,4,17127,0.0000
0x005827d0,0x005827d0,,,2,0,2,17127,0.0000
0x0049fb10,0x0049fb10,,stub_thunk,0,0,0,1,0.0000
0x004ae738,0x004ae738,,stub_code,0,1,1,17127,0.0000
0x004da970,0x004da970,,stub_code,2,2,4,17127,0.0000
0x00472ac0,0x00472ac0,,stub_code,1,1,2,17127,0.0000
0x003c6d90,0x003c6d90,,stub_code,2,2,4,17127,0.0000
0x002c1a50,0x002c1a50,,stub_code,2,3,5,17127,0.0000
0x0045d090,0x0045d090,,stub_code,1,2,3,17127,0.0000
0x002eddf0,0x002eddf0,,stub_code,0,6,6,17127,0.0000
0x00238390,0x00238390,,stub_code,3,2,5,17127,0.0000
0x00343940,0x00343940,,stub_code,1,7,8,17127,198.6667
0x0034d620,0x0034d620,,stub_code,0,8,8,17127,0.0000
0x00134430,0x00134430,,stub_code,3,16,19,17127,0.0000
0x005e1e40,0x005e1e40,,stub_code,0,0,0,1,0.0000
0x0039d2a0,0x0039d2a0,,stub_code,0,5,5,17127,0.0000
0x005429d0,0x005429d0,,stub_code,0,1,1,17127,0.0000
0x005a6f40,0x005a6f40,,,1,0,1,2,0.0000
0x003d7240,0x003d7240,,stub_code,1,5,6,17127,18.0000
0x00484b18,0x00484b18,,stub_code,0,1,1,17127,0.0000
0x0011f230,0x0011f230,,,11,0,11,17127,0.0000
0x0018dcb0,0x0018dcb0,,stub_code,1,1,2,17127,0.0000
0x0020b9f0,0x0020b9f0,,stub_code,0,5,5,17127,0.0000
0x00482b80,FUN_00482b80,,pseudo_stub,0,0,0,1,0.0000
0x0028ef20,0x0028ef20,,stub_code,0,5,5,17127,0.0000
0x004402e8,0x004402e8,,stub_code,2,3,5,17127,0.0000
0x003513c0,0x003513c0,,stub_code,1,0,1,17127,0.0000
0x004f11e0,0x004f11e0,,stub_code,0,0,0,1,0.0000
0x00238100,0x00238100,,,1,0,1,17127,0.0000
0x00247e70,0x00247e70,,stub_code,1,1,2,17127,0.0000
0x0017d970,0x0017d970,,stub_code,0,1,1,17127,0.0000
0x00444b18,0x00444b18,,stub_code,0,2,2,17127,0.0000
0x004c0a60,0x004c0a60,,stub_code,1,2,3,17127,0.0000
0x002758b0,0x002758b0,,stub_code,2,2,4,17127,0.0000
0x00183ee0,0x00183ee0,,stub_code,2,0,2,17127,0.0000
0x005ae9a0,0x005ae9a0,,stub_code,0,4,4,17127,0.0000
0x0055b860,0x0055b860,,stub_code,0,0,0,1,0.0000
0x0010a150,0x0010a150,,stub_code,1,65,66,17127,0.0000
0x005fd8a0,0x005fd8a0,,stub_code,1,5,6,17127,0.0000
0x0049c728,0x0049c728,,stub_code,0,3,3,17127,0.0000
0x001efb40,0x001efb40,,stub_code,0,0,0,1,0.0000
0x00446768,0x00446768,,,1,0,1,17127,0.0000
0x00343e10,0x00343e10,,,1,0,1,17127,0.0000
0x002f5440,0x002f5440,,stub_code,0,3,3,17127,0.0000
0x00173680,0x00173680,,stub_code,0,5,5,17127,0.0000
0x001207c0,FUN_001207c0,,real_logic,62,0,62,17127,0.0000
0x0049ed98,0x0049ed98,,stub_code,0,1,1,17127,0.0000
0x0017e2e0,0x0017e2e0,,stub_code,0,4,4,17127,0.0000
0x00111da0,0x00111da0,,stub_code,0,1,1,17127,0.0000
0x0043cb30,0x0043cb30,,,22,0,22,17127,0.0000
0x00549e60,0x00549e60,,stub_code,0,7,7,17127,0.0000
0x004dc990,0x004dc990,,stub_code,0,2,2,17127,0.0000
0x0022c9a0,0x0022c9a0,,stub_code,2,3,5,17127,0.0000
0x0033ff10,0x0033ff10,,stub_code,22,1,23,17127,0.0000
0x003abcd0,0x003abcd0,,stub_code,2,2,4,17127,0.0000
0x00496568,0x00496568,,stub_code,1,3,4,17127,0.0000
0x005ef920,0x005ef920,,,2,0,2,17127,0.0000
0x004709e0,0x004709e0,,stub_thunk,0,0,0,1,0.0000
0x005f5af0,0x005f5af0,,,3,0,3,17127,0.0000
0x0058e6e0,0x0058e6e0,,,1,0,1,17127,0.0000
0x004e1320,0x004e1320,,stub_code,1,2,3,17127,0.0000
0x002dfc50,0x002dfc50,,stub_code,1,15,16,17127,0.0000
0x005a55f0,0x005a55f0,,,2,0,2,17127,0.0000
0x0012d5c0,0x0012d5c0,,,1,0,1,17127,0.0000
0x005e9100,0x005e9100,,,1,0,1,2,0.0000
0x002d2840,0x002d2840,,stub_code,1,1,2,17127,1477.7333
0x00493fa0,0x00493fa0,,stub_code,1,1,2,17127,0.0000
0x00113b30,0x00113b30,,,10,0,10,17127,0.0000
0x0012ff80,0x0012ff80,,stub_code,0,4,4,17127,0.0000
0x004f7c00,0x004f7c00,,stub_code,1,0,1,17127,0.0000
0x002bf300,0x002bf300,,stub_code,2,13,15,17127,0.0000
0x0034f900,0x0034f900,,stub_code,0,1,1,17127,0.0000
0x00197b90,0x00197b90,,,2,0,2,17127,0.0000
0x004e4d10,0x004e4d10,,stub_code,3,2,5,17127,0.0000
0x001ab880,FUN_001ab880,,pseudo_stub,0,1,1,17127,0.0000
0x00520a10,0x00520a10,,stub_code,1,2,3,17127,0.0000
0x0053aae0,0x0053aae0,,stub_code,0,2,2,17127,0.0000
0x00140910,0x00140910,,stub_code,1,23,24,17127,0.0000
0x005e5e20,0x005e5e20,,,2,0,2,17127,0.0000
0x002b59a0,0x002b59a0,,stub_code,0,0,0,1,0.0000
0x0043c8e0,0x0043c8e0,,,10,0,10,17127,0.0000
0x001e60a0,0x001e60a0,,,5,0,5,17127,0.0000
0x0045b010,0x0045b010,,stub_code,1,4,5,17127,3.6122
0x00472de0,0x00472de0,,stub_code,1,5,6,17127,0.0000
0x005f0ee0,0x005f0ee0,,stub_code,0,1,1,17127,0.0000
0x00338eb0,0x00338eb0,,,4,0,4,17127,0.0000
0x00491d20,0x00491d20,,stub_code,0,1,1,17127,0.0000
0x00511200,0x00511200,,,1,0,1,2,0.0000
0x005c81f0,0x005c81f0,,stub_code,0,5,5,17127,0.0000
0x00301780,0x00301780,,stub_code,0,3,3,17127,0.0000
0x003f98c0,0x003f98c0,,,6,0,6,17127,0.0000
0x004f5be0,0x004f5be0,,stub_code,0,2,2,17127,0.0000
0x0043c900,0x0043c900,,,10,0,10,17127,0.0000
0x0047bc08,0x0047bc08,,stub_code,1,3,4,17127,0.0000
0x003847a0,0x003847a0,,stub_code,1,7,8,17127,0.0000
0x00464ee0,0x00464ee0,,stub_code,0,2,2,17127,0.0000
0x00543680,0x00543680,,,3,0,3,17127,0.0000
0x005b2e50,0x005b2e50,,stub_code,1,13,14,17127,0.0000
0x00276ee0,0x00276ee0,,stub_code,0,0,0,1,0.0000
0x0029cea0,0x0029cea0,,,1,0,1,17127,0.0000
0x00477060,0x00477060,,stub_code,1,9,10,17127,0.0000
0x002fb170,0x002fb170,,stub_code,2,23,25,17127,0.0000
0x00180470,0x00180470,,stub_code,1,2,3,17127,0.0000
0x002be870,0x002be870,,stub_code,0,6,6,17127,0.0000
0x00317c90,0x00317c90,,stub_code,0,8,8,17127,0.0000
0x002eb2b0,0x002eb2b0,,,2,0,2,17127,0.0000
0x00271d20,0x00271d20,,stub_code,0,8,8,17127,0.0000
0x005c02c0,0x005c02c0,,stub_code,0,3,3,17127,0.0000
0x005e7ab0,0x005e7ab0,,stub_code,1,1,2,17127,0.0000
0x005830c0,0x005830c0,,stub_code,1,2,3,17127,0.0000
0x00400380,0x00400380,,stub_code,0,1,1,17127,0.0000
0x00198d50,0x00198d50,,stub_code,0,1,1,17127,0.0000
0x001a8ff0,0x001a8ff0,,,1,0,1,2,0.0000
0x00236ec0,0x00236ec0,,stub_code,0,2,2,17127,0.0000
0x005112f0,0x005112f0,,stub_code,15,7,22,17127,132.0000
0x001a5060,0x001a5060,,stub_code,0,1,1,17127,0.0000
0x00537550,0x00537550,,stub_code,0,3,3,17127,0.0000
0x005aa1e0,0x005aa1e0,,,1,0,1,2,0.0000
0x00256a30,0x00256a30,,stub_code,1,0,1,17127,0.0000
0x00573a40,0x00573a40,,stub_code,0,7,7,17127,0.0000
0x00590b80,0x00590b80,,stub_code,0,1,1,2,0.0000
0x004bef30,0x004bef30,,stub_code,0,1,1,17127,0.0000
0x005496a0,0x005496a0,,stub_code,0,1,1,2,0.0000
0x004b31b0,0x004b31b0,,,1,0,1,17127,0.0000
0x00304690,0x00304690,,stub_code,0,5,5,17127,0.0000
0x00179870,0x00179870,,stub_code,0,1,1,17127,0.0000
0x001408b0,0x001408b0,,stub_code,0,4,4,17127,0.0000
0x002f2aa0,0x002f2aa0,,,3,0,3,17127,0.0000
0x00260fb0,0x00260fb0,,stub_code,0,0,0,1,0.0000
0x00152180,0x00152180,,stub_code,1,3,4,17127,0.0000
0x00144880,0x00144880,,stub_code,0,3,3,17127,0.0000
0x004da930,0x004da930,,stub_code,3,1,4,17127,0.0000
0x0037fa70,0x0037fa70,,,1,0,1,17127,0.0000
0x0043ce80,0x0043ce80,,,4,0,4,17127,0.0000
0x004f2e40,0x004f2e40,,stub_code,2,8,10,17127,0.0000
0x0039cff0,0x0039cff0,,,1,0,1,17127,0.0000
0x004a8e98,0x004a8e98,,stub_thunk,3,0,3,17127,0.0000
0x00247c50,0x00247c50,,stub_code,1,1,2,17127,0.0000
0x00115dc0,0x00115dc0,,stub_code,3,1,4,17127,0.0000
0x00202c80,0x00202c80,,stub_code,2,5,7,17127,15.0000
0x00203660,0x00203660,,stub_code,0,2,2,17127,0.0000
0x005f4530,0x005f4530,,stub_code,0,1,1,17127,0.0000
0x00113660,0x00113660,,stub_code,0,1,1,17127,0.0000
0x0045cfb0,0x0045cfb0,,stub_code,2,2,4,17127,0.0000
0x003f2f60,0x003f2f60,,,5,0,5,17127,0.0000
0x004e4ed0,0x004e4ed0,,stub_code,0,1,1,17127,0.0000
0x004c08b0,0x004c08b0,,,2,0,2,17127,0.0000
0x005500b0,0x005500b0,,stub_code,0,1,1,17127,0.0000
0x0049ede0,0x0049ede0,,stub_code,0,1,1,17127,0.0000
0x001ce090,0x001ce090,,stub_code,0,4,4,17127,0.0000
0x0058b8d0,0x0058b8d0,,stub_code,2,2,4,17127,5.0000
0x005cfb00,0x005cfb00,,stub_code,0,1,1,17127,0.0000
0x005806b0,0x005806b0,,stub_code,0,5,5,17127,0.0000
0x00273810,0x00273810,,stub_code,0,5,5,17127,0.0000
0x00425c30,0x00425c30,,stub_code,2,2,4,17127,0.0000
0x00341bd0,0x00341bd0,,stub_code,0,5,5,17127,0.0000
0x00334790,0x00334790,,stub_code,0,1,1,17127,0.0000
0x001f04b0,0x001f04b0,,stub_code,0,2,2,17127,0.0000
0x001a87e0,0x001a87e0,,stub_code,0,1,1,17127,0.0000
0x003dc840,0x003dc840,,stub_code,1,10,11,17127,0.0000
0x00278a30,0x00278a30,,,1,0,1,17127,0.0000
0x0054ef90,0x0054ef90,,stub_code,0,3,3,17127,0.0000
0x004b0498,0x004b0498,,stub_code,0,2,2,17127,0.0000
0x0018fcd0,0x0018fcd0,,stub_code,3,1,4,17127,2.0000
0x00482968,0x00482968,,stub_code,2,0,2,17127,0.0000
0x004b8520,0x004b8520,,stub_code,1,1,2,17127,0.0000
0x0025ac50,0x0025ac50,,stub_code,0,0,0,1,0.0000
0x00549b10,0x00549b10,,stub_code,0,1,1,17127,0.0000
0x0053a250,0x0053a250,,stub_code,2,2,4,17127,0.0000
0x0010ed00,0x0010ed00,,,42,0,42,17127,0.0000
0x002bcec0,0x002bcec0,,stub_code,1,1,2,17127,0.0000
0x0046e890,0x0046e890,,stub_thunk,2,0,2,17127,0.0000
0x002d67c0,0x002d67c0,,stub_code,1,1,2,17127,0.0000
0x0034d950,0x0034d950,,stub_code,3,1,4,17127,0.0000
0x004f13c0,0x004f13c0,,stub_code,0,0,0,1,0.0000
0x005dca70,0x005dca70,,stub_code,0,3,3,17127,0.0000
0x002f7fe0,0x002f7fe0,,stub_code,1,10,11,17127,0.0000
0x00354e00,0x00354e00,,stub_code,0,31,31,17127,0.0000
0x00309110,0x00309110,,stub_code,0,1,1,17127,0.0000
0x00186870,0x00186870,,,1,0,1,17127,0.0000
0x0059c750,0x0059c750,,stub_code,0,1,1,2,0.0000
0x00282a20,0x00282a20,,stub_code,0,4,4,17127,0.0000
0x002ad7e0,0x002ad7e0,,stub_code,0,3,3,17127,0.0000
0x004b0fc8,0x004b0fc8,,stub_code,3,1,4,17127,2.0000
0x00134110,0x00134110,,stub_code,1,0,1,17127,0.0000
0x00389950,0x00389950,,stub_code,2,5,7,17127,0.0000
0x001ad860,0x001ad860,,stub_code,1,1,2,17127,0.0000
0x0049e3c0,0x0049e3c0,,stub_code,0,1,1,17127,0.0000
0x005aa2d0,0x005aa2d0,,stub_code,0,1,1,2,0.0000
0x003de3d0,0x003de3d0,,stub_code,2,4,6,17127,4.1667
0x005163d0,0x005163d0,,stub_code,1,1,2,17127,0.0000
0x0055a460,0x0055a460,,stub_code,1,0,1,2,0.0000
0x0032c9e0,0x0032c9e0,,stub_code,0,1,1,17127,0.0000
0x004b2128,0x004b2128,,stub_code,1,1,2,17127,0.0000
0x005e96a0,0x005e96a0,,,2,0,2,17127,0.0000
0x0026e420,FUN_0026e420,engine/objects,real_c,3,0,3,17127,0.0000
0x0013a370,0x0013a370,,stub_code,0,1,1,17127,0.0000
0x00117090,0x00117090,,,4,0,4,17127,0.0000
0x00590770,0x00590770,,stub_code,0,5,5,17127,0.0000
0x005455a0,0x005455a0,,stub_code,0,5,5,17127,0.0000
0x001a9530,0x001a9530,,stub_code,1,2,3,17127,0.0000
0x0033ee30,0x0033ee30,,stub_code,1,2,3,17127,0.0000
0x0032c3b0,0x0032c3b0,,stub_code,0,22,22,17127,0.0000
0x00508350,0x00508350,,stub_code,1,1,2,17127,0.0000
0x0052d5b0,0x0052d5b0,,stub_code,1,0,1,17127,0.0000
0x004ad1d0,0x004ad1d0,,,2,0,2,17127,0.0000
0x005fac10,0x005fac10,,,2,0,2,17127,0.0000
0x001262b0,0x001262b0,,stub_code,0,22,22,17127,0.0000
0x0049a2c0,0x0049a2c0,,stub_code,0,0,0,1,0.0000
0x0034ef40,0x0034ef40,,stub_code,0,1,1,17127,0.0000
0x0043abd0,0x0043abd0,,stub_code,2,1,3,17127,0.0000
0x005ab7c0,0x005ab7c0,,stub_code,1,0,1,17127,0.0000
0x0049adf8,0x0049adf8,,stub_code,0,3,3,17127,0.0000
0x0049d730,0x0049d730,,stub_code,0,3,3,17127,0.0000
0x00497578,0x00497578,,,2,0,2,17127,0.0000
0x00211bb0,0x00211bb0,,stub_code,0,2,2,17127,0.0000
0x0029a530,0x0029a530,,stub_code,0,1,1,17127,0.0000
0x0058a610,0x0058a610,,stub_code,2,1,3,17127,0.0000
0x005fe0e0,0x005fe0e0,,stub_code,0,2,2,17127,0.0000
0x0035a5d0,0x0035a5d0,,stub_code,1,1,2,17127,0.0000
0x003c1050,0x003c1050,,stub_code,1,8,9,17127,1669.0000
0x004e7700,0x004e7700,,stub_code,0,4,4,17127,0.0000
0x00513990,0x00513990,,stub_code,0,1,1,17127,0.0000
0x006ca170,0x006ca170,,stub_code,0,0,0,1,0.0000
0x004b87e0,0x004b87e0,,,2,0,2,17127,0.0000
0x00116860,0x00116860,,,1,0,1,17127,0.0000
0x00169f60,0x00169f60,,stub_code,3,4,7,17127,0.0000
0x004596e0,0x004596e0,,stub_code,2,5,7,17127,0.0000
0x00496f08,0x00496f08,,,1,0,1,17127,0.0000
0x0024e180,0x0024e180,,stub_code,0,0,0,1,0.0000
0x002cec90,0x002cec90,,,1,0,1,17127,0.0000
0x001ae330,0x001ae330,,,1,0,1,17127,0.0000
0x00185090,0x00185090,,,3,0,3,17127,0.0000
0x003d4800,0x003d4800,,stub_code,1,6,7,17127,1.0000
0x003ec660,FUN_003ec660,core/containers,real_c,4,0,4,17127,0.0000
0x004e6040,0x004e6040,,stub_code,1,2,3,17127,0.0000
0x004841f0,0x004841f0,,stub_code,0,2,2,17127,0.0000
0x001bca80,0x001bca80,,stub_code,0,0,0,1,0.0000
0x00110da0,0x00110da0,,stub_code,1,1,2,17127,0.0000
0x004f4860,0x004f4860,,stub_code,0,1,1,17127,0.0000
0x0016cdd0,0x0016cdd0,,stub_code,0,1,1,17127,0.0000
0x0034eec0,0x0034eec0,,stub_code,0,1,1,17127,0.0000
0x004e9e30,0x004e9e30,,,4,0,4,17127,0.0000
0x001aa4c0,0x001aa4c0,,stub_code,0,2,2,17127,0.0000
0x00161dc0,0x00161dc0,,,23,0,23,17127,0.0000
0x0020ac80,0x0020ac80,,,1,0,1,17127,0.0000
0x005867b0,0x005867b0,,stub_code,0,1,1,17127,0.0000
0x0027d040,0x0027d040,,stub_code,0,1,1,17127,0.0000
0x004da210,0x004da210,,stub_code,39,1,40,17127,4.0000
0x00144e90,0x00144e90,,stub_code,0,9,9,17127,0.0000
0x001aaad0,0x001aaad0,,stub_code,1,2,3,17127,0.0000
0x004aab68,0x004aab68,,stub_code,1,3,4,17127,0.0000
0x0013b9e0,0x0013b9e0,,stub_code,0,2,2,17127,0.0000
0x004df4a0,0x004df4a0,,stub_code,0,4,4,17127,0.0000
0x003a3270,0x003a3270,,stub_code,0,3,3,17127,0.0000
0x0023c9f0,0x0023c9f0,,,7,0,7,17127,0.0000
0x001ff4d0,0x001ff4d0,,stub_code,0,3,3,17127,0.0000
0x0024f540,0x0024f540,,stub_code,0,2,2,17127,0.0000
0x00343cc0,0x00343cc0,,stub_code,1,3,4,17127,295.2000
0x001c9990,0x001c9990,,stub_code,1,1,2,17127,0.0000
0x0040e420,0x0040e420,,,1,0,1,17127,0.0000
0x001850b0,0x001850b0,,,1,0,1,2,0.0000
0x00582750,0x00582750,,stub_code,0,3,3,17127,0.0000
0x002c2bc0,0x002c2bc0,,stub_code,1,1,2,17127,0.0000
0x0045d6b0,0x0045d6b0,,stub_code,1,1,2,17127,0.0000
0x005f4830,0x005f4830,,stub_code,0,1,1,17127,0.0000
0x002bb790,0x002bb790,,stub_code,2,28,30,17127,27.8333
0x002af750,0x002af750,,stub_code,1,2,3,17127,0.0000
0x005969e0,0x005969e0,,,1,0,1,2,0.0000
0x001339c0,0x001339c0,,stub_code,0,1,1,17127,0.0000
0x003588c0,0x003588c0,,stub_code,5,1,6,17127,0.0000
0x004797b8,0x004797b8,,stub_code,0,3,3,17127,0.0000
0x00540990,0x00540990,,stub_code,1,1,2,17127,0.0000
0x00137860,0x00137860,,stub_code,0,9,9,17127,0.0000
0x001fbb20,0x001fbb20,,stub_code,0,4,4,17127,0.0000
0x001c8ad0,0x001c8ad0,,stub_code,0,1,1,17127,0.0000
0x00497058,0x00497058,,,1,0,1,17127,0.0000
0x00206b90,0x00206b90,,stub_code,3,10,13,17127,0.0000
0x004a5198,0x004a5198,,stub_code,2,0,2,17127,0.0000
0x004b9638,0x004b9638,,stub_code,0,2,2,17127,0.0000
0x0033c120,0x0033c120,,stub_code,90,1,91,17127,12.5000
0x0033ce50,0x0033ce50,,stub_code,1,3,4,17127,0.0000
0x00367020,0x00367020,,,2,0,2,17127,0.0000
0x004f6f90,0x004f6f90,,stub_code,1,8,9,17127,0.0000
0x003679d0,0x003679d0,,,1,0,1,8,0.0000
0x002ae800,0x002ae800,,,1,0,1,17127,0.0000
0x005fabd0,0x005fabd0,,,6,0,6,17127,0.0000
0x0012ed70,0x0012ed70,,,4,0,4,17127,0.0000
0x002dcee0,0x002dcee0,,stub_code,1,2,3,17127,0.0000
0x00468510,0x00468510,,stub_code,0,1,1,2,0.0000
0x00125bd0,0x00125bd0,,stub_code,0,0,0,1,0.0000
0x00429068,0x00429068,,,190,0,190,17127,0.0000
0x004b7598,0x004b7598,,,1,0,1,17127,0.0000
0x005a1890,0x005a1890,,stub_code,4,2,6,17127,0.0000
0x006c9b10,0x006c9b10,,stub_code,0,3,3,17127,0.0000
0x0018b4f0,0x0018b4f0,,,1,0,1,17127,0.0000
0x005e7950,0x005e7950,,stub_code,0,3,3,17127,0.0000
0x004e8870,0x004e8870,,stub_code,1,4,5,17127,0.0000
0x002fb800,0x002fb800,,,16,0,16,17127,0.0000
0x002cea80,0x002cea80,,,10,0,10,17127,0.0000
0x00368ca0,0x00368ca0,,stub_code,0,1,1,17127,0.0000
0x004709b0,0x004709b0,,stub_thunk,3,0,3,17127,0.0000
0x002a7c20,0x002a7c20,,stub_code,3,5,8,17127,2.0000
0x00182590,0x00182590,,stub_code,1,4,5,17127,0.0000
0x002cf2e0,0x002cf2e0,,stub_code,0,3,3,17127,0.0000
0x005167d0,0x005167d0,,stub_code,2,9,11,17127,0.0000
0x001b8270,0x001b8270,,stub_code,1,5,6,17127,5.0000
0x004b3f00,0x004b3f00,,,1,0,1,17127,0.0000
0x005a31b0,0x005a31b0,,stub_code,0,3,3,17127,0.0000
0x00294390,0x00294390,,stub_code,0,0,0,1,0.0000
0x0034d400,0x0034d400,,,1,0,1,17127,0.0000
0x002f0070,0x002f0070,,stub_code,1,2,3,17127,0.0000
0x002581a0,0x002581a0,,stub_code,0,2,2,17127,0.0000
0x00499ba0,0x00499ba0,,stub_code,1,1,2,17127,0.0000
0x005396d0,0x005396d0,,stub_code,0,7,7,17127,0.0000
0x004c60c0,0x004c60c0,,stub_code,0,1,1,17127,0.0000
0x0045e628,0x0045e628,,stub_code,2,4,6,17127,0.0000
0x002b1980,0x002b1980,,,1,0,1,17127,0.0000
0x001a3c30,0x001a3c30,,stub_code,1,1,2,17127,0.0000
0x004b3150,0x004b3150,,,1,0,1,17127,0.0000
0x0040b380,0x0040b380,,,1,0,1,17127,0.0000
0x002debc0,0x002debc0,,,2,0,2,17127,0.0000
0x00252880,0x00252880,,stub_code,0,0,0,1,0.0000
0x0043d5c0,0x0043d5c0,,stub_code,4,3,7,17127,3.8000
0x0054a4b0,0x0054a4b0,,stub_code,0,3,3,17127,0.0000
0x004bf5d0,0x004bf5d0,,stub_code,0,1,1,2,0.0000
0x0044fcb0,FUN_0044fcb0,,real_logic,1,0,1,17127,0.0000
0x00538be0,0x00538be0,,,1,0,1,17127,0.0000
0x001ba920,0x001ba920,,stub_code,0,2,2,17127,0.0000
0x001ce1f0,0x001ce1f0,,stub_code,0,1,1,17127,0.0000
0x0047b8c8,0x0047b8c8,,stub_code,1,1,2,17127,0.0000
0x00273360,0x00273360,,stub_code,0,4,4,17127,0.0000
0x004ab760,0x004ab760,,stub_code,0,2,2,17127,0.0000
0x004ad440,0x004ad440,,stub_code,1,2,3,17127,0.0000
0x00370830,0x00370830,,stub_code,3,13,16,17127,0.0000
0x0030f3f0,0x0030f3f0,,,1,0,1,17127,0.0000
0x003ad940,0x003ad940,,,1,0,1,17127,0.0000
0x00260c20,0x00260c20,,stub_code,0,2,2,17127,0.0000
0x00204ca0,0x00204ca0,,stub_code,1,1,2,17127,0.0000
0x003f6840,FUN_003f6840,math/quat,real_c,18,0,18,17127,0.0000
0x0053deb0,0x0053deb0,,stub_code,0,3,3,17127,0.0000
0x0043c970,0x0043c970,,,25,0,25,17127,0.0000
0x003a8070,0x003a8070,,,1,0,1,17127,0.0000
0x0010cf80,0x0010cf80,,stub_code,1,2,3,17127,0.0000
0x005ec330,0x005ec330,,stub_code,1,1,2,17127,0.0000
0x001e6e10,0x001e6e10,,stub_code,3,2,5,17127,0.0000
0x004fcfa0,0x004fcfa0,,,1,0,1,17127,0.0000
0x00335330,0x00335330,,stub_code,0,1,1,17127,0.0000
0x0056c5e0,0x0056c5e0,,stub_code,0,2,2,17127,0.0000
0x004815d8,0x004815d8,,stub_code,0,0,0,1,0.0000
0x00219b50,0x00219b50,,stub_code,0,3,3,17127,0.0000
0x004c3a20,0x004c3a20,,,2,0,2,17127,0.0000
0x002a8450,0x002a8450,,,1,0,1,17127,0.0000
0x003c7400,0x003c7400,,stub_code,1,2,3,17127,0.0000
0x0024c660,0x0024c660,,stub_code,0,1,1,17127,0.0000
0x00356610,0x00356610,,,1,0,1,17127,0.0000
0x0033bd60,0x0033bd60,,stub_code,0,5,5,17127,0.0000
0x003b8710,0x003b8710,,stub_code,2,9,11,17127,0.0000
0x002fafe0,0x002fafe0,,stub_code,0,1,1,17127,0.0000
0x004b10d0,0x004b10d0,,,1,0,1,17127,0.0000
0x0043a6f8,0x0043a6f8,,stub_code,11,1,12,17127,4.0000
0x00431390,FUN_00431390,,real_logic,2,4,6,17127,0.0000
0x0012afc0,0x0012afc0,,,1,0,1,17127,0.0000
0x001d45e0,0x001d45e0,,stub_code,1,20,21,17127,0.0000
0x001f7f00,0x001f7f00,,stub_code,1,0,1,2,0.0000
0x004fe8e0,0x004fe8e0,,stub_code,1,4,5,17127,0.0000
0x0027fac0,0x0027fac0,,stub_code,0,1,1,17127,0.0000
0x00334d60,0x00334d60,,stub_code,0,1,1,17127,0.0000
0x002db710,0x002db710,,stub_code,1,1,2,17127,0.0000
0x003a9010,0x003a9010,,,2,0,2,17127,0.0000
0x0014ac80,0x0014ac80,,stub_code,1,3,4,17127,0.0000
0x004a2d58,0x004a2d58,,,1,0,1,17127,0.0000
0x0050ff70,0x0050ff70,,stub_code,3,3,6,17127,0.0000
0x0052ced0,0x0052ced0,,stub_code,0,0,0,1,0.0000
0x004b0140,0x004b0140,,stub_code,1,1,2,17127,0.0000
0x004fc1f0,FUN_004fc1f0,,pseudo_stub,1,1,2,17127,0.0000
0x00314110,0x00314110,,,11,0,11,17127,0.0000
0x00121b60,0x00121b60,,stub_code,1,9,10,17127,0.0000
0x003a7840,0x003a7840,,,1,0,1,17127,0.0000
0x004b21a0,0x004b21a0,,stub_code,1,1,2,17127,0.0000
0x002621d0,0x002621d0,,stub_code,1,6,7,17127,0.0000
0x002ff4d0,0x002ff4d0,,stub_code,2,3,5,17127,0.0000
0x00173db0,0x00173db0,,stub_code,0,5,5,17127,0.0000
0x004c6b40,0x004c6b40,,stub_code,16,2,18,17127,2.2361
0x0018ed40,0x0018ed40,,,2,0,2,17127,0.0000
0x0058f600,0x0058f600,,,1,0,1,17127,0.0000
0x001206d0,0x001206d0,,,20,0,20,17127,0.0000
0x0054aab0,0x0054aab0,,stub_code,0,1,1,17127,0.0000
0x0043f898,0x0043f898,,,1,0,1,17127,0.0000
0x00262cc0,0x00262cc0,,,1,0,1,17127,0.0000
0x003f2480,0x003f2480,,stub_code,2,4,6,17127,4.0000
0x0026e930,0x0026e930,,stub_code,2,1,3,17127,0.0000
0x004fae20,0x004fae20,,stub_code,0,20,20,17127,0.0000
0x001606d0,0x001606d0,,,1,0,1,17127,0.0000
0x005fa7d0,0x005fa7d0,,stub_code,1,0,1,17127,0.0000
0x0030ccf0,0x0030ccf0,,stub_code,1,14,15,17127,0.0000
0x005c83b0,0x005c83b0,,,1,0,1,17127,0.0000
0x004d8a50,0x004d8a50,,,3,0,3,17127,0.0000
0x00470878,0x00470878,,stub_thunk,1,0,1,17127,0.0000
0x00318380,0x00318380,,stub_code,0,5,5,17127,0.0000
0x00568640,0x00568640,,stub_code,0,0,0,1,0.0000
0x001be700,0x001be700,,stub_code,0,3,3,17127,0.0000
0x0047c738,FUN_0047c738,,pseudo_stub,0,1,1,17127,0.0000
0x00459f20,0x00459f20,,,1,0,1,17127,0.0000
0x002caf40,0x002caf40,,stub_code,1,26,27,17127,0.0000
0x004b25b8,0x004b25b8,,stub_code,1,1,2,17127,0.0000
0x0049ea80,0x0049ea80,,stub_code,0,7,7,17127,0.0000
0x002cac70,0x002cac70,,stub_code,1,4,5,17127,0.0000
0x001e6a70,0x001e6a70,,stub_code,1,9,10,17127,0.0000
0x0046b918,0x0046b918,,stub_code,2,1,3,17127,0.0000
0x00318b60,0x00318b60,,,1,0,1,2,0.0000
0x00431920,FUN_00431920,,real_logic,1,2,3,17127,0.0000
0x005ad6c0,0x005ad6c0,,stub_code,8,7,15,17127,0.0000
0x00391280,0x00391280,,stub_code,1,3,4,17127,0.0000
0x00508f90,0x00508f90,,stub_code,0,3,3,17127,0.0000
0x00581e20,0x00581e20,,,2,0,2,17127,0.0000
0x00369390,0x00369390,,stub_code,1,3,4,17127,0.0000
0x00442ce8,0x00442ce8,,stub_code,0,1,1,17127,0.0000
0x00342630,0x00342630,,,2,0,2,17127,0.0000
0x00598640,0x00598640,,stub_code,0,3,3,17127,0.0000
0x005e5a70,0x005e5a70,,stub_code,0,1,1,17127,0.0000
0x00545550,0x00545550,,stub_code,0,1,1,17127,0.0000
0x00280b60,0x00280b60,,stub_code,0,4,4,17127,0.0000
0x0058dac0,0x0058dac0,,,2,0,2,17127,0.0000
0x004a4920,0x004a4920,,,1,0,1,17127,0.0000
0x004a7790,0x004a7790,,stub_code,0,2,2,17127,0.0000
0x002638a0,0x002638a0,,stub_code,3,2,5,17127,0.0000
0x0047e550,0x0047e550,,,1,0,1,6,0.0000
0x00565dc0,0x00565dc0,,stub_code,2,5,7,17127,0.0000
0x00340e30,0x00340e30,,,2,0,2,17127,0.0000
0x00248fc0,0x00248fc0,,stub_code,0,1,1,17127,0.0000
0x005b10a0,0x005b10a0,,,1,0,1,17127,0.0000
0x0054d330,0x0054d330,,,2,0,2,17127,0.0000
0x001d0a50,0x001d0a50,,stub_code,0,1,1,17127,0.0000
0x002c4780,0x002c4780,,stub_code,3,7,10,17127,230.6455
0x00275c90,0x00275c90,,stub_code,0,5,5,17127,0.0000
0x0018fde0,0x0018fde0,,,2,0,2,17127,0.0000
0x00287ad0,0x00287ad0,,,2,0,2,17127,0.0000
0x0047a9d8,0x0047a9d8,,stub_code,0,1,1,17127,0.0000
0x005f3a10,0x005f3a10,,stub_code,0,1,1,2,0.0000
0x004439d0,0x004439d0,,stub_code,3,1,4,17127,0.0000
0x002d8560,0x002d8560,,,1,0,1,17127,0.0000
0x004b4370,0x004b4370,,,1,0,1,17127,0.0000
0x00359a50,0x00359a50,,stub_code,0,4,4,17127,0.0000
0x0014b760,0x0014b760,,stub_code,0,3,3,17127,0.0000
0x004691d0,0x004691d0,,stub_code,1,1,2,17127,0.0000
0x002307f0,0x002307f0,,,1,0,1,17127,0.0000
0x004990b0,0x004990b0,,,1,0,1,17127,0.0000
0x001be9c0,0x001be9c0,,stub_code,0,0,0,1,0.0000
0x00320680,0x00320680,,stub_code,1,1,2,17127,0.0000
0x00474960,0x00474960,,stub_code,0,1,1,17127,0.0000
0x00190350,0x00190350,,,27,0,27,17127,0.0000
0x0011e7f0,0x0011e7f0,,stub_code,0,0,0,1,0.0000
0x004aba58,0x004aba58,,,1,0,1,17127,0.0000
0x001863c0,0x001863c0,,stub_code,2,1,3,17127,0.0000
0x006c9ed0,0x006c9ed0,,stub_code,0,3,3,17127,0.0000
0x004df880,0x004df880,,,13,0,13,17127,0.0000
0x00480728,0x00480728,,stub_code,1,4,5,17127,0.0000
0x00491d78,0x00491d78,,stub_code,4,3,7,17127,0.0000
0x0038df00,0x0038df00,,stub_code,0,1,1,17127,0.0000
0x0033c7d0,0x0033c7d0,,stub_code,3,1,4,17127,0.5000
0x005ec0a0,FUN_005ec0a0,core/containers,real_c,2,0,2,17127,0.0000
0x004d70a0,0x004d70a0,,,2,0,2,17127,0.0000
0x004ddc30,0x004ddc30,,stub_code,1,4,5,17127,0.0000
0x0037dea0,0x0037dea0,,stub_code,1,1,2,17127,0.0000
0x0053ae80,0x0053ae80,,stub_code,0,2,2,17127,0.0000
0x005ed080,0x005ed080,,stub_code,0,0,0,1,0.0000
0x00307420,0x00307420,,stub_code,0,1,1,17127,0.0000
0x0041ca70,0x0041ca70,,,2,0,2,17127,0.0000
0x004e9540,0x004e9540,,stub_code,1,4,5,17127,0.0000
0x0011a8e0,0x0011a8e0,,stub_code,1,1,2,17127,0.0000
0x00284b40,0x00284b40,,stub_code,0,4,4,17127,0.0000
0x002ac250,0x002ac250,,stub_code,0,3,3,17127,0.0000
0x00258f20,0x00258f20,,stub_code,0,0,0,1,0.0000
0x004e7f50,0x004e7f50,,,3,0,3,17127,0.0000
0x003ad930,0x003ad930,,,1,0,1,17127,0.0000
0x00458a90,0x00458a90,,stub_code,1,1,2,17127,0.0000
0x005039d0,0x005039d0,,stub_code,0,4,4,17127,0.0000
0x004f5da0,0x004f5da0,,stub_code,2,1,3,17127,0.0000
0x0046f168,0x0046f168,,,4,0,4,17127,0.0000
0x00497728,0x00497728,,stub_code,1,4,5,17127,0.0000
0x004ad8a8,0x004ad8a8,,stub_code,1,2,3,17127,0.0000
0x0047e6b8,0x0047e6b8,,stub_code,1,1,2,17127,0.0000
0x002b1680,0x002b1680,,,1,0,1,17127,0.0000
0x004b1030,0x004b1030,,,1,0,1,17127,0.0000
0x0026ae50,0x0026ae50,,stub_code,0,1,1,17127,0.0000
0x002f6f90,0x002f6f90,,,1,0,1,3,0.0000
0x0017a4e0,0x0017a4e0,,stub_code,1,1,2,17127,0.0000
0x00155780,0x00155780,,stub_code,0,0,0,1,0.0000
0x0013f160,0x0013f160,,stub_code,1,1,2,17127,0.0000
0x0049fdf8,FUN_0049fdf8,,pseudo_stub,1,0,1,2,0.0000
0x004c73d0,0x004c73d0,,stub_code,0,4,4,17127,0.0000
0x00114c40,0x00114c40,,,1,0,1,2,0.0000
0x0043cef0,0x0043cef0,,,4,0,4,17127,0.0000
0x00597360,0x00597360,,stub_code,0,3,3,17127,0.0000
0x00214420,0x00214420,,stub_code,9,1,10,17127,0.0000
0x00590980,0x00590980,,stub_code,0,3,3,17127,0.0000
0x00117920,0x00117920,,stub_code,8,2,10,17127,0.0000
0x0058fa20,0x0058fa20,,stub_code,0,5,5,17127,0.0000
0x001519b0,0x001519b0,,,1,0,1,17127,0.0000
0x00285530,0x00285530,,stub_code,0,4,4,17127,0.0000
0x002a5250,0x002a5250,,stub_code,0,5,5,17127,0.0000
0x0038e150,0x0038e150,,stub_code,2,5,7,17127,0.0000
0x00363c90,0x00363c90,,stub_code,0,7,7,17127,0.0000
0x002ee910,0x002ee910,,,1,0,1,17127,0.0000
0x004c1330,0x004c1330,,,2,0,2,17127,0.0000
0x001572a0,0x001572a0,,stub_code,0,1,1,17127,0.0000
0x00114cf0,FUN_00114cf0,,real_logic,2,0,2,17127,0.0000
0x00595590,0x00595590,,,2,0,2,17127,0.0000
0x001304e0,0x001304e0,,,10,0,10,17127,0.0000
0x00513b70,0x00513b70,,stub_code,0,1,1,17127,0.0000
0x0059e860,0x0059e860,,stub_code,0,4,4,17127,0.0000
0x002abda0,0x002abda0,,stub_code,0,3,3,17127,0.0000
0x0059b920,0x0059b920,,stub_code,0,6,6,17127,0.0000
0x0036dfe0,0x0036dfe0,,stub_code,1,2,3,17127,0.0000
0x004af7c0,0x004af7c0,,,1,0,1,2,0.0000
0x005a7980,0x005a7980,,,2,0,2,17127,0.0000
0x0058a2c0,0x0058a2c0,,,2,0,2,17127,0.0000
0x002189a0,0x002189a0,,stub_code,0,1,1,17127,0.0000
0x001ed3e0,0x001ed3e0,,stub_code,0,3,3,17127,0.0000
0x002f1450,0x002f1450,,stub_code,0,6,6,17127,0.0000
0x00532460,0x00532460,,stub_code,0,1,1,17127,0.0000
0x0046d5b0,0x0046d5b0,,stub_code,3,6,9,17127,0.0000
0x0026d2b0,0x0026d2b0,,,3,0,3,17127,0.0000
0x002f08d0,0x002f08d0,,stub_code,0,1,1,17127,0.0000
0x0015d9f0,0x0015d9f0,,,2,0,2,17127,0.0000
0x0020acb0,0x0020acb0,,,1,0,1,17127,0.0000
0x005fd2d0,0x005fd2d0,,stub_code,2,0,2,17127,0.0000
0x0014f4b0,0x0014f4b0,,stub_code,0,8,8,17127,0.0000
0x002af510,0x002af510,,stub_code,1,1,2,17127,0.0000
0x00189e20,0x00189e20,,stub_code,1,1,2,17127,0.0000
0x003dfe00,0x003dfe00,,stub_code,2,6,8,17127,1.0000
0x00271860,0x00271860,,stub_code,0,1,1,17127,0.0000
0x0013f270,0x0013f270,,stub_code,1,2,3,17127,0.0000
0x002e68c0,0x002e68c0,,,3,0,3,17127,0.0000
0x004b22a8,FUN_004b22a8,,pseudo_stub,1,0,1,3,0.0000
0x00206720,0x00206720,,stub_code,0,2,2,17127,0.0000
0x005e9500,0x005e9500,,stub_code,0,1,1,2,0.0000
0x004d8720,0x004d8720,,,3,0,3,17127,0.0000
0x004753c0,FUN_004753c0,,pseudo_stub,3,1,4,17127,0.0000
0x00264080,0x00264080,,stub_code,1,2,3,17127,0.0000
0x003ab690,0x003ab690,,stub_code,2,3,5,17127,0.0000
0x004054d0,0x004054d0,,stub_code,0,1,1,6,0.0000
0x004f45a0,0x004f45a0,,stub_code,1,1,2,17127,0.0000
0x00356590,0x00356590,,stub_code,0,1,1,17127,0.0000
0x0039c6a0,0x0039c6a0,,stub_code,0,2,2,17127,0.0000
0x0014d350,0x0014d350,,stub_code,1,4,5,17127,0.0000
0x004fd7a0,0x004fd7a0,,stub_code,0,1,1,17127,0.0000
0x003b2d60,0x003b2d60,,stub_code,2,2,4,17127,0.0000
0x0043f4c8,0x0043f4c8,,stub_code,1,1,2,17127,0.0000
0x004e8dd0,0x004e8dd0,,stub_code,0,5,5,17127,0.0000
0x00225610,0x00225610,,stub_code,0,1,1,17127,0.0000
0x0050cfb0,0x0050cfb0,,,1,0,1,17127,0.0000
0x001086e0,0x001086e0,,,3,0,3,17127,0.0000
0x002619a0,0x002619a0,,stub_code,1,1,2,17127,0.0000
0x004435a0,0x004435a0,,stub_code,0,7,7,17127,0.0000
0x00213420,0x00213420,,stub_code,1,2,3,17127,0.0000
0x00214290,0x00214290,,stub_code,0,6,6,17127,0.0000
0x004d1cf0,0x004d1cf0,,,16,0,16,17127,0.0000
0x001ee540,0x001ee540,,stub_code,0,4,4,17127,0.0000
0x004d26f0,0x004d26f0,,stub_code,0,1,1,2,0.0000
0x004ad958,0x004ad958,,,2,0,2,17127,0.0000
0x0023a400,0x0023a400,,stub_code,4,1,5,17127,0.0000
0x00292830,0x00292830,,stub_code,0,4,4,17127,0.0000
0x001c9b80,0x001c9b80,,stub_code,0,1,1,17127,0.0000
0x002a3ec0,0x002a3ec0,,stub_code,3,1,4,17127,0.0000
0x00282d90,0x00282d90,,stub_code,0,4,4,17127,0.0000
0x00522f80,0x00522f80,,stub_code,0,2,2,17127,0.0000
0x0025a620,0x0025a620,,stub_code,0,1,1,17127,0.0000
0x00178e70,0x00178e70,,stub_code,0,2,2,17127,0.0000
0x00541470,0x00541470,,stub_code,0,3,3,17127,0.0000
0x00227db0,0x00227db0,,stub_code,2,0,2,17127,0.0000
0x0037be30,0x0037be30,,,1,0,1,17127,0.0000
0x0049e3f0,0x0049e3f0,,stub_code,2,3,5,17127,0.0000
0x00484b70,0x00484b70,,,3,0,3,17127,0.0000
0x005be4d0,0x005be4d0,,stub_code,3,15,18,17127,69.0000
0x0059dcb0,0x0059dcb0,,,1,0,1,2,0.0000
0x002049b0,0x002049b0,,stub_code,1,1,2,17127,0.0000
0x002ef020,0x002ef020,,stub_code,0,5,5,17127,0.0000
0x0056b460,0x0056b460,,stub_code,1,1,2,17127,0.0000
0x00447dc8,0x00447dc8,,,1,0,1,17127,0.0000
0x006c9740,0x006c9740,,stub_code,0,1,1,17127,0.0000
0x002b18d0,0x002b18d0,,,1,0,1,17127,0.0000
0x0033ea90,0x0033ea90,,,1,0,1,17127,0.0000
0x00332ea0,0x00332ea0,,stub_code,1,2,3,17127,0.0000
0x0018f8d0,0x0018f8d0,,stub_code,2,2,4,17127,0.0000
0x003b97d0,0x003b97d0,,stub_code,1,4,5,17127,0.0000
0x0055cb00,0x0055cb00,,stub_code,1,1,2,17127,0.0000
0x004eaa30,0x004eaa30,,stub_code,0,4,4,17127,0.0000
0x0022f1a0,0x0022f1a0,,stub_code,1,18,19,17127,0.0000
0x00597550,0x00597550,,stub_code,0,3,3,17127,0.0000
0x003b93c0,0x003b93c0,,stub_code,1,2,3,17127,0.0000
0x0049d200,0x0049d200,,stub_code,1,4,5,17127,0.0000
0x0046a748,0x0046a748,,stub_code,0,0,0,1,0.0000
0x001c9380,0x001c9380,,stub_code,1,1,2,17127,0.0000
0x00565600,0x00565600,,stub_code,0,1,1,17127,0.0000
0x0053b080,0x0053b080,,stub_code,0,1,1,17127,0.0000
0x003d8310,0x003d8310,,,6,0,6,17127,0.0000
0x00378750,0x00378750,,stub_code,1,18,19,17127,0.0000
0x002e9fb0,0x002e9fb0,,stub_code,4,2,6,17127,1.0000
0x00426680,0x00426680,,,1,0,1,17127,0.0000
0x003ec510,0x003ec510,,stub_code,21,1,22,17127,4.5000
0x0023ae60,0x0023ae60,,,3,0,3,17127,0.0000
0x003671c0,0x003671c0,,stub_code,1,5,6,8,0.0000
0x004c1560,0x004c1560,,stub_code,0,3,3,17127,0.0000
0x001364e0,0x001364e0,,,6,0,6,17127,0.0000
0x0053e740,0x0053e740,,stub_code,0,5,5,17127,0.0000
0x0028c580,0x0028c580,,stub_code,1,0,1,17127,0.0000
0x004848b8,0x004848b8,,stub_thunk,2,0,2,17127,0.0000
0x001627a0,0x001627a0,,stub_code,1,7,8,17127,0.0000
0x002415d0,0x002415d0,,stub_code,0,1,1,17127,0.0000
0x004e3730,0x004e3730,,stub_code,0,1,1,2,0.0000
0x001798c0,0x001798c0,,stub_code,0,4,4,17127,0.0000
0x0035e760,0x0035e760,,stub_code,0,2,2,17127,0.0000
0x00498938,0x00498938,,,1,0,1,17127,0.0000
0x004d7cd0,0x004d7cd0,,stub_code,0,1,1,17127,0.0000
0x00272fa0,0x00272fa0,,,4,0,4,17127,0.0000
0x00309930,0x00309930,,stub_code,0,1,1,17127,0.0000
0x0040bcb0,0x0040bcb0,,stub_code,1,1,2,17127,15.0000
0x002eefc0,0x002eefc0,,stub_code,0,1,1,17127,0.0000
0x001690f0,0x001690f0,,,6,0,6,17127,0.0000
0x005f06b0,0x005f06b0,,stub_code,0,5,5,17127,0.0000
0x00279400,0x00279400,,,3,0,3,17127,0.0000
0x004ab8f0,0x004ab8f0,,,1,0,1,17127,0.0000
0x00506330,0x00506330,,stub_code,0,0,0,1,0.0000
0x00211050,0x00211050,,stub_code,0,0,0,1,0.0000
0x003968d0,0x003968d0,,stub_code,0,4,4,17127,0.0000
0x002d5570,0x002d5570,,stub_code,0,0,0,1,0.0000
0x004dcb80,0x004dcb80,,stub_code,0,1,1,17127,0.0000
0x001677e0,0x001677e0,,stub_code,0,1,1,17127,0.0000
0x002a4050,0x002a4050,,stub_code,2,1,3,17127,0.0000
0x00119830,0x00119830,,stub_code,1,30,31,17127,0.0000
0x002a5890,0x002a5890,,stub_code,1,1,2,17127,0.0000
0x005d4700,0x005d4700,,stub_code,0,1,1,17127,0.0000
0x003a23b0,0x003a23b0,,stub_code,1,2,3,17127,0.0000
0x004a36a8,0x004a36a8,,stub_code,2,1,3,17127,0.0000
0x004ac158,0x004ac158,,stub_code,0,2,2,17127,0.0000
0x00296a70,0x00296a70,,stub_code,1,1,2,17127,0.0000
0x00423b20,0x00423b20,,,3,0,3,17127,0.0000
0x001a13d0,0x001a13d0,,stub_code,0,10,10,17127,0.0000
0x0047af88,0x0047af88,,stub_code,5,4,9,17127,0.0000
0x0049bdb8,0x0049bdb8,,stub_code,0,1,1,17127,0.0000
0x0013e130,0x0013e130,,stub_code,0,1,1,17127,0.0000
0x005170a0,0x005170a0,,stub_code,1,1,2,17127,0.0000
0x00389170,0x00389170,,stub_code,1,3,4,17127,3.7000
0x00469400,0x00469400,,stub_code,0,1,1,17127,0.0000
0x0051f710,0x0051f710,,stub_code,0,2,2,17127,0.0000
0x002b7c30,0x002b7c30,,,2,0,2,17127,0.0000
0x0040b9c0,0x0040b9c0,,stub_code,1,1,2,17127,0.0000
0x005a4ab0,0x005a4ab0,,stub_code,0,5,5,17127,0.0000
0x00467020,0x00467020,,stub_code,0,0,0,1,0.0000
0x00598df0,0x00598df0,,,1,0,1,17127,0.0000
0x0058a070,0x0058a070,,,1,0,1,2,0.0000
0x003626a0,0x003626a0,,stub_code,1,3,4,17127,0.0000
0x001ede30,0x001ede30,,,1,0,1,17127,0.0000
0x0050eb90,0x0050eb90,,stub_code,1,0,1,17127,0.0000
0x00431b18,0x00431b18,,stub_code,1,2,3,17127,7.3333
0x0014d0f0,0x0014d0f0,,stub_code,0,10,10,17127,0.0000
0x005ce7d0,0x005ce7d0,,stub_code,1,2,3,17127,0.0000
0x004c4e70,0x004c4e70,,,2,0,2,17127,0.0000
0x002b14c0,0x002b14c0,,,1,0,1,17127,0.0000
0x0059ea10,0x0059ea10,,stub_code,0,1,1,17127,0.0000
0x00244470,0x00244470,,stub_code,1,0,1,17127,0.0000
0x0043a720,0x0043a720,,stub_code,1,2,3,17127,0.0000
0x001c7220,0x001c7220,,stub_code,0,1,1,17127,0.0000
0x00276b80,0x00276b80,,stub_code,0,0,0,1,0.0000
0x002a5040,0x002a5040,,stub_code,1,1,2,17127,0.0000
0x00471650,0x00471650,,,2,0,2,17127,0.0000
0x002f2a60,0x002f2a60,,,3,0,3,17127,0.0000
0x0034d8a0,0x0034d8a0,,stub_code,2,2,4,17127,0.0000
0x005eb190,0x005eb190,,,1,0,1,2,0.0000
0x00128800,0x00128800,,stub_code,0,1,1,17127,0.0000
0x002a50c0,0x002a50c0,,stub_code,0,0,0,1,0.0000
0x00547250,0x00547250,,stub_code,0,1,1,17127,0.0000
0x0037c5d0,0x0037c5d0,,,1,0,1,17127,0.0000
0x00443b38,0x00443b38,,stub_code,3,1,4,17127,0.0000
0x00538fe0,0x00538fe0,,stub_code,0,2,2,17127,0.0000
0x0059f880,0x0059f880,,stub_code,0,6,6,17127,0.0000
0x002e7230,0x002e7230,,stub_code,0,4,4,17127,0.0000
0x001c94c0,0x001c94c0,,stub_code,0,2,2,17127,0.0000
0x0025cc90,0x0025cc90,,stub_code,0,0,0,1,0.0000
0x00582e80,0x00582e80,,stub_code,0,1,1,17127,0.0000
0x004d6480,0x004d6480,,,3,0,3,17127,0.0000
0x00581af0,0x00581af0,,,2,0,2,17127,0.0000
0x005a99f0,0x005a99f0,,stub_code,0,5,5,17127,0.0000
0x00402220,0x00402220,,stub_code,0,6,6,17127,0.0000
0x00293c20,0x00293c20,,stub_code,0,2,2,17127,0.0000
0x00396fc0,0x00396fc0,,stub_code,3,1,4,17127,0.0000
0x001ab970,0x001ab970,,stub_code,1,4,5,17127,0.0000
0x002b7110,0x002b7110,,stub_code,0,2,2,17127,0.0000
0x004d1530,0x004d1530,,stub_code,3,1,4,17127,0.0000
0x004ac4d8,0x004ac4d8,,stub_code,2,5,7,17127,0.0000
0x001ef350,0x001ef350,,stub_code,0,2,2,17127,0.0000
0x004d8810,0x004d8810,,stub_code,0,1,1,17127,0.0000
0x00153d50,0x00153d50,,stub_code,1,3,4,17127,0.0000
0x00351ff0,0x00351ff0,,,1,0,1,17127,0.0000
0x002b08a0,0x002b08a0,,,1,0,1,17127,0.0000
0x0018a100,0x0018a100,,stub_code,1,7,8,17127,0.0000
0x004b1238,0x004b1238,,,2,0,2,17127,0.0000
0x00517590,0x00517590,,stub_code,2,1,3,17127,0.0000
0x005c2830,0x005c2830,,stub_code,0,3,3,17127,0.0000
0x003418f0,0x003418f0,,stub_code,0,4,4,17127,0.0000
0x004afec0,0x004afec0,,stub_code,0,2,2,17127,0.0000
0x005ea0c0,0x005ea0c0,,,2,0,2,17127,0.0000
0x004e6580,0x004e6580,,,2,0,2,17127,0.0000
0x005d3b30,0x005d3b30,,,1,0,1,17127,0.0000
0x002854e0,0x002854e0,,stub_code,0,1,1,17127,0.0000
0x00189790,0x00189790,,stub_code,1,2,3,17127,0.0000
0x004d2290,0x004d2290,,,2,0,2,17127,0.0000
0x0037d4e0,0x0037d4e0,,,2,0,2,17127,0.0000
0x005c0580,0x005c0580,,stub_code,5,1,6,17127,0.0000
0x004eb410,0x004eb410,,stub_code,0,3,3,17127,0.0000
0x00134ec0,FUN_00134ec0,,real_logic,16,0,16,17127,0.0000
0x002be030,0x002be030,,stub_code,0,2,2,17127,0.0000
0x0041a300,0x0041a300,,stub_code,2,4,6,17127,6.0000
0x001741c0,0x001741c0,,stub_code,0,2,2,17127,0.0000
0x00352a10,0x00352a10,,stub_code,0,2,2,17127,0.0000
0x00498e90,0x00498e90,,stub_code,4,4,8,17127,0.0000
0x00257420,0x00257420,,stub_code,0,0,0,1,0.0000
0x005a9e10,0x005a9e10,,,1,0,1,2,0.0000
0x00585470,0x00585470,,stub_code,0,2,2,8,0.0000
0x0049c5a8,0x0049c5a8,,,1,0,1,17127,0.0000
0x0010e250,0x0010e250,,stub_code,1,1,2,17127,0.0000
0x00172fb0,0x00172fb0,,stub_code,0,2,2,17127,0.0000
0x0047b640,0x0047b640,,,1,0,1,17127,0.0000
0x004e1a80,0x004e1a80,,,2,0,2,17127,0.0000
0x00547640,0x00547640,,stub_code,0,6,6,17127,0.0000
0x004d1b60,0x004d1b60,,stub_code,0,4,4,17127,0.0000
0x0021ce70,0x0021ce70,,stub_code,5,2,7,17127,0.0000
0x00504fa0,0x00504fa0,,stub_code,0,12,12,17127,0.0000
0x001dff10,0x001dff10,,stub_code,0,3,3,17127,0.0000
0x00260bc0,0x00260bc0,,stub_code,0,2,2,17127,0.0000
0x00432fc0,FUN_00432fc0,core/strings,real_c,7,2,9,17127,753.2603
0x00483d88,0x00483d88,,stub_code,1,3,4,17127,0.0000
0x00238a40,0x00238a40,,stub_code,0,3,3,17127,0.0000
0x003d9b60,0x003d9b60,,stub_code,1,2,3,17127,0.0000
0x004a5208,0x004a5208,,,1,0,1,17127,0.0000
0x0053a820,0x0053a820,,stub_code,0,1,1,17127,0.0000
0x00190f60,0x00190f60,,stub_code,7,3,10,17127,4.0000
0x00596ac0,0x00596ac0,,stub_code,0,1,1,2,0.0000
0x00229cf0,0x00229cf0,,stub_code,1,10,11,17127,0.0000
0x0043c790,0x0043c790,,,1,0,1,2,0.0000
0x004a54b0,0x004a54b0,,,1,0,1,17127,0.0000
0x003479c0,0x003479c0,,stub_code,4,5,9,17127,0.0000
0x00473e90,0x00473e90,,stub_code,0,1,1,17127,0.0000
0x00483588,0x00483588,,stub_code,0,0,0,1,0.0000
0x0059e430,0x0059e430,,,4,0,4,17127,0.0000
0x0023aca0,0x0023aca0,,stub_code,0,2,2,17127,0.0000
0x00292920,0x00292920,,stub_code,4,2,6,17127,0.0000
0x0054f700,0x0054f700,,stub_code,0,4,4,17127,0.0000
0x0049e788,0x0049e788,,stub_code,1,1,2,17127,0.0000
0x0016a6e0,0x0016a6e0,,stub_code,1,3,4,17127,0.0000
0x00302b20,0x00302b20,,stub_code,1,2,3,17127,0.0000
0x0028dd20,0x0028dd20,,stub_code,0,5,5,17127,0.0000
0x00254ce0,0x00254ce0,,stub_code,0,0,0,1,0.0000
0x00293180,0x00293180,,stub_code,1,2,3,17127,0.0000
0x00357a50,0x00357a50,,,2,0,2,17127,0.0000
0x00292ac0,0x00292ac0,,stub_code,0,1,1,17127,0.0000
0x0027ffe0,0x0027ffe0,,stub_code,0,4,4,17127,0.0000
0x002a5a10,0x002a5a10,,stub_code,1,5,6,17127,0.0000
0x001ef510,0x001ef510,,stub_code,0,0,0,1,0.0000
0x002057b0,0x002057b0,,stub_code,1,2,3,17127,0.0000
0x002f21e0,0x002f21e0,,stub_code,1,27,28,17127,0.0000
0x002486b0,0x002486b0,,,1,0,1,17127,0.0000
0x0017e4e0,0x0017e4e0,,,1,0,1,17127,0.0000
0x003b72a0,0x003b72a0,,stub_code,4,1,5,17127,0.0000
0x004ef340,0x004ef340,,stub_code,1,1,2,17127,0.0000
0x001a1800,FUN_001a1800,game/kart,real_c,1,0,1,17127,0.0000
0x001ef870,0x001ef870,,stub_code,0,2,2,17127,0.0000
0x003467b0,0x003467b0,,,1,0,1,17127,0.0000
0x00429f10,FUN_00429f10,,real_logic,0,1,1,17127,0.0000
0x004936b8,0x004936b8,,,2,0,2,17127,0.0000
0x002e6d60,0x002e6d60,,stub_code,1,1,2,17127,0.0000
0x004c0730,0x004c0730,,stub_code,0,1,1,2,0.0000
0x0035d280,0x0035d280,,stub_code,0,0,0,1,0.0000
0x0034c780,0x0034c780,,stub_code,0,2,2,17127,0.0000
0x00484a30,0x00484a30,,stub_code,1,1,2,17127,0.0000
0x0011d970,0x0011d970,,stub_code,0,1,1,17127,0.0000
0x0043cb10,0x0043cb10,,,13,0,13,17127,0.0000
0x001ac1f0,0x001ac1f0,,stub_code,0,1,1,17127,0.0000
0x0059b840,0x0059b840,,stub_code,0,1,1,2,0.0000
0x0049a2f0,0x0049a2f0,,stub_code,2,13,15,17127,264.4000
0x00252990,0x00252990,,stub_code,0,1,1,17127,0.0000
0x006c84a0,0x006c84a0,,stub_code,0,1,1,17127,0.0000
0x00517c30,0x00517c30,,,2,0,2,17127,0.0000
0x003d8d50,0x003d8d50,,stub_code,1,2,3,17127,0.0000
0x00270fc0,0x00270fc0,,stub_code,0,1,1,17127,0.0000
0x005e42b0,0x005e42b0,,stub_code,0,1,1,17127,0.0000
0x003e7a70,0x003e7a70,,stub_code,1,9,10,17127,144.2381
0x00166040,0x00166040,,stub_code,1,8,9,17127,0.0000
0x00468c38,0x00468c38,,stub_code,0,5,5,17127,0.0000
0x0047d898,0x0047d898,,,1,0,1,17127,0.0000
0x0042e190,0x0042e190,,stub_code,0,3,3,17127,0.0000
0x0029cf60,0x0029cf60,,,1,0,1,17127,0.0000
0x001168e0,0x001168e0,,stub_code,2,1,3,17127,0.0000
0x005fb000,0x005fb000,,stub_code,0,1,1,17127,0.0000
0x0050f1c0,0x0050f1c0,,stub_code,0,0,0,1,0.0000
0x0026a890,0x0026a890,,,4,0,4,17127,0.0000
0x002fd0c0,0x002fd0c0,,stub_code,1,4,5,17127,5.0000
0x00341480,0x00341480,,,3,0,3,17127,0.0000
0x0050d430,0x0050d430,,stub_code,2,2,4,17127,0.0000
0x001dc8c0,0x001dc8c0,,stub_code,1,5,6,17127,0.0000
0x0033f610,0x0033f610,,stub_code,1,3,4,17127,0.0000
0x002b5e20,0x002b5e20,,stub_code,2,1,3,17127,1.0000
0x00342c30,0x00342c30,,,1,0,1,17127,0.0000
0x005ade60,0x005ade60,,stub_code,2,1,3,17127,0.0000
0x004adee0,0x004adee0,,stub_code,1,2,3,17127,0.0000
0x0029b4b0,0x0029b4b0,,stub_code,0,0,0,1,0.0000
0x00356100,0x00356100,,stub_code,0,1,1,17127,0.0000
0x00288610,0x00288610,,stub_code,0,3,3,17127,0.0000
0x00515690,0x00515690,,stub_code,1,1,2,17127,0.0000
0x00496940,0x00496940,,stub_code,3,0,3,17127,0.0000
0x004ac7f0,0x004ac7f0,,stub_code,1,2,3,17127,0.0000
0x00319d10,0x00319d10,,,1,0,1,17127,0.0000
0x0046e7a0,0x0046e7a0,,,4,0,4,17127,0.0000
0x005f52b0,0x005f52b0,,stub_code,0,4,4,17127,0.0000
0x002c2800,0x002c2800,,stub_code,1,1,2,17127,0.0000
0x004936a0,0x004936a0,,stub_code,3,0,3,17127,0.0000
0x002d8ee0,0x002d8ee0,,,1,0,1,17127,0.0000
0x00540210,0x00540210,,,2,0,2,17127,0.0000
0x00544850,0x00544850,,stub_code,0,1,1,17127,0.0000
0x0019df10,FUN_0019df10,,pseudo_stub,0,0,0,1,0.0000
0x005a73f0,0x005a73f0,,,2,0,2,17127,0.0000
0x004bbfd0,0x004bbfd0,,stub_code,0,6,6,17127,0.0000
0x0011b0e0,0x0011b0e0,,stub_code,4,4,8,17127,0.0000
0x0011f2a0,0x0011f2a0,,,12,0,12,17127,0.0000
0x00491590,0x00491590,,stub_code,0,2,2,17127,0.0000
0x002bd690,0x002bd690,,stub_code,1,18,19,17127,0.0000
0x00475fd0,FUN_00475fd0,,pseudo_stub,0,1,1,17127,0.0000
0x0019d1b0,0x0019d1b0,,stub_code,0,0,0,1,0.0000
0x00247e20,0x00247e20,,stub_code,0,0,0,1,0.0000
0x002b1810,0x002b1810,,stub_code,1,1,2,17127,0.0000
0x0049fc20,0x0049fc20,,stub_code,1,1,2,17127,0.0000
0x004ec660,0x004ec660,,stub_code,0,5,5,17127,0.0000
0x003a90a0,0x003a90a0,,stub_code,1,3,4,17127,0.0000
0x0033abd0,0x0033abd0,,,1,0,1,17127,0.0000
0x00589ef0,0x00589ef0,,stub_code,1,2,3,17127,0.0000
0x00484010,0x00484010,,stub_thunk,1,0,1,2,0.0000
0x002b5430,0x002b5430,,stub_code,1,6,7,17127,3.0000
0x0022d510,0x0022d510,,,1,0,1,17127,0.0000
0x001a98c0,0x001a98c0,,stub_code,5,1,6,17127,0.0000
0x004a2b98,0x004a2b98,,stub_code,2,0,2,17127,0.0000
0x0053e1d0,0x0053e1d0,,stub_code,0,3,3,17127,0.0000
0x004e9250,0x004e9250,,,2,0,2,17127,0.0000
0x0049e338,0x0049e338,,stub_thunk,0,0,0,1,0.0000
0x00533550,0x00533550,,stub_code,0,1,1,17127,0.0000
0x004d5450,0x004d5450,,stub_code,1,2,3,17127,0.0000
0x00267230,0x00267230,,stub_code,2,2,4,17127,0.0000
0x00392e50,0x00392e50,,stub_code,1,1,2,17127,0.0000
0x003c8830,0x003c8830,,stub_code,1,10,11,17127,17.3333
0x001b0610,0x001b0610,,,1,0,1,17127,0.0000
0x0021a770,0x0021a770,,,19,0,19,17127,0.0000
0x004bd970,0x004bd970,,stub_code,0,1,1,17127,0.0000
0x005a8970,0x005a8970,,stub_code,0,3,3,17127,0.0000
0x00546490,0x00546490,,stub_code,0,7,7,17127,0.0000
0x005a7ae0,0x005a7ae0,,stub_code,0,8,8,17127,0.0000
0x001f4d50,0x001f4d50,,stub_code,0,0,0,1,0.0000
0x004dd070,0x004dd070,,,2,0,2,17127,0.0000
0x0053ab70,0x0053ab70,,stub_code,1,0,1,17127,0.0000
0x004c4df0,0x004c4df0,,stub_code,0,3,3,17127,0.0000
0x0039c530,0x0039c530,,stub_code,1,2,3,17127,0.0000
0x0034a020,0x0034a020,,stub_code,1,2,3,17127,0.0000
0x0025c400,0x0025c400,,stub_code,1,0,1,17127,0.0000
0x003feb20,0x003feb20,,stub_code,0,3,3,17127,0.0000
0x0053f460,0x0053f460,,stub_code,0,1,1,17127,0.0000
0x002d8830,0x002d8830,,,1,0,1,17127,0.0000
0x003acb50,0x003acb50,,stub_code,1,2,3,17127,0.0000
0x004d8080,0x004d8080,,stub_code,0,5,5,17127,0.0000
0x005a2e50,0x005a2e50,,stub_code,0,1,1,17127,0.0000
0x004e2e90,0x004e2e90,,stub_code,0,7,7,17127,0.0000
0x00293f50,0x00293f50,,stub_code,4,2,6,17127,0.0000
0x004490b0,FUN_004490b0,,pseudo_stub,17,1,18,17127,1.0000
0x00399050,0x00399050,,stub_code,2,1,3,17127,0.0000
0x0052eca0,0x0052eca0,,stub_code,0,1,1,17127,0.0000
0x005808d0,0x005808d0,,,4,0,4,17127,0.0000
0x0053fd80,FUN_0053fd80,core/struct,real_logic,2,0,2,17127,0.0000
0x001fecd0,0x001fecd0,,stub_code,4,5,9,17127,0.0000
0x002f2ad0,0x002f2ad0,,,2,0,2,17127,0.0000
0x00514c50,0x00514c50,,stub_code,0,2,2,17127,0.0000
0x0054bf60,0x0054bf60,,,1,0,1,2,0.0000
0x00211b60,0x00211b60,,stub_code,0,0,0,1,0.0000
0x0020d8f0,0x0020d8f0,,stub_code,1,5,6,17127,0.0000
0x0046f028,0x0046f028,,stub_code,0,3,3,17127,0.0000
0x00265f50,0x00265f50,,,1,0,1,17127,0.0000
0x001df7b0,0x001df7b0,,stub_code,0,7,7,17127,0.0000
0x00539a30,0x00539a30,,stub_code,1,10,11,17127,0.0000
0x0052e130,0x0052e130,,,1,0,1,2,0.0000
0x003b79f0,0x003b79f0,,,1,0,1,17127,0.0000
0x00432588,FUN_00432588,,real_logic,1,4,5,17127,54.5667
0x004788a0,0x004788a0,,stub_code,0,1,1,17127,0.0000
0x003acbc0,0x003acbc0,,stub_code,0,3,3,17127,0.0000
0x002a4af0,0x002a4af0,,stub_code,1,1,2,17127,0.0000
0x004780c8,0x004780c8,,stub_code,0,2,2,17127,0.0000
0x0031ee70,0x0031ee70,,,2,0,2,17127,0.0000
0x00471298,FUN_00471298,,pseudo_stub,0,0,0,1,0.0000
0x002ec380,0x002ec380,,stub_code,1,2,3,17127,0.0000
0x00359830,0x00359830,,stub_code,1,4,5,17127,0.0000
0x002ebf00,0x002ebf00,,,2,0,2,17127,0.0000
0x00544d30,0x00544d30,,stub_code,0,5,5,17127,0.0000
0x002a64a0,0x002a64a0,,stub_code,1,3,4,17127,0.0000
0x00215230,0x00215230,,stub_code,2,2,4,17127,2.0000
0x005d3a70,0x005d3a70,,stub_code,1,1,2,17127,0.0000
0x00247dc0,0x00247dc0,,stub_code,1,1,2,17127,0.0000
0x002875d0,0x002875d0,,stub_code,0,1,1,17127,0.0000
0x00393570,0x00393570,,stub_code,1,3,4,17127,0.0000
0x0017d8c0,0x0017d8c0,,stub_code,2,2,4,17127,0.0000
0x001d17b0,0x001d17b0,,stub_code,1,1,2,17127,0.0000
0x002fb640,0x002fb640,,,24,0,24,17127,0.0000
0x002dd4b0,0x002dd4b0,,stub_code,0,1,1,17127,0.0000
0x004ab678,0x004ab678,,stub_code,0,3,3,17127,0.0000
0x004b4390,0x004b4390,,stub_code,0,2,2,17127,0.0000
0x0050eb00,0x0050eb00,,stub_code,1,0,1,17127,0.0000
0x004e5140,0x004e5140,,stub_code,0,3,3,17127,0.0000
0x0026abb0,0x0026abb0,,stub_code,2,3,5,17127,0.0000
0x004e6ee0,0x004e6ee0,,stub_code,0,4,4,17127,0.0000
0x00525000,0x00525000,,stub_code,2,1,3,17127,0.0000
0x0027f9b0,0x0027f9b0,,,1,0,1,17127,0.0000
0x0023f280,0x0023f280,,stub_code,0,1,1,17127,0.0000
0x004c38e0,0x004c38e0,,stub_code,0,1,1,17127,0.0000
0x004d0500,0x004d0500,,stub_code,0,1,1,17127,0.0000
0x005a3380,0x005a3380,,stub_code,0,3,3,17127,0.0000
0x004d9320,0x004d9320,,stub_code,0,1,1,17127,0.0000
0x001e7960,0x001e7960,,stub_code,1,5,6,17127,0.0000
0x004b09a0,0x004b09a0,,,57,0,57,17127,0.0000
0x004ad390,0x004ad390,,stub_code,1,1,2,17127,0.0000
0x005d1e60,0x005d1e60,,stub_code,1,4,5,17127,0.0000
0x005a67b0,0x005a67b0,,stub_code,1,2,3,17127,0.0000
0x002e3ee0,0x002e3ee0,,stub_code,0,1,1,17127,0.0000
0x004ddac0,0x004ddac0,,stub_code,0,5,5,17127,0.0000
0x0055fa40,0x0055fa40,,,1,0,1,17127,0.0000
0x001c1f50,0x001c1f50,,stub_code,9,2,11,17127,0.0000
0x001ad1a0,0x001ad1a0,,stub_code,2,10,12,17127,0.0000
0x00581940,0x00581940,,stub_code,0,4,4,17127,0.0000
0x004a5a78,0x004a5a78,,stub_code,1,3,4,17127,0.0000
0x00184570,0x00184570,,stub_code,1,15,16,17127,0.0000
0x0038efd0,0x0038efd0,,stub_code,1,7,8,17127,56.8000
0x0021abb0,0x0021abb0,,stub_code,4,1,5,17127,0.0000
0x005f9c60,0x005f9c60,,stub_code,0,0,0,1,0.0000
0x003277b0,0x003277b0,,stub_code,0,1,1,17127,0.0000
0x00286780,0x00286780,,stub_code,1,2,3,17127,0.0000
0x00201e50,0x00201e50,,stub_code,1,2,3,17127,0.0000
0x003c3110,0x003c3110,,stub_code,9,1,10,17127,0.0000
0x003069c0,0x003069c0,,stub_code,1,2,3,17127,0.0000
0x00357eb0,0x00357eb0,,stub_code,0,4,4,17127,0.0000
0x002ae750,0x002ae750,,,1,0,1,17127,0.0000
0x0047af10,0x0047af10,,stub_code,4,4,8,17127,0.0000
0x0018ae80,FUN_0018ae80,,pseudo_stub,1,1,2,17127,0.0000
0x004f6000,0x004f6000,,,1,0,1,17127,0.0000
0x003187f0,0x003187f0,,,1,0,1,17127,0.0000
0x005a9c90,0x005a9c90,,stub_code,0,9,9,17127,0.0000
0x00293280,0x00293280,,stub_code,1,2,3,17127,0.0000
0x00327800,0x00327800,,stub_code,0,9,9,17127,0.0000
0x00443368,0x00443368,,stub_code,0,8,8,17127,0.0000
0x005e7e10,0x005e7e10,,,1,0,1,2,0.0000
0x00580360,0x00580360,,stub_code,0,1,1,17127,0.0000
0x005b57f0,0x005b57f0,,,2,0,2,17127,0.0000
0x0043b320,0x0043b320,,,66,0,66,17127,0.0000
0x0025d690,0x0025d690,,stub_code,0,0,0,1,0.0000
0x0025c8d0,0x0025c8d0,,stub_code,0,0,0,1,0.0000
0x005093b0,0x005093b0,,stub_code,0,2,2,17127,0.0000
0x00316210,0x00316210,,,1,0,1,17127,0.0000
0x004408c0,0x004408c0,,stub_code,16,9,25,17127,7.0000
0x002a85b0,0x002a85b0,,stub_code,1,7,8,17127,0.0000
0x00253360,0x00253360,,stub_code,0,0,0,1,0.0000
0x0047f500,0x0047f500,,stub_code,2,4,6,17127,0.0000
0x00470848,0x00470848,,,5,0,5,17127,0.0000
0x005a6560,0x005a6560,,stub_code,0,1,1,17127,0.0000
0x0016bfc0,0x0016bfc0,,stub_code,0,0,0,1,0.0000
0x001b11f0,0x001b11f0,,stub_code,1,2,3,17127,0.0000
0x002869a0,0x002869a0,,stub_code,0,1,1,17127,0.0000
0x00362b80,0x00362b80,,,1,0,1,17127,0.0000
0x0046d008,0x0046d008,,stub_code,1,2,3,17127,0.0000
0x0029b0e0,0x0029b0e0,,stub_code,1,2,3,17127,0.0000
0x0049e600,0x0049e600,,stub_code,1,2,3,17127,0.0000
0x0058a200,0x0058a200,,,2,0,2,17127,0.0000
0x001fc0b0,0x001fc0b0,,stub_code,0,3,3,17127,0.0000
0x0057ced0,0x0057ced0,,stub_code,0,9,9,17127,0.0000
0x00342120,0x00342120,,stub_code,0,2,2,17127,0.0000
0x0042d610,0x0042d610,,stub_code,0,1,1,17127,0.0000
0x004b5fe0,0x004b5fe0,,,1,0,1,5,0.0000
0x001df220,0x001df220,,stub_code,0,0,0,1,0.0000
0x0049d7f8,0x0049d7f8,,stub_code,0,2,2,17127,0.0000
0x002e9030,0x002e9030,,,3,0,3,17127,0.0000
0x0053ea00,0x0053ea00,,stub_code,0,5,5,17127,0.0000
0x00184670,0x00184670,,stub_code,1,19,20,17127,0.0000
0x004b5af0,0x004b5af0,,stub_code,0,1,1,17127,0.0000
0x0026ce00,0x0026ce00,,stub_code,1,0,1,17127,0.0000
0x004914a0,0x004914a0,,,1,0,1,17127,0.0000
0x00180f70,0x00180f70,,stub_code,1,6,7,17127,0.0000
0x0047b048,0x0047b048,,stub_code,2,4,6,17127,0.0000
0x0059f520,0x0059f520,,stub_code,0,2,2,17127,0.0000
0x00597f60,0x00597f60,,stub_code,0,8,8,17127,0.0000
0x00147eb0,0x00147eb0,,stub_code,0,1,1,17127,0.0000
0x0028cb80,0x0028cb80,,stub_code,0,1,1,17127,0.0000
0x003ee2e0,FUN_003ee2e0,,real_logic,1,0,1,17127,0.0000
0x00257a10,0x00257a10,,stub_code,1,0,1,17127,0.0000
0x0053bc20,0x0053bc20,,stub_code,6,1,7,17127,4.3333
0x0047e538,0x0047e538,,stub_code,2,0,2,6,0.0000
0x002869f0,0x002869f0,,stub_code,0,5,5,17127,0.0000
0x00359210,0x00359210,,,3,0,3,17127,0.0000
0x002fb710,0x002fb710,,,1,0,1,17127,0.0000
0x00118aa0,0x00118aa0,,,1,0,1,17127,0.0000
0x001b7900,0x001b7900,,,1,0,1,17127,0.0000
0x00547d50,0x00547d50,,,1,0,1,2,0.0000
0x003d6a60,0x003d6a60,,stub_code,1,9,10,17127,1.3714
0x002caa10,0x002caa10,,stub_code,0,2,2,17127,0.0000
0x00539640,0x00539640,,stub_code,0,3,3,17127,0.0000
0x0045d238,0x0045d238,,stub_code,0,1,1,17127,0.0000
0x00483628,0x00483628,,stub_code,0,1,1,17127,0.0000
0x0039e350,0x0039e350,,stub_code,11,1,12,17127,0.0000
0x002169d0,0x002169d0,,,10,0,10,17127,0.0000
0x001d2c40,0x001d2c40,,stub_code,0,2,2,17127,0.0000
0x005e9590,0x005e9590,,stub_code,0,4,4,17127,0.0000
0x00296e30,0x00296e30,,stub_code,9,1,10,17127,0.0000
0x004e19b0,0x004e19b0,,stub_code,0,4,4,17127,0.0000
0x00289620,0x00289620,,,1,0,1,17127,0.0000
0x00538730,0x00538730,,stub_code,1,1,2,17127,0.0000
0x0055a4e0,0x0055a4e0,,stub_code,1,0,1,2,0.0000
0x00307c00,0x00307c00,,stub_code,0,0,0,1,0.0000
0x0021cf00,0x0021cf00,,,5,0,5,17127,0.0000
0x00477c70,0x00477c70,,stub_code,28,1,29,17127,2.0000
0x0033cca0,0x0033cca0,,stub_code,1,1,2,17127,0.0000
0x0030c0a0,0x0030c0a0,,stub_code,0,1,1,17127,0.0000
0x003e14d0,0x003e14d0,,stub_code,3,3,6,17127,9.3333
0x0049e4b8,0x0049e4b8,,stub_code,0,1,1,3,0.0000
0x0025dc10,0x0025dc10,,stub_code,0,0,0,1,0.0000
0x004e1970,0x004e1970,,stub_code,0,2,2,17127,0.0000
0x004b3690,0x004b3690,,stub_code,0,1,1,3,0.0000
0x005ee330,0x005ee330,,,1,0,1,2,0.0000
0x00508ec0,FUN_00508ec0,,pseudo_stub,0,1,1,17127,0.0000
0x00258b60,0x00258b60,,stub_code,0,0,0,1,0.0000
0x005d39e0,0x005d39e0,,stub_code,2,2,4,17127,0.0000
0x0039d010,0x0039d010,,stub_code,1,1,2,17127,0.0000
0x004c2380,0x004c2380,,stub_code,0,1,1,17127,0.0000
0x005f7e80,0x005f7e80,,,1,0,1,17127,0.0000
0x003975c0,0x003975c0,,stub_code,2,2,4,17127,0.0000
0x00278420,0x00278420,,,4,0,4,17127,0.0000
0x00359190,0x00359190,,,1,0,1,17127,0.0000
0x0034a570,0x0034a570,,,1,0,1,17127,0.0000
0x002d9220,0x002d9220,,stub_code,1,2,3,17127,0.0000
0x003aaf70,0x003aaf70,,,1,0,1,17127,0.0000
0x0016f170,0x0016f170,,stub_code,5,2,7,17127,0.0000
0x002fb590,0x002fb590,,,1,0,1,17127,0.0000
0x00291500,0x00291500,,stub_code,1,2,3,17127,0.0000
0x0051e5a0,0x0051e5a0,,stub_code,271,4,275,17127,298.2500
0x001fafc0,0x001fafc0,,stub_code,0,0,0,1,0.0000
0x0012d220,0x0012d220,,stub_code,1,1,2,17127,0.0000
0x001bb820,0x001bb820,,,1,0,1,17127,0.0000
0x00357210,0x00357210,,stub_code,0,14,14,17127,0.0000
0x002a69e0,0x002a69e0,,stub_code,2,3,5,17127,0.0000
0x00121700,0x00121700,,,2,0,2,17127,0.0000
0x002efc00,0x002efc00,,,1,0,1,17127,0.0000
0x002c80d0,0x002c80d0,,stub_code,1,3,4,17127,1.0000
0x00504dc0,0x00504dc0,,stub_code,9,0,9,17127,0.0000
0x0058a500,0x0058a500,,stub_code,1,1,2,5,0.0000
0x00227950,0x00227950,,stub_code,3,1,4,17127,0.0000
0x0031af60,0x0031af60,,stub_code,5,1,6,17127,1.0000
0x003ff050,0x003ff050,,stub_code,2,2,4,17127,0.0000
0x00407860,0x00407860,,stub_code,0,1,1,17127,0.0000
0x005a8d50,0x005a8d50,,stub_code,0,1,1,2,0.0000
0x0054f010,0x0054f010,,,3,0,3,17127,0.0000
0x002d69f0,0x002d69f0,,stub_code,0,4,4,17127,0.0000
0x001ee950,0x001ee950,,stub_code,0,5,5,17127,0.0000
0x00556050,0x00556050,,stub_code,0,2,2,17127,0.0000
0x005683f0,0x005683f0,,,2,0,2,17127,0.0000
0x001057e0,0x001057e0,,stub_code,2,2,4,17127,0.0000
0x001889a0,0x001889a0,,stub_code,1,9,10,17127,0.0000
0x005f56b0,0x005f56b0,,stub_code,0,3,3,17127,0.0000
0x0028bc00,0x0028bc00,,stub_code,1,1,2,17127,0.0000
0x0043f598,0x0043f598,,,4,0,4,17127,0.0000
0x00184810,FUN_00184810,,pseudo_stub,3,1,4,17127,3.0000
0x005a49c0,0x005a49c0,,,2,0,2,17127,0.0000
0x004dfd50,0x004dfd50,,stub_code,0,4,4,17127,0.0000
0x005bfd50,0x005bfd50,,stub_code,1,2,3,17127,0.0000
0x004e09a0,0x004e09a0,,stub_code,0,10,10,17127,0.0000
0x004b09b0,0x004b09b0,,stub_code,0,1,1,17127,0.0000
0x00420a80,0x00420a80,,stub_code,1,6,7,17127,0.0000
0x004b7d80,0x004b7d80,,stub_thunk,0,0,0,1,0.0000
0x004bc750,0x004bc750,,stub_code,0,1,1,17127,0.0000
0x005a0500,0x005a0500,,,2,0,2,17127,0.0000
0x00327ee0,0x00327ee0,,stub_code,0,10,10,17127,0.0000
0x004984b8,0x004984b8,,,1,0,1,17127,0.0000
0x00311470,0x00311470,,stub_code,0,5,5,17127,0.0000
0x003ef2b0,FUN_003ef2b0,,real_logic,1,0,1,17127,0.0000
0x005d9fd0,0x005d9fd0,,stub_code,0,4,4,17127,0.0000
0x003e4070,0x003e4070,,stub_code,2,2,4,17127,1.0000
0x0058fe80,0x0058fe80,,stub_code,0,7,7,17127,0.0000
0x00179470,0x00179470,,stub_code,0,1,1,17127,0.0000
0x004b9450,0x004b9450,,stub_code,0,2,2,17127,0.0000
0x002d73c0,0x002d73c0,,stub_code,1,6,7,17127,0.0000
0x00461ad0,0x00461ad0,,stub_code,2,4,6,17127,2.0000
0x005444f0,0x005444f0,,stub_code,0,1,1,17127,0.0000
0x00542df0,0x00542df0,,stub_code,0,1,1,17127,0.0000
0x003a92c0,0x003a92c0,,stub_code,2,7,9,17127,0.0000
0x00597d10,0x00597d10,,stub_code,2,2,4,17127,0.0000
0x00369310,0x00369310,,stub_code,2,2,4,17127,0.0000
0x00216050,0x00216050,,stub_code,0,6,6,17127,0.0000
0x00254460,0x00254460,,stub_code,0,1,1,17127,0.0000
0x004647f0,0x004647f0,,stub_code,2,4,6,17127,0.0000
0x002c7a80,0x002c7a80,,stub_code,1,1,2,17127,0.0000
0x002dd500,0x002dd500,,stub_code,0,5,5,17127,0.0000
0x001c45f0,0x001c45f0,,,1,0,1,17127,0.0000
0x00301a60,0x00301a60,,stub_code,3,2,5,17127,0.0000
0x0023e070,FUN_0023e070,,real_logic,27,0,27,17127,0.0000
0x002d93b0,0x002d93b0,,stub_code,0,1,1,17127,0.0000
0x00595120,0x00595120,,stub_code,0,4,4,17127,0.0000
0x001a9ac0,0x001a9ac0,,stub_code,0,2,2,17127,0.0000
0x001169a0,0x001169a0,,stub_code,1,1,2,17127,0.0000
0x00512910,0x00512910,,stub_code,3,2,5,17127,2.3333
0x004ccc30,0x004ccc30,,stub_code,0,0,0,1,0.0000
0x00595400,0x00595400,,stub_code,0,4,4,17127,0.0000
0x003b2580,0x003b2580,,,1,0,1,17127,0.0000
0x001ab6f0,0x001ab6f0,,stub_code,0,0,0,1,0.0000
0x00536030,0x00536030,,stub_code,0,2,2,17127,0.0000
0x00283aa0,0x00283aa0,,stub_code,0,1,1,17127,0.0000
0x004a5238,0x004a5238,,,3,0,3,17127,0.0000
0x00359460,0x00359460,,stub_code,1,3,4,17127,0.0000
0x0026c040,0x0026c040,,stub_code,1,3,4,17127,0.0000
0x00290b00,0x00290b00,,stub_code,0,3,3,17127,0.0000
0x001337e0,0x001337e0,,stub_code,0,0,0,1,0.0000
0x003331e0,0x003331e0,,stub_code,0,4,4,17127,0.0000
0x001f08b0,0x001f08b0,,stub_code,0,3,3,17127,0.0000
0x0013e630,0x0013e630,,,4,0,4,17127,0.0000
0x003f8938,0x003f8938,,,12,0,12,17127,0.0000
0x004c4940,0x004c4940,,stub_code,24,2,26,17127,1.1111
0x00240040,FUN_00240040,,pseudo_stub,0,1,1,17127,0.0000
0x0027e3e0,0x0027e3e0,,stub_code,0,7,7,17127,0.0000
0x00499090,0x00499090,,,1,0,1,17127,0.0000
0x00582010,0x00582010,,,2,0,2,17127,0.0000
0x001c6ea0,0x001c6ea0,,stub_code,0,3,3,17127,0.0000
0x00292410,0x00292410,,,1,0,1,17127,0.0000
0x0030eda0,0x0030eda0,,stub_code,0,6,6,17127,0.0000
0x00254ae0,0x00254ae0,,stub_code,0,0,0,1,0.0000
0x0033f780,0x0033f780,,,1,0,1,17127,0.0000
0x005d84f0,0x005d84f0,,stub_code,0,2,2,17127,0.0000
0x002c85f0,0x002c85f0,,stub_code,0,1,1,17127,0.0000
0x0041b0f0,0x0041b0f0,,stub_code,1,0,1,17127,0.0000
0x002a3f40,0x002a3f40,,stub_code,2,1,3,17127,0.0000
0x00367da0,0x00367da0,,,2,0,2,8,0.0000
0x003f9968,FUN_003f9968,,pseudo_stub,0,0,0,1,0.0000
0x0015bc70,0x0015bc70,,stub_code,3,6,9,17127,0.0000
0x001c4f30,0x001c4f30,,stub_code,0,2,2,17127,0.0000
0x0018e8e0,0x0018e8e0,,stub_code,1,5,6,17127,0.0000
0x002e4360,0x002e4360,,stub_code,1,1,2,17127,0.0000
0x001c8210,0x001c8210,,stub_code,0,1,1,9,0.0000
0x002829d0,0x002829d0,,stub_code,0,1,1,17127,0.0000
0x0049d638,0x0049d638,,stub_code,1,2,3,17127,0.0000
0x00178ff0,0x00178ff0,,stub_code,1,2,3,17127,0.0000
0x001f2200,0x001f2200,,stub_code,1,5,6,17127,0.0000
0x005e4e80,0x005e4e80,,stub_code,0,1,1,17127,0.0000
0x004b8748,0x004b8748,,stub_code,1,2,3,17127,0.0000
0x00102740,0x00102740,,stub_code,1,3,4,17127,3.0000
0x001f9660,0x001f9660,,stub_code,0,7,7,17127,0.0000
0x0034a780,0x0034a780,,stub_code,0,2,2,17127,0.0000
0x00181060,0x00181060,,stub_code,1,11,12,17127,0.0000
0x00484ba8,0x00484ba8,,stub_code,2,1,3,17127,0.0000
0x00339fd0,0x00339fd0,,stub_code,1,0,1,4,0.0000
0x002cd700,0x002cd700,,stub_code,1,1,2,17127,0.0000
0x00380cf0,0x00380cf0,,stub_code,2,4,6,17127,0.0000
0x00302cc0,0x00302cc0,,stub_code,1,2,3,17127,0.0000
0x004d3ae0,0x004d3ae0,,stub_code,0,5,5,17127,0.0000
0x002a45a0,0x002a45a0,,stub_code,2,1,3,17127,0.0000
0x00365fa0,0x00365fa0,,stub_code,1,2,3,17127,0.0000
0x0037dcb0,0x0037dcb0,,,2,0,2,17127,0.0000
0x00541840,0x00541840,,,1,0,1,17127,0.0000
0x00474ea0,0x00474ea0,,stub_code,1,6,7,17127,0.0000
0x002532a0,0x002532a0,,stub_code,0,0,0,1,0.0000
0x003e0120,0x003e0120,,,4,0,4,17127,0.0000
0x0039a3e0,0x0039a3e0,,stub_code,3,4,7,17127,0.0000
0x00161db0,0x00161db0,,,23,0,23,17127,0.0000
0x001c5750,0x001c5750,,stub_code,0,4,4,17127,0.0000
0x0043f740,0x0043f740,,stub_code,0,6,6,17127,0.0000
0x005f8ea0,0x005f8ea0,,,3,0,3,17127,0.0000
0x0036eac0,0x0036eac0,,stub_code,1,2,3,17127,0.0000
0x004ebe50,0x004ebe50,,stub_code,0,6,6,17127,0.0000
0x004ebbf0,0x004ebbf0,,stub_code,0,4,4,17127,0.0000
0x00142050,0x00142050,,stub_code,0,7,7,17127,0.0000
0x00202250,0x00202250,,stub_code,1,1,2,17127,0.0000
0x0050c320,0x0050c320,,stub_code,0,1,1,17127,0.0000
0x0049f990,0x0049f990,,stub_code,1,3,4,17127,0.0000
0x004dcbd0,0x004dcbd0,,stub_code,0,4,4,17127,0.0000
0x001bd100,0x001bd100,,stub_code,0,7,7,17127,0.0000
0x005515f0,0x005515f0,,stub_code,0,4,4,17127,0.0000
0x00341e60,0x00341e60,,,2,0,2,17127,0.0000
0x004c2160,0x004c2160,,stub_code,0,1,1,17127,0.0000
0x00463600,0x00463600,,stub_code,1,4,5,17127,0.0000
0x00567580,0x00567580,,stub_code,2,1,3,17127,2.6667
0x002110e0,0x002110e0,,stub_code,0,1,1,17127,0.0000
0x0059e6e0,0x0059e6e0,,,1,0,1,2,0.0000
0x001a58e0,0x001a58e0,,stub_code,3,0,3,17127,0.0000
0x004ef7d0,0x004ef7d0,,stub_code,0,0,0,1,0.0000
0x00341a70,0x00341a70,,,2,0,2,17127,0.0000
0x002a7ab0,0x002a7ab0,,,1,0,1,17127,0.0000
0x00136a00,0x00136a00,,stub_code,0,2,2,17127,0.0000
0x002e4740,0x002e4740,,,1,0,1,17127,0.0000
0x0048bd18,FUN_0048bd18,,pseudo_stub,0,0,0,1,0.0000
0x0030e4f0,0x0030e4f0,,,1,0,1,17127,0.0000
0x00129310,0x00129310,,stub_code,0,1,1,2,0.0000
0x002a4b80,0x002a4b80,,stub_code,2,1,3,17127,0.0000
0x00171f70,0x00171f70,,stub_code,2,0,2,17127,0.0000
0x00352980,0x00352980,,stub_code,0,1,1,17127,0.0000
0x004f6a80,0x004f6a80,,stub_code,3,6,9,17127,0.0000
0x0038b350,0x0038b350,,stub_code,2,2,4,17127,1.0000
0x00462028,0x00462028,,stub_code,7,2,9,17127,0.0000
0x0044a910,0x0044a910,,stub_code,1,11,12,17127,20.8968
0x004acbf8,0x004acbf8,,stub_code,1,3,4,17127,0.0000
0x004eafb0,0x004eafb0,,stub_code,0,5,5,17127,0.0000
0x00212c90,0x00212c90,,,1,0,1,17127,0.0000
0x002a84a0,0x002a84a0,,stub_code,0,1,1,17127,0.0000
0x00473c48,0x00473c48,,stub_code,2,9,11,17127,40.0000
0x0045d6f0,FUN_0045d6f0,,real_logic,0,0,0,1,0.0000
0x00124730,0x00124730,,stub_code,0,0,0,1,0.0000
0x002edef0,0x002edef0,,stub_code,4,2,6,17127,0.0000
0x002fcae0,0x002fcae0,,stub_code,0,0,0,1,0.0000
0x005f6bb0,0x005f6bb0,,stub_code,0,4,4,17127,0.0000
0x00185020,0x00185020,,,5,0,5,17127,0.0000
0x003bc600,0x003bc600,,stub_code,3,1,4,17127,0.0000
0x00572020,0x00572020,,stub_code,1,2,3,17127,0.0000
0x0025cb10,0x0025cb10,,stub_code,0,0,0,1,0.0000
0x002b3870,0x002b3870,,,23,0,23,17127,0.0000
0x00416c70,0x00416c70,,,1,0,1,17127,0.0000
0x00355a90,0x00355a90,,,1,0,1,17127,0.0000
0x0012bda0,FUN_0012bda0,physics/collision,real_c,2,0,2,3,0.0000
0x00447e20,0x00447e20,,,1,0,1,17127,0.0000
0x00253f30,0x00253f30,,stub_code,0,0,0,1,0.0000
0x004b9788,0x004b9788,,,1,0,1,2,0.0000
0x00484be8,0x00484be8,,,1,0,1,17127,0.0000
0x00443f98,0x00443f98,,stub_code,7,1,8,17127,0.0000
0x0019dfb0,0x0019dfb0,,stub_code,1,2,3,17127,0.0000
0x001c31f0,0x001c31f0,,stub_code,6,11,17,17127,0.0000
0x001e4400,0x001e4400,,stub_code,0,2,2,17127,0.0000
0x003b9f10,0x003b9f10,,stub_code,0,7,7,17127,0.0000
0x0018e520,0x0018e520,,,2,0,2,17127,0.0000
0x00482d30,0x00482d30,,stub_code,0,1,1,17127,0.0000
0x0030be00,0x0030be00,,,2,0,2,17127,0.0000
0x001f01a0,0x001f01a0,,stub_code,0,4,4,17127,0.0000
0x00238160,0x00238160,,stub_code,1,0,1,17127,0.0000
0x001df8c0,0x001df8c0,,stub_code,0,0,0,1,0.0000
0x0046d320,FUN_0046d320,,pseudo_stub,1,1,2,17127,0.0000
0x00446ca0,0x00446ca0,,stub_code,2,2,4,17127,0.0000
0x0046b938,0x0046b938,,,1,0,1,17127,0.0000
0x0046ee48,0x0046ee48,,stub_code,1,3,4,17127,0.0000
0x0013dfd0,0x0013dfd0,,stub_code,4,3,7,17127,0.0000
0x001bcb20,0x001bcb20,,stub_code,0,2,2,17127,0.0000
0x002bebf0,0x002bebf0,,stub_code,0,2,2,17127,0.0000
0x0012c650,0x0012c650,,,6,0,6,17127,0.0000
0x0059c650,0x0059c650,,,1,0,1,2,0.0000
0x004f0b00,0x004f0b00,,stub_code,0,0,0,1,0.0000
0x00264bf0,0x00264bf0,,,1,0,1,17127,0.0000
0x0012e4e0,0x0012e4e0,,stub_code,1,0,1,17127,0.0000
0x003ff320,0x003ff320,,stub_code,0,1,1,17127,0.0000
0x0029e340,0x0029e340,,stub_code,1,1,2,17127,1.0000
0x00481a40,0x00481a40,,stub_code,0,1,1,17127,0.0000
0x004b5760,0x004b5760,,stub_code,0,2,2,17127,0.0000
0x004dd530,0x004dd530,,,1,0,1,2,0.0000
0x005f4dc0,0x005f4dc0,,,3,0,3,17127,0.0000
0x004a1568,0x004a1568,,stub_code,0,4,4,17127,0.0000
0x0015e100,0x0015e100,,stub_code,2,2,4,17127,2.0000
0x004af478,0x004af478,,,1,0,1,17127,0.0000
0x004fa3d0,0x004fa3d0,,stub_code,0,3,3,17127,0.0000
0x001301e0,0x001301e0,,,1,0,1,17127,0.0000
0x001a2110,0x001a2110,,stub_code,1,2,3,17127,0.0000
0x00187600,0x00187600,,stub_code,1,3,4,17127,0.0000
0x00493b20,0x00493b20,,stub_code,1,0,1,17127,0.0000
0x0053a890,0x0053a890,,stub_code,0,1,1,17127,0.0000
0x00173cc0,0x00173cc0,,stub_code,0,2,2,17127,0.0000
0x0051f2f0,0x0051f2f0,,stub_code,0,7,7,17127,0.0000
0x00594f40,0x00594f40,,stub_code,0,3,3,17127,0.0000
0x003db2f0,0x003db2f0,,stub_code,1,1,2,17127,0.0000
0x0021e4e0,0x0021e4e0,,stub_code,1,0,1,17127,0.0000
0x0033d7f0,0x0033d7f0,,stub_code,0,1,1,17127,0.0000
0x001327f0,0x001327f0,,stub_code,1,6,7,17127,0.0000
0x0020abf0,0x0020abf0,,,1,0,1,17127,0.0000
0x00499e90,0x00499e90,,stub_code,1,4,5,17127,0.0000
0x003351c0,0x003351c0,,stub_code,0,3,3,17127,0.0000
0x001add50,0x001add50,,stub_code,1,3,4,17127,0.0000
0x00076680,0x00076680,,,1,0,1,8,0.0000
0x001acf80,0x001acf80,,stub_code,5,1,6,17127,0.0000
0x001a29f0,0x001a29f0,,stub_code,0,5,5,17127,0.0000
0x002a78a0,0x002a78a0,,stub_code,0,4,4,17127,0.0000
0x0050a440,0x0050a440,,stub_code,1,2,3,17127,0.0000
0x001e6f10,0x001e6f10,,stub_code,2,3,5,17127,0.0000
0x00592840,0x00592840,,stub_code,0,5,5,17127,0.0000
0x005b5970,0x005b5970,,stub_code,2,6,8,17127,0.0000
0x004c3930,0x004c3930,,stub_code,0,3,3,17127,0.0000
0x002ca540,0x002ca540,,stub_code,1,19,20,17127,0.0000
0x002bef40,0x002bef40,,stub_code,0,1,1,17127,0.0000
0x001d3710,0x001d3710,,stub_code,0,0,0,1,0.0000
0x005ec440,0x005ec440,,stub_code,8,2,10,17127,4.5000
0x00244580,0x00244580,,stub_code,2,1,3,17127,1.0000
0x00134940,0x00134940,,stub_code,1,1,2,17127,0.0000
0x00278830,0x00278830,,,4,0,4,17127,0.0000
0x004b31c8,0x004b31c8,,,1,0,1,17127,0.0000
0x005d70d0,0x005d70d0,,stub_code,2,1,3,17127,0.0000
0x00305650,0x00305650,,stub_code,0,2,2,17127,0.0000
0x0047fd88,FUN_0047fd88,,pseudo_stub,1,0,1,17127,0.0000
0x004e8830,0x004e8830,,stub_code,3,1,4,17127,0.0000
0x004b4ca8,0x004b4ca8,,stub_code,1,2,3,17127,2.0000
0x0040bac0,0x0040bac0,,,1,0,1,17127,0.0000
0x0042abc8,0x0042abc8,,stub_code,0,2,2,17127,0.0000
0x002ef8b0,0x002ef8b0,,stub_code,0,6,6,17127,0.0000
0x003fa2a0,0x003fa2a0,,stub_code,1,0,1,17127,0.0000
0x00179c20,0x00179c20,,stub_code,0,5,5,17127,0.0000
0x00505410,0x00505410,,stub_code,0,2,2,17127,0.0000
0x004b3180,0x004b3180,,,1,0,1,17127,0.0000
0x004cc1c0,0x004cc1c0,,stub_code,0,0,0,1,0.0000
0x00309a80,0x00309a80,,,1,0,1,17127,0.0000
0x00232ab0,0x00232ab0,,stub_code,0,6,6,17127,0.0000
0x0046e700,0x0046e700,,stub_code,0,4,4,17127,0.0000
0x00423780,0x00423780,,stub_code,2,4,6,17127,8.0000
0x005501d0,0x005501d0,,stub_code,0,4,4,17127,0.0000
0x0039a4a0,0x0039a4a0,,stub_code,0,3,3,17127,0.0000
0x002c0710,0x002c0710,,stub_code,3,2,5,17127,0.0000
0x002617e0,0x002617e0,,,9,0,9,17127,0.0000
0x0054d220,0x0054d220,,,1,0,1,17127,0.0000
0x00116b30,0x00116b30,,,1,0,1,17127,0.0000
0x00133c70,0x00133c70,,stub_code,3,15,18,17127,0.0000
0x00260a30,0x00260a30,,stub_code,1,5,6,17127,0.0000
0x002de5f0,0x002de5f0,,stub_code,0,1,1,17127,0.0000
0x0011b9e0,0x0011b9e0,,stub_code,1,2,3,17127,0.0000
0x004786f0,0x004786f0,,,1,0,1,17127,0.0000
0x001fd190,0x001fd190,,stub_code,0,8,8,17127,0.0000
0x005fac00,0x005fac00,,,1,0,1,17127,0.0000
0x003a8430,0x003a8430,,stub_code,1,4,5,17127,0.0000
0x00179400,0x00179400,,stub_code,0,2,2,17127,0.0000
0x0026bf90,0x0026bf90,,stub_code,1,1,2,17127,0.0000
0x00581230,0x00581230,,stub_code,0,3,3,17127,0.0000
0x00557250,0x00557250,,stub_code,3,3,6,17127,2.8333
0x003516e0,0x003516e0,,stub_code,0,8,8,17127,0.0000
0x005640e0,0x005640e0,,stub_code,1,3,4,17127,0.0000
0x002f2320,0x002f2320,,stub_code,1,2,3,17127,0.0000
0x004457c8,0x004457c8,,,1,0,1,2,0.0000
0x0043e180,0x0043e180,,stub_code,2,3,5,17127,87.5000
0x002a3560,0x002a3560,,stub_code,1,2,3,17127,0.0000
0x0019c4b0,0x0019c4b0,,,2,0,2,17127,0.0000
0x0055b4b0,0x0055b4b0,,stub_code,1,1,2,17127,0.0000
0x005faaf0,0x005faaf0,,stub_code,1,2,3,17127,0.0000
0x003558d0,0x003558d0,,stub_code,2,4,6,17127,0.0000
0x004664b0,0x004664b0,,,1,0,1,17127,0.0000
0x00395650,0x00395650,,stub_code,7,3,10,17127,0.0000
0x00203710,0x00203710,,stub_code,0,9,9,17127,0.0000
0x005a33f0,0x005a33f0,,stub_code,0,5,5,17127,0.0000
0x004802a0,0x004802a0,,stub_code,1,2,3,17127,0.0000
0x001b0f10,0x001b0f10,,,2,0,2,17127,0.0000
0x004f4250,0x004f4250,,stub_code,1,10,11,17127,0.0000
0x0029cfc0,0x0029cfc0,,,1,0,1,17127,0.0000
0x0047a9a0,0x0047a9a0,,stub_code,0,1,1,17127,0.0000
0x003d8240,0x003d8240,,stub_code,0,3,3,17127,0.0000
0x003c6f70,0x003c6f70,,stub_code,1,12,13,17127,12.8714
0x0050f370,0x0050f370,,,2,0,2,17127,0.0000
0x005d1c90,0x005d1c90,,stub_code,1,1,2,17127,0.0000
0x002def20,0x002def20,,stub_code,0,4,4,17127,0.0000
0x0012d930,0x0012d930,,,7,0,7,17127,0.0000
0x004c4620,0x004c4620,,stub_code,0,5,5,17127,0.0000
0x0015e0f0,0x0015e0f0,,,3,0,3,17127,0.0000
0x00258df0,0x00258df0,,stub_code,0,1,1,17127,0.0000
0x005d44f0,0x005d44f0,,stub_code,0,7,7,17127,0.0000
0x005f9b10,0x005f9b10,,stub_code,0,0,0,1,0.0000
0x00475320,FUN_00475320,,pseudo_stub,2,1,3,17127,0.0000
0x001377f0,0x001377f0,,stub_code,0,1,1,17127,0.0000
0x00357950,0x00357950,,stub_code,59,2,61,17127,3.0000
0x004b0ce8,0x004b0ce8,,,1,0,1,17127,0.0000
0x0033eb70,0x0033eb70,,stub_code,1,2,3,17127,107.0000
0x00444670,0x00444670,,stub_code,2,5,7,17127,0.0000
0x004c01b0,0x004c01b0,,stub_code,0,1,1,17127,0.0000
0x001c3860,0x001c3860,,stub_code,1,0,1,17127,0.0000
0x00323020,0x00323020,,stub_code,0,7,7,17127,0.0000
0x004b7558,0x004b7558,,stub_code,1,2,3,17127,0.0000
0x004b2ff0,0x004b2ff0,,,6,0,6,17127,0.0000
0x00560810,0x00560810,,stub_code,0,5,5,17127,0.0000
0x0038f4e0,0x0038f4e0,,stub_code,1,3,4,17127,0.0000
0x00457400,0x00457400,,stub_code,2,8,10,17127,1.8077
0x0045ebe8,0x0045ebe8,,stub_code,0,4,4,17127,0.0000
0x004ea310,0x004ea310,,stub_code,0,1,1,17127,0.0000
0x00372270,0x00372270,,stub_code,4,2,6,17127,0.0000
0x005a1370,0x005a1370,,stub_code,0,6,6,17127,0.0000
0x003438d0,0x003438d0,,stub_code,0,2,2,17127,0.0000
0x00580480,0x00580480,,stub_code,0,4,4,17127,0.0000
0x00498ac0,0x00498ac0,,stub_code,3,11,14,17127,149.3333
0x002b8a40,0x002b8a40,,stub_code,0,2,2,17127,0.0000
0x001ee690,0x001ee690,,stub_code,2,3,5,17127,0.0000
0x00132420,0x00132420,,stub_code,1,1,2,17127,0.0000
0x002139c0,0x002139c0,,,2,0,2,17127,0.0000
0x005f0820,0x005f0820,,,2,0,2,17127,0.0000
0x00597170,0x00597170,,stub_code,0,3,3,17127,0.0000
0x00448340,0x00448340,,stub_code,1,2,3,17127,7.5000
0x00513f30,FUN_00513f30,,pseudo_stub,149,1,150,17127,69.5000
0x0014df90,0x0014df90,,stub_code,0,5,5,17127,0.0000
0x004bbca0,0x004bbca0,,stub_code,0,6,6,17127,0.0000
0x003ed480,0x003ed480,,stub_code,1,1,2,17127,0.0000
0x001a5410,0x001a5410,,stub_code,0,2,2,17127,0.0000
0x00217300,0x00217300,,stub_code,0,6,6,17127,0.0000
0x00408490,0x00408490,,,4,0,4,17127,0.0000
0x002a36e0,0x002a36e0,,stub_code,1,2,3,17127,0.0000
0x0033d480,0x0033d480,,stub_code,2,3,5,17127,0.0000
0x00500460,0x00500460,,stub_code,1,1,2,17127,0.0000
0x004791d0,FUN_004791d0,,pseudo_stub,0,1,1,17127,0.0000
0x001a8580,0x001a8580,,stub_code,0,1,1,17127,0.0000
0x005d5070,0x005d5070,,stub_code,0,6,6,17127,0.0000
0x0013fe00,0x0013fe00,,stub_code,0,0,0,1,0.0000
0x001eb740,0x001eb740,,stub_code,2,2,4,17127,0.0000
0x0047d2c8,0x0047d2c8,,stub_code,1,1,2,17127,0.0000
0x001862d0,0x001862d0,,,3,0,3,17127,0.0000
0x00211940,0x00211940,,stub_code,0,0,0,1,0.0000
0x003909f0,0x003909f0,,,1,0,1,17127,0.0000
0x00233440,0x00233440,,stub_code,0,2,2,17127,0.0000
0x0046f330,FUN_0046f330,,pseudo_stub,0,1,1,17127,0.0000
0x004c1ee0,0x004c1ee0,,stub_code,0,6,6,17127,0.0000
0x0014ffa0,0x0014ffa0,,stub_code,1,1,2,17127,0.0000
0x0031c830,0x0031c830,,stub_code,2,4,6,17127,0.0000
0x00544640,0x00544640,,stub_code,0,5,5,17127,0.0000
0x00128880,0x00128880,,stub_code,0,1,1,3,0.0000
0x004ab2f8,0x004ab2f8,,stub_code,0,2,2,17127,0.0000
0x004ec810,0x004ec810,,stub_code,0,5,5,17127,0.0000
0x0037e050,0x0037e050,,stub_code,1,4,5,17127,0.0000
0x0049f010,0x0049f010,,,2,0,2,17127,0.0000
0x001a2090,0x001a2090,,,3,0,3,17127,0.0000
0x0047f828,FUN_0047f828,,pseudo_stub,1,0,1,17127,0.0000
0x005e5870,0x005e5870,,stub_code,0,4,4,17127,0.0000
0x004fc640,0x004fc640,,stub_code,0,0,0,1,0.0000
0x00480e50,0x00480e50,,stub_code,0,1,1,17127,0.0000
0x00118940,0x00118940,,,1,0,1,17127,0.0000
0x00136f20,0x00136f20,,,1,0,1,17127,0.0000
0x00463928,0x00463928,,stub_code,1,1,2,17127,0.0000
0x004756c8,0x004756c8,,stub_code,0,1,1,17127,0.0000
0x003bbce0,0x003bbce0,,stub_code,1,1,2,17127,0.0000
0x0029d5c0,0x0029d5c0,,,1,0,1,17127,0.0000
0x00176b00,0x00176b00,,stub_code,0,1,1,17127,0.0000
0x005632d0,0x005632d0,,,1,0,1,17127,0.0000
0x005309d0,0x005309d0,,stub_code,0,7,7,17127,0.0000
0x002aeac0,0x002aeac0,,stub_code,1,2,3,17127,0.0000
0x00503e70,0x00503e70,,,1,0,1,17127,0.0000
0x002f1fd0,0x002f1fd0,,stub_code,4,2,6,17127,0.0000
0x004ca550,0x004ca550,,stub_code,0,5,5,17127,0.0000
0x002631a0,0x002631a0,,stub_code,0,3,3,17127,0.0000
0x003120f0,0x003120f0,,stub_code,0,1,1,17127,0.0000
0x004ef3f0,0x004ef3f0,,stub_code,1,1,2,17127,0.0000
0x00170d60,0x00170d60,,stub_code,5,6,11,17127,0.0000
0x0020e5d0,0x0020e5d0,,,1,0,1,17127,0.0000
0x0037b410,0x0037b410,,,2,0,2,17127,0.0000
0x00312f10,0x00312f10,,,2,0,2,17127,0.0000
0x00192d40,0x00192d40,,stub_code,0,1,1,17127,0.0000
0x0049cef0,0x0049cef0,,,1,0,1,17127,0.0000
0x001614d0,0x001614d0,,stub_code,1,2,3,17127,0.0000
0x00117c80,0x00117c80,,stub_code,1,1,2,17127,0.0000
0x00540850,FUN_00540850,,pseudo_stub,0,1,1,17127,0.0000
0x003de780,0x003de780,,stub_code,1,5,6,17127,17.0000
0x001858a0,0x001858a0,,stub_code,1,1,2,17127,0.0000
0x002f1e50,0x002f1e50,,stub_code,2,2,4,17127,0.0000
0x005ec520,0x005ec520,,stub_code,0,1,1,17127,0.0000
0x0021d990,0x0021d990,,stub_code,1,0,1,17127,0.0000
0x004ae8c8,0x004ae8c8,,,1,0,1,17127,0.0000
0x004e4ae0,0x004e4ae0,,stub_code,0,1,1,17127,0.0000
0x00509b20,0x00509b20,,stub_code,0,2,2,17127,0.0000
0x004be900,0x004be900,,,3,0,3,17127,0.0000
0x00150710,0x00150710,,,6,0,6,17127,0.0000
0x0040f030,FUN_0040f030,,real_logic,3,0,3,17127,0.0000
0x002d0200,0x002d0200,,stub_code,0,3,3,17127,0.0000
0x0051d530,0x0051d530,,stub_code,3,1,4,17127,1.0000
0x002283c0,0x002283c0,,stub_code,1,13,14,17127,0.0000
0x0054ba20,0x0054ba20,,,2,0,2,17127,0.0000
0x003c1f70,0x003c1f70,,stub_code,4,6,10,17127,0.0000
0x001ca550,0x001ca550,,stub_code,1,4,5,17127,0.0000
0x004f3910,0x004f3910,,stub_code,1,7,8,17127,0.0000
0x00295a40,0x00295a40,,stub_code,1,2,3,17127,1.0000
0x002a41f0,0x002a41f0,,stub_code,2,1,3,17127,0.0000
0x0034f2d0,0x0034f2d0,,stub_code,0,7,7,17127,0.0000
0x0055df50,0x0055df50,,stub_code,0,2,2,17127,0.0000
0x00473f60,0x00473f60,,stub_code,0,1,1,17127,0.0000
0x00141bd0,0x00141bd0,,stub_code,1,9,10,17127,0.0000
0x00195e50,0x00195e50,,stub_code,7,2,9,17127,2.0000
0x0031b1e0,0x0031b1e0,,,2,0,2,17127,0.0000
0x0050ebd0,0x0050ebd0,,stub_code,0,1,1,17127,0.0000
0x0018daf0,0x0018daf0,,,1,0,1,17127,0.0000
0x00306fd0,0x00306fd0,,,1,0,1,17127,0.0000
0x004b3fd8,0x004b3fd8,,,2,0,2,17127,0.0000
0x004c6a80,0x004c6a80,,stub_code,0,5,5,17127,0.0000
0x001e0290,0x001e0290,,stub_code,0,1,1,17127,0.0000
0x002406b0,0x002406b0,,stub_code,1,3,4,17127,0.0000
0x0050b170,0x0050b170,,stub_code,0,1,1,17127,0.0000
0x003da0e0,0x003da0e0,,stub_code,2,2,4,17127,0.5833
0x004f0980,0x004f0980,,stub_code,0,0,0,1,0.0000
0x001defa0,0x001defa0,,stub_code,2,1,3,17127,0.0000
0x002760e0,0x002760e0,,stub_code,0,13,13,17127,0.0000
0x00281e50,0x00281e50,,stub_code,0,1,1,17127,0.0000
0x005f0780,0x005f0780,,stub_code,0,3,3,17127,0.0000
0x004afad8,0x004afad8,,stub_code,0,3,3,17127,0.0000
0x00428420,0x00428420,,stub_code,0,3,3,17127,0.0000
0x005f90c0,0x005f90c0,,,2,0,2,17127,0.0000
0x001148b0,0x001148b0,,stub_code,1,2,3,17127,0.0000
0x0040a580,0x0040a580,,,2,0,2,17127,0.0000
0x0049eee0,0x0049eee0,,,1,0,1,17127,0.0000
0x00216740,0x00216740,,stub_code,15,14,29,17127,0.0000
0x003a0fb0,0x003a0fb0,,stub_code,6,3,9,17127,0.0000
0x002d3620,0x002d3620,,stub_code,2,3,5,17127,10.0000
0x00104390,0x00104390,,stub_code,5,5,10,17127,0.0000
0x0037f3d0,0x0037f3d0,,stub_code,1,11,12,17127,0.0000
0x005558a0,0x005558a0,,stub_code,0,3,3,17127,0.0000
0x0040b360,0x0040b360,,,10,0,10,17127,0.0000
0x001e5740,0x001e5740,,stub_code,3,1,4,17127,0.0000
0x004c7fc0,0x004c7fc0,,stub_code,0,1,1,17127,0.0000
0x005b7b60,0x005b7b60,,stub_code,0,3,3,17127,0.0000
0x00546d30,0x00546d30,,,3,0,3,17127,0.0000
0x00145c50,0x00145c50,,stub_code,1,4,5,17127,0.0000
0x001979d0,0x001979d0,,stub_code,1,2,3,17127,0.0000
0x00568b50,0x00568b50,,stub_code,0,3,3,17127,0.0000
0x00211500,0x00211500,,,1,0,1,17127,0.0000
0x00502500,0x00502500,,stub_code,2,1,3,17127,0.0000
0x00179770,0x00179770,,stub_code,1,2,3,17127,0.0000
0x003ac800,0x003ac800,,stub_code,1,4,5,17127,0.0000
0x0013ee60,0x0013ee60,,,6,0,6,17127,0.0000
0x002b0f10,0x002b0f10,,,1,0,1,17127,0.0000
0x004b48b0,0x004b48b0,,,1,0,1,17127,0.0000
0x005f0660,0x005f0660,,stub_code,0,1,1,2,0.0000
0x00430a40,0x00430a40,,stub_code,1,5,6,17127,204.2333
0x004e6fc0,0x004e6fc0,,stub_code,13,2,15,17127,1.0000
0x004af890,0x004af890,,,1,0,1,17127,0.0000
0x00159640,0x00159640,,stub_code,1,15,16,17127,0.0000
0x004c6640,0x004c6640,,,2,0,2,17127,0.0000
0x0033d340,0x0033d340,,stub_code,1,1,2,17127,0.0000
0x002379a0,0x002379a0,,stub_code,1,7,8,17127,0.0000
0x003de560,0x003de560,,stub_code,1,12,13,17127,27.5000
0x00190540,0x00190540,,stub_code,2,4,6,17127,0.0000
0x002690c0,0x002690c0,,stub_code,1,3,4,17127,0.0000
0x004a3fd0,0x004a3fd0,,,1,0,1,17127,0.0000
0x00570d70,0x00570d70,,stub_code,0,1,1,2,0.0000
0x00111ad0,0x00111ad0,,stub_code,1,3,4,17127,0.0000
0x00128030,0x00128030,,,10,0,10,17127,0.0000
0x00287760,0x00287760,,,1,0,1,17127,0.0000
0x005f7440,0x005f7440,,stub_code,1,2,3,17127,0.0000
0x00345860,0x00345860,,stub_code,5,6,11,17127,0.0000
0x005a59d0,0x005a59d0,,stub_code,0,1,1,17127,0.0000
0x001dda00,0x001dda00,,stub_code,1,0,1,17127,0.0000
0x005e6640,0x005e6640,,stub_code,0,4,4,17127,0.0000
0x004aa1e8,0x004aa1e8,,stub_code,1,6,7,17127,0.0000
0x005ca680,0x005ca680,,stub_code,0,5,5,17127,0.0000
0x001072a0,0x001072a0,,stub_code,20,2,22,17127,0.0000
0x002cf230,0x002cf230,,stub_code,0,3,3,17127,0.0000
0x004ba7f0,0x004ba7f0,,stub_code,0,0,0,1,0.0000
0x0051b810,0x0051b810,,stub_code,1,3,4,17127,2.5000
0x0058a5c0,0x0058a5c0,,stub_code,2,1,3,17127,0.0000
0x00471210,0x00471210,,stub_code,0,0,0,1,0.0000
0x0010f2f0,0x0010f2f0,,stub_code,1,5,6,17127,0.0000
0x00284af0,0x00284af0,,stub_code,0,1,1,17127,0.0000
0x0017ed00,0x0017ed00,,stub_code,0,15,15,17127,0.0000
0x00357b90,0x00357b90,,,1,0,1,17127,0.0000
0x006c9a50,0x006c9a50,,stub_code,0,3,3,17127,0.0000
0x00552050,0x00552050,,stub_code,1,5,6,17127,0.0000
0x0028ce90,0x0028ce90,,stub_code,3,2,5,17127,0.0000
0x0056dfb0,FUN_0056dfb0,,pseudo_stub,0,1,1,17127,0.0000
0x0023f710,0x0023f710,,stub_code,0,0,0,1,0.0000
0x004e0130,0x004e0130,,stub_code,0,1,1,17127,0.0000
0x00248b00,0x00248b00,,stub_code,0,1,1,17127,0.0000
0x002fce90,0x002fce90,,stub_code,1,6,7,17127,0.0000
0x003bd930,0x003bd930,,stub_code,1,1,2,17127,0.0000
0x00580ae0,0x00580ae0,,stub_code,0,4,4,17127,0.0000
0x005843a0,0x005843a0,,stub_code,0,3,3,17127,0.0000
0x0020b650,0x0020b650,,stub_code,0,6,6,17127,0.0000
0x0049f6d8,0x0049f6d8,,stub_code,0,3,3,17127,0.0000
0x00483280,0x00483280,,stub_code,0,3,3,17127,0.0000
0x00658b50,0x00658b50,,stub_code,0,1,1,2,0.0000
0x00658a80,0x00658a80,,stub_code,0,0,0,1,0.0000
0x00494a78,0x00494a78,,,1,0,1,17127,0.0000
0x00478540,0x00478540,,stub_code,11,2,13,17127,3.3333
0x005195a0,0x005195a0,,stub_code,3,2,5,17127,0.0000
0x00556d00,0x00556d00,,stub_code,4,1,5,17127,1.0000
0x0033d600,0x0033d600,,,1,0,1,17127,0.0000
0x0032ece0,0x0032ece0,,,1,0,1,17127,0.0000
0x0051ccc0,0x0051ccc0,,stub_code,0,5,5,17127,0.0000
0x003b06d0,0x003b06d0,,stub_code,1,5,6,17127,0.0000
0x002d75a0,0x002d75a0,,stub_code,4,2,6,17127,0.0000
0x00558350,0x00558350,,stub_code,0,0,0,1,0.0000
0x00497208,0x00497208,,stub_code,1,4,5,17127,0.0000
0x005e98d0,0x005e98d0,,stub_code,0,4,4,17127,0.0000
0x00543d30,0x00543d30,,stub_code,0,1,1,17127,0.0000
0x001a8330,0x001a8330,,stub_code,1,5,6,17127,0.0000
0x0020c0e0,0x0020c0e0,,stub_code,1,6,7,17127,0.0000
0x002de780,0x002de780,,,1,0,1,17127,0.0000
0x0049a268,0x0049a268,,stub_code,1,1,2,17127,0.0000
0x004a9ea8,0x004a9ea8,,stub_code,1,7,8,17127,0.0000
0x005fabf0,0x005fabf0,,,2,0,2,17127,0.0000
0x00550990,0x00550990,,stub_code,0,3,3,17127,0.0000
0x004949c0,0x004949c0,,stub_code,0,2,2,17127,0.0000
0x00362b60,0x00362b60,,,1,0,1,17127,0.0000
0x005efc30,0x005efc30,,,1,0,1,2,0.0000
0x0025c2b0,0x0025c2b0,,stub_code,0,0,0,1,0.0000
0x0034dbd0,0x0034dbd0,,stub_code,0,1,1,17127,0.0000
0x004e26d0,0x004e26d0,,stub_code,0,4,4,17127,0.0000
0x0021b3f0,0x0021b3f0,,,2,0,2,17127,0.0000
0x00260200,0x00260200,,stub_code,0,0,0,1,0.0000
0x001ef1a0,0x001ef1a0,,stub_code,0,0,0,1,0.0000
0x0027fb10,0x0027fb10,,stub_code,0,5,5,17127,0.0000
0x0015ded0,0x0015ded0,,,2,0,2,17127,0.0000
0x002c0130,0x002c0130,,stub_code,2,15,17,17127,0.0000
0x0041e3f0,0x0041e3f0,,stub_code,13,5,18,17127,3.0000
0x004b2828,0x004b2828,,stub_code,1,0,1,17127,0.0000
0x0055b730,0x0055b730,,stub_code,0,0,0,1,0.0000
0x0049b748,0x0049b748,,stub_code,0,3,3,17127,0.0000
0x004a41c0,0x004a41c0,,stub_code,2,1,3,17127,0.0000
0x004b86c0,0x004b86c0,,,3,0,3,17127,0.0000
0x00565c60,0x00565c60,,stub_code,2,6,8,17127,0.0000
0x0013a320,0x0013a320,,,1,0,1,17127,0.0000
0x00257840,0x00257840,,stub_code,0,3,3,17127,0.0000
0x001a4c60,0x001a4c60,,stub_code,0,1,1,17127,0.0000
0x0014de80,0x0014de80,,stub_code,0,5,5,17127,0.0000
0x001efea0,0x001efea0,,stub_code,0,2,2,17127,0.0000
0x003a8720,0x003a8720,,stub_code,1,3,4,17127,0.0000
0x005e1ed0,0x005e1ed0,,stub_code,0,0,0,1,0.0000
0x002593a0,0x002593a0,,stub_code,0,0,0,1,0.0000
0x002bb3a0,0x002bb3a0,,stub_code,1,4,5,17127,0.4318
0x0059d1b0,0x0059d1b0,,stub_code,1,2,3,17127,0.0000
0x005dc540,0x005dc540,,stub_code,0,8,8,17127,0.0000
0x001147a0,0x001147a0,,stub_code,1,2,3,17127,0.0000
0x004a5620,0x004a5620,,stub_code,0,1,1,17127,0.0000
0x0033a140,0x0033a140,,,3,0,3,17127,0.0000
0x0038f8b0,0x0038f8b0,,stub_code,1,2,3,17127,3.0000
0x005584c0,0x005584c0,,stub_code,2,6,8,17127,0.0000
0x001d6220,0x001d6220,,stub_code,1,3,4,17127,0.0000
0x00407b90,0x00407b90,,stub_code,1,4,5,17127,0.0000
0x0043bd40,0x0043bd40,,stub_code,3,7,10,17127,0.0000
0x004c6580,0x004c6580,,stub_code,2,2,4,17127,0.0000
0x0053d430,0x0053d430,,stub_code,0,2,2,17127,0.0000
0x004c3eb0,0x004c3eb0,,stub_code,0,4,4,17127,0.0000
0x004b8300,0x004b8300,,stub_code,1,6,7,17127,10.0000
0x003bad70,0x003bad70,,stub_code,0,0,0,1,0.0000
0x0043bf68,0x0043bf68,,stub_code,2,6,8,17127,0.0000
0x00422db0,0x00422db0,,stub_code,1,3,4,17127,0.0000
0x0011d030,0x0011d030,,,4,0,4,17127,0.0000
0x004b0a88,0x004b0a88,,stub_code,2,1,3,17127,0.0000
0x0032cc40,0x0032cc40,,stub_code,0,2,2,17127,0.0000
0x001dc6b0,0x001dc6b0,,stub_code,1,2,3,17127,0.0000
0x001aaa80,0x001aaa80,,stub_code,0,0,0,1,0.0000
0x001efc50,0x001efc50,,stub_code,0,3,3,17127,0.0000
0x003befd0,0x003befd0,,,1,0,1,17127,0.0000
0x003f5ca0,0x003f5ca0,,stub_code,2,0,2,17127,0.0000
0x004b4f60,0x004b4f60,,stub_code,0,1,1,17127,0.0000
0x00473e18,0x00473e18,,stub_code,4,2,6,17127,44.0000
0x00166870,0x00166870,,stub_code,1,3,4,17127,0.0000
0x0019cb90,0x0019cb90,,stub_code,0,2,2,17127,0.0000
0x004ba220,0x004ba220,,stub_code,11,1,12,17127,0.0000
0x0046c500,FUN_0046c500,,real_logic,1,0,1,17127,0.0000
0x0025cd50,0x0025cd50,,stub_code,0,0,0,1,0.0000
0x002156e0,0x002156e0,,stub_code,3,1,4,17127,0.0000
0x004cd440,0x004cd440,,stub_code,0,5,5,17127,0.0000
0x00117aa0,0x00117aa0,,stub_code,1,1,2,17127,0.0000
0x003e13e0,0x003e13e0,,,9,0,9,17127,0.0000
0x004469f8,0x004469f8,,stub_code,1,2,3,17127,0.0000
0x002bcf40,0x002bcf40,,stub_code,2,23,25,17127,15.8333
0x0051de00,0x0051de00,,stub_code,2,3,5,17127,4.0000
0x005ed330,FUN_005ed330,core/containers,real_c,0,0,0,1,0.0000
0x0049dfa8,0x0049dfa8,,stub_code,1,4,5,17127,0.0000
0x004bb200,0x004bb200,,stub_code,3,2,5,17127,0.0000
0x002584a0,0x002584a0,,stub_code,0,0,0,1,0.0000
0x00171e70,0x00171e70,,,16,0,16,17127,0.0000
0x001fdf60,0x001fdf60,,stub_code,0,0,0,1,0.0000
0x0019f020,FUN_0019f020,,pseudo_stub,0,0,0,1,0.0000
0x002151a0,0x002151a0,,,2,0,2,17127,0.0000
0x003ed9d0,0x003ed9d0,,stub_code,7,2,9,17127,0.0000
0x00336360,0x00336360,,stub_code,2,1,3,17127,0.0000
0x00262030,0x00262030,,,5,0,5,17127,0.0000
0x00185e20,0x00185e20,,,3,0,3,17127,0.0000
0x00243b30,0x00243b30,,,3,0,3,17127,0.0000
0x00318a20,0x00318a20,,stub_code,0,5,5,17127,0.0000
0x0027e520,0x0027e520,,stub_code,0,4,4,17127,0.0000
0x0051ce00,0x0051ce00,,stub_code,0,3,3,17127,0.0000
0x00591640,0x00591640,,stub_code,3,2,5,17127,0.0000
0x004d4db0,0x004d4db0,,stub_code,0,5,5,17127,0.0000
0x001c2d70,0x001c2d70,,stub_code,1,0,1,17127,0.0000
0x003e5ad0,0x003e5ad0,,,3,0,3,17127,0.0000
0x005a4520,0x005a4520,,stub_code,0,6,6,17127,0.0000
0x001eded0,0x001eded0,,stub_code,0,2,2,17127,0.0000
0x0026c1a0,0x0026c1a0,,,2,0,2,17127,0.0000
0x002d6fb0,0x002d6fb0,,stub_code,1,1,2,17127,0.0000
0x0029d680,0x0029d680,,,1,0,1,17127,0.0000
0x0029ec40,0x0029ec40,,stub_code,1,1,2,17127,1.0000
0x002f6450,0x002f6450,,stub_code,0,2,2,17127,0.0000
0x005efd70,0x005efd70,,stub_code,0,3,3,17127,0.0000
0x00470b50,0x00470b50,,stub_code,1,0,1,17127,0.0000
0x001309a0,0x001309a0,,,10,0,10,17127,0.0000
0x005a7810,0x005a7810,,stub_code,0,1,1,2,0.0000
0x00261a00,0x00261a00,,,11,0,11,17127,0.0000
0x002c2770,0x002c2770,,stub_code,1,1,2,17127,0.0000
0x002f3790,0x002f3790,,stub_code,0,0,0,1,0.0000
0x0042cac8,FUN_0042cac8,,real_logic,2,1,3,17127,0.0000
0x0014ccf0,0x0014ccf0,,stub_code,4,1,5,17127,0.0000
0x00249120,0x00249120,,stub_code,0,0,0,1,0.0000
0x004736f8,0x004736f8,,,4,0,4,17127,0.0000
0x004a4c50,0x004a4c50,,stub_code,1,8,9,17127,26.0000
0x002880e0,0x002880e0,,,3,0,3,17127,0.0000
0x004ba960,0x004ba960,,,2,0,2,17127,0.0000
0x001f2340,0x001f2340,,stub_code,0,4,4,17127,0.0000
0x0054a640,0x0054a640,,stub_code,0,1,1,17127,0.0000
0x00403fc0,0x00403fc0,,stub_code,1,2,3,17127,0.0000
0x00543940,0x00543940,,stub_code,0,10,10,17127,0.0000
0x004ad5c8,0x004ad5c8,,stub_code,0,1,1,17127,0.0000
0x002af3a0,0x002af3a0,,stub_code,1,1,2,17127,0.0000
0x0049db40,0x0049db40,,stub_code,0,5,5,17127,0.0000
0x001c5fa0,0x001c5fa0,,stub_code,0,2,2,17127,0.0000
0x002188d0,0x002188d0,,stub_code,6,1,7,17127,0.0000
0x0052ce90,0x0052ce90,,stub_code,1,2,3,17127,0.0000
0x002e2fa0,0x002e2fa0,,,1,0,1,17127,0.0000
0x004dd960,0x004dd960,,stub_code,0,3,3,17127,0.0000
0x00321ca0,0x00321ca0,,,2,0,2,17127,0.0000
0x001dd940,0x001dd940,,stub_code,0,5,5,17127,0.0000
0x004dc940,0x004dc940,,stub_code,0,1,1,2,0.0000
0x002a8d20,0x002a8d20,,stub_code,1,4,5,17127,0.0000
0x00428ab0,0x00428ab0,,,1,0,1,17127,0.0000
0x0049b3c0,0x0049b3c0,,,1,0,1,17127,0.0000
0x003f2350,0x003f2350,,,1,0,1,17127,0.0000
0x0059c550,0x0059c550,,stub_code,1,2,3,17127,0.0000
0x00578ad0,0x00578ad0,,,2,0,2,17127,0.0000
0x003ad270,0x003ad270,,stub_code,1,3,4,17127,0.0000
0x001fe380,0x001fe380,,stub_code,0,10,10,17127,0.0000
0x00198720,0x00198720,,stub_code,0,2,2,17127,0.0000
0x0029d020,0x0029d020,,,1,0,1,17127,0.0000
0x00380260,0x00380260,,,1,0,1,17127,0.0000
0x00218bf0,0x00218bf0,,stub_code,11,21,32,17127,0.0000
0x00381030,FUN_00381030,math/matrix,real_c,4,0,4,17127,0.0000
0x0047bed0,0x0047bed0,,stub_code,16,3,19,17127,0.0000
0x004bf400,0x004bf400,,stub_code,0,4,4,17127,0.0000
0x0046b6c0,0x0046b6c0,,stub_code,41,3,44,17127,0.0000
0x003edc40,0x003edc40,,stub_code,6,3,9,17127,0.0000
0x00484a88,0x00484a88,,stub_code,6,2,8,17127,0.0000
0x004e2640,0x004e2640,,stub_code,0,4,4,17127,0.0000
0x0011b030,0x0011b030,,stub_code,1,2,3,17127,0.0000
0x0028a140,0x0028a140,,stub_code,0,4,4,17127,0.0000
0x00130ad0,0x00130ad0,,stub_code,0,1,1,17127,0.0000
0x00214210,0x00214210,,stub_code,0,2,2,17127,0.0000
0x001ab3d0,0x001ab3d0,,stub_code,0,0,0,1,0.0000
0x004c4b80,0x004c4b80,,stub_code,0,3,3,17127,0.0000
0x003bae20,0x003bae20,,stub_code,0,4,4,17127,0.0000
0x004ae518,0x004ae518,,stub_code,1,2,3,17127,9.0000
0x001b75b0,0x001b75b0,,stub_code,1,1,2,17127,0.0000
0x0056e120,0x0056e120,,stub_code,0,18,18,17127,0.0000
0x0041c940,0x0041c940,,,2,0,2,17127,0.0000
0x005d0ef0,0x005d0ef0,,stub_code,1,5,6,17127,0.0000
0x002a3b00,0x002a3b00,,stub_code,1,1,2,17127,0.0000
0x004bf0e0,0x004bf0e0,,stub_code,1,2,3,17127,0.0000
0x00425fe0,0x00425fe0,,stub_code,1,1,2,17127,0.0000
0x0052d4f0,0x0052d4f0,,,1,0,1,17127,0.0000
0x00511480,0x00511480,,stub_code,2,1,3,17127,0.0000
0x00274e80,0x00274e80,,,1,0,1,17127,0.0000
0x00423d80,FUN_00423d80,,real_logic,1,0,1,17127,0.0000
0x0042ce18,FUN_0042ce18,,real_logic,1,2,3,17127,0.0000
0x004e61f0,0x004e61f0,,stub_code,0,1,1,17127,0.0000
0x003bd1e0,0x003bd1e0,,stub_code,1,3,4,17127,0.0000
0x00530c30,0x00530c30,,stub_code,0,3,3,17127,0.0000
0x005e2170,0x005e2170,,stub_code,0,9,9,17127,0.0000
0x0025cbd0,0x0025cbd0,,stub_code,0,0,0,1,0.0000
0x004a9ce0,0x004a9ce0,,stub_code,1,1,2,17127,0.0000
0x004ba240,0x004ba240,,stub_code,1154,2,1156,17127,1589.2111
0x005429a0,0x005429a0,,stub_code,0,1,1,17127,0.0000
0x003b8520,0x003b8520,,,4,0,4,17127,0.0000
0x00506470,0x00506470,,,1,0,1,17127,0.0000
0x002508b0,0x002508b0,,stub_code,0,1,1,15,0.0000
0x004a5d70,0x004a5d70,,stub_code,1,3,4,17127,0.0000
0x00543090,0x00543090,,stub_code,0,1,1,17127,0.0000
0x00331710,0x00331710,,,2,0,2,17127,0.0000
0x00171cf0,0x00171cf0,,stub_code,21,2,23,17127,1482.2333
0x004981b0,0x004981b0,,stub_code,2,1,3,17127,0.0000
0x00114290,0x00114290,,stub_code,1,9,10,17127,0.0000
0x0049f360,0x0049f360,,stub_code,0,4,4,17127,0.0000
0x005ca4e0,0x005ca4e0,,stub_code,0,7,7,17127,0.0000
0x001ab6b0,FUN_001ab6b0,,pseudo_stub,0,1,1,17127,0.0000
0x004fe4b0,0x004fe4b0,,stub_code,2,1,3,17127,0.0000
0x004bc0e0,0x004bc0e0,,stub_code,0,3,3,17127,0.0000
0x005a6470,0x005a6470,,,2,0,2,17127,0.0000
0x002afda0,0x002afda0,,,1,0,1,17127,0.0000
0x004b0828,0x004b0828,,stub_code,1,1,2,17127,0.0000
0x002c5cd0,0x002c5cd0,,stub_code,1,9,10,17127,0.0000
0x001df580,0x001df580,,stub_code,0,2,2,17127,0.0000
0x002dbb70,0x002dbb70,,stub_code,0,7,7,17127,0.0000
0x00458af0,0x00458af0,,stub_code,2,4,6,17127,2.8651
0x005c1140,0x005c1140,,stub_code,2,1,3,17127,0.0000
0x002ceaf0,0x002ceaf0,,stub_code,1,6,7,17127,0.0000
0x0051e690,0x0051e690,,,1,0,1,17127,0.0000
0x001d07b0,0x001d07b0,,stub_code,4,0,4,5,0.0000
0x00496718,0x00496718,,stub_code,6,3,9,17127,0.0000
0x002fbe90,0x002fbe90,,stub_code,1,2,3,17127,0.0000
0x004bad90,0x004bad90,,stub_code,1,2,3,17127,0.0000
0x003403f0,0x003403f0,,,1,0,1,17127,0.0000
0x00388430,0x00388430,,stub_code,1,4,5,17127,0.0000
0x004684f0,0x004684f0,,,1,0,1,17127,0.0000
0x001a8960,0x001a8960,,stub_code,0,1,1,17127,0.0000
0x00315eb0,0x00315eb0,,stub_code,0,3,3,17127,0.0000
0x004940a0,0x004940a0,,stub_code,8,1,9,17127,0.0000
0x001766d0,0x001766d0,,stub_code,0,2,2,17127,0.0000
0x0036e040,0x0036e040,,stub_code,3,2,5,17127,0.0000
0x00200b40,0x00200b40,,stub_code,2,14,16,17127,0.0000
0x0039cb30,0x0039cb30,,stub_code,1,2,3,17127,0.0000
0x003518d0,0x003518d0,,stub_code,0,4,4,17127,0.0000
0x005aee80,0x005aee80,,stub_code,0,6,6,17127,0.0000
0x002e3130,0x002e3130,,stub_code,0,5,5,17127,0.0000
0x00484610,0x00484610,,,1,0,1,17127,0.0000
0x002eddb0,0x002eddb0,,,8,0,8,17127,0.0000
0x004bbe00,0x004bbe00,,stub_code,0,4,4,17127,0.0000
0x00279340,0x00279340,,,3,0,3,17127,0.0000
0x001c7ec0,0x001c7ec0,,stub_code,0,2,2,17127,0.0000
0x00481da0,FUN_00481da0,,pseudo_stub,0,0,0,1,0.0000
0x005f5490,0x005f5490,,stub_code,0,3,3,17127,0.0000
0x004ba840,0x004ba840,,stub_code,0,0,0,1,0.0000
0x0033c5d0,0x0033c5d0,,stub_code,1,1,2,17127,8.5000
0x003bf460,0x003bf460,,,1,0,1,17127,0.0000
0x004759c0,0x004759c0,,stub_code,0,1,1,17127,0.0000
0x005d44a0,0x005d44a0,,stub_code,0,0,0,1,0.0000
0x00483fc8,0x00483fc8,,stub_thunk,14,0,14,17127,0.0000
0x0011b270,0x0011b270,,stub_code,7,2,9,17127,0.0000
0x00211880,0x00211880,,stub_code,0,2,2,17127,0.0000
0x004bb240,0x004bb240,,stub_code,0,4,4,17127,0.0000
0x0025f050,0x0025f050,,stub_code,0,2,2,17127,0.0000
0x005d0140,0x005d0140,,stub_code,0,3,3,17127,0.0000
0x00444ea8,0x00444ea8,,stub_code,0,1,1,2,0.0000
0x0056d180,0x0056d180,,stub_code,0,7,7,17127,0.0000
0x00409f70,0x00409f70,,,1,0,1,17127,0.0000
0x004ecd40,0x004ecd40,,,1,0,1,17127,0.0000
0x0037cde0,0x0037cde0,,,2,0,2,17127,0.0000
0x0045c840,0x0045c840,,stub_code,1,4,5,17127,0.0000
0x0049d9c0,0x0049d9c0,,stub_thunk,1,0,1,17127,0.0000
0x0026c790,0x0026c790,,stub_code,1,1,2,17127,0.0000
0x00512840,0x00512840,,stub_code,3,2,5,17127,2.3333
0x002ce940,0x002ce940,,,1,0,1,17127,0.0000
0x004c83d0,0x004c83d0,,stub_code,0,1,1,17127,0.0000
0x004a58a8,0x004a58a8,,stub_code,2,1,3,17127,0.0000
0x0049abe0,0x0049abe0,,stub_code,4,5,9,17127,45.6667
0x004b27b8,0x004b27b8,,,1,0,1,17127,0.0000
0x00259460,0x00259460,,stub_code,0,0,0,1,0.0000
0x004f2100,0x004f2100,,stub_code,84,5,89,17127,104.2500
0x001ebcb0,0x001ebcb0,,stub_code,1,2,3,17127,0.0000
0x0012d940,0x0012d940,,,2,0,2,17127,0.0000
0x00455bf0,0x00455bf0,,stub_code,2,6,8,17127,10.9048
0x00245860,0x00245860,,stub_code,1,2,3,17127,0.0000
0x0041cda0,0x0041cda0,,stub_code,1,8,9,17127,0.0000
0x0056ffc0,0x0056ffc0,,stub_code,0,6,6,17127,0.0000
0x004b31d0,0x004b31d0,,stub_code,1,2,3,17127,0.0000
0x00231440,0x00231440,,,1,0,1,17127,0.0000
0x00280d90,0x00280d90,,stub_code,0,3,3,17127,0.0000
0x001ace20,0x001ace20,,stub_code,0,2,2,17127,0.0000
0x001314a0,0x001314a0,,stub_code,0,3,3,17127,0.0000
0x00260340,0x00260340,,stub_code,1,1,2,17127,1.0000
0x0056a080,FUN_0056a080,,pseudo_stub,0,1,1,17127,0.0000
0x00348450,0x00348450,,stub_code,0,1,1,17127,0.0000
0x0046ddd0,0x0046ddd0,,stub_code,0,0,0,1,0.0000
0x0012ea30,0x0012ea30,,stub_code,1,1,2,17127,0.0000
0x002b8200,0x002b8200,,stub_code,0,3,3,17127,0.0000
0x00380e80,0x00380e80,,stub_code,1,2,3,17127,0.0000
0x001c5680,0x001c5680,,stub_code,1,1,2,17127,0.0000
0x00438d50,0x00438d50,,stub_code,2,4,6,17127,1.3333
0x002b0ba0,0x002b0ba0,,,1,0,1,17127,0.0000
0x002eed60,0x002eed60,,stub_code,0,4,4,17127,0.0000
0x00426b90,0x00426b90,,stub_code,1,1,2,17127,0.0000
0x00567270,0x00567270,,stub_code,1,4,5,17127,0.0000
0x004a22d8,0x004a22d8,,,1,0,1,17127,0.0000
0x0020ad10,0x0020ad10,,,1,0,1,17127,0.0000
0x001d9750,0x001d9750,,stub_code,1,11,12,17127,17.0000
0x0027d810,0x0027d810,,,1,0,1,17127,0.0000
0x004e31a0,0x004e31a0,,stub_code,1,2,3,17127,0.0000
0x0039a300,0x0039a300,,stub_code,1,3,4,17127,0.0000
0x004fa720,0x004fa720,,stub_code,0,2,2,17127,0.0000
0x002c0a30,0x002c0a30,,stub_code,1,2,3,17127,0.0000
0x0055a720,FUN_0055a720,,pseudo_stub,1,0,1,2,0.0000
0x002666d0,0x002666d0,,stub_code,3,4,7,17127,0.0000
0x0036b6a0,0x0036b6a0,,,1,0,1,17127,0.0000
0x0043df60,0x0043df60,,stub_code,1,4,5,17127,106.9000
0x005208f0,0x005208f0,,stub_code,0,4,4,17127,0.0000
0x0025e020,0x0025e020,,stub_code,19,0,19,17127,0.0000
0x00255c00,0x00255c00,,stub_code,0,1,1,15,0.0000
0x0059ca60,0x0059ca60,,stub_code,0,4,4,17127,0.0000
0x005674d0,0x005674d0,,stub_code,2,2,4,17127,7.0000
0x003a89d0,0x003a89d0,,stub_code,13,0,13,17127,0.0000
0x003496d0,0x003496d0,,stub_code,0,4,4,17127,0.0000
0x0021a8b0,0x0021a8b0,,stub_code,1,16,17,17127,0.0000
0x0014c6c0,0x0014c6c0,,stub_code,0,1,1,17127,0.0000
0x0050f7f0,0x0050f7f0,,stub_code,1,6,7,17127,45.0000
0x004f69c0,0x004f69c0,,,7,0,7,17127,0.0000
0x0055e890,0x0055e890,,stub_code,0,1,1,17127,0.0000
0x005157a0,0x005157a0,,stub_code,0,1,1,17127,0.0000
0x00118960,0x00118960,,,1,0,1,17127,0.0000
0x0024b830,0x0024b830,,stub_code,0,0,0,1,0.0000
0x005e7bb0,0x005e7bb0,,stub_code,1,2,3,17127,0.0000
0x003fd620,0x003fd620,,stub_code,0,3,3,17127,0.0000
0x005ef640,0x005ef640,,stub_code,0,1,1,2,0.0000
0x00468818,0x00468818,,stub_code,1,1,2,17127,0.0000
0x00338e10,0x00338e10,,,2,0,2,17127,0.0000
0x00151b70,0x00151b70,,stub_code,41,1,42,17127,14.0000
0x005e5140,0x005e5140,,stub_code,0,1,1,2,0.0000
0x004d5f80,0x004d5f80,,stub_code,0,1,1,17127,0.0000
0x00211c20,0x00211c20,,stub_code,1,3,4,17127,0.0000
0x00543fd0,0x00543fd0,,stub_code,0,1,1,17127,0.0000
0x0048bdb8,FUN_0048bdb8,,pseudo_stub,1,0,1,17127,0.0000
0x003420e0,0x003420e0,,stub_code,0,1,1,17127,0.0000
0x005954d0,0x005954d0,,stub_code,2,4,6,17127,0.0000
0x0049d2f0,0x0049d2f0,,,2,0,2,17127,0.0000
0x00107370,0x00107370,,stub_code,39,1,40,17127,0.0000
0x002afb80,0x002afb80,,stub_code,2,1,3,17127,0.0000
0x0036b370,0x0036b370,,stub_code,2,2,4,17127,0.0000
0x005e6840,0x005e6840,,stub_code,0,5,5,17127,0.0000
0x0035c600,0x0035c600,,stub_code,1,6,7,17127,0.0000
0x0025be20,0x0025be20,,stub_code,1,0,1,17127,0.0000
0x0049b8a0,0x0049b8a0,,stub_thunk,0,0,0,1,0.0000
0x005f0cc0,0x005f0cc0,,stub_code,2,2,4,17127,0.0000
0x002f9240,0x002f9240,,stub_code,1,2,3,17127,0.0000
0x0046d758,0x0046d758,,stub_code,1,1,2,17127,0.0000
0x00557a10,0x00557a10,,,1,0,1,17127,0.0000
0x004dcc60,0x004dcc60,,stub_code,0,4,4,17127,0.0000
0x001c6180,0x001c6180,,stub_code,0,0,0,1,0.0000
0x00302fd0,0x00302fd0,,stub_code,0,1,1,17127,0.0000
0x001db580,0x001db580,,stub_code,1,3,4,17127,0.0000
0x00128050,0x00128050,,,1,0,1,17127,0.0000
0x00144cb0,0x00144cb0,,stub_code,1,4,5,17127,0.0000
0x00369c60,0x00369c60,,stub_code,1,21,22,17127,135.0000
0x0015daa0,0x0015daa0,,,4,0,4,17127,0.0000
0x001308b0,0x001308b0,,,10,0,10,17127,0.0000
0x001b0f40,0x001b0f40,,stub_code,13,1,14,17127,3.0000
0x004b97b8,0x004b97b8,,stub_code,0,4,4,17127,0.0000
0x005c2700,0x005c2700,,stub_code,2,4,6,17127,0.0000
0x00449b40,0x00449b40,,stub_code,1,2,3,17127,12.7817
0x00359160,0x00359160,,,1,0,1,17127,0.0000
0x003aa190,0x003aa190,,stub_code,1,2,3,17127,0.0000
0x0049e7d0,0x0049e7d0,,stub_code,1,2,3,17127,0.0000
0x005440e0,0x005440e0,,stub_code,1,2,3,17127,0.0000
0x005faab0,0x005faab0,,stub_code,0,2,2,17127,0.0000
0x0038f8a0,0x0038f8a0,,,2,0,2,17127,0.0000
0x003489c0,0x003489c0,,stub_code,1,14,15,17127,0.0000
0x001719b0,0x001719b0,,,55,0,55,17127,0.0000
0x002029f0,0x002029f0,,,1,0,1,17127,0.0000
0x0027d970,0x0027d970,,stub_code,0,4,4,17127,0.0000
0x00291620,0x00291620,,stub_code,1,2,3,17127,0.0000
0x003ecd40,0x003ecd40,,stub_code,9,2,11,17127,0.0000
0x00470600,0x00470600,,stub_code,0,3,3,17127,0.0000
0x0056ef70,0x0056ef70,,stub_code,0,2,2,17127,0.0000
0x005823f0,0x005823f0,,,2,0,2,17127,0.0000
0x0037ae50,0x0037ae50,,stub_code,21,9,30,17127,0.0000
0x00128a60,0x00128a60,,,3,0,3,17127,0.0000
0x001d60c0,0x001d60c0,,stub_code,3,3,6,17127,0.0000
0x0031a960,0x0031a960,,,1,0,1,17127,0.0000
0x005faa50,0x005faa50,,stub_code,2,1,3,17127,0.0000
0x004db720,0x004db720,,stub_code,0,4,4,17127,0.0000
0x001ecc70,0x001ecc70,,stub_code,0,3,3,17127,0.0000
0x0031aae0,0x0031aae0,,stub_code,1,2,3,17127,1.8000
0x00232cf0,0x00232cf0,,stub_code,1,1,2,17127,0.0000
0x0053df50,0x0053df50,,,1,0,1,2,0.0000
0x00275a30,0x00275a30,,stub_code,2,2,4,17127,0.0000
0x002522e0,0x002522e0,,stub_code,2,0,2,17127,0.0000
0x004c1060,0x004c1060,,stub_code,0,3,3,17127,0.0000
0x00593270,0x00593270,,,2,0,2,17127,0.0000
0x0019e9b0,0x0019e9b0,,stub_code,0,2,2,17127,0.0000
0x004e7410,0x004e7410,,stub_code,0,1,1,17127,0.0000
0x003481d0,0x003481d0,,,1,0,1,17127,0.0000
0x0048b8b0,0x0048b8b0,,,1,0,1,17127,0.0000
0x00157810,0x00157810,,stub_code,1,1,2,17127,0.0000
0x0043ae78,0x0043ae78,,,26,0,26,17127,0.0000
0x00346240,0x00346240,,stub_code,0,8,8,17127,0.0000
0x0054f960,0x0054f960,,stub_code,0,6,6,17127,0.0000
0x00293830,0x00293830,,,1,0,1,17127,0.0000
0x002e56f0,0x002e56f0,,stub_code,1,10,11,17127,0.0000
0x001ed6d0,0x001ed6d0,,stub_code,0,4,4,17127,0.0000
0x0013c3d0,0x0013c3d0,,stub_code,1,2,3,17127,0.0000
0x0031f570,0x0031f570,,,2,0,2,17127,0.0000
0x0036a7d0,0x0036a7d0,,stub_code,1,2,3,17127,0.0000
0x0036d690,0x0036d690,,,3,0,3,17127,0.0000
0x002add80,0x002add80,,stub_code,0,3,3,17127,0.0000
0x002e9680,0x002e9680,,,2,0,2,17127,0.0000
0x0023d090,0x0023d090,,stub_code,2,0,2,17127,0.0000
0x0053f950,0x0053f950,,stub_code,1,2,3,17127,0.0000
0x003388f0,0x003388f0,,stub_code,0,3,3,17127,0.0000
0x00282210,0x00282210,,stub_code,0,4,4,17127,0.0000
0x0045c2d0,0x0045c2d0,,stub_code,1,9,10,17127,0.0000
0x0032a920,0x0032a920,,stub_code,1,2,3,17127,0.0000
0x0050a740,0x0050a740,,stub_code,0,2,2,17127,0.0000
0x004c63a0,0x004c63a0,,stub_code,0,3,3,17127,0.0000
0x00116be0,0x00116be0,,stub_code,4,4,8,17127,0.0000
0x0029f150,0x0029f150,,stub_code,1,1,2,17127,1.0000
0x002672f0,0x002672f0,,stub_code,2,2,4,17127,0.0000
0x00499938,0x00499938,,,1,0,1,17127,0.0000
0x0046fad8,0x0046fad8,,,1,0,1,3,0.0000
0x002412f0,0x002412f0,,stub_code,0,2,2,17127,0.0000
0x00182f10,0x00182f10,,stub_code,1,8,9,17127,0.0000
0x00260ed0,0x00260ed0,,stub_code,2,1,3,17127,0.0000
0x00154e20,0x00154e20,,,1,0,1,17127,0.0000
0x003c23c0,0x003c23c0,,stub_code,1,3,4,17127,1.0000
0x00482e88,0x00482e88,,stub_code,0,1,1,17127,0.0000
0x002fbdd0,0x002fbdd0,,,1,0,1,17127,0.0000
0x00119610,0x00119610,,stub_code,3,2,5,17127,0.0000
0x003f4a00,0x003f4a00,,stub_code,1,7,8,17127,0.0000
0x004e9340,0x004e9340,,stub_code,0,1,1,17127,0.0000
0x00491508,0x00491508,,stub_code,0,1,1,2,0.0000
0x005859a0,0x005859a0,,,2,0,2,3,0.0000
0x004b8860,0x004b8860,,stub_code,1,0,1,17127,0.0000
0x004f35d0,0x004f35d0,,stub_code,1,2,3,17127,0.0000
0x00357e90,0x00357e90,,,1,0,1,17127,0.0000
0x0043af80,0x0043af80,,,69,0,69,17127,0.0000
0x004a8b68,0x004a8b68,,stub_code,1,7,8,17127,0.0000
0x0026a540,0x0026a540,,stub_code,1,2,3,17127,0.0000
0x002d8b60,0x002d8b60,,,2,0,2,17127,0.0000
0x00550ee0,0x00550ee0,,,2,0,2,17127,0.0000
0x001dfb80,0x001dfb80,,stub_code,1,2,3,17127,0.0000
0x005a38e0,0x005a38e0,,stub_code,0,1,1,17127,0.0000
0x00286ea0,0x00286ea0,,,2,0,2,17127,0.0000
0x0053efe0,0x0053efe0,,,2,0,2,17127,0.0000
0x005a7f70,0x005a7f70,,stub_code,1,2,3,17127,0.0000
0x002af680,0x002af680,,stub_code,1,1,2,17127,0.0000
0x00420350,0x00420350,,stub_code,1,1,2,17127,1.0000
0x004b2f58,0x004b2f58,,,8,0,8,17127,0.0000
0x003af4f0,0x003af4f0,,stub_code,2,8,10,17127,0.0000
0x002b10c0,0x002b10c0,,,1,0,1,17127,0.0000
0x00342f80,0x00342f80,,stub_code,2,1,3,17127,0.0000
0x0057cc60,0x0057cc60,,stub_code,0,9,9,17127,0.0000
0x001605e0,0x001605e0,,,2,0,2,17127,0.0000
0x003acda0,0x003acda0,,stub_code,1,0,1,17127,0.0000
0x00516570,0x00516570,,stub_code,1,4,5,17127,67.0000
0x0053e870,0x0053e870,,stub_code,0,1,1,17127,0.0000
0x0027d680,0x0027d680,,stub_code,0,1,1,17127,0.0000
0x004c3090,0x004c3090,,stub_code,0,1,1,17127,0.0000
0x00324410,0x00324410,,stub_code,0,5,5,17127,0.0000
0x00222390,0x00222390,,stub_code,0,1,1,17127,0.0000
0x004dc5e0,0x004dc5e0,,,1,0,1,2,0.0000
0x00454d10,0x00454d10,,stub_code,2,7,9,17127,2.2500
0x00464598,0x00464598,,,1,0,1,17127,0.0000
0x004bc5e0,0x004bc5e0,,stub_code,0,3,3,17127,0.0000
0x005dd130,0x005dd130,,stub_code,0,3,3,17127,0.0000
0x00274bf0,0x00274bf0,,stub_code,1,3,4,17127,0.0000
0x00212b20,0x00212b20,,stub_code,1,1,2,17127,0.0000
0x004a91f0,0x004a91f0,,stub_code,1,2,3,17127,0.0000
0x0057fd90,0x0057fd90,,,2,0,2,6,0.0000
0x003d4db0,0x003d4db0,,stub_code,1,2,3,17127,0.0000
0x004708a8,0x004708a8,,stub_thunk,4,0,4,17127,0.0000
0x00316a10,0x00316a10,,stub_code,0,5,5,17127,0.0000
0x0039d810,0x0039d810,,stub_code,1,1,2,17127,0.0000
0x005a8a10,0x005a8a10,,,1,0,1,2,0.0000
0x00292dc0,0x00292dc0,,stub_code,0,5,5,17127,0.0000
0x004fa5b0,0x004fa5b0,,stub_code,0,0,0,1,0.0000
0x003455c0,0x003455c0,,,2,0,2,17127,0.0000
0x00216ee0,0x00216ee0,,stub_code,0,6,6,17127,0.0000
0x004f7590,0x004f7590,,,1,0,1,17127,0.0000
0x0030f7b0,0x0030f7b0,,stub_code,1,2,3,17127,0.0000
0x0016e840,0x0016e840,,stub_code,28,2,30,17127,35.5000
0x002fc990,0x002fc990,,stub_code,0,3,3,17127,0.0000
0x0033dc90,0x0033dc90,,stub_code,0,1,1,17127,0.0000
0x005978e0,0x005978e0,,stub_code,0,1,1,2,0.0000
0x00260860,0x00260860,,stub_code,2,2,4,17127,0.0000
0x00548db0,0x00548db0,,stub_code,0,5,5,17127,0.0000
0x002b1410,0x002b1410,,,1,0,1,17127,0.0000
0x002bec80,0x002bec80,,stub_code,0,1,1,17127,0.0000
0x00424470,0x00424470,,,2,0,2,17127,0.0000
0x003d3850,0x003d3850,,stub_code,1,5,6,17127,0.0000
0x002cefc0,0x002cefc0,,stub_code,0,1,1,17127,0.0000
0x005e54d0,0x005e54d0,,,1,0,1,2,0.0000
0x00229bc0,0x00229bc0,,,1,0,1,17127,0.0000
0x00595790,0x00595790,,,2,0,2,17127,0.0000
0x001ab5e0,0x001ab5e0,,stub_code,0,0,0,1,0.0000
0x0057a7b0,0x0057a7b0,,stub_code,0,9,9,17127,0.0000
0x004b5b30,0x004b5b30,,stub_code,0,0,0,1,0.0000
0x00560ac0,0x00560ac0,,stub_code,0,5,5,17127,0.0000
0x0026f370,0x0026f370,,stub_code,0,1,1,17127,0.0000
0x00512ac0,0x00512ac0,,stub_code,6,2,8,17127,4.0000
0x00185060,0x00185060,,,2,0,2,17127,0.0000
0x0042bf18,0x0042bf18,,,1,0,1,17127,0.0000
0x0026e1a0,FUN_0026e1a0,engine/objects,real_c,1,0,1,17127,0.0000
0x00468f38,0x00468f38,,stub_code,0,1,1,2,0.0000
0x001e61b0,0x001e61b0,,,1,0,1,17127,0.0000
0x004762d0,0x004762d0,,stub_code,0,0,0,1,0.0000
0x001bfa50,0x001bfa50,,stub_code,0,1,1,17127,0.0000
0x002694b0,0x002694b0,,stub_code,1,2,3,17127,0.0000
0x005a03f0,0x005a03f0,,stub_code,2,2,4,17127,0.0000
0x0033ea10,0x0033ea10,,,2,0,2,17127,0.0000
0x004755a8,0x004755a8,,stub_code,0,2,2,3,0.0000
0x0046bcd8,0x0046bcd8,,stub_code,0,0,0,1,0.0000
0x00414700,0x00414700,,,3,0,3,17127,0.0000
0x001b28e0,0x001b28e0,,stub_code,2,23,25,17127,0.0000
0x00345e20,0x00345e20,,stub_code,0,2,2,17127,0.0000
0x0026b160,0x0026b160,,stub_code,0,2,2,17127,0.0000
0x0019d000,0x0019d000,,stub_code,4,12,16,17127,288.0000
0x002839a0,0x002839a0,,,1,0,1,17127,0.0000
0x0051ef60,0x0051ef60,,stub_code,6,2,8,17127,7.0000
0x001cfd00,0x001cfd00,,,4,0,4,17127,0.0000
0x00186af0,0x00186af0,,stub_code,3,5,8,17127,0.0000
0x002ad240,0x002ad240,,stub_code,0,3,3,17127,0.0000
0x001b7570,0x001b7570,,,1,0,1,4,0.0000
0x00385dc0,0x00385dc0,,stub_code,1,0,1,17127,0.0000
0x00247f20,0x00247f20,,stub_code,0,6,6,17127,0.0000
0x00299dd0,0x00299dd0,,stub_code,0,5,5,17127,0.0000
0x0055b9c0,0x0055b9c0,,stub_code,0,7,7,17127,0.0000
0x0026f300,0x0026f300,,stub_code,0,0,0,1,0.0000
0x005a01f0,0x005a01f0,,stub_code,0,20,20,17127,0.0000
0x0040b950,0x0040b950,,,1,0,1,17127,0.0000
0x0059f830,0x0059f830,,stub_code,0,1,1,2,0.0000
0x0056fdf0,0x0056fdf0,,stub_code,0,6,6,17127,0.0000
0x002e92d0,0x002e92d0,,stub_code,0,3,3,17127,0.0000
0x003178e0,0x003178e0,,stub_code,0,3,3,17127,0.0000
0x001dcf90,0x001dcf90,,stub_code,0,1,1,17127,0.0000
0x00397200,0x00397200,,stub_code,5,3,8,17127,0.0000
0x001b7780,0x001b7780,,stub_code,1,2,3,17127,0.0000
0x004f4bd0,0x004f4bd0,,,1,0,1,17127,0.0000
0x00347c00,0x00347c00,,,1,0,1,17127,0.0000
0x004be650,0x004be650,,stub_code,0,3,3,17127,0.0000
0x00475370,FUN_00475370,,pseudo_stub,4,1,5,17127,0.0000
0x003083d0,0x003083d0,,stub_code,2,4,6,17127,0.0000
0x0026e060,FUN_0026e060,engine/objects,real_c,35,0,35,17127,0.0000
0x002e9a90,0x002e9a90,,stub_code,1,2,3,17127,0.0000
0x00171bc0,0x00171bc0,,stub_code,26,3,29,17127,11.5000
0x0022f760,0x0022f760,,stub_code,1,3,4,17127,0.0000
0x00585cb0,0x00585cb0,,,6,0,6,17127,0.0000
0x0053ead0,0x0053ead0,,stub_code,0,1,1,17127,0.0000
0x003fe040,0x003fe040,,stub_code,0,3,3,17127,0.0000
0x004aa450,0x004aa450,,,1,0,1,17127,0.0000
0x00146a30,0x00146a30,,stub_code,3,2,5,17127,0.0000
0x005ee2e0,0x005ee2e0,,stub_code,0,1,1,17127,0.0000
0x004c4770,0x004c4770,,,3,0,3,17127,0.0000
0x004cdcd0,0x004cdcd0,,,16,0,16,17127,0.0000
0x001c4890,0x001c4890,,stub_code,1,0,1,17127,0.0000
0x0054f100,0x0054f100,,stub_code,0,1,1,17127,0.0000
0x002eb7f0,0x002eb7f0,,stub_code,0,3,3,17127,0.0000
0x002b1730,0x002b1730,,,1,0,1,17127,0.0000
0x004b7b60,0x004b7b60,,stub_code,1,1,2,17127,0.0000
0x00225680,0x00225680,,stub_code,1,9,10,17127,0.0000
0x00310ad0,0x00310ad0,,stub_code,2,2,4,17127,0.0000
0x005b81c0,0x005b81c0,,stub_code,0,3,3,17127,0.0000
0x004a40d8,0x004a40d8,,stub_code,2,1,3,17127,0.0000
0x0042c620,FUN_0042c620,,real_logic,11,1,12,17127,40.0000
0x00481538,0x00481538,,,1,0,1,17127,0.0000
0x004cb6e0,0x004cb6e0,,stub_code,0,0,0,1,0.0000
0x00196700,0x00196700,,stub_code,2,2,4,17127,0.0000
0x002f7970,0x002f7970,,stub_code,0,7,7,17127,0.0000
0x004b02d0,0x004b02d0,,stub_code,0,2,2,17127,0.0000
0x0046e3c8,0x0046e3c8,,stub_code,6,2,8,17127,2.0000
0x0020ed10,0x0020ed10,,stub_code,1,10,11,17127,0.0000
0x00120780,0x00120780,,,47,0,47,17127,0.0000
0x00470db8,0x00470db8,,stub_code,0,2,2,17127,0.0000
0x00115f10,0x00115f10,,,1,0,1,17127,0.0000
0x001af980,0x001af980,,,1,0,1,17127,0.0000
0x0047cbd0,0x0047cbd0,,,1,0,1,4,0.0000
0x002a3460,0x002a3460,,stub_code,1,2,3,17127,0.0000
0x005094b0,0x005094b0,,stub_code,0,3,3,17127,0.0000
0x004ff960,0x004ff960,,stub_code,1,1,2,17127,0.0000
0x0056f030,0x0056f030,,stub_code,1,3,4,17127,0.0000
0x00252a80,0x00252a80,,stub_code,0,1,1,17127,0.0000
0x00253b40,0x00253b40,,stub_code,0,0,0,1,0.0000
0x0025a0a0,0x0025a0a0,,stub_code,0,0,0,1,0.0000
0x005998d0,0x005998d0,,stub_code,0,1,1,17127,0.0000
0x00353980,0x00353980,,stub_code,1,4,5,17127,0.0000
0x004c4cf0,0x004c4cf0,,stub_code,0,1,1,17127,0.0000
0x002db3f0,0x002db3f0,,stub_code,2,3,5,17127,0.0000
0x00132b80,0x00132b80,,,2,0,2,17127,0.0000
0x005e2020,0x005e2020,,stub_code,0,1,1,17127,0.0000
0x003f0d60,FUN_003f0d60,,real_logic,1,0,1,17127,0.0000
0x00443cb8,0x00443cb8,,stub_code,0,1,1,17127,0.0000
0x00124080,0x00124080,,stub_code,1,3,4,17127,0.0000
0x0020bd80,0x0020bd80,,stub_code,0,1,1,3,0.0000
0x0031ed30,0x0031ed30,,stub_code,1,2,3,17127,3.7500
0x00461150,0x00461150,,stub_code,1,9,10,17127,0.0000
0x00304330,0x00304330,,stub_code,1,2,3,17127,0.0000
0x0023fc80,0x0023fc80,,stub_code,0,2,2,17127,0.0000
0x001e1680,0x001e1680,,stub_code,1,8,9,17127,0.0000
0x0048be58,FUN_0048be58,,pseudo_stub,1,0,1,17127,0.0000
0x0031af10,0x0031af10,,stub_code,4,1,5,17127,0.0000
0x003b1490,0x003b1490,,stub_code,4,5,9,17127,0.0000
0x00520530,0x00520530,,stub_code,0,4,4,17127,0.0000
0x00301900,0x00301900,,,2,0,2,17127,0.0000
0x0043c890,0x0043c890,,,1,0,1,2,0.0000
0x002a8930,0x002a8930,,stub_code,1,11,12,17127,0.0000
0x0048c420,0x0048c420,,stub_code,1,1,2,17127,0.0000
0x0014c450,0x0014c450,,stub_code,0,2,2,17127,0.0000
0x00271020,0x00271020,,stub_code,0,5,5,17127,0.0000
0x005c9e70,0x005c9e70,,stub_code,0,12,12,17127,0.0000
0x001de8a0,0x001de8a0,,stub_code,2,1,3,17127,0.0000
0x00281a90,0x00281a90,,,1,0,1,17127,0.0000
0x0042c1e8,FUN_0042c1e8,,real_logic,14,3,17,17127,143.5000
0x001c8ec0,0x001c8ec0,,stub_code,0,0,0,1,0.0000
0x002e73f0,0x002e73f0,,stub_code,0,1,1,17127,0.0000
0x005c6450,0x005c6450,,stub_code,1,6,7,17127,0.0000
0x00339820,0x00339820,,stub_code,2,6,8,17127,74.0000
0x002e0ea0,0x002e0ea0,,stub_code,0,3,3,17127,0.0000
0x00153790,0x00153790,,stub_code,1,1,2,17127,0.0000
0x00546e70,0x00546e70,,stub_code,0,5,5,17127,0.0000
0x00153610,0x00153610,,stub_code,1,2,3,17127,0.0000
0x004407e8,0x004407e8,,,23,0,23,17127,0.0000
0x0018b000,0x0018b000,,stub_code,0,2,2,17127,0.0000
0x0012f9d0,0x0012f9d0,,,2,0,2,17127,0.0000
0x00396800,0x00396800,,stub_code,1,4,5,17127,0.0000
0x00127170,0x00127170,,,11,0,11,17127,0.0000
0x0023fe60,0x0023fe60,,stub_code,0,1,1,17127,0.0000
0x0014f150,0x0014f150,,stub_code,0,2,2,17127,0.0000
0x004044f0,0x004044f0,,stub_code,2,1,3,17127,0.0000
0x004aefe8,0x004aefe8,,stub_code,1,9,10,17127,84.0000
0x004e5550,0x004e5550,,stub_code,0,1,1,17127,0.0000
0x00212f40,0x00212f40,,stub_code,1,1,2,17127,0.0000
0x001df5e0,0x001df5e0,,stub_code,0,9,9,17127,0.0000
0x004de2b0,0x004de2b0,,stub_code,1,2,3,17127,0.0000
0x0019fd90,0x0019fd90,,stub_code,1,2,3,17127,0.0000
0x00274290,0x00274290,,stub_code,0,3,3,17127,0.0000
0x00220bb0,0x00220bb0,,stub_code,1,30,31,17127,0.0000
0x0043c9d0,0x0043c9d0,,,17,0,17,17127,0.0000
0x00379bc0,0x00379bc0,,stub_code,2,2,4,17127,0.0000
0x00169e80,0x00169e80,,stub_code,0,2,2,17127,0.0000
0x004b8ac0,0x004b8ac0,,,1,0,1,17127,0.0000
0x005664c0,0x005664c0,,stub_code,0,23,23,17127,0.0000
0x00597dd0,0x00597dd0,,,2,0,2,17127,0.0000
0x001f88e0,0x001f88e0,,stub_code,0,1,1,17127,0.0000
0x003fd488,0x003fd488,,stub_code,1,3,4,17127,0.0000
0x001e06f0,0x001e06f0,,stub_code,0,0,0,1,0.0000
0x004d6fd0,0x004d6fd0,,stub_code,0,4,4,17127,0.0000
0x001b8d30,0x001b8d30,,stub_code,5,2,7,17127,0.0000
0x0040b000,0x0040b000,,,4,0,4,17127,0.0000
0x003e4100,0x003e4100,,stub_code,3,3,6,17127,8.2500
0x0046fe08,0x0046fe08,,stub_code,1,1,2,17127,0.0000
0x004dbcf0,0x004dbcf0,,stub_code,0,4,4,17127,0.0000
0x003ff1e0,0x003ff1e0,,stub_code,11,3,14,17127,1.0000
0x001181f0,0x001181f0,,stub_code,8,2,10,17127,0.0000
0x002d82e0,0x002d82e0,,,1,0,1,17127,0.0000
0x0021b2a0,0x0021b2a0,,,12,0,12,17127,0.0000
0x0049d260,0x0049d260,,stub_code,1,0,1,17127,0.0000
0x002068e0,0x002068e0,,stub_code,1,4,5,17127,0.0000
0x00355f20,0x00355f20,,,1,0,1,17127,0.0000
0x00377190,FUN_00377190,,pseudo_stub,0,1,1,17127,0.0000
0x002d44b0,0x002d44b0,,stub_code,1,1,2,17127,0.0000
0x005fe540,0x005fe540,,stub_code,0,1,1,17127,0.0000
0x0058ab30,FUN_0058ab30,,real_logic,3,0,3,17127,0.0000
0x003286f0,0x003286f0,,,2,0,2,17127,0.0000
0x001518e0,0x001518e0,,stub_code,7,3,10,17127,3.6659
0x004a2888,0x004a2888,,stub_thunk,2,0,2,17127,0.0000
0x004009b0,0x004009b0,,stub_code,1,5,6,17127,0.0000
0x00412160,0x00412160,,stub_code,1,6,7,17127,0.5000
0x002ce9c0,0x002ce9c0,,,1,0,1,17127,0.0000
0x0032eb50,0x0032eb50,,stub_code,0,8,8,17127,0.0000
0x0055eeb0,0x0055eeb0,,stub_code,0,2,2,17127,0.0000
0x00153850,0x00153850,,stub_code,1,31,32,17127,0.0000
0x004a5720,0x004a5720,,,1,0,1,17127,0.0000
0x00385300,0x00385300,,stub_code,1,8,9,17127,0.0000
0x004bce20,0x004bce20,,,4,0,4,17127,0.0000
0x00599920,0x00599920,,stub_code,0,5,5,17127,0.0000
0x004affa0,0x004affa0,,stub_code,0,4,4,17127,0.0000
0x005eabd0,0x005eabd0,,,1,0,1,2,0.0000
0x00296c70,0x00296c70,,stub_code,37,1,38,17127,1.8333
0x00437e60,0x00437e60,,,3,0,3,17127,0.0000
0x002b8f50,0x002b8f50,,stub_code,2,1,3,17127,0.0000
0x0014d8b0,0x0014d8b0,,stub_code,0,5,5,17127,0.0000
0x005ae3d0,0x005ae3d0,,stub_code,0,7,7,17127,0.0000
0x0019ec70,0x0019ec70,,stub_code,0,6,6,17127,0.0000
0x001215f0,0x001215f0,,stub_code,2,1,3,17127,0.0000
0x002174c0,0x002174c0,,stub_code,0,6,6,17127,0.0000
0x002afa50,0x002afa50,,stub_code,2,1,3,17127,0.0000
0x0049cc60,0x0049cc60,,stub_code,0,5,5,17127,0.0000
0x00550b30,0x00550b30,,stub_code,0,5,5,17127,0.0000
0x005a0510,0x005a0510,,,1,0,1,17127,0.0000
0x0047a2b8,0x0047a2b8,,stub_code,0,2,2,17127,0.0000
0x0058ed00,0x0058ed00,,stub_code,0,1,1,17127,0.0000
0x004ddf70,0x004ddf70,,stub_code,0,4,4,17127,0.0000
0x003aa0c0,0x003aa0c0,,stub_code,0,3,3,17127,0.0000
0x00138eb0,0x00138eb0,,,2,0,2,17127,0.0000
0x00516610,0x00516610,,stub_code,1,1,2,17127,0.0000
0x0027cb50,0x0027cb50,,stub_code,0,3,3,17127,0.0000
0x00513a80,0x00513a80,,stub_code,0,1,1,17127,0.0000
0x00368d90,0x00368d90,,stub_code,2,2,4,17127,0.0000
0x003678d0,0x003678d0,,,3,0,3,17127,0.0000
0x004a37c0,0x004a37c0,,stub_code,0,2,2,17127,0.0000
0x001a4e20,0x001a4e20,,stub_code,0,1,1,17127,0.0000
0x004450e0,FUN_004450e0,core/struct,real_logic,2,0,2,17127,0.0000
0x0014c170,0x0014c170,,stub_code,0,2,2,17127,0.0000
0x004b4ab8,0x004b4ab8,,stub_code,0,2,2,17127,0.0000
0x003a9ac0,0x003a9ac0,,stub_code,1,3,4,17127,0.0000
0x004f7ea0,0x004f7ea0,,,1,0,1,17127,0.0000
0x005e8360,0x005e8360,,,8,0,8,17127,0.0000
0x001de650,0x001de650,,stub_code,0,1,1,17127,0.0000
0x001d3320,0x001d3320,,stub_code,2,1,3,17127,0.0000
0x001c89e0,0x001c89e0,,stub_code,0,0,0,1,0.0000
0x004deaf0,0x004deaf0,,,1,0,1,17127,0.0000
0x0026ee40,0x0026ee40,,stub_code,0,1,1,17127,0.0000
0x00119f10,0x00119f10,,stub_code,1,36,37,17127,0.0000
0x00280300,0x00280300,,,1,0,1,17127,0.0000
0x005944f0,0x005944f0,,,1,0,1,2,0.0000
0x004a0210,0x004a0210,,stub_code,0,3,3,17127,0.0000
0x0032c7a0,0x0032c7a0,,stub_code,0,2,2,17127,0.0000
0x002a81c0,0x002a81c0,,stub_code,1,0,1,17127,0.0000
0x001e7a60,0x001e7a60,,stub_code,1,3,4,17127,0.0000
0x00188800,0x00188800,,,1,0,1,17127,0.0000
0x005f03a0,0x005f03a0,,stub_code,0,6,6,17127,0.0000
0x00551e60,0x00551e60,,stub_code,2,1,3,17127,0.0000
0x001c7810,0x001c7810,,stub_code,0,2,2,17127,0.0000
0x004d7060,0x004d7060,,stub_code,1,2,3,17127,0.0000
0x002f71e0,0x002f71e0,,stub_code,1,0,1,17127,0.0000
0x00236e00,0x00236e00,,stub_code,1,2,3,17127,0.0000
0x0026f4e0,0x0026f4e0,,stub_code,0,0,0,1,0.0000
0x0034aed0,0x0034aed0,,stub_code,1,2,3,17127,0.0000
0x0032b670,0x0032b670,,stub_code,0,2,2,17127,0.0000
0x0017e960,0x0017e960,,,2,0,2,17127,0.0000
0x00543150,0x00543150,,stub_code,0,1,1,17127,0.0000
0x00546810,0x00546810,,,1,0,1,2,0.0000
0x0018e870,0x0018e870,,stub_code,1,2,3,17127,0.0000
0x004d2370,0x004d2370,,stub_code,0,1,1,17127,0.0000
0x005fe2c0,0x005fe2c0,,stub_code,0,2,2,17127,0.0000
0x00593dd0,0x00593dd0,,stub_code,0,3,3,17127,0.0000
0x003a9920,0x003a9920,,,1,0,1,17127,0.0000
0x001bbc00,0x001bbc00,,stub_code,0,4,4,17127,0.0000
0x00478068,0x00478068,,stub_code,1,1,2,17127,0.0000
0x0016c170,0x0016c170,,stub_code,0,1,1,17127,0.0000
0x005fae70,0x005fae70,,stub_code,1,0,1,17127,0.0000
0x00454f80,0x00454f80,,stub_code,2,3,5,17127,0.0000
0x002ae500,0x002ae500,,stub_code,0,3,3,17127,0.0000
0x004ea150,0x004ea150,,stub_code,0,4,4,17127,0.0000
0x004ef040,0x004ef040,,stub_code,1,1,2,17127,0.0000
0x005b9920,0x005b9920,,stub_code,1,3,4,17127,0.0000
0x00348ea0,0x00348ea0,,stub_code,0,17,17,17127,0.0000
0x0037a5e0,0x0037a5e0,,stub_code,6,9,15,17127,0.0000
0x00132f60,0x00132f60,,,2,0,2,17127,0.0000
0x005ec4e0,0x005ec4e0,,,6,0,6,17127,0.0000
0x003a9210,0x003a9210,,stub_code,1,1,2,17127,0.0000
0x00127010,0x00127010,,stub_code,1,2,3,17127,0.0000
0x00584b20,0x00584b20,,stub_code,0,5,5,17127,0.0000
0x002630a0,0x002630a0,,,2,0,2,17127,0.0000
0x00253420,0x00253420,,stub_code,0,0,0,1,0.0000
0x0033e930,0x0033e930,,,2,0,2,17127,0.0000
0x00480370,0x00480370,,stub_code,0,0,0,1,0.0000
0x0035fa90,0x0035fa90,,stub_code,1,1,2,17127,0.0000
0x004addb0,0x004addb0,,stub_code,0,1,1,17127,0.0000
0x0017ea30,0x0017ea30,,stub_code,0,2,2,17127,0.0000
0x004e7320,0x004e7320,,,3,0,3,17127,0.0000
0x00465590,0x00465590,,stub_code,0,3,3,17127,0.0000
0x00150240,0x00150240,,stub_code,0,8,8,17127,0.0000
0x003b7510,0x003b7510,,stub_code,2,1,3,17127,0.0000
0x00153ff0,0x00153ff0,,stub_code,1,3,4,17127,0.0000
0x001f7e50,0x001f7e50,,stub_code,0,0,0,1,0.0000
0x005ee9a0,0x005ee9a0,,stub_code,0,5,5,17127,0.0000
0x003f71a0,0x003f71a0,,,1,0,1,17127,0.0000
0x004e95f0,0x004e95f0,,stub_code,0,4,4,17127,0.0000
0x00315470,0x00315470,,,1,0,1,17127,0.0000
0x00253810,0x00253810,,stub_code,0,0,0,1,0.0000
0x005f1450,0x005f1450,,stub_code,0,8,8,17127,0.0000
0x004e1690,0x004e1690,,stub_code,0,4,4,17127,0.0000
0x003abc10,0x003abc10,,stub_code,0,1,1,2,0.0000
0x0015da80,0x0015da80,,,7,0,7,17127,0.0000
0x00541c60,0x00541c60,,stub_code,0,6,6,17127,0.0000
0x00162020,0x00162020,,stub_code,1,1,2,17127,0.0000
0x002ee9d0,0x002ee9d0,,stub_code,3,5,8,17127,0.0000
0x00446c68,FUN_00446c68,,pseudo_stub,0,1,1,17127,0.0000
0x005289b0,0x005289b0,,stub_code,4,6,10,17127,0.0000
0x00400ae0,0x00400ae0,,stub_code,4,8,12,17127,0.0000
0x002318b0,0x002318b0,,stub_code,0,1,1,17127,0.0000
0x0012f600,0x0012f600,,,1,0,1,17127,0.0000
0x00263a10,0x00263a10,,stub_code,0,1,1,17127,0.0000
0x002be200,0x002be200,,stub_code,0,2,2,17127,0.0000
0x0054c6a0,0x0054c6a0,,stub_code,1,2,3,17127,0.0000
0x00473780,0x00473780,,stub_code,1,1,2,17127,0.0000
0x004c5300,0x004c5300,,stub_code,0,1,1,17127,0.0000
0x0058b090,0x0058b090,,,48,0,48,17127,0.0000
0x002584f0,0x002584f0,,stub_code,0,1,1,17127,0.0000
0x0024e050,0x0024e050,,stub_code,0,1,1,17127,0.0000
0x001bb130,0x001bb130,,stub_code,0,9,9,17127,0.0000
0x00189090,0x00189090,,,12,0,12,17127,0.0000
0x003172a0,0x003172a0,,stub_code,0,1,1,17127,0.0000
0x001486e0,0x001486e0,,stub_code,0,3,3,17127,0.0000
0x004a7d68,0x004a7d68,,stub_code,1,3,4,17127,0.0000
0x0032aa90,0x0032aa90,,stub_code,2,5,7,17127,0.0000
0x00511280,0x00511280,,,21,0,21,17127,0.0000
0x004c7a30,0x004c7a30,,stub_code,0,3,3,17127,0.0000
0x0047bbf8,0x0047bbf8,,,2,0,2,17127,0.0000
0x005f3130,0x005f3130,,,2,0,2,17127,0.0000
0x00294190,0x00294190,,stub_code,1,3,4,17127,0.0000
0x0049be60,0x0049be60,,stub_code,0,1,1,17127,0.0000
0x003a8c90,0x003a8c90,,,19,0,19,17127,0.0000
0x005f09a0,0x005f09a0,,stub_code,0,4,4,17127,0.0000
0x00171580,0x00171580,,stub_code,1,4,5,17127,892.3333
0x004e66c0,0x004e66c0,,stub_code,0,4,4,17127,0.0000
0x00167830,0x00167830,,stub_code,0,3,3,17127,0.0000
0x001e8a70,0x001e8a70,,stub_code,1,5,6,17127,0.0000
0x00286010,0x00286010,,stub_code,0,1,1,17127,0.0000
0x0058f2d0,0x0058f2d0,,stub_code,0,4,4,17127,0.0000
0x0049a288,0x0049a288,,stub_code,1,1,2,17127,2.0000
0x00484550,0x00484550,,,2,0,2,17127,0.0000
0x0012f890,0x0012f890,,,2,0,2,17127,0.0000
0x0017a9c0,0x0017a9c0,,stub_code,0,1,1,3,0.0000
0x00214240,0x00214240,,stub_code,0,2,2,17127,0.0000
0x004f45e0,0x004f45e0,,stub_code,1,2,3,17127,0.0000
0x005ecc90,0x005ecc90,,,2,0,2,17127,0.0000
0x004db9a0,0x004db9a0,,stub_code,0,1,1,2,0.0000
0x0046e1d0,0x0046e1d0,,stub_code,0,4,4,17127,0.0000
0x004a57c0,0x004a57c0,,stub_code,0,1,1,17127,0.0000
0x0025c920,0x0025c920,,stub_code,0,1,1,17127,0.0000
0x00548b50,0x00548b50,,stub_code,1,2,3,17127,0.0000
0x00115f00,0x00115f00,,,1,0,1,17127,0.0000
0x0042aa40,0x0042aa40,,stub_code,62,1,63,17127,140.1905
0x0024ff60,0x0024ff60,,stub_code,0,2,2,17127,0.0000
0x00542fd0,0x00542fd0,,stub_code,0,1,1,17127,0.0000
0x00557320,0x00557320,,stub_code,4,4,8,17127,0.0000
0x00126a80,0x00126a80,,stub_code,0,15,15,17127,0.0000
0x002e7f80,0x002e7f80,,stub_code,0,1,1,17127,0.0000
0x001989b0,0x001989b0,,,2,0,2,17127,0.0000
0x00467360,0x00467360,,stub_code,1,1,2,17127,0.0000
0x00345460,0x00345460,,stub_code,1,5,6,17127,0.0000
0x00270760,0x00270760,,stub_code,5,2,7,17127,0.0000
0x002762c0,0x002762c0,,stub_code,1,2,3,17127,0.0000
0x00211990,0x00211990,,stub_code,0,2,2,17127,0.0000
0x00127d00,0x00127d00,,stub_code,1,7,8,17127,0.0000
0x0030c910,0x0030c910,,,1,0,1,17127,0.0000
0x002c35e0,0x002c35e0,,stub_code,0,2,2,17127,0.0000
0x00442ea0,0x00442ea0,,stub_code,0,8,8,17127,0.0000
0x00446a70,0x00446a70,,stub_code,1,2,3,17127,0.0000
0x0042fd98,FUN_0042fd98,,real_logic,1,2,3,17127,45.0000
0x0053aee0,0x0053aee0,,stub_code,0,1,1,17127,0.0000
0x00134870,0x00134870,,stub_code,1,1,2,17127,0.0000
0x002a34e0,0x002a34e0,,stub_code,1,2,3,17127,0.0000
0x004d81f0,0x004d81f0,,stub_code,3,1,4,17127,0.0000
0x00270a30,0x00270a30,,stub_code,0,0,0,1,0.0000
0x00395520,0x00395520,,stub_code,0,3,3,17127,0.0000
0x005ebfe0,0x005ebfe0,,stub_code,2,2,4,17127,0.0000
0x0036df80,0x0036df80,,stub_code,1,2,3,17127,0.0000
0x001b0620,0x001b0620,,,1,0,1,17127,0.0000
0x0050ee60,0x0050ee60,,stub_code,0,0,0,1,0.0000
0x003691a0,0x003691a0,,stub_code,2,8,10,17127,0.0000
0x00238860,0x00238860,,stub_code,0,1,1,17127,0.0000
0x001ff490,0x001ff490,,stub_code,1,2,3,17127,0.0000
0x004bd2f0,0x004bd2f0,,stub_code,0,5,5,17127,0.0000
0x0028ad60,0x0028ad60,,stub_code,0,1,1,17127,0.0000
0x00511140,0x00511140,,stub_code,3,3,6,17127,12.0000
0x0054f410,0x0054f410,,stub_code,1,2,3,17127,0.0000
0x002a92b0,0x002a92b0,,,8,0,8,17127,0.0000
0x004b3f08,0x004b3f08,,stub_code,0,1,1,17127,0.0000
0x003ceb80,0x003ceb80,,stub_code,4,2,6,17127,0.8000
0x002adab0,0x002adab0,,stub_code,0,3,3,17127,0.0000
0x0047b0c0,0x0047b0c0,,stub_code,1,5,6,17127,0.0000
0x004ec2b0,0x004ec2b0,,,1,0,1,2,0.0000
0x0023e760,0x0023e760,,stub_code,0,2,2,17127,0.0000
0x00516780,0x00516780,,stub_code,1,1,2,17127,0.0000
0x0019e280,0x0019e280,,stub_code,1,4,5,17127,0.0000
0x0029f030,0x0029f030,,stub_code,1,1,2,17127,2.0000
0x0059c210,0x0059c210,,stub_code,0,5,5,17127,0.0000
0x002ce9f0,0x002ce9f0,,,1,0,1,17127,0.0000
0x00464d18,0x00464d18,,stub_code,1,1,2,17127,0.0000
0x005533c0,0x005533c0,,stub_code,0,2,2,17127,0.0000
0x004654b0,0x004654b0,,stub_code,1,5,6,17127,2.5000
0x00520ed0,0x00520ed0,,stub_code,4,1,5,17127,0.0000
0x005eff90,0x005eff90,,stub_code,0,1,1,2,0.0000
0x00575b60,FUN_00575b60,,pseudo_stub,1,1,2,17127,0.0000
0x0017f550,0x0017f550,,,2,0,2,17127,0.0000
0x003477b0,0x003477b0,,stub_code,1,0,1,17127,0.0000
0x004ab4a0,0x004ab4a0,,stub_code,0,3,3,17127,0.0000
0x003d83d0,0x003d83d0,,stub_code,1,5,6,17127,52.5000
0x00470e60,0x00470e60,,,1,0,1,17127,0.0000
0x00136280,0x00136280,,stub_code,0,10,10,17127,0.0000
0x0051b8f0,0x0051b8f0,,,1,0,1,17127,0.0000
0x0024bc40,0x0024bc40,,stub_code,0,1,1,17127,0.0000
0x00473138,0x00473138,,stub_code,1,1,2,17127,0.0000
0x002156d0,0x002156d0,,,3,0,3,17127,0.0000
0x00179370,0x00179370,,stub_code,1,2,3,17127,0.0000
0x00445998,0x00445998,,,1,0,1,17127,0.0000
0x00253170,0x00253170,,stub_code,0,1,1,17127,0.0000
0x00357ac0,0x00357ac0,,stub_code,2,1,3,17127,0.0000
0x00496670,0x00496670,,stub_code,0,2,2,17127,0.0000
0x00544540,0x00544540,,stub_code,0,1,1,17127,0.0000
0x002ee930,0x002ee930,,stub_code,0,2,2,17127,0.0000
0x00271480,0x00271480,,stub_code,1,2,3,17127,0.0000
0x00444060,0x00444060,,stub_code,2,4,6,17127,0.0000
0x001a6440,0x001a6440,,stub_code,1,0,1,17127,0.0000
0x00257fd0,0x00257fd0,,stub_code,0,0,0,1,0.0000
0x00477800,0x00477800,,stub_code,1,2,3,17127,11.0000
0x004e40d0,0x004e40d0,,stub_code,2,2,4,17127,0.0000
0x0017c320,0x0017c320,,stub_code,1,5,6,17127,0.0000
0x004d7310,0x004d7310,,stub_code,1,2,3,17127,0.0000
0x002f2b80,0x002f2b80,,stub_code,2,1,3,17127,0.0000
0x005ef330,0x005ef330,,stub_code,1,2,3,17127,0.0000
0x00144170,0x00144170,,stub_code,1,4,5,17127,0.0000
0x00469d88,0x00469d88,,,3,0,3,17127,0.0000
0x00579d40,0x00579d40,,stub_code,0,1,1,17127,0.0000
0x005075d0,0x005075d0,,stub_code,3,2,5,17127,14.0000
0x0058d2f0,0x0058d2f0,,,1,0,1,17127,0.0000
0x00475a38,FUN_00475a38,,pseudo_stub,0,1,1,17127,0.0000
0x00292220,0x00292220,,stub_code,0,1,1,17127,0.0000
0x005f8a40,0x005f8a40,,,1,0,1,17127,0.0000
0x00402330,0x00402330,,stub_code,0,1,1,17127,0.0000
0x004b5b48,0x004b5b48,,,1,0,1,17127,0.0000
0x00474768,FUN_00474768,,pseudo_stub,1,0,1,17127,0.0000
0x0058f640,0x0058f640,,stub_code,0,4,4,17127,0.0000
0x00387570,0x00387570,,stub_code,0,1,1,17127,0.0000
0x004bdd80,0x004bdd80,,stub_code,22,2,24,17127,3.8111
0x0017a6d0,0x0017a6d0,,,1,0,1,17127,0.0000
0x0012b7a0,0x0012b7a0,,stub_code,1,5,6,17127,0.0000
0x002f7220,0x002f7220,,,1,0,1,17127,0.0000
0x001216e0,0x001216e0,,,2,0,2,17127,0.0000
0x00171cc0,0x00171cc0,,,1,0,1,17127,0.0000
0x002bceb0,0x002bceb0,,,1,0,1,17127,0.0000
0x005e5900,0x005e5900,,stub_code,0,3,3,17127,0.0000
0x0025cfe0,0x0025cfe0,,stub_code,0,1,1,17127,0.0000
0x003e6190,0x003e6190,,stub_code,2,9,11,17127,17.6333
0x004065e0,0x004065e0,,stub_code,1,8,9,17127,0.0000
0x001bec10,0x001bec10,,stub_code,0,9,9,17127,0.0000
0x001ea6f0,0x001ea6f0,,stub_code,7,1,8,17127,0.0000
0x001c8190,0x001c8190,,stub_code,0,2,2,17127,0.0000
0x0025f350,0x0025f350,,stub_code,0,2,2,17127,0.0000
0x00272630,0x00272630,,stub_code,0,3,3,17127,0.0000
0x002f1950,0x002f1950,,stub_code,2,2,4,17127,0.0000
0x0048c070,0x0048c070,,stub_code,1,0,1,2,0.0000
0x004ae650,0x004ae650,,stub_code,1,1,2,17127,5.0000
0x005ce190,0x005ce190,,stub_code,1,2,3,17127,0.0000
0x001c7e10,0x001c7e10,,stub_code,0,0,0,1,0.0000
0x0055b1f0,0x0055b1f0,,stub_code,1,2,3,17127,0.0000
0x0054a3c0,0x0054a3c0,,stub_code,0,1,1,2,0.0000
0x005f0350,0x005f0350,,stub_code,0,1,1,17127,0.0000
0x0046dcd0,0x0046dcd0,,stub_code,0,5,5,17127,0.0000
0x004f3250,0x004f3250,,,3,0,3,17127,0.0000
0x004e3bd0,0x004e3bd0,,stub_code,0,5,5,17127,0.0000
0x002512b0,0x002512b0,,stub_code,0,0,0,1,0.0000
0x004f3c30,0x004f3c30,,stub_code,1,2,3,17127,0.0000
0x002b0e10,0x002b0e10,,,1,0,1,17127,0.0000
0x001892e0,0x001892e0,,stub_code,1,0,1,17127,0.0000
0x002ae790,0x002ae790,,stub_code,1,2,3,17127,0.0000
0x005963c0,0x005963c0,,,1,0,1,2,0.0000
0x00429fb8,0x00429fb8,,stub_code,2,2,4,17127,5.0000
0x00151be0,0x00151be0,,,1,0,1,17127,0.0000
0x00277020,0x00277020,,stub_code,0,2,2,17127,0.0000
0x004f1320,0x004f1320,,stub_code,0,0,0,1,0.0000
0x005aeb20,0x005aeb20,,stub_code,0,0,0,1,0.0000
0x0021cf10,0x0021cf10,,,1,0,1,17127,0.0000
0x004b55a0,0x004b55a0,,stub_code,0,2,2,17127,0.0000
0x003c1000,0x003c1000,,stub_code,148,0,148,17127,0.0000
0x002c0050,0x002c0050,,stub_code,1,3,4,17127,0.0000
0x0032fd80,0x0032fd80,,stub_code,1,2,3,17127,0.0000
0x00348c00,0x00348c00,,stub_code,1,5,6,17127,0.0000
0x00587640,0x00587640,,,2,0,2,3,0.0000
0x00504b30,0x00504b30,,stub_code,0,3,3,17127,0.0000
0x003a21f0,0x003a21f0,,stub_code,0,2,2,17127,0.0000
0x004ce1e0,0x004ce1e0,,,2,0,2,17127,0.0000
0x003c2af0,0x003c2af0,,stub_code,7,4,11,17127,8.0000
0x001d1f60,0x001d1f60,,stub_code,1,1,2,17127,0.0000
0x00356340,0x00356340,,stub_code,0,8,8,17127,0.0000
0x004ad6b8,0x004ad6b8,,stub_code,1,2,3,17127,0.0000
0x0025afc0,0x0025afc0,,stub_code,0,1,1,15,0.0000
0x0047b7d0,0x0047b7d0,,stub_code,0,4,4,17127,0.0000
0x002596a0,0x002596a0,,stub_code,0,0,0,1,0.0000
0x004eeff0,0x004eeff0,,stub_code,1,1,2,17127,0.0000
0x0059e640,0x0059e640,,stub_code,0,3,3,17127,0.0000
0x0018c040,0x0018c040,,,2,0,2,17127,0.0000
0x00251a10,0x00251a10,,stub_code,0,2,2,17127,0.0000
0x004f4060,0x004f4060,,stub_code,1,9,10,17127,0.0000
0x002bb520,0x002bb520,,stub_code,4,2,6,17127,1.4500
0x0050c210,0x0050c210,,stub_code,0,1,1,17127,0.0000
0x005387c0,0x005387c0,,stub_code,1,12,13,17127,0.0000
0x003bb290,0x003bb290,,stub_code,1,2,3,17127,0.0000
0x005811e0,0x005811e0,,stub_code,0,1,1,2,0.0000
0x00508930,0x00508930,,,104,0,104,17127,0.0000
0x002da3c0,0x002da3c0,,stub_code,0,1,1,17127,0.0000
0x001ef2a0,0x001ef2a0,,stub_code,0,2,2,17127,0.0000
0x005ea070,0x005ea070,,stub_code,0,1,1,2,0.0000
0x001dabe0,0x001dabe0,,stub_code,0,1,1,17127,0.0000
0x00291cd0,0x00291cd0,,stub_code,1,1,2,17127,0.0000
0x00248060,0x00248060,,stub_code,0,9,9,17127,0.0000
0x0041b5c0,0x0041b5c0,,,1,0,1,17127,0.0000
0x0040db30,0x0040db30,,,1,0,1,17127,0.0000
0x00580270,0x00580270,,,7,0,7,17127,0.0000
0x004d0b80,0x004d0b80,,,2,0,2,17127,0.0000
0x0013ee80,0x0013ee80,,stub_code,3,1,4,17127,0.0000
0x00319120,0x00319120,,,1,0,1,2,0.0000
0x004d33e0,0x004d33e0,,stub_code,0,2,2,17127,0.0000
0x00563040,0x00563040,,,1,0,1,17127,0.0000
0x001bed80,0x001bed80,,stub_code,0,4,4,17127,0.0000
0x004c7170,0x004c7170,,stub_code,1,2,3,17127,0.0000
0x005a2c40,0x005a2c40,,,1,0,1,2,0.0000
0x004c7e30,0x004c7e30,,stub_code,0,3,3,17127,0.0000
0x005fac20,0x005fac20,,,1,0,1,17127,0.0000
0x00237d30,0x00237d30,,,1,0,1,17127,0.0000
0x00479468,FUN_00479468,,pseudo_stub,0,1,1,17127,0.0000
0x00583840,0x00583840,,stub_code,0,4,4,17127,0.0000
0x002b45f0,0x002b45f0,,,1,0,1,17127,0.0000
0x00509c60,0x00509c60,,stub_code,0,3,3,17127,0.0000
0x00493e50,0x00493e50,,,1,0,1,17127,0.0000
0x004c9970,0x004c9970,,stub_code,0,0,0,1,0.0000
0x00182a90,0x00182a90,,,6,0,6,17127,0.0000
0x00369c30,0x00369c30,,,1,0,1,17127,0.0000
0x00361b50,0x00361b50,,,4,0,4,17127,0.0000
0x001e22e0,0x001e22e0,,stub_code,1,9,10,17127,0.0000
0x001881c0,0x001881c0,,,5,0,5,17127,0.0000
0x0019d240,FUN_0019d240,,pseudo_stub,0,0,0,1,0.0000
0x004e39b0,0x004e39b0,,,1,0,1,2,0.0000
0x00155280,0x00155280,,stub_code,1,2,3,17127,0.0000
0x001dd6b0,0x001dd6b0,,stub_code,0,0,0,1,0.0000
0x004dc4a0,0x004dc4a0,,,2,0,2,17127,0.0000
0x00189cf0,FUN_00189cf0,,pseudo_stub,1,1,2,17127,0.0000
0x001d08e0,0x001d08e0,,stub_code,0,5,5,17127,0.0000
0x0017cea0,0x0017cea0,,stub_code,1,2,3,17127,0.0000
0x0059c010,0x0059c010,,stub_code,0,5,5,17127,0.0000
0x003df690,0x003df690,,,6,0,6,17127,0.0000
0x0043bb30,0x0043bb30,,stub_code,9,5,14,17127,20.0000
0x00140180,0x00140180,,stub_code,0,1,1,17127,0.0000
0x0045d4f8,0x0045d4f8,,stub_code,1,8,9,17127,25.0000
0x00271b90,0x00271b90,,,1,0,1,17127,0.0000
0x001ef300,0x001ef300,,stub_code,0,0,0,1,0.0000
0x001a37b0,0x001a37b0,,,1,0,1,17127,0.0000
0x00563440,0x00563440,,stub_code,0,18,18,17127,0.0000
0x003796b0,0x003796b0,,stub_code,1,5,6,17127,0.0000
0x0033ea20,0x0033ea20,,,1,0,1,17127,0.0000
0x001e0200,0x001e0200,,stub_code,0,0,0,1,0.0000
0x002c8eb0,0x002c8eb0,,stub_code,1,21,22,17127,0.0000
0x0047a1a8,0x0047a1a8,,stub_code,1,5,6,17127,0.0000
0x004efe30,0x004efe30,,stub_code,0,0,0,1,0.0000
0x0017cd20,0x0017cd20,,,2,0,2,17127,0.0000
0x0041c690,0x0041c690,,,2,0,2,17127,0.0000
0x002f39c0,0x002f39c0,,stub_code,0,7,7,17127,0.0000
0x00595c20,0x00595c20,,stub_code,0,1,1,17127,0.0000
0x0011f1a0,0x0011f1a0,,,7,0,7,17127,0.0000
0x001b6340,FUN_001b6340,math/quat,real_c,7,0,7,17127,0.0000
0x0027cec0,0x0027cec0,,stub_code,0,3,3,17127,0.0000
0x00556db0,0x00556db0,,stub_code,0,7,7,17127,0.0000
0x004d7590,0x004d7590,,,2,0,2,17127,0.0000
0x001b3940,0x001b3940,,stub_code,2,4,6,17127,0.0000
0x0023ce00,0x0023ce00,,,3,0,3,17127,0.0000
0x00518850,0x00518850,,stub_code,10,6,16,17127,0.0000
0x002c86b0,0x002c86b0,,stub_code,1,2,3,17127,0.0000
0x00414740,0x00414740,,stub_code,0,5,5,17127,0.0000
0x0054caf0,0x0054caf0,,stub_code,0,1,1,17127,0.0000
0x005150c0,0x005150c0,,stub_code,0,1,1,17127,0.0000
0x00467b60,0x00467b60,,stub_code,3,1,4,17127,0.0000
0x0040eec0,0x0040eec0,,,1,0,1,17127,0.0000
0x0037cc80,0x0037cc80,,,1,0,1,17127,0.0000
0x0018e5e0,0x0018e5e0,,stub_code,1,2,3,17127,0.0000
0x00247ec0,0x00247ec0,,stub_code,0,2,2,17127,0.0000
0x00403ea0,0x00403ea0,,stub_code,2,2,4,17127,0.0000
0x0050c800,0x0050c800,,stub_code,0,1,1,17127,0.0000
0x002820c0,0x002820c0,,,2,0,2,17127,0.0000
0x0043cf70,0x0043cf70,,stub_code,0,2,2,17127,0.0000
0x00127600,0x00127600,,stub_code,1,1,2,17127,0.0000
0x00577f70,0x00577f70,,stub_code,0,5,5,17127,0.0000
0x00501900,0x00501900,,stub_code,0,2,2,17127,0.0000
0x004ea220,0x004ea220,,,2,0,2,17127,0.0000
0x001a37f0,0x001a37f0,,,2,0,2,17127,0.0000
0x005f8ec0,0x005f8ec0,,,3,0,3,17127,0.0000
0x0049f260,0x0049f260,,stub_code,1,0,1,17127,0.0000
0x004a1ce0,0x004a1ce0,,stub_code,1,2,3,17127,0.0000
0x00302b60,0x00302b60,,stub_code,0,13,13,17127,0.0000
0x004d1100,0x004d1100,,stub_code,0,4,4,17127,0.0000
0x001e5e90,0x001e5e90,,stub_code,2,1,3,17127,0.0000
0x00326110,0x00326110,,stub_code,1,1,2,17127,0.0000
0x00342c50,0x00342c50,,stub_code,1,2,3,17127,0.0000
0x0025c990,0x0025c990,,stub_code,0,0,0,1,0.0000
0x00283d80,0x00283d80,,stub_code,0,1,1,17127,0.0000
0x00157010,FUN_00157010,,real_logic,0,0,0,1,0.0000
0x0037c5f0,0x0037c5f0,,,1,0,1,17127,0.0000
0x002a92c0,0x002a92c0,,,5,0,5,17127,0.0000
0x00275ab0,0x00275ab0,,stub_code,2,2,4,17127,0.0000
0x00467e68,0x00467e68,,stub_code,1,3,4,17127,0.0000
0x003ba5e0,0x003ba5e0,,stub_code,0,1,1,17127,0.0000
0x005366b0,0x005366b0,,stub_code,0,5,5,17127,0.0000
0x001d2f70,0x001d2f70,,stub_code,0,7,7,17127,0.0000
0x004d4f70,0x004d4f70,,stub_code,1,4,5,17127,0.0000
0x001acff0,0x001acff0,,,1,0,1,17127,0.0000
0x0024fb90,0x0024fb90,,stub_code,0,0,0,1,0.0000
0x0033d860,0x0033d860,,stub_code,1,1,2,17127,0.0000
0x002d55b0,0x002d55b0,,stub_code,0,5,5,17127,0.0000
0x0029dad0,0x0029dad0,,stub_code,1,1,2,17127,2.0000
0x004da1b0,0x004da1b0,,stub_code,0,1,1,17127,0.0000
0x003a47a0,0x003a47a0,,stub_code,1,3,4,17127,0.0000
0x002730b0,0x002730b0,,stub_code,0,8,8,17127,0.0000
0x00368e10,0x00368e10,,stub_code,1,4,5,17127,0.0000
0x003d8520,0x003d8520,,stub_code,7,1,8,17127,1.0000
0x005487b0,0x005487b0,,stub_code,0,4,4,17127,0.0000
0x001c2810,0x001c2810,,,1,0,1,17127,0.0000
0x004ae830,0x004ae830,,stub_code,1,4,5,17127,0.0000
0x0045da00,0x0045da00,,stub_code,2,3,5,17127,0.0000
0x0050cec0,0x0050cec0,,stub_code,0,2,2,17127,0.0000
0x001c4c00,0x001c4c00,,stub_code,0,3,3,17127,0.0000
0x0010e770,0x0010e770,,,45,0,45,17127,0.0000
0x001a56f0,0x001a56f0,,,1,0,1,17127,0.0000
0x002843e0,0x002843e0,,,1,0,1,17127,0.0000
0x00127a70,0x00127a70,,stub_code,1,1,2,17127,0.0000
0x002d92a0,0x002d92a0,,,2,0,2,17127,0.0000
0x005856c0,0x005856c0,,stub_code,0,1,1,4,0.0000
0x00144bb0,0x00144bb0,,stub_code,1,9,10,17127,0.0000
0x00318660,0x00318660,,stub_code,1,2,3,17127,0.0000
0x0036eb30,0x0036eb30,,stub_code,1,2,3,17127,0.0000
0x0051f560,0x0051f560,,,2,0,2,17127,0.0000
0x005edf70,0x005edf70,,stub_code,0,3,3,17127,0.0000
0x005407f0,0x005407f0,,stub_code,2,1,3,17127,0.0000
0x00545430,0x00545430,,,27,0,27,17127,0.0000
0x00103da0,0x00103da0,,stub_code,1,6,7,17127,0.0000
0x001c85b0,0x001c85b0,,stub_code,1,1,2,17127,0.0000
0x0046d270,0x0046d270,,stub_code,0,1,1,17127,0.0000
0x00115920,0x00115920,,stub_code,1,4,5,17127,0.0000
0x002ba960,0x002ba960,,,3,0,3,17127,0.0000
0x0028f000,0x0028f000,,stub_code,0,7,7,17127,0.0000
0x00493c68,0x00493c68,,,1,0,1,17127,0.0000
0x00580c90,0x00580c90,,stub_code,0,1,1,17127,0.0000
0x005820f0,0x005820f0,,stub_code,0,1,1,17127,0.0000
0x001528d0,0x001528d0,,stub_code,1,51,52,17127,0.0000
0x001ca430,FUN_001ca430,,pseudo_stub,1,3,4,17127,0.0000
0x0014f1f0,0x0014f1f0,,stub_code,0,4,4,17127,0.0000
0x0024a950,0x0024a950,,stub_code,0,0,0,1,0.0000
0x0023d1a0,0x0023d1a0,,stub_code,2,1,3,17127,0.0000
0x002e4020,0x002e4020,,stub_code,0,1,1,17127,0.0000
0x0012d950,0x0012d950,,stub_code,1,1,2,17127,0.0000
0x004b89d8,0x004b89d8,,,1,0,1,17127,0.0000
0x0031a8f0,0x0031a8f0,,,1,0,1,17127,0.0000
0x004c3770,0x004c3770,,stub_code,0,3,3,17127,0.0000
0x0028e3f0,0x0028e3f0,,stub_code,2,2,4,17127,0.0000
0x0058a3c0,0x0058a3c0,,,2,0,2,17127,0.0000
0x0043b5b8,0x0043b5b8,,stub_code,1,6,7,17127,0.0000
0x004d06b0,0x004d06b0,,stub_code,0,5,5,17127,0.0000
0x004f71e0,0x004f71e0,,,1,0,1,17127,0.0000
0x004be120,0x004be120,,stub_code,0,7,7,17127,0.0000
0x00359950,0x00359950,,stub_code,1,4,5,17127,0.0000
0x0049b530,0x0049b530,,stub_code,2,4,6,17127,0.0000
0x0023af10,0x0023af10,,stub_code,1,0,1,17127,0.0000
0x0046f7a8,0x0046f7a8,,stub_code,0,1,1,17127,0.0000
0x005fa6f0,0x005fa6f0,,stub_code,9,0,9,17127,0.0000
0x00591c80,0x00591c80,,,1,0,1,2,0.0000
0x002a3960,0x002a3960,,,1,0,1,17127,0.0000
0x004be870,0x004be870,,stub_code,0,4,4,17127,0.0000
0x005ba4e0,0x005ba4e0,,stub_code,0,7,7,17127,0.0000
0x005bdb70,0x005bdb70,,stub_code,1,1,2,17127,0.0000
0x004d91b0,0x004d91b0,,stub_code,0,3,3,17127,0.0000
0x0053e360,0x0053e360,,stub_code,0,1,1,2,0.0000
0x00536c50,0x00536c50,,stub_code,0,9,9,17127,0.0000
0x004e4fc0,0x004e4fc0,,,2,0,2,17127,0.0000
0x00477920,0x00477920,,stub_code,1,0,1,17127,0.0000
0x004ec720,0x004ec720,,,2,0,2,17127,0.0000
0x003f31f0,0x003f31f0,,stub_code,2,4,6,17127,10.0000
0x00562f20,0x00562f20,,stub_code,1,7,8,17127,5.0000
0x00380290,0x00380290,,,1,0,1,17127,0.0000
0x0047d8f8,0x0047d8f8,,,1,0,1,17127,0.0000
0x005e8800,0x005e8800,,stub_code,0,4,4,17127,0.0000
0x005f6950,0x005f6950,,stub_code,0,5,5,17127,0.0000
0x00320300,0x00320300,,stub_code,0,4,4,17127,0.0000
0x0036a0b0,0x0036a0b0,,stub_code,1,6,7,17127,0.0000
0x0051b450,0x0051b450,,stub_code,3,2,5,17127,43.3333
0x00473200,0x00473200,,,1,0,1,17127,0.0000
0x00478768,0x00478768,,,1,0,1,17127,0.0000
0x00329ac0,0x00329ac0,,stub_code,0,1,1,17127,0.0000
0x00294350,0x00294350,,stub_code,16,0,16,17127,0.0000
0x005d8670,0x005d8670,,stub_code,0,2,2,17127,0.0000
0x00466448,0x00466448,,stub_code,0,1,1,2,0.0000
0x0011c590,0x0011c590,,,1,0,1,17127,0.0000
0x001bd380,0x001bd380,,stub_code,0,3,3,17127,0.0000
0x005e27c0,0x005e27c0,,stub_code,0,2,2,17127,0.0000
0x004a1cb0,0x004a1cb0,,stub_code,0,2,2,17127,0.0000
0x002d82d0,0x002d82d0,,,1,0,1,17127,0.0000
0x004a4b98,0x004a4b98,,stub_code,2,1,3,17127,0.0000
0x004d5390,0x004d5390,,stub_code,0,1,1,17127,0.0000
0x00222410,0x00222410,,stub_code,1,38,39,17127,0.0000
0x001f9600,0x001f9600,,stub_code,0,1,1,17127,0.0000
0x0046fb60,0x0046fb60,,,1,0,1,17127,0.0000
0x002afad0,0x002afad0,,stub_code,1,2,3,17127,0.0000
0x00376b90,0x00376b90,,stub_code,2,2,4,17127,0.0000
0x004d6b50,0x004d6b50,,,3,0,3,17127,0.0000
0x005594a0,0x005594a0,,stub_code,2,1,3,17127,0.0000
0x002f2b20,0x002f2b20,,,4,0,4,17127,0.0000
0x002a6bd0,0x002a6bd0,,stub_code,0,0,0,1,0.0000
0x001df2b0,0x001df2b0,,stub_code,0,2,2,17127,0.0000
0x0025c390,0x0025c390,,stub_code,0,2,2,17127,0.0000
0x0035f680,0x0035f680,,stub_code,1,2,3,17127,0.0000
0x002feaa0,0x002feaa0,,,1,0,1,17127,0.0000
0x001716d0,0x001716d0,,stub_code,1,4,5,17127,24.5000
0x00596d90,0x00596d90,,stub_code,0,3,3,17127,0.0000
0x002ee6f0,0x002ee6f0,,stub_code,2,0,2,17127,0.0000
0x004d7ad0,0x004d7ad0,,stub_code,0,4,4,17127,0.0000
0x0014d550,0x0014d550,,stub_code,0,8,8,17127,0.0000
0x0016de60,0x0016de60,,stub_code,1,3,4,17127,0.0000
0x005c2d60,0x005c2d60,,stub_code,1,2,3,17127,0.0000
0x0043fd98,0x0043fd98,,stub_code,1,1,2,17127,1.0000
0x004b6120,0x004b6120,,stub_code,6,1,7,17127,0.0000
0x002dd700,0x002dd700,,stub_code,0,1,1,17127,0.0000
0x004828b0,0x004828b0,,,2,0,2,17127,0.0000
0x003492b0,0x003492b0,,stub_code,0,8,8,17127,0.0000
0x0051e7e0,0x0051e7e0,,stub_code,1,1,2,17127,30.0000
0x0059e220,0x0059e220,,stub_code,0,1,1,2,0.0000
0x00338ba0,0x00338ba0,,,1,0,1,17127,0.0000
0x0019c420,0x0019c420,,stub_code,3,2,5,17127,0.0000
0x004c5400,0x004c5400,,stub_code,2,2,4,17127,0.0000
0x00291060,0x00291060,,stub_code,0,3,3,17127,0.0000
0x004b6860,0x004b6860,,stub_code,0,0,0,1,0.0000
0x005505f0,0x005505f0,,stub_code,0,4,4,17127,0.0000
0x0033e1b0,0x0033e1b0,,stub_code,0,2,2,17127,0.0000
0x0018e0f0,0x0018e0f0,,stub_code,1,4,5,17127,0.0000
0x00380db0,0x00380db0,,stub_code,0,3,3,17127,0.0000
0x0034c4b0,0x0034c4b0,,stub_code,0,2,2,17127,0.0000
0x001fa240,0x001fa240,,stub_code,0,0,0,1,0.0000
0x0035e110,0x0035e110,,stub_code,0,2,2,17127,0.0000
0x001820c0,0x001820c0,,stub_code,0,2,2,17127,0.0000
0x002b6710,0x002b6710,,stub_code,1,1,2,17127,0.0000
0x005b8710,0x005b8710,,stub_code,0,0,0,1,0.0000
0x002c4500,0x002c4500,,,1,0,1,17127,0.0000
0x00426700,0x00426700,,,1,0,1,17127,0.0000
0x0043ef40,0x0043ef40,,,5,0,5,17127,0.0000
0x0039ecf0,0x0039ecf0,,,1,0,1,17127,0.0000
0x0016c3a0,0x0016c3a0,,stub_code,1,1,2,17127,0.0000
0x004d84c0,0x004d84c0,,stub_code,0,5,5,17127,0.0000
0x003968c0,0x003968c0,,,1,0,1,17127,0.0000
0x00394090,0x00394090,,stub_code,0,9,9,17127,0.0000
0x004a1ee8,0x004a1ee8,,stub_code,0,2,2,17127,0.0000
0x005a83d0,0x005a83d0,,stub_code,0,3,3,17127,0.0000
0x0020d470,0x0020d470,,stub_code,0,1,1,17127,0.0000
0x003134b0,0x003134b0,,,2,0,2,17127,0.0000
0x00503bb0,0x00503bb0,,stub_code,5,3,8,17127,25.0000
0x00569100,0x00569100,,stub_code,0,1,1,17127,0.0000
0x002500e0,0x002500e0,,stub_code,0,1,1,15,0.0000
0x00511dc0,0x00511dc0,,stub_code,1,0,1,17127,0.0000
0x00543ee0,0x00543ee0,,,2,0,2,17127,0.0000
0x004575b0,0x004575b0,,stub_code,2,10,12,17127,4.1410
0x00156a50,0x00156a50,,stub_code,0,2,2,17127,0.0000
0x004738a8,0x004738a8,,,4,0,4,17127,0.0000
0x004ecec0,0x004ecec0,,stub_code,1,46,47,17127,0.0000
0x005a3600,0x005a3600,,stub_code,0,6,6,17127,0.0000
0x0043ced0,0x0043ced0,,,1,0,1,17127,0.0000
0x0054c090,0x0054c090,,,2,0,2,17127,0.0000
0x001da150,0x001da150,,stub_code,8,10,18,17127,0.0000
0x00372980,0x00372980,,stub_code,2,4,6,17127,0.0000
0x00551850,0x00551850,,stub_code,0,5,5,17127,0.0000
0x004d3a90,0x004d3a90,,stub_code,0,1,1,17127,0.0000
0x00157f60,0x00157f60,,,2,0,2,17127,0.0000
0x00353a20,0x00353a20,,stub_code,0,3,3,17127,0.0000
0x00515d20,0x00515d20,,stub_code,1,1,2,17127,0.0000
0x003166a0,0x003166a0,,stub_code,0,1,1,17127,0.0000
0x00390cf0,0x00390cf0,,stub_code,0,9,9,17127,0.0000
0x0056ef00,0x0056ef00,,stub_code,2,1,3,17127,0.0000
0x001177a0,0x001177a0,,stub_code,5,2,7,17127,0.0000
0x004e1f80,0x004e1f80,,,2,0,2,17127,0.0000
0x0016d620,0x0016d620,,,2,0,2,17127,0.0000
0x005f3d70,0x005f3d70,,stub_code,0,1,1,17127,0.0000
0x0048ca10,0x0048ca10,,,1,0,1,17127,0.0000
0x0035ebe0,0x0035ebe0,,,1,0,1,17127,0.0000
0x001e7210,0x001e7210,,stub_code,0,5,5,17127,0.0000
0x004c3f80,0x004c3f80,,,2,0,2,17127,0.0000
0x0051bb30,0x0051bb30,,stub_code,1,11,12,17127,0.0000
0x004bb590,0x004bb590,,stub_code,0,3,3,17127,0.0000
0x0023ad80,0x0023ad80,,stub_code,0,0,0,1,0.0000
0x00561b40,0x00561b40,,stub_code,0,10,10,17127,0.0000
0x002909b0,0x002909b0,,,1,0,1,17127,0.0000
0x0010f560,0x0010f560,,stub_code,1,6,7,17127,0.0000
0x00311680,0x00311680,,stub_code,0,1,1,17127,0.0000
0x001104d0,0x001104d0,,stub_code,1,11,12,17127,0.0000
0x0043ca70,0x0043ca70,,,8,0,8,17127,0.0000
0x00341ce0,0x00341ce0,,stub_code,0,4,4,17127,0.0000
0x004d28e0,0x004d28e0,,stub_code,3,2,5,17127,0.0000
0x0029a280,0x0029a280,,,2,0,2,17127,0.0000
0x002bfcd0,0x002bfcd0,,stub_code,1,7,8,17127,0.0000
0x00563f60,0x00563f60,,stub_code,1,3,4,17127,0.0000
0x0024d5e0,0x0024d5e0,,stub_code,0,0,0,1,0.0000
0x00150d60,0x00150d60,,stub_code,38,3,41,17127,99.9667
0x002da7b0,0x002da7b0,,stub_code,0,0,0,1,0.0000
0x0034bc60,0x0034bc60,,stub_code,1,1,2,17127,0.0000
0x004b12e0,0x004b12e0,,stub_code,1,1,2,17127,0.0000
0x00383c30,0x00383c30,,stub_code,2,11,13,17127,0.0000
0x0014a5f0,0x0014a5f0,,stub_code,5,1,6,17127,0.0000
0x00275f20,0x00275f20,,stub_code,0,3,3,17127,0.0000
0x004734c8,0x004734c8,,,2,0,2,17127,0.0000
0x00494798,0x00494798,,stub_code,1,1,2,17127,0.0000
0x002b0a30,0x002b0a30,,stub_code,1,2,3,17127,0.0000
0x00291eb0,0x00291eb0,,,1,0,1,17127,0.0000
0x0020fcb0,0x0020fcb0,,stub_code,1,2,3,17127,0.0000
0x005098c0,0x005098c0,,stub_code,0,3,3,17127,0.0000
0x00493748,0x00493748,,stub_code,2,1,3,17127,0.0000
0x001ac2a0,0x001ac2a0,,stub_code,0,0,0,1,0.0000
0x00294770,0x00294770,,stub_code,3,0,3,17127,0.0000
0x0025aa70,0x0025aa70,,stub_code,0,0,0,1,0.0000
0x002799c0,0x002799c0,,,1,0,1,17127,0.0000
0x00223d80,0x00223d80,,,5,0,5,17127,0.0000
0x005d42c0,0x005d42c0,,stub_code,1,6,7,17127,0.0000
0x001526e0,0x001526e0,,stub_code,1,1,2,17127,0.0000
0x00213880,0x00213880,,stub_code,5,1,6,17127,0.0000
0x0049a998,0x0049a998,,,1,0,1,17127,0.0000
0x00194d20,0x00194d20,,stub_code,0,1,1,17127,0.0000
0x0051e090,0x0051e090,,stub_code,1,1,2,17127,90.0000
0x004d9a70,0x004d9a70,,,3,0,3,17127,0.0000
0x0053e170,0x0053e170,,stub_code,0,1,1,2,0.0000
0x0027f6d0,0x0027f6d0,,stub_code,0,7,7,17127,0.0000
0x002dc160,0x002dc160,,stub_code,0,1,1,17127,0.0000
0x004e1d50,0x004e1d50,,stub_code,2,2,4,17127,0.0000
0x002c70c0,0x002c70c0,,,1,0,1,17127,0.0000
0x00372a10,0x00372a10,,stub_code,2,2,4,17127,0.0000
0x00280460,0x00280460,,stub_code,0,4,4,17127,0.0000
0x004b89f0,0x004b89f0,,,1,0,1,17127,0.0000
0x002ea5b0,0x002ea5b0,,stub_code,8,11,19,17127,15.0000
0x0057fa20,0x0057fa20,,,1,0,1,2,0.0000
0x00116b80,0x00116b80,,,5,0,5,17127,0.0000
0x003c11c0,0x003c11c0,,stub_code,36,8,44,17127,13.6500
0x00277620,0x00277620,,stub_code,0,6,6,17127,0.0000
0x0049e040,0x0049e040,,stub_code,0,2,2,17127,0.0000
0x002ad330,0x002ad330,,stub_code,0,3,3,17127,0.0000
0x001f9220,0x001f9220,,,13,0,13,17127,0.0000
0x004e9a40,0x004e9a40,,stub_code,0,1,1,17127,0.0000
0x00583070,0x00583070,,stub_code,0,1,1,17127,0.0000
0x004c5f10,0x004c5f10,,stub_code,1,2,3,17127,0.0000
0x0051be80,0x0051be80,,stub_code,1,9,10,17127,0.0000
0x004cdd40,0x004cdd40,,stub_code,0,1,1,17127,0.0000
0x00504640,0x00504640,,stub_code,0,2,2,17127,0.0000
0x001cade0,0x001cade0,,stub_code,1,9,10,17127,0.0000
0x004d6a80,0x004d6a80,,stub_code,0,4,4,17127,0.0000
0x004b9ee0,0x004b9ee0,,stub_code,35,0,35,17127,0.0000
0x00240a70,0x00240a70,,stub_code,0,7,7,17127,0.0000
0x0053b0d0,0x0053b0d0,,stub_code,0,1,1,17127,0.0000
0x005ee150,0x005ee150,,stub_code,0,3,3,17127,0.0000
0x0025bf30,0x0025bf30,,stub_code,0,1,1,15,0.0000
0x004b1e48,0x004b1e48,,stub_code,0,1,1,4,0.0000
0x0033f1d0,0x0033f1d0,,stub_code,2,2,4,17127,0.0000
0x0058ed90,0x0058ed90,,stub_code,0,1,1,17127,0.0000
0x00519640,0x00519640,,stub_code,6,2,8,17127,0.0000
0x0029e220,0x0029e220,,stub_code,1,1,2,17127,1.0000
0x0055a790,FUN_0055a790,,pseudo_stub,1,0,1,2,0.0000
0x0050cae0,0x0050cae0,,stub_code,0,5,5,17127,0.0000
0x004a9ff8,0x004a9ff8,,stub_code,1,1,2,17127,0.0000
0x00482380,0x00482380,,stub_code,0,2,2,17127,0.0000
0x0054b640,0x0054b640,,stub_code,0,1,1,17127,0.0000
0x00594630,0x00594630,,stub_code,0,5,5,17127,0.0000
0x00136fd0,0x00136fd0,,stub_code,0,5,5,17127,0.0000
0x00498180,0x00498180,,,1,0,1,17127,0.0000
0x0017f5a0,0x0017f5a0,,stub_code,1,2,3,17127,0.0000
0x004db0e0,0x004db0e0,,,2,0,2,17127,0.0000
0x0058a280,0x0058a280,,,2,0,2,17127,0.0000
0x004e9aa0,0x004e9aa0,,stub_code,0,5,5,17127,0.0000
0x0014f350,0x0014f350,,stub_code,0,10,10,17127,0.0000
0x00255290,0x00255290,,stub_code,0,1,1,15,0.0000
0x00466a78,0x00466a78,,stub_code,1,1,2,17127,0.0000
0x00292620,0x00292620,,stub_code,0,3,3,17127,0.0000
0x00483ed8,0x00483ed8,,stub_code,0,0,0,1,0.0000
0x004a2980,0x004a2980,,stub_thunk,1,0,1,17127,0.0000
0x001fc830,0x001fc830,,stub_code,1,2,3,17127,0.0000
0x00272cc0,0x00272cc0,,stub_code,1,2,3,17127,3.7500
0x0023d500,0x0023d500,,stub_code,1,1,2,17127,0.0000
0x00511260,0x00511260,,,18,0,18,17127,0.0000
0x0049f760,0x0049f760,,stub_code,2,3,5,17127,0.0000
0x00131a60,0x00131a60,,,1,0,1,17127,0.0000
0x0017e3d0,0x0017e3d0,,stub_code,1,2,3,17127,0.0000
0x00553400,0x00553400,,stub_code,6,1,7,17127,0.0000
0x00593260,0x00593260,,,1,0,1,17127,0.0000
0x004afe20,0x004afe20,,stub_code,1,2,3,17127,0.0000
0x0046e7b0,0x0046e7b0,,stub_code,0,5,5,17127,0.0000
0x003472f0,FUN_003472f0,math/matrix,real_c,16,0,16,17127,0.0000
0x004eb7e0,0x004eb7e0,,stub_code,0,7,7,17127,0.0000
0x0042b980,0x0042b980,,,1,0,1,17127,0.0000
0x00565200,0x00565200,,,1,0,1,17127,0.0000
0x0050d640,0x0050d640,,stub_code,0,6,6,17127,0.0000
0x001c6060,0x001c6060,,stub_code,0,4,4,17127,0.0000
0x002975b0,0x002975b0,,stub_code,0,10,10,17127,0.0000
0x00272aa0,0x00272aa0,,stub_code,0,3,3,17127,0.0000
0x00517860,0x00517860,,stub_code,0,9,9,17127,0.0000
0x004e4110,0x004e4110,,stub_code,0,3,3,17127,0.0000
0x004950c8,0x004950c8,,stub_code,1,2,3,17127,0.0000
0x00560930,0x00560930,,stub_code,1,3,4,17127,0.0000
0x004b07d8,0x004b07d8,,stub_code,15,1,16,17127,9.0000
0x005cd360,0x005cd360,,stub_code,1,2,3,17127,0.0000
0x002b61b0,0x002b61b0,,stub_code,1,12,13,17127,6.0000
0x0011d0e0,0x0011d0e0,,stub_code,1,2,3,17127,0.0000
0x0033f5b0,0x0033f5b0,,,1,0,1,17127,0.0000
0x002fe5f0,0x002fe5f0,,stub_code,1,2,3,17127,0.0000
0x00299ab0,0x00299ab0,,stub_code,1,5,6,17127,0.0000
0x00289f60,0x00289f60,,,1,0,1,17127,0.0000
0x0040f830,0x0040f830,,,3,0,3,17127,0.0000
0x002bd580,0x002bd580,,stub_code,1,1,2,17127,0.0000
0x004a3aa0,0x004a3aa0,,stub_code,1,3,4,17127,0.0000
0x0046acc8,0x0046acc8,,stub_code,1,0,1,17127,0.0000
0x00554a30,0x00554a30,,stub_code,0,1,1,17127,0.0000
0x00276440,0x00276440,,,1,0,1,17127,0.0000
0x0036c950,0x0036c950,,stub_code,1,5,6,17127,1.0000
0x0043a180,0x0043a180,,stub_code,1,2,3,17127,0.0000
0x005cff30,0x005cff30,,stub_code,1,1,2,17127,0.0000
0x005fac30,0x005fac30,,,1,0,1,4,0.0000
0x0043dcf8,0x0043dcf8,,stub_code,1,1,2,17127,0.0000
0x00267870,0x00267870,,stub_code,1,4,5,17127,0.0000
0x00254660,0x00254660,,stub_code,0,1,1,17127,0.0000
0x0028c230,0x0028c230,,stub_code,2,4,6,17127,0.0000
0x0038e3b0,0x0038e3b0,,,2,0,2,17127,0.0000
0x0033b560,0x0033b560,,,1,0,1,4,0.0000
0x001e4fb0,0x001e4fb0,,stub_code,1,10,11,17127,0.0000
0x00385e20,0x00385e20,,stub_code,1,2,3,17127,0.0000
0x002cfe00,0x002cfe00,,stub_code,1,5,6,17127,0.0000
0x00161730,0x00161730,,stub_code,1,2,3,17127,0.0000
0x0053d1f0,0x0053d1f0,,stub_code,0,1,1,17127,0.0000
0x00537d00,0x00537d00,,stub_code,0,1,1,17127,0.0000
0x003a7180,0x003a7180,,,2,0,2,17127,0.0000
0x004d9370,0x004d9370,,stub_code,0,4,4,17127,0.0000
0x001b7260,0x001b7260,,stub_code,0,3,3,17127,0.0000
0x0036b240,0x0036b240,,stub_code,1,4,5,17127,0.0000
0x002a7a30,0x002a7a30,,stub_code,0,1,1,17127,0.0000
0x004b1a38,0x004b1a38,,stub_code,0,1,1,17127,0.0000
0x003657f0,0x003657f0,,stub_code,1,6,7,17127,0.0000
0x00491350,0x00491350,,stub_code,0,3,3,17127,0.0000
0x0010d2a0,0x0010d2a0,,stub_code,1,12,13,17127,0.0000
0x0025ced0,0x0025ced0,,stub_code,0,0,0,1,0.0000
0x0021dc70,0x0021dc70,,,1,0,1,17127,0.0000
0x00472190,0x00472190,,stub_code,1,2,3,17127,0.0000
0x00332fe0,0x00332fe0,,stub_code,0,1,1,17127,0.0000
0x0013f620,0x0013f620,,stub_code,0,49,49,17127,0.0000
0x00111480,0x00111480,,stub_code,8,2,10,17127,0.0000
0x00475a30,0x00475a30,,,1,0,1,17127,0.0000
0x002f6370,0x002f6370,,stub_code,0,4,4,17127,0.0000
0x005d4100,0x005d4100,,stub_code,1,1,2,17127,0.0000
0x00126210,0x00126210,,,1,0,1,17127,0.0000
0x001e5cf0,0x001e5cf0,,stub_code,1,1,2,17127,0.0000
0x004b8a48,0x004b8a48,,stub_code,0,0,0,1,0.0000
0x0026e2e0,FUN_0026e2e0,engine/objects,real_c,1,0,1,17127,0.0000
0x004cde30,0x004cde30,,stub_code,0,0,0,1,0.0000
0x005f82a0,0x005f82a0,,stub_code,0,8,8,17127,0.0000
0x004c5790,0x004c5790,,,3,0,3,17127,0.0000
0x00290f10,0x00290f10,,,1,0,1,17127,0.0000
0x00131400,0x00131400,,,1,0,1,17127,0.0000
0x002fb7b0,0x002fb7b0,,,29,0,29,17127,0.0000
0x0029d8c0,0x0029d8c0,,,1,0,1,17127,0.0000
0x0015d8e0,0x0015d8e0,,,3,0,3,17127,0.0000
0x00493dd0,0x00493dd0,,stub_code,0,5,5,17127,0.0000
0x005b60c0,0x005b60c0,,stub_code,2,2,4,17127,0.0000
0x002ce8f0,0x002ce8f0,,,2,0,2,17127,0.0000
0x0014ed40,0x0014ed40,,stub_code,5,10,15,17127,17.3818
0x0017dfb0,0x0017dfb0,,stub_code,0,2,2,17127,0.0000
0x00255150,0x00255150,,stub_code,0,0,0,1,0.0000
0x00284fe0,0x00284fe0,,stub_code,0,5,5,17127,0.0000
0x003660d0,0x003660d0,,,5,0,5,17127,0.0000
0x00422ec0,0x00422ec0,,stub_code,1,2,3,17127,0.0000
0x00386150,0x00386150,,,1,0,1,17127,0.0000
0x0046df00,0x0046df00,,stub_code,0,5,5,17127,0.0000
0x004ec3a0,0x004ec3a0,,stub_code,0,1,1,2,0.0000
0x001abf70,0x001abf70,,stub_code,1,1,2,17127,0.0000
0x00203330,0x00203330,,stub_code,1,0,1,17127,0.0000
0x00272f20,0x00272f20,,stub_code,7,2,9,17127,0.0000
0x00132b90,0x00132b90,,stub_code,2,1,3,17127,0.0000
0x001b8c60,0x001b8c60,,,4,0,4,17127,0.0000
0x001d7910,0x001d7910,,stub_code,1,6,7,17127,0.0000
0x005ef370,0x005ef370,,stub_code,0,3,3,17127,0.0000
0x0034a5c0,0x0034a5c0,,stub_code,0,3,3,17127,0.0000
0x004a5578,0x004a5578,,stub_code,3,2,5,17127,4.0000
0x0027ed50,0x0027ed50,,stub_code,0,4,4,17127,0.0000
0x00442250,0x00442250,,stub_code,0,7,7,17127,0.0000
0x0016c9e0,0x0016c9e0,,,1,0,1,17127,0.0000
0x0023c840,0x0023c840,,,7,0,7,17127,0.0000
0x004c04d0,0x004c04d0,,stub_code,0,6,6,17127,0.0000
0x0026ecc0,0x0026ecc0,,,1,0,1,17127,0.0000
0x0054c170,0x0054c170,,stub_code,0,1,1,17127,0.0000
0x005f04a0,0x005f04a0,,stub_code,0,4,4,17127,0.0000
0x004bef80,0x004bef80,,stub_code,0,6,6,17127,0.0000
0x0046f710,0x0046f710,,stub_code,0,0,0,1,0.0000
0x005f2110,0x005f2110,,stub_code,0,3,3,17127,0.0000
0x002dcb70,0x002dcb70,,,1,0,1,17127,0.0000
0x0057f020,0x0057f020,,stub_code,0,15,15,17127,0.0000
0x00126940,0x00126940,,stub_code,0,0,0,1,0.0000
0x0056c310,0x0056c310,,stub_code,0,2,2,3,0.0000
0x00253470,0x00253470,,stub_code,0,1,1,17127,0.0000
0x00292f20,0x00292f20,,stub_code,0,4,4,17127,0.0000
0x001fd6c0,0x001fd6c0,,stub_code,1,1,2,17127,0.0000
0x004fda80,0x004fda80,,stub_code,2,5,7,17127,0.0000
0x0056f1e0,0x0056f1e0,,,1,0,1,17127,0.0000
0x00260540,0x00260540,,stub_code,1,0,1,17127,0.0000
0x00313020,0x00313020,,stub_code,0,1,1,17127,0.0000
0x00351a00,0x00351a00,,stub_code,3,1,4,17127,0.0000
0x00176640,0x00176640,,stub_code,1,2,3,17127,0.0000
0x0016d9a0,0x0016d9a0,,stub_code,1,18,19,17127,0.0000
0x005f7d60,0x005f7d60,,stub_code,0,6,6,17127,0.0000
0x002f67b0,0x002f67b0,,stub_code,1,1,2,17127,0.0000
0x002876f0,0x002876f0,,stub_code,0,3,3,17127,0.0000
0x00403cc0,0x00403cc0,,stub_code,2,3,5,17127,0.0000
0x00113030,0x00113030,,stub_code,0,3,3,17127,0.0000
0x0042f130,FUN_0042f130,,real_logic,0,2,2,17127,0.0000
0x004c41d0,0x004c41d0,,stub_code,0,3,3,17127,0.0000
0x00385c40,0x00385c40,,stub_code,2,2,4,17127,0.0000
0x004f08a0,0x004f08a0,,stub_code,4,0,4,17127,0.0000
0x002c8520,0x002c8520,,,1,0,1,17127,0.0000
0x005a6e50,0x005a6e50,,stub_code,0,1,1,17127,0.0000
0x003a1fa0,0x003a1fa0,,,1,0,1,17127,0.0000
0x00293db0,0x00293db0,,stub_code,5,2,7,17127,3.0000
0x002b1a70,0x002b1a70,,stub_code,0,3,3,17127,0.0000
0x0046fa70,0x0046fa70,,,1,0,1,3,0.0000
0x0037d7f0,0x0037d7f0,,stub_code,1,7,8,17127,0.0000
0x0012fa80,0x0012fa80,,stub_code,0,2,2,17127,0.0000
0x0059a550,0x0059a550,,,1,0,1,2,0.0000
0x0056a100,0x0056a100,,stub_code,0,1,1,17127,0.0000
0x0021b3e0,0x0021b3e0,,,2,0,2,17127,0.0000
0x00493d78,0x00493d78,,,1,0,1,17127,0.0000
0x002745e0,0x002745e0,,,1,0,1,17127,0.0000
0x004adf58,0x004adf58,,stub_code,2,1,3,17127,0.0000
0x0050d890,0x0050d890,,stub_code,0,5,5,17127,0.0000
0x00169250,0x00169250,,stub_code,0,7,7,17127,0.0000
0x00219470,0x00219470,,stub_code,0,1,1,17127,0.0000
0x00155130,0x00155130,,stub_code,1,3,4,17127,0.0000
0x0042bc88,FUN_0042bc88,game/script,real_c,1,2,3,17127,0.0000
0x0047cdf0,0x0047cdf0,,stub_code,1,2,3,17127,0.0000
0x003acc50,0x003acc50,,stub_code,0,5,5,17127,0.0000
0x001cfc50,0x001cfc50,,stub_code,1,0,1,17127,0.0000
0x002decd0,0x002decd0,,stub_code,0,1,1,17127,0.0000
0x004c0390,0x004c0390,,,2,0,2,17127,0.0000
0x003baae0,0x003baae0,,stub_code,0,2,2,17127,0.0000
0x004cf0d0,0x004cf0d0,,stub_code,0,1,1,3,0.0000
0x00341ca0,0x00341ca0,,stub_code,1,2,3,17127,0.0000
0x002eb860,0x002eb860,,,1,0,1,17127,0.0000
0x00107bd0,0x00107bd0,,stub_code,1,6,7,17127,0.0000
0x001ac3a0,0x001ac3a0,,stub_code,1,1,2,17127,0.0000
0x00109630,0x00109630,,stub_code,3,1,4,17127,0.0000
0x001eff00,0x001eff00,,stub_code,0,4,4,17127,0.0000
0x003bf480,0x003bf480,,,1,0,1,17127,0.0000
0x0046a510,0x0046a510,,,1,0,1,17127,0.0000
0x00346740,0x00346740,,stub_code,0,1,1,17127,0.0000
0x002fd230,0x002fd230,,stub_code,1,13,14,17127,0.0000
0x0047c6a0,FUN_0047c6a0,,pseudo_stub,0,1,1,17127,0.0000
0x002724a0,0x002724a0,,,1,0,1,17127,0.0000
0x0028cdf0,0x0028cdf0,,stub_code,4,2,6,17127,0.0000
0x0035e230,0x0035e230,,stub_code,0,3,3,17127,0.0000
0x003fed20,0x003fed20,,stub_code,0,2,2,17127,0.0000
0x00129a30,0x00129a30,,stub_code,0,0,0,1,0.0000
0x00483ff8,0x00483ff8,,stub_thunk,8,0,8,17127,0.0000
0x0031bc30,0x0031bc30,,,2,0,2,17127,0.0000
0x0054afa0,0x0054afa0,,stub_code,0,1,1,17127,0.0000
0x001850f0,0x001850f0,,,1,0,1,17127,0.0000
0x00580810,0x00580810,,stub_code,0,4,4,17127,0.0000
0x005ca2c0,0x005ca2c0,,stub_code,0,1,1,17127,0.0000
0x0026ff80,0x0026ff80,,,1,0,1,17127,0.0000
0x0025d490,0x0025d490,,stub_code,0,0,0,1,0.0000
0x001c62c0,0x001c62c0,,stub_code,0,3,3,17127,0.0000
0x003d50e0,0x003d50e0,,stub_code,2,11,13,17127,7.6667
0x005a8690,0x005a8690,,,1,0,1,2,0.0000
0x0033db20,0x0033db20,,stub_code,7,1,8,17127,1.0000
0x0041a160,0x0041a160,,,1,0,1,17127,0.0000
0x0016cc30,0x0016cc30,,stub_code,1,3,4,17127,0.0000
0x0028b600,0x0028b600,,,2,0,2,17127,0.0000
0x002b1370,0x002b1370,,,1,0,1,17127,0.0000
0x002ef520,0x002ef520,,stub_code,1,2,3,17127,0.0000
0x004a27d0,0x004a27d0,,,3,0,3,17127,0.0000
0x004b06b0,0x004b06b0,,stub_code,1,4,5,17127,0.0000
0x001aa290,0x001aa290,,stub_code,0,0,0,1,0.0000
0x0011c260,0x0011c260,,stub_code,1,2,3,17127,0.0000
0x002c72a0,0x002c72a0,,stub_code,1,3,4,17127,1.0000
0x0035b940,0x0035b940,,stub_code,0,6,6,17127,0.0000
0x005101b0,0x005101b0,,stub_code,9,2,11,17127,0.0000
0x0011ac20,0x0011ac20,,stub_code,1,8,9,17127,0.0000
0x001dd720,0x001dd720,,,2,0,2,17127,0.0000
0x001a8fa0,0x001a8fa0,,stub_code,0,0,0,1,0.0000
0x00279da0,0x00279da0,,stub_code,1,12,13,17127,0.0000
0x0019d330,FUN_0019d330,,real_logic,0,0,0,1,0.0000
0x005d4bd0,0x005d4bd0,,stub_code,1,1,2,17127,0.0000
0x00147cc0,FUN_00147cc0,,pseudo_stub,0,2,2,17127,0.0000
0x001febe0,0x001febe0,,stub_code,4,4,8,17127,0.0000
0x002efb10,0x002efb10,,stub_code,0,4,4,17127,0.0000
0x00523270,0x00523270,,stub_code,0,2,2,17127,0.0000
0x005a04f0,0x005a04f0,,,2,0,2,17127,0.0000
0x005f26d0,0x005f26d0,,stub_code,0,4,4,17127,0.0000
0x0010b900,0x0010b900,,stub_code,1,15,16,17127,0.0000
0x005e6100,0x005e6100,,stub_code,0,1,1,17127,0.0000
0x00321590,0x00321590,,,1,0,1,17127,0.0000
0x00353b00,0x00353b00,,stub_code,1,30,31,17127,0.0000
0x00393040,0x00393040,,stub_code,0,1,1,17127,0.0000
0x0053fed0,0x0053fed0,,stub_code,0,0,0,1,0.0000
0x00427280,0x00427280,,,1,0,1,17127,0.0000
0x002efd00,0x002efd00,,stub_code,0,1,1,17127,0.0000
0x00253ec0,0x00253ec0,,stub_code,0,1,1,17127,0.0000
0x00112490,0x00112490,,stub_code,1,1,2,17127,4.0000
0x00231e20,0x00231e20,,stub_code,4,2,6,17127,0.0000
0x001c72c0,0x001c72c0,,stub_code,1,1,2,17127,0.0000
0x004cd3d0,0x004cd3d0,,stub_code,0,1,1,17127,0.0000
0x004d4540,0x004d4540,,stub_code,0,5,5,17127,0.0000
0x004cc950,0x004cc950,,stub_code,0,1,1,17127,0.0000
0x004aad60,0x004aad60,,stub_code,0,7,7,17127,0.0000
0x001d17f0,0x001d17f0,,stub_code,0,4,4,17127,0.0000
0x004d1980,0x004d1980,,,3,0,3,17127,0.0000
0x001b1180,0x001b1180,,,1,0,1,17127,0.0000
0x00277130,0x00277130,,stub_code,2,4,6,17127,0.0000
0x00599d10,0x00599d10,,stub_code,1,2,3,17127,0.0000
0x001c1fb0,0x001c1fb0,,,1,0,1,17127,0.0000
0x0016c010,0x0016c010,,stub_code,0,1,1,17127,0.0000
0x004b83b8,0x004b83b8,,stub_code,0,7,7,17127,0.0000
0x004a5b48,0x004a5b48,,stub_code,1,1,2,17127,0.0000
0x00514600,0x00514600,,stub_code,2,1,3,17127,0.0000
0x002ce860,0x002ce860,,stub_code,1,2,3,17127,0.0000
0x002a56f0,0x002a56f0,,stub_code,0,1,1,17127,0.0000
0x0039b7a0,0x0039b7a0,,stub_code,0,7,7,17127,0.0000
0x0058d100,0x0058d100,,stub_code,9,2,11,17127,0.0000
0x0034efb0,0x0034efb0,,,1,0,1,17127,0.0000
0x0059de00,0x0059de00,,stub_code,0,7,7,17127,0.0000
0x005a0520,0x005a0520,,,1,0,1,2,0.0000
0x001d8df0,0x001d8df0,,stub_code,1,7,8,17127,0.0000
0x00331090,0x00331090,,stub_code,1,2,3,17127,0.0000
0x00551fc0,0x00551fc0,,stub_code,0,3,3,17127,0.0000
0x0020abb0,0x0020abb0,,,1,0,1,17127,0.0000
0x0024e960,0x0024e960,,stub_code,0,3,3,17127,0.0000
0x0019daf0,0x0019daf0,,stub_code,4,1,5,17127,34.0000
0x005ad0e0,0x005ad0e0,,stub_code,1,5,6,17127,0.0000
0x0028dff0,0x0028dff0,,stub_code,1,2,3,17127,0.0000
0x00288af0,0x00288af0,,stub_code,0,1,1,17127,0.0000
0x003b2db0,0x003b2db0,,stub_code,1,3,4,17127,0.0000
0x0028fa00,0x0028fa00,,stub_code,1,2,3,17127,0.0000
0x001fcc90,0x001fcc90,,stub_code,1,2,3,17127,0.0000
0x005986e0,0x005986e0,,,1,0,1,2,0.0000
0x005d6650,0x005d6650,,stub_code,0,10,10,17127,0.0000
0x0031a130,0x0031a130,,stub_code,1,3,4,17127,0.0000
0x00355320,0x00355320,,,2,0,2,17127,0.0000
0x0016b3c0,0x0016b3c0,,stub_code,0,2,2,17127,0.0000
0x0026a340,0x0026a340,,stub_code,1,1,2,17127,0.0000
0x004666e8,0x004666e8,,stub_code,1,0,1,3,0.0000
0x00595330,0x00595330,,stub_code,0,5,5,17127,0.0000
0x00335490,0x00335490,,stub_code,0,16,16,17127,0.0000
0x001a4ff0,0x001a4ff0,,stub_code,0,1,1,17127,0.0000
0x002960c0,0x002960c0,,stub_code,3,14,17,17127,10.0000
0x0049fcd8,FUN_0049fcd8,,pseudo_stub,0,1,1,17127,0.0000
0x00542cd0,0x00542cd0,,stub_code,0,1,1,17127,0.0000
0x0020ac00,0x0020ac00,,stub_code,1,2,3,17127,0.0000
0x002dea40,0x002dea40,,stub_code,0,7,7,17127,0.0000
0x00515e60,0x00515e60,,stub_code,2,1,3,17127,0.0000
0x002722e0,0x002722e0,,stub_code,0,18,18,17127,0.0000
0x00302a60,0x00302a60,,stub_code,1,1,2,17127,0.0000
0x0058a090,0x0058a090,,,1,0,1,17127,0.0000
0x00576490,0x00576490,,stub_code,3,2,5,17127,0.0000
0x003fc1d8,0x003fc1d8,,stub_code,0,1,1,17127,0.0000
0x005de980,0x005de980,,stub_code,1,3,4,17127,0.0000
0x001fdfb0,0x001fdfb0,,stub_code,0,3,3,17127,0.0000
0x0057bd20,0x0057bd20,,stub_code,0,13,13,17127,0.0000
0x00232d70,0x00232d70,,stub_code,0,2,2,17127,0.0000
0x0051d810,0x0051d810,,stub_code,1,1,2,17127,0.0000
0x002d9740,0x002d9740,,,1,0,1,17127,0.0000
0x004dd870,0x004dd870,,stub_code,2,1,3,17127,0.0000
0x0011c780,0x0011c780,,stub_code,1,2,3,17127,0.0000
0x00570a50,0x00570a50,,stub_code,0,1,1,2,0.0000
0x0033e990,0x0033e990,,stub_code,8,1,9,17127,5.0000
0x00134e40,0x00134e40,,,1,0,1,17127,0.0000
0x0059f740,0x0059f740,,,1,0,1,2,0.0000
0x004b1eb8,0x004b1eb8,,stub_code,0,1,1,4,0.0000
0x00212d60,0x00212d60,,stub_code,0,0,0,1,0.0000
0x0034f4c0,0x0034f4c0,,stub_code,1,6,7,17127,0.0000
0x0049a890,0x0049a890,,stub_thunk,0,0,0,1,0.0000
0x00334310,0x00334310,,stub_code,0,3,3,17127,0.0000
0x00589210,0x00589210,,stub_code,0,13,13,17127,0.0000
0x001aa000,0x001aa000,,stub_code,1,2,3,17127,0.0000
0x0048c7a0,0x0048c7a0,,,1,0,1,17127,0.0000
0x005593e0,0x005593e0,,,1,0,1,17127,0.0000
0x0034c530,0x0034c530,,stub_code,0,4,4,17127,0.0000
0x00481610,0x00481610,,stub_code,1,2,3,17127,0.0000
0x002cdc20,0x002cdc20,,stub_code,0,10,10,17127,0.0000
0x0043cae0,0x0043cae0,,,38,0,38,17127,0.0000
0x0028e580,0x0028e580,,stub_code,1,1,2,17127,0.0000
0x00112460,0x00112460,,,2,0,2,17127,0.0000
0x00501190,0x00501190,,,4,0,4,17127,0.0000
0x005cfc40,0x005cfc40,,,5,0,5,17127,0.0000
0x005d1d20,0x005d1d20,,stub_code,1,1,2,17127,0.0000
0x00511810,0x00511810,,stub_code,14,0,14,17127,0.0000
0x0047fee0,0x0047fee0,,,1,0,1,17127,0.0000
0x005f5db0,0x005f5db0,,stub_code,0,3,3,17127,0.0000
0x004a4140,0x004a4140,,stub_code,1,3,4,17127,0.0000
0x0024d270,0x0024d270,,stub_code,0,1,1,17127,0.0000
0x0039a8f0,0x0039a8f0,,stub_code,0,3,3,17127,0.0000
0x0058ebe0,0x0058ebe0,,stub_code,0,1,1,17127,0.0000
0x002486d0,0x002486d0,,,1,0,1,17127,0.0000
0x00331e30,0x00331e30,,stub_code,0,1,1,17127,0.0000
0x0043dd48,0x0043dd48,,,1,0,1,17127,0.0000
0x005ec110,0x005ec110,,stub_code,1,0,1,17127,0.0000
0x004b1638,0x004b1638,,stub_code,0,1,1,17127,0.0000
0x0021b130,0x0021b130,,,7,0,7,17127,0.0000
0x003cca00,0x003cca00,,stub_code,1,2,3,17127,0.5714
0x0047add0,0x0047add0,,stub_code,0,4,4,17127,0.0000
0x00448150,0x00448150,,stub_code,2,1,3,17127,0.2500
0x00461cf8,0x00461cf8,,stub_code,3,1,4,17127,0.0000
0x004b91e0,0x004b91e0,,stub_code,0,2,2,17127,0.0000
0x002e21b0,0x002e21b0,,stub_code,1,3,4,17127,0.0000
0x004c8880,0x004c8880,,,4,0,4,17127,0.0000
0x0057fb10,0x0057fb10,,stub_code,0,1,1,2,0.0000
0x00131d30,0x00131d30,,stub_code,0,0,0,1,0.0000
0x002901c0,0x002901c0,,stub_code,1,1,2,17127,0.0000
0x0014b260,0x0014b260,,stub_code,1,0,1,17127,0.0000
0x002efdf0,0x002efdf0,,stub_code,0,12,12,17127,0.0000
0x00448c90,0x00448c90,,stub_code,1,1,2,17127,22.5000
0x002ee210,0x002ee210,,stub_code,1,6,7,17127,0.0000
0x00592b80,0x00592b80,,stub_code,8,2,10,17127,0.0000
0x001258c0,0x001258c0,,stub_code,1,5,6,17127,0.0000
0x00474c10,0x00474c10,,stub_code,0,8,8,17127,0.0000
0x00132a30,0x00132a30,,stub_code,4,2,6,17127,0.0000
0x0047e570,0x0047e570,,,1,0,1,6,0.0000
0x001ec100,0x001ec100,,stub_code,0,0,0,1,0.0000
0x005118a0,0x005118a0,,,781,0,781,17127,0.0000
0x005961b0,0x005961b0,,stub_code,0,1,1,17127,0.0000
0x0012df60,0x0012df60,,stub_code,1,1,2,17127,0.0000
0x003ffea0,0x003ffea0,,stub_code,0,2,2,17127,0.0000
0x00385d10,0x00385d10,,,1,0,1,17127,0.0000
0x005086b0,0x005086b0,,stub_code,0,0,0,1,0.0000
0x00256650,0x00256650,,stub_code,0,0,0,1,0.0000
0x00184940,0x00184940,,,1,0,1,17127,0.0000
0x004e5100,0x004e5100,,stub_code,3,2,5,17127,0.0000
0x00360e20,0x00360e20,,stub_code,0,7,7,17127,0.0000
0x0024d2e0,0x0024d2e0,,stub_code,0,0,0,1,0.0000
0x00281590,0x00281590,,stub_code,0,5,5,17127,0.0000
0x00323800,0x00323800,,stub_code,1,9,10,17127,0.0000
0x0054ef50,0x0054ef50,,stub_code,1,2,3,17127,0.0000
0x004dd360,0x004dd360,,,1,0,1,2,0.0000
0x00182f00,0x00182f00,,,2,0,2,17127,0.0000
0x001de510,0x001de510,,stub_code,0,1,1,17127,0.0000
0x00355bf0,0x00355bf0,,stub_code,1,4,5,17127,0.0000
0x002df6c0,0x002df6c0,,stub_code,0,4,4,17127,0.0000
0x00312d60,0x00312d60,,stub_code,0,2,2,17127,0.0000
0x0017a220,0x0017a220,,,1,0,1,17127,0.0000
0x005b21f0,0x005b21f0,,,1,0,1,17127,0.0000
0x001bcf40,0x001bcf40,,stub_code,0,1,1,17127,0.0000
0x00322b80,0x00322b80,,,1,0,1,17127,0.0000
0x004feb40,0x004feb40,,stub_code,1,0,1,17127,0.0000
0x0054b6a0,0x0054b6a0,,stub_code,0,5,5,17127,0.0000
0x005d9050,0x005d9050,,stub_code,1,1,2,17127,0.0000
0x005c6970,0x005c6970,,stub_code,1,3,4,17127,0.0000
0x00552440,0x00552440,,stub_code,0,1,1,17127,0.0000
0x00111c80,0x00111c80,,stub_code,0,1,1,17127,0.0000
0x001f9230,0x001f9230,,,4,0,4,17127,0.0000
0x004dc280,0x004dc280,,stub_code,0,1,1,17127,0.0000
0x00370200,0x00370200,,stub_code,1,4,5,17127,0.0000
0x001eb8a0,0x001eb8a0,,stub_code,1,1,2,17127,0.0000
0x002a4960,0x002a4960,,stub_code,2,1,3,17127,0.0000
0x00468858,0x00468858,,,2,0,2,17127,0.0000
0x001610f0,0x001610f0,,stub_code,0,17,17,17127,0.0000
0x0032e080,0x0032e080,,stub_code,0,1,1,17127,0.0000
0x004ffc80,0x004ffc80,,stub_code,1,1,2,17127,0.0000
0x00445720,0x00445720,,,50,0,50,17127,0.0000
0x00465dc0,0x00465dc0,,stub_code,0,1,1,17127,0.0000
0x0013df80,0x0013df80,,stub_code,6,1,7,17127,0.0000
0x005807d0,0x005807d0,,stub_code,0,2,2,17127,0.0000
0x00261950,0x00261950,,,2,0,2,17127,0.0000
0x005a4260,0x005a4260,,stub_code,0,1,1,2,0.0000
0x0049e828,0x0049e828,,stub_code,3,2,5,17127,0.0000
0x003029b0,0x003029b0,,stub_code,0,0,0,1,0.0000
0x00470e90,0x00470e90,,stub_code,0,2,2,17127,0.0000
0x005ed180,0x005ed180,,,1,0,1,17127,0.0000
0x00148080,0x00148080,,stub_code,0,1,1,17127,0.0000
0x0018e820,0x0018e820,,stub_code,0,0,0,1,0.0000
0x00111e10,0x00111e10,,stub_code,0,1,1,17127,0.0000
0x00108ee8,FUN_00108ee8,,real_logic,2,0,2,17127,0.0000
0x0045e418,0x0045e418,,stub_code,0,5,5,17127,0.0000
0x004707f8,0x004707f8,,stub_thunk,0,0,0,1,0.0000
0x002c6920,0x002c6920,,,1,0,1,17127,0.0000
0x00126100,0x00126100,,,1,0,1,17127,0.0000
0x003d70d0,0x003d70d0,,stub_code,1,4,5,17127,0.0000
0x002c7a30,0x002c7a30,,,1,0,1,17127,0.0000
0x0035cf30,0x0035cf30,,stub_code,0,1,1,17127,0.0000
0x0033d740,0x0033d740,,stub_code,1,3,4,17127,12.0000
0x0021c810,0x0021c810,,,1,0,1,17127,0.0000
0x0029e7c0,0x0029e7c0,,stub_code,1,1,2,17127,1.0000
0x0045bb68,0x0045bb68,,stub_code,4,8,12,17127,0.0000
0x004a2298,0x004a2298,,stub_code,2,1,3,17127,2.0000
0x003c7c80,0x003c7c80,,stub_code,2,4,6,17127,0.0000
0x004aaef8,0x004aaef8,,stub_code,1,5,6,17127,0.0000
0x0010e910,0x0010e910,,,2,0,2,17127,0.0000
0x0039bfa0,0x0039bfa0,,stub_code,0,3,3,17127,0.0000
0x0035c430,0x0035c430,,,21,0,21,17127,0.0000
0x001304f0,0x001304f0,,stub_code,10,2,12,17127,3.0000
0x0028d9d0,0x0028d9d0,,stub_code,1,2,3,17127,0.0000
0x0049c080,0x0049c080,,stub_code,0,3,3,17127,0.0000
0x00172000,0x00172000,,stub_code,1,2,3,17127,0.0000
0x0014e040,0x0014e040,,stub_code,0,5,5,17127,0.0000
0x004b18d0,0x004b18d0,,stub_code,0,1,1,17127,0.0000
0x00274140,0x00274140,,stub_code,0,4,4,17127,0.0000
0x005402a0,0x005402a0,,stub_code,0,2,2,17127,0.0000
0x001349b0,0x001349b0,,stub_code,1,9,10,17127,0.0000
0x00121710,0x00121710,,stub_code,1,2,3,17127,0.0000
0x002c7900,0x002c7900,,,1,0,1,17127,0.0000
0x0018f950,FUN_0018f950,,pseudo_stub,2,0,2,17127,0.0000
0x004020f0,0x004020f0,,stub_code,1,7,8,17127,0.0000
0x005a0ed0,0x005a0ed0,,stub_code,0,1,1,17127,0.0000
0x00151b50,0x00151b50,,,1,0,1,17127,0.0000
0x0011f9a0,0x0011f9a0,,stub_code,1,11,12,17127,0.0000
0x0054a950,0x0054a950,,stub_code,0,3,3,17127,0.0000
0x0015d910,0x0015d910,,stub_code,7,1,8,17127,108.0000
0x00358940,0x00358940,,stub_code,12,0,12,17127,0.0000
0x0050cfc0,FUN_0050cfc0,,pseudo_stub,1,0,1,17127,0.0000
0x00285dd0,0x00285dd0,,stub_code,0,5,5,17127,0.0000
0x0011d150,0x0011d150,,stub_code,0,1,1,17127,0.0000
0x0057e6c0,0x0057e6c0,,stub_code,0,10,10,17127,0.0000
0x002b0bb0,0x002b0bb0,,,1,0,1,17127,0.0000
0x00265430,0x00265430,,stub_code,2,4,6,17127,0.0000
0x005ef0a0,0x005ef0a0,,stub_code,0,4,4,17127,0.0000
0x00246270,0x00246270,,,4,0,4,17127,0.0000
0x0025d1d0,0x0025d1d0,,stub_code,0,0,0,1,0.0000
0x002bafb0,0x002bafb0,,,1,0,1,17127,0.0000
0x00409b00,0x00409b00,,stub_code,2,2,4,17127,0.0000
0x0058d9b0,0x0058d9b0,,stub_code,3,1,4,17127,0.0000
0x003abc60,0x003abc60,,stub_code,0,2,2,17127,0.0000
0x005115f0,0x005115f0,,stub_code,0,1,1,17127,0.0000
0x001c9ed0,0x001c9ed0,,stub_code,0,0,0,1,0.0000
0x00316dc0,0x00316dc0,,stub_code,1,2,3,17127,0.0000
0x004cec20,0x004cec20,,stub_code,0,2,2,17127,0.0000
0x005424d0,0x005424d0,,stub_code,0,4,4,17127,0.0000
0x001a4470,0x001a4470,,stub_code,4,1,5,17127,0.0000
0x003ac3e0,0x003ac3e0,,stub_code,0,3,3,17127,0.0000
0x004ab900,0x004ab900,,,2,0,2,17127,0.0000
0x002ecd70,0x002ecd70,,,1,0,1,17127,0.0000
0x00582bb0,0x00582bb0,,,2,0,2,17127,0.0000
0x0049acd8,0x0049acd8,,,3,0,3,17127,0.0000
0x00256800,0x00256800,,stub_code,0,0,0,1,0.0000
0x0047ec48,0x0047ec48,,stub_code,2,7,9,17127,0.0000
0x001fd7e0,0x001fd7e0,,stub_code,0,1,1,17127,0.0000
0x00296090,0x00296090,,,16,0,16,17127,0.0000
0x001fefe0,0x001fefe0,,stub_code,1,2,3,17127,0.0000
0x00577250,0x00577250,,stub_code,0,4,4,17127,0.0000
0x001c34b0,0x001c34b0,,stub_code,9,2,11,17127,4.0000
0x0024b880,0x0024b880,,stub_code,0,1,1,17127,0.0000
0x0049f0f0,0x0049f0f0,,,1,0,1,17127,0.0000
0x00137f90,0x00137f90,,,1,0,1,17127,0.0000
0x001c0b70,0x001c0b70,,stub_code,1,0,1,17127,0.0000
0x00339310,0x00339310,,stub_code,1,3,4,17127,2.0000
0x00517c70,0x00517c70,,stub_code,3,12,15,17127,0.0000
0x002fcce0,0x002fcce0,,stub_code,1,1,2,17127,0.0000
0x002b3880,0x002b3880,,,12,0,12,17127,0.0000
0x0058a440,0x0058a440,,stub_code,1,1,2,5,0.0000
0x004e1d90,0x004e1d90,,stub_code,0,8,8,17127,0.0000
0x0040d7f0,0x0040d7f0,,,2,0,2,17127,0.0000
0x00589320,0x00589320,,stub_code,0,4,4,17127,0.0000
0x002131c0,0x002131c0,,stub_code,4,3,7,17127,0.0000
0x0021b200,0x0021b200,,,6,0,6,17127,0.0000
0x001445d0,0x001445d0,,stub_code,0,1,1,17127,0.0000
0x0049f740,0x0049f740,,stub_code,2,1,3,17127,0.0000
0x0053ac60,0x0053ac60,,stub_code,0,1,1,17127,0.0000
0x00598db0,0x00598db0,,,1,0,1,17127,0.0000
0x0023d5b0,0x0023d5b0,,stub_code,1,3,4,17127,0.0000
0x004c7030,0x004c7030,,,3,0,3,17127,0.0000
0x003ce5a0,0x003ce5a0,,stub_code,6,5,11,17127,8.0000
0x002841a0,0x002841a0,,stub_code,0,5,5,17127,0.0000
0x0039cc40,0x0039cc40,,stub_code,1,2,3,17127,0.0000
0x004b61d8,0x004b61d8,,stub_code,0,1,1,2,0.0000
0x00075158,0x00075158,,,1,0,1,2,0.0000
0x001de750,0x001de750,,stub_code,0,2,2,17127,0.0000
0x005e3700,0x005e3700,,stub_code,1,4,5,17127,0.0000
0x004cde00,0x004cde00,,stub_code,0,0,0,1,0.0000
0x0018b9f0,0x0018b9f0,,stub_code,1,6,7,17127,0.0000
0x0036a670,0x0036a670,,stub_code,1,5,6,17127,0.0000
0x0019e410,0x0019e410,,stub_code,0,6,6,17127,0.0000
0x005a5500,0x005a5500,,stub_code,1,2,3,17127,0.0000
0x0028f500,0x0028f500,,stub_code,1,2,3,17127,0.0000
0x0054ed90,0x0054ed90,,stub_code,0,6,6,17127,0.0000
0x0017a370,0x0017a370,,stub_code,1,1,2,17127,0.0000
0x002abf80,0x002abf80,,stub_code,0,3,3,17127,0.0000
0x00338380,0x00338380,,,1,0,1,17127,0.0000
0x002f2a40,0x002f2a40,,,2,0,2,17127,0.0000
0x00596e40,0x00596e40,,,1,0,1,2,0.0000
0x002e3de0,0x002e3de0,,,1,0,1,17127,0.0000
0x005a1840,0x005a1840,,stub_code,0,1,1,2,0.0000
0x00557860,FUN_00557860,,pseudo_stub,0,1,1,17127,0.0000
0x003e0710,0x003e0710,,stub_code,1,6,7,17127,6.0000
0x00531990,0x00531990,,stub_code,1,0,1,17127,0.0000
0x0049e958,0x0049e958,,stub_code,2,2,4,17127,0.0000
0x0033ea40,0x0033ea40,,,10,0,10,17127,0.0000
0x001eaa60,0x001eaa60,,stub_code,0,2,2,17127,0.0000
0x00499910,0x00499910,,stub_code,1,5,6,17127,0.0000
0x003d74c0,0x003d74c0,,stub_code,1,3,4,17127,0.0000
0x00129b90,0x00129b90,,stub_code,0,0,0,1,0.0000
0x0046f878,0x0046f878,,stub_code,1,0,1,17127,0.0000
0x0053e820,0x0053e820,,stub_code,0,1,1,2,0.0000
0x0030d460,0x0030d460,,,2,0,2,17127,0.0000
0x0046fa28,0x0046fa28,,,1,0,1,17127,0.0000
0x001b9180,0x001b9180,,stub_code,1,2,3,17127,0.0000
0x0047f660,0x0047f660,,stub_code,0,2,2,17127,0.0000
0x0039eb60,FUN_0039eb60,,pseudo_stub,0,0,0,1,0.0000
0x001a0f80,0x001a0f80,,,1,0,1,17127,0.0000
0x0024ce20,0x0024ce20,,stub_code,0,0,0,1,0.0000
0x0058dea0,FUN_0058dea0,gfx/color,real_c,5,0,5,17127,0.0000
0x00394850,0x00394850,,stub_code,1,1,2,17127,0.0000
0x004ede20,0x004ede20,,stub_code,1,14,15,17127,32.0000
0x0054bf10,0x0054bf10,,stub_code,0,1,1,17127,0.0000
0x0048ca60,0x0048ca60,,,1,0,1,17127,0.0000
0x00349bc0,0x00349bc0,,stub_code,1,3,4,17127,0.0000
0x004c2dc0,0x004c2dc0,,stub_code,0,5,5,17127,0.0000
0x00443a40,0x00443a40,,stub_code,0,1,1,17127,0.0000
0x00181670,0x00181670,,stub_code,3,8,11,17127,0.0000
0x004d2de0,0x004d2de0,,stub_code,0,3,3,17127,0.0000
0x00347600,0x00347600,,stub_code,11,1,12,17127,5.0000
0x003a7ed0,0x003a7ed0,,,3,0,3,17127,0.0000
0x0053f290,0x0053f290,,stub_code,0,4,4,17127,0.0000
0x002ad600,0x002ad600,,stub_code,0,3,3,17127,0.0000
0x00517240,0x00517240,,,1,0,1,2,0.0000
0x0047d6c8,0x0047d6c8,,stub_code,0,1,1,17127,0.0000
0x00115b80,0x00115b80,,stub_code,3,3,6,17127,0.0000
0x00405260,0x00405260,,stub_code,4,3,7,17127,6.5000
0x0058d880,0x0058d880,,,29,0,29,17127,0.0000
0x003b5ce0,0x003b5ce0,,stub_code,2,2,4,17127,0.0000
0x002304a0,FUN_002304a0,ui/layout,real_c,1,0,1,17127,0.0000
0x004d7410,0x004d7410,,stub_code,1,2,3,17127,0.0000
0x002587a0,0x002587a0,,stub_code,0,0,0,1,0.0000
0x00154240,0x00154240,,,1,0,1,17127,0.0000
0x00185310,0x00185310,,,2,0,2,17127,0.0000
0x002d7ef0,0x002d7ef0,,stub_code,0,15,15,17127,0.0000
0x0047caf8,0x0047caf8,,stub_code,0,6,6,17127,0.0000
0x0058c700,0x0058c700,,,3,0,3,17127,0.0000
0x004a2ce8,0x004a2ce8,,,1,0,1,17127,0.0000
0x00297380,0x00297380,,stub_code,7,2,9,17127,1.9000
0x001b59b0,0x001b59b0,,stub_code,1,5,6,17127,0.0000
0x00273db0,0x00273db0,,stub_code,0,5,5,17127,0.0000
0x00364370,0x00364370,,stub_code,1,2,3,17127,0.0000
0x001ea770,0x001ea770,,stub_code,7,7,14,17127,0.0000
0x00427850,0x00427850,,,2,0,2,17127,0.0000
0x0014be20,0x0014be20,,stub_code,2,1,3,17127,31.0000
0x0037c1f0,0x0037c1f0,,,2,0,2,17127,0.0000
0x005141e0,0x005141e0,,stub_code,7,2,9,17127,1.0000
0x0025df70,0x0025df70,,stub_code,1,0,1,17127,0.0000
0x002c41f0,0x002c41f0,,stub_code,1,10,11,17127,0.0000
0x0040f0f0,0x0040f0f0,,,1,0,1,17127,0.0000
0x005add80,0x005add80,,stub_code,1,1,2,17127,0.0000
0x00248640,0x00248640,,stub_code,0,1,1,17127,0.0000
0x001c6e20,0x001c6e20,,stub_code,0,1,1,17127,0.0000
0x00546950,0x00546950,,stub_code,0,7,7,17127,0.0000
0x004af490,0x004af490,,stub_code,0,2,2,17127,0.0000
0x0019c850,0x0019c850,,stub_code,1,2,3,17127,0.0000
0x001da310,0x001da310,,stub_code,1,12,13,17127,0.0000
0x003e1fd0,0x003e1fd0,,stub_code,1,4,5,17127,29.0000
0x0023f480,0x0023f480,,stub_code,0,0,0,1,0.0000
0x00132480,0x00132480,,stub_code,1,1,2,17127,0.0000
0x005f7640,0x005f7640,,stub_code,0,4,4,17127,0.0000
0x00290800,0x00290800,,stub_code,1,1,2,17127,0.0000
0x00585d50,0x00585d50,,stub_code,2,1,3,17127,0.0000
0x001c5ad0,0x001c5ad0,,,2,0,2,17127,0.0000
0x00379b70,0x00379b70,,,10,0,10,17127,0.0000
0x0056a470,0x0056a470,,,1,0,1,17127,0.0000
0x003ff7d0,0x003ff7d0,,stub_code,0,2,2,17127,0.0000
0x00204900,0x00204900,,,1,0,1,17127,0.0000
0x002c0fa0,0x002c0fa0,,stub_code,1,5,6,17127,0.0000
0x0027e390,0x0027e390,,stub_code,0,1,1,17127,0.0000
0x0035a660,0x0035a660,,stub_code,6,4,10,17127,0.0000
0x00310490,0x00310490,,,3,0,3,17127,0.0000
0x0050e8f0,0x0050e8f0,,stub_code,4,1,5,17127,0.0000
0x00252af0,0x00252af0,,stub_code,0,0,0,1,0.0000
0x0027cdf0,0x0027cdf0,,stub_code,0,5,5,17127,0.0000
0x002ffb00,0x002ffb00,,stub_code,1,12,13,17127,0.0000
0x004b59f0,0x004b59f0,,,1,0,1,17127,0.0000
0x00447498,0x00447498,,,1,0,1,17127,0.0000
0x0054cda0,0x0054cda0,,stub_code,1,3,4,17127,0.0000
0x001a93d0,0x001a93d0,,stub_code,0,0,0,1,0.0000
0x001d5f60,0x001d5f60,,stub_code,1,2,3,17127,0.0000
0x0047d7e8,0x0047d7e8,,stub_code,0,2,2,3,0.0000
0x005c0b50,0x005c0b50,,,1,0,1,17127,0.0000
0x0014ddc0,0x0014ddc0,,stub_code,4,3,7,17127,0.0000
0x00202e80,0x00202e80,,,1,0,1,17127,0.0000
0x00125cb0,0x00125cb0,,stub_code,0,1,1,17127,0.0000
0x002c81e0,0x002c81e0,,,1,0,1,17127,0.0000
0x005af790,0x005af790,,,3,0,3,17127,0.0000
0x0034d7e0,0x0034d7e0,,stub_code,0,1,1,17127,0.0000
0x004f82c0,0x004f82c0,,stub_code,0,9,9,17127,0.0000
0x005a5d00,0x005a5d00,,stub_code,0,8,8,17127,0.0000
0x001ff950,0x001ff950,,stub_code,3,7,10,17127,0.0000
0x00268700,0x00268700,,stub_code,1,1,2,17127,0.0000
0x004e0560,0x004e0560,,,2,0,2,17127,0.0000
0x005a8470,0x005a8470,,,1,0,1,2,0.0000
0x001b3b70,0x001b3b70,,stub_code,1,23,24,17127,0.0000
0x0046cb30,0x0046cb30,,stub_code,0,2,2,17127,0.0000
0x001ac530,0x001ac530,,stub_code,0,4,4,17127,0.0000
0x0028e250,0x0028e250,,stub_code,2,2,4,17127,0.0000
0x00469a18,0x00469a18,,stub_code,0,0,0,1,0.0000
0x0058a550,0x0058a550,,stub_code,1,1,2,17127,0.0000
0x001d2230,0x001d2230,,stub_code,0,2,2,17127,0.0000
0x00159b70,0x00159b70,,stub_code,0,21,21,17127,0.0000
0x00308940,0x00308940,,stub_code,0,1,1,2,0.0000
0x00407b10,0x00407b10,,stub_code,1,3,4,17127,0.0000
0x002fa880,0x002fa880,,stub_code,0,7,7,17127,0.0000
0x0031ccd0,0x0031ccd0,,stub_code,0,15,15,17127,0.0000
0x00259630,0x00259630,,stub_code,0,1,1,17127,0.0000
0x00592ac0,0x00592ac0,,stub_code,0,1,1,2,0.0000
0x0031dfd0,0x0031dfd0,,stub_code,1,1,2,17127,0.0000
0x005d8dd0,0x005d8dd0,,,1,0,1,17127,0.0000
0x0029f0c0,0x0029f0c0,,stub_code,1,1,2,17127,3.0000
0x0035b3e0,0x0035b3e0,,stub_code,19,4,23,17127,8.4714
0x0033b950,0x0033b950,,stub_code,1,1,2,17127,0.0000
0x004b1ca8,0x004b1ca8,,stub_code,1,2,3,17127,0.0000
0x00270950,0x00270950,,stub_code,0,5,5,17127,0.0000
0x00356060,0x00356060,,stub_code,0,4,4,17127,0.0000
0x0018f510,0x0018f510,,,2,0,2,17127,0.0000
0x0024e000,0x0024e000,,stub_code,0,0,0,1,0.0000
0x001c0400,0x001c0400,,stub_code,1,16,17,17127,0.0000
0x001bfc00,0x001bfc00,,stub_code,0,1,1,17127,0.0000
0x0054f490,0x0054f490,,stub_code,1,2,3,17127,0.0000
0x004b47e0,0x004b47e0,,stub_code,1,4,5,17127,3.0000
0x003900f0,0x003900f0,,,1,0,1,17127,0.0000
0x0014bb60,0x0014bb60,,stub_code,1,3,4,17127,0.0000
0x0058a400,0x0058a400,,,2,0,2,17127,0.0000
0x0047f310,0x0047f310,,stub_code,0,1,1,17127,0.0000
0x005d9660,0x005d9660,,stub_code,0,2,2,17127,0.0000
0x001241d0,0x001241d0,,stub_code,1,6,7,17127,0.0000
0x002848c0,0x002848c0,,stub_code,0,5,5,17127,0.0000
0x00370bf0,0x00370bf0,,stub_code,1,3,4,17127,0.0000
0x0053b6d0,0x0053b6d0,,stub_code,0,1,1,17127,0.0000
0x0040de30,0x0040de30,,,1,0,1,17127,0.0000
0x002f6c70,0x002f6c70,,stub_code,0,0,0,1,0.0000
0x005c1740,0x005c1740,,stub_code,1,1,2,17127,0.0000
0x005fb0f0,0x005fb0f0,,stub_code,0,1,1,17127,0.0000
0x004a9a60,0x004a9a60,,stub_code,1,8,9,17127,0.0000
0x003a9040,0x003a9040,,stub_code,1,2,3,17127,0.0000
0x00504250,0x00504250,,,2,0,2,17127,0.0000
0x0037be20,0x0037be20,,,1,0,1,17127,0.0000
0x0049a6f0,0x0049a6f0,,stub_code,0,1,1,17127,0.0000
0x004e5b80,0x004e5b80,,stub_code,0,3,3,17127,0.0000
0x002b0e40,0x002b0e40,,stub_code,1,1,2,17127,0.0000
0x001d62e0,0x001d62e0,,stub_code,1,3,4,17127,0.0000
0x00309590,0x00309590,,stub_code,0,5,5,17127,0.0000
0x003594d0,0x003594d0,,stub_code,2,4,6,17127,0.0000
0x001dfdb0,FUN_001dfdb0,core/struct,real_logic,1,0,1,17127,0.0000
0x001f5340,0x001f5340,,stub_code,1,2,3,17127,0.0000
0x001472b0,0x001472b0,,stub_code,0,3,3,17127,0.0000
0x005a6370,0x005a6370,,stub_code,1,2,3,17127,3.0000
0x00484c40,0x00484c40,,,1,0,1,17127,0.0000
0x0033d940,0x0033d940,,stub_code,0,0,0,1,0.0000
0x002eb240,0x002eb240,,stub_code,1,3,4,17127,0.0000
0x005e6fa0,0x005e6fa0,,stub_code,1,2,3,17127,0.0000
0x001cf6f0,FUN_001cf6f0,,real_logic,7,0,7,17127,0.0000
0x00475eb8,0x00475eb8,,,1,0,1,17127,0.0000
0x0012eb00,0x0012eb00,,,9,0,9,17127,0.0000
0x001c4a50,0x001c4a50,,stub_code,0,0,0,1,0.0000
0x00213fa0,0x00213fa0,,stub_code,2,1,3,17127,0.0000
0x005bb270,0x005bb270,,stub_code,1,7,8,17127,0.0000
0x001fcdd0,0x001fcdd0,,stub_code,1,1,2,17127,0.0000
0x0042acd0,FUN_0042acd0,,real_logic,9,3,12,17127,89.9000
0x005fc210,0x005fc210,,stub_code,1,2,3,17127,0.0000
0x00260ae0,0x00260ae0,,stub_code,1,3,4,17127,0.0000
0x00285850,0x00285850,,stub_code,0,1,1,17127,0.0000
0x00390130,0x00390130,,stub_code,1,3,4,17127,0.0000
0x00484918,0x00484918,,stub_thunk,2,0,2,17127,0.0000
0x00567770,0x00567770,,stub_code,0,2,2,17127,0.0000
0x003cde20,0x003cde20,,stub_code,1,5,6,17127,58.0000
0x0049c810,0x0049c810,,stub_code,1,1,2,17127,0.0000
0x0053c160,0x0053c160,,stub_code,0,0,0,1,0.0000
0x004fd700,0x004fd700,,stub_code,0,1,1,17127,0.0000
0x0047ccb8,0x0047ccb8,,stub_code,6,4,10,17127,0.0000
0x00116a20,0x00116a20,,,1,0,1,17127,0.0000
0x004a2e00,0x004a2e00,,,3,0,3,17127,0.0000
0x00302d40,0x00302d40,,stub_code,1,2,3,17127,0.0000
0x005f48d0,0x005f48d0,,stub_code,0,4,4,17127,0.0000
0x004291b0,0x004291b0,,,9,0,9,17127,0.0000
0x0013f210,0x0013f210,,stub_code,1,1,2,17127,0.0000
0x004ddda0,0x004ddda0,,,19,0,19,17127,0.0000
0x00131310,0x00131310,,stub_code,0,2,2,17127,0.0000
0x00188810,0x00188810,,,1,0,1,17127,0.0000
0x002c4600,0x002c4600,,stub_code,1,2,3,17127,0.0000
0x00595b40,0x00595b40,,,2,0,2,17127,0.0000
0x004c6330,0x004c6330,,stub_code,0,3,3,17127,0.0000
0x00185ed0,0x00185ed0,,stub_code,0,2,2,17127,0.0000
0x005054d0,0x005054d0,,stub_code,0,2,2,17127,0.0000
0x004e6c40,0x004e6c40,,stub_code,0,4,4,17127,0.0000
0x004b4290,0x004b4290,,stub_code,0,2,2,3,0.0000
0x001bb070,0x001bb070,,stub_code,0,1,1,17127,0.0000
0x002b06f0,0x002b06f0,,,1,0,1,17127,0.0000
0x005e6c20,0x005e6c20,,stub_code,1,2,3,17127,0.0000
0x00290e60,0x00290e60,,stub_code,0,4,4,17127,0.0000
0x002ebef0,0x002ebef0,,,1,0,1,17127,0.0000
0x0025dd00,0x0025dd00,,stub_code,0,0,0,1,0.0000
0x002a4eb0,0x002a4eb0,,stub_code,2,1,3,17127,0.0000
0x004fce90,0x004fce90,,,1,0,1,17127,0.0000
0x005f24f0,0x005f24f0,,stub_code,0,7,7,17127,0.0000
0x0026d0b0,0x0026d0b0,,stub_code,1,0,1,17127,0.0000
0x00291d70,0x00291d70,,stub_code,0,4,4,17127,0.0000
0x001c6350,0x001c6350,,stub_code,0,7,7,17127,0.0000
0x003ffda0,0x003ffda0,,stub_code,0,2,2,17127,0.0000
0x00109170,0x00109170,,stub_code,1,13,14,17127,0.0000
0x00471380,0x00471380,,stub_code,2,1,3,17127,0.0000
0x003d77b0,0x003d77b0,,stub_code,1,11,12,17127,6.5714
0x0018b510,0x0018b510,,,3,0,3,17127,0.0000
0x001a9db0,0x001a9db0,,stub_code,1,5,6,17127,0.0000
0x0055f820,0x0055f820,,stub_code,1,0,1,17127,0.0000
0x0034ff90,0x0034ff90,,stub_code,0,11,11,17127,0.0000
0x0055a820,0x0055a820,,,14,0,14,17127,0.0000
0x00460f18,0x00460f18,,stub_code,1,5,6,17127,0.0000
0x0012e0c0,0x0012e0c0,,stub_code,1,1,2,17127,0.0000
0x004ad088,0x004ad088,,stub_code,1,8,9,17127,0.0000
0x004fe3f0,0x004fe3f0,,stub_code,0,4,4,17127,0.0000
0x00496b58,0x00496b58,,,1,0,1,17127,0.0000
0x0054d120,0x0054d120,,stub_code,1,2,3,17127,0.0000
0x0054ffd0,0x0054ffd0,,stub_code,0,5,5,17127,0.0000
0x004bea40,0x004bea40,,stub_code,0,6,6,17127,0.0000
0x00367dc0,0x00367dc0,,stub_code,1,3,4,8,0.0000
0x00272b10,0x00272b10,,,1,0,1,17127,0.0000
0x001dfbe0,0x001dfbe0,,stub_code,0,3,3,17127,0.0000
0x00353930,0x00353930,,stub_code,1,0,1,17127,0.0000
0x001a8730,0x001a8730,,stub_code,0,1,1,17127,0.0000
0x004d99b0,0x004d99b0,,stub_code,0,4,4,17127,0.0000
0x001119f0,0x001119f0,,stub_code,2,0,2,17127,0.0000
0x00259ca0,0x00259ca0,,stub_code,0,0,0,1,0.0000
0x00133520,0x00133520,,stub_code,0,1,1,17127,0.0000
0x004d3420,0x004d3420,,stub_code,0,4,4,17127,0.0000
0x00337350,0x00337350,,stub_code,1,2,3,17127,0.0000
0x004c5880,0x004c5880,,stub_code,0,1,1,17127,0.0000
0x005f2790,0x005f2790,,,2,0,2,17127,0.0000
0x002cf2a0,0x002cf2a0,,stub_code,1,2,3,17127,0.0000
0x001207b0,0x001207b0,,,27,0,27,17127,0.0000
0x002f7920,0x002f7920,,stub_code,0,1,1,17127,0.0000
0x003bcbc0,0x003bcbc0,,stub_code,2,6,8,17127,0.0000
0x00454650,0x00454650,,stub_code,1,7,8,17127,0.0000
0x0057a520,0x0057a520,,stub_code,0,9,9,17127,0.0000
0x005e6600,0x005e6600,,stub_code,1,2,3,17127,0.0000
0x0042cb00,FUN_0042cb00,,real_logic,2,1,3,17127,0.0000
0x004518d0,FUN_004518d0,gfx/image,real_c,1,0,1,17127,0.0000
0x0045bd70,0x0045bd70,,stub_code,17,3,20,17127,37.0000
0x002f2b00,0x002f2b00,,,2,0,2,17127,0.0000
0x00178760,0x00178760,,stub_code,0,2,2,17127,0.0000
0x0055c2a0,0x0055c2a0,,stub_code,1,4,5,17127,0.0000
0x001f77f0,0x001f77f0,,,1,0,1,17127,0.0000
0x0025c750,0x0025c750,,stub_code,0,0,0,1,0.0000
0x00161f50,0x00161f50,,,30,0,30,17127,0.0000
0x003dadf0,0x003dadf0,,stub_code,1,3,4,17127,0.0000
0x001e0300,0x001e0300,,stub_code,0,5,5,17127,0.0000
0x002e8c60,0x002e8c60,,stub_code,1,2,3,17127,0.0000
0x0025e5c0,0x0025e5c0,,stub_code,0,3,3,17127,0.0000
0x00465968,0x00465968,,stub_code,0,1,1,2,0.0000
0x00518e50,0x00518e50,,stub_code,1,6,7,17127,0.0000
0x00292bb0,0x00292bb0,,stub_code,1,2,3,17127,0.0000
0x004b8df0,0x004b8df0,,stub_code,1,1,2,17127,4.0000
0x00101ec0,0x00101ec0,,stub_code,3,0,3,17127,0.0000
0x002665b0,0x002665b0,,stub_code,2,0,2,17127,0.0000
0x005e9b30,0x005e9b30,,stub_code,0,5,5,17127,0.0000
0x00187b20,0x00187b20,,stub_code,0,6,6,17127,0.0000
0x00182200,0x00182200,,stub_code,1,1,2,17127,0.0000
0x001a9220,0x001a9220,,stub_code,0,7,7,17127,0.0000
0x003e6380,0x003e6380,,stub_code,1,6,7,17127,4.0000
0x001d3670,0x001d3670,,stub_code,2,1,3,17127,0.0000
0x005ce4c0,0x005ce4c0,,,1,0,1,17127,0.0000
0x00502370,0x00502370,,stub_code,1,2,3,17127,0.0000
0x004b1af0,0x004b1af0,,stub_code,3,3,6,17127,9.0000
0x004d8d80,0x004d8d80,,stub_code,4,2,6,17127,0.0000
0x0059d920,0x0059d920,,stub_code,0,1,1,2,0.0000
0x00119590,0x00119590,,stub_code,8,2,10,17127,0.0000
0x003350d0,0x003350d0,,stub_code,0,6,6,17127,0.0000
0x00123920,0x00123920,,,18,0,18,17127,0.0000
0x00213a70,0x00213a70,,,5,0,5,17127,0.0000
0x004db1d0,0x004db1d0,,stub_code,0,1,1,17127,0.0000
0x0031b470,0x0031b470,,stub_code,1,0,1,17127,0.0000
0x00291a90,0x00291a90,,stub_code,0,4,4,17127,0.0000
0x004b20e0,0x004b20e0,,stub_code,1,1,2,17127,0.0000
0x0021a740,0x0021a740,,stub_code,7,1,8,17127,0.0000
0x001a8430,0x001a8430,,stub_code,0,3,3,17127,0.0000
0x005b8b00,0x005b8b00,,,1,0,1,17127,0.0000
0x0028d2b0,0x0028d2b0,,stub_code,1,2,3,17127,0.0000
0x00365080,0x00365080,,stub_code,1,2,3,17127,0.0000
0x00103380,0x00103380,,stub_code,1,5,6,17127,0.0000
0x00406cf0,0x00406cf0,,stub_code,1,8,9,17127,0.0000
0x0040ffb0,0x0040ffb0,,stub_code,1,5,6,17127,0.0000
0x002d4ac0,0x002d4ac0,,stub_code,5,5,10,17127,68.5111
0x003f4030,0x003f4030,,stub_code,2,2,4,17127,0.0000
0x004828c0,0x004828c0,,,1,0,1,17127,0.0000
0x004b5950,0x004b5950,,,11,0,11,17127,0.0000
0x0049f158,0x0049f158,,stub_code,0,2,2,17127,0.0000
0x002330a0,0x002330a0,,stub_code,0,3,3,17127,0.0000
0x00659120,0x00659120,,stub_code,0,2,2,8,0.0000
0x004ade40,0x004ade40,,stub_code,1,2,3,17127,0.0000
0x0058d710,0x0058d710,,,2,0,2,17127,0.0000
0x00582ed0,0x00582ed0,,stub_code,1,2,3,17127,0.0000
0x003a9c10,0x003a9c10,,stub_code,1,6,7,17127,0.0000
0x0039b700,0x0039b700,,stub_code,0,3,3,17127,0.0000
0x00533450,0x00533450,,,1,0,1,2,0.0000
0x001851f0,0x001851f0,,,5,0,5,17127,0.0000
0x00114f40,0x00114f40,,stub_code,1,1,2,17127,0.0000
0x0054b8d0,0x0054b8d0,,stub_code,0,1,1,17127,0.0000
0x005951f0,0x005951f0,,,1,0,1,2,0.0000
0x001a8d10,FUN_001a8d10,,pseudo_stub,0,1,1,2,0.0000
0x005a8780,0x005a8780,,stub_code,0,1,1,2,0.0000
0x0027ead0,0x0027ead0,,stub_code,0,5,5,17127,0.0000
0x002d6c40,0x002d6c40,,stub_code,0,7,7,17127,0.0000
0x0033c610,0x0033c610,,stub_code,1,2,3,17127,0.0000
0x00248f70,0x00248f70,,stub_code,0,0,0,1,0.0000
0x00395a50,0x00395a50,,stub_code,1,2,3,17127,0.0000
0x00185050,0x00185050,,,2,0,2,17127,0.0000
0x003be550,0x003be550,,,1,0,1,17127,0.0000
0x00279990,0x00279990,,,1,0,1,17127,0.0000
0x005f4b10,0x005f4b10,,stub_code,0,1,1,17127,0.0000
0x0047eae8,0x0047eae8,,stub_code,3,7,10,17127,0.0000
0x001a5480,0x001a5480,,stub_code,0,2,2,17127,0.0000
0x005e7bf0,0x005e7bf0,,stub_code,2,3,5,17127,0.0000
0x0045b230,0x0045b230,,stub_code,2,4,6,17127,10.0000
0x003c6e80,0x003c6e80,,stub_code,3,2,5,17127,0.0000
0x004bf720,0x004bf720,,stub_code,0,1,1,17127,0.0000
0x00169d30,0x00169d30,,stub_code,1,0,1,17127,0.0000
0x00369480,0x00369480,,stub_code,2,1,3,17127,0.0000
0x0015d9c0,0x0015d9c0,,,9,0,9,17127,0.0000
0x002d7b20,0x002d7b20,,stub_code,0,2,2,17127,0.0000
0x002b8e20,0x002b8e20,,stub_code,0,3,3,17127,0.0000
0x0030c500,0x0030c500,,stub_code,0,1,1,17127,0.0000
0x00299f50,0x00299f50,,,2,0,2,17127,0.0000
0x00473308,0x00473308,,stub_code,0,1,1,3,0.0000
0x001cfdf0,0x001cfdf0,,stub_code,2,5,7,17127,0.0000
0x003b7970,0x003b7970,,stub_code,1,3,4,17127,0.0000
0x00253e70,0x00253e70,,stub_code,0,0,0,1,0.0000
0x00189aa0,0x00189aa0,,stub_code,1,2,3,17127,1.0000
0x001b7620,0x001b7620,,stub_code,1,1,2,17127,0.0000
0x005f9030,0x005f9030,,,1,0,1,17127,0.0000
0x0024a3a0,0x0024a3a0,,stub_code,0,0,0,1,0.0000
0x001df910,0x001df910,,stub_code,1,2,3,17127,0.0000
0x00147a30,FUN_00147a30,,pseudo_stub,0,6,6,17127,0.0000
0x001fc8d0,0x001fc8d0,,stub_code,0,4,4,17127,0.0000
0x0016e330,0x0016e330,,,2,0,2,17127,0.0000
0x002bad20,0x002bad20,,stub_code,3,2,5,17127,0.0000
0x00588910,0x00588910,,stub_code,0,1,1,17127,0.0000
0x002b1360,0x002b1360,,,1,0,1,17127,0.0000
0x005e7390,0x005e7390,,,3,0,3,17127,0.0000
0x00141130,0x00141130,,stub_code,1,1,2,17127,0.0000
0x00387230,0x00387230,,stub_code,0,4,4,17127,0.0000
0x004ac8b8,FUN_004ac8b8,,pseudo_stub,1,1,2,17127,0.0000
0x0054a8a0,0x0054a8a0,,stub_code,0,3,3,17127,0.0000
0x004c8100,0x004c8100,,stub_code,0,1,1,17127,0.0000
0x0053ffb0,0x0053ffb0,,stub_code,0,0,0,1,0.0000
0x00544ab0,0x00544ab0,,stub_code,0,3,3,17127,0.0000
0x0034f830,0x0034f830,,,4,0,4,17127,0.0000
0x0014d000,0x0014d000,,stub_code,1,4,5,17127,0.0000
0x0058ce00,0x0058ce00,,,1,0,1,17127,0.0000
0x004ef170,0x004ef170,,stub_code,1,0,1,17127,0.0000
0x00453a60,0x00453a60,,stub_code,1,11,12,17127,2.0000
0x005d2040,0x005d2040,,stub_code,0,2,2,17127,0.0000
0x002f5720,0x002f5720,,stub_code,0,2,2,17127,0.0000
0x0034c0c0,0x0034c0c0,,stub_code,0,4,4,17127,0.0000
0x001d64a0,0x001d64a0,,stub_code,1,3,4,17127,0.0000
0x004db5e0,0x004db5e0,,,3,0,3,17127,0.0000
0x005cfcc0,0x005cfcc0,,stub_code,3,3,6,17127,0.0000
0x005cc570,0x005cc570,,stub_code,0,2,2,17127,0.0000
0x0049a8a8,0x0049a8a8,,stub_code,2,12,14,17127,0.0000
0x00561160,0x00561160,,stub_code,1,2,3,17127,0.0000
0x004a18d0,0x004a18d0,,stub_code,0,3,3,17127,0.0000
0x00447e78,0x00447e78,,stub_code,0,2,2,17127,0.0000
0x0021b030,0x0021b030,,,3,0,3,17127,0.0000
0x004b45b0,0x004b45b0,,stub_code,1,1,2,17127,0.0000
0x0049c6c0,0x0049c6c0,,,1,0,1,17127,0.0000
0x003ba320,0x003ba320,,stub_code,1,0,1,17127,0.0000
0x002deb40,0x002deb40,,stub_code,1,2,3,17127,0.0000
0x00292b20,0x00292b20,,stub_code,0,4,4,17127,0.0000
0x00349880,0x00349880,,stub_code,0,10,10,17127,0.0000
0x0023aae0,0x0023aae0,,stub_code,2,1,3,17127,0.0000
0x003ff010,0x003ff010,,,7,0,7,17127,0.0000
0x00127550,0x00127550,,stub_code,0,0,0,1,0.0000
0x00136970,0x00136970,,stub_code,0,2,2,17127,0.0000
0x00117720,0x00117720,,stub_code,6,2,8,17127,0.0000
0x001e7480,0x001e7480,,stub_code,2,1,3,17127,0.0000
0x0053bfd0,0x0053bfd0,,stub_code,0,0,0,1,0.0000
0x0033eb00,0x0033eb00,,,3,0,3,17127,0.0000
0x0039adb0,0x0039adb0,,stub_code,0,9,9,17127,0.0000
0x0049f1c0,0x0049f1c0,,stub_code,1,5,6,17127,20.5000
0x001c7bc0,0x001c7bc0,,stub_code,0,0,0,1,0.0000
0x002f2b40,0x002f2b40,,,2,0,2,17127,0.0000
0x00344e20,0x00344e20,,stub_code,2,14,16,17127,577.8667
0x00194f90,FUN_00194f90,,pseudo_stub,0,1,1,17127,0.0000
0x002467a0,FUN_002467a0,,pseudo_stub,2,1,3,17127,2.0000
0x003343e0,0x003343e0,,,1,0,1,17127,0.0000
0x00241f20,0x00241f20,,stub_code,2,0,2,17127,0.0000
0x0046a570,0x0046a570,,,2,0,2,17127,0.0000
0x002a39f0,0x002a39f0,,stub_code,1,1,2,17127,0.0000
0x002ba8f0,0x002ba8f0,,stub_code,0,1,1,17127,0.0000
0x004b0768,0x004b0768,,stub_code,1,1,2,17127,0.0000
0x00294a40,0x00294a40,,stub_code,1,3,4,17127,0.0000
0x00290ab0,0x00290ab0,,stub_code,1,1,2,17127,0.0000
0x002b5ad0,0x002b5ad0,,stub_code,0,1,1,17127,0.0000
0x004bf780,0x004bf780,,stub_code,0,1,1,17127,0.0000
0x0031d130,0x0031d130,,stub_code,0,4,4,17127,0.0000
0x006c9560,0x006c9560,,stub_code,0,3,3,17127,0.0000
0x001718b0,0x001718b0,,stub_code,1,3,4,17127,0.0000
0x004b4b88,0x004b4b88,,stub_code,0,1,1,17127,0.0000
0x002b13a0,0x002b13a0,,stub_code,1,2,3,17127,0.0000
0x002d3720,0x002d3720,,stub_code,0,4,4,17127,0.0000
0x0010f880,0x0010f880,,stub_code,0,2,2,17127,0.0000
0x003b7e50,0x003b7e50,,,3,0,3,17127,0.0000
0x005cc090,0x005cc090,,stub_code,0,2,2,17127,0.0000
0x0035f2a0,0x0035f2a0,,,1,0,1,17127,0.0000
0x001e9fb0,0x001e9fb0,,,1,0,1,17127,0.0000
0x0047c770,0x0047c770,,stub_code,0,9,9,17127,0.0000
0x005a8c60,0x005a8c60,,,1,0,1,2,0.0000
0x0043ef10,0x0043ef10,,,1,0,1,17127,0.0000
0x00467da8,0x00467da8,,stub_code,1,4,5,17127,19.0000
0x00364a90,0x00364a90,,stub_code,0,3,3,17127,0.0000
0x004ca390,0x004ca390,,stub_code,0,0,0,1,0.0000
0x0053b120,0x0053b120,,stub_code,0,1,1,17127,0.0000
0x002892b0,0x002892b0,,stub_code,0,4,4,17127,0.0000
0x001a23f0,0x001a23f0,,stub_code,1,3,4,17127,0.0000
0x0025ef20,0x0025ef20,,stub_code,0,2,2,17127,0.0000
0x00251ec0,0x00251ec0,,stub_code,0,0,0,1,0.0000
0x00580a10,0x00580a10,,stub_code,0,4,4,17127,0.0000
0x0059c1c0,0x0059c1c0,,stub_code,0,1,1,2,0.0000
0x002c7930,0x002c7930,,,1,0,1,17127,0.0000
0x00292000,0x00292000,,stub_code,0,4,4,17127,0.0000
0x005c13a0,0x005c13a0,,,1,0,1,17127,0.0000
0x00573f50,FUN_00573f50,,pseudo_stub,0,2,2,17127,0.0000
0x00172e90,0x00172e90,,stub_code,0,2,2,17127,0.0000
0x004629a0,0x004629a0,,stub_code,0,4,4,17127,0.0000
0x002291a0,0x002291a0,,stub_code,1,6,7,17127,0.0000
0x0043daa8,0x0043daa8,,stub_code,1,2,3,17127,0.0000
0x004459a8,0x004459a8,,stub_code,0,5,5,17127,0.0000
0x0036a080,0x0036a080,,,1,0,1,17127,0.0000
0x002e6540,0x002e6540,,stub_code,1,8,9,17127,0.0000
0x003ba630,0x003ba630,,stub_code,1,2,3,17127,0.0000
0x0017f6b0,0x0017f6b0,,,2,0,2,17127,0.0000
0x001aae80,0x001aae80,,stub_code,0,3,3,17127,0.0000
0x00133970,0x00133970,,stub_code,0,0,0,1,0.0000
0x00553b50,0x00553b50,,stub_code,2,1,3,17127,0.0000
0x003fd378,0x003fd378,,stub_code,1,3,4,17127,0.0000
0x00461400,0x00461400,,stub_code,1,9,10,17127,8.3333
0x003135c0,0x003135c0,,stub_code,0,1,1,17127,0.0000
0x001480b0,0x001480b0,,stub_code,0,7,7,17127,0.0000
0x0030cca0,0x0030cca0,,stub_code,0,2,2,17127,0.0000
0x004a1b98,0x004a1b98,,stub_code,0,3,3,17127,0.0000
0x0049e308,0x0049e308,,stub_thunk,1,0,1,17127,0.0000
0x003ac490,0x003ac490,,stub_code,2,3,5,17127,0.0000
0x00178870,0x00178870,,stub_code,0,5,5,17127,0.0000
0x005828b0,0x005828b0,,stub_code,0,1,1,17127,0.0000
0x00278050,0x00278050,,stub_code,1,9,10,17127,34.1667
0x0039a590,0x0039a590,,stub_code,0,1,1,17127,0.0000
0x00300600,0x00300600,,stub_code,1,6,7,17127,0.0000
0x001dc190,0x001dc190,,stub_code,0,2,2,17127,0.0000
0x002aedc0,0x002aedc0,,stub_code,1,2,3,17127,0.0000
0x002ef190,0x002ef190,,stub_code,2,2,4,17127,0.0000
0x00549010,0x00549010,,stub_code,0,4,4,17127,0.0000
0x0031e8c0,0x0031e8c0,,stub_code,0,1,1,17127,0.0000
0x0047f958,FUN_0047f958,,pseudo_stub,0,0,0,1,0.0000
0x001ef610,0x001ef610,,stub_code,0,0,0,1,0.0000
0x00513110,0x00513110,,stub_code,1,1,2,17127,5.5000
0x004fcee0,0x004fcee0,,,3,0,3,17127,0.0000
0x003c5070,0x003c5070,,,1,0,1,17127,0.0000
0x001ab920,0x001ab920,,stub_code,0,0,0,1,0.0000
0x001a90a0,0x001a90a0,,stub_code,0,0,0,1,0.0000
0x001283c0,0x001283c0,,stub_code,1,0,1,17127,0.0000
0x00494b38,0x00494b38,,stub_code,1,1,2,17127,0.0000
0x0045ecf0,0x0045ecf0,,stub_code,1,3,4,17127,4.3333
0x00307140,0x00307140,,stub_code,0,6,6,17127,0.0000
0x0029efa0,0x0029efa0,,stub_code,1,1,2,17127,1.0000
0x00446578,0x00446578,,stub_code,1,2,3,17127,0.0000
0x003856e0,0x003856e0,,stub_code,1,7,8,17127,0.0000
0x004b4108,0x004b4108,,stub_code,1,3,4,17127,0.0000
0x00189d90,0x00189d90,,stub_code,1,1,2,17127,0.0000
0x00429708,FUN_00429708,,real_logic,1,1,2,3,0.0000
0x00275580,0x00275580,,stub_code,0,5,5,17127,0.0000
0x005d85a0,0x005d85a0,,,3,0,3,17127,0.0000
0x001819e0,0x001819e0,,stub_code,2,4,6,17127,0.0000
0x0026a6c0,0x0026a6c0,,stub_code,1,3,4,17127,0.0000
0x00574970,0x00574970,,stub_code,1,6,7,17127,0.0000
0x002de320,0x002de320,,stub_code,0,2,2,17127,0.0000
0x003bb2f0,0x003bb2f0,,,3,0,3,17127,0.0000
0x0043c840,0x0043c840,,,1,0,1,17127,0.0000
0x004acf58,0x004acf58,,stub_code,1,1,2,17127,0.0000
0x001bea60,0x001bea60,,stub_code,0,2,2,17127,0.0000
0x0049a738,0x0049a738,,stub_code,1,3,4,17127,0.0000
0x004b37b8,0x004b37b8,,stub_code,0,3,3,17127,0.0000
0x004aeb80,0x004aeb80,,stub_code,1,1,2,17127,0.0000
0x005498d0,0x005498d0,,stub_code,0,5,5,17127,0.0000
0x0017f800,0x0017f800,,stub_code,1,4,5,17127,0.0000
0x001ea470,0x001ea470,,stub_code,25,6,31,17127,0.0000
0x00474ac8,0x00474ac8,,stub_code,1,8,9,17127,0.0000
0x002f65f0,0x002f65f0,,stub_code,0,1,1,17127,0.0000
0x001886f0,0x001886f0,,stub_code,0,4,4,17127,0.0000
0x0058ec70,0x0058ec70,,stub_code,0,1,1,17127,0.0000
0x004aedc0,0x004aedc0,,stub_code,2,4,6,17127,6.0000
0x0050a2a0,0x0050a2a0,,,1,0,1,17127,0.0000
0x004e1e80,0x004e1e80,,stub_code,1,2,3,17127,0.0000
0x00344070,0x00344070,,stub_code,1,14,15,17127,0.0000
0x004eddc0,0x004eddc0,,stub_code,1,1,2,17127,10.0000
0x005fdf10,0x005fdf10,,stub_code,0,2,2,17127,0.0000
0x00241100,0x00241100,,stub_code,0,1,1,17127,0.0000
0x002a5580,0x002a5580,,stub_code,0,5,5,17127,0.0000
0x00148450,0x00148450,,stub_code,0,0,0,1,0.0000
0x003fba68,0x003fba68,,stub_code,1,0,1,17127,0.0000
0x0051d5e0,0x0051d5e0,,,2,0,2,17127,0.0000
0x00334bd0,0x00334bd0,,stub_code,0,2,2,17127,0.0000
0x00206170,0x00206170,,stub_code,0,7,7,17127,0.0000
0x0026b510,0x0026b510,,stub_code,1,1,2,17127,0.0000
0x0046f948,0x0046f948,,,5,0,5,17127,0.0000
0x0017a5d0,0x0017a5d0,,stub_code,1,4,5,17127,0.0000
0x001610e0,0x001610e0,,,4,0,4,17127,0.0000
0x005fe340,0x005fe340,,stub_code,0,2,2,17127,0.0000
0x0037c9b0,0x0037c9b0,,stub_code,1,2,3,17127,0.0000
0x0050fea0,0x0050fea0,,stub_code,496,3,499,17127,358.0000
0x001a8b00,0x001a8b00,,stub_code,0,2,2,17127,0.0000
0x0049cd08,0x0049cd08,,stub_code,0,5,5,17127,0.0000
0x002537a0,0x002537a0,,stub_code,0,1,1,17127,0.0000
0x0014d780,0x0014d780,,stub_code,0,5,5,17127,0.0000
0x002d7620,0x002d7620,,stub_code,1,11,12,17127,0.0000
0x00248c50,0x00248c50,,stub_code,13,0,13,20,0.0000
0x003b5b90,0x003b5b90,,,1,0,1,17127,0.0000
0x00241820,0x00241820,,stub_code,0,4,4,17127,0.0000
0x0045fa68,0x0045fa68,,stub_code,2,1,3,17127,0.0000
0x0025a220,0x0025a220,,stub_code,0,1,1,17127,0.0000
0x003c0600,0x003c0600,,,1,0,1,17127,0.0000
0x003fabd0,0x003fabd0,,,1,0,1,17127,0.0000
0x0040f2a0,0x0040f2a0,,,1,0,1,17127,0.0000
0x001ebaa0,0x001ebaa0,,stub_code,0,6,6,17127,0.0000
0x0049aef0,0x0049aef0,,stub_code,0,1,1,17127,0.0000
0x0034cb20,0x0034cb20,,stub_code,0,1,1,17127,0.0000
0x001ce6b0,0x001ce6b0,,stub_code,0,0,0,1,0.0000
0x00196800,0x00196800,,stub_code,4,4,8,17127,0.0000
0x00535280,0x00535280,,stub_code,0,1,1,4,0.0000
0x004adfc0,0x004adfc0,,stub_code,1,5,6,17127,0.0000
0x0042f3a0,0x0042f3a0,,,118,0,118,17127,0.0000
0x004b0d18,0x004b0d18,,stub_code,2,1,3,17127,0.0000
0x005ec040,0x005ec040,,stub_code,2,2,4,17127,2.0000
0x00597600,0x00597600,,,1,0,1,2,0.0000
0x0053dbe0,0x0053dbe0,,stub_code,0,1,1,17127,0.0000
0x00512e00,0x00512e00,,stub_code,72,3,75,17127,17.0000
0x002e84f0,0x002e84f0,,stub_code,0,4,4,17127,0.0000
0x00444fd8,0x00444fd8,,,1,0,1,17127,0.0000
0x00479518,0x00479518,,stub_code,0,1,1,17127,0.0000
0x001c98f0,0x001c98f0,,stub_code,0,0,0,1,0.0000
0x00380790,0x00380790,,,1,0,1,17127,0.0000
0x001a0da0,0x001a0da0,,stub_code,1,3,4,17127,0.0000
0x004b4018,0x004b4018,,stub_code,0,0,0,1,0.0000
0x00150ca0,0x00150ca0,,stub_code,0,2,2,17127,0.0000
0x0051d6a0,0x0051d6a0,,,2,0,2,17127,0.0000
0x001157b0,0x001157b0,,,1,0,1,17127,0.0000
0x004f4850,0x004f4850,,,2,0,2,17127,0.0000
0x002c1830,0x002c1830,,stub_code,2,2,4,17127,0.0000
0x001253a0,0x001253a0,,stub_code,1,1,2,17127,0.0000
0x001936b0,0x001936b0,,stub_code,0,8,8,17127,0.0000
0x0039a750,0x0039a750,,stub_code,0,1,1,17127,0.0000
0x0013b860,0x0013b860,,stub_code,1,4,5,17127,0.0000
0x0051e490,0x0051e490,,stub_code,1,3,4,17127,27.0000
0x00207690,0x00207690,,stub_code,1,15,16,17127,0.0000
0x004691a8,0x004691a8,,stub_code,1,1,2,17127,0.0000
0x00465b20,0x00465b20,,stub_code,1,2,3,17127,0.0000
0x004e4f20,0x004e4f20,,stub_code,0,3,3,17127,0.0000
0x0050a810,0x0050a810,,stub_code,0,20,20,17127,0.0000
0x004ab468,0x004ab468,,stub_code,2,0,2,17127,0.0000
0x003597d0,0x003597d0,,,1,0,1,17127,0.0000
0x0024d570,0x0024d570,,stub_code,0,1,1,17127,0.0000
0x004d4300,0x004d4300,,stub_code,0,1,1,17127,0.0000
0x006c96e0,0x006c96e0,,stub_code,0,3,3,17127,0.0000
0x003a9120,0x003a9120,,stub_code,1,6,7,17127,0.0000
0x0021cdf0,0x0021cdf0,,stub_code,5,2,7,17127,0.0000
0x00304290,0x00304290,,stub_code,0,2,2,17127,0.0000
0x00448400,0x00448400,,,6,0,6,17127,0.0000
0x0031b570,0x0031b570,,,1,0,1,17127,0.0000
0x00403a10,0x00403a10,,stub_code,1,2,3,17127,0.0000
0x0049c2b8,0x0049c2b8,,stub_code,0,7,7,17127,0.0000
0x00200860,0x00200860,,,1,0,1,17127,0.0000
0x004a4950,0x004a4950,,stub_code,2,3,5,17127,0.0000
0x0042ac48,FUN_0042ac48,game/script,real_c,0,1,1,17127,0.0000
0x00441fe0,0x00441fe0,,stub_code,0,8,8,17127,0.0000
0x00422ce0,0x00422ce0,,,2,0,2,17127,0.0000
0x00508bc0,0x00508bc0,,stub_code,12,1,13,17127,13.0000
0x004e5b40,0x004e5b40,,stub_code,3,2,5,17127,0.0000
0x0043c990,0x0043c990,,,1,0,1,17127,0.0000
0x00356690,0x00356690,,stub_code,0,17,17,17127,0.0000
0x0023f5d0,0x0023f5d0,,stub_code,0,3,3,17127,0.0000
0x0011c610,0x0011c610,,,1,0,1,17127,0.0000
0x004036a0,0x004036a0,,stub_code,2,2,4,17127,7.0000
0x004efbe0,0x004efbe0,,stub_code,0,6,6,17127,0.0000
0x002be690,0x002be690,,stub_code,2,4,6,17127,0.0000
0x001fbc80,0x001fbc80,,stub_code,0,2,2,17127,0.0000
0x003fa3e0,0x003fa3e0,,,2,0,2,17127,0.0000
0x0049e0e0,0x0049e0e0,,stub_thunk,1,0,1,17127,0.0000
0x00495058,0x00495058,,stub_code,1,1,2,17127,0.0000
0x004de6e0,0x004de6e0,,stub_code,0,6,6,17127,0.0000
0x005ad980,0x005ad980,,stub_code,2,1,3,17127,0.0000
0x00390750,0x00390750,,,1,0,1,17127,0.0000
0x00407390,0x00407390,,stub_code,4,1,5,6,0.0000
0x005fac40,0x005fac40,,,1,0,1,4,0.0000
0x0034d210,0x0034d210,,,1,0,1,17127,0.0000
0x003a9760,0x003a9760,,stub_code,2,4,6,17127,0.0000
0x002d88c0,0x002d88c0,,stub_code,1,7,8,17127,0.0000
0x00453380,0x00453380,,,1,0,1,17127,0.0000
0x0026eb30,0x0026eb30,,stub_code,3,2,5,17127,13.0000
0x00538ad0,0x00538ad0,,stub_code,5,3,8,17127,0.0000
0x00407550,FUN_00407550,core/containers,real_c,1,0,1,6,0.0000
0x0051c610,0x0051c610,,stub_code,0,5,5,17127,0.0000
0x00157a50,0x00157a50,,stub_code,0,2,2,17127,0.0000
0x0043d760,0x0043d760,,stub_code,0,1,1,2,0.0000
0x00185080,0x00185080,,,1,0,1,17127,0.0000
0x004055e0,0x004055e0,,stub_code,0,1,1,6,0.0000
0x00536930,0x00536930,,,1,0,1,17127,0.0000
0x003d0690,0x003d0690,,stub_code,2,10,12,17127,0.0000
0x0054abc0,0x0054abc0,,stub_code,1,2,3,17127,0.0000
0x002ee470,0x002ee470,,stub_code,0,5,5,17127,0.0000
0x002e88f0,0x002e88f0,,,1,0,1,17127,0.0000
0x0051dda0,0x0051dda0,,stub_code,1,2,3,17127,1.0000
0x005fd5e0,0x005fd5e0,,stub_code,0,2,2,17127,0.0000
0x005f5670,0x005f5670,,stub_code,2,2,4,17127,0.0000
0x0011c240,0x0011c240,,,1,0,1,2,0.0000
0x003f82a8,0x003f82a8,,,7,0,7,17127,0.0000
0x004afc38,0x004afc38,,stub_code,1,6,7,17127,0.0000
0x00478d58,0x00478d58,,stub_code,0,1,1,17127,0.0000
0x004f08f0,0x004f08f0,,stub_code,0,0,0,1,0.0000
0x00185b70,0x00185b70,,,1,0,1,17127,0.0000
0x0056e5c0,0x0056e5c0,,,1,0,1,2,0.0000
0x0050f640,0x0050f640,,stub_code,1,2,3,17127,0.0000
0x002b4470,0x002b4470,,stub_code,2,1,3,17127,1.4000
0x0026b610,0x0026b610,,,1,0,1,17127,0.0000
0x00210910,0x00210910,,stub_code,1,7,8,17127,0.0000
0x00307880,0x00307880,,stub_code,0,5,5,17127,0.0000
0x004eff50,0x004eff50,,stub_code,0,2,2,17127,0.0000
0x00125460,0x00125460,,stub_code,0,8,8,17127,0.0000
0x00506440,0x00506440,,,6,0,6,17127,0.0000
0x004f8150,0x004f8150,,stub_code,0,5,5,17127,0.0000
0x00313330,0x00313330,,stub_code,1,5,6,17127,0.0000
0x00211560,0x00211560,,stub_code,1,2,3,17127,0.0000
0x0011dd00,0x0011dd00,,stub_code,1,4,5,17127,0.0000
0x005efea0,0x005efea0,,,1,0,1,2,0.0000
0x0040e3e0,0x0040e3e0,,stub_code,2,2,4,17127,0.0000
0x005fa860,0x005fa860,,stub_code,7,1,8,17127,0.0000
0x0044e190,0x0044e190,,,1,0,1,17127,0.0000
0x0017dd00,0x0017dd00,,stub_code,0,4,4,17127,0.0000
0x004fdf60,0x004fdf60,,stub_code,2,6,8,17127,0.0000
0x0010faf0,0x0010faf0,,stub_code,1,1,2,17127,0.0000
0x0021dfd0,0x0021dfd0,,,17,0,17,17127,0.0000
0x0029a3e0,0x0029a3e0,,stub_code,0,0,0,1,0.0000
0x0059b750,0x0059b750,,,1,0,1,2,0.0000
0x001a90f0,0x001a90f0,,stub_code,1,2,3,17127,0.0000
0x00499838,0x00499838,,stub_code,1,4,5,17127,0.0000
0x0030e6b0,0x0030e6b0,,stub_code,0,1,1,17127,0.0000
0x0042bd80,0x0042bd80,,,1,0,1,17127,0.0000
0x0051e940,0x0051e940,,,2,0,2,17127,0.0000
0x004c0780,0x004c0780,,stub_code,0,3,3,17127,0.0000
0x004db4a0,0x004db4a0,,stub_code,0,1,1,17127,0.0000
0x002c7b60,0x002c7b60,,stub_code,1,1,2,17127,1.0000
0x005123d0,0x005123d0,,stub_code,2,6,8,17127,0.0000
0x00477948,0x00477948,,,2,0,2,17127,0.0000
0x0033d0f0,0x0033d0f0,,stub_code,4,3,7,17127,0.0000
0x00310280,0x00310280,,stub_code,0,1,1,17127,0.0000
0x004e89e0,0x004e89e0,,,11,0,11,17127,0.0000
0x004a73a8,0x004a73a8,,,2,0,2,17127,0.0000
0x002a4380,0x002a4380,,stub_code,2,1,3,17127,0.0000
0x00164170,0x00164170,,stub_code,1,12,13,17127,0.0000
0x002b11c0,0x002b11c0,,,1,0,1,17127,0.0000
0x00185e40,0x00185e40,,,5,0,5,17127,0.0000
0x00124650,0x00124650,,stub_code,1,4,5,17127,0.0000
0x00216ce0,0x00216ce0,,stub_code,6,0,6,17127,0.0000
0x00285750,0x00285750,,,2,0,2,17127,0.0000
0x001bf9f0,0x001bf9f0,,stub_code,0,1,1,4,0.0000
0x004ff170,0x004ff170,,stub_code,1,2,3,17127,0.0000
0x002f2ac0,0x002f2ac0,,,2,0,2,17127,0.0000
0x005bab60,0x005bab60,,stub_code,2,3,5,17127,0.0000
0x0018bd10,0x0018bd10,,,1,0,1,17127,0.0000
0x00514690,0x00514690,,,8,0,8,17127,0.0000
0x002fb7f0,0x002fb7f0,,,29,0,29,17127,0.0000
0x001a4790,0x001a4790,,stub_code,0,1,1,2,0.0000
0x00470b38,0x00470b38,,stub_thunk,1,0,1,17127,0.0000
0x0046f978,0x0046f978,,,3,0,3,17127,0.0000
0x00473748,0x00473748,,stub_code,4,1,5,17127,0.0000
0x0049bbe0,0x0049bbe0,,stub_code,0,3,3,17127,0.0000
0x00449200,0x00449200,,stub_code,1,2,3,17127,0.0000
0x004d18b0,0x004d18b0,,stub_code,0,4,4,17127,0.0000
0x00534350,0x00534350,,stub_code,0,0,0,1,0.0000
0x0059ed90,0x0059ed90,,stub_code,0,5,5,17127,0.0000
0x0054b120,0x0054b120,,stub_code,0,3,3,17127,0.0000
0x001a20c0,0x001a20c0,,stub_code,3,1,4,17127,0.0000
0x004b7988,0x004b7988,,stub_code,2,1,3,17127,0.0000
0x002b1500,0x002b1500,,stub_code,1,1,2,17127,0.0000
0x001bd780,0x001bd780,,stub_code,0,3,3,17127,0.0000
0x004fdbf0,0x004fdbf0,,stub_code,0,0,0,1,0.0000
0x004ab0f0,0x004ab0f0,,,1,0,1,17127,0.0000
0x004e4a00,0x004e4a00,,,3,0,3,17127,0.0000
0x004b8660,0x004b8660,,,1,0,1,17127,0.0000
0x0018a570,0x0018a570,,stub_code,1,9,10,17127,0.0000
0x004d0070,0x004d0070,,stub_code,0,1,1,17127,0.0000
0x0030fb60,0x0030fb60,,stub_code,0,1,1,17127,0.0000
0x00319d00,0x00319d00,,,1,0,1,17127,0.0000
0x00269790,0x00269790,,,1,0,1,17127,0.0000
0x0026e8d0,0x0026e8d0,,,2,0,2,17127,0.0000
0x00343460,0x00343460,,stub_code,1,1,2,17127,0.0000
0x002f6a10,0x002f6a10,,stub_code,0,1,1,17127,0.0000
0x00377720,0x00377720,,stub_code,1,11,12,17127,0.0000
0x004ad378,0x004ad378,,,1,0,1,17127,0.0000
0x0017cf00,0x0017cf00,,stub_code,1,5,6,17127,0.0000
0x00539560,0x00539560,,stub_code,0,5,5,17127,0.0000
0x002b38d0,0x002b38d0,,stub_code,22,1,23,17127,0.0000
0x001c50c0,0x001c50c0,,stub_code,0,0,0,1,0.0000
0x001a08d0,0x001a08d0,,stub_code,1,0,1,17127,0.0000
0x00342640,0x00342640,,stub_code,0,1,1,17127,0.0000
0x00268de0,0x00268de0,,stub_code,1,7,8,17127,0.0000
0x00252810,0x00252810,,stub_code,0,1,1,17127,0.0000
0x0013ea40,0x0013ea40,,stub_code,2,10,12,17127,0.0000
0x003506e0,0x003506e0,,stub_code,0,2,2,17127,0.0000
0x0031eae0,0x0031eae0,,,1,0,1,17127,0.0000
0x00249390,0x00249390,,stub_code,0,1,1,17127,0.0000
0x004a2138,0x004a2138,,,1,0,1,17127,0.0000
0x004cdee0,0x004cdee0,,,1,0,1,17127,0.0000
0x005f2ce0,0x005f2ce0,,stub_code,0,3,3,17127,0.0000
0x003f39d0,0x003f39d0,,stub_code,1,4,5,17127,0.0000
0x0018ddd0,0x0018ddd0,,stub_code,0,4,4,17127,0.0000
0x005a9d90,0x005a9d90,,stub_code,1,2,3,17127,0.0000
0x004ef090,0x004ef090,,stub_code,1,1,2,17127,0.0000
0x0018d730,0x0018d730,,stub_code,0,3,3,17127,0.0000
0x0025e900,0x0025e900,,stub_code,0,2,2,17127,0.0000
0x0049e508,0x0049e508,,,2,0,2,3,0.0000
0x0054a760,0x0054a760,,,1,0,1,2,0.0000
0x0024e5c0,0x0024e5c0,,stub_code,0,0,0,1,0.0000
0x001a2850,0x001a2850,,stub_code,0,2,2,17127,0.0000
0x0010c460,0x0010c460,,,1,0,1,17127,0.0000
0x0033ae60,0x0033ae60,,stub_code,0,1,1,17127,0.0000
0x002de640,0x002de640,,stub_code,0,6,6,17127,0.0000
0x002e50b0,0x002e50b0,,stub_code,1,13,14,17127,0.0000
0x001ab470,0x001ab470,,stub_code,1,2,3,17127,0.0000
0x00583450,0x00583450,,stub_code,0,1,1,17127,0.0000
0x005c87b0,0x005c87b0,,stub_code,0,0,0,1,0.0000
0x0045a070,0x0045a070,,,1,0,1,17127,0.0000
0x004bc7a0,0x004bc7a0,,stub_code,0,5,5,17127,0.0000
0x004acd18,0x004acd18,,stub_code,0,1,1,17127,0.0000
0x004ec460,0x004ec460,,stub_code,0,4,4,17127,0.0000
0x00167c50,0x00167c50,,stub_code,2,0,2,17127,0.0000
0x0028a6d0,0x0028a6d0,,stub_code,0,5,5,17127,0.0000
0x00282d40,0x00282d40,,stub_code,0,1,1,17127,0.0000
0x002895b0,0x002895b0,,stub_code,0,3,3,17127,0.0000
0x004a6b20,0x004a6b20,,stub_code,1,5,6,17127,0.0000
0x00594250,0x00594250,,stub_code,0,1,1,17127,0.0000
0x002afca0,0x002afca0,,stub_code,2,1,3,17127,0.0000
0x003082c0,0x003082c0,,,1,0,1,17127,0.0000
0x00280670,0x00280670,,,1,0,1,17127,0.0000
0x00457860,0x00457860,,stub_code,1,1,2,17127,0.0000
0x001ed820,0x001ed820,,stub_code,0,3,3,17127,0.0000
0x00171b60,0x00171b60,,stub_code,18,4,22,17127,0.0000
0x002b47a0,0x002b47a0,,,1,0,1,17127,0.0000
0x00323660,0x00323660,,stub_code,1,8,9,17127,0.0000
0x00554090,0x00554090,,stub_code,1,3,4,17127,0.0000
0x0053c370,0x0053c370,,stub_code,0,4,4,17127,0.0000
0x004b1b80,0x004b1b80,,stub_code,0,2,2,17127,0.0000
0x005b7030,0x005b7030,,stub_code,4,11,15,17127,0.0000
0x005d3bd0,0x005d3bd0,,,1,0,1,17127,0.0000
0x002bb340,0x002bb340,,,2,0,2,17127,0.0000
0x005a70c0,0x005a70c0,,stub_code,0,3,3,17127,0.0000
0x004684f8,0x004684f8,,,1,0,1,17127,0.0000
0x006c9620,0x006c9620,,stub_code,0,3,3,17127,0.0000
0x0012db40,0x0012db40,,,2,0,2,17127,0.0000
0x004c4190,0x004c4190,,stub_code,1,2,3,17127,0.0000
0x001f2ad0,0x001f2ad0,,stub_code,0,19,19,17127,0.0000
0x004c4070,0x004c4070,,stub_code,0,1,1,17127,0.0000
0x00152760,0x00152760,,,3,0,3,17127,0.0000
0x001a9ba0,0x001a9ba0,,stub_code,1,1,2,17127,0.0000
0x0012f910,0x0012f910,,,4,0,4,17127,0.0000
0x001dfc60,0x001dfc60,,stub_code,0,12,12,17127,0.0000
0x00368710,0x00368710,,,1,0,1,17127,0.0000
0x004ecb20,0x004ecb20,,stub_code,1,12,13,17127,0.0000
0x0029d1a0,0x0029d1a0,,,1,0,1,17127,0.0000
0x0028d5e0,0x0028d5e0,,,1,0,1,17127,0.0000
0x0018c750,0x0018c750,,stub_code,1,12,13,17127,0.0000
0x00369740,0x00369740,,stub_code,2,2,4,17127,0.0000
0x00167cb0,0x00167cb0,,stub_code,1,0,1,17127,0.0000
0x0033a320,0x0033a320,,stub_code,1,2,3,17127,0.0000
0x002bee00,0x002bee00,,stub_code,0,1,1,17127,0.0000
0x005448a0,0x005448a0,,stub_code,0,6,6,17127,0.0000
0x0011f270,0x0011f270,,,11,0,11,17127,0.0000
0x00204a80,0x00204a80,,stub_code,4,1,5,17127,1.4000
0x001ee150,0x001ee150,,stub_code,0,5,5,17127,0.0000
0x00405b30,0x00405b30,,stub_code,1,2,3,17127,0.0000
0x00353700,0x00353700,,stub_code,1,2,3,17127,0.0000
0x00292bf0,0x00292bf0,,stub_code,0,3,3,17127,0.0000
0x006c9c90,0x006c9c90,,stub_code,0,3,3,17127,0.0000
0x00360470,0x00360470,,,1,0,1,17127,0.0000
0x004618a8,0x004618a8,,,1,0,1,17127,0.0000
0x00273500,0x00273500,,stub_code,2,2,4,17127,0.0000
0x003d07d0,0x003d07d0,,stub_code,1,32,33,17127,78.5500
0x0059c360,0x0059c360,,stub_code,1,2,3,17127,0.0000
0x0059fe60,0x0059fe60,,,1,0,1,2,0.0000
0x001ab740,0x001ab740,,stub_code,1,4,5,17127,0.0000
0x0039f330,0x0039f330,,stub_code,1,18,19,17127,0.0000
0x003dc040,0x003dc040,,stub_code,1,12,13,17127,26.1833
0x002c79f0,0x002c79f0,,,1,0,1,17127,0.0000
0x00598b60,0x00598b60,,stub_code,0,19,19,17127,0.0000
0x00317b00,0x00317b00,,stub_code,1,2,3,17127,0.0000
0x004a0e78,0x004a0e78,,stub_code,1,1,2,17127,0.0000
0x0011d400,0x0011d400,,stub_code,1,1,2,17127,0.0000
0x00309b00,0x00309b00,,,1,0,1,17127,0.0000
0x00191f60,0x00191f60,,stub_code,1,2,3,17127,0.0000
0x00427610,0x00427610,,stub_code,1,1,2,17127,0.0000
0x00560a60,0x00560a60,,,4,0,4,17127,0.0000
0x00306ca0,0x00306ca0,,stub_code,0,2,2,17127,0.0000
0x00514a50,0x00514a50,,stub_code,0,1,1,17127,0.0000
0x0020c430,0x0020c430,,stub_code,0,2,2,17127,0.0000
0x0012f000,0x0012f000,,stub_code,1,8,9,17127,0.0000
0x0044a4c0,0x0044a4c0,,stub_code,1,5,6,17127,3.0000
0x0052e7b0,0x0052e7b0,,stub_code,0,3,3,17127,0.0000
0x005f3f60,0x005f3f60,,stub_code,0,4,4,17127,0.0000
0x004035f0,0x004035f0,,stub_code,2,2,4,17127,7.0000
0x00212540,0x00212540,,stub_code,0,1,1,17127,0.0000
0x003651b0,0x003651b0,,stub_code,0,2,2,17127,0.0000
0x001c8990,0x001c8990,,stub_code,1,1,2,17127,0.0000
0x0047e908,0x0047e908,,stub_code,1,2,3,17127,0.0000
0x0051f9e0,0x0051f9e0,,stub_code,0,0,0,1,0.0000
0x004fea00,0x004fea00,,stub_code,1,6,7,17127,0.0000
0x00480430,0x00480430,,stub_code,1,6,7,17127,0.0000
0x005656e0,0x005656e0,,stub_code,0,5,5,17127,0.0000
0x005aa630,0x005aa630,,stub_code,0,1,1,2,0.0000
0x0020abc0,0x0020abc0,,,28,0,28,17127,0.0000
0x002f56c0,0x002f56c0,,stub_code,0,1,1,17127,0.0000
0x005a6130,0x005a6130,,stub_code,0,3,3,17127,0.0000
0x002c4540,0x002c4540,,,1,0,1,17127,0.0000
0x001239e0,0x001239e0,,,1,0,1,17127,0.0000
0x002d53d0,0x002d53d0,,stub_code,0,6,6,17127,0.0000
0x001bc5e0,0x001bc5e0,,stub_code,0,14,14,17127,0.0000
0x00336cd0,0x00336cd0,,,5,0,5,17127,0.0000
0x001a52c0,0x001a52c0,,stub_code,0,1,1,2,0.0000
0x004ab8c0,0x004ab8c0,,,2,0,2,17127,0.0000
0x0052d390,0x0052d390,,stub_code,0,0,0,1,0.0000
0x004c8420,0x004c8420,,stub_code,0,3,3,17127,0.0000
0x004a5f18,0x004a5f18,,stub_code,1,3,4,17127,0.0000
0x0014dcc0,0x0014dcc0,,stub_code,1,3,4,17127,0.0000
0x0032e5b0,0x0032e5b0,,stub_code,0,5,5,17127,0.0000
0x00537e00,0x00537e00,,stub_code,0,2,2,17127,0.0000
0x00121d80,0x00121d80,,,1,0,1,17127,0.0000
0x001a6af0,0x001a6af0,,stub_code,0,1,1,17127,0.0000
0x00138700,0x00138700,,stub_code,0,1,1,17127,0.0000
0x00513060,0x00513060,,stub_code,7,1,8,17127,1.0000
0x0028eaa0,0x0028eaa0,,stub_code,0,5,5,17127,0.0000
0x00543800,0x00543800,,,2,0,2,17127,0.0000
0x0030fd40,0x0030fd40,,stub_code,0,1,1,17127,0.0000
0x001bbce0,0x001bbce0,,stub_code,1,4,5,17127,0.0000
0x00348330,0x00348330,,stub_code,0,4,4,17127,0.0000
0x005f6730,0x005f6730,,,2,0,2,17127,0.0000
0x005a4170,0x005a4170,,,1,0,1,2,0.0000
0x00076058,0x00076058,,,1,0,1,8,0.0000
0x0018cb60,0x0018cb60,,stub_code,4,3,7,17127,0.5000
0x0034c1e0,0x0034c1e0,,stub_code,1,1,2,17127,0.0000
0x002a72f0,0x002a72f0,,stub_code,2,15,17,17127,0.0000
0x002eb960,0x002eb960,,stub_code,0,1,1,17127,0.0000
0x00146550,0x00146550,,stub_code,1,16,17,17127,0.0000
0x00548550,0x00548550,,stub_code,0,5,5,17127,0.0000
0x0056eff0,0x0056eff0,,,1,0,1,17127,0.0000
0x001a36b0,0x001a36b0,,stub_code,1,3,4,17127,0.0000
0x004c6940,0x004c6940,,,3,0,3,17127,0.0000
0x005d18b0,0x005d18b0,,stub_code,1,8,9,17127,0.0000
0x004025b0,0x004025b0,,stub_code,0,4,4,17127,0.0000
0x0040b2d0,0x0040b2d0,,,2,0,2,17127,0.0000
0x0049fe78,0x0049fe78,,,1,0,1,17127,0.0000
0x0031beb0,0x0031beb0,,stub_code,1,5,6,17127,0.0000
0x001a34d0,0x001a34d0,,stub_code,1,4,5,17127,0.0000
0x00262040,0x00262040,,stub_code,0,1,1,17127,0.0000
0x005a1320,0x005a1320,,stub_code,0,1,1,17127,0.0000
0x0037bc60,0x0037bc60,,stub_code,2,4,6,17127,0.0000
0x004b4580,0x004b4580,,,2,0,2,17127,0.0000
0x003100f0,0x003100f0,,stub_code,3,2,5,17127,0.0000
0x0033dfb0,0x0033dfb0,,stub_code,0,1,1,17127,0.0000
0x001a1e20,0x001a1e20,,stub_code,0,2,2,17127,0.0000
0x0025b4d0,0x0025b4d0,,stub_code,0,0,0,1,0.0000
0x002165f0,0x002165f0,,stub_code,15,5,20,17127,0.0000
0x00399e40,0x00399e40,,stub_code,0,1,1,17127,0.0000
0x0025d890,0x0025d890,,stub_code,0,0,0,1,0.0000
0x001485e0,0x001485e0,,stub_code,0,1,1,2,0.0000
0x00470b18,0x00470b18,,stub_code,0,0,0,1,0.0000
0x00348580,0x00348580,,stub_code,1,10,11,17127,0.0000
0x0039d3c0,0x0039d3c0,,stub_code,1,4,5,17127,0.0000
0x004c5f50,0x004c5f50,,stub_code,0,3,3,17127,0.0000
0x004af1b0,0x004af1b0,,stub_code,3,2,5,17127,2.0000
0x00517680,0x00517680,,stub_code,3,2,5,17127,0.0000
0x00179800,0x00179800,,stub_code,0,2,2,17127,0.0000
0x00326990,0x00326990,,,1,0,1,17127,0.0000
0x00259220,0x00259220,,stub_code,0,0,0,1,0.0000
0x00249cc0,0x00249cc0,,stub_code,0,0,0,1,0.0000
0x002488e0,0x002488e0,,,1,0,1,17127,0.0000
0x00583540,0x00583540,,,1,0,1,2,0.0000
0x0011b4b0,0x0011b4b0,,stub_code,1,0,1,17127,0.0000
0x003863e0,0x003863e0,,stub_code,1,3,4,17127,0.0000
0x00568080,0x00568080,,stub_code,0,3,3,17127,0.0000
0x0021ac00,0x0021ac00,,,5,0,5,17127,0.0000
0x002279f0,0x002279f0,,stub_code,2,1,3,17127,0.0000
0x00252cc0,0x00252cc0,,stub_code,0,1,1,17127,0.0000
0x00320d70,0x00320d70,,stub_code,0,3,3,17127,0.0000
0x001abae0,0x001abae0,,stub_code,0,1,1,17127,0.0000
0x004c7bc0,0x004c7bc0,,stub_code,0,1,1,17127,0.0000
0x004e6bf0,0x004e6bf0,,stub_code,0,1,1,17127,0.0000
0x001a9e90,0x001a9e90,,stub_code,0,1,1,17127,0.0000
0x002cdd80,0x002cdd80,,stub_code,0,15,15,17127,0.0000
0x0049f530,0x0049f530,,stub_code,1,4,5,17127,0.0000
0x00264f90,0x00264f90,,stub_code,0,0,0,1,0.0000
0x00147380,0x00147380,,stub_code,0,4,4,17127,0.0000
0x003099c0,0x003099c0,,stub_code,0,8,8,17127,0.0000
0x003802a0,0x003802a0,,stub_code,1,4,5,17127,0.0000
0x004af518,0x004af518,,stub_code,1,1,2,17127,0.0000
0x001de270,0x001de270,,stub_code,0,0,0,1,0.0000
0x00115e40,0x00115e40,,stub_code,0,0,0,1,0.0000
0x0020acf0,0x0020acf0,,,1,0,1,17127,0.0000
0x004b0900,0x004b0900,,stub_code,2,2,4,17127,0.0000
0x0047e728,0x0047e728,,stub_code,1,2,3,17127,0.0000
0x0033e340,0x0033e340,,stub_code,1,3,4,17127,0.0000
0x0055fbc0,0x0055fbc0,,,1,0,1,17127,0.0000
0x00189830,0x00189830,,stub_code,1,1,2,17127,0.0000
0x0023d3d0,0x0023d3d0,,,1,0,1,17127,0.0000
0x00136500,0x00136500,,,6,0,6,17127,0.0000
0x002e7d10,0x002e7d10,,stub_code,1,3,4,17127,0.0000
0x00494780,0x00494780,,,1,0,1,17127,0.0000
0x003455d0,0x003455d0,,,2,0,2,17127,0.0000
0x0044cec0,0x0044cec0,,,1,0,1,17127,0.0000
0x004c3cd0,0x004c3cd0,,,1,0,1,2,0.0000
0x001a4f00,0x001a4f00,,stub_code,0,1,1,17127,0.0000
0x0032ffe0,0x0032ffe0,,stub_code,0,4,4,17127,0.0000
0x003252e0,0x003252e0,,,1,0,1,17127,0.0000
0x00545970,0x00545970,,stub_code,0,1,1,17127,0.0000
0x003d7710,0x003d7710,,stub_code,2,3,5,17127,0.0000
0x00402830,0x00402830,,stub_code,0,4,4,17127,0.0000
0x0012b100,0x0012b100,,stub_code,1,2,3,17127,0.0000
0x002228b0,0x002228b0,,stub_code,1,14,15,17127,0.0000
0x002c2c30,0x002c2c30,,stub_code,1,3,4,17127,0.0000
0x00280220,0x00280220,,stub_code,0,3,3,17127,0.0000
0x002f2f70,0x002f2f70,,stub_code,1,2,3,17127,0.0000
0x0020c090,0x0020c090,,stub_code,0,0,0,1,0.0000
0x003e74e0,0x003e74e0,,stub_code,2,18,20,17127,270.6571
0x002f5cc0,0x002f5cc0,,stub_code,0,5,5,17127,0.0000
0x002fabf0,0x002fabf0,,stub_code,0,1,1,17127,0.0000
0x0012eda0,0x0012eda0,,stub_code,4,2,6,17127,0.0000
0x00437f98,0x00437f98,,stub_code,2,4,6,17127,1.3333
0x0046b718,0x0046b718,,,4,0,4,17127,0.0000
0x005eb5b0,0x005eb5b0,,stub_code,0,1,1,2,0.0000
0x004d25b0,0x004d25b0,,stub_code,0,6,6,17127,0.0000
0x0055bf40,0x0055bf40,,stub_code,0,1,1,17127,0.0000
0x00265570,0x00265570,,stub_code,2,5,7,17127,0.0000
0x00591aa0,0x00591aa0,,stub_code,0,1,1,2,0.0000
0x004a8268,0x004a8268,,stub_code,1,3,4,17127,0.0000
0x0043c880,0x0043c880,,,1,0,1,2,0.0000
0x002d87f0,0x002d87f0,,,1,0,1,17127,0.0000
0x00418020,0x00418020,,,1,0,1,3,0.0000
0x0046cd48,FUN_0046cd48,,pseudo_stub,3,1,4,17127,0.0000
0x00194fd0,0x00194fd0,,stub_code,1,17,18,17127,0.0000
0x003214f0,0x003214f0,,stub_code,1,2,3,17127,0.0000
0x00598820,0x00598820,,stub_code,1,2,3,17127,2.0000
0x00343860,0x00343860,,stub_code,0,1,1,17127,0.0000
0x005c0d40,0x005c0d40,,stub_code,140,0,140,17127,0.0000
0x00563e10,0x00563e10,,stub_code,0,5,5,17127,0.0000
0x0011cea0,0x0011cea0,,stub_code,0,3,3,17127,0.0000
0x00401030,0x00401030,,stub_code,0,2,2,17127,0.0000
0x00525bd0,0x00525bd0,,stub_code,3,6,9,17127,0.0000
0x00365450,FUN_00365450,,real_logic,2,0,2,17127,0.0000
0x001335e0,0x001335e0,,stub_code,0,1,1,17127,0.0000
0x004712f0,0x004712f0,,,2,0,2,17127,0.0000
0x001c6a20,0x001c6a20,,stub_code,1,1,2,17127,0.0000
0x0036d190,0x0036d190,,stub_code,2,1,3,17127,0.0000
0x004b5060,0x004b5060,,stub_code,0,2,2,17127,0.0000
0x00291010,0x00291010,,stub_code,1,1,2,17127,0.0000
0x005f8e90,0x005f8e90,,,1,0,1,17127,0.0000
0x0053b170,0x0053b170,,stub_code,0,2,2,17127,0.0000
0x002fe260,0x002fe260,,stub_code,1,1,2,17127,0.0000
0x00150ea0,0x00150ea0,,stub_code,56,2,58,17127,2.5000
0x002a5c30,0x002a5c30,,stub_code,1,1,2,17127,0.0000
0x003467c0,0x003467c0,,stub_code,0,2,2,17127,0.0000
0x003be580,0x003be580,,stub_code,1,13,14,17127,0.0000
0x0029e070,0x0029e070,,stub_code,1,1,2,17127,1.0000
0x003dff70,0x003dff70,,stub_code,1,3,4,17127,0.5000
0x004abad8,0x004abad8,,stub_code,1,3,4,17127,0.0000
0x001e4320,0x001e4320,,stub_code,0,2,2,17127,0.0000
0x00554970,0x00554970,,stub_code,0,3,3,17127,0.0000
0x00130200,0x00130200,,stub_code,11,3,14,17127,0.0000
0x005ecc00,0x005ecc00,,stub_code,1,1,2,17127,0.0000
0x005c2de0,0x005c2de0,,stub_code,1,29,30,17127,0.0000
0x0058b760,0x0058b760,,stub_code,15,2,17,17127,0.0000
0x0047ee38,0x0047ee38,,stub_code,2,5,7,17127,0.0000
0x002fb5e0,0x002fb5e0,,,1,0,1,17127,0.0000
0x002ce510,0x002ce510,,stub_code,1,2,3,17127,0.0000
0x00125250,0x00125250,,,1,0,1,17127,0.0000
0x002eb3b0,0x002eb3b0,,stub_code,0,1,1,17127,0.0000
0x002704c0,0x002704c0,,stub_code,0,3,3,17127,0.0000
0x00259a20,0x00259a20,,stub_code,0,1,1,17127,0.0000
0x004d1570,0x004d1570,,stub_code,1,4,5,17127,0.0000
0x0031a710,0x0031a710,,stub_code,1,1,2,17127,0.0000
0x0040ed70,0x0040ed70,,stub_code,1,2,3,17127,0.0000
0x00478fe8,0x00478fe8,,stub_code,0,3,3,17127,0.0000
0x00376d50,0x00376d50,,stub_code,3,8,11,17127,0.0000
0x0039dc10,0x0039dc10,,,6,0,6,17127,0.0000
0x0046c740,0x0046c740,,stub_code,1,5,6,17127,0.0000
0x00577870,0x00577870,,stub_code,2,17,19,17127,17.0000
0x002b8dd0,0x002b8dd0,,,1,0,1,17127,0.0000
0x0045d1a0,0x0045d1a0,,stub_code,1,2,3,17127,0.0000
0x0010c470,0x0010c470,,stub_code,2,9,11,17127,0.0000
0x0049a848,0x0049a848,,stub_code,1,2,3,17127,0.0000
0x003212e0,0x003212e0,,stub_code,0,16,16,17127,0.0000
0x0040b8c0,0x0040b8c0,,stub_code,1,3,4,17127,0.0000
0x0049ce60,0x0049ce60,,stub_code,1,3,4,17127,0.0000
0x0036edc0,0x0036edc0,,stub_code,2,6,8,17127,5.0000
0x00497898,0x00497898,,stub_code,1,3,4,17127,2.0000
0x004e83f0,0x004e83f0,,stub_code,0,5,5,17127,0.0000
0x004ff3b0,0x004ff3b0,,stub_code,1,3,4,17127,0.0000
0x00395d70,0x00395d70,,stub_code,0,1,1,17127,0.0000
0x00448a10,0x00448a10,,stub_code,32,1,33,17127,28.5000
0x00491400,0x00491400,,stub_code,1,1,2,17127,0.0000
0x00536a90,0x00536a90,,stub_code,1,1,2,17127,0.0000
0x00213a80,0x00213a80,,,8,0,8,17127,0.0000
0x00246af0,0x00246af0,,,4,0,4,17127,0.0000
0x00186e70,0x00186e70,,stub_code,1,11,12,17127,0.0000
0x0049eff8,0x0049eff8,,stub_code,1,3,4,17127,3.0000
0x005e7320,0x005e7320,,stub_code,0,3,3,17127,0.0000
0x0057ca10,0x0057ca10,,stub_code,0,5,5,17127,0.0000
0x00383640,0x00383640,,stub_code,1,7,8,17127,0.0000
0x003df4e0,0x003df4e0,,stub_code,2,2,4,17127,0.0000
0x00258eb0,0x00258eb0,,stub_code,0,1,1,17127,0.0000
0x003988c0,0x003988c0,,stub_code,9,1,10,17127,2.0000
0x001ef560,0x001ef560,,stub_code,0,0,0,1,0.0000
0x005fa5b0,0x005fa5b0,,stub_code,0,0,0,1,0.0000
0x004a6df0,0x004a6df0,,stub_code,2,1,3,17127,0.0000
0x0010f820,0x0010f820,,stub_code,6,2,8,17127,0.0000
0x005a1cf0,0x005a1cf0,,stub_code,0,53,53,17127,0.0000
0x0039dbf0,0x0039dbf0,,,16,0,16,17127,0.0000
0x002d46a0,0x002d46a0,,,1,0,1,17127,0.0000
0x004a25c0,0x004a25c0,,stub_code,0,2,2,17127,0.0000
0x002b4d70,0x002b4d70,,stub_code,0,1,1,17127,0.0000
0x0011f1f0,0x0011f1f0,,,8,0,8,17127,0.0000
0x0032ba50,0x0032ba50,,stub_code,0,10,10,17127,0.0000
0x003d4f70,0x003d4f70,,stub_code,1,3,4,17127,0.0000
0x0012d460,0x0012d460,,stub_code,1,2,3,17127,0.0000
0x003fa470,0x003fa470,,stub_code,1,2,3,17127,0.0000
0x0049b330,0x0049b330,,stub_code,0,2,2,17127,0.0000
0x00418060,0x00418060,,,1,0,1,3,0.0000
0x00301820,0x00301820,,stub_code,1,2,3,17127,0.0000
0x001afb90,0x001afb90,,,1,0,1,17127,0.0000
0x003911c0,0x003911c0,,stub_code,1,3,4,17127,0.0000
0x00558fc0,0x00558fc0,,stub_code,1,0,1,17127,0.0000
0x00360600,0x00360600,,stub_code,1,2,3,17127,0.0000
0x004c5fd0,0x004c5fd0,,,2,0,2,17127,0.0000
0x00556fd0,0x00556fd0,,,2,0,2,17127,0.0000
0x0037e210,0x0037e210,,stub_code,2,1,3,17127,0.0000
0x00560aa0,0x00560aa0,,,1,0,1,17127,0.0000
0x0017b590,0x0017b590,,stub_code,1,2,3,17127,1.0000
0x00352a00,0x00352a00,,,1,0,1,17127,0.0000
0x002f7ab0,0x002f7ab0,,,1,0,1,17127,0.0000
0x005d3bf0,0x005d3bf0,,stub_code,0,2,2,17127,0.0000
0x003f6b20,FUN_003f6b20,math/quat,real_c,8,0,8,17127,0.0000
0x005bf380,0x005bf380,,,1,0,1,17127,0.0000
0x004683e0,0x004683e0,,,1,0,1,17127,0.0000
0x0038f590,0x0038f590,,,1,0,1,17127,0.0000
0x0036f5a0,0x0036f5a0,,stub_code,1,1,2,17127,0.0000
0x003e8290,0x003e8290,,stub_code,1,15,16,17127,457.6095
0x00499da8,0x00499da8,,stub_code,0,5,5,17127,0.0000
0x001c3640,0x001c3640,,,4,0,4,17127,0.0000
0x005a9740,0x005a9740,,stub_code,0,1,1,2,0.0000
0x00364270,0x00364270,,stub_code,1,6,7,17127,0.0000
0x0023d850,0x0023d850,,stub_code,1,1,2,17127,0.0000
0x0050a280,0x0050a280,,,1,0,1,17127,0.0000
0x004e8170,0x004e8170,,,3,0,3,17127,0.0000
0x003b2b00,0x003b2b00,,,1,0,1,17127,0.0000
0x003907b0,0x003907b0,,stub_code,1,1,2,17127,0.0000
0x0023d760,0x0023d760,,,1,0,1,17127,0.0000
0x0028c6f0,0x0028c6f0,,stub_code,0,1,1,17127,0.0000
0x0059e330,0x0059e330,,stub_code,21,2,23,17127,0.0000
0x00440e18,0x00440e18,,stub_code,5,7,12,17127,0.0000
0x00290c60,0x00290c60,,,1,0,1,17127,0.0000
0x0050c050,0x0050c050,,stub_code,0,3,3,17127,0.0000
0x004c7720,0x004c7720,,stub_code,0,1,1,17127,0.0000
0x00237310,0x00237310,,stub_code,1,6,7,17127,0.0000
0x00363fd0,0x00363fd0,,stub_code,0,3,3,17127,0.0000
0x002f6590,0x002f6590,,stub_code,0,1,1,17127,0.0000
0x001478f0,0x001478f0,,stub_code,0,5,5,17127,0.0000
0x004abd68,0x004abd68,,stub_code,2,1,3,17127,1.0000
0x005ec490,0x005ec490,,stub_code,10,2,12,17127,2.0000
0x0050a010,0x0050a010,,stub_code,1,1,2,17127,0.0000
0x00520830,0x00520830,,stub_code,0,1,1,17127,0.0000
0x004dd8b0,0x004dd8b0,,stub_code,1,4,5,17127,18.0000
0x00567110,0x00567110,,stub_code,1,6,7,17127,0.0000
0x003f9c68,0x003f9c68,,stub_code,0,1,1,17127,0.0000
0x00210ce0,0x00210ce0,,stub_code,0,1,1,17127,0.0000
0x005c0ee0,0x005c0ee0,,stub_code,37,3,40,17127,9.0000
0x00440028,0x00440028,,stub_code,1,2,3,17127,0.5000
0x0057d980,0x0057d980,,stub_code,0,14,14,17127,0.0000
0x00276f50,0x00276f50,,stub_code,0,0,0,1,0.0000
0x00347960,0x00347960,,stub_code,31,2,33,17127,0.0000
0x002595e0,0x002595e0,,stub_code,0,0,0,1,0.0000
0x004fc240,FUN_004fc240,,pseudo_stub,1,1,2,17127,0.0000
0x001b8da0,0x001b8da0,,stub_code,3,1,4,17127,0.0000
0x004f4650,0x004f4650,,,1,0,1,2,0.0000
0x005e8220,0x005e8220,,stub_code,1,7,8,17127,0.0000
0x001c93d0,0x001c93d0,,stub_code,0,0,0,1,0.0000
0x001c4660,0x001c4660,,stub_code,1,0,1,17127,0.0000
0x004c7770,0x004c7770,,stub_code,0,6,6,17127,0.0000
0x006c9f90,0x006c9f90,,stub_code,0,3,3,17127,0.0000
0x001505b0,0x001505b0,,stub_code,1,1,2,17127,0.0000
0x0047c310,0x0047c310,,stub_code,0,5,5,17127,0.0000
0x0023a1e0,0x0023a1e0,,stub_code,0,2,2,17127,0.0000
0x0034c160,0x0034c160,,stub_code,0,1,1,17127,0.0000
0x00197870,FUN_00197870,,real_logic,3,0,3,17127,0.0000
0x005cc4c0,0x005cc4c0,,stub_code,0,1,1,17127,0.0000
0x004f4bb0,0x004f4bb0,,,2,0,2,17127,0.0000
0x0027fd90,0x0027fd90,,,1,0,1,17127,0.0000
0x003402c0,0x003402c0,,,1,0,1,17127,0.0000
0x00582c90,0x00582c90,,stub_code,0,1,1,17127,0.0000
0x005d5590,0x005d5590,,stub_code,1,1,2,17127,0.0000
0x00116980,0x00116980,,,1,0,1,17127,0.0000
0x0043be40,0x0043be40,,stub_code,5,6,11,17127,0.0000
0x00103570,0x00103570,,stub_code,1,7,8,17127,0.0000
0x005fd0b0,0x005fd0b0,,stub_code,0,4,4,17127,0.0000
0x003455e0,0x003455e0,,stub_code,50,2,52,17127,0.0000
0x00523820,0x00523820,,stub_code,1,4,5,17127,0.0000
0x00321060,0x00321060,,,2,0,2,17127,0.0000
0x0014a020,0x0014a020,,stub_code,1,3,4,17127,0.0000
0x0012b560,0x0012b560,,stub_code,1,0,1,17127,0.0000
0x004dc400,0x004dc400,,stub_code,0,3,3,17127,0.0000
0x00140240,0x00140240,,stub_code,0,4,4,17127,0.0000
0x005e1aa0,0x005e1aa0,,stub_code,0,4,4,17127,0.0000
0x0051a410,0x0051a410,,stub_code,4,1,5,17127,66.0000
0x0046d9d8,0x0046d9d8,,stub_code,1,11,12,17127,0.0000
0x0055ef20,0x0055ef20,,stub_code,0,2,2,17127,0.0000
0x001b1380,0x001b1380,,,2,0,2,17127,0.0000
0x00481bd8,0x00481bd8,,,2,0,2,17127,0.0000
0x005eb600,0x005eb600,,stub_code,0,5,5,17127,0.0000
0x0035d730,0x0035d730,,,1,0,1,17127,0.0000
0x00539f90,0x00539f90,,stub_code,0,1,1,17127,0.0000
0x00342990,0x00342990,,stub_code,0,3,3,17127,0.0000
0x0033e600,0x0033e600,,stub_code,0,1,1,17127,0.0000
0x003b4ab0,0x003b4ab0,,stub_code,1,3,4,17127,0.0000
0x004eb6e0,0x004eb6e0,,,1,0,1,2,0.0000
0x00595880,0x00595880,,stub_code,0,1,1,17127,0.0000
0x002b08d0,0x002b08d0,,stub_code,1,2,3,17127,0.0000
0x00448cd0,0x00448cd0,,,1,0,1,17127,0.0000
0x005f9740,0x005f9740,,stub_code,1,4,5,17127,0.0000
0x0054f510,0x0054f510,,,2,0,2,17127,0.0000
0x001927a0,0x001927a0,,,1,0,1,17127,0.0000
0x0045c4c8,0x0045c4c8,,stub_code,2,4,6,17127,0.0000
0x0050f420,0x0050f420,,stub_code,0,1,1,17127,0.0000
0x004058b0,0x004058b0,,stub_code,1,2,3,17127,5.5000
0x00118750,0x00118750,,,1,0,1,17127,0.0000
0x0023e5a0,0x0023e5a0,,stub_code,0,1,1,17127,0.0000
0x001bb5d0,0x001bb5d0,,stub_code,1,1,2,17127,0.0000
0x0045bff0,0x0045bff0,,stub_code,3,10,13,17127,0.0000
0x001a6cf0,0x001a6cf0,,stub_code,1,13,14,17127,0.0000
0x00536f60,0x00536f60,,stub_code,0,2,2,17127,0.0000
0x002a3c10,0x002a3c10,,stub_code,1,1,2,17127,0.0000
0x002a4160,0x002a4160,,stub_code,2,1,3,17127,0.0000
0x00249730,0x00249730,,stub_code,0,2,2,20,0.0000
0x0028fd10,0x0028fd10,,stub_code,0,3,3,17127,0.0000
0x005b0110,0x005b0110,,stub_code,1,1,2,17127,0.0000
0x004dcf20,0x004dcf20,,stub_code,0,4,4,17127,0.0000
0x00510340,0x00510340,,,6,0,6,17127,0.0000
0x001ddd50,0x001ddd50,,stub_code,0,0,0,1,0.0000
0x005d4d70,0x005d4d70,,stub_code,4,1,5,17127,0.0000
0x00493eb8,0x00493eb8,,stub_code,3,1,4,17127,0.0000
0x0039e310,0x0039e310,,,13,0,13,17127,0.0000
0x002c81f0,0x002c81f0,,,1,0,1,17127,0.0000
0x003bbf80,0x003bbf80,,stub_code,1,1,2,17127,0.0000
0x004a0098,0x004a0098,,stub_code,0,3,3,17127,0.0000
0x005eb470,0x005eb470,,stub_code,0,1,1,2,0.0000
0x0015da00,0x0015da00,,,3,0,3,17127,0.0000
0x0038a250,0x0038a250,,stub_code,2,0,2,17127,0.0000
0x0057fe80,0x0057fe80,,stub_code,0,1,1,6,0.0000
0x0033df30,0x0033df30,,stub_code,0,1,1,17127,0.0000
0x002f5210,0x002f5210,,stub_code,0,2,2,17127,0.0000
0x003e0920,0x003e0920,,stub_code,1,8,9,17127,39.0000
0x00479ba8,0x00479ba8,,stub_code,0,2,2,17127,0.0000
0x0024d160,0x0024d160,,stub_code,0,0,0,1,0.0000
0x002fb810,0x002fb810,,stub_code,1,4,5,17127,0.0000
0x0013f040,0x0013f040,,,6,0,6,17127,0.0000
0x001b9050,0x001b9050,,stub_code,1,2,3,17127,0.0000
0x0036b7b0,0x0036b7b0,,stub_code,2,4,6,17127,0.0000
0x00337930,0x00337930,,stub_code,22,4,26,17127,241.2000
0x004b5128,0x004b5128,,stub_code,0,2,2,17127,0.0000
0x005ef500,0x005ef500,,stub_code,0,1,1,17127,0.0000
0x004d59b0,0x004d59b0,,stub_code,0,1,1,17127,0.0000
0x0028a570,0x0028a570,,,1,0,1,17127,0.0000
0x0043f5e8,FUN_0043f5e8,,pseudo_stub,1,1,2,17127,0.0000
0x002f4e60,0x002f4e60,,stub_code,0,11,11,17127,0.0000
0x00216980,0x00216980,,,11,0,11,17127,0.0000
0x002615f0,0x002615f0,,stub_code,0,2,2,17127,0.0000
0x002a5dc0,0x002a5dc0,,stub_code,1,3,4,17127,0.0000
0x002dcf60,0x002dcf60,,,2,0,2,17127,0.0000
0x005854d0,0x005854d0,,stub_code,1,1,2,3,0.0000
0x001b5320,0x001b5320,,stub_code,1,8,9,17127,0.0000
0x004b9230,0x004b9230,,stub_code,1,9,10,17127,15.0000
0x004735d8,0x004735d8,,stub_code,2,2,4,17127,0.0000
0x0014d3f0,0x0014d3f0,,stub_code,0,10,10,17127,0.0000
0x00182440,0x00182440,,stub_code,1,1,2,17127,0.0000
0x005ee100,0x005ee100,,stub_code,0,1,1,17127,0.0000
0x001eeb10,0x001eeb10,,stub_code,0,1,1,17127,0.0000
0x00114fe0,0x00114fe0,,stub_code,1,1,2,17127,0.0000
0x00116930,0x00116930,,stub_code,1,1,2,17127,0.0000
0x00517810,0x00517810,,,1,0,1,17127,0.0000
0x001537f0,0x001537f0,,stub_code,1,1,2,17127,0.0000
0x004ea440,0x004ea440,,stub_code,0,5,5,17127,0.0000
0x0034b370,0x0034b370,,stub_code,0,3,3,17127,0.0000
0x005acfb0,0x005acfb0,,stub_code,1,1,2,17127,0.0000
0x0038e8b0,0x0038e8b0,,stub_code,1,2,3,17127,0.0000
0x001e0260,0x001e0260,,,1,0,1,17127,0.0000
0x00247a00,0x00247a00,,,1,0,1,17127,0.0000
0x00115430,FUN_00115430,,real_logic,1,0,1,17127,0.0000
0x00115870,0x00115870,,,2,0,2,17127,0.0000
0x001c1a00,0x001c1a00,,stub_code,8,11,19,17127,135.0000
0x001ee280,0x001ee280,,stub_code,0,8,8,17127,0.0000
0x0049ea18,0x0049ea18,,stub_code,0,2,2,17127,0.0000
0x0028bdd0,0x0028bdd0,,stub_code,2,1,3,17127,0.0000
0x0017c100,0x0017c100,,,2,0,2,17127,0.0000
0x003fb928,0x003fb928,,stub_code,5,1,6,17127,0.2556
0x0049d9f0,0x0049d9f0,,stub_code,0,0,0,1,0.0000
0x00252c70,0x00252c70,,stub_code,0,0,0,1,0.0000
0x00366100,0x00366100,,stub_code,1,8,9,17127,0.0000
0x00557e30,0x00557e30,,stub_code,0,0,0,1,0.0000
0x002b1420,0x002b1420,,,1,0,1,17127,0.0000
0x003ab610,0x003ab610,,,1,0,1,17127,0.0000
0x00314af0,0x00314af0,,stub_code,0,7,7,17127,0.0000
0x0054b240,0x0054b240,,stub_code,0,3,3,17127,0.0000
0x004deb00,0x004deb00,,,1,0,1,17127,0.0000
0x002ac520,0x002ac520,,stub_code,0,3,3,17127,0.0000
0x0012cca0,0x0012cca0,,,1,0,1,17127,0.0000
0x004f3610,0x004f3610,,stub_code,0,8,8,17127,0.0000
0x002668b0,0x002668b0,,,3,0,3,17127,0.0000
0x003b8330,0x003b8330,,,4,0,4,17127,0.0000
0x004b8898,0x004b8898,,stub_code,1,0,1,17127,0.0000
0x00118c30,0x00118c30,,stub_code,2,2,4,17127,0.0000
0x0038f400,0x0038f400,,stub_code,1,3,4,17127,0.0000
0x00441a68,0x00441a68,,stub_code,0,10,10,17127,0.0000
0x001a4520,0x001a4520,,stub_code,1,3,4,17127,0.0000
0x003056b0,0x003056b0,,stub_code,1,1,2,17127,0.0000
0x001c73d0,0x001c73d0,,stub_code,0,2,2,17127,0.0000
0x001b0740,0x001b0740,,stub_code,0,2,2,17127,0.0000
0x00213a90,0x00213a90,,stub_code,1,3,4,17127,0.0000
0x005b7ce0,0x005b7ce0,,stub_code,0,3,3,17127,0.0000
0x001b6010,0x001b6010,,stub_code,1,5,6,17127,0.0000
0x001d6170,0x001d6170,,stub_code,6,3,9,17127,0.0000
0x00148680,0x00148680,,stub_code,1,2,3,17127,0.0000
0x00308680,0x00308680,,stub_code,0,8,8,17127,0.0000
0x00549530,0x00549530,,stub_code,0,5,5,17127,0.0000
0x0044a8c0,0x0044a8c0,,,1,0,1,17127,0.0000
0x004451c0,0x004451c0,,stub_code,1,3,4,17127,0.0000
0x005f5270,0x005f5270,,stub_code,3,2,5,17127,0.0000
0x00544270,0x00544270,,,2,0,2,17127,0.0000
0x004c5c40,0x004c5c40,,stub_code,0,3,3,17127,0.0000
0x00519990,0x00519990,,stub_code,1,0,1,17127,0.0000
0x004c4fb0,0x004c4fb0,,stub_code,0,3,3,17127,0.0000
0x004b8020,0x004b8020,,stub_code,0,2,2,17127,0.0000
0x0049a818,0x0049a818,,stub_code,0,0,0,1,0.0000
0x00159350,0x00159350,,,1,0,1,17127,0.0000
0x003a4880,0x003a4880,,stub_code,1,10,11,17127,0.0000
0x0055c0b0,0x0055c0b0,,,1,0,1,17127,0.0000
0x003327b0,0x003327b0,,stub_code,0,16,16,17127,0.0000
0x00548d70,0x00548d70,,stub_code,1,2,3,17127,0.0000
0x002feca0,0x002feca0,,,2,0,2,17127,0.0000
0x0030b860,0x0030b860,,,1,0,1,17127,0.0000
0x00303fb0,0x00303fb0,,stub_code,1,1,2,17127,0.0000
0x0059a2c0,0x0059a2c0,,,1,0,1,2,0.0000
0x00275b30,0x00275b30,,,1,0,1,17127,0.0000
0x002b0ae0,0x002b0ae0,,stub_code,1,1,2,17127,0.0000
0x005b10d0,0x005b10d0,,stub_code,1,11,12,17127,0.0000
0x001a4bf0,0x001a4bf0,,stub_code,0,1,1,17127,0.0000
0x002a92e0,0x002a92e0,,stub_code,1,5,6,17127,0.0000
0x00544cf0,0x00544cf0,,stub_code,3,2,5,17127,1.5000
0x00518450,0x00518450,,stub_code,1,1,2,17127,0.0000
0x005d99b0,0x005d99b0,,stub_code,0,6,6,17127,0.0000
0x0031c3c0,0x0031c3c0,,stub_code,0,4,4,17127,0.0000
0x00144600,0x00144600,,stub_code,1,8,9,17127,0.0000
0x00359200,0x00359200,,,1,0,1,17127,0.0000
0x002969f0,0x002969f0,,stub_code,2,1,3,17127,0.0000
0x002d5a20,0x002d5a20,,stub_code,1,1,2,17127,0.0000
0x00345640,0x00345640,,,49,0,49,17127,0.0000
0x0019a890,0x0019a890,,stub_code,1,1,2,17127,0.0000
0x004af328,0x004af328,,stub_code,1,2,3,17127,0.0000
0x00460a60,0x00460a60,,stub_code,2,5,7,17127,3.0000
0x00502790,0x00502790,,stub_code,1,2,3,17127,0.0000
0x00130620,0x00130620,,,10,0,10,17127,0.0000
0x005d3310,0x005d3310,,stub_code,1,0,1,17127,0.0000
0x003426d0,0x003426d0,,,1,0,1,17127,0.0000
0x0053a3c0,0x0053a3c0,,stub_code,0,1,1,17127,0.0000
0x00278db0,0x00278db0,,stub_code,1,2,3,17127,2.7500
0x00395e70,0x00395e70,,,2,0,2,17127,0.0000
0x00546120,0x00546120,,stub_code,0,1,1,17127,0.0000
0x0050d7f0,0x0050d7f0,,stub_code,0,4,4,17127,0.0000
0x0011c070,0x0011c070,,stub_code,1,2,3,17127,0.0000
0x0057f770,0x0057f770,,stub_code,0,3,3,6,0.0000
0x0033adc0,0x0033adc0,,stub_code,2,1,3,17127,0.0000
0x004a8658,0x004a8658,,stub_code,1,3,4,17127,0.0000
0x00513010,0x00513010,,stub_code,2,1,3,17127,5.8333
0x002a8ef0,0x002a8ef0,,stub_code,1,3,4,17127,0.0000
0x0024a750,0x0024a750,,stub_code,0,0,0,1,0.0000
0x0011c9a0,0x0011c9a0,,stub_code,0,2,2,17127,0.0000
0x00334270,0x00334270,,stub_code,1,1,2,17127,0.0000
0x003b7410,0x003b7410,,stub_code,2,1,3,17127,0.0000
0x00291fb0,0x00291fb0,,stub_code,1,1,2,17127,0.0000
0x003029e0,0x003029e0,,stub_code,0,3,3,17127,0.0000
0x003be570,0x003be570,,,2,0,2,17127,0.0000
0x0014d680,0x0014d680,,stub_code,0,4,4,17127,0.0000
0x0046c928,0x0046c928,,stub_code,6,5,11,17127,0.0000
0x0018e030,0x0018e030,,stub_code,0,0,0,1,0.0000
0x00299f60,0x00299f60,,stub_code,1,5,6,17127,0.0000
0x004d3ed0,0x004d3ed0,,stub_code,0,3,3,17127,0.0000
0x004707e0,0x004707e0,,,3,0,3,17127,0.0000
0x00172f00,0x00172f00,,stub_code,0,1,1,17127,0.0000
0x004bccc0,0x004bccc0,,stub_code,0,4,4,17127,0.0000
0x0016cf70,0x0016cf70,,stub_code,1,5,6,17127,0.0000
0x0039e540,0x0039e540,,stub_code,0,8,8,17127,0.0000
0x00308b20,0x00308b20,,stub_code,0,2,2,17127,0.0000
0x003e1770,0x003e1770,,,1,0,1,17127,0.0000
0x00499f78,0x00499f78,,stub_thunk,0,0,0,1,0.0000
0x001ef770,0x001ef770,,stub_code,0,0,0,1,0.0000
0x003c5e90,0x003c5e90,,stub_code,1,14,15,17127,4.7500
0x005875f0,0x005875f0,,,5,0,5,8,0.0000
0x00328160,0x00328160,,stub_code,0,6,6,17127,0.0000
0x004d2e80,0x004d2e80,,,2,0,2,17127,0.0000
0x003e4730,0x003e4730,,stub_code,1,5,6,17127,8.0000
0x004831d0,0x004831d0,,,2,0,2,17127,0.0000
0x001187e0,0x001187e0,,,3,0,3,17127,0.0000
0x004aede8,0x004aede8,,,1,0,1,17127,0.0000
0x002b6970,0x002b6970,,stub_code,5,15,20,17127,128.7227
0x00251590,0x00251590,,stub_code,0,0,0,1,0.0000
0x0031dbd0,0x0031dbd0,,stub_code,1,1,2,17127,0.0000
0x004d1440,0x004d1440,,stub_code,0,4,4,17127,0.0000
0x001b9b10,0x001b9b10,,stub_code,1,7,8,17127,0.0000
0x002dce60,0x002dce60,,stub_code,1,2,3,17127,0.0000
0x005f8e80,0x005f8e80,,,4,0,4,17127,0.0000
0x002f55c0,0x002f55c0,,stub_code,0,2,2,17127,0.0000
0x00576070,0x00576070,,stub_code,1,5,6,17127,0.0000
0x0017d860,0x0017d860,,stub_code,1,2,3,17127,0.0000
0x00260270,0x00260270,,stub_code,0,0,0,1,0.0000
0x00215760,0x00215760,,,4,0,4,17127,0.0000
0x002e9810,0x002e9810,,stub_code,1,4,5,17127,0.0000
0x00523470,0x00523470,,stub_code,1,1,2,17127,0.0000
0x00229ba0,0x00229ba0,,,1,0,1,17127,0.0000
0x0012f7a0,0x0012f7a0,,stub_code,1,1,2,17127,0.0000
0x002c96a0,0x002c96a0,,stub_code,0,7,7,17127,0.0000
0x003194e0,0x003194e0,,stub_code,0,5,5,17127,0.0000
0x002f75f0,0x002f75f0,,stub_code,0,5,5,17127,0.0000
0x00320380,0x00320380,,stub_code,0,1,1,17127,0.0000
0x00116a80,0x00116a80,,stub_code,2,6,8,17127,0.0000
0x002febf0,0x002febf0,,stub_code,1,2,3,17127,0.0000
0x005c1650,0x005c1650,,stub_code,0,3,3,17127,0.0000
0x00217080,0x00217080,,stub_code,0,6,6,17127,0.0000
0x002aea10,0x002aea10,,,1,0,1,17127,0.0000
0x0028d3d0,0x0028d3d0,,,1,0,1,17127,0.0000
0x00585b40,0x00585b40,,,8,0,8,17127,0.0000
0x00285620,0x00285620,,stub_code,0,5,5,17127,0.0000
0x002b0be0,0x002b0be0,,stub_code,1,2,3,17127,0.0000
0x004b41d0,0x004b41d0,,stub_code,1,3,4,17127,0.0000
0x0053d880,0x0053d880,,stub_code,0,5,5,17127,0.0000
0x002533b0,0x002533b0,,stub_code,0,1,1,17127,0.0000
0x00445780,0x00445780,,stub_code,1,1,2,17127,0.0000
0x00503b50,0x00503b50,,stub_code,0,1,1,17127,0.0000
0x0034e970,0x0034e970,,,1,0,1,17127,0.0000
0x0028b900,0x0028b900,,stub_code,0,1,1,17127,0.0000
0x005985f0,0x005985f0,,stub_code,0,1,1,2,0.0000
0x002a3fc0,0x002a3fc0,,,2,0,2,17127,0.0000
0x001a9620,0x001a9620,,stub_code,0,4,4,17127,0.0000
0x00128240,0x00128240,,stub_code,1,0,1,17127,0.0000
0x005fdf80,0x005fdf80,,stub_code,0,2,2,17127,0.0000
0x00575ad0,FUN_00575ad0,,pseudo_stub,2,2,4,17127,0.0000
0x00129540,0x00129540,,stub_code,0,1,1,4,0.0000
0x002b7ff0,0x002b7ff0,,stub_code,0,9,9,17127,0.0000
0x004783a0,0x004783a0,,stub_code,1,5,6,17127,17.0000
0x004bfd90,0x004bfd90,,stub_code,0,4,4,17127,0.0000
0x0041bd70,0x0041bd70,,stub_code,1,1,2,17127,0.0000
0x004d78f0,0x004d78f0,,,1,0,1,2,0.0000
0x0025cf20,0x0025cf20,,stub_code,0,1,1,17127,0.0000
0x004fdb50,0x004fdb50,,stub_code,6,4,10,17127,0.0000
0x004ab1b8,0x004ab1b8,,stub_code,2,1,3,17127,0.0000
0x00580170,0x00580170,,stub_code,0,2,2,17127,0.0000
0x004dc190,0x004dc190,,,2,0,2,17127,0.0000
0x004cff20,0x004cff20,,stub_code,0,1,1,17127,0.0000
0x00180850,0x00180850,,,2,0,2,17127,0.0000
0x002deff0,0x002deff0,,,2,0,2,17127,0.0000
0x005d8470,0x005d8470,,stub_code,0,0,0,1,0.0000
0x00380f70,0x00380f70,,,2,0,2,17127,0.0000
0x00556d90,0x00556d90,,,1,0,1,17127,0.0000
0x004f1000,0x004f1000,,stub_code,0,0,0,1,0.0000
0x0010ee50,FUN_0010ee50,core/bitstream,real_c,16,0,16,17127,0.0000
0x002c0990,0x002c0990,,stub_code,1,0,1,17127,0.0000
0x0028f7a0,0x0028f7a0,,stub_code,1,2,3,17127,0.0000
0x00578200,0x00578200,,stub_code,0,14,14,17127,0.0000
0x00384230,0x00384230,,stub_code,1,8,9,17127,0.0000
0x004b9c60,0x004b9c60,,,1,0,1,17127,0.0000
0x0049b6c8,0x0049b6c8,,stub_code,0,2,2,17127,0.0000
0x00491ec0,0x00491ec0,,stub_code,1,4,5,17127,0.0000
0x00545ea0,0x00545ea0,,,2,0,2,17127,0.0000
0x002f6100,0x002f6100,,stub_code,0,2,2,17127,0.0000
0x00127500,0x00127500,,stub_code,0,0,0,1,0.0000
0x00173590,0x00173590,,stub_code,0,2,2,17127,0.0000
0x004b3da8,0x004b3da8,,stub_code,0,3,3,17127,0.0000
0x001291c0,0x001291c0,,stub_code,1,2,3,17127,0.0000
0x0047dee8,0x0047dee8,,stub_code,1,9,10,17127,0.0000
0x0051aa80,0x0051aa80,,stub_code,0,2,2,17127,0.0000
0x0054bdc0,0x0054bdc0,,stub_code,0,8,8,17127,0.0000
0x00493738,0x00493738,,,1,0,1,17127,0.0000
0x005a7860,0x005a7860,,stub_code,1,2,3,17127,3.0000
0x0039c390,0x0039c390,,stub_code,0,2,2,17127,0.0000
0x001e7760,0x001e7760,,stub_code,3,1,4,17127,0.0000
0x004c45d0,0x004c45d0,,stub_code,0,1,1,17127,0.0000
0x0034dd20,0x0034dd20,,stub_code,1,2,3,17127,0.0000
0x002f9820,0x002f9820,,stub_code,0,4,4,17127,0.0000
0x0033fde0,0x0033fde0,,stub_code,0,3,3,17127,0.0000
0x00219d90,0x00219d90,,stub_code,0,27,27,17127,0.0000
0x0026f0a0,0x0026f0a0,,stub_code,0,1,1,17127,0.0000
0x002e3750,0x002e3750,,stub_code,6,4,10,17127,0.0000
0x00318e20,0x00318e20,,stub_code,0,1,1,17127,0.0000
0x0036e0a0,0x0036e0a0,,stub_code,0,5,5,17127,0.0000
0x0021e6d0,0x0021e6d0,,stub_code,1,37,38,17127,0.0000
0x00160d40,0x00160d40,,stub_code,1,2,3,17127,0.0000
0x0031b4c0,0x0031b4c0,,stub_code,3,2,5,17127,0.0000
0x005fce30,0x005fce30,,,11,0,11,17127,0.0000
0x002de930,0x002de930,,stub_code,0,1,1,17127,0.0000
0x004b27c8,0x004b27c8,,,1,0,1,17127,0.0000
0x00290360,0x00290360,,stub_code,1,2,3,17127,0.0000
0x004de950,0x004de950,,stub_code,1,3,4,17127,0.0000
0x002179c0,0x002179c0,,stub_code,0,26,26,17127,0.0000
0x00470868,0x00470868,,,4,0,4,17127,0.0000
0x003164d0,0x003164d0,,stub_code,0,4,4,17127,0.0000
0x005a1b20,0x005a1b20,,stub_code,0,7,7,17127,0.0000
0x00133a80,0x00133a80,,stub_code,0,0,0,1,0.0000
0x002b4050,0x002b4050,,stub_code,1,5,6,17127,0.4000
0x004b1e80,0x004b1e80,,stub_code,0,1,1,4,0.0000
0x00164560,0x00164560,,stub_code,1,14,15,17127,0.0000
0x005e6910,0x005e6910,,stub_code,0,3,3,17127,0.0000
0x005d3f80,0x005d3f80,,stub_code,1,1,2,17127,0.0000
0x002f9f60,0x002f9f60,,stub_code,0,8,8,17127,0.0000
0x0017a490,0x0017a490,,,5,0,5,17127,0.0000
0x002a4da0,0x002a4da0,,stub_code,2,1,3,17127,0.0000
0x00395990,0x00395990,,stub_code,40,2,42,17127,4.0000
0x004bcb00,0x004bcb00,,stub_code,0,3,3,17127,0.0000
0x00150ae0,0x00150ae0,,stub_code,0,8,8,17127,0.0000
0x001803c0,0x001803c0,,stub_code,0,2,2,17127,0.0000
0x0034bad0,0x0034bad0,,,5,0,5,17127,0.0000
0x0030c550,0x0030c550,,stub_code,0,6,6,17127,0.0000
0x00215500,0x00215500,,stub_code,1,2,3,17127,0.0000
0x001e15e0,0x001e15e0,,stub_code,3,2,5,17127,0.0000
0x0027f3d0,0x0027f3d0,,stub_code,0,4,4,17127,0.0000
0x00401570,0x00401570,,stub_code,0,4,4,17127,0.0000
0x00333c70,0x00333c70,,stub_code,0,6,6,17127,0.0000
0x003fe5e0,0x003fe5e0,,stub_code,0,3,3,17127,0.0000
0x003092d0,0x003092d0,,stub_code,0,4,4,17127,0.0000
0x00592df0,0x00592df0,,stub_code,1,2,3,17127,0.0000
0x004b23a0,0x004b23a0,,stub_code,0,2,2,17127,0.0000
0x001542b0,0x001542b0,,stub_code,1,1,2,17127,0.0000
0x00280910,0x00280910,,,1,0,1,17127,0.0000
0x00542d30,0x00542d30,,stub_code,0,1,1,17127,0.0000
0x0011ab00,0x0011ab00,,stub_code,1,1,2,17127,0.0000
0x004e53e0,0x004e53e0,,stub_code,0,3,3,17127,0.0000
0x003418b0,0x003418b0,,stub_code,1,2,3,17127,0.0000
0x003c6b00,0x003c6b00,,stub_code,7,6,13,17127,16.5000
0x00275390,0x00275390,,stub_code,1,2,3,17127,0.0000
0x0049da38,0x0049da38,,stub_thunk,0,0,0,1,0.0000
0x001843d0,0x001843d0,,stub_code,1,4,5,17127,0.0000
0x00357110,0x00357110,,stub_code,0,1,1,17127,0.0000
0x003ff6e0,0x003ff6e0,,stub_code,0,2,2,17127,0.0000
0x004e1cf0,0x004e1cf0,,stub_code,0,1,1,17127,0.0000
0x00567430,0x00567430,,stub_code,1,1,2,17127,0.0000
0x001fcf10,0x001fcf10,,stub_code,0,1,1,17127,0.0000
0x0028f260,0x0028f260,,stub_code,1,1,2,17127,0.0000
0x00464410,0x00464410,,,1,0,1,17127,0.0000
0x00545220,0x00545220,,stub_code,0,6,6,17127,0.0000
0x00480ba0,0x00480ba0,,stub_code,0,12,12,17127,0.0000
0x005a42b0,0x005a42b0,,stub_code,1,2,3,17127,0.0000
0x004689f8,0x004689f8,,,1,0,1,2,0.0000
0x002ff180,0x002ff180,,stub_code,0,5,5,17127,0.0000
0x004d0ab0,0x004d0ab0,,stub_code,0,4,4,17127,0.0000
0x003bca00,0x003bca00,,,1,0,1,17127,0.0000
0x00551ba0,0x00551ba0,,stub_code,0,1,1,17127,0.0000
0x003af080,0x003af080,,stub_code,1,8,9,17127,0.0000
0x00521840,0x00521840,,stub_code,5,3,8,17127,0.0000
0x00151fc0,0x00151fc0,,,1,0,1,17127,0.0000
0x00128420,0x00128420,,,1,0,1,17127,0.0000
0x0015df50,0x0015df50,,,3,0,3,17127,0.0000
0x003ab640,0x003ab640,,,1,0,1,17127,0.0000
0x0059d580,0x0059d580,,,1,0,1,2,0.0000
0x00443130,0x00443130,,stub_code,1,8,9,17127,0.0000
0x00467fe8,0x00467fe8,,stub_code,0,11,11,17127,0.0000
0x004badd0,0x004badd0,,stub_code,0,4,4,17127,0.0000
0x00440890,FUN_00440890,,pseudo_stub,0,0,0,1,0.0000
0x0049e320,0x0049e320,,stub_thunk,0,0,0,1,0.0000
0x0025c9e0,0x0025c9e0,,stub_code,0,1,1,17127,0.0000
0x003e80d0,0x003e80d0,,stub_code,4,2,6,17127,0.0000
0x00502690,0x00502690,,stub_code,0,2,2,17127,0.0000
0x00312c60,0x00312c60,,stub_code,1,2,3,17127,0.0000
0x0019f0b0,0x0019f0b0,,stub_code,0,2,2,17127,0.0000
0x004df650,0x004df650,,stub_code,0,1,1,2,0.0000
0x003e17d0,0x003e17d0,,stub_code,1,11,12,17127,7.9048
0x003b15d0,0x003b15d0,,,2,0,2,17127,0.0000
0x002719d0,0x002719d0,,,1,0,1,17127,0.0000
0x005083c0,0x005083c0,,stub_code,1,2,3,17127,0.0000
0x00152780,0x00152780,,stub_code,1,4,5,17127,0.0000
0x003b5d40,0x003b5d40,,stub_code,2,5,7,17127,0.0000
0x00227990,0x00227990,,stub_code,2,3,5,17127,0.0000
0x0023d390,0x0023d390,,,1,0,1,2,0.0000
0x00333150,0x00333150,,stub_code,0,1,1,2,0.0000
0x0043cdb0,0x0043cdb0,,,1,0,1,17127,0.0000
0x001ff3d0,0x001ff3d0,,stub_code,1,2,3,17127,0.0000
0x004416f0,0x004416f0,,stub_code,1,10,11,17127,0.0000
0x00253b90,0x00253b90,,stub_code,0,1,1,17127,0.0000
0x0030f770,0x0030f770,,stub_code,1,4,5,17127,0.0000
0x0046e668,0x0046e668,,stub_code,1,4,5,17127,3.0000
0x00403bd0,0x00403bd0,,stub_code,2,3,5,17127,0.0000
0x00121e70,0x00121e70,,stub_code,2,3,5,17127,0.0000
0x005f71f0,0x005f71f0,,stub_code,1,2,3,17127,0.0000
0x004b3168,0x004b3168,,,1,0,1,17127,0.0000
0x001c6610,0x001c6610,,stub_code,0,2,2,17127,0.0000
0x00255240,0x00255240,,stub_code,0,0,0,1,0.0000
0x00598e00,0x00598e00,,stub_code,1,1,2,17127,0.0000
0x002598a0,0x002598a0,,stub_code,0,0,0,1,0.0000
0x00102540,0x00102540,,stub_code,1,3,4,17127,0.0000
0x00334970,0x00334970,,,2,0,2,17127,0.0000
0x005f5870,0x005f5870,,stub_code,0,5,5,17127,0.0000
0x001fe740,0x001fe740,,stub_code,0,0,0,1,0.0000
0x0055dcb0,0x0055dcb0,,stub_code,0,2,2,17127,0.0000
0x0036c220,0x0036c220,,,7,0,7,17127,0.0000
0x001334d0,0x001334d0,,stub_code,0,0,0,1,0.0000
0x0018b6e0,0x0018b6e0,,stub_code,1,1,2,17127,0.0000
0x00462268,0x00462268,,stub_code,3,3,6,17127,0.0000
0x00154e00,0x00154e00,,,22,0,22,17127,0.0000
0x004e1b70,0x004e1b70,,stub_code,0,1,1,17127,0.0000
0x00598d30,0x00598d30,,stub_code,1,2,3,17127,0.0000
0x005a42f0,0x005a42f0,,stub_code,0,4,4,17127,0.0000
0x002fa3c0,0x002fa3c0,,stub_code,0,1,1,17127,0.0000
0x00335dd0,0x00335dd0,,stub_code,0,5,5,17127,0.0000
0x001a1080,0x001a1080,,,1,0,1,17127,0.0000
0x001238d0,FUN_001238d0,core/struct,real_logic,1,0,1,17127,0.0000
0x004989f8,0x004989f8,,stub_code,1,5,6,17127,0.0000
0x003a81b0,0x003a81b0,,stub_code,1,1,2,17127,0.0000
0x005d8050,0x005d8050,,stub_code,1,2,3,17127,0.0000
0x00131430,0x00131430,,stub_code,0,1,1,17127,0.0000
0x0015c320,0x0015c320,,stub_code,1,5,6,17127,0.0000
0x005eeef0,0x005eeef0,,,3,0,3,17127,0.0000
0x0045ca40,0x0045ca40,,stub_code,1,4,5,17127,87.0000
0x001bea20,0x001bea20,,,2,0,2,17127,0.0000
0x0026d1a0,0x0026d1a0,,stub_code,1,2,3,17127,0.0000
0x0018fed0,0x0018fed0,,stub_code,1,21,22,17127,0.0000
0x0021b1b0,0x0021b1b0,,,2,0,2,17127,0.0000
0x0027c940,0x0027c940,,stub_code,0,4,4,17127,0.0000
0x002f2150,0x002f2150,,stub_code,3,2,5,17127,0.0000
0x003db4c0,0x003db4c0,,stub_code,7,5,12,17127,5.5000
0x004d5a00,0x004d5a00,,stub_code,0,8,8,17127,0.0000
0x00591dc0,0x00591dc0,,stub_code,0,4,4,17127,0.0000
0x002c24a0,0x002c24a0,,stub_code,1,4,5,17127,0.0000
0x004a64c0,0x004a64c0,,stub_code,0,3,3,17127,0.0000
0x004f28b0,0x004f28b0,,stub_code,51,1,52,17127,5.7500
0x00291890,0x00291890,,stub_code,1,1,2,17127,0.0000
0x0059ab20,0x0059ab20,,,1,0,1,2,0.0000
0x00514590,0x00514590,,,1,0,1,17127,0.0000
0x002b09f0,0x002b09f0,,,1,0,1,17127,0.0000
0x001b06b0,0x001b06b0,,,2,0,2,17127,0.0000
0x0018f880,0x0018f880,,stub_code,1,1,2,17127,0.0000
0x001698c0,0x001698c0,,stub_code,1,2,3,17127,0.0000
0x001d0bb0,0x001d0bb0,,stub_code,0,5,5,17127,0.0000
0x0046f900,0x0046f900,,stub_code,0,1,1,17127,0.0000
0x0029d920,0x0029d920,,,1,0,1,17127,0.0000
0x002ad8d0,0x002ad8d0,,stub_code,0,3,3,17127,0.0000
0x004861b8,0x004861b8,,stub_code,1,0,1,17127,0.0000
0x002e8760,0x002e8760,,stub_code,0,5,5,17127,0.0000
0x00333410,0x00333410,,stub_code,0,6,6,17127,0.0000
0x005f1c30,0x005f1c30,,stub_code,1,2,3,17127,0.0000
0x001cb700,0x001cb700,,stub_code,0,0,0,1,0.0000
0x001a5150,0x001a5150,,stub_code,0,1,1,17127,0.0000
0x00117a60,0x00117a60,,stub_code,1,2,3,17127,0.0000
0x005fa4c0,0x005fa4c0,,stub_code,0,0,0,1,0.0000
0x00429f38,0x00429f38,,stub_code,64,1,65,17127,545.0698
0x004a2de0,0x004a2de0,,,3,0,3,17127,0.0000
0x00484070,0x00484070,,stub_thunk,3,0,3,17127,0.0000
0x005d1f90,0x005d1f90,,stub_code,0,4,4,17127,0.0000
0x002c3690,0x002c3690,,stub_code,3,5,8,17127,0.0000
0x001efc00,0x001efc00,,stub_code,0,0,0,1,0.0000
0x002c5680,0x002c5680,,stub_code,1,2,3,17127,0.0000
0x00515e10,0x00515e10,,stub_code,5,1,6,17127,0.0000
0x0033a050,FUN_0033a050,,real_logic,1,0,1,4,0.0000
0x005de8e0,0x005de8e0,,stub_code,1,2,3,17127,0.0000
0x00298280,0x00298280,,stub_code,1,2,3,17127,0.0000
0x00237560,0x00237560,,stub_code,1,6,7,17127,0.0000
0x0054b460,0x0054b460,,stub_code,0,4,4,17127,0.0000
0x003200b0,0x003200b0,,stub_code,1,3,4,17127,0.0000
0x002316c0,0x002316c0,,,1,0,1,17127,0.0000
0x0055e550,0x0055e550,,stub_code,0,2,2,17127,0.0000
0x0012ee70,0x0012ee70,,stub_code,0,0,0,1,0.0000
0x00369040,0x00369040,,stub_code,2,2,4,17127,0.0000
0x00480ed0,0x00480ed0,,stub_code,0,1,1,17127,0.0000
0x00540350,0x00540350,,stub_code,0,11,11,17127,0.0000
0x002d8540,0x002d8540,,,1,0,1,17127,0.0000
0x004e5680,0x004e5680,,stub_code,0,3,3,17127,0.0000
0x004033a0,0x004033a0,,stub_code,2,2,4,17127,0.0000
0x0049fff8,0x0049fff8,,,1,0,1,17127,0.0000
0x002cf0e0,0x002cf0e0,,,1,0,1,17127,0.0000
0x0043f150,0x0043f150,,stub_code,0,2,2,17127,0.0000
0x003e8080,0x003e8080,,stub_code,1,3,4,17127,0.0000
0x0049aff0,0x0049aff0,,stub_code,1,1,2,17127,0.0000
0x0053a6e0,0x0053a6e0,,stub_code,0,1,1,17127,0.0000
0x0018dd10,0x0018dd10,,stub_code,1,3,4,17127,0.0000
0x0054d430,0x0054d430,,stub_code,0,14,14,17127,0.0000
0x005dbaf0,0x005dbaf0,,,12,0,12,17127,0.0000
0x00121680,0x00121680,,,2,0,2,17127,0.0000
0x00586c80,0x00586c80,,stub_code,0,3,3,17127,0.0000
0x00548fc0,0x00548fc0,,stub_code,0,1,1,17127,0.0000
0x002dc060,0x002dc060,,,1,0,1,17127,0.0000
0x004a4f68,0x004a4f68,,stub_code,1,1,2,17127,0.5000
0x00347660,0x00347660,,stub_code,19,5,24,17127,58.0000
0x0055b6c0,0x0055b6c0,,stub_code,0,0,0,1,0.0000
0x002606a0,0x002606a0,,stub_code,1,3,4,17127,0.0000
0x0025eb50,0x0025eb50,,stub_code,0,2,2,17127,0.0000
0x005c5d30,0x005c5d30,,stub_code,3,17,20,17127,0.0000
0x0024df90,0x0024df90,,stub_code,0,1,1,17127,0.0000
0x0011a060,0x0011a060,,,1,0,1,17127,0.0000
0x004c7250,0x004c7250,,,2,0,2,17127,0.0000
0x00128aa0,0x00128aa0,,stub_code,1,1,2,17127,0.0000
0x004a6260,0x004a6260,,stub_code,0,6,6,17127,0.0000
0x004b2958,0x004b2958,,stub_code,1,2,3,17127,28.0000
0x0054b920,0x0054b920,,stub_code,0,5,5,17127,0.0000
0x00421590,0x00421590,,stub_code,12,4,16,17127,9.0000
0x0037c5b0,0x0037c5b0,,,1,0,1,17127,0.0000
0x003b2ea0,0x003b2ea0,,stub_code,2,4,6,17127,0.0000
0x00513ae0,0x00513ae0,,stub_code,0,2,2,17127,0.0000
0x002c83d0,0x002c83d0,,,1,0,1,17127,0.0000
0x00593fd0,0x00593fd0,,stub_code,0,2,2,17127,0.0000
0x00407c20,0x00407c20,,stub_code,2,10,12,17127,0.0000
0x004b3750,0x004b3750,,,2,0,2,3,0.0000
0x00581740,0x00581740,,stub_code,0,4,4,17127,0.0000
0x0032ce30,0x0032ce30,,stub_code,0,5,5,17127,0.0000
0x0047b700,0x0047b700,,stub_code,0,4,4,17127,0.0000
0x0014e1f0,0x0014e1f0,,,1,0,1,17127,0.0000
0x005cbe10,0x005cbe10,,stub_code,2,7,9,17127,0.0000
0x00542e50,0x00542e50,,stub_code,0,1,1,17127,0.0000
0x0028dfa0,0x0028dfa0,,stub_code,0,1,1,17127,0.0000
0x00469b00,0x00469b00,,stub_code,2,2,4,17127,9.0000
0x001207f0,0x001207f0,,,19,0,19,17127,0.0000
0x0021ad90,0x0021ad90,,,3,0,3,17127,0.0000
0x00198ac0,0x00198ac0,,stub_code,1,1,2,17127,0.0000
0x005885b0,0x005885b0,,stub_code,0,1,1,17127,0.0000
0x00508a00,0x00508a00,,stub_code,0,1,1,17127,0.0000
0x00191bc0,0x00191bc0,,stub_code,1,3,4,17127,0.0000
0x002b6900,0x002b6900,,stub_code,3,4,7,17127,0.0000
0x002c7ae0,0x002c7ae0,,stub_code,1,1,2,17127,0.0000
0x0026e6f0,0x0026e6f0,,stub_code,1,1,2,17127,0.0000
0x0044a8d0,0x0044a8d0,,,1,0,1,17127,0.0000
0x003d0100,0x003d0100,,stub_code,1,5,6,17127,4.0000
0x005e80f0,0x005e80f0,,stub_code,0,7,7,17127,0.0000
0x0045e9c0,0x0045e9c0,,stub_code,0,5,5,17127,0.0000
0x002afb40,0x002afb40,,,1,0,1,17127,0.0000
0x00534900,0x00534900,,stub_code,0,1,1,17127,0.0000
0x004fe200,0x004fe200,,stub_code,0,5,5,17127,0.0000
0x001b7400,0x001b7400,,stub_code,1,2,3,17127,1.0000
0x0018c360,0x0018c360,,stub_code,0,1,1,17127,0.0000
0x005f50e0,0x005f50e0,,stub_code,1,2,3,17127,0.0000
0x00584960,0x00584960,,stub_code,0,3,3,17127,0.0000
0x00276550,0x00276550,,stub_code,0,1,1,17127,0.0000
0x0055ac90,0x0055ac90,,stub_code,0,3,3,17127,0.0000
0x00265be0,0x00265be0,,stub_code,1,1,2,17127,0.0000
0x0053e9b0,0x0053e9b0,,stub_code,0,1,1,2,0.0000
0x00279420,0x00279420,,,3,0,3,17127,0.0000
0x004bc390,0x004bc390,,stub_code,0,3,3,17127,0.0000
0x0058d7c0,FUN_0058d7c0,math/vec,real_c,13,0,13,17127,0.0000
0x00467048,0x00467048,,stub_code,1,0,1,3,0.0000
0x00131200,0x00131200,,,1,0,1,17127,0.0000
0x0013e650,0x0013e650,,,1,0,1,17127,0.0000
0x001f2330,0x001f2330,,,2,0,2,17127,0.0000
0x0031aa90,0x0031aa90,,stub_code,2,2,4,17127,2.4000
0x0036c870,0x0036c870,,,1,0,1,17127,0.0000
0x0018eb10,0x0018eb10,,,2,0,2,17127,0.0000
0x0045be80,0x0045be80,,stub_code,5,8,13,17127,35.0000
0x00171ce0,0x00171ce0,,,23,0,23,17127,0.0000
0x0036a910,0x0036a910,,stub_code,0,8,8,17127,0.0000
0x001206c0,0x001206c0,,,32,0,32,17127,0.0000
0x00355360,0x00355360,,,1,0,1,17127,0.0000
0x001520f0,0x001520f0,,stub_code,1,2,3,17127,0.0000
0x004bd780,0x004bd780,,stub_code,0,6,6,17127,0.0000
0x00428f48,FUN_00428f48,core/strings,real_c,85,0,85,17127,0.0000
0x00280c40,0x00280c40,,,1,0,1,17127,0.0000
0x00510ad0,0x00510ad0,,stub_code,3,11,14,17127,0.0000
0x00503a70,0x00503a70,,stub_code,1,1,2,17127,0.0000
0x00124af0,0x00124af0,,stub_code,1,3,4,17127,0.0000
0x003079b0,0x003079b0,,stub_code,0,0,0,1,0.0000
0x001ba0b0,0x001ba0b0,,stub_code,0,1,1,4,0.0000
0x00303ad0,0x00303ad0,,stub_code,0,5,5,17127,0.0000
0x0049c518,0x0049c518,,stub_code,0,5,5,17127,0.0000
0x001dde00,0x001dde00,,stub_code,0,3,3,17127,0.0000
0x001575c0,0x001575c0,,,1,0,1,17127,0.0000
0x0021daa0,0x0021daa0,,stub_code,1,0,1,17127,0.0000
0x002aff40,0x002aff40,,stub_code,1,1,2,17127,0.0000
0x00273b00,0x00273b00,,stub_code,1,3,4,17127,0.0000
0x00550fe0,0x00550fe0,,stub_code,0,5,5,17127,0.0000
0x00249a80,0x00249a80,,stub_code,0,0,0,1,0.0000
0x001ef9d0,0x001ef9d0,,stub_code,0,2,2,17127,0.0000
0x005ee540,0x005ee540,,stub_code,1,2,3,17127,2.0000
0x003958c0,0x003958c0,,stub_code,1,2,3,17127,0.0000
0x00547440,0x00547440,,stub_code,0,5,5,17127,0.0000
0x00238460,0x00238460,,stub_code,0,0,0,1,0.0000
0x002f9660,0x002f9660,,stub_code,0,3,3,17127,0.0000
0x002e33e0,0x002e33e0,,stub_code,0,9,9,17127,0.0000
0x003e4150,0x003e4150,,stub_code,5,7,12,17127,22.6381
0x004657b0,0x004657b0,,,1,0,1,2,0.0000
0x00252ee0,0x00252ee0,,stub_code,0,0,0,1,0.0000
0x0036b6b0,0x0036b6b0,,stub_code,5,3,8,17127,0.0000
0x0039cfe0,0x0039cfe0,,,1,0,1,17127,0.0000
0x00468408,0x00468408,,,2,0,2,17127,0.0000
0x0018e760,0x0018e760,,stub_code,0,1,1,17127,0.0000
0x002eb400,0x002eb400,,stub_code,0,6,6,17127,0.0000
0x00581c40,0x00581c40,,stub_code,0,5,5,17127,0.0000
0x00155e60,0x00155e60,,stub_code,1,1,2,17127,0.0000
0x001a64b0,0x001a64b0,,stub_code,1,6,7,17127,0.0000
0x0012b000,0x0012b000,,stub_code,1,3,4,17127,0.0000
0x0018ddc0,FUN_0018ddc0,,real_logic,1,0,1,17127,0.0000
0x0035ee90,0x0035ee90,,,1,0,1,17127,0.0000
0x00481598,0x00481598,,stub_code,0,0,0,1,0.0000
0x004a60e8,0x004a60e8,,stub_code,0,1,1,17127,0.0000
0x00599340,0x00599340,,stub_code,0,3,3,17127,0.0000
0x001b71e0,0x001b71e0,,stub_code,1,2,3,17127,0.0000
0x00516fb0,0x00516fb0,,stub_code,1,4,5,17127,0.0000
0x0054c880,0x0054c880,,,2,0,2,17127,0.0000
0x0046b5b8,0x0046b5b8,,,1,0,1,17127,0.0000
0x002388e0,0x002388e0,,stub_code,2,1,3,17127,0.0000
0x0020c010,0x0020c010,,stub_code,1,0,1,17127,0.0000
0x0010e060,0x0010e060,,stub_code,4,4,8,17127,0.0000
0x00432730,0x00432730,,,1,0,1,17127,0.0000
0x00509640,0x00509640,,stub_code,0,3,3,17127,0.0000
0x00368740,0x00368740,,,2,0,2,17127,0.0000
0x001a5cf0,0x001a5cf0,,stub_code,0,4,4,17127,0.0000
0x0034c5e0,0x0034c5e0,,stub_code,0,4,4,17127,0.0000
0x002c3210,0x002c3210,,stub_code,2,1,3,17127,0.0000
0x004c5100,0x004c5100,,stub_code,0,1,1,2,0.0000
0x0043e0b0,0x0043e0b0,,stub_code,1,1,2,17127,0.0000
0x004a66e0,0x004a66e0,,stub_code,1,1,2,17127,0.0000
0x004f5cc0,0x004f5cc0,,,4,0,4,17127,0.0000
0x005144a0,0x005144a0,,stub_code,23,3,26,17127,3.0000
0x004975c8,0x004975c8,,stub_code,2,2,4,17127,0.0000
0x005a72e0,0x005a72e0,,stub_code,0,4,4,17127,0.0000
0x004d1190,0x004d1190,,stub_code,0,4,4,17127,0.0000
0x00361b30,0x00361b30,,,4,0,4,17127,0.0000
0x0025a820,0x0025a820,,stub_code,0,1,1,17127,0.0000
0x005a3c60,0x005a3c60,,stub_code,0,1,1,2,0.0000
0x004dfc60,0x004dfc60,,stub_code,0,1,1,17127,0.0000
0x005f8800,0x005f8800,,stub_code,1,4,5,17127,0.0000
0x0047a7f0,0x0047a7f0,,stub_code,5,5,10,17127,0.0000
0x005a7530,0x005a7530,,stub_code,0,6,6,17127,0.0000
0x004a4b30,0x004a4b30,,stub_code,1,3,4,17127,0.0000
0x004593c0,0x004593c0,,,1,0,1,17127,0.0000
0x002aeb40,0x002aeb40,,,1,0,1,17127,0.0000
0x00471308,0x00471308,,,1,0,1,17127,0.0000
0x002b57d0,0x002b57d0,,stub_code,1,4,5,17127,0.0000
0x002593f0,0x002593f0,,stub_code,0,1,1,17127,0.0000
0x003e56a0,0x003e56a0,,stub_code,1,15,16,17127,14.0000
0x004a6980,0x004a6980,,stub_code,1,5,6,17127,0.0000
0x001168b0,0x001168b0,,,1,0,1,17127,0.0000
0x003e6d50,0x003e6d50,,stub_code,2,6,8,17127,0.5714
0x0040f130,0x0040f130,,stub_code,10,5,15,17127,21.0000
0x005441f0,0x005441f0,,stub_code,1,2,3,17127,0.0000
0x00176bb0,0x00176bb0,,stub_code,0,3,3,17127,0.0000
0x0021b2f0,0x0021b2f0,,stub_code,1,0,1,17127,0.0000
0x0033baf0,0x0033baf0,,stub_code,8,3,11,17127,72.5000
0x00345d70,0x00345d70,,stub_code,0,2,2,17127,0.0000
0x00393680,0x00393680,,stub_code,2,17,19,17127,0.0000
0x0046f208,0x0046f208,,stub_code,1,2,3,17127,0.0000
0x004d0770,0x004d0770,,stub_code,3,1,4,17127,2.0000
0x001df270,0x001df270,,stub_code,1,1,2,17127,0.0000
0x0034de30,0x0034de30,,stub_code,1,0,1,17127,0.0000
0x002692d0,0x002692d0,,stub_code,1,2,3,17127,0.0000
0x0039b5a0,0x0039b5a0,,,1,0,1,17127,0.0000
0x004d9ca0,0x004d9ca0,,stub_code,2,1,3,17127,9.0000
0x002c7ed0,0x002c7ed0,,,1,0,1,17127,0.0000
0x004d61f0,0x004d61f0,,,2,0,2,17127,0.0000
0x004b4188,0x004b4188,,stub_code,1,2,3,17127,0.0000
0x004af8b0,0x004af8b0,,stub_code,0,1,1,17127,0.0000
0x00409110,0x00409110,,,3,0,3,17127,0.0000
0x003ed1c0,0x003ed1c0,,stub_code,42,6,48,17127,17.7167
0x00355380,0x00355380,,stub_code,0,11,11,17127,0.0000
0x001fbad0,0x001fbad0,,stub_code,2,1,3,17127,0.0000
0x005b0ec0,0x005b0ec0,,stub_code,2,1,3,17127,0.0000
0x002b7c60,0x002b7c60,,,2,0,2,17127,0.0000
0x004f6390,0x004f6390,,stub_code,1,9,10,17127,0.0000
0x0026c210,0x0026c210,,stub_code,2,9,11,17127,0.0000
0x00387a00,0x00387a00,,stub_code,2,1,3,17127,0.0000
0x0034f680,0x0034f680,,stub_code,1,7,8,17127,0.0000
0x004ba8c0,0x004ba8c0,,stub_code,0,0,0,1,0.0000
0x001144a0,0x001144a0,,stub_code,1,2,3,17127,0.0000
0x001bd9a0,0x001bd9a0,,stub_code,0,4,4,17127,0.0000
0x0017e020,0x0017e020,,stub_code,1,2,3,17127,0.0000
0x005fc540,0x005fc540,,stub_code,2,3,5,17127,0.0000
0x00427120,0x00427120,,,9,0,9,17127,0.0000
0x002b0ff0,0x002b0ff0,,stub_code,1,1,2,17127,0.0000
0x00189170,0x00189170,,stub_code,3,1,4,17127,0.0000
0x0012ded0,0x0012ded0,,stub_code,1,0,1,17127,0.0000
0x001ce2f0,0x001ce2f0,,stub_code,0,13,13,17127,0.0000
0x004656c0,0x004656c0,,stub_code,0,1,1,17127,0.0000
0x00549e10,0x00549e10,,stub_code,0,1,1,17127,0.0000
0x0025ea30,0x0025ea30,,stub_code,0,2,2,17127,0.0000
0x00407aa0,0x00407aa0,,stub_code,0,1,1,17127,0.0000
0x003402a0,0x003402a0,,,1,0,1,17127,0.0000
0x00217680,0x00217680,,stub_code,0,6,6,17127,0.0000
0x004e9f30,0x004e9f30,,stub_code,0,8,8,17127,0.0000
0x004e3aa0,0x004e3aa0,,stub_code,0,1,1,2,0.0000
0x002ce6d0,0x002ce6d0,,,1,0,1,17127,0.0000
0x004dfb70,0x004dfb70,,,3,0,3,17127,0.0000
0x004d30c0,0x004d30c0,,,3,0,3,17127,0.0000
0x0026a820,0x0026a820,,stub_code,2,1,3,17127,0.0000
0x00478bb8,FUN_00478bb8,,pseudo_stub,0,1,1,17127,0.0000
0x00134e50,0x00134e50,,,48,0,48,17127,0.0000
0x00282b10,0x00282b10,,stub_code,0,5,5,17127,0.0000
0x00249b40,0x00249b40,,stub_code,0,0,0,1,0.0000
0x004db350,0x004db350,,stub_code,7,1,8,17127,1.0000
0x0032d6f0,0x0032d6f0,,stub_code,0,8,8,17127,0.0000
0x00536890,0x00536890,,stub_code,0,0,0,1,0.0000
0x0030be40,0x0030be40,,stub_code,1,3,4,17127,0.0000
0x004a87c0,0x004a87c0,,stub_code,1,19,20,17127,0.0000
0x004c6a30,0x004c6a30,,stub_code,0,1,1,17127,0.0000
0x00322cd0,0x00322cd0,,stub_code,0,5,5,17127,0.0000
0x005b05d0,0x005b05d0,,stub_code,7,1,8,17127,0.0000
0x004800e8,0x004800e8,,stub_code,1,2,3,17127,0.0000
0x002ff020,0x002ff020,,,1,0,1,17127,0.0000
0x004fd0d0,0x004fd0d0,,stub_code,0,5,5,17127,0.0000
0x00388870,0x00388870,,stub_code,2,2,4,17127,0.0000
0x00535210,0x00535210,,stub_code,0,1,1,17127,0.0000
0x002d26c0,0x002d26c0,,,2,0,2,17127,0.0000
0x005758c0,0x005758c0,,stub_code,1,1,2,17127,0.0000
0x004ef5a0,0x004ef5a0,,stub_code,0,1,1,17127,0.0000
0x001fe280,0x001fe280,,stub_code,0,0,0,1,0.0000
0x0059a3b0,0x0059a3b0,,stub_code,0,1,1,2,0.0000
0x00237f80,0x00237f80,,stub_code,1,2,3,17127,0.0000
0x002cf590,0x002cf590,,stub_code,0,6,6,17127,0.0000
0x004b0dc8,0x004b0dc8,,stub_code,1,2,3,17127,6.0000
0x00254020,0x00254020,,stub_code,0,0,0,1,0.0000
0x001c7670,0x001c7670,,stub_code,0,2,2,17127,0.0000
0x00161590,0x00161590,,stub_code,1,2,3,17127,0.0000
0x005b1df0,0x005b1df0,,stub_code,1,7,8,17127,0.0000
0x0032ee50,0x0032ee50,,stub_code,0,5,5,17127,0.0000
0x0018c570,0x0018c570,,stub_code,1,1,2,17127,0.0000
0x00112160,0x00112160,,stub_code,0,3,3,17127,0.0000
0x0041cd30,0x0041cd30,,,2,0,2,17127,0.0000
0x00204550,0x00204550,,stub_code,1,2,3,17127,0.0000
0x001fa980,0x001fa980,,stub_code,0,0,0,1,0.0000
0x001bf650,0x001bf650,,stub_code,0,19,19,17127,0.0000
0x00372460,0x00372460,,,3,0,3,17127,0.0000
0x0038ef50,0x0038ef50,,,1,0,1,17127,0.0000
0x00455020,0x00455020,,stub_code,2,9,11,17127,17.1786
0x001ce230,0x001ce230,,,2,0,2,17127,0.0000
0x001b8990,0x001b8990,,stub_code,1,3,4,17127,0.0000
0x005b2660,0x005b2660,,,1,0,1,17127,0.0000
0x00375db0,0x00375db0,,stub_code,1,13,14,17127,0.0000
0x002f1850,0x002f1850,,stub_code,3,2,5,17127,0.0000
0x00259270,0x00259270,,stub_code,0,1,1,17127,0.0000
0x004c32e0,0x004c32e0,,stub_code,0,1,1,17127,0.0000
0x0040b930,0x0040b930,,,1,0,1,17127,0.0000
0x0059b0a0,0x0059b0a0,,,2,0,2,17127,0.0000
0x002fa410,0x002fa410,,stub_code,0,8,8,17127,0.0000
0x00504130,0x00504130,,stub_code,1,1,2,17127,0.0000
0x003f3010,0x003f3010,,stub_code,0,5,5,17127,0.0000
0x00150630,0x00150630,,stub_code,0,5,5,17127,0.0000
0x0027ec00,0x0027ec00,,,2,0,2,17127,0.0000
0x0035f2c0,0x0035f2c0,,stub_code,1,4,5,17127,0.0000
0x001f7800,0x001f7800,,stub_code,1,1,2,17127,0.0000
0x00470438,0x00470438,,stub_code,1,6,7,17127,0.0000
0x00157fd0,0x00157fd0,,stub_code,0,5,5,17127,0.0000
0x00498db0,0x00498db0,,,1,0,1,17127,0.0000
0x00315e50,0x00315e50,,,1,0,1,17127,0.0000
0x004f7fd0,0x004f7fd0,,stub_code,0,11,11,17127,0.0000
0x001fa820,0x001fa820,,stub_code,0,2,2,17127,0.0000
0x001e2bf0,0x001e2bf0,,stub_code,2,5,7,17127,0.0000
0x004d2fc0,0x004d2fc0,,stub_code,1,2,3,17127,0.0000
0x005920f0,0x005920f0,,stub_code,0,1,1,2,0.0000
0x002e9290,0x002e9290,,stub_code,2,2,4,17127,0.0000
0x00477d60,0x00477d60,,stub_code,0,1,1,17127,0.0000
0x005faff0,0x005faff0,,,4,0,4,17127,0.0000
0x00582180,0x00582180,,stub_code,0,3,3,17127,0.0000
0x00349e20,0x00349e20,,stub_code,0,3,3,17127,0.0000
0x005a94f0,0x005a94f0,,stub_code,0,1,1,2,0.0000
0x006c9680,0x006c9680,,stub_code,0,3,3,17127,0.0000
0x0011b450,0x0011b450,,stub_code,1,2,3,17127,0.0000
0x002ac610,0x002ac610,,stub_code,0,3,3,17127,0.0000
0x00181f80,0x00181f80,,stub_code,1,4,5,17127,0.0000
0x0055bea0,0x0055bea0,,stub_code,0,0,0,1,0.0000
0x003276a0,0x003276a0,,,2,0,2,17127,0.0000
0x003457e0,0x003457e0,,stub_code,14,1,15,17127,0.0000
0x005a4c20,0x005a4c20,,,1,0,1,2,0.0000
0x0028af20,0x0028af20,,stub_code,0,1,1,17127,0.0000
0x0027bcb0,0x0027bcb0,,stub_code,0,2,2,17127,0.0000
0x00473fe8,0x00473fe8,,stub_code,1,2,3,17127,0.0000
0x0054c4e0,0x0054c4e0,,stub_code,0,1,1,17127,0.0000
0x005ea5f0,0x005ea5f0,,,2,0,2,17127,0.0000
0x00493998,0x00493998,,,1,0,1,17127,0.0000
0x00558480,0x00558480,,,1,0,1,17127,0.0000
0x00594790,0x00594790,,,1,0,1,2,0.0000
0x004ccd60,0x004ccd60,,stub_code,0,8,8,17127,0.0000
0x00141060,0x00141060,,stub_code,0,2,2,17127,0.0000
0x0036f910,0x0036f910,,stub_code,0,1,1,17127,0.0000
0x004a2dc0,0x004a2dc0,,,3,0,3,17127,0.0000
0x00277910,0x00277910,,stub_code,1,32,33,17127,127.5000
0x0033ddb0,0x0033ddb0,,stub_code,0,1,1,17127,0.0000
0x002c83e0,0x002c83e0,,,1,0,1,17127,0.0000
0x003b7900,0x003b7900,,stub_code,7,3,10,17127,5.0000
0x00497100,0x00497100,,,1,0,1,3,0.0000
0x0043dc40,0x0043dc40,,stub_code,1,1,2,17127,0.0000
0x004a3b98,0x004a3b98,,stub_code,1,5,6,17127,0.0000
0x005effe0,0x005effe0,,stub_code,0,5,5,17127,0.0000
0x004d4660,0x004d4660,,stub_code,3,1,4,17127,0.0000
0x002144a0,0x002144a0,,stub_code,2,1,3,17127,0.0000
0x001ff510,0x001ff510,,stub_code,0,7,7,17127,0.0000
0x003ab630,0x003ab630,,,1,0,1,17127,0.0000
0x005f2f30,0x005f2f30,,stub_code,0,1,1,2,0.0000
0x005d8d40,0x005d8d40,,stub_code,1,2,3,17127,0.0000
0x0040be60,0x0040be60,,stub_code,1,41,42,17127,0.0000
0x0046c558,0x0046c558,,stub_code,2,3,5,17127,0.0000
0x0015d880,0x0015d880,,,1,0,1,17127,0.0000
0x002440e0,0x002440e0,,stub_code,1,1,2,17127,1.0000
0x005a78a0,0x005a78a0,,stub_code,0,7,7,17127,0.0000
0x002b0ab0,0x002b0ab0,,,1,0,1,17127,0.0000
0x0050c470,0x0050c470,,stub_code,0,1,1,17127,0.0000
0x00359690,0x00359690,,,1,0,1,17127,0.0000
0x004bd5c0,0x004bd5c0,,stub_code,0,6,6,17127,0.0000
0x0021ac10,0x0021ac10,,stub_code,3,4,7,17127,0.0000
0x0022a4e0,0x0022a4e0,,stub_code,1,10,11,17127,0.0000
0x00583b20,0x00583b20,,stub_code,0,4,4,17127,0.0000
0x004e7c20,0x004e7c20,,stub_code,0,5,5,17127,0.0000
0x00114e20,0x00114e20,,stub_code,0,2,2,17127,0.0000
0x005f5530,0x005f5530,,,2,0,2,17127,0.0000
0x00123f80,0x00123f80,,stub_code,1,2,3,17127,0.0000
0x003240d0,0x003240d0,,stub_code,0,3,3,17127,0.0000
0x00357b30,0x00357b30,,,1,0,1,17127,0.0000
0x00232510,0x00232510,,stub_code,0,2,2,17127,0.0000
0x004cf180,0x004cf180,,stub_code,0,5,5,17127,0.0000
0x0011cb30,0x0011cb30,,stub_code,1,10,11,17127,0.0000
0x00112f40,0x00112f40,,stub_code,0,2,2,17127,0.0000
0x00507560,0x00507560,,stub_code,2,2,4,17127,0.0000
0x0025ca50,0x0025ca50,,stub_code,0,0,0,1,0.0000
0x004ea540,0x004ea540,,,1,0,1,2,0.0000
0x004b1d38,0x004b1d38,,stub_code,5,1,6,17127,0.0000
0x004c6730,0x004c6730,,stub_code,0,1,1,17127,0.0000
0x00530e40,0x00530e40,,stub_code,1,3,4,17127,0.0000
0x001d71a0,0x001d71a0,,stub_code,2,9,11,17127,0.0000
0x0049f0d8,0x0049f0d8,,stub_code,0,1,1,17127,0.0000
0x006ca0a0,0x006ca0a0,,stub_code,0,0,0,1,0.0000
0x00316070,0x00316070,,stub_code,1,2,3,17127,0.0000
0x004fd810,0x004fd810,,stub_code,6,10,16,17127,0.0000
0x00550a00,0x00550a00,,,2,0,2,17127,0.0000
0x004f07c0,0x004f07c0,,stub_code,0,4,4,17127,0.0000
0x001cb4a0,0x001cb4a0,,stub_code,0,8,8,17127,0.0000
0x00292e50,0x00292e50,,stub_code,1,2,3,17127,0.0000
0x002c6810,0x002c6810,,stub_code,1,1,2,17127,0.0000
0x004dfe40,0x004dfe40,,stub_code,0,1,1,17127,0.0000
0x004a79b0,0x004a79b0,,stub_code,0,1,1,17127,0.0000
0x0042beb8,0x0042beb8,,stub_code,0,3,3,17127,0.0000
0x002ae5f0,0x002ae5f0,,stub_code,0,3,3,17127,0.0000
0x0023ae70,0x0023ae70,,stub_code,3,0,3,17127,0.0000
0x0037f3c0,0x0037f3c0,,,2,0,2,17127,0.0000
0x004492d0,0x004492d0,,stub_code,1,7,8,17127,11.3000
0x004d2250,0x004d2250,,stub_code,6,2,8,17127,5.0000
0x00270c50,0x00270c50,,,1,0,1,17127,0.0000
0x00445180,0x00445180,,stub_code,0,3,3,17127,0.0000
0x0012cc60,0x0012cc60,,stub_code,1,0,1,17127,0.0000
0x0011af10,0x0011af10,,stub_code,4,4,8,17127,0.0000
0x00548ed0,0x00548ed0,,,3,0,3,17127,0.0000
0x004712e0,0x004712e0,,,1,0,1,17127,0.0000
0x0054a2d0,0x0054a2d0,,,1,0,1,2,0.0000
0x00184030,0x00184030,,stub_code,2,2,4,17127,0.0000
0x00131d90,0x00131d90,,stub_code,1,17,18,17127,0.0000
0x0033f1c0,0x0033f1c0,,,2,0,2,17127,0.0000
0x0057ffa0,0x0057ffa0,,,2,0,2,17127,0.0000
0x00258320,0x00258320,,stub_code,0,2,2,17127,0.0000
0x0049aa30,0x0049aa30,,stub_code,0,4,4,17127,0.0000
0x0043c980,0x0043c980,,,1,0,1,17127,0.0000
0x005c5d20,0x005c5d20,,,1,0,1,17127,0.0000
0x0034e840,0x0034e840,,stub_code,0,4,4,17127,0.0000
0x00582d20,0x00582d20,,stub_code,0,3,3,17127,0.0000
0x0058b950,0x0058b950,,stub_code,1,1,2,17127,0.0000
0x00324310,0x00324310,,stub_code,0,5,5,17127,0.0000
0x001b8440,0x001b8440,,stub_code,0,2,2,17127,0.0000
0x005ecb80,0x005ecb80,,stub_code,1,1,2,17127,1.0000
0x003a0150,0x003a0150,,,5,0,5,17127,0.0000
0x002572f0,0x002572f0,,stub_code,0,0,0,1,0.0000
0x004c4c00,0x004c4c00,,,2,0,2,17127,0.0000
0x002d7010,0x002d7010,,stub_code,0,3,3,17127,0.0000
0x00354c10,0x00354c10,,,1,0,1,17127,0.0000
0x00598210,0x00598210,,stub_code,0,6,6,17127,0.0000
0x00195ce0,0x00195ce0,,,1,0,1,17127,0.0000
0x00496870,0x00496870,,stub_code,1,2,3,17127,0.0000
0x003a4510,0x003a4510,,,1,0,1,17127,0.0000
0x00373050,0x00373050,,stub_code,1,31,32,17127,0.0000
0x0010d6c0,0x0010d6c0,,stub_code,0,0,0,1,0.0000
0x004a4e38,0x004a4e38,,stub_code,1,1,2,17127,0.5000
0x004737b8,0x004737b8,,stub_code,6,1,7,17127,0.3333
0x002f2b30,0x002f2b30,,,2,0,2,17127,0.0000
0x005984c0,0x005984c0,,stub_code,0,1,1,2,0.0000
0x001c9f20,0x001c9f20,,stub_code,1,2,3,17127,0.0000
0x00387050,0x00387050,,stub_code,0,0,0,1,0.0000
0x00345ce0,0x00345ce0,,stub_code,1,0,1,17127,0.0000
0x001c7440,0x001c7440,,stub_code,0,3,3,17127,0.0000
0x002e4730,0x002e4730,,,1,0,1,17127,0.0000
0x0029e730,0x0029e730,,stub_code,1,1,2,17127,1.0000
0x00440288,0x00440288,,,3,0,3,17127,0.0000
0x002313f0,0x002313f0,,,1,0,1,17127,0.0000
0x0036fb10,0x0036fb10,,stub_code,0,7,7,17127,0.0000
0x0041b6a0,0x0041b6a0,,,3,0,3,17127,0.0000
0x004a7fc8,0x004a7fc8,,stub_code,1,2,3,17127,0.0000
0x005813e0,0x005813e0,,stub_code,0,5,5,17127,0.0000
0x00264690,0x00264690,,stub_code,1,2,3,17127,0.0000
0x00444d98,0x00444d98,,stub_code,2,4,6,17127,0.0000
0x003f6210,0x003f6210,,,1,0,1,17127,0.0000
0x00479a58,0x00479a58,,stub_code,2,3,5,17127,9.0000
0x0054c970,0x0054c970,,stub_code,0,1,1,17127,0.0000
0x001348f0,0x001348f0,,stub_code,1,1,2,17127,0.0000
0x00197b50,0x00197b50,,,3,0,3,17127,0.0000
0x0054c3f0,0x0054c3f0,,,2,0,2,17127,0.0000
0x0051cd90,0x0051cd90,,stub_code,0,3,3,17127,0.0000
0x003e2be0,0x003e2be0,,stub_code,2,13,15,17127,13.9167
0x0056f110,0x0056f110,,,1,0,1,17127,0.0000
0x00118950,0x00118950,,,3,0,3,17127,0.0000
0x0037e390,0x0037e390,,stub_code,1,1,2,17127,0.0000
0x003ec880,0x003ec880,,,5,0,5,17127,0.0000
0x0025f2c0,0x0025f2c0,,stub_code,0,0,0,1,0.0000
0x002a3a80,0x002a3a80,,stub_code,2,1,3,17127,0.0000
0x004b2e88,0x004b2e88,,,2,0,2,17127,0.0000
0x004d9ce0,0x004d9ce0,,stub_code,1,4,5,17127,207.0000
0x003723a0,0x003723a0,,,5,0,5,17127,0.0000
0x005324c0,0x005324c0,,stub_code,0,6,6,17127,0.0000
0x005034c0,0x005034c0,,stub_code,0,0,0,1,0.0000
0x005a46d0,0x005a46d0,,stub_code,0,3,3,17127,0.0000
0x0043d128,0x0043d128,,stub_code,1,2,3,17127,0.0000
0x00137410,0x00137410,,stub_code,1,2,3,17127,0.0000
0x0015ced0,0x0015ced0,,stub_code,1,2,3,17127,0.0000
0x003c25f0,0x003c25f0,,stub_code,2,5,7,17127,6.0000
0x005617d0,0x005617d0,,stub_code,0,4,4,17127,0.0000
0x0049a410,0x0049a410,,stub_code,0,1,1,17127,0.0000
0x003e3810,0x003e3810,,stub_code,5,7,12,17127,27.9167
0x002cf790,0x002cf790,,stub_code,0,1,1,17127,0.0000
0x004c9d20,0x004c9d20,,stub_code,0,0,0,1,0.0000
0x0051e260,0x0051e260,,stub_code,1,1,2,17127,17.0000
0x0040ccc0,0x0040ccc0,,stub_code,1,2,3,17127,0.0000
0x00448e70,0x00448e70,,,1,0,1,17127,0.0000
0x00280410,0x00280410,,stub_code,0,1,1,17127,0.0000
0x00357b20,0x00357b20,,,2,0,2,17127,0.0000
0x005b5d00,0x005b5d00,,stub_code,0,1,1,17127,0.0000
0x002abe90,0x002abe90,,stub_code,0,3,3,17127,0.0000
0x00257620,0x00257620,,stub_code,1,0,1,17127,0.0000
0x00338b60,0x00338b60,,,1,0,1,17127,0.0000
0x0046ba00,0x0046ba00,,stub_code,1,2,3,17127,0.0000
0x00101f40,0x00101f40,,stub_code,15,11,26,17127,39.8333
0x005a8b50,0x005a8b50,,stub_code,0,4,4,17127,0.0000
0x00192c80,0x00192c80,,stub_code,0,7,7,17127,0.0000
0x00180310,0x00180310,,stub_code,0,1,1,17127,0.0000
0x001c6fd0,0x001c6fd0,,stub_code,0,0,0,1,0.0000
0x005eca00,0x005eca00,,stub_code,1,4,5,17127,0.0000
0x005d85b0,0x005d85b0,,,6,0,6,17127,0.0000
0x0049a1f8,0x0049a1f8,,stub_code,0,1,1,17127,0.0000
0x002dd070,0x002dd070,,stub_code,0,1,1,17127,0.0000
0x003b8b20,0x003b8b20,,stub_code,2,15,17,17127,0.0000
0x0012b6b0,0x0012b6b0,,stub_code,1,2,3,17127,0.0000
0x002aff10,0x002aff10,,,1,0,1,17127,0.0000
0x004d6c50,0x004d6c50,,stub_code,0,4,4,17127,0.0000
0x00588b20,0x00588b20,,stub_code,0,1,1,17127,0.0000
0x0033c170,FUN_0033c170,,pseudo_stub,126,1,127,17127,11.9000
0x0012ea10,0x0012ea10,,,1,0,1,17127,0.0000
0x004d0a20,0x004d0a20,,stub_code,0,4,4,17127,0.0000
0x00274070,0x00274070,,stub_code,0,5,5,17127,0.0000
0x003cf7e0,0x003cf7e0,,stub_code,1,6,7,17127,0.0000
0x005aba30,0x005aba30,,stub_code,1,11,12,17127,0.0000
0x001dea60,0x001dea60,,stub_code,1,0,1,2,0.0000
0x004bb750,0x004bb750,,stub_code,0,5,5,17127,0.0000
0x002b0aa0,0x002b0aa0,,,1,0,1,17127,0.0000
0x0033a650,0x0033a650,,stub_code,0,2,2,4,0.0000
0x00112240,0x00112240,,stub_code,0,4,4,17127,0.0000
0x00160ad0,0x00160ad0,,,1,0,1,17127,0.0000
0x002e3c70,0x002e3c70,,stub_code,0,1,1,17127,0.0000
0x0045e558,0x0045e558,,stub_code,1,3,4,17127,0.0000
0x00498358,0x00498358,,stub_code,1,10,11,17127,0.0000
0x00471050,0x00471050,,stub_code,3,1,4,17127,0.0000
0x0059a0a0,0x0059a0a0,,stub_code,0,7,7,17127,0.0000
0x004dbde0,0x004dbde0,,,3,0,3,17127,0.0000
0x0024d330,0x0024d330,,stub_code,0,1,1,17127,0.0000
0x00395b30,0x00395b30,,stub_code,1,3,4,17127,0.0000
0x00429370,0x00429370,,,26,0,26,17127,0.0000
0x003364c0,0x003364c0,,stub_code,2,5,7,17127,0.0000
0x00338e50,0x00338e50,,,5,0,5,17127,0.0000
0x002a40d0,0x002a40d0,,,2,0,2,17127,0.0000
0x003f2f50,0x003f2f50,,,11,0,11,17127,0.0000
0x00584680,0x00584680,,stub_code,0,3,3,17127,0.0000
0x00575180,0x00575180,,stub_code,0,6,6,17127,0.0000
0x0039e2c0,0x0039e2c0,,,5,0,5,17127,0.0000
0x004fcf10,0x004fcf10,,,2,0,2,17127,0.0000
0x00504230,0x00504230,,,1,0,1,17127,0.0000
0x00118cc0,0x00118cc0,,stub_code,4,2,6,17127,0.0000
0x003a0730,FUN_003a0730,math/matrix,real_c,1,0,1,17127,0.0000
0x00471cf0,0x00471cf0,,stub_code,1,5,6,17127,0.0000
0x001ef7c0,0x001ef7c0,,stub_code,0,2,2,17127,0.0000
0x004eee20,0x004eee20,,stub_code,2,0,2,17127,0.0000
0x00137f30,0x00137f30,,stub_code,0,0,0,1,0.0000
0x003e4a40,0x003e4a40,,stub_code,2,2,4,17127,0.0000
0x00446990,0x00446990,,stub_code,1,2,3,17127,0.0000
0x00579da0,0x00579da0,,stub_code,0,1,1,17127,0.0000
0x00181910,0x00181910,,,7,0,7,17127,0.0000
0x0054a690,0x0054a690,,stub_code,0,4,4,17127,0.0000
0x002f8910,0x002f8910,,stub_code,1,1,2,17127,0.0000
0x003ffd00,0x003ffd00,,stub_code,0,2,2,17127,0.0000
0x00409470,0x00409470,,,1,0,1,2,0.0000
0x002590a0,0x002590a0,,stub_code,0,0,0,1,0.0000
0x001fb370,0x001fb370,,stub_code,0,3,3,17127,0.0000
0x004775b0,0x004775b0,,stub_code,0,2,2,17127,0.0000
0x003ce6c0,0x003ce6c0,,stub_code,3,1,4,17127,88.0000
0x004d8b90,0x004d8b90,,stub_code,0,4,4,17127,0.0000
0x001f3d70,0x001f3d70,,stub_code,0,2,2,17127,0.0000
0x001f0560,0x001f0560,,stub_code,0,0,0,1,0.0000
0x0030efc0,0x0030efc0,,stub_code,0,6,6,17127,0.0000
0x005f6030,0x005f6030,,stub_code,0,4,4,17127,0.0000
0x005b8b80,0x005b8b80,,stub_code,0,2,2,17127,0.0000
0x0052f040,0x0052f040,,stub_code,0,3,3,17127,0.0000
0x0042c5c0,FUN_0042c5c0,,real_logic,11,2,13,17127,79.6667
0x00512da0,FUN_00512da0,,pseudo_stub,6,3,9,17127,13.0000
0x001a1ee0,0x001a1ee0,,stub_code,1,1,2,17127,0.0000
0x0058e620,0x0058e620,,,4,0,4,17127,0.0000
0x002d69b0,0x002d69b0,,stub_code,1,2,3,17127,0.0000
0x005d8150,0x005d8150,,stub_code,9,3,12,17127,0.0000
0x002f2ab0,0x002f2ab0,,,2,0,2,17127,0.0000
0x001ef5b0,0x001ef5b0,,stub_code,0,2,2,17127,0.0000
0x0035c180,0x0035c180,,stub_code,0,4,4,17127,0.0000
0x00481b00,0x00481b00,,,1,0,1,17127,0.0000
0x0025c7a0,0x0025c7a0,,stub_code,0,1,1,17127,0.0000
0x005434e0,0x005434e0,,stub_code,0,5,5,17127,0.0000
0x0025c580,0x0025c580,,stub_code,1,0,1,17127,0.0000
0x001a4200,0x001a4200,,stub_code,1,5,6,17127,0.0000
0x001ac0b0,0x001ac0b0,,stub_code,0,1,1,17127,0.0000
0x00484058,0x00484058,,stub_thunk,0,0,0,1,0.0000
0x001a76a0,0x001a76a0,,stub_code,1,4,5,17127,0.0000
0x0012f4d0,0x0012f4d0,,,6,0,6,17127,0.0000
0x00582940,0x00582940,,stub_code,0,3,3,17127,0.0000
0x0036b980,0x0036b980,,,1,0,1,17127,0.0000
0x001316d0,0x001316d0,,stub_code,0,0,0,1,0.0000
0x0018b620,0x0018b620,,stub_code,1,2,3,17127,0.0000
0x0029d620,0x0029d620,,,1,0,1,17127,0.0000
0x0029d260,0x0029d260,,,1,0,1,17127,0.0000
0x00160cb0,0x00160cb0,,,1,0,1,17127,0.0000
0x004b5aa0,0x004b5aa0,,,1,0,1,17127,0.0000
0x0058ecd0,0x0058ecd0,,stub_code,0,1,1,17127,0.0000
0x0035eff0,0x0035eff0,,,2,0,2,17127,0.0000
0x00227eb0,0x00227eb0,,stub_code,1,8,9,17127,0.0000
0x0050da70,0x0050da70,,stub_code,7,2,9,17127,29.1667
0x0029a3a0,0x0029a3a0,,,1,0,1,17127,0.0000
0x001dd450,0x001dd450,,stub_code,7,8,15,17127,4.3333
0x005ea570,0x005ea570,,stub_code,1,2,3,17127,0.0000
0x00322570,0x00322570,,stub_code,0,5,5,17127,0.0000
0x004491c0,FUN_004491c0,,pseudo_stub,1,1,2,17127,0.0000
0x005aee20,0x005aee20,,stub_code,0,1,1,17127,0.0000
0x00510130,0x00510130,,,11,0,11,17127,0.0000
0x005720b0,0x005720b0,,stub_code,1,9,10,17127,0.0000
0x004a5ef0,0x004a5ef0,,,2,0,2,17127,0.0000
0x00127180,0x00127180,,stub_code,2,2,4,17127,0.0000
0x001296c0,0x001296c0,,stub_code,0,3,3,17127,0.0000
0x0047d6f0,0x0047d6f0,,,2,0,2,17127,0.0000
0x004a0308,0x004a0308,,stub_code,0,8,8,17127,0.0000
0x0023b070,0x0023b070,,stub_code,2,2,4,17127,0.0000
0x004b0db0,0x004b0db0,,,1,0,1,17127,0.0000
0x00380930,0x00380930,,stub_code,1,4,5,17127,0.0000
0x003faa70,0x003faa70,,stub_code,0,3,3,17127,0.0000
0x00310f30,0x00310f30,,stub_code,0,1,1,2,0.0000
0x004f3d50,0x004f3d50,,,2,0,2,17127,0.0000
0x00483718,0x00483718,,stub_code,0,1,1,17127,0.0000
0x001e6620,0x001e6620,,stub_code,1,3,4,17127,0.0000
0x0033f2e0,0x0033f2e0,,stub_code,0,3,3,17127,0.0000
0x004ad798,0x004ad798,,stub_code,1,0,1,2,0.0000
0x0037e570,0x0037e570,,stub_code,1,1,2,17127,0.0000
0x0040a400,0x0040a400,,,1,0,1,17127,0.0000
0x005061c0,0x005061c0,,stub_code,0,0,0,1,0.0000
0x002f3100,0x002f3100,,stub_code,0,1,1,17127,0.0000
0x0035c340,0x0035c340,,stub_code,0,3,3,17127,0.0000
0x00265920,0x00265920,,stub_code,1,0,1,17127,0.0000
0x00591c00,0x00591c00,,stub_code,0,3,3,17127,0.0000
0x005fa760,0x005fa760,,stub_code,23,0,23,17127,0.0000
0x0020d550,0x0020d550,,stub_code,2,0,2,17127,0.0000
0x00204ba0,0x00204ba0,,stub_code,2,2,4,17127,0.0000
0x00357d20,0x00357d20,,,1,0,1,17127,0.0000
0x004ba2a0,0x004ba2a0,,stub_code,9,1,10,17127,0.0000
0x004ae6a8,0x004ae6a8,,stub_code,1,3,4,17127,7.5000
0x00585d00,0x00585d00,,,1,0,1,17127,0.0000
0x00190280,0x00190280,,stub_code,28,0,28,17127,0.0000
0x00587a10,0x00587a10,,stub_code,0,14,14,17127,0.0000
0x0033a0f0,0x0033a0f0,,,1,0,1,2,0.0000
0x0027e990,0x0027e990,,stub_code,0,1,1,17127,0.0000
0x00111bb0,0x00111bb0,,stub_code,0,1,1,17127,0.0000
0x002867c0,0x002867c0,,stub_code,0,4,4,17127,0.0000
0x004b8b70,0x004b8b70,,,1,0,1,17127,0.0000
0x002f2af0,0x002f2af0,,,2,0,2,17127,0.0000
0x004bad00,0x004bad00,,stub_code,0,1,1,17127,0.0000
0x00590df0,0x00590df0,,stub_code,0,3,3,17127,0.0000
0x0033a5b0,0x0033a5b0,,stub_code,1,4,5,17127,0.0000
0x0035e950,0x0035e950,,stub_code,0,3,3,17127,0.0000
0x00129900,0x00129900,,,1,0,1,17127,0.0000
0x004b4598,0x004b4598,,,1,0,1,17127,0.0000
0x00506730,0x00506730,,stub_code,3,1,4,17127,0.0000
0x001c66d0,0x001c66d0,,stub_code,0,7,7,17127,0.0000
0x0015d9b0,0x0015d9b0,,,29,0,29,17127,0.0000
0x002b1450,0x002b1450,,stub_code,1,2,3,17127,0.0000
0x00503db0,0x00503db0,,stub_code,1,2,3,17127,0.0000
0x001d3890,0x001d3890,,stub_code,1,5,6,17127,0.0000
0x00149c80,0x00149c80,,stub_code,2,1,3,17127,0.0000
0x0027a050,0x0027a050,,stub_code,0,0,0,1,0.0000
0x0047a610,0x0047a610,,stub_code,1,5,6,17127,0.0000
0x00390f40,0x00390f40,,stub_code,1,3,4,17127,0.0000
0x00394030,0x00394030,,,1,0,1,17127,0.0000
0x0049b030,0x0049b030,,stub_code,1,2,3,17127,0.0000
0x00467d18,0x00467d18,,stub_code,0,2,2,17127,0.0000
0x0035fba0,0x0035fba0,,stub_code,1,9,10,17127,0.0000
0x00200190,0x00200190,,stub_code,6,2,8,17127,3.0000
0x0012b8f0,0x0012b8f0,,stub_code,2,2,4,17127,0.0000
0x002f1dd0,0x002f1dd0,,stub_code,3,2,5,17127,0.0000
0x0037b4e0,0x0037b4e0,,stub_code,1,7,8,17127,0.0000
0x003b4ed0,0x003b4ed0,,stub_code,1,1,2,17127,0.0000
0x004837d0,0x004837d0,,stub_code,0,0,0,1,0.0000
0x003175b0,0x003175b0,,stub_code,0,7,7,17127,0.0000
0x003fff20,0x003fff20,,stub_code,0,2,2,17127,0.0000
0x00443d98,0x00443d98,,stub_code,0,1,1,17127,0.0000
0x004848e8,0x004848e8,,stub_thunk,1,0,1,17127,0.0000
0x00593e80,0x00593e80,,,1,0,1,2,0.0000
0x00444500,0x00444500,,stub_code,1,4,5,17127,0.0000
0x00301660,0x00301660,,stub_code,0,2,2,17127,0.0000
0x0028fb90,0x0028fb90,,stub_code,1,1,2,17127,0.0000
0x004a7170,0x004a7170,,,1,0,1,17127,0.0000
0x00119b30,0x00119b30,,,1,0,1,17127,0.0000
0x00341750,0x00341750,,stub_code,2,3,5,17127,0.0000
0x004c4980,0x004c4980,,stub_code,0,3,3,17127,0.0000
0x002af0f0,0x002af0f0,,stub_code,1,1,2,17127,0.0000
0x0015dff0,0x0015dff0,,stub_code,1,1,2,17127,0.0000
0x003239b0,0x003239b0,,stub_code,1,13,14,17127,0.0000
0x0028ad20,0x0028ad20,,stub_code,0,1,1,17127,0.0000
0x005e6010,0x005e6010,,,2,0,2,17127,0.0000
0x002630c0,0x002630c0,,,9,0,9,17127,0.0000
0x004e2400,0x004e2400,,stub_code,0,2,2,17127,0.0000
0x0028ae20,0x0028ae20,,stub_code,0,1,1,17127,0.0000
0x0011ec90,0x0011ec90,,stub_code,0,1,1,2,0.0000
0x00210ab0,0x00210ab0,,stub_code,1,1,2,17127,0.0000
0x0046d708,0x0046d708,,stub_code,0,3,3,17127,0.0000
0x005f3f10,0x005f3f10,,stub_code,0,1,1,2,0.0000
0x00448f10,0x00448f10,,,1,0,1,17127,0.0000
0x0037cff0,0x0037cff0,,stub_code,1,7,8,17127,0.0000
0x0043d0a8,0x0043d0a8,,stub_code,4,2,6,17127,244.4000
0x00338480,0x00338480,,stub_code,1,3,4,17127,0.0000
0x001d9c40,0x001d9c40,,stub_code,1,11,12,17127,0.0000
0x00138ef0,0x00138ef0,,stub_code,0,1,1,17127,0.0000
0x00306bc0,0x00306bc0,,stub_code,0,5,5,17127,0.0000
0x0021e570,0x0021e570,,stub_code,1,0,1,17127,0.0000
0x0015ba70,0x0015ba70,,stub_code,5,0,5,17127,0.0000
0x0051d290,0x0051d290,,stub_code,6,3,9,17127,0.8333
0x00583cc0,0x00583cc0,,,2,0,2,17127,0.0000
0x003fd8e8,0x003fd8e8,,stub_code,0,3,3,17127,0.0000
0x004e6d20,0x004e6d20,,stub_code,0,3,3,17127,0.0000
0x0015c8d0,0x0015c8d0,,stub_code,1,4,5,17127,0.0000
0x004cc8c0,0x004cc8c0,,stub_code,2,3,5,17127,0.0000
0x0012e480,0x0012e480,,stub_code,2,2,4,17127,0.0000
0x00532bb0,0x00532bb0,,stub_code,0,6,6,17127,0.0000
0x00511270,0x00511270,,,10,0,10,17127,0.0000
0x0034a8f0,0x0034a8f0,,stub_code,0,2,2,17127,0.0000
0x002234d0,0x002234d0,,stub_code,1,7,8,17127,0.0000
0x00231fb0,0x00231fb0,,stub_code,0,8,8,17127,0.0000
0x00565320,0x00565320,,,1,0,1,17127,0.0000
0x00549180,0x00549180,,,3,0,3,17127,0.0000
0x0049ee30,0x0049ee30,,stub_code,1,1,2,17127,0.0000
0x005d45c0,0x005d45c0,,stub_code,0,3,3,17127,0.0000
0x0048c7a8,0x0048c7a8,,,2,0,2,17127,0.0000
0x0043ca80,0x0043ca80,,,1,0,1,2,0.0000
0x006cb3a0,0x006cb3a0,,stub_thunk,0,0,0,1,0.0000
0x002ef1d0,0x002ef1d0,,stub_code,0,4,4,17127,0.0000
0x004e5f00,0x004e5f00,,,3,0,3,17127,0.0000
0x002af220,0x002af220,,stub_code,1,1,2,17127,0.0000
0x002f1b50,0x002f1b50,,stub_code,2,2,4,17127,0.0000
0x00327ce0,0x00327ce0,,stub_code,0,2,2,17127,0.0000
0x003027a0,0x003027a0,,stub_code,0,5,5,17127,0.0000
0x0019e030,FUN_0019e030,,pseudo_stub,0,0,0,1,0.0000
0x00182710,0x00182710,,stub_code,1,1,2,17127,0.0000
0x005e8da0,0x005e8da0,,stub_code,0,1,1,2,0.0000
0x0032aa50,0x0032aa50,,,2,0,2,17127,0.0000
0x002d9400,0x002d9400,,stub_code,0,11,11,17127,0.0000
0x00156800,0x00156800,,stub_code,0,1,1,17127,0.0000
0x002eeeb0,0x002eeeb0,,,1,0,1,17127,0.0000
0x002b4f00,0x002b4f00,,stub_code,5,5,10,17127,9.0000
0x00282c40,0x00282c40,,,2,0,2,17127,0.0000
0x0054c040,0x0054c040,,stub_code,0,1,1,2,0.0000
0x002748d0,0x002748d0,,,1,0,1,17127,0.0000
0x0032b710,0x0032b710,,stub_code,0,6,6,17127,0.0000
0x0035fe20,0x0035fe20,,stub_code,0,4,4,17127,0.0000
0x00130700,0x00130700,,stub_code,0,8,8,17127,0.0000
0x004c88e0,0x004c88e0,,stub_code,0,1,1,17127,0.0000
0x005dce20,0x005dce20,,stub_code,0,3,3,17127,0.0000
0x002971b0,0x002971b0,,stub_code,4,3,7,17127,0.5000
0x0034afb0,0x0034afb0,,stub_code,1,17,18,17127,0.0000
0x0059ce50,0x0059ce50,,stub_code,1,2,3,17127,0.0000
0x0027ed00,0x0027ed00,,stub_code,0,1,1,17127,0.0000
0x002887d0,0x002887d0,,stub_code,0,4,4,17127,0.0000
0x002d8590,0x002d8590,,stub_code,1,3,4,17127,0.0000
0x00180360,0x00180360,,stub_code,0,1,1,17127,0.0000
0x00238270,0x00238270,,stub_code,5,1,6,17127,0.0000
0x0044c400,0x0044c400,,,1,0,1,17127,0.0000
0x00322520,0x00322520,,stub_code,0,1,1,17127,0.0000
0x001c6f80,0x001c6f80,,stub_code,1,1,2,17127,0.0000
0x00499f90,0x00499f90,,stub_code,2,18,20,17127,132.2000
0x0059d7c0,0x0059d7c0,,stub_code,0,3,3,17127,0.0000
0x002fb0d0,0x002fb0d0,,stub_code,2,0,2,17127,0.0000
0x00314990,0x00314990,,,1,0,1,17127,0.0000
0x004f0850,0x004f0850,,stub_code,1,1,2,17127,0.0000
0x005b9180,0x005b9180,,stub_code,0,9,9,17127,0.0000
0x0027f830,0x0027f830,,stub_code,1,2,3,17127,0.0000
0x0037bb70,0x0037bb70,,stub_code,1,1,2,17127,0.0000
0x004b88b8,0x004b88b8,,,5,0,5,17127,0.0000
0x0048b270,0x0048b270,,stub_code,1,6,7,17127,0.0000
0x005156f0,0x005156f0,,stub_code,0,4,4,17127,0.0000
0x0025d610,0x0025d610,,stub_code,0,1,1,17127,0.0000
0x001c49d0,0x001c49d0,,stub_code,1,1,2,17127,0.0000
0x0021cef0,0x0021cef0,,,6,0,6,17127,0.0000
0x0035aae0,0x0035aae0,,stub_code,1,3,4,17127,0.0000
0x004c1880,0x004c1880,,stub_code,0,3,3,17127,0.0000
0x005a0ce0,0x005a0ce0,,stub_code,1,2,3,17127,0.0000
0x0014aef0,0x0014aef0,,stub_code,1,3,4,17127,0.0000
0x005bbb30,0x005bbb30,,stub_code,1,7,8,17127,0.0000
0x00185030,0x00185030,,,5,0,5,17127,0.0000
0x00447878,0x00447878,,,1,0,1,17127,0.0000
0x004cd0b0,0x004cd0b0,,stub_code,0,1,1,17127,0.0000
0x001e96f0,0x001e96f0,,stub_code,0,0,0,1,0.0000
0x00283520,0x00283520,,,2,0,2,17127,0.0000
0x00589cd0,0x00589cd0,,stub_code,1,6,7,17127,0.0000
0x0048c0a8,0x0048c0a8,,stub_code,0,3,3,17127,0.0000
0x0034f980,0x0034f980,,,1,0,1,17127,0.0000
0x005d3be0,0x005d3be0,,,1,0,1,2,0.0000
0x00128a00,0x00128a00,,,1,0,1,17127,0.0000
0x003a8260,0x003a8260,,stub_code,1,0,1,17127,0.0000
0x0053bbd0,0x0053bbd0,,stub_code,3,0,3,17127,0.0000
0x00499a98,0x00499a98,,stub_code,0,2,2,17127,0.0000
0x004f6a20,0x004f6a20,,stub_code,1,1,2,17127,0.0000
0x0022de90,0x0022de90,,stub_code,1,53,54,17127,0.0000
0x0034a960,0x0034a960,,stub_code,1,16,17,17127,0.0000
0x0036de90,0x0036de90,,stub_code,0,5,5,17127,0.0000
0x00259160,0x00259160,,stub_code,0,0,0,1,0.0000
0x005b87d0,0x005b87d0,,stub_code,0,5,5,17127,0.0000
0x00517460,0x00517460,,stub_code,0,2,2,17127,0.0000
0x001861b0,0x001861b0,,,1,0,1,17127,0.0000
0x0043c830,0x0043c830,,,1,0,1,17127,0.0000
0x00268350,0x00268350,,stub_code,1,9,10,17127,0.0000
0x0040b3e0,FUN_0040b3e0,,real_logic,1,0,1,17127,0.0000
0x001c5ae0,0x001c5ae0,,stub_code,0,5,5,17127,0.0000
0x004a1fc8,0x004a1fc8,,,1,0,1,17127,0.0000
0x00444bf8,0x00444bf8,,stub_code,1,5,6,17127,0.0000
0x00151310,0x00151310,,stub_code,26,4,30,17127,0.0000
0x0025da10,0x0025da10,,stub_code,0,1,1,17127,0.0000
0x001e9950,0x001e9950,,stub_code,2,0,2,3,0.0000
0x0029d080,0x0029d080,,,1,0,1,17127,0.0000
0x00264530,0x00264530,,stub_code,1,2,3,17127,0.0000
0x0041b840,0x0041b840,,,3,0,3,17127,0.0000
0x002734f0,0x002734f0,,,1,0,1,17127,0.0000
0x00355e30,0x00355e30,,stub_code,0,1,1,17127,0.0000
0x00213b00,0x00213b00,,stub_code,1,4,5,17127,0.0000
0x004c0d80,0x004c0d80,,stub_code,0,4,4,17127,0.0000
0x0020dee0,0x0020dee0,,stub_code,1,1,2,17127,0.0000
0x00404e80,FUN_00404e80,,real_logic,0,0,0,1,0.0000
0x003bb930,0x003bb930,,,1,0,1,17127,0.0000
0x001c4600,0x001c4600,,,1,0,1,17127,0.0000
0x00145740,0x00145740,,stub_code,0,11,11,17127,0.0000
0x0029c2d0,0x0029c2d0,,stub_code,3,98,101,17127,149.7705
0x003b1740,0x003b1740,,,1,0,1,17127,0.0000
0x005801b0,0x005801b0,,stub_code,0,4,4,17127,0.0000
0x00446e68,0x00446e68,,stub_code,1,4,5,17127,0.0000
0x003b2590,0x003b2590,,stub_code,1,2,3,17127,0.0000
0x0057c030,0x0057c030,,stub_code,0,13,13,17127,0.0000
0x002a5380,0x002a5380,,stub_code,0,5,5,17127,0.0000
0x003f36a0,0x003f36a0,,stub_code,2,1,3,17127,0.0000
0x00546cc0,0x00546cc0,,stub_code,0,3,3,17127,0.0000
0x0034f860,0x0034f860,,stub_code,0,4,4,17127,0.0000
0x00581be0,0x00581be0,,stub_code,0,1,1,17127,0.0000
0x005d3ac0,0x005d3ac0,,,2,0,2,17127,0.0000
0x00394960,0x00394960,,stub_code,0,3,3,17127,0.0000
0x00380f90,0x00380f90,,,1,0,1,17127,0.0000
0x00110340,0x00110340,,stub_code,2,5,7,17127,0.0000
0x00443b58,0x00443b58,,stub_code,0,1,1,17127,0.0000
0x0024e530,0x0024e530,,stub_code,0,0,0,1,0.0000
0x001ff340,0x001ff340,,stub_code,1,6,7,17127,0.0000
0x00468db8,0x00468db8,,stub_code,0,1,1,17127,0.0000
0x001e5800,0x001e5800,,stub_code,19,1,20,17127,0.0000
0x002676f0,0x002676f0,,stub_code,2,5,7,17127,0.0000
0x003141b0,0x003141b0,,stub_code,0,24,24,17127,0.0000
0x004bf4e0,0x004bf4e0,,,1,0,1,2,0.0000
0x00447418,0x00447418,,,1,0,1,17127,0.0000
0x0017aa80,0x0017aa80,,stub_code,0,2,2,17127,0.0000
0x00205bb0,0x00205bb0,,stub_code,0,14,14,17127,0.0000
0x00116b60,0x00116b60,,,1,0,1,17127,0.0000
0x001406f0,0x001406f0,,stub_code,1,1,2,17127,0.0000
0x002a47c0,0x002a47c0,,stub_code,1,1,2,17127,0.0000
0x00187e40,0x00187e40,,stub_code,1,1,2,17127,0.0000
0x003d40e0,0x003d40e0,,stub_code,1,17,18,17127,6.3333
0x004aa378,0x004aa378,,stub_code,1,6,7,17127,0.0000
0x00428410,0x00428410,,,15,0,15,17127,0.0000
0x005f4320,0x005f4320,,stub_code,2,2,4,17127,0.0000
0x002a5810,0x002a5810,,stub_code,1,1,2,17127,0.0000
0x004a9a20,0x004a9a20,,,3,0,3,17127,0.0000
0x004a49a8,0x004a49a8,,stub_code,1,4,5,17127,0.0000
0x00299d00,0x00299d00,,,4,0,4,17127,0.0000
0x002a9220,0x002a9220,,stub_code,6,3,9,17127,4.0000
0x004b6408,0x004b6408,,stub_code,1,6,7,17127,0.0000
0x0029d380,0x0029d380,,,1,0,1,17127,0.0000
0x001967e0,0x001967e0,,,2,0,2,17127,0.0000
0x002f7160,0x002f7160,,stub_code,1,2,3,17127,0.0000
0x001fb410,0x001fb410,,stub_code,0,4,4,17127,0.0000
0x00269670,0x00269670,,stub_code,0,7,7,17127,0.0000
0x0048b540,0x0048b540,,stub_code,0,5,5,17127,0.0000
0x00512630,0x00512630,,stub_code,2,6,8,17127,0.0000
0x004b98e8,FUN_004b98e8,,pseudo_stub,0,1,1,17127,0.0000
0x005bf7e0,0x005bf7e0,,,1,0,1,17127,0.0000
0x00272490,0x00272490,,,2,0,2,17127,0.0000
0x00458370,0x00458370,,stub_code,1,10,11,17127,3.3333
0x0025d3a0,0x0025d3a0,,stub_code,0,1,1,17127,0.0000
0x002b0a00,0x002b0a00,,,1,0,1,17127,0.0000
0x003fdc40,0x003fdc40,,stub_code,0,3,3,17127,0.0000
0x0026c0d0,0x0026c0d0,,,1,0,1,17127,0.0000
0x005e6fe0,0x005e6fe0,,stub_code,0,7,7,17127,0.0000
0x0035ebf0,0x0035ebf0,,stub_code,0,6,6,17127,0.0000
0x00479db0,0x00479db0,,stub_code,2,3,5,17127,0.0000
0x002c70d0,0x002c70d0,,,1,0,1,17127,0.0000
0x003b1960,0x003b1960,,stub_code,0,2,2,17127,0.0000
0x001ffe80,0x001ffe80,,stub_code,4,2,6,17127,0.0000
0x004031d0,0x004031d0,,stub_code,1,7,8,17127,0.0000
0x004f7980,0x004f7980,,stub_code,1,2,3,17127,0.0000
0x001ebba0,0x001ebba0,,stub_code,0,3,3,17127,0.0000
0x0024eb80,0x0024eb80,,stub_code,0,3,3,17127,0.0000
0x00128bd0,0x00128bd0,,stub_code,1,0,1,17127,0.0000
0x005a72a0,0x005a72a0,,stub_code,0,2,2,17127,0.0000
0x0032c720,0x0032c720,,stub_code,0,2,2,17127,0.0000
0x00548410,0x00548410,,stub_code,0,4,4,17127,0.0000
0x004a0c78,0x004a0c78,,stub_code,1,1,2,17127,0.0000
0x001898c0,0x001898c0,,,1,0,1,17127,0.0000
0x00466530,0x00466530,,stub_code,0,0,0,1,0.0000
0x005e5fa0,0x005e5fa0,,stub_code,0,4,4,17127,0.0000
0x0012e120,0x0012e120,,stub_code,1,1,2,17127,0.0000
0x004b4968,0x004b4968,,stub_code,0,2,2,17127,0.0000
0x0043eb80,0x0043eb80,,stub_code,65,1,66,17127,105.3333
0x0023af50,0x0023af50,,stub_code,5,0,5,17127,0.0000
0x001ba9d0,0x001ba9d0,,stub_code,0,14,14,17127,0.0000
0x00110c80,0x00110c80,,stub_code,1,1,2,17127,0.0000
0x002e43a0,0x002e43a0,,stub_code,1,12,13,17127,0.0000
0x0013ee70,0x0013ee70,,,1,0,1,17127,0.0000
0x002e0f20,0x002e0f20,,stub_code,0,1,1,17127,0.0000
0x00272c10,0x00272c10,,stub_code,0,1,1,17127,0.0000
0x00195800,0x00195800,,,1,0,1,17127,0.0000
0x003ae550,0x003ae550,,stub_code,1,1,2,17127,0.0000
0x002a66b0,0x002a66b0,,stub_code,1,3,4,17127,0.0000
0x00360df0,0x00360df0,,,4,0,4,17127,0.0000
0x001bf2f0,0x001bf2f0,,stub_code,0,14,14,17127,0.0000
0x003166f0,0x003166f0,,stub_code,0,6,6,17127,0.0000
0x00515410,0x00515410,,stub_code,0,1,1,17127,0.0000
0x0030ea40,0x0030ea40,,stub_code,0,10,10,17127,0.0000
0x002d8c70,0x002d8c70,,stub_code,0,1,1,17127,0.0000
0x0013a2c0,0x0013a2c0,,stub_code,0,0,0,1,0.0000
0x004f4b80,0x004f4b80,,stub_code,0,2,2,17127,0.0000
0x00582aa0,0x00582aa0,,stub_code,0,1,1,17127,0.0000
0x0043d470,0x0043d470,,,1,0,1,17127,0.0000
0x0054cbb0,0x0054cbb0,,stub_code,0,17,17,17127,0.0000
0x004b6688,0x004b6688,,stub_code,0,3,3,17127,0.0000
0x0026a8a0,0x0026a8a0,,stub_code,2,1,3,17127,0.0000
0x002aff90,0x002aff90,,stub_code,4,1,5,17127,0.0000
0x005849e0,0x005849e0,,,4,0,4,17127,0.0000
0x0043cee0,0x0043cee0,,,2,0,2,17127,0.0000
0x00104570,0x00104570,,stub_code,1,2,3,17127,0.0000
0x001d1d40,0x001d1d40,,stub_code,0,0,0,1,0.0000
0x003dd5b0,0x003dd5b0,,stub_code,1,2,3,17127,5.0000
0x004c1900,0x004c1900,,,3,0,3,17127,0.0000
0x002bacb0,0x002bacb0,,stub_code,5,2,7,17127,1.0000
0x005a5970,0x005a5970,,stub_code,0,1,1,17127,0.0000
0x005e6d90,0x005e6d90,,,2,0,2,17127,0.0000
0x004f3d70,0x004f3d70,,,2,0,2,17127,0.0000
0x005507f0,0x005507f0,,stub_code,0,3,3,17127,0.0000
0x002726a0,0x002726a0,,,1,0,1,17127,0.0000
0x003a7870,0x003a7870,,stub_code,0,2,2,17127,0.0000
0x004fe0a0,0x004fe0a0,,stub_code,0,4,4,17127,0.0000
0x002b11f0,0x002b11f0,,stub_code,1,1,2,17127,0.0000
0x003154c0,0x003154c0,,stub_code,0,4,4,17127,0.0000
0x001aec60,0x001aec60,,stub_code,1,1,2,17127,0.0000
0x0023afb0,0x0023afb0,,stub_code,0,0,0,1,0.0000
0x002a7e10,0x002a7e10,,stub_code,5,9,14,17127,7.0000
0x0021def0,0x0021def0,,,12,0,12,17127,0.0000
0x00179080,0x00179080,,stub_code,0,2,2,17127,0.0000
0x00470690,0x00470690,,stub_code,0,4,4,17127,0.0000
0x0039cd10,0x0039cd10,,,1,0,1,17127,0.0000
0x005e4110,0x005e4110,,stub_code,0,1,1,17127,0.0000
0x001fa9d0,0x001fa9d0,,stub_code,0,8,8,17127,0.0000
0x0029ad30,0x0029ad30,,stub_code,1,2,3,17127,0.0000
0x0025b560,0x0025b560,,stub_code,0,0,0,1,0.0000
0x0021db80,0x0021db80,,,3,0,3,17127,0.0000
0x005097b0,0x005097b0,,stub_code,0,3,3,17127,0.0000
0x001e9dc0,0x001e9dc0,,stub_code,29,2,31,17127,0.0000
0x00100bc0,0x00100bc0,,stub_code,15,5,20,17127,2.5000
0x004c05c0,0x004c05c0,,stub_code,0,3,3,17127,0.0000
0x00227a80,0x00227a80,,stub_code,3,5,8,17127,0.0000
0x005fa8e0,0x005fa8e0,,stub_code,7,1,8,17127,0.0000
0x004e96b0,0x004e96b0,,,2,0,2,17127,0.0000
0x00202860,0x00202860,,stub_code,1,2,3,17127,0.0000
0x00424d40,0x00424d40,,,2,0,2,17127,0.0000
0x004add28,0x004add28,,stub_code,1,1,2,17127,0.0000
0x001a59c0,0x001a59c0,,stub_code,1,1,2,17127,0.0000
0x003d2840,0x003d2840,,stub_code,1,3,4,17127,2.0000
0x003ebfc0,0x003ebfc0,,,17,0,17,17127,0.0000
0x00150890,0x00150890,,stub_code,0,10,10,17127,0.0000
0x003e02b0,0x003e02b0,,,1,0,1,17127,0.0000
0x002adba0,0x002adba0,,stub_code,0,3,3,17127,0.0000
0x004d2470,0x004d2470,,,3,0,3,17127,0.0000
0x0058c4a0,0x0058c4a0,,stub_code,1,0,1,17127,0.0000
0x003116b0,0x003116b0,,stub_code,0,5,5,17127,0.0000
0x002bc180,0x002bc180,,stub_code,1,1,2,17127,0.0000
0x005a4b80,0x005a4b80,,stub_code,0,3,3,17127,0.0000
0x00271580,0x00271580,,stub_code,1,5,6,17127,0.0000
0x004765b8,0x004765b8,,stub_code,1,3,4,17127,0.0000
0x001119a0,0x001119a0,,stub_code,2,1,3,17127,0.0000
0x004bc8c0,0x004bc8c0,,stub_code,0,3,3,17127,0.0000
0x00253d10,0x00253d10,,stub_code,0,1,1,17127,0.0000
0x0038fb40,0x0038fb40,,,1,0,1,17127,0.0000
0x0046d650,0x0046d650,,stub_code,0,0,0,1,0.0000
0x0013efa0,0x0013efa0,,,7,0,7,17127,0.0000
0x005f3460,0x005f3460,,stub_code,0,5,5,17127,0.0000
0x001b12c0,0x001b12c0,,,3,0,3,17127,0.0000
0x004adab0,0x004adab0,,,1,0,1,17127,0.0000
0x00480fa8,0x00480fa8,,stub_code,0,6,6,17127,0.0000
0x005f6260,0x005f6260,,stub_code,0,1,1,17127,0.0000
0x0045cf40,0x0045cf40,,stub_code,0,2,2,17127,0.0000
0x005e97e0,0x005e97e0,,stub_code,0,5,5,17127,0.0000
0x003c78c0,0x003c78c0,,stub_code,1,5,6,17127,4.0000
0x00253a80,0x00253a80,,stub_code,0,0,0,1,0.0000
0x003fb748,0x003fb748,,stub_code,48,1,49,17127,11.3119
0x005997e0,0x005997e0,,,2,0,2,17127,0.0000
0x005eadd0,0x005eadd0,,stub_code,1,2,3,17127,0.0000
0x0042d3d0,FUN_0042d3d0,,real_logic,1,3,4,17127,20.0000
0x0023aed0,0x0023aed0,,,2,0,2,17127,0.0000
0x0014f870,0x0014f870,,stub_code,0,8,8,17127,0.0000
0x00574d80,0x00574d80,,stub_code,0,5,5,17127,0.0000
0x0027e890,0x0027e890,,,1,0,1,17127,0.0000
0x001d1560,0x001d1560,,stub_code,0,0,0,1,0.0000
0x00329390,0x00329390,,stub_code,1,8,9,17127,0.0000
0x0059aa90,0x0059aa90,,,1,0,1,17127,0.0000
0x0043ff00,0x0043ff00,,stub_code,0,2,2,17127,0.0000
0x00131b90,0x00131b90,,stub_code,0,0,0,1,0.0000
0x0051d080,0x0051d080,,stub_code,0,3,3,17127,0.0000
0x003e10a0,0x003e10a0,,stub_code,3,3,6,17127,0.0000
0x0050d310,0x0050d310,,stub_code,1,0,1,17127,0.0000
0x00553bd0,0x00553bd0,,stub_code,0,15,15,17127,0.0000
0x00262910,0x00262910,,stub_code,1,0,1,17127,0.0000
0x0049fd08,0x0049fd08,,stub_code,0,3,3,17127,0.0000
0x001c5150,0x001c5150,,stub_code,0,2,2,17127,0.0000
0x0025cda0,0x0025cda0,,stub_code,0,1,1,17127,0.0000
0x002a3970,0x002a3970,,stub_code,2,1,3,17127,0.0000
0x003f95b0,0x003f95b0,,stub_code,2,6,8,17127,23.0000
0x00520650,0x00520650,,stub_code,0,1,1,17127,0.0000
0x005a3750,0x005a3750,,stub_code,0,3,3,17127,0.0000
0x0055fb80,0x0055fb80,,,1,0,1,17127,0.0000
0x00293510,0x00293510,,stub_code,1,2,3,17127,0.0000
0x004eb8f0,0x004eb8f0,,stub_code,0,4,4,17127,0.0000
0x004bb1a0,0x004bb1a0,,stub_code,0,1,1,2,0.0000
0x002c5030,0x002c5030,,stub_code,2,4,6,17127,5.0000
0x004ef6e0,0x004ef6e0,,stub_code,0,2,2,17127,0.0000
0x00475c50,FUN_00475c50,,pseudo_stub,0,0,0,1,0.0000
0x00338170,0x00338170,,stub_code,19,3,22,17127,0.0000
0x002be3b0,0x002be3b0,,stub_code,0,3,3,17127,0.0000
0x003b71a0,0x003b71a0,,stub_code,2,1,3,17127,62.0000
0x00515f20,0x00515f20,,,1,0,1,17127,0.0000
0x00130b70,0x00130b70,,stub_code,0,1,1,17127,0.0000
0x0053f5e0,0x0053f5e0,,stub_code,0,1,1,17127,0.0000
0x00297330,0x00297330,,stub_code,4,2,6,17127,5.7000
0x0017a760,0x0017a760,,,2,0,2,17127,0.0000
0x004c7df0,0x004c7df0,,stub_code,14,2,16,17127,5.5000
0x0013a3e0,0x0013a3e0,,stub_code,0,19,19,17127,0.0000
0x001efae0,0x001efae0,,stub_code,0,2,2,17127,0.0000
0x0031c980,0x0031c980,,,1,0,1,17127,0.0000
0x002067d0,0x002067d0,,,3,0,3,17127,0.0000
0x00216b60,0x00216b60,,stub_code,0,1,1,17127,0.0000
0x002ceb40,0x002ceb40,,stub_code,0,4,4,17127,0.0000
0x004a1340,0x004a1340,,stub_code,1,4,5,17127,0.0000
0x0037e1e0,0x0037e1e0,,,1,0,1,17127,0.0000
0x002b03f0,0x002b03f0,,stub_code,1,2,3,17127,0.0000
0x00560a80,0x00560a80,,,2,0,2,17127,0.0000
0x001c4b10,0x001c4b10,,stub_code,1,1,2,17127,0.0000
0x005d3d60,0x005d3d60,,stub_code,0,1,1,17127,0.0000
0x001252f0,0x001252f0,,stub_code,0,0,0,1,0.0000
0x005a4fd0,0x005a4fd0,,,1,0,1,2,0.0000
0x004d1620,0x004d1620,,stub_code,0,4,4,17127,0.0000
0x00205a10,0x00205a10,,stub_code,0,0,0,1,0.0000
0x0039e4a0,0x0039e4a0,,,3,0,3,17127,0.0000
0x00131c30,0x00131c30,,stub_code,0,1,1,17127,0.0000
0x001c8670,0x001c8670,,stub_code,0,1,1,17127,0.0000
0x002d51f0,0x002d51f0,,stub_code,1,2,3,17127,0.0000
0x00496280,0x00496280,,stub_code,1,3,4,17127,0.0000
0x001daf40,0x001daf40,,,2,0,2,17127,0.0000
0x0045d8a0,0x0045d8a0,,stub_code,2,4,6,17127,0.0000
0x004db6d0,0x004db6d0,,stub_code,0,1,1,17127,0.0000
0x004ee6d0,0x004ee6d0,,stub_code,1,20,21,17127,30.5000
0x0038edf0,0x0038edf0,,stub_code,2,6,8,17127,0.0000
0x0050d3d0,0x0050d3d0,,stub_code,0,2,2,17127,0.0000
0x00582560,0x00582560,,stub_code,0,3,3,17127,0.0000
0x003402d0,0x003402d0,,stub_code,1,1,2,17127,0.0000
0x002ecfa0,0x002ecfa0,,,1,0,1,17127,0.0000
0x002a4300,0x002a4300,,stub_code,3,1,4,17127,0.0000
0x0039d5b0,0x0039d5b0,,stub_code,2,2,4,17127,0.0000
0x00468d08,0x00468d08,,stub_code,2,0,2,17127,0.0000
0x005047e0,0x005047e0,,stub_code,0,0,0,1,0.0000
0x002532f0,0x002532f0,,stub_code,0,1,1,17127,0.0000
0x003fde60,0x003fde60,,stub_code,0,3,3,17127,0.0000
0x00104b90,0x00104b90,,stub_code,2,3,5,17127,0.0000
0x00331110,0x00331110,,stub_code,1,4,5,17127,0.0000
0x001a32d0,0x001a32d0,,stub_code,1,4,5,17127,0.0000
0x002f3150,0x002f3150,,stub_code,0,5,5,17127,0.0000
0x00133c00,0x00133c00,,stub_code,1,1,2,17127,0.0000
0x001a8cb0,0x001a8cb0,,stub_code,0,1,1,17127,0.0000
0x005eb7d0,0x005eb7d0,,stub_code,1,5,6,17127,0.0000
0x0029a690,0x0029a690,,stub_code,0,1,1,17127,0.0000
0x005f2f80,0x005f2f80,,stub_code,0,6,6,17127,0.0000
0x0026f910,0x0026f910,,stub_code,1,2,3,17127,0.0000
0x0037cd30,0x0037cd30,,stub_code,2,1,3,17127,0.0000
0x001c7c10,0x001c7c10,,stub_code,1,2,3,17127,0.0000
0x0035bfa0,0x0035bfa0,,,8,0,8,17127,0.0000
0x001bd830,0x001bd830,,stub_code,1,3,4,17127,0.0000
0x001a4e90,0x001a4e90,,stub_code,0,1,1,2,0.0000
0x00262090,0x00262090,,,1,0,1,17127,0.0000
0x004c79e0,0x004c79e0,,stub_code,0,1,1,2,0.0000
0x005acb90,0x005acb90,,stub_code,0,2,2,17127,0.0000
0x00542d90,0x00542d90,,stub_code,0,1,1,17127,0.0000
0x0057f710,0x0057f710,,stub_code,0,1,1,17127,0.0000
0x00550170,0x00550170,,stub_code,0,1,1,17127,0.0000
0x001a1150,0x001a1150,,stub_code,3,1,4,17127,0.0000
0x00386a00,0x00386a00,,stub_code,1,3,4,17127,0.0000
0x00258ce0,0x00258ce0,,stub_code,0,0,0,1,0.0000
0x0035e4f0,0x0035e4f0,,stub_code,0,2,2,17127,0.0000
0x005c06c0,0x005c06c0,,stub_code,0,1,1,17127,0.0000
0x001494a0,0x001494a0,,stub_code,0,1,1,2,0.0000
0x005159f0,0x005159f0,,stub_code,0,4,4,17127,0.0000
0x0035b830,0x0035b830,,stub_code,1,4,5,17127,0.0000
0x0026daf0,0x0026daf0,,stub_code,42,4,46,17127,33.0000
0x00156fc0,0x00156fc0,,stub_code,0,2,2,17127,0.0000
0x00366840,0x00366840,,,1,0,1,17127,0.0000
0x002066d0,0x002066d0,,stub_code,0,0,0,1,0.0000
0x002ebaa0,0x002ebaa0,,stub_code,0,12,12,17127,0.0000
0x004d8600,0x004d8600,,stub_code,0,2,2,17127,0.0000
0x0047f090,0x0047f090,,,4,0,4,17127,0.0000
0x004299a0,FUN_004299a0,,real_logic,12,2,14,17127,10.0000
0x001478a0,0x001478a0,,stub_code,0,1,1,17127,0.0000
0x002d8a60,0x002d8a60,,stub_code,1,2,3,17127,0.0000
0x001af290,0x001af290,,stub_code,1,8,9,17127,31.0000
0x00459400,0x00459400,,,1,0,1,17127,0.0000
0x0049e0f8,0x0049e0f8,,stub_code,1,4,5,17127,0.0000
0x001ba6f0,0x001ba6f0,,stub_code,0,4,4,17127,0.0000
0x003ec2b0,0x003ec2b0,,,6,0,6,17127,0.0000
0x001c3910,FUN_001c3910,core/struct,real_c,9,0,9,17127,0.0000
0x0032d150,0x0032d150,,stub_code,0,7,7,17127,0.0000
0x004a1a10,0x004a1a10,,stub_code,0,2,2,17127,0.0000
0x0037fcc0,0x0037fcc0,,stub_code,2,2,4,17127,0.0000
0x004aba70,0x004aba70,,,1,0,1,17127,0.0000
0x0050d020,0x0050d020,,stub_code,0,1,1,17127,0.0000
0x005762b0,0x005762b0,,,1,0,1,17127,0.0000
0x00123df0,0x00123df0,,stub_code,0,1,1,17127,0.0000
0x002b03a0,0x002b03a0,,stub_code,1,1,2,17127,0.0000
0x001ce7d0,0x001ce7d0,,stub_code,8,9,17,17127,385.8333
0x0043f8e8,0x0043f8e8,,stub_code,0,2,2,17127,0.0000
0x00261cd0,0x00261cd0,,,6,0,6,17127,0.0000
0x005ad610,0x005ad610,,stub_code,2,2,4,17127,0.0000
0x0043e3f0,0x0043e3f0,,stub_code,1,7,8,17127,58.2500
0x0020d090,0x0020d090,,stub_code,0,5,5,17127,0.0000
0x00192fc0,0x00192fc0,,stub_code,0,16,16,17127,0.0000
0x0039dcc0,0x0039dcc0,,stub_code,0,12,12,17127,0.0000
0x00337e10,FUN_00337e10,,pseudo_stub,1,0,1,17127,0.0000
0x005435a0,0x005435a0,,stub_code,1,2,3,17127,0.0000
0x005fd710,0x005fd710,,stub_code,6,1,7,17127,0.0000
0x004d9f40,0x004d9f40,,stub_code,0,8,8,17127,0.0000
0x00330210,0x00330210,,stub_code,0,2,2,17127,0.0000
0x005f4ee0,0x005f4ee0,,stub_code,0,3,3,17127,0.0000
0x002bb680,0x002bb680,,stub_code,0,7,7,17127,0.0000
0x0050ee90,0x0050ee90,,stub_code,0,8,8,17127,0.0000
0x0054a910,0x0054a910,,stub_code,1,2,3,17127,0.0000
0x002083c0,0x002083c0,,stub_code,1,33,34,17127,0.0000
0x0032e900,0x0032e900,,stub_code,0,4,4,17127,0.0000
0x001e6c50,0x001e6c50,,stub_code,2,9,11,17127,0.0000
0x003de340,0x003de340,,stub_code,1,5,6,17127,37.5000
0x00132360,0x00132360,,stub_code,1,1,2,17127,0.0000
0x00591d70,0x00591d70,,stub_code,0,1,1,2,0.0000
0x002510a0,0x002510a0,,stub_code,1,0,1,17127,0.0000
0x004e4380,0x004e4380,,stub_code,0,3,3,17127,0.0000
0x0049b8b8,0x0049b8b8,,stub_code,0,0,0,1,0.0000
0x00403db0,0x00403db0,,stub_code,2,2,4,17127,11.5000
0x002f6870,0x002f6870,,stub_code,1,1,2,17127,0.0000
0x0051b710,0x0051b710,,stub_code,1,1,2,17127,0.0000
0x00340ed0,0x00340ed0,,,2,0,2,17127,0.0000
0x0043e240,0x0043e240,,,1,0,1,2,0.0000
0x0049da20,0x0049da20,,stub_thunk,0,0,0,1,0.0000
0x00296bb0,0x00296bb0,,,1,0,1,17127,0.0000
0x002f2b60,0x002f2b60,,,2,0,2,17127,0.0000
0x004fc290,0x004fc290,,stub_code,0,0,0,1,0.0000
0x003fcf58,0x003fcf58,,,1,0,1,17127,0.0000
0x00590fd0,0x00590fd0,,stub_code,21,2,23,17127,6.2000
0x0056b770,0x0056b770,,,1,0,1,17127,0.0000
0x001d7d30,0x001d7d30,,stub_code,1,4,5,17127,0.0000
0x00436920,0x00436920,,stub_code,1,1,2,17127,2.0000
0x004544a0,0x004544a0,,stub_code,22,4,26,17127,13.1667
0x001deed0,0x001deed0,,,6,0,6,17127,0.0000
0x001308a0,0x001308a0,,,10,0,10,17127,0.0000
0x00301390,0x00301390,,stub_code,0,2,2,17127,0.0000
0x0020e800,0x0020e800,,stub_code,3,6,9,17127,0.0000
0x0047bfd8,0x0047bfd8,,stub_code,1,2,3,17127,0.0000
0x002db830,0x002db830,,stub_code,1,7,8,17127,0.0000
0x00376250,0x00376250,,stub_code,1,11,12,17127,0.0000
0x002b3920,0x002b3920,,,82,0,82,17127,0.0000
0x00271760,0x00271760,,,1,0,1,17127,0.0000
0x004e8e60,0x004e8e60,,stub_code,0,4,4,17127,0.0000
0x004b4dd8,0x004b4dd8,,stub_code,0,1,1,17127,0.0000
0x005b66a0,0x005b66a0,,stub_code,1,2,3,17127,0.0000
0x0036c8b0,0x0036c8b0,,,3,0,3,17127,0.0000
0x00596500,0x00596500,,stub_code,0,6,6,17127,0.0000
0x00499c08,0x00499c08,,,1,0,1,17127,0.0000
0x001c4240,0x001c4240,,stub_code,2,13,15,17127,0.0000
0x002cd2a0,0x002cd2a0,,stub_code,0,0,0,1,0.0000
0x0057d420,0x0057d420,,stub_code,0,10,10,17127,0.0000
0x002b01f0,0x002b01f0,,,1,0,1,17127,0.0000
0x00331820,0x00331820,,stub_code,0,1,1,17127,0.0000
0x002e71c0,0x002e71c0,,stub_code,0,3,3,17127,0.0000
0x004b5190,0x004b5190,,stub_code,0,2,2,17127,0.0000
0x004d1000,0x004d1000,,,3,0,3,17127,0.0000
0x00448d10,0x00448d10,,,1,0,1,17127,0.0000
0x00462bf0,0x00462bf0,,stub_code,2,2,4,17127,0.0000
0x001ec270,0x001ec270,,stub_code,10,6,16,17127,0.0000
0x0029db60,0x0029db60,,stub_code,1,1,2,17127,1.0000
0x00143f10,0x00143f10,,stub_code,1,3,4,17127,0.0000
0x002de3b0,0x002de3b0,,stub_code,1,4,5,17127,0.0000
0x00561e90,0x00561e90,,,1,0,1,17127,0.0000
0x0024c3d0,0x0024c3d0,,stub_code,0,0,0,1,0.0000
0x00475750,0x00475750,,stub_code,0,0,0,1,0.0000
0x0029d800,0x0029d800,,,1,0,1,17127,0.0000
0x001d15e0,0x001d15e0,,,2,0,2,17127,0.0000
0x00313b80,0x00313b80,,stub_code,0,5,5,17127,0.0000
0x00537b00,0x00537b00,,stub_code,0,3,3,17127,0.0000
0x005829c0,0x005829c0,,,2,0,2,17127,0.0000
0x0028a060,0x0028a060,,stub_code,0,1,1,17127,0.0000
0x003c1030,0x003c1030,,,3,0,3,17127,0.0000
0x0046cf40,0x0046cf40,,stub_code,1,3,4,17127,0.0000
0x00328b30,0x00328b30,,,2,0,2,17127,0.0000
0x0029ebb0,0x0029ebb0,,stub_code,1,1,2,17127,1.0000
0x005e5980,0x005e5980,,,2,0,2,17127,0.0000
0x005437c0,0x005437c0,,stub_code,2,2,4,17127,0.0000
0x00560a70,0x00560a70,,,4,0,4,17127,0.0000
0x004aee78,0x004aee78,,stub_code,2,1,3,17127,0.0000
0x0019f6c0,FUN_0019f6c0,,pseudo_stub,0,0,0,1,0.0000
0x001544b0,0x001544b0,,,2,0,2,17127,0.0000
0x002fa610,0x002fa610,,,1,0,1,17127,0.0000
0x0049fda8,0x0049fda8,,stub_code,0,1,1,17127,0.0000
0x0044daa0,0x0044daa0,,,1,0,1,17127,0.0000
0x004a8a18,0x004a8a18,,stub_code,1,1,2,17127,0.0000
0x005efa10,0x005efa10,,stub_code,0,1,1,17127,0.0000
0x00305920,0x00305920,,stub_code,1,4,5,17127,0.0000
0x0051b100,0x0051b100,,stub_code,2,9,11,17127,0.0000
0x003220f0,0x003220f0,,,1,0,1,17127,0.0000
0x0040e430,0x0040e430,,stub_code,3,5,8,17127,0.0000
0x00290030,0x00290030,,stub_code,2,2,4,17127,0.0000
0x00111670,0x00111670,,stub_code,1,2,3,17127,0.0000
0x001c7ce0,0x001c7ce0,,stub_code,0,3,3,17127,0.0000
0x0043c810,0x0043c810,,,3,0,3,17127,0.0000
0x0043c7e0,0x0043c7e0,,,4,0,4,17127,0.0000
0x0049a150,0x0049a150,,,1,0,1,17127,0.0000
0x002597b0,0x002597b0,,stub_code,0,1,1,17127,0.0000
0x001fc8b0,0x001fc8b0,,,1,0,1,17127,0.0000
0x00283620,0x00283620,,stub_code,0,1,1,17127,0.0000
0x003e2090,0x003e2090,,stub_code,1,7,8,17127,27.4548
0x002bb600,0x002bb600,,stub_code,0,3,3,17127,0.0000
0x003342e0,FUN_003342e0,,pseudo_stub,0,1,1,17127,0.0000
0x0042bde0,FUN_0042bde0,,real_logic,2,0,2,17127,0.0000
0x004abdd0,0x004abdd0,,,5,0,5,17127,0.0000
0x00547510,0x00547510,,,3,0,3,17127,0.0000
0x002953f0,0x002953f0,,stub_code,1,14,15,17127,5.6000
0x004b70b0,0x004b70b0,,stub_code,0,2,2,17127,0.0000
0x002b1910,0x002b1910,,stub_code,1,2,3,17127,0.0000
0x00317890,0x00317890,,stub_code,0,1,1,17127,0.0000
0x005f3370,0x005f3370,,,3,0,3,17127,0.0000
0x001c8720,0x001c8720,,stub_code,0,3,3,17127,0.0000
0x004c8220,0x004c8220,,stub_code,7,2,9,17127,0.0000
0x002c0540,0x002c0540,,stub_code,3,7,10,17127,0.0000
0x00364820,0x00364820,,stub_code,1,6,7,17127,0.0000
0x0036b790,0x0036b790,,,1,0,1,17127,0.0000
0x0014c510,0x0014c510,,stub_code,1,2,3,17127,0.0000
0x00185120,0x00185120,,stub_code,2,4,6,17127,8.0000
0x004f47b0,0x004f47b0,,stub_code,0,2,2,17127,0.0000
0x004f6bd0,0x004f6bd0,,stub_code,2,4,6,17127,0.0000
0x005b5de0,0x005b5de0,,stub_code,0,2,2,17127,0.0000
0x00400d40,0x00400d40,,stub_code,1,5,6,17127,0.0000
0x004e7e60,0x004e7e60,,stub_code,0,6,6,17127,0.0000
0x00171e50,0x00171e50,,,4,0,4,17127,0.0000
0x00417f00,0x00417f00,,,1,0,1,17127,0.0000
0x0051ec00,0x0051ec00,,stub_code,2,2,4,17127,0.0000
0x002f35b0,0x002f35b0,,stub_code,0,1,1,17127,0.0000
0x005d94d0,0x005d94d0,,stub_code,0,3,3,17127,0.0000
0x002ce9e0,0x002ce9e0,,,2,0,2,17127,0.0000
0x001dcdd0,0x001dcdd0,,stub_code,0,4,4,17127,0.0000
0x00456750,0x00456750,,stub_code,2,8,10,17127,1.4500
0x002e9480,0x002e9480,,stub_code,0,5,5,17127,0.0000
0x004733e8,0x004733e8,,stub_code,0,1,1,3,0.0000
0x0017dec0,0x0017dec0,,,1,0,1,17127,0.0000
0x00160d30,0x00160d30,,,1,0,1,17127,0.0000
0x005f7800,0x005f7800,,stub_code,0,1,1,17127,0.0000
0x0034d100,0x0034d100,,stub_code,1,2,3,17127,0.0000
0x00309f70,0x00309f70,,stub_code,1,14,15,17127,0.0000
0x00345150,0x00345150,,stub_code,1,1,2,17127,1.0000
0x001500c0,0x001500c0,,stub_code,2,3,5,17127,0.0000
0x00184180,0x00184180,,stub_code,1,15,16,17127,0.0000
0x0049c530,0x0049c530,,,14,0,14,17127,0.0000
0x00212ef0,0x00212ef0,,stub_code,0,0,0,1,0.0000
0x002005b0,0x002005b0,,stub_code,10,4,14,17127,0.0000
0x0058fd50,0x0058fd50,,,1,0,1,2,0.0000
0x001d0fe0,0x001d0fe0,,stub_code,3,0,3,17127,0.0000
0x001c6000,0x001c6000,,stub_code,0,2,2,17127,0.0000
0x00338e30,0x00338e30,,,5,0,5,17127,0.0000
0x0053fda0,0x0053fda0,,,1,0,1,17127,0.0000
0x0057e980,0x0057e980,,stub_code,0,14,14,17127,0.0000
0x0056eb00,0x0056eb00,,,1,0,1,17127,0.0000
0x00221dc0,0x00221dc0,,stub_code,5,1,6,17127,0.0000
0x004995b0,0x004995b0,,stub_code,1,2,3,17127,0.0000
0x00183720,0x00183720,,stub_code,1,0,1,17127,0.0000
0x0012f5f0,0x0012f5f0,,,2,0,2,17127,0.0000
0x0024e3a0,0x0024e3a0,,stub_code,0,1,1,17127,0.0000
0x0050f710,0x0050f710,,stub_code,7,2,9,17127,0.0000
0x003481c0,0x003481c0,,,1,0,1,17127,0.0000
0x0031c450,0x0031c450,,stub_code,0,3,3,17127,0.0000
0x00532400,0x00532400,,stub_code,0,1,1,17127,0.0000
0x004b6ff8,0x004b6ff8,,,3,0,3,17127,0.0000
0x0054fe30,0x0054fe30,,stub_code,0,4,4,17127,0.0000
0x002e5b80,0x002e5b80,,stub_code,1,2,3,17127,0.0000
0x004e15e0,0x004e15e0,,stub_code,0,4,4,17127,0.0000
0x005e8380,0x005e8380,,,2,0,2,17127,0.0000
0x003c6600,0x003c6600,,,2,0,2,17127,0.0000
0x0056f150,0x0056f150,,stub_code,0,1,1,2,0.0000
0x0023adf0,0x0023adf0,,stub_code,0,0,0,1,0.0000
0x00554190,0x00554190,,stub_code,1,0,1,17127,0.0000
0x003312e0,0x003312e0,,stub_code,0,1,1,17127,0.0000
0x002f2a20,0x002f2a20,,,2,0,2,17127,0.0000
0x00368750,0x00368750,,,2,0,2,17127,0.0000
0x00364600,0x00364600,,,15,0,15,17127,0.0000
0x005e5270,0x005e5270,,stub_code,2,2,4,17127,0.0000
0x002546e0,0x002546e0,,stub_code,0,0,0,1,0.0000
0x0057ba90,0x0057ba90,,stub_code,0,9,9,17127,0.0000
0x0059c3e0,0x0059c3e0,,stub_code,1,2,3,17127,0.0000
0x0011ab60,0x0011ab60,,stub_code,1,6,7,17127,0.0000
0x00252c00,0x00252c00,,stub_code,0,1,1,17127,0.0000
0x0010ddf0,0x0010ddf0,,stub_code,1,4,5,17127,0.0000
0x0016add0,0x0016add0,,stub_code,1,1,2,17127,0.0000
0x00312be0,0x00312be0,,stub_code,0,2,2,17127,0.0000
0x0011da00,0x0011da00,,stub_code,0,1,1,17127,0.0000
0x004a2ea0,0x004a2ea0,,,1,0,1,17127,0.0000
0x0016e610,0x0016e610,,stub_code,49,5,54,17127,1113.5000
0x0043cea0,0x0043cea0,,,7,0,7,17127,0.0000
0x003d7b50,0x003d7b50,,stub_code,1,7,8,17127,5.0000
0x0035afa0,0x0035afa0,,stub_code,5,3,8,17127,0.0000
0x0037e6b0,0x0037e6b0,,stub_code,2,3,5,17127,0.0000
0x0035e750,0x0035e750,,,1,0,1,17127,0.0000
0x0040a5d0,0x0040a5d0,,stub_code,1,3,4,17127,0.3333
0x0033e0d0,0x0033e0d0,,stub_code,1,1,2,17127,45.0000
0x00552ff0,0x00552ff0,,stub_code,0,3,3,17127,0.0000
0x00300af0,0x00300af0,,stub_code,2,1,3,17127,0.0000
0x003f6a00,0x003f6a00,,,1,0,1,17127,0.0000
0x005909f0,0x005909f0,,stub_code,0,3,3,17127,0.0000
0x00128060,0x00128060,,,12,0,12,17127,0.0000
0x00201c00,0x00201c00,,stub_code,1,1,2,17127,3.0000
0x0026aaf0,0x0026aaf0,,stub_code,1,2,3,17127,0.0000
0x00233f60,0x00233f60,,stub_code,0,7,7,17127,0.0000
0x002b0980,0x002b0980,,stub_code,1,2,3,17127,0.0000
0x005dabf0,0x005dabf0,,stub_code,0,0,0,1,0.0000
0x00520390,0x00520390,,stub_code,0,4,4,17127,0.0000
0x0049fc68,0x0049fc68,,stub_code,2,4,6,17127,8.0000
0x00321470,0x00321470,,stub_code,1,2,3,17127,0.0000
0x002d4690,0x002d4690,,,1,0,1,17127,0.0000
0x001b1300,0x001b1300,,,3,0,3,17127,0.0000
0x00163b80,0x00163b80,,stub_code,1,5,6,17127,0.0000
0x001fff70,0x001fff70,,stub_code,2,2,4,17127,0.0000
0x0047c468,0x0047c468,,,1,0,1,17127,0.0000
0x002f6710,0x002f6710,,stub_code,0,2,2,3,0.0000
0x0036ac80,0x0036ac80,,stub_code,2,3,5,17127,6.0000
0x002c6ff0,0x002c6ff0,,stub_code,1,1,2,17127,0.0000
0x00392bd0,0x00392bd0,,stub_code,1,2,3,17127,0.0000
0x00291d30,0x00291d30,,stub_code,1,2,3,17127,0.0000
0x0017e5b0,0x0017e5b0,,,1,0,1,17127,0.0000
0x005354d0,0x005354d0,,stub_code,0,0,0,1,0.0000
0x0053e8d0,0x0053e8d0,,,1,0,1,2,0.0000
0x001e2ba0,0x001e2ba0,,stub_code,0,2,2,17127,0.0000
0x0046c8b8,0x0046c8b8,,stub_code,1,1,2,17127,0.0000
0x00229210,0x00229210,,stub_code,1,3,4,17127,0.0000
0x00498570,0x00498570,,,2,0,2,17127,0.0000
0x0012ca80,0x0012ca80,,stub_code,0,1,1,2,0.0000
0x00266e00,0x00266e00,,stub_code,2,3,5,17127,0.0000
0x004b4530,0x004b4530,,stub_code,4,1,5,17127,0.0000
0x00261890,0x00261890,,,3,0,3,17127,0.0000
0x00272040,0x00272040,,stub_code,0,1,1,17127,0.0000
0x0051dd40,0x0051dd40,,stub_code,1,0,1,17127,0.0000
0x004cd1b0,0x004cd1b0,,stub_code,0,2,2,17127,0.0000
0x004708f0,0x004708f0,,stub_thunk,0,0,0,1,0.0000
0x0030e0e0,0x0030e0e0,,,1,0,1,17127,0.0000
0x0032abe0,0x0032abe0,,,1,0,1,17127,0.0000
0x003e1300,FUN_003e1300,,pseudo_stub,44,2,46,17127,13.5000
0x00581610,0x00581610,,stub_code,0,1,1,17127,0.0000
0x0025dfd0,0x0025dfd0,,stub_code,1,1,2,17127,0.0000
0x004c19f0,0x004c19f0,,stub_code,0,3,3,17127,0.0000
0x005172c0,0x005172c0,,stub_code,0,1,1,17127,0.0000
0x0045ef40,0x0045ef40,,stub_code,1,3,4,17127,2.0000
0x005cc010,0x005cc010,,stub_code,0,0,0,1,0.0000
0x001defe0,0x001defe0,,stub_code,6,11,17,17127,0.0000
0x0051df30,0x0051df30,,stub_code,1,2,3,17127,84.1667
0x00557a40,0x00557a40,,,2,0,2,17127,0.0000
0x001ddeb0,0x001ddeb0,,stub_code,0,1,1,17127,0.0000
0x005f6380,0x005f6380,,stub_code,0,6,6,17127,0.0000
0x00154580,0x00154580,,stub_code,1,1,2,17127,0.0000
0x004afda0,0x004afda0,,stub_code,1,2,3,17127,0.0000
0x001c8b60,0x001c8b60,,stub_code,0,1,1,9,0.0000
0x00557170,0x00557170,,stub_code,0,2,2,17127,0.0000
0x003a96f0,0x003a96f0,,stub_code,2,3,5,17127,0.0000
0x002a4d90,0x002a4d90,,,1,0,1,17127,0.0000
0x005361b0,0x005361b0,,stub_code,0,2,2,17127,0.0000
0x002aef30,0x002aef30,,,1,0,1,17127,0.0000
0x002f1ed0,0x002f1ed0,,stub_code,2,2,4,17127,0.0000
0x00126830,0x00126830,,stub_code,0,0,0,1,0.0000
0x00306d20,0x00306d20,,stub_code,0,2,2,17127,0.0000
0x0017c880,0x0017c880,,stub_code,1,2,3,17127,0.0000
0x0035a610,0x0035a610,,stub_code,19,1,20,17127,0.0000
0x0059dc30,0x0059dc30,,stub_code,1,2,3,17127,0.0000
0x0014afb0,0x0014afb0,,stub_code,1,4,5,17127,0.0000
0x001c5070,0x001c5070,,stub_code,1,1,2,17127,0.0000
0x003f5e70,0x003f5e70,,,1,0,1,17127,0.0000
0x002bcd90,0x002bcd90,,,1,0,1,17127,0.0000
0x0040bc00,0x0040bc00,,stub_code,1,2,3,17127,10.0000
0x00307d10,0x00307d10,,stub_code,0,2,2,17127,0.0000
0x005fcc70,0x005fcc70,,stub_code,0,0,0,1,0.0000
0x004ab910,0x004ab910,,,2,0,2,17127,0.0000
0x00594fe0,0x00594fe0,,,1,0,1,2,0.0000
0x004c59b0,0x004c59b0,,stub_code,1,2,3,17127,0.0000
0x00456a60,0x00456a60,,stub_code,2,6,8,17127,1.5000
0x004a4da8,0x004a4da8,,stub_code,1,1,2,17127,0.5000
0x004b5a50,0x004b5a50,,,1,0,1,17127,0.0000
0x004cd4b0,0x004cd4b0,,stub_code,0,0,0,1,0.0000
0x00195410,0x00195410,,stub_code,1,17,18,17127,0.0000
0x005ee010,0x005ee010,,,2,0,2,17127,0.0000
0x005f1670,0x005f1670,,stub_code,0,5,5,17127,0.0000
0x001850a0,0x001850a0,,,1,0,1,17127,0.0000
0x0047bb80,0x0047bb80,,stub_code,4,2,6,17127,0.0000
0x005036b0,0x005036b0,,stub_code,0,1,1,17127,0.0000
0x00355d10,0x00355d10,,stub_code,0,9,9,17127,0.0000
0x003ba1a0,0x003ba1a0,,stub_code,1,2,3,17127,0.0000
0x001b7510,0x001b7510,,,3,0,3,4,0.0000
0x005eb4c0,0x005eb4c0,,,1,0,1,2,0.0000
0x003e9aa0,0x003e9aa0,,stub_code,1,15,16,17127,31.4833
0x00192840,0x00192840,,stub_code,0,1,1,17127,0.0000
0x004e82b0,0x004e82b0,,,2,0,2,17127,0.0000
0x002881f0,0x002881f0,,stub_code,0,1,1,17127,0.0000
0x0026cd30,0x0026cd30,,,3,0,3,17127,0.0000
0x005bfa30,0x005bfa30,,,1,0,1,17127,0.0000
0x00477e68,0x00477e68,,stub_code,1,1,2,17127,6.0000
0x00274860,0x00274860,,stub_code,0,3,3,17127,0.0000
0x00470208,0x00470208,,stub_code,1,4,5,17127,0.0000
0x00398850,0x00398850,,,1,0,1,17127,0.0000
0x00173600,0x00173600,,stub_code,0,1,1,17127,0.0000
0x0049a108,0x0049a108,,stub_code,1,5,6,17127,6.0000
0x00134e80,0x00134e80,,,1,0,1,17127,0.0000
0x003c5290,0x003c5290,,stub_code,1,3,4,17127,4.0000
0x005cfdb0,0x005cfdb0,,stub_code,0,3,3,17127,0.0000
0x004b5da8,0x004b5da8,,stub_code,0,4,4,17127,0.0000
0x006c9c30,0x006c9c30,,stub_code,0,3,3,17127,0.0000
0x00258f70,0x00258f70,,stub_code,0,1,1,17127,0.0000
0x004630a8,0x004630a8,,stub_code,2,2,4,17127,1.0000
0x0056a060,FUN_0056a060,,pseudo_stub,0,1,1,17127,0.0000
0x0036e2d0,0x0036e2d0,,stub_code,0,15,15,17127,0.0000
0x002af1e0,0x002af1e0,,,1,0,1,17127,0.0000
0x0015ba00,0x0015ba00,,,5,0,5,17127,0.0000
0x00479ed8,0x00479ed8,,stub_code,1,4,5,17127,0.0000
0x004b5c90,0x004b5c90,,stub_code,3,1,4,17127,0.0000
0x003a3300,0x003a3300,,stub_code,0,16,16,17127,0.0000
0x0040ef10,0x0040ef10,,stub_code,4,2,6,17127,4.0000
0x00389300,0x00389300,,stub_code,2,5,7,17127,2.0000
0x004cf3f0,0x004cf3f0,,,2,0,2,17127,0.0000
0x003b0c90,0x003b0c90,,stub_code,1,1,2,17127,0.0000
0x00426670,0x00426670,,,1,0,1,17127,0.0000
0x004b96a0,0x004b96a0,,,1,0,1,17127,0.0000
0x00381000,0x00381000,,,2,0,2,17127,0.0000
0x004ad638,0x004ad638,,,1,0,1,17127,0.0000
0x004e0b70,0x004e0b70,,stub_code,0,9,9,17127,0.0000
0x00347ed0,0x00347ed0,,stub_code,2,6,8,17127,0.0000
0x00314790,0x00314790,,,1,0,1,17127,0.0000
0x0051e6a0,0x0051e6a0,,,1,0,1,17127,0.0000
0x00329840,0x00329840,,stub_code,0,10,10,17127,0.0000
0x004a9ca8,0x004a9ca8,,,1,0,1,17127,0.0000
0x002b5620,0x002b5620,,stub_code,8,2,10,17127,4.0000
0x0028eec0,0x0028eec0,,stub_code,1,1,2,17127,0.0000
0x004c4d40,0x004c4d40,,stub_code,0,5,5,17127,0.0000
0x004de480,0x004de480,,stub_code,0,1,1,17127,0.0000
0x0034c900,0x0034c900,,stub_code,0,8,8,17127,0.0000
0x00594a70,0x00594a70,,,1,0,1,2,0.0000
0x002af060,0x002af060,,,1,0,1,17127,0.0000
0x004ecdb0,0x004ecdb0,,,1,0,1,17127,0.0000
0x004472b0,0x004472b0,,,1,0,1,17127,0.0000
0x004bb320,0x004bb320,,,3,0,3,17127,0.0000
0x002801c0,0x002801c0,,stub_code,0,1,1,17127,0.0000
0x002821c0,0x002821c0,,stub_code,0,1,1,17127,0.0000
0x00590730,0x00590730,,stub_code,6,2,8,17127,0.0000
0x00304620,0x00304620,,stub_code,1,3,4,17127,0.0000
0x003908f0,0x003908f0,,stub_code,1,4,5,17127,26.0000
0x00136050,0x00136050,,stub_code,28,0,28,17127,0.0000
0x002e1050,0x002e1050,,stub_code,0,18,18,17127,0.0000
0x0058cee0,0x0058cee0,,,13,0,13,17127,0.0000
0x00337f90,0x00337f90,,stub_code,0,3,3,17127,0.0000
0x00504400,0x00504400,,stub_code,0,1,1,17127,0.0000
0x00363b90,0x00363b90,,stub_code,1,1,2,17127,0.0000
0x002cf350,0x002cf350,,,2,0,2,17127,0.0000
0x004d5d40,0x004d5d40,,stub_code,0,4,4,17127,0.0000
0x003bd590,0x003bd590,,stub_code,1,7,8,17127,0.0000
0x005b0df0,0x005b0df0,,stub_code,0,1,1,17127,0.0000
0x00447f48,0x00447f48,,stub_code,0,1,1,17127,0.0000
0x00517be0,0x00517be0,,stub_code,4,1,5,17127,62.0000
0x00550c60,0x00550c60,,,2,0,2,17127,0.0000
0x00282860,0x00282860,,stub_code,0,3,3,17127,0.0000
0x0058a0b0,0x0058a0b0,,,2,0,2,17127,0.0000
0x001b8cc0,0x001b8cc0,,stub_code,5,1,6,17127,0.0000
0x005f0ba0,0x005f0ba0,,stub_code,0,6,6,17127,0.0000
0x00210410,0x00210410,,stub_code,2,6,8,17127,0.0000
0x00503ab0,0x00503ab0,,stub_code,109,0,109,17127,0.0000
0x0012da90,0x0012da90,,stub_code,0,0,0,1,0.0000
0x00357b40,0x00357b40,,,2,0,2,17127,0.0000
0x004e3780,0x004e3780,,stub_code,0,5,5,17127,0.0000
0x0043cf40,0x0043cf40,,,1,0,1,17127,0.0000
0x00542f10,0x00542f10,,stub_code,0,1,1,17127,0.0000
0x005f29d0,0x005f29d0,,stub_code,0,4,4,17127,0.0000
0x002cf9f0,0x002cf9f0,,,2,0,2,17127,0.0000
0x0054c9d0,0x0054c9d0,,stub_code,0,5,5,17127,0.0000
0x005451c0,0x005451c0,,stub_code,0,1,1,17127,0.0000
0x001aacd0,0x001aacd0,,stub_code,0,1,1,17127,0.0000
0x006ca6c0,0x006ca6c0,,stub_code,0,1,1,17127,0.0000
0x00591af0,0x00591af0,,stub_code,0,7,7,17127,0.0000
0x00327ba0,0x00327ba0,,stub_code,0,4,4,17127,0.0000
0x004eadd0,0x004eadd0,,stub_code,0,1,1,17127,0.0000
0x00533ec0,0x00533ec0,,stub_code,1,10,11,17127,0.0000
0x0021b140,0x0021b140,,stub_code,1,2,3,17127,0.0000
0x001081f0,0x001081f0,,stub_code,1,9,10,17127,0.0000
0x00422190,0x00422190,,,1,0,1,17127,0.0000
0x00525610,0x00525610,,stub_code,1,2,3,17127,0.0000
0x0032f060,0x0032f060,,stub_code,0,7,7,17127,0.0000
0x00498f30,0x00498f30,,,1,0,1,17127,0.0000
0x0056a730,0x0056a730,,stub_code,1,2,3,17127,0.0000
0x0025b7e0,0x0025b7e0,,stub_code,1,0,1,17127,0.0000
0x001a9c40,0x001a9c40,,stub_code,0,1,1,4,0.0000
0x003bfa90,0x003bfa90,,stub_code,1,0,1,17127,0.0000
0x00284310,0x00284310,,stub_code,0,4,4,17127,0.0000
0x00107050,0x00107050,,stub_code,0,7,7,17127,0.0000
0x005788f0,0x005788f0,,stub_code,0,3,3,17127,0.0000
0x00549300,0x00549300,,stub_code,0,4,4,17127,0.0000
0x004ea110,0x004ea110,,stub_code,1,2,3,17127,0.0000
0x0057a230,0x0057a230,,stub_code,0,8,8,17127,0.0000
0x00537820,0x00537820,,stub_code,0,3,3,17127,0.0000
0x004a35d8,0x004a35d8,,stub_code,2,1,3,17127,2.0000
0x00500230,0x00500230,,stub_code,1,3,4,17127,0.0000
0x00395920,0x00395920,,stub_code,3,1,4,17127,0.0000
0x005925f0,0x005925f0,,stub_code,3,2,5,17127,0.0000
0x001c6690,0x001c6690,,stub_code,0,1,1,9,0.0000
0x002e4fb0,0x002e4fb0,,stub_code,3,2,5,17127,3.0000
0x003ab0a0,0x003ab0a0,,stub_code,1,8,9,17127,0.0000
0x00312910,0x00312910,,stub_code,0,2,2,17127,0.0000
0x001a4120,0x001a4120,,,1,0,1,17127,0.0000
0x001c6910,0x001c6910,,stub_code,0,2,2,17127,0.0000
0x004fdc50,0x004fdc50,,,2,0,2,17127,0.0000
0x003579e0,0x003579e0,,stub_code,63,2,65,17127,1.5000
0x0050d130,0x0050d130,,stub_code,0,1,1,17127,0.0000
0x0024a520,0x0024a520,,stub_code,0,0,0,1,0.0000
0x005a6310,0x005a6310,,stub_code,0,1,1,17127,0.0000
0x004c9a40,0x004c9a40,,stub_code,0,2,2,17127,0.0000
0x001957e0,0x001957e0,,,1,0,1,17127,0.0000
0x003ae0e0,FUN_003ae0e0,math/spline,real_c,1,0,1,17127,0.0000
0x004cc210,0x004cc210,,stub_code,0,0,0,1,0.0000
0x001c9630,0x001c9630,,stub_code,0,4,4,17127,0.0000
0x005364b0,0x005364b0,,stub_code,0,5,5,17127,0.0000
0x001621e0,0x001621e0,,,1,0,1,17127,0.0000
0x002f62f0,0x002f62f0,,stub_code,0,1,1,17127,0.0000
0x00357cd0,0x00357cd0,,stub_code,1,1,2,17127,0.0000
0x0049de00,0x0049de00,,,1,0,1,17127,0.0000
0x00568580,0x00568580,,stub_code,0,1,1,17127,0.0000
0x004b0588,0x004b0588,,,1,0,1,17127,0.0000
0x00596ba0,0x00596ba0,,stub_code,0,3,3,17127,0.0000
0x00394790,0x00394790,,stub_code,0,3,3,17127,0.0000
0x00160b20,0x00160b20,,,4,0,4,17127,0.0000
0x004be9f0,0x004be9f0,,stub_code,0,1,1,17127,0.0000
0x00427470,0x00427470,,stub_code,0,5,5,17127,0.0000
0x00146490,0x00146490,,stub_code,0,1,1,17127,0.0000
0x001fdf10,0x001fdf10,,stub_code,0,0,0,1,0.0000
0x00294030,0x00294030,,stub_code,0,0,0,1,0.0000
0x001216b0,0x001216b0,,,2,0,2,17127,0.0000
0x0029cb40,0x0029cb40,,,1,0,1,17127,0.0000
0x00171ee0,0x00171ee0,,stub_code,0,0,0,1,0.0000
0x0019c8d0,0x0019c8d0,,stub_code,1,6,7,17127,0.0000
0x0047b4a8,0x0047b4a8,,stub_code,0,2,2,17127,0.0000
0x003ed040,0x003ed040,,stub_code,33,5,38,17127,11.1595
0x00196280,0x00196280,,stub_code,4,1,5,17127,1.0000
0x002966b0,0x002966b0,,stub_code,2,2,4,17127,0.0000
0x004c8490,0x004c8490,,stub_code,1,2,3,17127,0.0000
0x004e7970,0x004e7970,,stub_code,0,1,1,17127,0.0000
0x002531e0,0x002531e0,,stub_code,0,0,0,1,0.0000
0x005a57d0,0x005a57d0,,,1,0,1,2,0.0000
0x0033c8b0,0x0033c8b0,,stub_code,1,1,2,17127,0.0000
0x00169eb0,0x00169eb0,,stub_code,4,2,6,17127,0.0000
0x004e3640,0x004e3640,,,1,0,1,2,0.0000
0x00257730,0x00257730,,stub_code,1,0,1,17127,0.0000
0x0023fef0,0x0023fef0,,stub_code,0,3,3,17127,0.0000
0x0020bdd0,0x0020bdd0,,stub_code,1,0,1,17127,0.0000
0x004c68c0,0x004c68c0,,stub_code,0,3,3,17127,0.0000
0x00148010,0x00148010,,stub_code,1,1,2,17127,0.0000
0x0043d690,0x0043d690,,stub_code,4,3,7,17127,1.0000
0x002e95c0,0x002e95c0,,stub_code,2,3,5,17127,1.0000
0x0034c4a0,0x0034c4a0,,,1,0,1,17127,0.0000
0x003d9fc0,0x003d9fc0,,stub_code,1,2,3,17127,0.0000
0x0024fe00,0x0024fe00,,stub_code,0,0,0,1,0.0000
0x002628a0,0x002628a0,,stub_code,2,2,4,17127,0.0000
0x004f0710,0x004f0710,,stub_code,1,0,1,17127,0.0000
0x001f4180,0x001f4180,,stub_code,1,3,4,17127,0.0000
0x0029a150,0x0029a150,,,1,0,1,17127,0.0000
0x0012c300,0x0012c300,,,1,0,1,17127,0.0000
0x0046f890,0x0046f890,,,1,0,1,17127,0.0000
0x0030a890,0x0030a890,,stub_code,0,4,4,17127,0.0000
0x0050f380,0x0050f380,,,1,0,1,17127,0.0000
0x0036c890,0x0036c890,,,1,0,1,17127,0.0000
0x00372ae0,0x00372ae0,,stub_code,1,18,19,17127,0.0000
0x0010e940,0x0010e940,,stub_code,1,3,4,17127,0.0000
0x004a6ff0,0x004a6ff0,,stub_code,1,3,4,17127,0.0000
0x005a37f0,0x005a37f0,,,2,0,2,17127,0.0000
0x0014b8d0,FUN_0014b8d0,,pseudo_stub,0,2,2,17127,0.0000
0x005fce00,0x005fce00,,,15,0,15,17127,0.0000
0x00576510,0x00576510,,stub_code,0,2,2,17127,0.0000
0x001ba1a0,0x001ba1a0,,stub_code,1,2,3,17127,0.0000
0x00359d20,0x00359d20,,stub_code,1,27,28,17127,0.0000
0x00478dc0,FUN_00478dc0,,pseudo_stub,0,0,0,1,0.0000
0x0018a970,0x0018a970,,stub_code,0,4,4,17127,0.0000
0x004c2290,0x004c2290,,,2,0,2,17127,0.0000
0x0026cd50,0x0026cd50,,stub_code,3,2,5,17127,2.0000
0x00420540,0x00420540,,stub_code,1,4,5,17127,0.0000
0x0023f1f0,0x0023f1f0,,stub_code,0,0,0,1,0.0000
0x0034daa0,0x0034daa0,,stub_code,0,4,4,17127,0.0000
0x002ef860,0x002ef860,,stub_code,0,1,1,17127,0.0000
0x005fb0a0,0x005fb0a0,,stub_code,0,1,1,17127,0.0000
0x00174570,0x00174570,,stub_code,1,2,3,17127,0.0000
0x00514e80,0x00514e80,,stub_code,0,4,4,17127,0.0000
0x004a03b0,0x004a03b0,,stub_code,1,2,3,17127,0.0000
0x00548d20,0x00548d20,,stub_code,0,1,1,17127,0.0000
0x00279940,0x00279940,,,1,0,1,17127,0.0000
0x001a8c90,0x001a8c90,,,1,0,1,2,0.0000
0x004f76c0,0x004f76c0,,stub_code,1,1,2,17127,0.0000
0x00116430,0x00116430,,stub_code,1,5,6,17127,0.0000
0x0027e5f0,0x0027e5f0,,,1,0,1,17127,0.0000
0x00340290,0x00340290,,,1,0,1,17127,0.0000
0x002dfb80,0x002dfb80,,stub_code,1,1,2,17127,0.0000
0x0040d770,0x0040d770,,,2,0,2,17127,0.0000
0x001a6b70,0x001a6b70,,stub_code,4,1,5,17127,0.0000
0x00114be0,0x00114be0,,stub_code,2,2,4,17127,0.0000
0x00146f30,0x00146f30,,stub_code,13,2,15,17127,0.0000
0x004eed30,0x004eed30,,,2,0,2,17127,0.0000
0x005b8e10,0x005b8e10,,stub_code,0,1,1,2,0.0000
0x0037c430,0x0037c430,,stub_code,1,11,12,17127,0.0000
0x00315bc0,0x00315bc0,,stub_code,1,2,3,17127,0.0000
0x00309780,0x00309780,,stub_code,1,2,3,17127,0.0000
0x00278b10,0x00278b10,,,1,0,1,17127,0.0000
0x002f97b0,0x002f97b0,,,5,0,5,17127,0.0000
0x0059bd30,0x0059bd30,,stub_code,0,5,5,17127,0.0000
0x0049dbe8,0x0049dbe8,,stub_code,0,5,5,17127,0.0000
0x004279e0,0x004279e0,,stub_code,4,2,6,17127,0.0000
0x001275a0,0x001275a0,,stub_code,0,1,1,17127,0.0000
0x005af350,0x005af350,,stub_code,1,2,3,17127,0.0000
0x0028ada0,0x0028ada0,,stub_code,0,1,1,17127,0.0000
0x00515f00,0x00515f00,,,1,0,1,17127,0.0000
0x0049a4f8,0x0049a4f8,,stub_code,0,4,4,17127,0.0000
0x00544600,0x00544600,,stub_code,2,2,4,17127,0.0000
0x0040b1b0,0x0040b1b0,,,1,0,1,17127,0.0000
0x005aebd0,0x005aebd0,,stub_code,0,2,2,17127,0.0000
0x001088f0,0x001088f0,,,1,0,1,17127,0.0000
0x00304890,0x00304890,,stub_code,1,7,8,17127,0.0000
0x0029d500,0x0029d500,,,1,0,1,17127,0.0000
0x004bb880,0x004bb880,,,3,0,3,17127,0.0000
0x00340580,0x00340580,,stub_code,1,2,3,17127,0.0000
0x003d8a90,0x003d8a90,,stub_code,1,4,5,17127,0.0000
0x004b86b0,0x004b86b0,,,2,0,2,17127,0.0000
0x004c6d50,0x004c6d50,,stub_code,0,1,1,17127,0.0000
0x004aba88,0x004aba88,,,1,0,1,17127,0.0000
0x002366c0,FUN_002366c0,,real_logic,1,0,1,17127,0.0000
0x00506400,0x00506400,,,17,0,17,17127,0.0000
0x003c76c0,0x003c76c0,,,1,0,1,17127,0.0000
0x00591100,0x00591100,,,8,0,8,17127,0.0000
0x001e7580,0x001e7580,,,8,0,8,17127,0.0000
0x00427e80,0x00427e80,,,1,0,1,17127,0.0000
0x002f2a80,0x002f2a80,,,2,0,2,17127,0.0000
0x0053dc40,0x0053dc40,,,1,0,1,2,0.0000
0x003fc2e8,0x003fc2e8,,,1,0,1,17127,0.0000
0x005523f0,0x005523f0,,stub_code,0,2,2,17127,0.0000
0x00203410,0x00203410,,,1,0,1,17127,0.0000
0x00276e00,0x00276e00,,stub_code,0,2,2,17127,0.0000
0x004baa20,0x004baa20,,,1,0,1,17127,0.0000
0x0053ab40,0x0053ab40,,,3,0,3,17127,0.0000
0x00125260,0x00125260,,,1,0,1,17127,0.0000
0x001e9a50,0x001e9a50,,stub_code,2,2,4,17127,0.0000
0x0057a4b0,0x0057a4b0,,,6,0,6,17127,0.0000
0x002477b0,0x002477b0,,stub_code,1,1,2,17127,0.0000
0x004075f0,FUN_004075f0,core/containers,real_c,1,0,1,6,0.0000
0x003bf000,0x003bf000,,stub_code,1,11,12,17127,0.0000
0x002efd50,0x002efd50,,stub_code,0,5,5,17127,0.0000
0x00112450,0x00112450,,,2,0,2,17127,0.0000
0x00442d08,0x00442d08,,stub_code,0,7,7,17127,0.0000
0x0042cd18,FUN_0042cd18,,real_logic,1,4,5,17127,5.0000
0x004d5270,0x004d5270,,stub_code,4,2,6,17127,2.0000
0x003f2400,0x003f2400,,stub_code,1,3,4,17127,0.0000
0x004c5e00,0x004c5e00,,stub_code,0,7,7,17127,0.0000
0x0029ccc0,0x0029ccc0,,,1,0,1,17127,0.0000
0x004f49c0,0x004f49c0,,stub_code,4,0,4,17127,0.0000
0x0056e8f0,0x0056e8f0,,,1,0,1,3,0.0000
0x0059d320,0x0059d320,,stub_code,0,1,1,2,0.0000
0x001c0d60,0x001c0d60,,stub_code,1,9,10,17127,0.0000
0x00287fd0,0x00287fd0,,stub_code,1,2,3,17127,0.0000
0x004a1880,0x004a1880,,,1,0,1,17127,0.0000
0x005b8600,0x005b8600,,stub_code,1,3,4,17127,0.0000
0x00543030,0x00543030,,stub_code,1,1,2,17127,9.0000
0x004a1658,0x004a1658,,,1,0,1,17127,0.0000
0x004ba340,0x004ba340,,stub_code,0,1,1,17127,0.0000
0x0029a700,0x0029a700,,stub_code,3,2,5,17127,0.0000
0x00551300,0x00551300,,stub_code,0,6,6,17127,0.0000
0x00484b80,0x00484b80,,stub_code,1,1,2,17127,0.0000
0x004cd670,0x004cd670,,stub_code,2,1,3,17127,0.0000
0x00128300,0x00128300,,stub_code,1,0,1,17127,0.0000
0x004b1790,0x004b1790,,,1,0,1,17127,0.0000
0x00350ca0,0x00350ca0,,stub_code,0,12,12,17127,0.0000
0x00416fd0,0x00416fd0,,stub_code,4,1,5,17127,5.0000
0x002b1600,0x002b1600,,stub_code,1,2,3,17127,0.0000
0x0030b8a0,0x0030b8a0,,stub_code,0,1,1,17127,0.0000
0x00270d50,0x00270d50,,stub_code,0,1,1,17127,0.0000
0x00570840,0x00570840,,stub_code,0,1,1,17127,0.0000
0x00212e90,0x00212e90,,stub_code,0,2,2,17127,0.0000
0x00182660,0x00182660,,,1,0,1,17127,0.0000
0x0047d5a0,0x0047d5a0,,stub_code,0,7,7,17127,0.0000
0x0010cdd0,0x0010cdd0,,stub_code,0,0,0,1,0.0000
0x002a3ca0,0x002a3ca0,,stub_code,2,1,3,17127,0.0000
0x00250d60,0x00250d60,,stub_code,0,1,1,15,0.0000
0x0036b690,0x0036b690,,,1,0,1,17127,0.0000
0x00428658,0x00428658,,,2,0,2,17127,0.0000
0x0024eb20,0x0024eb20,,stub_code,0,2,2,17127,0.0000
0x0042c740,FUN_0042c740,,real_logic,2,3,5,17127,0.0000
0x00307720,0x00307720,,stub_code,1,3,4,17127,0.0000
0x005967f0,0x005967f0,,stub_code,0,1,1,2,0.0000
0x00364120,0x00364120,,stub_code,0,2,2,17127,0.0000
0x00471a68,0x00471a68,,stub_code,1,4,5,17127,3.5000
0x002ef730,0x002ef730,,,3,0,3,17127,0.0000
0x0031dca0,0x0031dca0,,stub_code,0,4,4,17127,0.0000
0x005e87a0,0x005e87a0,,stub_code,0,1,1,17127,0.0000
0x003481f0,0x003481f0,,,1,0,1,17127,0.0000
0x001b1d80,0x001b1d80,,stub_code,2,0,2,17127,0.0000
0x003466c0,0x003466c0,,stub_code,0,1,1,17127,0.0000
0x001aecd0,0x001aecd0,,stub_code,1,0,1,17127,0.0000
0x00350c30,0x00350c30,,stub_code,0,2,2,17127,0.0000
0x002b0100,0x002b0100,,stub_code,2,1,3,17127,0.0000
0x004c58d0,0x004c58d0,,stub_code,0,6,6,17127,0.0000
0x004aa0c0,0x004aa0c0,,stub_code,1,1,2,17127,0.0000
0x00115c50,0x00115c50,,stub_code,2,2,4,17127,0.0000
0x002d19e0,0x002d19e0,,stub_code,1,3,4,17127,0.0000
0x004a2340,0x004a2340,,,1,0,1,17127,0.0000
0x00510690,0x00510690,,stub_code,3,1,4,17127,0.0000
0x00192650,0x00192650,,stub_code,1,2,3,17127,0.0000
0x001dd5f0,0x001dd5f0,,stub_code,1,0,1,17127,0.0000
0x0054a160,0x0054a160,,stub_code,0,1,1,17127,0.0000
0x00270690,0x00270690,,stub_code,0,5,5,17127,0.0000
0x004daf30,0x004daf30,,stub_code,0,4,4,17127,0.0000
0x001163a0,0x001163a0,,stub_code,1,2,3,17127,0.0000
0x005679c0,0x005679c0,,,1,0,1,2,0.0000
0x0058f290,0x0058f290,,stub_code,2,2,4,17127,0.0000
0x00570610,0x00570610,,stub_code,0,1,1,2,0.0000
0x003db0d0,0x003db0d0,,stub_code,2,3,5,17127,6.7500
0x004c2d70,0x004c2d70,,stub_code,0,1,1,17127,0.0000
0x003770e0,0x003770e0,,stub_code,2,1,3,17127,0.0000
0x004bb970,0x004bb970,,stub_code,0,1,1,17127,0.0000
0x0028fbf0,0x0028fbf0,,stub_code,0,6,6,17127,0.0000
0x00548670,0x00548670,,,3,0,3,17127,0.0000
0x00147430,0x00147430,,stub_code,0,1,1,17127,0.0000
0x0035a800,0x0035a800,,stub_code,13,5,18,17127,0.0000
0x001c8f10,0x001c8f10,,stub_code,1,1,2,17127,0.0000
0x004d9970,0x004d9970,,stub_code,2,2,4,17127,0.0000
0x0050edb0,0x0050edb0,,,2,0,2,17127,0.0000
0x005976f0,0x005976f0,,stub_code,0,1,1,2,0.0000
0x005d5800,0x005d5800,,,6,0,6,17127,0.0000
0x00392f00,0x00392f00,,stub_code,1,1,2,17127,63.0000
0x0043d6f8,0x0043d6f8,,stub_code,4,3,7,17127,2.0000
0x00421ba0,0x00421ba0,,,2,0,2,17127,0.0000
0x0046fda0,0x0046fda0,,stub_code,1,3,4,17127,0.0000
0x00287860,0x00287860,,stub_code,0,1,1,17127,0.0000
0x001c3010,0x001c3010,,stub_code,3,3,6,17127,0.0000
0x002ebc30,0x002ebc30,,stub_code,3,2,5,17127,0.0000
0x00475568,FUN_00475568,,pseudo_stub,0,1,1,17127,0.0000
0x00105d30,0x00105d30,,stub_code,0,4,4,17127,0.0000
0x00130be0,0x00130be0,,stub_code,0,4,4,17127,0.0000
0x001851a0,0x001851a0,,stub_code,2,1,3,17127,5.3333
0x0040f810,0x0040f810,,,4,0,4,17127,0.0000
0x004f61b0,0x004f61b0,,stub_code,1,1,2,17127,0.0000
0x00104270,0x00104270,,stub_code,4,3,7,17127,0.0000
0x003710b0,0x003710b0,,stub_code,1,8,9,17127,0.0000
0x00263490,0x00263490,,stub_code,2,9,11,17127,0.0000
0x0049c0f0,0x0049c0f0,,,1,0,1,17127,0.0000
0x001dda70,0x001dda70,,stub_code,0,3,3,17127,0.0000
0x0049fc40,0x0049fc40,,stub_code,0,1,1,17127,0.0000
0x0011b7e0,0x0011b7e0,,,2,0,2,17127,0.0000
0x00557d90,0x00557d90,,stub_code,0,0,0,1,0.0000
0x005d8550,0x005d8550,,,8,0,8,17127,0.0000
0x00464e50,0x00464e50,,,5,0,5,17127,0.0000
0x0039a9a0,0x0039a9a0,,stub_code,0,1,1,17127,0.0000
0x0049b590,0x0049b590,,stub_code,0,1,1,17127,0.0000
0x002602b0,0x002602b0,,stub_code,0,0,0,1,0.0000
0x001f3a00,0x001f3a00,,stub_code,1,2,3,17127,0.0000
0x001295e0,0x001295e0,,stub_code,0,2,2,17127,0.0000
0x0016e940,0x0016e940,,,1,0,1,17127,0.0000
0x0045b2f8,0x0045b2f8,,stub_code,0,1,1,17127,0.0000
0x00322e30,0x00322e30,,stub_code,0,1,1,17127,0.0000
0x001487b0,0x001487b0,,stub_code,1,1,2,17127,0.0000
0x003b7660,0x003b7660,,stub_code,1,1,2,17127,0.0000
0x00471808,0x00471808,,stub_code,1,11,12,17127,10.5000
0x004aebd8,0x004aebd8,,stub_code,1,2,3,17127,2.0000
0x005043c0,0x005043c0,,,1,0,1,2,0.0000
0x002422e0,0x002422e0,,stub_code,1,2,3,17127,0.0000
0x005a9f50,0x005a9f50,,stub_code,0,5,5,17127,0.0000
0x0037a530,0x0037a530,,stub_code,1,3,4,17127,51.0000
0x004cf810,0x004cf810,,stub_code,0,5,5,17127,0.0000
0x005cb750,0x005cb750,,stub_code,0,5,5,17127,0.0000
0x0014c220,0x0014c220,,stub_code,0,1,1,2,0.0000
0x0023bdb0,0x0023bdb0,,stub_code,2,8,10,17127,6.0000
0x0042d238,0x0042d238,,stub_code,1,1,2,17127,0.0000
0x003aaa60,0x003aaa60,,stub_code,0,4,4,17127,0.0000
0x004fec60,0x004fec60,,stub_code,1,7,8,17127,0.0000
0x005a4e50,0x005a4e50,,stub_code,1,2,3,17127,11.4000
0x004fdcc0,0x004fdcc0,,stub_code,1,1,2,17127,0.0000
0x001fae40,0x001fae40,,stub_code,0,0,0,1,0.0000
0x001b0de0,0x001b0de0,,,24,0,24,17127,0.0000
0x005d1c30,0x005d1c30,,stub_code,1,1,2,17127,0.0000
0x0049b280,0x0049b280,,stub_code,2,2,4,17127,0.0000
0x004cb910,0x004cb910,,stub_code,0,1,1,2,0.0000
0x005ef690,0x005ef690,,stub_code,0,5,5,17127,0.0000
0x002400a0,0x002400a0,,stub_code,0,1,1,17127,0.0000
0x002f73a0,0x002f73a0,,stub_code,0,5,5,17127,0.0000
0x0038e2a0,0x0038e2a0,,stub_code,1,2,3,17127,2.0000
0x00251030,0x00251030,,stub_code,0,2,2,17127,0.0000
0x004c1c40,0x004c1c40,,stub_code,1,2,3,17127,0.0000
0x002bcda0,0x002bcda0,,stub_code,1,1,2,17127,0.0000
0x004010c0,0x004010c0,,stub_code,1,5,6,17127,0.0000
0x00449110,0x00449110,,stub_code,1,2,3,17127,0.0000
0x0036bf70,0x0036bf70,,stub_code,3,6,9,17127,4.7000
0x00284540,0x00284540,,stub_code,0,5,5,17127,0.0000
0x002f1cd0,0x002f1cd0,,stub_code,2,2,4,17127,0.0000
0x004aed08,0x004aed08,,stub_thunk,1,0,1,17127,0.0000
0x0051fce0,0x0051fce0,,stub_code,0,0,0,1,0.0000
0x0049da68,0x0049da68,,stub_code,0,5,5,17127,0.0000
0x005f5050,0x005f5050,,stub_code,0,4,4,17127,0.0000
0x0014c0e0,0x0014c0e0,,stub_code,0,0,0,1,0.0000
0x003f9cd0,0x003f9cd0,,stub_code,0,3,3,17127,0.0000
0x004f5ee0,0x004f5ee0,,stub_code,2,8,10,17127,0.0000
0x003015b0,0x003015b0,,stub_code,0,1,1,17127,0.0000
0x0026ef40,0x0026ef40,,stub_code,0,1,1,17127,0.0000
0x00195cd0,FUN_00195cd0,,real_logic,2,0,2,17127,0.0000
0x0012f640,0x0012f640,,,6,0,6,17127,0.0000
0x00123850,0x00123850,,stub_code,1,1,2,17127,0.0000
0x001c6ae0,0x001c6ae0,,stub_code,1,1,2,17127,0.0000
0x004916a8,0x004916a8,,stub_code,0,2,2,17127,0.0000
0x00144d30,0x00144d30,,stub_code,1,1,2,17127,0.0000
0x002c7b90,0x002c7b90,,stub_code,1,1,2,17127,0.0000
0x005e2ab0,0x005e2ab0,,stub_code,0,9,9,17127,0.0000
0x0037fa50,0x0037fa50,,,1,0,1,17127,0.0000
0x003bd7f0,0x003bd7f0,,stub_code,1,1,2,17127,0.0000
0x004ac8a8,0x004ac8a8,,,7,0,7,17127,0.0000
0x00429820,FUN_00429820,,real_logic,1,1,2,17127,0.0000
0x00547110,0x00547110,,stub_code,0,1,1,17127,0.0000
0x00380fc0,0x00380fc0,,,1,0,1,17127,0.0000
0x00272e20,0x00272e20,,stub_code,2,2,4,17127,0.0000
0x003337a0,0x003337a0,,stub_code,0,2,2,17127,0.0000
0x004e7a00,0x004e7a00,,stub_code,0,3,3,17127,0.0000
0x0032c8f0,0x0032c8f0,,stub_code,0,5,5,17127,0.0000
0x005a66b0,0x005a66b0,,stub_code,0,9,9,17127,0.0000
0x0014ec90,0x0014ec90,,stub_code,1,5,6,17127,0.0000
0x0057fcc0,0x0057fcc0,,stub_code,0,1,1,6,0.0000
0x00201c70,0x00201c70,,stub_code,2,2,4,17127,0.0000
0x005b2290,0x005b2290,,stub_code,1,3,4,17127,0.0000
0x0043fd58,0x0043fd58,,,6,0,6,17127,0.0000
0x004f0b80,0x004f0b80,,stub_code,0,0,0,1,0.0000
0x001a6970,0x001a6970,,stub_code,1,3,4,17127,0.0000
0x00593220,0x00593220,,,1,0,1,17127,0.0000
0x004de130,0x004de130,,stub_code,0,1,1,17127,0.0000
0x002e30a0,0x002e30a0,,stub_code,0,1,1,17127,0.0000
0x001bf0f0,0x001bf0f0,,stub_code,0,1,1,17127,0.0000
0x00470950,0x00470950,,stub_thunk,0,0,0,1,0.0000
0x004ae770,0x004ae770,,stub_code,0,2,2,17127,0.0000
0x005bed40,0x005bed40,,stub_code,1,5,6,17127,2.0000
0x00567aa0,0x00567aa0,,stub_code,1,1,2,17127,2.3333
0x001e6230,0x001e6230,,stub_code,3,6,9,17127,0.0000
0x0054d270,0x0054d270,,,1,0,1,17127,0.0000
0x004b4e68,0x004b4e68,,stub_code,0,1,1,17127,0.0000
0x003ec060,0x003ec060,,,7,0,7,17127,0.0000
0x0013ddf0,0x0013ddf0,,stub_code,1,2,3,17127,0.0000
0x005aaa70,0x005aaa70,,stub_code,0,10,10,17127,0.0000
0x001ba400,0x001ba400,,stub_code,0,3,3,17127,0.0000
0x00496df0,0x00496df0,,,1,0,1,17127,0.0000
0x00553b10,0x00553b10,,,1,0,1,17127,0.0000
0x0059ff50,0x0059ff50,,stub_code,0,1,1,2,0.0000
0x00229050,0x00229050,,stub_code,1,3,4,17127,0.0000
0x005ce4b0,0x005ce4b0,,,1,0,1,17127,0.0000
0x003e8ef0,0x003e8ef0,,stub_code,2,7,9,17127,55.3333
0x00445a40,0x00445a40,,,1,0,1,17127,0.0000
0x00321570,0x00321570,,,2,0,2,17127,0.0000
0x0034cc20,0x0034cc20,,stub_code,0,20,20,17127,0.0000
0x0023eef0,0x0023eef0,,stub_code,1,10,11,17127,0.0000
0x005f2190,0x005f2190,,,3,0,3,17127,0.0000
0x00367960,0x00367960,,stub_code,2,3,5,17127,0.0000
0x003ea320,0x003ea320,,stub_code,4,12,16,17127,7.3333
0x005aa440,0x005aa440,,stub_code,1,2,3,17127,0.0000
0x00481ab0,0x00481ab0,,,1,0,1,17127,0.0000
0x0050f2d0,FUN_0050f2d0,,pseudo_stub,0,0,0,1,0.0000
0x004e0380,0x004e0380,,stub_code,0,1,1,17127,0.0000
0x0023edf0,0x0023edf0,,stub_code,1,2,3,17127,0.0000
0x003af250,0x003af250,,stub_code,2,2,4,17127,0.0000
0x00310d30,0x00310d30,,stub_code,0,1,1,17127,0.0000
0x003df610,0x003df610,,,8,0,8,17127,0.0000
0x005d8e60,0x005d8e60,,stub_code,1,8,9,17127,0.0000
0x005dec20,0x005dec20,,stub_code,0,10,10,17127,0.0000
0x00155b40,0x00155b40,,stub_code,0,0,0,1,0.0000
0x0017c860,0x0017c860,,,11,0,11,17127,0.0000
0x002514f0,0x002514f0,,stub_code,0,0,0,1,0.0000
0x0053bca0,0x0053bca0,,stub_code,1,1,2,17127,0.6667
0x001a68d0,0x001a68d0,,,2,0,2,17127,0.0000
0x0027cc90,0x0027cc90,,,1,0,1,17127,0.0000
0x00331870,0x00331870,,stub_code,0,5,5,17127,0.0000
0x0026cf20,0x0026cf20,,,1,0,1,17127,0.0000
0x002f19d0,0x002f19d0,,stub_code,5,2,7,17127,0.0000
0x004acb90,0x004acb90,,stub_code,0,1,1,17127,0.0000
0x00216a60,0x00216a60,,,14,0,14,17127,0.0000
0x002708f0,0x002708f0,,stub_code,0,1,1,17127,0.0000
0x002b8bd0,0x002b8bd0,,stub_code,0,1,1,17127,0.0000
0x002f0a80,0x002f0a80,,stub_code,0,5,5,17127,0.0000
0x0047b440,0x0047b440,,,1,0,1,17127,0.0000
0x001ad0b0,0x001ad0b0,,stub_code,1,1,2,17127,0.0000
0x00253510,0x00253510,,stub_code,0,0,0,1,0.0000
0x00154aa0,0x00154aa0,,stub_code,0,15,15,17127,0.0000
0x004b85d0,0x004b85d0,,stub_code,1,2,3,17127,0.0000
0x00293550,0x00293550,,stub_code,0,5,5,17127,0.0000
0x0031a640,0x0031a640,,stub_code,1,6,7,17127,0.0000
0x00326ff0,0x00326ff0,,stub_code,1,6,7,17127,0.0000
0x002ce9b0,0x002ce9b0,,,1,0,1,17127,0.0000
0x0059e570,0x0059e570,,stub_code,0,5,5,17127,0.0000
0x0036a890,0x0036a890,,stub_code,0,1,1,17127,0.0000
0x00269b10,0x00269b10,,stub_code,3,9,12,17127,0.0000
0x0023aa10,0x0023aa10,,stub_code,1,1,2,17127,0.0000
0x002470e0,FUN_002470e0,,real_logic,2,0,2,17127,0.0000
0x005b93e0,0x005b93e0,,stub_code,1,2,3,17127,0.0000
0x002f6540,0x002f6540,,stub_code,0,1,1,17127,0.0000
0x0039aa60,0x0039aa60,,stub_code,0,2,2,17127,0.0000
0x00475600,FUN_00475600,,pseudo_stub,0,1,1,17127,0.0000
0x00396a90,0x00396a90,,stub_code,4,5,9,17127,14.0000
0x0043a388,0x0043a388,,stub_code,1,4,5,17127,0.0000
0x0019d450,0x0019d450,,stub_code,0,1,1,17127,0.0000
0x00520430,0x00520430,,stub_code,4,0,4,17127,0.0000
0x003596b0,0x003596b0,,stub_code,1,1,2,17127,0.0000
0x0055ad60,0x0055ad60,,stub_code,1,5,6,17127,0.0000
0x00303d60,0x00303d60,,stub_code,1,0,1,17127,0.0000
0x004bc410,0x004bc410,,,3,0,3,17127,0.0000
0x0038dec0,0x0038dec0,,,2,0,2,17127,0.0000
0x001f2570,0x001f2570,,stub_code,0,9,9,17127,0.0000
0x0047f210,0x0047f210,,stub_code,0,8,8,17127,0.0000
0x004ab7d0,0x004ab7d0,,stub_code,1,3,4,17127,0.0000
0x00276980,0x00276980,,stub_code,0,1,1,17127,0.0000
0x00484c30,0x00484c30,,,1,0,1,17127,0.0000
0x003c2900,0x003c2900,,stub_code,5,6,11,17127,0.0000
0x004d1bf0,0x004d1bf0,,stub_code,0,2,2,17127,0.0000
0x005a30e0,0x005a30e0,,stub_code,0,5,5,17127,0.0000
0x00237c70,0x00237c70,,stub_code,5,1,6,17127,3.4000
0x0026f5c0,0x0026f5c0,,stub_code,19,3,22,17127,0.0000
0x00320ee0,0x00320ee0,,stub_code,0,1,1,17127,0.0000
0x002e5a10,0x002e5a10,,stub_code,1,4,5,17127,0.0000
0x004d1de0,0x004d1de0,,stub_code,0,1,1,17127,0.0000
0x005443b0,0x005443b0,,stub_code,0,5,5,17127,0.0000
0x00497130,0x00497130,,,1,0,1,17127,0.0000
0x003b99c0,0x003b99c0,,stub_code,2,9,11,17127,0.0000
0x00578a90,0x00578a90,,,3,0,3,17127,0.0000
0x0052eeb0,0x0052eeb0,,stub_code,0,7,7,17127,0.0000
0x002f9900,0x002f9900,,,1,0,1,17127,0.0000
0x00293ac0,0x00293ac0,,stub_code,0,1,1,17127,0.0000
0x002029e0,0x002029e0,,,1,0,1,17127,0.0000
0x00497720,0x00497720,,,2,0,2,17127,0.0000
0x00210a50,0x00210a50,,stub_code,1,2,3,17127,0.0000
0x004747b8,0x004747b8,,stub_code,3,10,13,17127,0.0000
0x00534030,0x00534030,,stub_code,1,0,1,17127,0.0000
0x00259e20,0x00259e20,,stub_code,0,1,1,17127,0.0000
0x001336a0,0x001336a0,,stub_code,0,1,1,17127,0.0000
0x004a68f8,0x004a68f8,,stub_code,1,1,2,17127,0.0000
0x0038ed80,0x0038ed80,,stub_code,1,2,3,17127,0.0000
0x00399000,0x00399000,,,1,0,1,17127,0.0000
0x003bfde0,0x003bfde0,,stub_code,1,2,3,17127,28.0000
0x005bab30,0x005bab30,,stub_code,0,2,2,17127,0.0000
0x00508410,0x00508410,,stub_code,0,1,1,17127,0.0000
0x00317b40,0x00317b40,,,1,0,1,17127,0.0000
0x005c9090,0x005c9090,,stub_code,2,6,8,17127,0.0000
0x005ec1d0,0x005ec1d0,,stub_code,1,7,8,17127,0.0000
0x004370f0,0x004370f0,,stub_code,1,2,3,17127,0.0000
0x001824b0,0x001824b0,,stub_code,0,2,2,17127,0.0000
0x00474cb0,0x00474cb0,,,5,0,5,17127,0.0000
0x00449070,FUN_00449070,,pseudo_stub,3,1,4,17127,3.0000
0x0049f288,0x0049f288,,stub_code,0,6,6,17127,0.0000
0x0033ca70,0x0033ca70,,,1,0,1,17127,0.0000
0x004e72a0,0x004e72a0,,stub_code,0,3,3,17127,0.0000
0x002ce670,0x002ce670,,stub_code,0,0,0,1,0.0000
0x00345190,0x00345190,,stub_code,1,0,1,17127,0.0000
0x004eed40,0x004eed40,,,2,0,2,17127,0.0000
0x003ff870,0x003ff870,,stub_code,0,2,2,17127,0.0000
0x00322920,0x00322920,,,1,0,1,17127,0.0000
0x0017fcf0,0x0017fcf0,,stub_code,0,1,1,17127,0.0000
0x004b5460,0x004b5460,,stub_code,0,3,3,17127,0.0000
0x00599a80,0x00599a80,,,3,0,3,17127,0.0000
0x005e4f30,0x005e4f30,,stub_code,0,2,2,17127,0.0000
0x005d4cf0,0x005d4cf0,,stub_code,0,1,1,17127,0.0000
0x00511bb0,0x00511bb0,,stub_code,5,1,6,17127,1.0000
0x00494910,0x00494910,,stub_code,0,2,2,17127,0.0000
0x002f2a70,0x002f2a70,,,3,0,3,17127,0.0000
0x00568f40,0x00568f40,,stub_code,0,6,6,17127,0.0000
0x004ddea0,0x004ddea0,,stub_code,0,4,4,17127,0.0000
0x00114b60,0x00114b60,,,12,0,12,17127,0.0000
0x00506670,0x00506670,,,3,0,3,17127,0.0000
0x00293120,0x00293120,,stub_code,1,1,2,17127,0.0000
0x0028edc0,0x0028edc0,,,1,0,1,17127,0.0000
0x0030e630,0x0030e630,,stub_code,0,3,3,17127,0.0000
0x0031ab10,0x0031ab10,,stub_code,2,3,5,17127,0.0000
0x005d9180,0x005d9180,,stub_code,0,1,1,17127,0.0000
0x002f3320,0x002f3320,,stub_code,0,7,7,17127,0.0000
0x00466ea0,0x00466ea0,,stub_code,0,1,1,17127,0.0000
0x00306b70,0x00306b70,,stub_code,0,1,1,17127,0.0000
0x002b0470,0x002b0470,,stub_code,2,1,3,17127,0.0000
0x004bf620,0x004bf620,,stub_code,0,6,6,17127,0.0000
0x0046e8a8,0x0046e8a8,,stub_code,3,11,14,17127,28.3333
0x00389bb0,0x00389bb0,,stub_code,1,0,1,17127,0.0000
0x0024d020,0x0024d020,,stub_code,0,0,0,1,0.0000
0x005d8260,0x005d8260,,stub_code,9,2,11,17127,0.0000
0x003c2ce0,0x003c2ce0,,,1,0,1,17127,0.0000
0x005efb30,0x005efb30,,stub_code,0,4,4,17127,0.0000
0x002728a0,0x002728a0,,,2,0,2,17127,0.0000
0x00567bf0,0x00567bf0,,stub_code,1,8,9,17127,44.5000
0x00112a00,0x00112a00,,,1,0,1,17127,0.0000
0x005e8500,0x005e8500,,stub_code,1,4,5,17127,0.0000
0x004d4750,0x004d4750,,stub_code,0,4,4,17127,0.0000
0x001bfd80,0x001bfd80,,stub_code,0,2,2,17127,0.0000
0x004e5d40,0x004e5d40,,stub_code,0,4,4,17127,0.0000
0x002acac0,0x002acac0,,stub_code,0,3,3,17127,0.0000
0x0037fb50,0x0037fb50,,,1,0,1,17127,0.0000
0x0059afa0,0x0059afa0,,stub_code,0,9,9,17127,0.0000
0x00470810,0x00470810,,stub_code,0,0,0,1,0.0000
0x0021e670,0x0021e670,,stub_code,1,0,1,17127,0.0000
0x0032e790,0x0032e790,,stub_code,0,1,1,17127,0.0000
0x00189900,0x00189900,,stub_code,2,1,3,17127,0.0000
0x004e9950,0x004e9950,,,3,0,3,17127,0.0000
0x00498d60,0x00498d60,,,1,0,1,17127,0.0000
0x0043b700,0x0043b700,,stub_code,2,9,11,17127,9.0000
0x001ab320,0x001ab320,,stub_code,0,2,2,17127,0.0000
0x0037b7d0,0x0037b7d0,,stub_code,2,3,5,17127,0.0000
0x00446c30,FUN_00446c30,,pseudo_stub,3,1,4,17127,0.0000
0x0023e600,0x0023e600,,stub_code,0,3,3,17127,0.0000
0x00510180,0x00510180,,,1,0,1,17127,0.0000
0x001e8350,0x001e8350,,stub_code,1,15,16,17127,0.0000
0x0040e6d0,0x0040e6d0,,stub_code,0,3,3,17127,0.0000
0x004b6388,0x004b6388,,stub_code,1,3,4,17127,0.0000
0x005129c0,0x005129c0,,stub_code,3,2,5,17127,0.0000
0x0030fe80,0x0030fe80,,stub_code,0,7,7,17127,0.0000
0x001d6e90,0x001d6e90,,stub_code,1,7,8,17127,0.0000
0x0029b550,0x0029b550,,stub_code,1,23,24,17127,0.0000
0x0026f050,0x0026f050,,stub_code,0,0,0,1,0.0000
0x002ec980,0x002ec980,,stub_code,0,2,2,17127,0.0000
0x002a5990,0x002a5990,,stub_code,1,1,2,17127,0.0000
0x00343350,0x00343350,,stub_code,3,0,3,17127,0.0000
0x00541230,0x00541230,,stub_code,0,1,1,17127,0.0000
0x00390820,0x00390820,,stub_code,1,1,2,17127,0.0000
0x0015b970,0x0015b970,,stub_code,1,5,6,17127,0.0000
0x001e9610,0x001e9610,,,2,0,2,17127,0.0000
0x002a4ea0,0x002a4ea0,,,1,0,1,17127,0.0000
0x003660e0,0x003660e0,,,2,0,2,17127,0.0000
0x00233bf0,0x00233bf0,,stub_code,0,2,2,17127,0.0000
0x00340280,0x00340280,,,1,0,1,17127,0.0000
0x0037abd0,0x0037abd0,,stub_code,1,7,8,17127,0.0000
0x004482b0,0x004482b0,,stub_code,1,1,2,17127,2.0000
0x005fae10,0x005fae10,,stub_code,0,2,2,17127,0.0000
0x0020e230,0x0020e230,,stub_code,1,14,15,17127,0.0000
0x0024c490,0x0024c490,,stub_code,0,0,0,1,0.0000
0x001dc100,0x001dc100,,stub_code,1,1,2,17127,0.0000
0x00198b60,0x00198b60,,stub_code,8,1,9,17127,0.0000
0x0021db90,0x0021db90,,stub_code,1,0,1,17127,0.0000
0x005ee7d0,0x005ee7d0,,stub_code,1,2,3,17127,0.0000
0x0049a718,0x0049a718,,stub_code,0,1,1,17127,0.0000
0x0046c5e8,0x0046c5e8,,stub_code,1,5,6,17127,0.0000
0x0053d2e0,0x0053d2e0,,stub_code,0,1,1,17127,0.0000
0x00584360,0x00584360,,stub_code,6,2,8,17127,1.5000
0x004e4600,0x004e4600,,,2,0,2,17127,0.0000
0x002ce0d0,0x002ce0d0,,stub_code,0,1,1,17127,0.0000
0x0025d350,0x0025d350,,stub_code,0,0,0,1,0.0000
0x002dcde0,0x002dcde0,,stub_code,1,3,4,17127,0.0000
0x001df540,0x001df540,,stub_code,1,1,2,17127,0.0000
0x004ac848,0x004ac848,,stub_code,0,1,1,17127,0.0000
0x002f00f0,0x002f00f0,,stub_code,1,2,3,17127,0.0000
0x0028afe0,0x0028afe0,,stub_code,17,1,18,17127,0.0000
0x0056c350,0x0056c350,,stub_code,0,1,1,17127,0.0000
0x00147e60,0x00147e60,,stub_code,0,1,1,17127,0.0000
0x004f54d0,0x004f54d0,,stub_code,2,7,9,17127,0.0000
0x0059ccf0,0x0059ccf0,,stub_code,0,5,5,17127,0.0000
0x00469ac0,0x00469ac0,,stub_code,11,0,11,17127,0.0000
0x0046de68,0x0046de68,,stub_code,0,2,2,17127,0.0000
0x00394050,FUN_00394050,math/matrix,real_c,1,0,1,17127,0.0000
0x00417650,FUN_00417650,,pseudo_stub,5,1,6,17127,0.0000
0x004e8d70,0x004e8d70,,stub_code,0,1,1,17127,0.0000
0x004cd810,0x004cd810,,stub_code,0,4,4,17127,0.0000
0x003723d0,0x003723d0,,,3,0,3,17127,0.0000
0x00343e90,0x00343e90,,stub_code,1,0,1,17127,0.0000
0x00484260,0x00484260,,stub_code,1,3,4,17127,0.0000
0x006c9e70,0x006c9e70,,stub_code,0,3,3,17127,0.0000
0x0018f800,0x0018f800,,stub_code,1,1,2,17127,0.0000
0x0059ed00,0x0059ed00,,stub_code,0,1,1,2,0.0000
0x0028a320,0x0028a320,,stub_code,0,1,1,17127,0.0000
0x0024e910,0x0024e910,,stub_code,0,2,2,17127,0.0000
0x001e8f40,0x001e8f40,,stub_code,0,17,17,17127,0.0000
0x00183650,FUN_00183650,,pseudo_stub,1,1,2,17127,0.0000
0x006c9f30,0x006c9f30,,stub_code,0,3,3,17127,0.0000
0x004a1690,0x004a1690,,stub_code,1,1,2,17127,0.0000
0x003fac88,0x003fac88,,,1,0,1,17127,0.0000
0x00481a68,0x00481a68,,stub_code,0,1,1,17127,0.0000
0x006581f0,0x006581f0,,stub_code,0,1,1,2,0.0000
0x005903a0,0x005903a0,,,1,0,1,2,0.0000
0x003181f0,0x003181f0,,stub_code,1,2,3,17127,0.0000
0x005b8770,0x005b8770,,stub_code,0,0,0,1,0.0000
0x00151e90,0x00151e90,,stub_code,2,2,4,17127,0.0000
0x00491758,0x00491758,,,1,0,1,17127,0.0000
0x00258c20,0x00258c20,,stub_code,0,0,0,1,0.0000
0x001adcc0,0x001adcc0,,stub_code,1,1,2,17127,0.0000
0x001c82b0,0x001c82b0,,stub_code,0,0,0,1,0.0000
0x001c5c90,0x001c5c90,,stub_code,1,1,2,17127,0.0000
0x0045e248,0x0045e248,,stub_code,6,5,11,17127,0.0000
0x002585b0,0x002585b0,,stub_code,0,1,1,17127,0.0000
0x0046b628,0x0046b628,,stub_code,1,1,2,17127,0.0000
0x004311f0,FUN_004311f0,core/mem,real_c,2,0,2,17127,0.0000
0x0057fb60,0x0057fb60,,stub_code,0,3,3,17127,0.0000
0x0011c620,0x0011c620,,,14,0,14,17127,0.0000
0x00129240,0x00129240,,stub_code,0,1,1,2,0.0000
0x0058a7a0,0x0058a7a0,,,142,0,142,17127,0.0000
0x005207f0,0x005207f0,,stub_code,3,0,3,17127,0.0000
0x0048bd68,FUN_0048bd68,,pseudo_stub,0,0,0,1,0.0000
0x003c4f60,0x003c4f60,,stub_code,2,3,5,17127,0.0000
0x00482110,0x00482110,,,2,0,2,17127,0.0000
0x001505f0,0x001505f0,,stub_code,1,2,3,17127,0.0000
0x0031b410,0x0031b410,,stub_code,1,3,4,17127,0.0000
0x0059a690,0x0059a690,,stub_code,0,6,6,17127,0.0000
0x00429538,0x00429538,,,49,0,49,17127,0.0000
0x00472820,0x00472820,,stub_code,1,5,6,17127,0.0000
0x00281890,0x00281890,,stub_code,0,5,5,17127,0.0000
0x002ce4e0,0x002ce4e0,,,1,0,1,17127,0.0000
0x0042bb00,0x0042bb00,,stub_code,0,1,1,17127,0.0000
0x00417370,0x00417370,,stub_code,1,1,2,17127,1.0000
0x00407470,0x00407470,,stub_code,4,1,5,6,0.0000
0x00310ea0,0x00310ea0,,stub_code,0,1,1,17127,0.0000
0x005f9110,0x005f9110,,stub_code,2,2,4,17127,0.0000
0x0055ee20,0x0055ee20,,stub_code,0,2,2,17127,0.0000
0x005c0830,0x005c0830,,stub_code,0,0,0,1,0.0000
0x0016e9a0,0x0016e9a0,,stub_code,2,2,4,17127,0.0000
0x004f8230,0x004f8230,,stub_code,0,3,3,17127,0.0000
0x00549270,0x00549270,,stub_code,0,1,1,17127,0.0000
0x001d5fb0,0x001d5fb0,,stub_code,1,3,4,17127,0.0000
0x003a25c0,0x003a25c0,,stub_code,0,3,3,17127,0.0000
0x00408080,0x00408080,,stub_code,0,2,2,17127,0.0000
0x0050ec40,0x0050ec40,,stub_code,0,1,1,17127,0.0000
0x002ef750,0x002ef750,,,1,0,1,17127,0.0000
0x003f5ac0,0x003f5ac0,,stub_code,0,1,1,17127,0.0000
0x004a71e0,0x004a71e0,,stub_code,0,1,1,17127,0.0000
0x005e7a80,0x005e7a80,,,2,0,2,17127,0.0000
0x004b6a10,0x004b6a10,,stub_code,0,2,2,17127,0.0000
0x00375a50,0x00375a50,,stub_code,1,6,7,17127,0.0000
0x005f4f50,0x005f4f50,,,3,0,3,17127,0.0000
0x00133710,0x00133710,,stub_code,0,0,0,1,0.0000
0x002028e0,0x002028e0,,stub_code,1,2,3,17127,0.0000
0x004b86d8,0x004b86d8,,stub_code,0,1,1,2,0.0000
0x0027c820,0x0027c820,,stub_code,0,1,1,17127,0.0000
0x0057b090,0x0057b090,,,14,0,14,17127,0.0000
0x005e6590,0x005e6590,,stub_code,0,3,3,17127,0.0000
0x0033ffd0,0x0033ffd0,,,9,0,9,17127,0.0000
0x00286d70,0x00286d70,,stub_code,0,5,5,17127,0.0000
0x00340bf0,0x00340bf0,,stub_code,10,2,12,17127,0.0000
0x0033c970,0x0033c970,,stub_code,0,1,1,17127,0.0000
0x004d4130,0x004d4130,,stub_code,0,2,2,17127,0.0000
0x002e4710,0x002e4710,,,1,0,1,17127,0.0000
0x00420fd0,0x00420fd0,,stub_code,1,7,8,17127,0.0000
0x003d4570,0x003d4570,,stub_code,1,10,11,17127,0.0000
0x0037b430,0x0037b430,,,2,0,2,17127,0.0000
0x004e47e0,0x004e47e0,,,2,0,2,17127,0.0000
0x0046e5e0,0x0046e5e0,,stub_code,1,3,4,17127,1.0000
0x002f7030,0x002f7030,,stub_code,0,0,0,1,0.0000
0x00161dd0,0x00161dd0,,,2,0,2,17127,0.0000
0x0034c400,0x0034c400,,stub_code,0,2,2,17127,0.0000
0x002a62c0,0x002a62c0,,stub_code,1,3,4,17127,0.0000
0x00446d50,0x00446d50,,stub_code,1,4,5,17127,0.0000
0x002cabd0,0x002cabd0,,stub_code,0,2,2,17127,0.0000
0x00155e00,0x00155e00,,stub_code,1,1,2,17127,0.0000
0x0015c2e0,0x0015c2e0,,stub_code,7,0,7,17127,0.0000
0x00551f20,0x00551f20,,stub_code,0,1,1,17127,0.0000
0x00352a80,0x00352a80,,stub_code,0,15,15,17127,0.0000
0x0025cf90,0x0025cf90,,stub_code,0,0,0,1,0.0000
0x005ed020,0x005ed020,,stub_code,0,1,1,17127,0.0000
0x003140c0,0x003140c0,,stub_code,9,1,10,17127,0.0000
0x0033b8b0,0x0033b8b0,,stub_code,0,1,1,17127,0.0000
0x0042d6b0,FUN_0042d6b0,,real_logic,0,1,1,17127,0.0000
0x0056f210,0x0056f210,,stub_code,0,2,2,17127,0.0000
0x00457770,0x00457770,,stub_code,1,1,2,17127,0.0000
0x0049fb90,0x0049fb90,,stub_code,0,3,3,17127,0.0000
0x004b7d68,0x004b7d68,,stub_thunk,0,0,0,1,0.0000
0x005f9d10,0x005f9d10,,stub_code,0,0,0,1,0.0000
0x0036b780,0x0036b780,,,1,0,1,17127,0.0000
0x004f2690,0x004f2690,,stub_code,18,3,21,17127,10.0000
0x0033b930,0x0033b930,,,1,0,1,17127,0.0000
0x002c9340,0x002c9340,,stub_code,2,2,4,17127,0.0000
0x0050eac0,0x0050eac0,,stub_code,2,0,2,17127,0.0000
0x0029e970,0x0029e970,,stub_code,1,1,2,17127,1.0000
0x00123ec0,0x00123ec0,,stub_code,0,1,1,17127,0.0000
0x0045dab8,0x0045dab8,,stub_code,2,3,5,17127,0.0000
0x005a8ef0,0x005a8ef0,,stub_code,0,3,3,17127,0.0000
0x005b2420,0x005b2420,,stub_code,1,5,6,17127,0.0000
0x001c67d0,0x001c67d0,,stub_code,1,1,2,17127,0.0000
0x001865c0,0x001865c0,,stub_code,1,4,5,17127,0.0000
0x004e2ac0,0x004e2ac0,,,2,0,2,17127,0.0000
0x00482330,FUN_00482330,,pseudo_stub,0,0,0,1,0.0000
0x003fba10,0x003fba10,,,2,0,2,17127,0.0000
0x003c1040,0x003c1040,,,1,0,1,17127,0.0000
0x004b2720,0x004b2720,,stub_code,1,2,3,17127,0.0000
0x0053b460,0x0053b460,,stub_code,0,2,2,17127,0.0000
0x00516490,0x00516490,,stub_code,2,1,3,17127,0.0000
0x004c1c80,0x004c1c80,,stub_code,0,4,4,17127,0.0000
0x0049f028,0x0049f028,,,75,0,75,17127,0.0000
0x00504300,0x00504300,,stub_code,1,3,4,17127,0.0000
0x002169c0,0x002169c0,,,3,0,3,17127,0.0000
0x0043c860,0x0043c860,,,2,0,2,17127,0.0000
0x0056e990,0x0056e990,,stub_code,1,2,3,17127,0.0000
0x00149310,0x00149310,,stub_code,0,0,0,1,0.0000
0x0053d3d0,0x0053d3d0,,stub_code,0,1,1,17127,0.0000
0x006ca500,0x006ca500,,stub_code,0,1,1,17127,0.0000
0x004e8710,0x004e8710,,stub_code,0,4,4,17127,0.0000
0x004bdcc0,0x004bdcc0,,stub_code,0,5,5,17127,0.0000
0x005db130,0x005db130,,,1,0,1,2,0.0000
0x004b8270,0x004b8270,,,6,0,6,17127,0.0000
0x002f6820,0x002f6820,,,1,0,1,17127,0.0000
0x00122400,0x00122400,,,1,0,1,17127,0.0000
0x003070e0,0x003070e0,,stub_code,0,1,1,17127,0.0000
0x0053b8d0,0x0053b8d0,,stub_code,1,1,2,17127,0.0000
0x00181c70,0x00181c70,,stub_code,1,8,9,17127,0.0000
0x002873f0,0x002873f0,,stub_code,0,4,4,17127,0.0000
0x00238b90,0x00238b90,,stub_code,0,2,2,17127,0.0000
0x001eb3f0,0x001eb3f0,,stub_code,3,6,9,17127,0.0000
0x004f7830,0x004f7830,,stub_code,0,2,2,17127,0.0000
0x001db030,0x001db030,,stub_code,0,1,1,17127,0.0000
0x002488b0,0x002488b0,,,1,0,1,17127,0.0000
0x00464d78,0x00464d78,,stub_code,1,4,5,17127,0.0000
0x00253cc0,0x00253cc0,,stub_code,0,0,0,1,0.0000
0x0042f158,FUN_0042f158,,real_logic,0,3,3,17127,0.0000
0x0014b5c0,0x0014b5c0,,stub_code,0,2,2,17127,0.0000
0x00253c50,0x00253c50,,stub_code,0,1,1,17127,0.0000
0x00386090,0x00386090,,,1,0,1,17127,0.0000
0x0058d3a0,0x0058d3a0,,stub_code,2,5,7,17127,0.0000
0x0053bd90,0x0053bd90,,stub_code,0,1,1,17127,0.0000
0x0025cc20,0x0025cc20,,stub_code,0,1,1,17127,0.0000
0x00495210,0x00495210,,stub_code,1,1,2,17127,0.0000
0x0056ea90,FUN_0056ea90,,pseudo_stub,1,2,3,17127,0.0000
0x001ef460,0x001ef460,,stub_code,0,0,0,1,0.0000
0x005be380,0x005be380,,stub_code,0,7,7,17127,0.0000
0x005ec4f0,0x005ec4f0,,,4,0,4,17127,0.0000
0x0027bee0,0x0027bee0,,stub_code,0,1,1,17127,0.0000
0x005f28d0,0x005f28d0,,stub_code,0,5,5,17127,0.0000
0x001c4060,0x001c4060,,stub_code,4,2,6,17127,10.0000
0x00390120,0x00390120,,,1,0,1,17127,0.0000
0x004c39a0,0x004c39a0,,stub_code,0,3,3,17127,0.0000
0x0047fd18,FUN_0047fd18,,pseudo_stub,1,1,2,17127,0.0000
0x001a5a00,0x001a5a00,,stub_code,1,0,1,17127,0.0000
0x0026d320,0x0026d320,,,32,0,32,17127,0.0000
0x00473f10,0x00473f10,,,1,0,1,17127,0.0000
0x001eb050,0x001eb050,,stub_code,0,0,0,1,0.0000
0x00315de0,0x00315de0,,,1,0,1,17127,0.0000
0x001a4870,0x001a4870,,stub_code,0,1,1,2,0.0000
0x005f3b30,0x005f3b30,,stub_code,0,4,4,17127,0.0000
0x001544a0,0x001544a0,,,13,0,13,17127,0.0000
0x0029da40,0x0029da40,,stub_code,1,1,2,17127,1.0000
0x005c4370,0x005c4370,,stub_code,1,25,26,17127,0.0000
0x00255680,0x00255680,,stub_code,0,0,0,1,0.0000
0x003621a0,0x003621a0,,stub_code,1,2,3,17127,0.0000
0x004a97b0,0x004a97b0,,,1,0,1,17127,0.0000
0x002e89f0,0x002e89f0,,stub_code,0,1,1,17127,0.0000
0x004de800,0x004de800,,stub_code,0,20,20,17127,0.0000
0x002edc00,0x002edc00,,stub_code,0,6,6,17127,0.0000
0x004a1c70,0x004a1c70,,stub_code,0,1,1,17127,0.0000
0x005c1510,0x005c1510,,stub_code,0,4,4,17127,0.0000
0x00473898,0x00473898,,,2,0,2,17127,0.0000
0x004c02b0,0x004c02b0,,stub_code,0,4,4,17127,0.0000
0x004ba0d0,0x004ba0d0,,stub_code,7,0,7,17127,0.0000
0x00206d00,0x00206d00,,stub_code,1,10,11,17127,0.0000
0x00584220,0x00584220,,,1,0,1,2,0.0000
0x002ae910,0x002ae910,,,1,0,1,17127,0.0000
0x002a5eb0,0x002a5eb0,,,1,0,1,17127,0.0000
0x0047c4a0,0x0047c4a0,,stub_code,1,9,10,17127,0.0000
0x00597b20,0x00597b20,,stub_code,0,3,3,17127,0.0000
0x00292130,0x00292130,,stub_code,0,2,2,17127,0.0000
0x00336fd0,0x00336fd0,,stub_code,5,1,6,17127,0.0000
0x00598510,0x00598510,,,1,0,1,2,0.0000
0x0056eda0,0x0056eda0,,stub_code,0,1,1,17127,0.0000
0x0047e780,0x0047e780,,stub_code,6,5,11,17127,0.0000
0x001e7570,0x001e7570,,,1,0,1,17127,0.0000
0x00424d70,0x00424d70,,stub_code,0,5,5,17127,0.0000
0x00314e10,0x00314e10,,,2,0,2,17127,0.0000
0x00122430,0x00122430,,stub_code,0,13,13,17127,0.0000
0x002b0560,0x002b0560,,,1,0,1,17127,0.0000
0x0048bed0,FUN_0048bed0,,pseudo_stub,1,0,1,17127,0.0000
0x001f86c0,0x001f86c0,,stub_code,0,2,2,17127,0.0000
0x002329b0,0x002329b0,,stub_code,0,8,8,17127,0.0000
0x005b01f0,0x005b01f0,,stub_code,3,1,4,17127,0.0000
0x0017e800,0x0017e800,,stub_code,1,2,3,17127,0.0000
0x00502da0,0x00502da0,,stub_code,0,19,19,17127,0.0000
0x004bd570,0x004bd570,,stub_code,0,1,1,17127,0.0000
0x005ba850,0x005ba850,,stub_code,2,1,3,17127,0.0000
0x0027d4a0,0x0027d4a0,,stub_code,0,4,4,17127,0.0000
0x005e5450,0x005e5450,,stub_code,0,3,3,17127,0.0000
0x00416860,0x00416860,,stub_code,4,1,5,17127,0.0000
0x00475b80,FUN_00475b80,,pseudo_stub,0,0,0,1,0.0000
0x0029e3d0,0x0029e3d0,,stub_code,1,1,2,17127,1.0000
0x005929d0,0x005929d0,,,1,0,1,2,0.0000
0x0030caa0,0x0030caa0,,stub_code,0,2,2,17127,0.0000
0x005fbf80,0x005fbf80,,stub_code,0,0,0,1,0.0000
0x0026f6e0,0x0026f6e0,,stub_code,1,2,3,17127,0.0000
0x00582ce0,0x00582ce0,,stub_code,1,2,3,17127,0.0000
0x0016c920,0x0016c920,,stub_code,1,2,3,17127,0.0000
0x00587840,0x00587840,,,1,0,1,17127,0.0000
0x00172090,0x00172090,,stub_code,0,2,2,17127,0.0000
0x00446fa8,0x00446fa8,,stub_code,1,1,2,17127,0.0000
0x001d85f0,0x001d85f0,,stub_code,1,20,21,17127,107.0000
0x0025e080,0x0025e080,,stub_code,1,2,3,17127,28.0000
0x00185320,0x00185320,,,4,0,4,17127,0.0000
0x004c1420,0x004c1420,,stub_code,0,1,1,17127,0.0000
0x001e74f0,0x001e74f0,,stub_code,9,2,11,17127,0.0000
0x003ef8c0,FUN_003ef8c0,,real_logic,1,0,1,17127,0.0000
0x002ceec0,0x002ceec0,,,1,0,1,17127,0.0000
0x00106f90,0x00106f90,,stub_code,2,1,3,17127,0.0000
0x002a4b70,0x002a4b70,,,1,0,1,17127,0.0000
0x00475810,FUN_00475810,,pseudo_stub,0,1,1,17127,0.0000
0x0056aa50,0x0056aa50,,stub_code,0,1,1,17127,0.0000
0x002619f0,0x002619f0,,,12,0,12,17127,0.0000
0x005e71a0,0x005e71a0,,stub_code,0,1,1,17127,0.0000
0x0016af40,0x0016af40,,stub_code,1,1,2,17127,0.0000
0x002fa140,0x002fa140,,stub_code,0,5,5,17127,0.0000
0x00423cd0,0x00423cd0,,stub_code,0,1,1,2,0.0000
0x00482650,0x00482650,,stub_code,0,1,1,17127,0.0000
0x004a6758,0x004a6758,,stub_code,1,4,5,17127,0.0000
0x0010fce0,0x0010fce0,,stub_code,1,8,9,17127,0.0000
0x0018cb10,0x0018cb10,,stub_code,0,2,2,17127,0.0000
0x00434ee0,0x00434ee0,,stub_code,1,6,7,17127,0.0000
0x00274020,0x00274020,,stub_code,0,1,1,17127,0.0000
0x00274400,0x00274400,,stub_code,0,1,1,17127,0.0000
0x002b0570,0x002b0570,,,1,0,1,17127,0.0000
0x0047ad60,FUN_0047ad60,,pseudo_stub,5,0,5,17127,0.0000
0x003157e0,0x003157e0,,stub_code,0,24,24,17127,0.0000
0x002c7110,0x002c7110,,stub_code,1,4,5,17127,2.0000
0x004c10e0,0x004c10e0,,,2,0,2,17127,0.0000
0x004e0650,0x004e0650,,stub_code,0,1,1,17127,0.0000
0x00405e70,0x00405e70,,,1,0,1,17127,0.0000
0x005aa540,0x005aa540,,,1,0,1,2,0.0000
0x00330e80,0x00330e80,,stub_code,0,9,9,17127,0.0000
0x0047c648,0x0047c648,,stub_code,0,1,1,17127,0.0000
0x0058f170,0x0058f170,,stub_code,0,1,1,2,0.0000
0x0049c6d0,0x0049c6d0,,,1,0,1,17127,0.0000
0x0047e140,FUN_0047e140,,pseudo_stub,0,1,1,17127,0.0000
0x0019f6f0,0x0019f6f0,,stub_code,1,2,3,17127,0.0000
0x004a9108,0x004a9108,,stub_code,1,3,4,17127,0.0000
0x00586e40,0x00586e40,,,2,0,2,17127,0.0000
0x004bcd90,0x004bcd90,,stub_code,0,4,4,17127,0.0000
0x004dd620,0x004dd620,,stub_code,0,1,1,2,0.0000
0x005933b0,0x005933b0,,stub_code,0,5,5,17127,0.0000
0x005888f0,0x005888f0,,,3,0,3,17127,0.0000
0x00445f48,0x00445f48,,stub_code,2,4,6,17127,0.0000
0x0051d5a0,0x0051d5a0,,stub_code,1,1,2,17127,0.0000
0x00319990,0x00319990,,,1,0,1,2,0.0000
0x00323cb0,0x00323cb0,,stub_code,0,18,18,17127,0.0000
0x00303820,0x00303820,,stub_code,0,4,4,17127,0.0000
0x0010ced0,0x0010ced0,,stub_code,0,0,0,1,0.0000
0x001ff880,0x001ff880,,stub_code,12,1,13,17127,6.0000
0x005d72f0,0x005d72f0,,stub_code,13,11,24,17127,0.0000
0x003fb5d8,0x003fb5d8,,,1,0,1,17127,0.0000
0x0021b2b0,0x0021b2b0,,,14,0,14,17127,0.0000
0x0018aee0,0x0018aee0,,stub_code,1,1,2,17127,0.0000
0x002bed70,0x002bed70,,stub_code,0,1,1,17127,0.0000
0x0015d9d0,0x0015d9d0,,,1,0,1,17127,0.0000
0x00449160,FUN_00449160,,pseudo_stub,14,1,15,17127,1.0000
0x00448fb0,0x00448fb0,,stub_code,2,2,4,17127,12.0000
0x001eaec0,0x001eaec0,,stub_code,7,2,9,17127,13.0000
0x003c6630,0x003c6630,,stub_code,3,8,11,17127,4.0000
0x0046fee0,0x0046fee0,,stub_code,3,1,4,17127,0.0000
0x00517550,0x00517550,,stub_code,0,1,1,17127,0.0000
0x0036fdd0,0x0036fdd0,,stub_code,0,13,13,17127,0.0000
0x00169f00,0x00169f00,,,2,0,2,17127,0.0000
0x004e4b30,0x004e4b30,,stub_code,0,3,3,17127,0.0000
0x00111d50,0x00111d50,,stub_code,0,1,1,17127,0.0000
0x00547770,0x00547770,,stub_code,0,1,1,17127,0.0000
0x0016d950,0x0016d950,,stub_code,0,0,0,1,0.0000
0x0045c8f0,0x0045c8f0,,stub_code,3,3,6,17127,0.0000
0x00440b90,0x00440b90,,stub_code,5,10,15,17127,0.0000
0x0014e540,0x0014e540,,stub_code,3,11,14,17127,76.8152
0x00330830,0x00330830,,stub_code,0,5,5,17127,0.0000
0x0035ac50,0x0035ac50,,stub_code,31,3,34,17127,0.0000
0x001594d0,0x001594d0,,,1,0,1,17127,0.0000
0x0023d110,0x0023d110,,stub_code,6,1,7,17127,0.0000
0x0049c8e8,0x0049c8e8,,stub_thunk,0,0,0,1,0.0000
0x001c53d0,0x001c53d0,,stub_code,0,2,2,17127,0.0000
0x005a7680,0x005a7680,,stub_code,0,3,3,17127,0.0000
0x0031fa30,0x0031fa30,,,2,0,2,17127,0.0000
0x003e7dd0,0x003e7dd0,,stub_code,1,7,8,17127,13.5714
0x00462a68,0x00462a68,,stub_code,0,1,1,17127,0.0000
0x0050e110,0x0050e110,,stub_code,1,1,2,17127,0.0000
0x0029f390,0x0029f390,,stub_code,2,86,88,17127,166.9977
0x00358080,0x00358080,,stub_code,1,0,1,17127,0.0000
0x00479fc8,0x00479fc8,,stub_code,1,2,3,17127,0.0000
0x004180d0,0x004180d0,,,1,0,1,17127,0.0000
0x0048b038,0x0048b038,,,1,0,1,17127,0.0000
0x00192220,0x00192220,,stub_code,1,2,3,17127,0.0000
0x0058f080,0x0058f080,,,1,0,1,2,0.0000
0x004e0490,0x004e0490,,stub_code,0,5,5,17127,0.0000
0x00166610,0x00166610,,stub_code,1,4,5,17127,0.0000
0x00341b80,0x00341b80,,stub_code,0,1,1,17127,0.0000
0x00266990,0x00266990,,stub_code,2,2,4,17127,0.0000
0x003439f0,0x003439f0,,stub_code,0,7,7,17127,0.0000
0x004b4420,0x004b4420,,stub_code,0,0,0,1,0.0000
0x0033ff40,0x0033ff40,,stub_code,1,1,2,17127,0.0000
0x0055be40,0x0055be40,,stub_code,0,1,1,17127,0.0000
0x0046d690,0x0046d690,,stub_thunk,0,0,0,1,0.0000
0x005090a0,0x005090a0,,stub_code,0,2,2,17127,0.0000
0x0039ed80,0x0039ed80,,,1,0,1,17127,0.0000
0x004f51b0,0x004f51b0,,stub_code,1,7,8,17127,0.0000
0x001238a0,0x001238a0,,,36,0,36,17127,0.0000
0x002d91a0,0x002d91a0,,stub_code,1,2,3,17127,0.0000
0x00132c40,0x00132c40,,,2,0,2,17127,0.0000
0x0035e7f0,0x0035e7f0,,stub_code,0,5,5,17127,0.0000
0x00348e00,0x00348e00,,,7,0,7,17127,0.0000
0x004c8740,0x004c8740,,stub_code,0,2,2,3,0.0000
0x0029d9e0,0x0029d9e0,,,1,0,1,17127,0.0000
0x00182d00,0x00182d00,,,1,0,1,17127,0.0000
0x00581f50,0x00581f50,,stub_code,1,2,3,17127,0.0000
0x003abdc0,0x003abdc0,,stub_code,1,6,7,17127,0.0000
0x00582f10,0x00582f10,,stub_code,0,3,3,17127,0.0000
0x00537230,0x00537230,,,5,0,5,17127,0.0000
0x00286c80,0x00286c80,,stub_code,0,4,4,17127,0.0000
0x005ebf10,0x005ebf10,,stub_code,0,4,4,17127,0.0000
0x0036cb40,0x0036cb40,,,1,0,1,17127,0.0000
0x004b79e8,0x004b79e8,,stub_code,7,1,8,17127,0.0000
0x005b8990,0x005b8990,,stub_code,0,9,9,17127,0.0000
0x0019e950,0x0019e950,,stub_code,1,1,2,17127,0.0000
0x001a66f0,0x001a66f0,,stub_code,1,1,2,17127,0.0000
0x00136170,0x00136170,,,1,0,1,17127,0.0000
0x004b1438,0x004b1438,,stub_code,1,1,2,17127,0.0000
0x0033f750,0x0033f750,,,2,0,2,17127,0.0000
0x00404180,0x00404180,,stub_code,2,2,4,17127,0.0000
0x002fe780,0x002fe780,,stub_code,0,1,1,17127,0.0000
0x00475bf0,FUN_00475bf0,,pseudo_stub,0,0,0,1,0.0000
0x004db9f0,0x004db9f0,,stub_code,1,2,3,17127,0.0000
0x0052d540,0x0052d540,,,3,0,3,17127,0.0000
0x002b1240,0x002b1240,,stub_code,1,2,3,17127,0.0000
0x002cd760,0x002cd760,,stub_code,0,9,9,17127,0.0000
0x003479b0,0x003479b0,,,26,0,26,17127,0.0000
0x00278840,0x00278840,,stub_code,0,5,5,17127,0.0000
0x0054fee0,0x0054fee0,,,2,0,2,17127,0.0000
0x00167900,0x00167900,,stub_code,0,16,16,17127,0.0000
0x00490b48,0x00490b48,,,1,0,1,17127,0.0000
0x00476780,0x00476780,,stub_code,0,13,13,17127,0.0000
0x004d3920,0x004d3920,,stub_code,1,2,3,17127,0.0000
0x002af360,0x002af360,,,1,0,1,17127,0.0000
0x0043d1d8,0x0043d1d8,,,1,0,1,17127,0.0000
0x0024cc80,0x0024cc80,,stub_code,0,0,0,1,0.0000
0x0049c900,0x0049c900,,stub_code,1,5,6,17127,0.0000
0x003ba2a0,0x003ba2a0,,,1,0,1,17127,0.0000
0x0028c9a0,0x0028c9a0,,stub_code,0,4,4,17127,0.0000
0x0033c070,0x0033c070,,stub_code,1,0,1,17127,0.0000
0x005d8770,0x005d8770,,stub_code,20,3,23,17127,0.0000
0x002dfa80,0x002dfa80,,stub_code,0,4,4,17127,0.0000
0x0049fe38,0x0049fe38,,,1,0,1,2,0.0000
0x002ac700,0x002ac700,,stub_code,0,3,3,17127,0.0000
0x0039c8b0,0x0039c8b0,,stub_code,1,2,3,17127,0.0000
0x004a74b0,0x004a74b0,,stub_code,0,1,1,17127,0.0000
0x0012d570,FUN_0012d570,,pseudo_stub,1,1,2,17127,0.0000
0x00597eb0,0x00597eb0,,stub_code,0,1,1,17127,0.0000
0x005f2d60,0x005f2d60,,,3,0,3,17127,0.0000
0x00466560,0x00466560,,stub_code,0,0,0,1,0.0000
0x00115760,0x00115760,,stub_code,1,1,2,17127,0.0000
0x0014d710,0x0014d710,,stub_code,0,3,3,17127,0.0000
0x001c9cd0,0x001c9cd0,,stub_code,1,1,2,17127,0.0000
0x00269780,0x00269780,,,1,0,1,17127,0.0000
0x0046bb98,0x0046bb98,,,1,0,1,17127,0.0000
0x004ad7f8,0x004ad7f8,,stub_code,1,0,1,17127,0.0000
0x001c7ad0,0x001c7ad0,,stub_code,0,1,1,17127,0.0000
0x001c8cf0,0x001c8cf0,,stub_code,0,2,2,17127,0.0000
0x00169930,0x00169930,,stub_code,1,16,17,17127,0.0000
0x004c97d0,0x004c97d0,,stub_code,0,2,2,17127,0.0000
0x004de220,0x004de220,,stub_code,0,4,4,17127,0.0000
0x00511b00,0x00511b00,,stub_code,1,0,1,17127,0.0000
0x0012aef0,0x0012aef0,,stub_code,0,0,0,1,0.0000
0x002c2470,0x002c2470,,stub_code,0,1,1,17127,0.0000
0x0047cd98,0x0047cd98,,stub_code,1,1,2,17127,0.0000
0x002e9e90,0x002e9e90,,stub_code,4,1,5,17127,0.0000
0x005ba760,0x005ba760,,stub_code,0,1,1,17127,0.0000
0x00511e50,0x00511e50,,stub_code,3,2,5,17127,0.0000
0x00568450,0x00568450,,stub_code,0,1,1,17127,0.0000
0x001bd540,0x001bd540,,stub_code,0,2,2,17127,0.0000
0x0049f798,0x0049f798,,stub_code,2,3,5,17127,0.0000
0x00161f90,0x00161f90,,stub_code,1,0,1,17127,0.0000
0x003215a0,0x003215a0,,,1,0,1,17127,0.0000
0x005a4d10,0x005a4d10,,stub_code,0,1,1,2,0.0000
0x003970a0,0x003970a0,,stub_code,2,3,5,17127,0.0000
0x0035a2c0,0x0035a2c0,,stub_code,1,1,2,17127,0.0000
0x0057f980,0x0057f980,,stub_code,0,3,3,17127,0.0000
0x005994d0,0x005994d0,,stub_code,0,1,1,2,0.0000
0x001cbb20,0x001cbb20,,stub_code,2,1,3,17127,1.0000
0x00529760,0x00529760,,stub_code,5,3,8,17127,0.0000
0x003a4030,0x003a4030,,,2,0,2,17127,0.0000
0x001bcae0,0x001bcae0,,,2,0,2,17127,0.0000
0x00170ad0,0x00170ad0,,stub_code,1,3,4,17127,0.0000
0x0017a520,0x0017a520,,stub_code,0,1,1,17127,0.0000
0x00514bb0,0x00514bb0,,stub_code,0,1,1,17127,0.0000
0x004eeea0,0x004eeea0,,stub_code,1,1,2,17127,0.0000
0x00433db8,0x00433db8,,stub_code,1,1,2,17127,97.0000
0x00441430,0x00441430,,stub_code,2,9,11,17127,0.0000
0x001f8040,0x001f8040,,stub_code,0,6,6,17127,0.0000
0x00391030,0x00391030,,,1,0,1,17127,0.0000
0x00508840,0x00508840,,,6,0,6,17127,0.0000
0x004a1e10,0x004a1e10,,stub_code,0,2,2,17127,0.0000
0x00346d20,0x00346d20,,stub_code,0,10,10,17127,0.0000
0x00314060,0x00314060,,,6,0,6,17127,0.0000
0x00292510,0x00292510,,stub_code,1,1,2,17127,0.0000
0x001a94e0,0x001a94e0,,stub_code,0,0,0,1,0.0000
0x0047deb0,0x0047deb0,,,1,0,1,17127,0.0000
0x0026a1f0,0x0026a1f0,,stub_code,1,2,3,17127,0.0000
0x002b4950,0x002b4950,,,1,0,1,17127,0.0000
0x005e5d30,0x005e5d30,,stub_code,0,1,1,17127,0.0000
0x005f62b0,0x005f62b0,,stub_code,0,5,5,17127,0.0000
0x003c2b70,0x003c2b70,,stub_code,4,1,5,17127,0.0000
0x0017cdb0,0x0017cdb0,,stub_code,0,2,2,17127,0.0000
0x005f9040,0x005f9040,,,5,0,5,17127,0.0000
0x0021dc90,0x0021dc90,,stub_code,1,1,2,17127,0.0000
0x00469f08,0x00469f08,,,4,0,4,17127,0.0000
0x00110780,0x00110780,,stub_code,1,5,6,17127,0.0000
0x003d61b0,0x003d61b0,,stub_code,4,11,15,17127,0.0000
0x00549b60,0x00549b60,,stub_code,0,8,8,17127,0.0000
0x00351300,0x00351300,,stub_code,1,6,7,17127,0.0000
0x0048bd90,FUN_0048bd90,,pseudo_stub,0,0,0,1,0.0000
0x00171c60,0x00171c60,,,1,0,1,17127,0.0000
0x00514930,0x00514930,,stub_code,0,1,1,17127,0.0000
0x00473900,0x00473900,,stub_code,1,7,8,17127,8.0000
0x0026ea70,0x0026ea70,,stub_code,0,4,4,17127,0.0000
0x0046d518,0x0046d518,,,1,0,1,17127,0.0000
0x001ad980,0x001ad980,,stub_code,1,7,8,17127,0.0000
0x001bd500,0x001bd500,,,2,0,2,17127,0.0000
0x003c75f0,0x003c75f0,,,6,0,6,17127,0.0000
0x005aaf40,0x005aaf40,,,1,0,1,17127,0.0000
0x0026a000,0x0026a000,,stub_code,1,4,5,17127,0.0000
0x004a6880,0x004a6880,,stub_code,1,1,2,17127,0.0000
0x005432c0,0x005432c0,,stub_code,0,4,4,17127,0.0000
0x004b3198,0x004b3198,,,1,0,1,17127,0.0000
0x00432e90,FUN_00432e90,,real_logic,0,1,1,17127,0.0000
0x0059efc0,0x0059efc0,,stub_code,0,9,9,17127,0.0000
0x005445a0,0x005445a0,,stub_code,0,1,1,17127,0.0000
0x0022d7b0,0x0022d7b0,,stub_code,2,20,22,17127,0.0000
0x00272220,0x00272220,,stub_code,0,4,4,17127,0.0000
0x00531430,0x00531430,,stub_code,1,4,5,17127,0.0000
0x0037e160,0x0037e160,,stub_code,2,4,6,17127,0.0000
0x00270040,0x00270040,,stub_code,1,3,4,17127,0.0000
0x00464e40,0x00464e40,,,1,0,1,17127,0.0000
0x00460e08,0x00460e08,,stub_code,2,4,6,17127,1.1667
0x004e8ef0,0x004e8ef0,,stub_code,0,3,3,17127,0.0000
0x0055e360,0x0055e360,,stub_code,0,2,2,17127,0.0000
0x001e2ce0,0x001e2ce0,,stub_code,11,24,35,17127,0.0000
0x00272620,0x00272620,,,2,0,2,17127,0.0000
0x0028e470,0x0028e470,,,1,0,1,17127,0.0000
0x00493a10,0x00493a10,,stub_code,1,2,3,17127,0.0000
0x0058b9d0,0x0058b9d0,,,6,0,6,17127,0.0000
0x00238f70,0x00238f70,,stub_code,0,2,2,17127,0.0000
0x004d35d0,0x004d35d0,,stub_code,0,1,1,17127,0.0000
0x00459010,0x00459010,,stub_code,2,3,5,17127,1.8373
0x00370820,0x00370820,,,4,0,4,17127,0.0000
0x003c9650,0x003c9650,,stub_code,1,14,15,17127,100.4000
0x00336f20,0x00336f20,,,6,0,6,17127,0.0000
0x00295860,0x00295860,,stub_code,1,2,3,17127,0.0000
0x0049ef68,0x0049ef68,,,1,0,1,17127,0.0000
0x00108f00,0x00108f00,,,1,0,1,17127,0.0000
0x003bdc60,0x003bdc60,,stub_code,1,10,11,17127,0.0000
0x004c0f00,0x004c0f00,,stub_code,0,7,7,17127,0.0000
0x005032a0,0x005032a0,,stub_code,0,1,1,2,0.0000
0x003d69c0,0x003d69c0,,stub_code,2,4,6,17127,0.0000
0x0029ed60,0x0029ed60,,stub_code,1,1,2,17127,1.0000
0x0056aef0,0x0056aef0,,stub_code,1,1,2,17127,0.0000
0x00658ed8,0x00658ed8,,stub_code,0,1,1,8,0.0000
0x004af8f8,0x004af8f8,,stub_code,1,2,3,17127,0.0000
0x0023d2a0,0x0023d2a0,,stub_code,0,1,1,2,0.0000
0x00365d80,FUN_00365d80,math/vu0,real_c,5,0,5,17127,0.0000
0x00261450,0x00261450,,stub_code,1,2,3,17127,0.0000
0x001c4640,0x001c4640,,,1,0,1,17127,0.0000
0x004a3600,0x004a3600,,stub_code,0,1,1,17127,0.0000
0x00301a00,0x00301a00,,stub_code,0,1,1,17127,0.0000
0x001ea060,0x001ea060,,stub_code,0,2,2,17127,0.0000
0x004af6a0,0x004af6a0,,,1,0,1,17127,0.0000
0x00125c20,0x00125c20,,stub_code,0,1,1,17127,0.0000
0x001c8a30,0x001c8a30,,stub_code,1,1,2,17127,0.0000
0x002a6580,0x002a6580,,stub_code,1,1,2,17127,0.0000
0x004cdba0,0x004cdba0,,stub_code,13,2,15,17127,3.0000
0x00157070,FUN_00157070,,real_logic,0,0,0,1,0.0000
0x0043ddc8,0x0043ddc8,,stub_code,0,4,4,17127,0.0000
0x0037b990,0x0037b990,,stub_code,2,4,6,17127,0.0000
0x0029c960,0x0029c960,,,1,0,1,17127,0.0000
0x004a3738,0x004a3738,,stub_code,1,2,3,17127,0.0000
0x002b0200,0x002b0200,,,1,0,1,17127,0.0000
0x001cced0,0x001cced0,,stub_code,1,5,6,17127,1.5833
0x0029eb20,0x0029eb20,,stub_code,1,1,2,17127,1.0000
0x002c46d0,0x002c46d0,,stub_code,1,2,3,17127,0.0000
0x00273d60,0x00273d60,,,1,0,1,17127,0.0000
0x00198de0,FUN_00198de0,,pseudo_stub,2,2,4,17127,0.0000
0x0019f7f0,FUN_0019f7f0,game/tuning,real_c,1,0,1,17127,0.0000
0x004d2820,0x004d2820,,stub_code,0,1,1,17127,0.0000
0x00582b30,0x00582b30,,stub_code,0,3,3,17127,0.0000
0x004b4c18,0x004b4c18,,stub_code,0,1,1,17127,0.0000
0x00185eb0,0x00185eb0,,,1,0,1,17127,0.0000
0x00598860,0x00598860,,stub_code,0,4,4,17127,0.0000
0x0025e2a0,0x0025e2a0,,stub_code,0,1,1,17127,0.0000
0x0055fe80,0x0055fe80,,stub_code,0,8,8,17127,0.0000
0x003da270,0x003da270,,stub_code,2,9,11,17127,15.0000
0x0047ab88,0x0047ab88,,stub_code,0,2,2,17127,0.0000
0x0030fbc0,0x0030fbc0,,stub_code,0,6,6,17127,0.0000
0x003488e0,0x003488e0,,stub_code,1,3,4,17127,0.0000
0x001c80f0,0x001c80f0,,stub_code,1,1,2,17127,0.0000
0x001d1270,0x001d1270,,stub_code,0,1,1,17127,0.0000
0x0048ba78,0x0048ba78,,,1,0,1,17127,0.0000
0x00508cb0,0x00508cb0,,stub_code,0,0,0,1,0.0000
0x0047e090,0x0047e090,,stub_code,0,4,4,17127,0.0000
0x00249540,0x00249540,,stub_code,0,2,2,20,0.0000
0x004a1b18,0x004a1b18,,stub_code,0,2,2,17127,0.0000
0x0018b540,0x0018b540,,stub_code,1,1,2,17127,0.0000
0x0035f730,0x0035f730,,stub_code,0,1,1,17127,0.0000
0x00269d20,0x00269d20,,stub_code,2,9,11,17127,0.0000
0x004ba510,0x004ba510,,,1,0,1,17127,0.0000
0x005e52b0,0x005e52b0,,,2,0,2,17127,0.0000
0x004d8990,0x004d8990,,stub_code,7,2,9,17127,0.0000
0x00593c90,0x00593c90,,,1,0,1,2,0.0000
0x003600a0,0x003600a0,,stub_code,0,2,2,17127,0.0000
0x0043c8b0,0x0043c8b0,,,1,0,1,17127,0.0000
0x00464758,0x00464758,,,1,0,1,17127,0.0000
0x0051d3d0,0x0051d3d0,,stub_code,12,4,16,17127,0.8333
0x0041c210,0x0041c210,,stub_code,1,1,2,17127,0.0000
0x0059cca0,0x0059cca0,,stub_code,0,1,1,2,0.0000
0x0023c680,0x0023c680,,stub_code,7,1,8,17127,0.2500
0x00243810,0x00243810,,stub_code,1,2,3,17127,0.0000
0x002c7a20,0x002c7a20,,,1,0,1,17127,0.0000
0x00427de0,0x00427de0,,stub_code,1,2,3,17127,0.0000
0x003c2cf0,0x003c2cf0,,,5,0,5,17127,0.0000
0x003ea650,0x003ea650,,stub_code,3,9,12,17127,4.0000
0x0016d3b0,0x0016d3b0,,stub_code,1,6,7,17127,0.0000
0x0045be10,0x0045be10,,stub_code,3,3,6,17127,15.0000
0x0048b8b8,0x0048b8b8,,,1,0,1,2,0.0000
0x00574900,0x00574900,,,5,0,5,17127,0.0000
0x00270490,0x00270490,,stub_code,1,2,3,17127,0.0000
0x003723c0,0x003723c0,,,3,0,3,17127,0.0000
0x002f7320,0x002f7320,,stub_code,2,0,2,17127,0.0000
0x0035e6f0,0x0035e6f0,,stub_code,1,2,3,17127,0.0000
0x0034c370,0x0034c370,,stub_code,1,0,1,17127,0.0000
0x005cebe0,0x005cebe0,,stub_code,1,0,1,17127,0.0000
0x0036a3c0,0x0036a3c0,,stub_code,0,10,10,17127,0.0000
0x002ce800,0x002ce800,,stub_code,1,1,2,17127,0.0000
0x002eb7a0,0x002eb7a0,,stub_code,0,1,1,17127,0.0000
0x003c8ee0,0x003c8ee0,,stub_code,2,8,10,17127,18.0000
0x0043bc40,0x0043bc40,,stub_code,21,7,28,17127,32.0000
0x002b00b0,0x002b00b0,,stub_code,1,1,2,17127,0.0000
0x004a3c90,0x004a3c90,,stub_code,1,4,5,17127,0.0000
0x001e45b0,0x001e45b0,,stub_code,2,4,6,17127,0.0000
0x00258390,0x00258390,,stub_code,1,0,1,17127,0.0000
0x001b79d0,0x001b79d0,,,1,0,1,17127,0.0000
0x00447fb0,0x00447fb0,,stub_code,0,1,1,17127,0.0000
0x0059e270,0x0059e270,,stub_code,0,5,5,17127,0.0000
0x0040e390,0x0040e390,,stub_code,2,3,5,17127,0.0000
0x00473ef0,0x00473ef0,,,2,0,2,17127,0.0000
0x0024c5a0,0x0024c5a0,,stub_code,0,1,1,17127,0.0000
0x005cdfc0,0x005cdfc0,,stub_code,1,1,2,17127,0.0000
0x002d9a00,0x002d9a00,,stub_code,0,1,1,17127,0.0000
0x0012e190,0x0012e190,,,2,0,2,17127,0.0000
0x0046d3c0,0x0046d3c0,,stub_code,5,2,7,17127,0.0000
0x001492d0,0x001492d0,,,2,0,2,17127,0.0000
0x001c6c10,0x001c6c10,,stub_code,0,2,2,17127,0.0000
0x001aac70,0x001aac70,,stub_code,0,1,1,17127,0.0000
0x00294500,0x00294500,,stub_code,1,4,5,17127,0.0000
0x005b8130,0x005b8130,,stub_code,0,3,3,17127,0.0000
0x00536b00,0x00536b00,,stub_code,2,1,3,17127,0.0000
0x002edd60,0x002edd60,,,1,0,1,17127,0.0000
0x00347330,0x00347330,,,4,0,4,17127,0.0000
0x005819d0,0x005819d0,,stub_code,0,2,2,17127,0.0000
0x00530210,0x00530210,,stub_code,0,2,2,17127,0.0000
0x0026bd90,0x0026bd90,,,1,0,1,17127,0.0000
0x004dafc0,0x004dafc0,,stub_code,0,5,5,17127,0.0000
0x004f0c00,0x004f0c00,,stub_code,0,0,0,1,0.0000
0x00267390,0x00267390,,stub_code,2,2,4,17127,0.0000
0x0023e7d0,0x0023e7d0,,stub_code,0,2,2,17127,0.0000
0x00114b70,0x00114b70,,stub_code,1,2,3,17127,0.0000
0x0024f050,0x0024f050,,stub_code,0,0,0,1,0.0000
0x0010f140,0x0010f140,,,1,0,1,17127,0.0000
0x003fff80,0x003fff80,,stub_code,0,2,2,17127,0.0000
0x003e4bd0,0x003e4bd0,,stub_code,3,2,5,17127,0.0000
0x00125b40,0x00125b40,,,1,0,1,17127,0.0000
0x0055c410,0x0055c410,,stub_code,0,4,4,17127,0.0000
0x0043f0d0,0x0043f0d0,,,4,0,4,17127,0.0000
0x0058d570,0x0058d570,,,1,0,1,17127,0.0000
0x00477a40,0x00477a40,,,1,0,1,2,0.0000
0x002feeb0,0x002feeb0,,stub_code,0,6,6,17127,0.0000
0x004d8570,0x004d8570,,stub_code,0,4,4,17127,0.0000
0x0058a240,0x0058a240,,,2,0,2,17127,0.0000
0x001bb010,0x001bb010,,,2,0,2,17127,0.0000
0x0029edf0,0x0029edf0,,stub_code,1,1,2,17127,2.0000
0x004df460,0x004df460,,,3,0,3,17127,0.0000
0x002c1b10,0x002c1b10,,stub_code,1,1,2,17127,0.0000
0x00537900,0x00537900,,stub_code,0,1,1,17127,0.0000
0x00441e10,0x00441e10,,stub_code,0,7,7,17127,0.0000
0x004d7680,0x004d7680,,stub_code,0,1,1,17127,0.0000
0x0046e348,0x0046e348,,stub_code,4,2,6,17127,0.0000
0x005ef150,0x005ef150,,stub_code,1,5,6,17127,0.0000
0x001df9f0,0x001df9f0,,stub_code,0,9,9,17127,0.0000
0x002b0670,0x002b0670,,stub_code,1,2,3,17127,0.0000
0x002059c0,0x002059c0,,stub_code,0,0,0,1,0.0000
0x005911f0,0x005911f0,,stub_code,0,8,8,17127,0.0000
0x003678e0,0x003678e0,,stub_code,3,2,5,17127,0.0000
0x00479948,0x00479948,,stub_code,0,3,3,17127,0.0000
0x00556cf0,0x00556cf0,,,8,0,8,17127,0.0000
0x001a8780,0x001a8780,,stub_code,0,1,1,17127,0.0000
0x00561fa0,0x00561fa0,,stub_code,0,2,2,17127,0.0000
0x004f6c90,0x004f6c90,,stub_code,1,10,11,17127,0.0000
0x00416c80,0x00416c80,,stub_code,0,2,2,17127,0.0000
0x003dcbb0,0x003dcbb0,,stub_code,1,5,6,17127,5.1667
0x0031bea0,0x0031bea0,,,1,0,1,17127,0.0000
0x0058a010,0x0058a010,,,1,0,1,5,0.0000
0x0053d4d0,0x0053d4d0,,stub_code,2,2,4,17127,0.0000
0x002b67a0,0x002b67a0,,stub_code,1,1,2,17127,0.0000
0x002f1f50,0x002f1f50,,stub_code,3,2,5,17127,0.0000
0x003bff30,FUN_003bff30,,real_logic,1,0,1,17127,0.0000
0x0048c870,0x0048c870,,stub_code,2,4,6,17127,0.0000
0x00180560,0x00180560,,stub_code,1,5,6,17127,0.0000
0x005e9d90,0x005e9d90,,,1,0,1,2,0.0000
0x0015da50,0x0015da50,,,2,0,2,17127,0.0000
0x0023dbc0,0x0023dbc0,,stub_code,5,0,5,17127,0.0000
0x00514420,0x00514420,,stub_code,7,1,8,17127,0.0000
0x0042a7f8,FUN_0042a7f8,,real_logic,0,1,1,17127,0.0000
0x00123f30,0x00123f30,,stub_code,0,0,0,1,0.0000
0x004c31b0,0x004c31b0,,stub_code,17,2,19,17127,0.0000
0x0012d9f0,0x0012d9f0,,stub_code,0,1,1,4,0.0000
0x00181500,FUN_00181500,,pseudo_stub,3,1,4,17127,12.0000
0x003fdab8,0x003fdab8,,stub_code,1,3,4,17127,0.0000
0x002aed70,0x002aed70,,stub_code,1,1,2,17127,0.0000
0x0035f340,0x0035f340,,,1,0,1,17127,0.0000
0x0033d650,0x0033d650,,stub_code,1,3,4,17127,52.0000
0x00349780,0x00349780,,stub_code,0,1,1,17127,0.0000
0x003d8990,0x003d8990,,stub_code,1,2,3,17127,0.4000
0x004d7850,0x004d7850,,stub_code,0,3,3,17127,0.0000
0x004afa20,0x004afa20,,stub_code,0,1,1,17127,0.0000
0x004f6b20,0x004f6b20,,stub_code,2,7,9,17127,0.0000
0x00580d70,0x00580d70,,stub_code,3,2,5,17127,0.0000
0x0054b0d0,0x0054b0d0,,stub_code,0,1,1,17127,0.0000
0x0037cf30,0x0037cf30,,stub_code,1,2,3,17127,0.0000
0x004f1610,0x004f1610,,stub_code,0,0,0,1,0.0000
0x00329c20,0x00329c20,,stub_code,0,1,1,17127,0.0000
0x00380270,0x00380270,,,1,0,1,17127,0.0000
0x0055e490,0x0055e490,,stub_code,0,1,1,17127,0.0000
0x004c82e0,0x004c82e0,,,3,0,3,17127,0.0000
0x0043cb20,0x0043cb20,,,56,0,56,17127,0.0000
0x0049fe90,0x0049fe90,,stub_code,1,2,3,17127,6.0000
0x00534f60,0x00534f60,,stub_code,0,0,0,1,0.0000
0x0046d540,0x0046d540,,stub_code,0,0,0,1,0.0000
0x003d3310,0x003d3310,,stub_code,1,12,13,17127,4.0000
0x001361f0,0x001361f0,,stub_code,0,1,1,17127,0.0000
0x00554250,0x00554250,,stub_code,6,16,22,17127,26.6667
0x002af5e0,0x002af5e0,,stub_code,1,2,3,17127,0.0000
0x003d39b0,0x003d39b0,,stub_code,1,19,20,17127,5.0000
0x004dcfb0,0x004dcfb0,,stub_code,0,6,6,17127,0.0000
0x004bdb00,0x004bdb00,,stub_code,0,3,3,17127,0.0000
0x001b1120,0x001b1120,,stub_code,4,0,4,17127,0.0000
0x00283670,0x00283670,,stub_code,0,4,4,17127,0.0000
0x00100250,0x00100250,,,2,0,2,17127,0.0000
0x00484c28,0x00484c28,,,1,0,1,17127,0.0000
0x0011c400,0x0011c400,,stub_code,0,7,7,17127,0.0000
0x004f1530,0x004f1530,,stub_code,0,0,0,1,0.0000
0x0039cfd0,0x0039cfd0,,,1,0,1,17127,0.0000
0x00261090,0x00261090,,stub_code,1,3,4,17127,0.0000
0x002afea0,0x002afea0,,stub_code,1,2,3,17127,0.0000
0x0043cec0,0x0043cec0,,,1,0,1,17127,0.0000
0x002db620,0x002db620,,stub_code,1,2,3,17127,0.0000
0x00349800,0x00349800,,,1,0,1,17127,0.0000
0x0010c820,FUN_0010c820,,real_logic,0,0,0,1,0.0000
0x00279900,0x00279900,,stub_code,1,1,2,17127,0.0000
0x0017b9d0,0x0017b9d0,,,2,0,2,17127,0.0000
0x002ee300,0x002ee300,,,2,0,2,17127,0.0000
0x0058edc0,0x0058edc0,,stub_code,0,1,1,17127,0.0000
0x00261970,0x00261970,,,3,0,3,17127,0.0000
0x005f4a20,0x005f4a20,,,2,0,2,17127,0.0000
0x002af6d0,0x002af6d0,,stub_code,2,1,3,17127,0.0000
0x0053a540,0x0053a540,,stub_code,0,1,1,17127,0.0000
0x00592e30,0x00592e30,,stub_code,0,21,21,17127,0.0000
0x00131aa0,0x00131aa0,,stub_code,0,1,1,17127,0.0000
0x0011c8e0,0x0011c8e0,,stub_code,1,4,5,17127,0.0000
0x001030f0,0x001030f0,,stub_code,0,1,1,17127,0.0000
0x003a1fd0,0x003a1fd0,,stub_code,0,3,3,17127,0.0000
0x0014cfa0,0x0014cfa0,,stub_code,2,2,4,17127,0.0000
0x003674c0,0x003674c0,,stub_code,25,6,31,17127,0.0000
0x00493c78,0x00493c78,,stub_code,0,1,1,17127,0.0000
0x00240d10,0x00240d10,,stub_code,0,4,4,17127,0.0000
0x005d9f60,0x005d9f60,,stub_code,0,2,2,17127,0.0000
0x00108a80,0x00108a80,,stub_code,2,2,4,17127,0.0000
0x00497838,0x00497838,,stub_code,3,3,6,17127,0.0000
0x0024ddf0,0x0024ddf0,,stub_code,0,0,0,1,0.0000
0x0045f648,0x0045f648,,,1,0,1,17127,0.0000
0x00271eb0,0x00271eb0,,stub_code,1,2,3,17127,0.0000
0x0053d1c0,0x0053d1c0,,stub_code,0,1,1,17127,0.0000
0x00287bd0,0x00287bd0,,stub_code,0,1,1,17127,0.0000
0x0021cb60,0x0021cb60,,stub_code,6,8,14,17127,0.0000
0x0051da50,0x0051da50,,stub_code,1,8,9,17127,0.0000
0x0015d670,0x0015d670,,stub_code,1,2,3,17127,0.0000
0x00540780,FUN_00540780,,real_logic,1,0,1,17127,0.0000
0x0026b6e0,0x0026b6e0,,stub_code,1,3,4,17127,0.0000
0x00120810,0x00120810,,stub_code,1,5,6,17127,0.0000
0x0033a760,0x0033a760,,stub_code,0,1,1,4,0.0000
0x00478f40,0x00478f40,,stub_code,0,3,3,17127,0.0000
0x0049ece8,0x0049ece8,,,2,0,2,17127,0.0000
0x004c3580,0x004c3580,,stub_code,0,3,3,17127,0.0000
0x003be4f0,0x003be4f0,,stub_code,1,2,3,17127,0.0000
0x004b1dd8,0x004b1dd8,,,3,0,3,4,0.0000
0x00343890,0x00343890,,stub_code,1,1,2,17127,2.0000
0x002ae230,0x002ae230,,stub_code,0,3,3,17127,0.0000
0x005d92b0,0x005d92b0,,stub_code,0,1,1,17127,0.0000
0x0046f180,0x0046f180,,,1,0,1,17127,0.0000
0x001ef4b0,0x001ef4b0,,stub_code,0,2,2,17127,0.0000
0x00247690,0x00247690,,stub_code,1,1,2,17127,0.0000
0x00301890,0x00301890,,stub_code,0,3,3,17127,0.0000
0x0035c020,0x0035c020,,stub_code,1,3,4,17127,0.0000
0x004fd470,0x004fd470,,stub_code,0,9,9,17127,0.0000
0x00115fe0,0x00115fe0,,stub_code,6,2,8,17127,0.0000
0x00226180,0x00226180,,stub_code,0,0,0,1,0.0000
0x003aae30,0x003aae30,,stub_code,1,3,4,17127,0.0000
0x0018ed90,0x0018ed90,,stub_code,0,0,0,1,0.0000
0x0033d310,0x0033d310,,,3,0,3,17127,0.0000
0x001db300,0x001db300,,stub_code,0,0,0,1,0.0000
0x002afd20,0x002afd20,,stub_code,1,2,3,17127,0.0000
0x00248a40,0x00248a40,,,1,0,1,17127,0.0000
0x003b2c80,0x003b2c80,,stub_code,0,4,4,17127,0.0000
0x00461340,0x00461340,,stub_code,1,1,2,17127,0.0000
0x0049e6c8,0x0049e6c8,,stub_code,1,1,2,17127,0.0000
0x0043ceb0,0x0043ceb0,,,1,0,1,17127,0.0000
0x004b3df0,0x004b3df0,,stub_code,1,3,4,17127,0.0000
0x004b8620,0x004b8620,,stub_code,4,0,4,17127,0.0000
0x003ff3e0,0x003ff3e0,,stub_code,29,5,34,17127,0.0000
0x004e2d40,0x004e2d40,,,3,0,3,17127,0.0000
0x002d82c0,0x002d82c0,,,1,0,1,17127,0.0000
0x0058a740,0x0058a740,,,1,0,1,17127,0.0000
0x00390af0,0x00390af0,,stub_code,0,3,3,17127,0.0000
0x00320f30,0x00320f30,,stub_code,2,2,4,17127,0.0000
0x00155810,0x00155810,,stub_code,0,1,1,17127,0.0000
0x00460a38,0x00460a38,,,2,0,2,17127,0.0000
0x005eee10,0x005eee10,,stub_code,0,4,4,17127,0.0000
0x004e15a0,0x004e15a0,,stub_code,3,1,4,17127,0.0000
0x0035e3b0,0x0035e3b0,,stub_code,0,4,4,17127,0.0000
0x001de300,0x001de300,,stub_code,0,2,2,17127,0.0000
0x004846a8,0x004846a8,,stub_code,0,1,1,17127,0.0000
0x00131730,0x00131730,,,1,0,1,17127,0.0000
0x004dd7a0,0x004dd7a0,,stub_code,0,3,3,17127,0.0000
0x005e6700,0x005e6700,,,2,0,2,17127,0.0000
0x005efa60,0x005efa60,,stub_code,0,5,5,17127,0.0000
0x0053db20,0x0053db20,,stub_code,0,5,5,17127,0.0000
0x0054d240,0x0054d240,,,1,0,1,17127,0.0000
0x0026f400,0x0026f400,,stub_code,0,0,0,1,0.0000
0x0040bd20,0x0040bd20,,stub_code,1,1,2,17127,0.0000
0x0038dea0,0x0038dea0,,,1,0,1,17127,0.0000
0x005ab930,0x005ab930,,stub_code,1,2,3,17127,0.0000
0x00428a58,0x00428a58,,,2,0,2,17127,0.0000
0x0045d720,0x0045d720,,stub_code,0,3,3,17127,0.0000
0x0049ec50,0x0049ec50,,stub_code,1,4,5,17127,7.0000
0x004becc0,0x004becc0,,stub_code,0,1,1,2,0.0000
0x003df230,0x003df230,,stub_code,1,2,3,17127,0.0000
0x00127450,0x00127450,,stub_code,1,3,4,17127,0.0000
0x003690c0,0x003690c0,,stub_code,1,4,5,17127,0.0000
0x0019d700,0x0019d700,,stub_code,0,0,0,1,0.0000
0x00564e90,FUN_00564e90,,pseudo_stub,1,2,3,17127,0.0000
0x001b1000,0x001b1000,,stub_code,1,1,2,17127,0.0000
0x001f4ca0,0x001f4ca0,,stub_code,0,2,2,17127,0.0000
0x0030f9d0,0x0030f9d0,,stub_code,0,1,1,17127,0.0000
0x002d02d0,0x002d02d0,,stub_code,0,20,20,17127,0.0000
0x00361b70,0x00361b70,,stub_code,1,2,3,17127,0.0000
0x00411d60,0x00411d60,,stub_code,1,5,6,17127,0.0000
0x003c42d0,0x003c42d0,,stub_code,3,3,6,17127,8.0000
0x003aef30,0x003aef30,,stub_code,1,3,4,17127,0.0000
0x004b4258,0x004b4258,,,1,0,1,17127,0.0000
0x002482b0,0x002482b0,,stub_code,0,0,0,1,0.0000
0x001826e0,0x001826e0,,,1,0,1,17127,0.0000
0x0034d5f0,0x0034d5f0,,,5,0,5,17127,0.0000
0x0049fb50,0x0049fb50,,stub_code,1,1,2,17127,0.0000
0x0053acd0,0x0053acd0,,stub_code,0,1,1,17127,0.0000
0x002374b0,0x002374b0,,stub_code,4,1,5,17127,0.0000
0x0043dc08,0x0043dc08,,stub_code,1,1,2,17127,0.0000
0x00515d70,0x00515d70,,stub_code,4,5,9,17127,0.0000
0x001cdac0,0x001cdac0,,stub_code,1,15,16,17127,113.7524
0x001d20c0,0x001d20c0,,stub_code,0,1,1,17127,0.0000
0x004fde70,0x004fde70,,stub_code,1,4,5,17127,0.0000
0x0032e230,0x0032e230,,stub_code,0,6,6,17127,0.0000
0x00260d90,0x00260d90,,stub_code,1,2,3,17127,0.0000
0x00557ed0,0x00557ed0,,,3,0,3,17127,0.0000
0x00447638,0x00447638,,,1,0,1,17127,0.0000
0x001861d0,0x001861d0,,,3,0,3,17127,0.0000
0x003505c0,0x003505c0,,stub_code,0,1,1,17127,0.0000
0x004c1da0,0x004c1da0,,,4,0,4,17127,0.0000
0x00540100,0x00540100,,stub_code,0,0,0,1,0.0000
0x004c07f0,0x004c07f0,,stub_code,3,2,5,17127,0.0000
0x0042c238,FUN_0042c238,,real_logic,12,3,15,17127,436.4000
0x0048bcf0,FUN_0048bcf0,,pseudo_stub,0,0,0,1,0.0000
0x00343420,0x00343420,,stub_code,0,1,1,17127,0.0000
0x00322b10,0x00322b10,,stub_code,0,3,3,17127,0.0000
0x002b0b30,0x002b0b30,,stub_code,1,2,3,17127,0.0000
0x00279430,0x00279430,,stub_code,0,22,22,17127,0.0000
0x002ee410,0x002ee410,,stub_code,0,1,1,17127,0.0000
0x00317450,0x00317450,,,1,0,1,17127,0.0000
0x0031f8c0,0x0031f8c0,,stub_code,0,8,8,17127,0.0000
0x003211c0,0x003211c0,,stub_code,0,7,7,17127,0.0000
0x004e67e0,0x004e67e0,,stub_code,0,3,3,17127,0.0000
0x001b0d10,0x001b0d10,,stub_code,1,3,4,17127,0.0000
0x002a4730,0x002a4730,,,1,0,1,17127,0.0000
0x0046e4d0,0x0046e4d0,,stub_code,0,3,3,17127,0.0000
0x004b8848,0x004b8848,,stub_thunk,0,0,0,1,0.0000
0x00545820,0x00545820,,,2,0,2,17127,0.0000
0x005b79e0,0x005b79e0,,stub_code,0,4,4,17127,0.0000
0x0039a800,0x0039a800,,stub_code,0,4,4,17127,0.0000
0x00511a30,0x00511a30,,stub_code,2,0,2,17127,0.0000
0x001c13f0,0x001c13f0,,stub_code,1,1,2,17127,0.0000
0x0034e8f0,0x0034e8f0,,stub_code,0,1,1,17127,0.0000
0x004a3628,0x004a3628,,stub_code,3,2,5,17127,0.0000
0x0059bf40,0x0059bf40,,stub_code,0,5,5,17127,0.0000
0x002a4520,0x002a4520,,stub_code,3,1,4,17127,0.0000
0x003bf4c0,0x003bf4c0,,stub_code,2,8,10,17127,16.0000
0x004b7c58,0x004b7c58,,stub_code,0,0,0,1,0.0000
0x004a3e30,0x004a3e30,,stub_code,1,4,5,17127,0.0000
0x0022c1d0,0x0022c1d0,,stub_code,1,13,14,17127,0.0000
0x002551a0,0x002551a0,,stub_code,0,0,0,1,0.0000
0x001f0a30,0x001f0a30,,stub_code,0,3,3,17127,0.0000
0x00156c10,0x00156c10,,stub_code,0,2,2,17127,0.0000
0x0058d6d0,0x0058d6d0,,,7,0,7,17127,0.0000
0x004b2da8,0x004b2da8,,,1,0,1,17127,0.0000
0x004a5610,0x004a5610,,,1,0,1,17127,0.0000
0x00206630,0x00206630,,stub_code,0,3,3,17127,0.0000
0x0018df70,0x0018df70,,,1,0,1,17127,0.0000
0x0036ea00,0x0036ea00,,stub_code,1,2,3,17127,0.0000
0x00477a08,0x00477a08,,,10,0,10,17127,0.0000
0x0017fd40,0x0017fd40,,stub_code,1,2,3,17127,0.0000
0x0046ed78,0x0046ed78,,stub_code,2,3,5,17127,1.0000
0x004da9f0,0x004da9f0,,stub_code,1,4,5,17127,0.0000
0x005483c0,0x005483c0,,stub_code,0,1,1,17127,0.0000
0x004a54c8,0x004a54c8,,stub_code,24,1,25,17127,3.0000
0x004bebd0,0x004bebd0,,,1,0,1,2,0.0000
0x00475720,FUN_00475720,,pseudo_stub,0,0,0,1,0.0000
0x002b1720,0x002b1720,,,1,0,1,17127,0.0000
0x004da7d0,0x004da7d0,,stub_code,0,5,5,17127,0.0000
0x0049d1c8,0x0049d1c8,,,2,0,2,17127,0.0000
0x005b99b0,0x005b99b0,,stub_code,0,1,1,17127,0.0000
0x005ee810,0x005ee810,,stub_code,0,3,3,17127,0.0000
0x0043d990,0x0043d990,,stub_code,3,2,5,17127,0.0000
0x0012e660,0x0012e660,,stub_code,1,13,14,17127,0.0000
0x001fa100,0x001fa100,,stub_code,0,3,3,17127,0.0000
0x004b6c00,0x004b6c00,,stub_code,0,0,0,1,0.0000
0x004c59f0,0x004c59f0,,stub_code,0,3,3,17127,0.0000
0x001fa890,0x001fa890,,stub_code,0,0,0,1,0.0000
0x0042f368,0x0042f368,,,1,0,1,17127,0.0000
0x004828e0,0x004828e0,,,3,0,3,17127,0.0000
0x00290d60,0x00290d60,,stub_code,1,1,2,17127,0.0000
0x002e7130,0x002e7130,,,1,0,1,17127,0.0000
0x00474b90,0x00474b90,,stub_code,1,3,4,17127,0.0000
0x004a36f0,0x004a36f0,,stub_code,1,1,2,17127,0.0000
0x0016d510,0x0016d510,,stub_code,1,2,3,17127,0.0000
0x002a6040,0x002a6040,,stub_code,1,3,4,17127,0.0000
0x004ac898,0x004ac898,,,1,0,1,17127,0.0000
0x0053b3c0,0x0053b3c0,,stub_code,0,1,1,17127,0.0000
0x001d2f00,0x001d2f00,,stub_code,0,1,1,5,0.0000
0x002b3930,0x002b3930,,,26,0,26,17127,0.0000
0x004a1670,0x004a1670,,stub_code,0,1,1,17127,0.0000
0x002a32e0,0x002a32e0,,stub_code,1,2,3,17127,0.0000
0x002ceac0,0x002ceac0,,,1,0,1,17127,0.0000
0x002b0c90,0x002b0c90,,stub_code,1,2,3,17127,0.0000
0x00594b60,0x00594b60,,stub_code,0,1,1,2,0.0000
0x004a0e30,0x004a0e30,,stub_code,1,1,2,17127,0.0000
0x00540160,0x00540160,,stub_code,0,0,0,1,0.0000
0x0049c028,0x0049c028,,stub_code,1,3,4,17127,0.0000
0x00588ca0,0x00588ca0,,,10,0,10,17127,0.0000
0x00160a60,0x00160a60,,,2,0,2,17127,0.0000
0x004e64b0,0x004e64b0,,stub_code,0,1,1,17127,0.0000
0x00475cb0,0x00475cb0,,stub_code,1,5,6,17127,0.0000
0x0059f600,0x0059f600,,,1,0,1,2,0.0000
0x0023db20,0x0023db20,,stub_code,4,0,4,17127,0.0000
0x002b8fe0,0x002b8fe0,,stub_code,4,12,16,17127,35.4000
0x0019f1f0,0x0019f1f0,,stub_code,1,4,5,17127,0.0000
0x003aa9b0,0x003aa9b0,,stub_code,1,0,1,17127,0.0000
0x004817d0,0x004817d0,,stub_code,0,4,4,17127,0.0000
0x0049e8e8,0x0049e8e8,,stub_code,0,2,2,17127,0.0000
0x005878f0,0x005878f0,,stub_code,1,1,2,17127,0.0000
0x00531950,0x00531950,,,10,0,10,17127,0.0000
0x0056e2e0,0x0056e2e0,,stub_code,0,2,2,17127,0.0000
0x004a1fd0,0x004a1fd0,,,1,0,1,17127,0.0000
0x0046d778,0x0046d778,,stub_code,2,19,21,17127,46.2000
0x0036cf40,0x0036cf40,,,1,0,1,17127,0.0000
0x00253ad0,0x00253ad0,,stub_code,0,1,1,17127,0.0000
0x002a8bf0,0x002a8bf0,,stub_code,1,4,5,17127,0.0000
0x0040a4b0,0x0040a4b0,,stub_code,2,5,7,17127,5.0000
0x002528d0,0x002528d0,,stub_code,0,1,1,17127,0.0000
0x004977e0,0x004977e0,,stub_code,1,2,3,17127,0.0000
0x004ae370,0x004ae370,,stub_code,2,1,3,17127,0.0000
0x003325a0,0x003325a0,,stub_code,0,3,3,17127,0.0000
0x002169b0,0x002169b0,,,3,0,3,17127,0.0000
0x00076460,0x00076460,,,3,0,3,8,0.0000
0x00255710,0x00255710,,stub_code,0,2,2,17127,0.0000
0x005a3090,0x005a3090,,stub_code,0,1,1,2,0.0000
0x005a6930,0x005a6930,,,1,0,1,2,0.0000
0x0011d040,0x0011d040,,,5,0,5,17127,0.0000
0x001b71a0,0x001b71a0,,stub_code,1,1,2,17127,0.0000
0x00429cf0,0x00429cf0,,stub_code,2,1,3,17127,0.0000
0x002064a0,0x002064a0,,stub_code,1,1,2,17127,0.0000
0x0059d9e0,0x0059d9e0,,stub_code,0,9,9,17127,0.0000
0x0031d870,0x0031d870,,stub_code,1,1,2,17127,0.0000
0x00584920,0x00584920,,stub_code,5,2,7,17127,0.0000
0x0034bb50,0x0034bb50,,stub_code,0,3,3,17127,0.0000
0x004d82e0,0x004d82e0,,stub_code,0,4,4,17127,0.0000
0x004d7190,0x004d7190,,stub_code,0,1,1,17127,0.0000
0x0054d1a0,0x0054d1a0,,stub_code,2,2,4,17127,0.0000
0x0032ac60,0x0032ac60,,stub_code,1,1,2,17127,0.0000
0x00406520,0x00406520,,stub_code,0,2,2,17127,0.0000
0x00129150,0x00129150,,,1,0,1,2,0.0000
0x00417d20,0x00417d20,,,2,0,2,17127,0.0000
0x002f90e0,0x002f90e0,,stub_code,1,2,3,17127,0.0000
0x002d2790,0x002d2790,,,2,0,2,17127,0.0000
0x002d9dc0,0x002d9dc0,,stub_code,3,2,5,17127,0.0000
0x00342a40,0x00342a40,,stub_code,0,10,10,17127,0.0000
0x0045dd38,0x0045dd38,,stub_code,1,4,5,17127,0.0000
0x00443ac0,0x00443ac0,,stub_code,1,1,2,17127,0.0000
0x004840d0,0x004840d0,,stub_code,0,0,0,1,0.0000
0x0054a070,0x0054a070,,,2,0,2,17127,0.0000
0x00127660,0x00127660,,stub_code,0,1,1,17127,0.0000
0x0046e558,0x0046e558,,stub_code,1,3,4,17127,1.0000
0x00350c20,0x00350c20,,,1,0,1,17127,0.0000
0x005b9ab0,0x005b9ab0,,stub_code,0,12,12,17127,0.0000
0x001ec3d0,0x001ec3d0,,stub_code,7,3,10,17127,0.0000
0x0024a570,0x0024a570,,stub_code,0,1,1,17127,0.0000
0x004b9a30,0x004b9a30,,,1,0,1,17127,0.0000
0x003348c0,0x003348c0,,stub_code,1,6,7,17127,0.0000
0x002052b0,0x002052b0,,stub_code,0,4,4,17127,0.0000
0x004ba8a0,0x004ba8a0,,,48,0,48,17127,0.0000
0x005818f0,0x005818f0,,stub_code,0,1,1,17127,0.0000
0x00306f50,0x00306f50,,stub_code,1,2,3,17127,0.0000
0x0033a570,0x0033a570,,stub_code,1,1,2,17127,0.0000
0x00223d90,0x00223d90,,stub_code,2,1,3,17127,0.0000
0x0041e2a0,0x0041e2a0,,,1,0,1,17127,0.0000
0x002b05f0,0x002b05f0,,stub_code,2,1,3,17127,0.0000
0x001a0a40,0x001a0a40,,stub_code,1,2,3,17127,0.0000
0x004666c0,0x004666c0,,stub_code,0,0,0,1,0.0000
0x004b2080,0x004b2080,,stub_code,1,3,4,17127,3.0000
0x003a9b60,0x003a9b60,,stub_code,0,3,3,17127,0.0000
0x00290650,0x00290650,,stub_code,0,4,4,17127,0.0000
0x00295ac0,0x00295ac0,,stub_code,2,2,4,17127,0.0000
0x00516f10,0x00516f10,,stub_code,0,1,1,17127,0.0000
0x0018ab80,0x0018ab80,,stub_code,0,3,3,17127,0.0000
0x0018fe40,0x0018fe40,,stub_code,0,4,4,17127,0.0000
0x00272a00,0x00272a00,,stub_code,0,4,4,17127,0.0000
0x003f54f0,0x003f54f0,,stub_code,2,1,3,17127,4.0000
0x00466420,0x00466420,,stub_code,1,0,1,2,0.0000
0x00417fb0,0x00417fb0,,,1,0,1,17127,0.0000
0x002a4740,0x002a4740,,stub_code,2,1,3,17127,0.0000
0x00317c40,0x00317c40,,stub_code,0,1,1,17127,0.0000
0x00530f20,0x00530f20,,stub_code,0,3,3,17127,0.0000
0x0054f310,0x0054f310,,stub_code,1,2,3,17127,0.0000
0x003dbd30,0x003dbd30,,stub_code,1,5,6,17127,1.0000
0x0031f4b0,0x0031f4b0,,stub_code,0,4,4,17127,0.0000
0x0026ff50,0x0026ff50,,,1,0,1,17127,0.0000
0x001ade50,0x001ade50,,stub_code,0,12,12,17127,0.0000
0x0047c068,FUN_0047c068,,pseudo_stub,9,0,9,17127,0.0000
0x004e87d0,0x004e87d0,,stub_code,1,2,3,17127,0.0000
0x00215730,0x00215730,,stub_code,1,1,2,17127,0.0000
0x0039a6f0,0x0039a6f0,,stub_code,1,0,1,17127,0.0000
0x003186a0,0x003186a0,,stub_code,0,4,4,17127,0.0000
0x00124870,0x00124870,,stub_code,0,4,4,17127,0.0000
0x00561ed0,0x00561ed0,,stub_code,0,1,1,17127,0.0000
0x002f4b90,0x002f4b90,,,1,0,1,17127,0.0000
0x0028d950,0x0028d950,,stub_code,1,2,3,17127,0.0000
0x003acba0,0x003acba0,,,1,0,1,17127,0.0000
0x0025d290,0x0025d290,,stub_code,0,0,0,1,0.0000
0x0042f450,0x0042f450,,,2,0,2,17127,0.0000
0x002b5b00,0x002b5b00,,stub_code,1,3,4,17127,0.0000
0x0042bd70,FUN_0042bd70,,real_logic,64,1,65,17127,42.0000
0x0025d810,0x0025d810,,stub_code,0,1,1,17127,0.0000
0x0013f450,0x0013f450,,,1,0,1,17127,0.0000
0x00439d70,0x00439d70,,stub_code,1,6,7,17127,0.0000
0x0033b2b0,0x0033b2b0,,stub_code,1,2,3,17127,0.0000
0x00261640,0x00261640,,,1,0,1,17127,0.0000
0x0042a0d0,0x0042a0d0,,stub_code,5,5,10,17127,0.0000
0x00197300,0x00197300,,stub_code,2,3,5,17127,0.0000
0x00470920,0x00470920,,stub_thunk,0,0,0,1,0.0000
0x00296ed0,0x00296ed0,,stub_code,6,2,8,17127,1.0000
0x0031e460,0x0031e460,,,3,0,3,17127,0.0000
0x0038f550,0x0038f550,,,2,0,2,17127,0.0000
0x0042cfe0,FUN_0042cfe0,,real_logic,1,2,3,17127,0.0000
0x004757e0,FUN_004757e0,,pseudo_stub,0,0,0,1,0.0000
0x0039c730,0x0039c730,,stub_code,1,5,6,17127,0.0000
0x00306a00,0x00306a00,,stub_code,0,3,3,17127,0.0000
0x001e7f10,0x001e7f10,,stub_code,0,6,6,17127,0.0000
0x00455220,0x00455220,,stub_code,2,5,7,17127,1.0000
0x004a5758,0x004a5758,,,1,0,1,17127,0.0000
0x004d5d00,0x004d5d00,,stub_code,4,2,6,17127,0.0000
0x0034af40,0x0034af40,,stub_code,0,2,2,17127,0.0000
0x004b5610,0x004b5610,,stub_code,0,2,2,17127,0.0000
0x002e0760,0x002e0760,,,1,0,1,17127,0.0000
0x004c9610,0x004c9610,,stub_code,0,5,5,17127,0.0000
0x004f6710,0x004f6710,,stub_code,1,5,6,17127,0.0000
0x0033ea30,0x0033ea30,,,10,0,10,17127,0.0000
0x00535080,0x00535080,,stub_code,0,1,1,17127,0.0000
0x001aae20,0x001aae20,,stub_code,0,1,1,17127,0.0000
0x001c78e0,0x001c78e0,,stub_code,0,0,0,1,0.0000
0x0030ed50,0x0030ed50,,stub_code,0,1,1,17127,0.0000
0x0024d3a0,0x0024d3a0,,stub_code,0,0,0,1,0.0000
0x00281ba0,0x00281ba0,,stub_code,0,1,1,17127,0.0000
0x004564c0,0x004564c0,,stub_code,2,6,8,17127,1.2000
0x0037bb60,0x0037bb60,,,1,0,1,17127,0.0000
0x0018ede0,0x0018ede0,,stub_code,1,2,3,17127,0.0000
0x005f2ab0,0x005f2ab0,,,8,0,8,17127,0.0000
0x001180f0,0x001180f0,,stub_code,19,2,21,17127,0.0000
0x0015da90,0x0015da90,,,1,0,1,17127,0.0000
0x00186e60,0x00186e60,,,1,0,1,17127,0.0000
0x00124fc0,0x00124fc0,,stub_code,0,3,3,17127,0.0000
0x00408860,0x00408860,,stub_code,3,6,9,17127,38.0000
0x00141f20,0x00141f20,,stub_code,1,9,10,17127,0.0000
0x0036b970,0x0036b970,,,1,0,1,17127,0.0000
0x004d3200,0x004d3200,,stub_code,0,6,6,17127,0.0000
0x00128210,0x00128210,,,5,0,5,17127,0.0000
0x004f10a0,0x004f10a0,,stub_code,0,0,0,1,0.0000
0x00535ea0,0x00535ea0,,stub_code,0,0,0,1,0.0000
0x0051b550,0x0051b550,,stub_code,5,3,8,17127,0.0000
0x001137f0,0x001137f0,,stub_code,0,22,22,17127,0.0000
0x002dd890,0x002dd890,,stub_code,0,6,6,17127,0.0000
0x0026d230,0x0026d230,,stub_code,74,2,76,17127,103.5000
0x00400990,0x00400990,,stub_code,4,1,5,17127,0.0000
0x001ac6a0,0x001ac6a0,,stub_code,1,20,21,17127,0.0000
0x00154350,0x00154350,,stub_code,1,2,3,17127,0.0000
0x004d6ce0,0x004d6ce0,,stub_code,0,2,2,17127,0.0000
0x002d50a0,0x002d50a0,,stub_code,0,4,4,17127,0.0000
0x0011ae50,0x0011ae50,,stub_code,3,2,5,17127,0.0000
0x005506d0,0x005506d0,,,2,0,2,17127,0.0000
0x0047aa58,0x0047aa58,,stub_code,1,2,3,17127,0.0000
0x004b56e8,0x004b56e8,,stub_code,0,2,2,17127,0.0000
0x00258920,0x00258920,,stub_code,0,0,0,1,0.0000
0x004e8090,0x004e8090,,stub_code,1,2,3,17127,0.0000
0x00134170,0x00134170,,stub_code,1,3,4,17127,0.0000
0x0028fed0,0x0028fed0,,stub_code,0,1,1,17127,0.0000
0x0059aa80,0x0059aa80,,,1,0,1,17127,0.0000
0x005d5520,0x005d5520,,stub_code,0,0,0,1,0.0000
0x0021c900,0x0021c900,,,1,0,1,17127,0.0000
0x00593230,0x00593230,,,1,0,1,17127,0.0000
0x001dff90,0x001dff90,,stub_code,0,8,8,17127,0.0000
0x00347650,0x00347650,,,11,0,11,17127,0.0000
0x0053ef00,0x0053ef00,,stub_code,0,4,4,17127,0.0000
0x002c7b10,0x002c7b10,,stub_code,8,4,12,17127,1.0000
0x0042ca08,0x0042ca08,,,1,0,1,17127,0.0000
0x004b68e8,0x004b68e8,,stub_code,0,1,1,2,0.0000
0x00496d10,0x00496d10,,,1,0,1,17127,0.0000
0x004bff10,0x004bff10,,stub_code,0,6,6,17127,0.0000
0x002eb270,0x002eb270,,stub_code,1,2,3,17127,0.0000
0x0016b5d0,0x0016b5d0,,stub_code,0,2,2,17127,0.0000
0x004e28a0,0x004e28a0,,stub_code,0,1,1,17127,0.0000
0x004e7000,0x004e7000,,stub_code,0,3,3,17127,0.0000
0x0053dad0,0x0053dad0,,stub_code,0,1,1,2,0.0000
0x002cba50,0x002cba50,,stub_code,1,2,3,17127,0.0000
0x001c4960,0x001c4960,,stub_code,2,1,3,17127,0.0000
0x005871a0,0x005871a0,,stub_code,0,1,1,8,0.0000
0x0025e0d0,0x0025e0d0,,stub_code,0,2,2,17127,0.0000
0x004b27c0,0x004b27c0,,,1,0,1,17127,0.0000
0x0051d560,0x0051d560,,stub_code,1,1,2,17127,0.0000
0x0035cfb0,0x0035cfb0,,stub_code,6,5,11,17127,0.0000
0x005408e0,FUN_005408e0,,pseudo_stub,1,1,2,17127,0.0000
0x0017d780,0x0017d780,,,5,0,5,17127,0.0000
0x001ab820,0x001ab820,,stub_code,0,1,1,17127,0.0000
0x00125c80,0x00125c80,,,1,0,1,17127,0.0000
0x0014eff0,0x0014eff0,,stub_code,0,6,6,17127,0.0000
0x001127e0,0x001127e0,,stub_code,0,1,1,17127,0.0000
0x00310d90,0x00310d90,,stub_code,0,6,6,17127,0.0000
0x001a48e0,0x001a48e0,,stub_code,0,1,1,17127,0.0000
0x005473f0,0x005473f0,,stub_code,0,1,1,17127,0.0000
0x002447d0,0x002447d0,,stub_code,0,8,8,17127,0.0000
0x00265d50,0x00265d50,,stub_code,1,2,3,17127,0.0000
0x004373d8,0x004373d8,,,1,0,1,17127,0.0000
0x0049b830,0x0049b830,,stub_code,0,1,1,2,0.0000
0x003a7360,0x003a7360,,stub_code,0,2,2,17127,0.0000
0x00416d80,0x00416d80,,,1,0,1,2,0.0000
0x00119b40,0x00119b40,,stub_code,1,70,71,17127,0.0000
0x002223f0,0x002223f0,,,1,0,1,17127,0.0000
0x0030e0d0,0x0030e0d0,,,1,0,1,17127,0.0000
0x004aed20,0x004aed20,,stub_code,2,5,7,17127,79.3333
0x005979e0,0x005979e0,,,1,0,1,2,0.0000
0x00448c10,0x00448c10,,stub_code,1,2,3,17127,1.3333
0x0035bc90,0x0035bc90,,stub_code,9,2,11,17127,0.0000
0x00276d50,0x00276d50,,stub_code,0,2,2,17127,0.0000
0x00152750,0x00152750,,,1,0,1,17127,0.0000
0x00430bb0,0x00430bb0,,stub_code,1,5,6,17127,0.0000
0x003283f0,0x003283f0,,stub_code,0,1,1,17127,0.0000
0x0048bc70,FUN_0048bc70,,pseudo_stub,0,0,0,1,0.0000
0x001e7620,0x001e7620,,stub_code,8,1,9,17127,0.0000
0x004bb410,0x004bb410,,stub_code,0,1,1,17127,0.0000
0x0056dd40,FUN_0056dd40,,pseudo_stub,0,1,1,17127,0.0000
0x0042f498,0x0042f498,,,11,0,11,17127,0.0000
0x005311b0,0x005311b0,,stub_code,0,4,4,17127,0.0000
0x0054ab00,0x0054ab00,,stub_code,0,4,4,17127,0.0000
0x005063c0,0x005063c0,,,2,0,2,17127,0.0000
0x004bb610,0x004bb610,,,2,0,2,17127,0.0000
0x0012dae0,0x0012dae0,,,1,0,1,17127,0.0000
0x001de3b0,0x001de3b0,,stub_code,1,1,2,17127,0.0000
0x00481d90,0x00481d90,,,1,0,1,17127,0.0000
0x003382a0,0x003382a0,,,6,0,6,17127,0.0000
0x00272480,0x00272480,,,1,0,1,17127,0.0000
0x0019fe40,0x0019fe40,,stub_code,0,2,2,17127,0.0000
0x005d9730,0x005d9730,,stub_code,0,0,0,1,0.0000
0x002ccd90,0x002ccd90,,stub_code,0,12,12,17127,0.0000
0x0018b4e0,0x0018b4e0,,,1,0,1,17127,0.0000
0x0017a570,0x0017a570,,stub_code,1,2,3,17127,0.0000
0x0022fc50,0x0022fc50,,stub_code,2,2,4,17127,0.0000
0x00312970,0x00312970,,stub_code,0,1,1,17127,0.0000
0x004f3850,0x004f3850,,,8,0,8,17127,0.0000
0x0049b7d0,FUN_0049b7d0,,pseudo_stub,1,0,1,17127,0.0000
0x0047fef0,0x0047fef0,,stub_code,2,5,7,17127,8.0000
0x00141ec0,0x00141ec0,,stub_code,1,3,4,17127,0.0000
0x0045b298,0x0045b298,,stub_code,0,3,3,17127,0.0000
0x005a53f0,0x005a53f0,,stub_code,0,1,1,2,0.0000
0x00405670,0x00405670,,stub_code,0,1,1,6,0.0000
0x005981c0,0x005981c0,,stub_code,0,1,1,2,0.0000
0x00203570,0x00203570,,stub_code,1,2,3,17127,0.0000
0x0012bfb0,0x0012bfb0,,stub_code,1,2,3,17127,0.0000
0x002e2e70,0x002e2e70,,stub_code,0,2,2,17127,0.0000
0x004bba30,0x004bba30,,stub_code,0,2,2,17127,0.0000
0x00294f70,0x00294f70,,stub_code,1,6,7,17127,0.0000
0x00171e10,0x00171e10,,stub_code,9,1,10,17127,0.5000
0x0059aa70,0x0059aa70,,,1,0,1,17127,0.0000
0x0024ab90,0x0024ab90,,stub_code,0,1,1,20,0.0000
0x002a4850,0x002a4850,,stub_code,2,1,3,17127,0.0000
0x002a3360,0x002a3360,,stub_code,1,2,3,17127,0.0000
0x002757b0,0x002757b0,,stub_code,0,10,10,17127,0.0000
0x005ab720,0x005ab720,,stub_code,0,1,1,17127,0.0000
0x0011c580,0x0011c580,,,1,0,1,17127,0.0000
0x00215890,0x00215890,,,17,0,17,17127,0.0000
0x004fc930,0x004fc930,,stub_code,0,0,0,1,0.0000
0x0033f220,0x0033f220,,stub_code,0,2,2,17127,0.0000
0x005c17c0,0x005c17c0,,stub_code,1,19,20,17127,0.0000
0x004aef88,0x004aef88,,stub_code,2,1,3,17127,2.0000
0x002539e0,0x002539e0,,stub_code,0,1,1,17127,0.0000
0x00274450,0x00274450,,stub_code,0,4,4,17127,0.0000
0x004b6c88,0x004b6c88,,stub_code,0,3,3,17127,0.0000
0x00549fd0,0x00549fd0,,stub_code,0,3,3,17127,0.0000
0x002527c0,0x002527c0,,stub_code,0,0,0,1,0.0000
0x004c9f10,0x004c9f10,,stub_code,0,0,0,1,0.0000
0x002dd760,0x002dd760,,stub_code,1,3,4,17127,0.0000
0x0031e240,0x0031e240,,stub_code,1,6,7,17127,0.0000
0x001dbea0,FUN_001dbea0,core/struct,real_logic,1,0,1,17127,0.0000
0x00499640,0x00499640,,stub_code,1,1,2,17127,0.0000
0x00482918,0x00482918,,,2,0,2,17127,0.0000
0x0026fb60,0x0026fb60,,stub_code,0,1,1,17127,0.0000
0x0019e0d0,0x0019e0d0,,stub_code,0,2,2,17127,0.0000
0x002417a0,0x002417a0,,stub_code,0,2,2,17127,0.0000
0x00349a90,0x00349a90,,stub_code,0,4,4,17127,0.0000
0x00423b80,0x00423b80,,stub_code,1,6,7,17127,0.0000
0x001db250,0x001db250,,stub_code,0,1,1,17127,0.0000
0x00472a50,0x00472a50,,stub_code,1,2,3,17127,0.0000
0x00416e40,0x00416e40,,stub_code,0,5,5,17127,0.0000
0x0018a0a0,0x0018a0a0,,,3,0,3,17127,0.0000
0x0038a850,0x0038a850,,stub_code,1,0,1,17127,0.0000
0x004e63c0,0x004e63c0,,,2,0,2,17127,0.0000
0x001ab550,0x001ab550,,stub_code,0,1,1,17127,0.0000
0x004c9340,0x004c9340,,stub_code,0,1,1,2,0.0000
0x00169770,0x00169770,,,2,0,2,17127,0.0000
0x0018dc20,0x0018dc20,,stub_code,1,1,2,17127,0.0000
0x00374770,0x00374770,,,5,0,5,17127,0.0000
0x002ae990,0x002ae990,,stub_code,1,2,3,17127,0.0000
0x0053af10,0x0053af10,,stub_code,0,1,1,17127,0.0000
0x0024bb80,0x0024bb80,,stub_code,0,1,1,17127,0.0000
0x005064a0,0x005064a0,,,4,0,4,17127,0.0000
0x001317d0,0x001317d0,,stub_code,2,1,3,17127,0.0000
0x001558e0,0x001558e0,,stub_code,0,2,2,17127,0.0000
0x002f76e0,0x002f76e0,,,1,0,1,17127,0.0000
0x00551a70,FUN_00551a70,,real_logic,0,0,0,1,0.0000
0x00459480,0x00459480,,stub_code,1,1,2,17127,0.0000
0x004e5460,0x004e5460,,,2,0,2,17127,0.0000
0x005a9650,0x005a9650,,,1,0,1,2,0.0000
0x004c9110,0x004c9110,,stub_code,0,1,1,17127,0.0000
0x0024c550,0x0024c550,,stub_code,0,0,0,1,0.0000
0x0012ce60,0x0012ce60,,stub_code,1,1,2,17127,0.0000
0x002b0d10,0x002b0d10,,stub_code,1,1,2,17127,0.0000
0x0047f688,0x0047f688,,,2,0,2,17127,0.0000
0x002b0230,0x002b0230,,stub_code,1,1,2,17127,0.0000
0x004c6c60,0x004c6c60,,,3,0,3,17127,0.0000
0x001abed0,0x001abed0,,stub_code,0,2,2,3,0.0000
0x005c0b70,0x005c0b70,,stub_code,1,1,2,17127,0.0000
0x004d2560,0x004d2560,,stub_code,0,1,1,17127,0.0000
0x0049dd38,0x0049dd38,,stub_code,0,3,3,17127,0.0000
0x0030ca10,0x0030ca10,,stub_code,0,1,1,17127,0.0000
0x005a3710,0x005a3710,,stub_code,1,2,3,17127,0.0000
0x001881d0,0x001881d0,,,1,0,1,17127,0.0000
0x0026a9e0,0x0026a9e0,,stub_code,1,7,8,17127,0.0000
0x004c0830,0x004c0830,,stub_code,0,3,3,17127,0.0000
0x0019a560,FUN_0019a560,,real_logic,2,0,2,17127,0.0000
0x0051a620,0x0051a620,,stub_code,8,3,11,17127,11.0000
0x00511210,0x00511210,,,14,0,14,17127,0.0000
0x005ef030,0x005ef030,,stub_code,0,3,3,17127,0.0000
0x002dd3a0,0x002dd3a0,,,1,0,1,17127,0.0000
0x0044a3b0,0x0044a3b0,,stub_code,1,3,4,17127,5.4583
0x00580aa0,0x00580aa0,,stub_code,0,2,2,17127,0.0000
0x002acd90,0x002acd90,,stub_code,0,3,3,17127,0.0000
0x0034bd00,0x0034bd00,,,1,0,1,17127,0.0000
0x00426b10,0x00426b10,,stub_code,1,4,5,17127,0.0000
0x0043f5b8,FUN_0043f5b8,,real_logic,4,0,4,17127,0.0000
0x0010d690,0x0010d690,,stub_code,5,0,5,17127,0.0000
0x00448bd0,0x00448bd0,,stub_code,3,2,5,17127,1.6667
0x004bf200,0x004bf200,,,3,0,3,17127,0.0000
0x002d8ae0,0x002d8ae0,,stub_code,2,2,4,17127,0.0000
0x005ade90,0x005ade90,,stub_code,0,8,8,17127,0.0000
0x00595ad0,0x00595ad0,,stub_code,0,3,3,17127,0.0000
0x00274300,0x00274300,,,1,0,1,17127,0.0000
0x0045ab20,0x0045ab20,,,1,0,1,17127,0.0000
0x005494e0,0x005494e0,,stub_code,0,1,1,17127,0.0000
0x0018eb20,0x0018eb20,,stub_code,1,1,2,17127,0.0000
0x0029e460,0x0029e460,,stub_code,1,1,2,17127,1.0000
0x00447d68,0x00447d68,,,1,0,1,17127,0.0000
0x00590490,0x00590490,,stub_code,0,1,1,2,0.0000
0x005e7b30,0x005e7b30,,stub_code,1,1,2,17127,0.0000
0x00171530,0x00171530,,stub_code,0,1,1,17127,0.0000
0x0053a6a0,0x0053a6a0,,stub_code,0,1,1,2,0.0000
0x00330fb0,0x00330fb0,,stub_code,0,4,4,17127,0.0000
0x004a70a8,0x004a70a8,,stub_code,0,4,4,17127,0.0000
0x001158a0,0x001158a0,,,1,0,1,17127,0.0000
0x0024ad80,0x0024ad80,,stub_code,0,1,1,20,0.0000
0x00516bc0,0x00516bc0,,stub_code,1,10,11,17127,0.0000
0x00265de0,0x00265de0,,stub_code,1,5,6,17127,0.0000
0x0017c220,0x0017c220,,stub_code,1,2,3,17127,0.0000
0x0028ae60,0x0028ae60,,stub_code,0,1,1,17127,0.0000
0x004d9920,0x004d9920,,stub_code,0,1,1,17127,0.0000
0x00384990,0x00384990,,stub_code,1,7,8,17127,0.0000
0x005da470,0x005da470,,stub_code,0,5,5,17127,0.0000
0x0024db80,0x0024db80,,stub_code,0,2,2,20,0.0000
0x004cea50,0x004cea50,,stub_code,0,2,2,17127,0.0000
0x00583680,0x00583680,,stub_code,0,3,3,17127,0.0000
0x0010f020,0x0010f020,,,1,0,1,17127,0.0000
0x0011d370,0x0011d370,,,1,0,1,17127,0.0000
0x00118170,0x00118170,,stub_code,1,2,3,17127,0.0000
0x004b2dc8,0x004b2dc8,,,2,0,2,17127,0.0000
0x0011ba30,0x0011ba30,,stub_code,2,4,6,17127,0.0000
0x004d55d0,0x004d55d0,,stub_code,1,2,3,17127,0.0000
0x0036bce0,0x0036bce0,,stub_code,2,1,3,17127,0.0000
0x006c9990,0x006c9990,,stub_code,0,3,3,17127,0.0000
0x00503350,0x00503350,,stub_code,0,2,2,17127,0.0000
0x00474fc0,0x00474fc0,,,1,0,1,17127,0.0000
0x0050fe00,0x0050fe00,,,90,0,90,17127,0.0000
0x00238750,0x00238750,,stub_code,1,1,2,17127,0.0000
0x00101c20,0x00101c20,,stub_code,3,2,5,17127,10.3333
0x004742b8,0x004742b8,,stub_code,0,14,14,17127,0.0000
0x005a8100,0x005a8100,,,2,0,2,17127,0.0000
0x005870a0,0x005870a0,,stub_code,0,1,1,8,0.0000
0x005f9ed0,0x005f9ed0,,stub_code,0,0,0,1,0.0000
0x00477268,0x00477268,,,1,0,1,17127,0.0000
0x0036d630,FUN_0036d630,,real_logic,2,0,2,17127,0.0000
0x00595ee0,0x00595ee0,,stub_code,0,1,1,17127,0.0000
0x005ec6c0,0x005ec6c0,,stub_code,1,0,1,17127,0.0000
0x004c0000,0x004c0000,,stub_code,3,2,5,17127,0.0000
0x003b7de0,0x003b7de0,,stub_code,1,1,2,17127,0.0000
0x004bba70,0x004bba70,,stub_code,0,5,5,17127,0.0000
0x0018c4b0,0x0018c4b0,,stub_code,0,1,1,17127,0.0000
0x00281d50,0x00281d50,,,1,0,1,17127,0.0000
0x00276c80,0x00276c80,,stub_code,0,1,1,17127,0.0000
0x001fc1b0,0x001fc1b0,,stub_code,0,4,4,17127,0.0000
0x0034a090,0x0034a090,,stub_code,0,2,2,17127,0.0000
0x002301c0,0x002301c0,,stub_code,2,18,20,17127,0.0000
0x004c46b0,0x004c46b0,,stub_code,13,2,15,17127,1.1111
0x002d6e50,0x002d6e50,,,1,0,1,17127,0.0000
0x0048bb50,0x0048bb50,,stub_code,5,3,8,17127,14.0000
0x004de7c0,0x004de7c0,,stub_code,4,2,6,17127,4.0000
0x002c83f0,0x002c83f0,,,1,0,1,17127,0.0000
0x00330e30,0x00330e30,,stub_code,0,1,1,17127,0.0000
0x004c6f90,0x004c6f90,,stub_code,0,3,3,17127,0.0000
0x0047ca18,FUN_0047ca18,,pseudo_stub,1,1,2,17127,0.0000
0x0051c5a0,0x0051c5a0,,stub_code,0,2,2,17127,0.0000
0x0055fad0,0x0055fad0,,,1,0,1,17127,0.0000
0x002f0920,0x002f0920,,stub_code,0,5,5,17127,0.0000
0x00405d20,FUN_00405d20,core/containers,real_c,1,0,1,17127,0.0000
0x002591b0,0x002591b0,,stub_code,0,1,1,17127,0.0000
0x003b7f50,0x003b7f50,,stub_code,2,6,8,17127,0.0000
0x00428080,0x00428080,,stub_code,1,4,5,17127,0.0000
0x0033c490,0x0033c490,,stub_code,0,1,1,17127,0.0000
0x0051a6d0,0x0051a6d0,,,5,0,5,17127,0.0000
0x00105100,0x00105100,,stub_code,2,1,3,17127,0.0000
0x00461f20,0x00461f20,,stub_code,5,2,7,17127,2.0000
0x006c7c20,0x006c7c20,,stub_code,0,2,2,17127,0.0000
0x005f9fd0,0x005f9fd0,,stub_code,0,0,0,1,0.0000
0x00545e60,0x00545e60,,stub_code,4,2,6,17127,0.0000
0x0043cf60,0x0043cf60,,,1,0,1,17127,0.0000
0x001da120,0x001da120,,stub_code,2,2,4,17127,0.0000
0x00265190,0x00265190,,stub_code,3,1,4,17127,0.0000
0x004e5ff0,0x004e5ff0,,stub_code,0,1,1,17127,0.0000
0x0053dd80,0x0053dd80,,stub_code,0,5,5,17127,0.0000
0x003c7760,0x003c7760,,stub_code,1,5,6,17127,1.0500
0x004ae070,0x004ae070,,stub_code,1,8,9,17127,10.0000
0x00563160,0x00563160,,,1,0,1,17127,0.0000
0x00493900,0x00493900,,stub_code,1,1,2,17127,0.0000
0x00515540,0x00515540,,stub_code,9,1,10,17127,0.0000
0x0051c1e0,0x0051c1e0,,stub_code,0,4,4,17127,0.0000
0x0033d550,0x0033d550,,stub_code,8,3,11,17127,15.0000
0x005ee8a0,0x005ee8a0,,,2,0,2,17127,0.0000
0x003a9930,0x003a9930,,,1,0,1,17127,0.0000
0x00498ff0,0x00498ff0,,,1,0,1,17127,0.0000
0x005fb3e0,0x005fb3e0,,stub_code,0,2,2,17127,0.0000
0x005881b0,0x005881b0,,stub_code,0,2,2,5,0.0000
0x00397a80,0x00397a80,,,2,0,2,17127,0.0000
0x00312ad0,0x00312ad0,,stub_code,0,2,2,17127,0.0000
0x005065c0,0x005065c0,,stub_code,57,1,58,17127,59.0000
0x00326b90,0x00326b90,,,1,0,1,17127,0.0000
0x00515f50,0x00515f50,,stub_code,1,1,2,17127,0.0000
0x00345010,0x00345010,,stub_code,1,4,5,17127,205.6667
0x00198ed0,FUN_00198ed0,,pseudo_stub,1,2,3,17127,5.0000
0x00238730,0x00238730,,,1,0,1,17127,0.0000
0x00422f80,0x00422f80,,,1,0,1,17127,0.0000
0x004bdac0,0x004bdac0,,stub_code,3,2,5,17127,0.0000
0x004c0b60,0x004c0b60,,stub_code,0,3,3,17127,0.0000
0x002ce950,0x002ce950,,,1,0,1,17127,0.0000
0x005a9390,0x005a9390,,stub_code,0,3,3,17127,0.0000
0x0046f2b0,0x0046f2b0,,,3,0,3,17127,0.0000
0x001fcf70,0x001fcf70,,stub_code,0,7,7,17127,0.0000
0x0046be50,0x0046be50,,stub_code,1,9,10,17127,0.0000
0x004ee4e0,0x004ee4e0,,stub_code,1,3,4,17127,3.0000
0x005035b0,0x005035b0,,stub_code,3,0,3,17127,0.0000
0x00579d70,0x00579d70,,stub_code,0,1,1,17127,0.0000
0x005ab000,0x005ab000,,,1,0,1,2,0.0000
0x0040f100,0x0040f100,,,4,0,4,17127,0.0000
0x00530270,0x00530270,,stub_code,0,6,6,17127,0.0000
0x001328e0,0x001328e0,,,1,0,1,17127,0.0000
0x004285f0,FUN_004285f0,,real_logic,1,0,1,17127,0.0000
0x00426ef0,0x00426ef0,,stub_code,0,2,2,17127,0.0000
0x00124f00,0x00124f00,,stub_code,0,1,1,17127,0.0000
0x00237d00,0x00237d00,,stub_code,6,1,7,17127,2.4000
0x001b68c0,0x001b68c0,,stub_code,1,14,15,17127,0.0000
0x004cf020,0x004cf020,,stub_code,0,1,1,3,0.0000
0x00514750,0x00514750,,stub_code,1,1,2,17127,0.0000
0x00596c50,0x00596c50,,,1,0,1,2,0.0000
0x00201e10,0x00201e10,,stub_code,1,1,2,17127,0.0000
0x0046e2a8,0x0046e2a8,,,1,0,1,17127,0.0000
0x004fcf80,0x004fcf80,,,3,0,3,17127,0.0000
0x00184850,0x00184850,,stub_code,5,4,9,17127,639.9452
0x0012b170,0x0012b170,,,1,0,1,17127,0.0000
0x001e5e00,0x001e5e00,,stub_code,2,1,3,17127,0.0000
0x0046c6a0,0x0046c6a0,,stub_code,2,4,6,17127,0.0000
0x00582370,0x00582370,,stub_code,0,3,3,17127,0.0000
0x00304840,0x00304840,,stub_code,0,2,2,17127,0.0000
0x004c9bc0,0x004c9bc0,,stub_code,0,0,0,1,0.0000
0x0028ace0,0x0028ace0,,stub_code,0,1,1,17127,0.0000
0x0028a0b0,0x0028a0b0,,stub_code,0,4,4,17127,0.0000
0x00258af0,0x00258af0,,stub_code,0,1,1,17127,0.0000
0x00322670,0x00322670,,,1,0,1,17127,0.0000
0x00252010,0x00252010,,stub_code,0,0,0,1,0.0000
0x00475b38,0x00475b38,,stub_code,0,1,1,17127,0.0000
0x004bcc70,0x004bcc70,,stub_code,0,1,1,17127,0.0000
0x004ae428,0x004ae428,,stub_code,1,0,1,17127,0.0000
0x00505b40,0x00505b40,,stub_code,0,3,3,17127,0.0000
0x0056a850,0x0056a850,,stub_code,0,2,2,17127,0.0000
0x004f9eb0,FUN_004f9eb0,core/bitstream,real_c,0,0,0,1,0.0000
0x005f72b0,0x005f72b0,,,3,0,3,17127,0.0000
0x004fccd0,0x004fccd0,,stub_code,14,1,15,17127,1.0000
0x001b8330,0x001b8330,,,9,0,9,17127,0.0000
0x004c1fd0,0x004c1fd0,,stub_code,0,3,3,17127,0.0000
0x0028fa80,0x0028fa80,,,1,0,1,17127,0.0000
0x00448018,0x00448018,,stub_code,1,1,2,17127,0.0000
0x0029af20,0x0029af20,,stub_code,1,4,5,17127,0.0000
0x0058a030,0x0058a030,,,1,0,1,5,0.0000
0x00283c70,0x00283c70,,,1,0,1,17127,0.0000
0x00255890,0x00255890,,stub_code,0,1,1,15,0.0000
0x0025b980,0x0025b980,,stub_code,0,0,0,1,0.0000
0x00142cc0,0x00142cc0,,stub_code,1,3,4,17127,0.0000
0x003221f0,0x003221f0,,stub_code,0,1,1,17127,0.0000
0x001e1a70,0x001e1a70,,stub_code,3,2,5,17127,0.0000
0x0026a280,0x0026a280,,stub_code,1,0,1,17127,0.0000
0x004328b8,0x004328b8,,stub_code,1,9,10,17127,130.5667
0x004448b8,0x004448b8,,stub_code,0,1,1,17127,0.0000
0x001a1a40,0x001a1a40,,stub_code,2,3,5,17127,0.0000
0x00132730,0x00132730,,stub_code,1,1,2,17127,0.0000
0x0047e3a0,0x0047e3a0,,stub_code,1,6,7,17127,0.0000
0x00475e48,0x00475e48,,,1,0,1,17127,0.0000
0x0021b0b0,0x0021b0b0,,,11,0,11,17127,0.0000
0x0049f0c0,0x0049f0c0,,stub_thunk,1,0,1,17127,0.0000
0x00449550,0x00449550,,stub_code,1,27,28,17127,59.6735
0x0036f990,0x0036f990,,stub_code,0,6,6,17127,0.0000
0x0014e220,0x0014e220,,stub_code,0,1,1,17127,0.0000
0x0059d830,0x0059d830,,,1,0,1,2,0.0000
0x004a0fa0,0x004a0fa0,,stub_code,2,1,3,17127,0.0000
0x002afb50,0x002afb50,,,1,0,1,17127,0.0000
0x00258970,0x00258970,,stub_code,0,1,1,17127,0.0000
0x0024df40,0x0024df40,,stub_code,0,0,0,1,0.0000
0x002c6200,0x002c6200,,stub_code,1,13,14,17127,0.0000
0x0031f680,0x0031f680,,stub_code,0,1,1,17127,0.0000
0x0027e750,0x0027e750,,stub_code,0,5,5,17127,0.0000
0x0038d950,0x0038d950,,stub_code,1,2,3,17127,0.0000
0x00116a50,0x00116a50,,,4,0,4,17127,0.0000
0x001a4d40,0x001a4d40,,stub_code,0,1,1,17127,0.0000
0x001329e0,0x001329e0,,stub_code,2,1,3,17127,0.0000
0x0031acc0,0x0031acc0,,,3,0,3,17127,0.0000
0x0049b5f0,0x0049b5f0,,stub_code,1,2,3,17127,0.0000
0x005cad80,0x005cad80,,stub_code,0,7,7,17127,0.0000
0x0035bdf0,0x0035bdf0,,,3,0,3,17127,0.0000
0x00210530,0x00210530,,stub_code,2,4,6,17127,0.0000
0x001aad90,0x001aad90,,stub_code,1,2,3,17127,0.0000
0x0022a400,0x0022a400,,stub_code,1,7,8,17127,0.0000
0x004b1510,0x004b1510,,stub_code,1,3,4,17127,0.0000
0x00417000,0x00417000,,stub_code,9,4,13,17127,3.0000
0x005a5540,0x005a5540,,stub_code,0,3,3,17127,0.0000
0x00252550,0x00252550,,stub_code,0,2,2,17127,0.0000
0x0029d440,0x0029d440,,,1,0,1,17127,0.0000
0x003e36f0,0x003e36f0,,stub_code,2,5,7,17127,2.0000
0x00111260,0x00111260,,stub_code,7,2,9,17127,9.0000
0x004abbc0,0x004abbc0,,stub_code,0,5,5,17127,0.0000
0x004d7f40,0x004d7f40,,,1,0,1,2,0.0000
0x0053a470,0x0053a470,,stub_code,0,1,1,17127,0.0000
0x0055dff0,0x0055dff0,,stub_code,0,2,2,17127,0.0000
0x001dea10,0x001dea10,,stub_code,0,0,0,1,0.0000
0x002ce960,0x002ce960,,,1,0,1,17127,0.0000
0x00290700,0x00290700,,,1,0,1,17127,0.0000
0x0034df70,0x0034df70,,stub_code,0,2,2,17127,0.0000
0x0046c108,0x0046c108,,stub_code,1,6,7,17127,0.0000
0x0046fa10,0x0046fa10,,,1,0,1,17127,0.0000
0x002beaa0,0x002beaa0,,,15,0,15,17127,0.0000
0x001c35d0,0x001c35d0,,stub_code,10,1,11,17127,0.0000
0x0036b300,0x0036b300,,stub_code,1,2,3,17127,0.0000
0x004a1c08,0x004a1c08,,stub_code,1,1,2,17127,0.0000
0x00547fb0,0x00547fb0,,stub_code,0,1,1,17127,0.0000
0x005b7aa0,0x005b7aa0,,stub_code,1,3,4,17127,0.0000
0x0029d0e0,0x0029d0e0,,,1,0,1,17127,0.0000
0x00275c40,0x00275c40,,stub_code,0,1,1,17127,0.0000
0x005e4eb0,0x005e4eb0,,stub_code,0,2,2,17127,0.0000
0x001db160,0x001db160,,stub_code,0,1,1,17127,0.0000
0x00380860,0x00380860,,,1,0,1,17127,0.0000
0x001abd80,0x001abd80,,stub_code,0,0,0,1,0.0000
0x00221e40,0x00221e40,,stub_code,0,5,5,17127,0.0000
0x005ef410,0x005ef410,,,2,0,2,17127,0.0000
0x001e8710,0x001e8710,,stub_code,1,6,7,17127,0.0000
0x0051eba0,0x0051eba0,,stub_code,4,1,5,17127,0.0000
0x001850d0,0x001850d0,,,1,0,1,2,0.0000
0x005767a0,0x005767a0,,stub_code,2,4,6,17127,0.0000
0x002e7180,0x002e7180,,,2,0,2,17127,0.0000
0x004dd1b0,0x004dd1b0,,stub_code,0,5,5,17127,0.0000
0x00212430,0x00212430,,stub_code,0,0,0,1,0.0000
0x0022de70,0x0022de70,,,4,0,4,17127,0.0000
0x00445d90,0x00445d90,,stub_code,3,1,4,17127,0.0000
0x002b5e70,0x002b5e70,,stub_code,11,1,12,17127,1.1667
0x00243ff0,0x00243ff0,,stub_code,2,0,2,17127,0.0000
0x005eba40,0x005eba40,,stub_code,1,12,13,17127,0.0000
0x0056f600,0x0056f600,,stub_code,2,1,3,17127,0.0000
0x0049d9a8,0x0049d9a8,,stub_thunk,1,0,1,17127,0.0000
0x0023d000,0x0023d000,,stub_code,5,2,7,17127,0.0000
0x004cbbc0,0x004cbbc0,,stub_code,0,1,1,17127,0.0000
0x001732e0,0x001732e0,,stub_code,0,2,2,17127,0.0000
0x0021d620,0x0021d620,,stub_code,1,11,12,17127,0.0000
0x0022fba0,0x0022fba0,,stub_code,1,1,2,17127,0.0000
0x0029cc60,0x0029cc60,,,1,0,1,17127,0.0000
0x00155fb0,0x00155fb0,,stub_code,1,1,2,17127,0.0000
0x005b4d60,0x005b4d60,,stub_code,2,2,4,17127,0.0000
0x0050e290,0x0050e290,,stub_code,1,1,2,17127,1.0000
0x004d6930,0x004d6930,,stub_code,0,2,2,17127,0.0000
0x003968b0,0x003968b0,,,1,0,1,17127,0.0000
0x004b5680,0x004b5680,,stub_code,0,2,2,17127,0.0000
0x0036d490,0x0036d490,,stub_code,1,4,5,17127,0.0000
0x002c2300,0x002c2300,,stub_code,0,0,0,1,0.0000
0x00535240,0x00535240,,stub_code,0,1,1,17127,0.0000
0x00546180,0x00546180,,stub_code,0,6,6,17127,0.0000
0x005e8990,0x005e8990,,,1,0,1,2,0.0000
0x0036ac10,0x0036ac10,,,1,0,1,17127,0.0000
0x0043ec58,0x0043ec58,,stub_code,1,8,9,17127,0.0000
0x004a7848,0x004a7848,,stub_code,1,2,3,17127,0.0000
0x0020d7a0,0x0020d7a0,,stub_code,1,3,4,17127,0.0000
0x0051dc40,0x0051dc40,,,3,0,3,17127,0.0000
0x0017bac0,0x0017bac0,,stub_code,0,2,2,17127,0.0000
0x00112850,0x00112850,,stub_code,0,1,1,17127,0.0000
0x002b6f50,0x002b6f50,,,5,0,5,17127,0.0000
0x001673e0,0x001673e0,,stub_code,3,1,4,17127,0.0000
0x002812a0,0x002812a0,,stub_code,0,1,1,17127,0.0000
0x005a3240,0x005a3240,,,1,0,1,2,0.0000
0x001a9fb0,0x001a9fb0,,stub_code,0,0,0,1,0.0000
0x0042d770,FUN_0042d770,,real_logic,18,1,19,17127,0.0000
0x00405740,0x00405740,,stub_code,0,1,1,6,0.0000
0x004b03c8,0x004b03c8,,stub_code,0,2,2,17127,0.0000
0x00229be0,0x00229be0,,stub_code,0,0,0,1,0.0000
0x002018a0,0x002018a0,,stub_code,1,2,3,17127,0.0000
0x001ee880,0x001ee880,,stub_code,0,3,3,17127,0.0000
0x005eea30,0x005eea30,,stub_code,0,6,6,17127,0.0000
0x00501260,0x00501260,,stub_code,1,9,10,17127,0.0000
0x004545a0,0x004545a0,,stub_code,1,2,3,17127,1.5000
0x00183a30,0x00183a30,,stub_code,1,3,4,17127,0.0000
0x00287620,0x00287620,,stub_code,0,5,5,17127,0.0000
0x0027e9e0,0x0027e9e0,,stub_code,0,4,4,17127,0.0000
0x002b15c0,0x002b15c0,,,1,0,1,17127,0.0000
0x00591680,0x00591680,,,2,0,2,17127,0.0000
0x003152a0,0x003152a0,,stub_code,0,5,5,17127,0.0000
0x00303970,0x00303970,,,1,0,1,17127,0.0000
0x002e5f80,0x002e5f80,,stub_code,1,16,17,17127,0.0000
0x00400630,0x00400630,,stub_code,0,0,0,1,0.0000
0x00386130,0x00386130,,,1,0,1,17127,0.0000
0x0059c0d0,0x0059c0d0,,,1,0,1,2,0.0000
0x00129d00,0x00129d00,,stub_code,1,9,10,17127,0.0000
0x00543280,0x00543280,,stub_code,1,2,3,17127,0.0000
0x001e0510,0x001e0510,,stub_code,0,0,0,1,0.0000
0x001d70a0,0x001d70a0,,stub_code,1,6,7,17127,0.0000
0x00495168,0x00495168,,stub_code,1,2,3,17127,0.0000
0x004ed3a0,0x004ed3a0,,,2,0,2,17127,0.0000
0x002b0c50,0x002b0c50,,,1,0,1,17127,0.0000
0x004c89a0,0x004c89a0,,stub_code,0,3,3,17127,0.0000
0x0046fe58,0x0046fe58,,stub_code,2,1,3,17127,0.0000
0x002c3410,0x002c3410,,stub_code,1,3,4,17127,0.0000
0x0053d6c0,0x0053d6c0,,stub_code,0,3,3,17127,0.0000
0x00317300,0x00317300,,stub_code,0,2,2,17127,0.0000
0x00351450,0x00351450,,stub_code,0,2,2,17127,0.0000
0x005168f0,0x005168f0,,stub_code,1,11,12,17127,0.0000
0x003571a0,0x003571a0,,stub_code,0,2,2,17127,0.0000
0x0031cc80,0x0031cc80,,,1,0,1,17127,0.0000
0x0023a840,0x0023a840,,stub_code,1,1,2,17127,0.0000
0x00205f70,0x00205f70,,stub_code,1,1,2,17127,0.0000
0x003fc208,0x003fc208,,stub_code,0,3,3,17127,0.0000
0x0047e9a0,0x0047e9a0,,stub_code,2,1,3,17127,0.0000
0x001e4b10,0x001e4b10,,stub_code,1,0,1,17127,0.0000
0x0039ad50,0x0039ad50,,stub_code,0,1,1,17127,0.0000
0x00292ee0,0x00292ee0,,stub_code,1,2,3,17127,2.0000
0x003698d0,0x003698d0,,stub_code,2,11,13,17127,0.0000
0x00320610,0x00320610,,stub_code,0,2,2,17127,0.0000
0x0047e1d8,FUN_0047e1d8,,pseudo_stub,0,1,1,17127,0.0000
0x004d6730,0x004d6730,,,1,0,1,17127,0.0000
0x00461c20,0x00461c20,,,6,0,6,17127,0.0000
0x001e1b50,0x001e1b50,,stub_code,1,7,8,17127,0.0000
0x003d88b0,0x003d88b0,,stub_code,33,2,35,17127,9.5000
0x003a7e30,0x003a7e30,,,1,0,1,17127,0.0000
0x001111f0,0x001111f0,,stub_code,4,1,5,17127,0.0000
0x00595a90,0x00595a90,,stub_code,1,2,3,17127,0.0000
0x005a56e0,0x005a56e0,,stub_code,0,1,1,17127,0.0000
0x00348830,0x00348830,,stub_code,1,0,1,17127,0.0000
0x0053ff00,0x0053ff00,,stub_code,0,0,0,1,0.0000
0x004e4cc0,0x004e4cc0,,stub_code,0,1,1,17127,0.0000
0x0056f9b0,0x0056f9b0,,stub_code,0,6,6,17127,0.0000
0x00201d20,0x00201d20,,stub_code,5,4,9,17127,0.0000
0x002a4e20,0x002a4e20,,stub_code,1,1,2,17127,0.0000
0x00494a80,0x00494a80,,stub_code,2,3,5,17127,0.0000
0x005ed5c0,0x005ed5c0,,stub_code,0,7,7,17127,0.0000
0x001e4ba0,0x001e4ba0,,stub_code,1,13,14,17127,0.0000
0x002526d0,0x002526d0,,stub_code,0,0,0,1,0.0000
0x00565300,0x00565300,,,1,0,1,17127,0.0000
0x00249c50,0x00249c50,,stub_code,0,1,1,17127,0.0000
0x001415d0,0x001415d0,,stub_code,6,2,8,17127,4.0000
0x001e56a0,0x001e56a0,,,5,0,5,17127,0.0000
0x00421450,0x00421450,,,1,0,1,17127,0.0000
0x004aa110,0x004aa110,,,2,0,2,17127,0.0000
0x005eae90,0x005eae90,,,2,0,2,17127,0.0000
0x00181300,0x00181300,,,1,0,1,17127,0.0000
0x002bb460,0x002bb460,,stub_code,5,3,8,17127,1.2955
0x00114760,0x00114760,,stub_code,1,1,2,17127,0.0000
0x0034c770,0x0034c770,,,1,0,1,17127,0.0000
0x004b5998,0x004b5998,,stub_code,1,1,2,17127,0.0000
0x005cdf80,0x005cdf80,,stub_code,0,2,2,17127,0.0000
0x00261c60,0x00261c60,,stub_code,3,1,4,17127,0.0000
0x003d68b0,0x003d68b0,,stub_code,5,3,8,17127,10.0000
0x005040d0,0x005040d0,,stub_code,2,3,5,17127,4.0000
0x0042bd98,FUN_0042bd98,,real_logic,7,1,8,17127,136.3333
0x004e8030,0x004e8030,,stub_code,0,1,1,17127,0.0000
0x00512ee0,0x00512ee0,,stub_code,302,0,302,17127,0.0000
0x001e98b0,0x001e98b0,,stub_code,1,3,4,17127,0.0000
0x004b49d8,0x004b49d8,,stub_code,1,2,3,17127,1.5000
0x0031b280,0x0031b280,,stub_code,0,1,1,17127,0.0000
0x001c9bc0,0x001c9bc0,,stub_code,0,1,1,17127,0.0000
0x00440f98,0x00440f98,,stub_code,8,8,16,17127,0.0000
0x00206100,0x00206100,,stub_code,0,2,2,17127,0.0000
0x00253560,0x00253560,,stub_code,0,1,1,17127,0.0000
0x0021df00,0x0021df00,,stub_code,1,0,1,17127,0.0000
0x003fae30,0x003fae30,,,8,0,8,17127,0.0000
0x00122030,0x00122030,,stub_code,1,2,3,17127,0.0000
0x0047ab38,FUN_0047ab38,,pseudo_stub,1,1,2,17127,0.0000
0x0050a110,0x0050a110,,stub_code,1,1,2,17127,0.0000
0x001300c0,0x001300c0,,stub_code,0,0,0,1,0.0000
0x0039ba30,0x0039ba30,,stub_code,0,5,5,17127,0.0000
0x003a7da0,0x003a7da0,,,2,0,2,17127,0.0000
0x0021cd80,0x0021cd80,,,7,0,7,17127,0.0000
0x00271b20,0x00271b20,,stub_code,0,3,3,17127,0.0000
0x003014e0,0x003014e0,,stub_code,0,0,0,1,0.0000
0x002d6350,0x002d6350,,stub_code,0,3,3,17127,0.0000
0x00202080,0x00202080,,stub_code,7,3,10,17127,17.4500
0x002be0c0,0x002be0c0,,,4,0,4,17127,0.0000
0x001a9710,0x001a9710,,stub_code,0,0,0,1,0.0000
0x0024e0c0,0x0024e0c0,,stub_code,0,0,0,1,0.0000
0x003c9330,0x003c9330,,stub_code,1,9,10,17127,194.5429
0x00405fa0,0x00405fa0,,stub_code,1,8,9,17127,3.5000
0x004730f8,0x004730f8,,stub_code,1,0,1,17127,0.0000
0x0026f760,0x0026f760,,stub_code,37,3,40,17127,0.0000
0x0049b3a8,0x0049b3a8,,,1,0,1,17127,0.0000
0x0037aa50,0x0037aa50,,,1,0,1,17127,0.0000
0x002e8330,0x002e8330,,stub_code,0,5,5,17127,0.0000
0x0046f8a8,0x0046f8a8,,,1,0,1,17127,0.0000
0x0046bcb0,0x0046bcb0,,stub_code,1,0,1,17127,0.0000
0x002ca020,0x002ca020,,stub_code,0,10,10,17127,0.0000
0x002e2cc0,0x002e2cc0,,stub_code,1,1,2,17127,0.0000
0x005e7e90,0x005e7e90,,stub_code,0,1,1,17127,0.0000
0x004c92e0,0x004c92e0,,stub_code,0,2,2,17127,0.0000
0x00333f90,0x00333f90,,stub_code,0,5,5,17127,0.0000
0x005927f0,0x005927f0,,stub_code,0,1,1,17127,0.0000
0x001d1ed0,0x001d1ed0,,stub_code,0,1,1,5,0.0000
0x0024d1b0,0x0024d1b0,,stub_code,0,1,1,17127,0.0000
0x002ac160,0x002ac160,,stub_code,0,3,3,17127,0.0000
0x0025da90,0x0025da90,,stub_code,0,0,0,1,0.0000
0x005113f0,0x005113f0,,stub_code,1,4,5,17127,0.0000
0x003a7f40,0x003a7f40,,stub_code,0,2,2,17127,0.0000
0x00506110,0x00506110,,stub_code,0,3,3,17127,0.0000
0x0043c7f0,0x0043c7f0,,,2,0,2,17127,0.0000
0x00205110,0x00205110,,stub_code,1,2,3,17127,0.0000
0x004febd0,0x004febd0,,stub_code,1,0,1,17127,0.0000
0x0046f768,0x0046f768,,stub_code,0,0,0,1,0.0000
0x004e9880,0x004e9880,,stub_code,0,4,4,17127,0.0000
0x004bb0c0,0x004bb0c0,,,1,0,1,2,0.0000
0x00556fc0,0x00556fc0,,,3,0,3,17127,0.0000
0x0018f1f0,0x0018f1f0,,,2,0,2,17127,0.0000
0x004a7e10,0x004a7e10,,stub_code,1,5,6,17127,0.0000
0x0026cb30,0x0026cb30,,stub_code,1,4,5,17127,0.0000
0x003b7760,0x003b7760,,stub_code,2,1,3,17127,0.0000
0x001c9a70,0x001c9a70,,stub_code,0,7,7,17127,0.0000
0x00330400,0x00330400,,stub_code,0,4,4,17127,0.0000
0x0053b9c0,0x0053b9c0,,stub_code,1,3,4,17127,0.0000
0x00477fd0,0x00477fd0,,stub_code,11,2,13,17127,6.3333
0x0014b410,0x0014b410,,stub_code,0,0,0,1,0.0000
0x002a3db0,0x002a3db0,,stub_code,2,1,3,17127,0.0000
0x0027fea0,0x0027fea0,,stub_code,0,1,1,17127,0.0000
0x00173500,0x00173500,,stub_code,1,2,3,17127,0.0000
0x004749c0,0x004749c0,,stub_code,0,2,2,17127,0.0000
0x004a8c38,0x004a8c38,,stub_code,1,1,2,17127,0.0000
0x0016e340,0x0016e340,,stub_code,7,6,13,17127,0.0000
0x002cfba0,0x002cfba0,,stub_code,0,1,1,17127,0.0000
0x003b25f0,0x003b25f0,,,1,0,1,17127,0.0000
0x00504eb0,0x00504eb0,,stub_code,0,3,3,17127,0.0000
0x0037be40,0x0037be40,,stub_code,1,11,12,17127,0.0000
0x0031c700,0x0031c700,,,8,0,8,17127,0.0000
0x00133650,0x00133650,,stub_code,0,0,0,1,0.0000
0x0036cb50,0x0036cb50,,stub_code,2,17,19,17127,0.0000
0x00422fa0,0x00422fa0,,stub_code,1,7,8,17127,0.0000
0x002afdd0,0x002afdd0,,stub_code,1,1,2,17127,0.0000
0x002e6b20,0x002e6b20,,,1,0,1,17127,0.0000
0x001aefc0,0x001aefc0,,stub_code,1,13,14,17127,0.0000
0x00314aa0,0x00314aa0,,stub_code,0,1,1,17127,0.0000
0x003fe970,0x003fe970,,stub_code,0,3,3,17127,0.0000
0x005cc530,0x005cc530,,stub_code,0,1,1,17127,0.0000
0x005fb350,0x005fb350,,stub_code,0,4,4,17127,0.0000
0x002befc0,0x002befc0,,stub_code,1,10,11,17127,0.0000
0x00433090,FUN_00433090,,real_logic,2,13,15,17127,546.7659
0x0059ca20,0x0059ca20,,,1,0,1,17127,0.0000
0x001ca130,FUN_001ca130,core/struct,real_logic,1,0,1,17127,0.0000
0x00535dc0,0x00535dc0,,stub_code,0,0,0,1,0.0000
0x002a4620,0x002a4620,,,1,0,1,17127,0.0000
0x003e25f0,0x003e25f0,,stub_code,4,10,14,17127,11.7500
0x002119f0,0x002119f0,,stub_code,0,0,0,1,0.0000
0x0048b968,0x0048b968,,stub_code,1,0,1,17127,0.0000
0x001ea180,0x001ea180,,stub_code,6,6,12,17127,0.0000
0x00516420,0x00516420,,stub_code,2,1,3,17127,0.0000
0x001ab1a0,0x001ab1a0,,stub_code,0,0,0,1,0.0000
0x00599700,0x00599700,,stub_code,0,2,2,17127,0.0000
0x001494d0,0x001494d0,,stub_code,0,1,1,2,0.0000
0x00483810,0x00483810,,stub_code,0,2,2,17127,0.0000
0x0042a980,FUN_0042a980,,real_logic,6,1,7,17127,9.0000
0x002bc0f0,0x002bc0f0,,stub_code,3,1,4,17127,0.0000
0x004fd010,0x004fd010,,,1,0,1,17127,0.0000
0x0024f430,0x0024f430,,stub_code,1,0,1,17127,0.0000
0x001af930,0x001af930,,stub_code,1,3,4,17127,7.0000
0x004d7a30,0x004d7a30,,stub_code,0,1,1,17127,0.0000
0x005028a0,0x005028a0,,stub_code,1,7,8,17127,0.0000
0x00341f70,0x00341f70,,stub_code,0,1,1,17127,0.0000
0x002c6750,0x002c6750,,stub_code,1,2,3,17127,0.0000
0x004a3ec8,0x004a3ec8,,stub_code,1,2,3,17127,0.0000
0x002107f0,0x002107f0,,stub_code,1,1,2,17127,0.0000
0x005ee1f0,0x005ee1f0,,,2,0,2,17127,0.0000
0x0033f790,0x0033f790,,,1,0,1,17127,0.0000
0x00594880,0x00594880,,stub_code,0,1,1,2,0.0000
0x00356620,0x00356620,,stub_code,0,2,2,17127,0.0000
0x0044bc20,0x0044bc20,,,1,0,1,17127,0.0000
0x002beef0,0x002beef0,,stub_code,0,1,1,17127,0.0000
0x005e0ae0,0x005e0ae0,,stub_code,1,1,2,17127,0.0000
0x0051ea50,0x0051ea50,,stub_code,2,6,8,17127,0.0000
0x002f0d30,0x002f0d30,,stub_code,0,5,5,17127,0.0000
0x003044b0,0x003044b0,,stub_code,2,0,2,17127,0.0000
0x00120750,FUN_00120750,,real_logic,54,0,54,17127,0.0000
0x0012c220,0x0012c220,,stub_code,5,1,6,17127,0.0000
0x004ac018,0x004ac018,,stub_code,1,1,2,17127,0.0000
0x00122410,0x00122410,,,1,0,1,17127,0.0000
0x00377620,0x00377620,,stub_code,2,0,2,17127,0.0000
0x00597cc0,0x00597cc0,,stub_code,0,1,1,2,0.0000
0x0015e980,0x0015e980,,,1,0,1,17127,0.0000
0x004da780,0x004da780,,stub_code,0,1,1,17127,0.0000
0x00483490,0x00483490,,stub_code,1,1,2,17127,0.0000
0x00298310,0x00298310,,,1,0,1,17127,0.0000
0x00201ef0,0x00201ef0,,,1,0,1,17127,0.0000
0x0029ab90,0x0029ab90,,stub_code,1,8,9,17127,115.2227
0x002cc920,0x002cc920,,stub_code,1,5,6,17127,0.0000
0x005930a0,0x005930a0,,stub_code,1,2,3,17127,0.0000
0x0027db90,0x0027db90,,stub_code,1,2,3,17127,0.0000
0x0011f1e0,0x0011f1e0,,,8,0,8,17127,0.0000
0x004a4258,0x004a4258,,stub_code,1,2,3,17127,0.0000
0x0059a640,0x0059a640,,stub_code,0,1,1,2,0.0000
0x00520340,0x00520340,,stub_code,0,1,1,17127,0.0000
0x00278b60,0x00278b60,,,1,0,1,17127,0.0000
0x00448260,0x00448260,,,1,0,1,17127,0.0000
0x003ebdb0,0x003ebdb0,,stub_code,2,3,5,17127,0.0000
0x00239c70,0x00239c70,,stub_code,0,2,2,17127,0.0000
0x005c03f0,0x005c03f0,,,2,0,2,17127,0.0000
0x002b0f00,0x002b0f00,,,1,0,1,17127,0.0000
0x0033abf0,0x0033abf0,,stub_code,3,8,11,17127,18.0000
0x0050dcb0,0x0050dcb0,,stub_code,0,3,3,17127,0.0000
0x001e29a0,0x001e29a0,,stub_code,0,7,7,17127,0.0000
0x00128540,0x00128540,,stub_code,0,1,1,3,0.0000
0x0029ecd0,0x0029ecd0,,stub_code,1,1,2,17127,1.0000
0x004bf7e0,0x004bf7e0,,stub_code,2,2,4,17127,0.0000
0x0023c560,0x0023c560,,,4,0,4,17127,0.0000
0x0027d6d0,0x0027d6d0,,stub_code,0,5,5,17127,0.0000
0x001304d0,0x001304d0,,,10,0,10,17127,0.0000
0x00147c60,0x00147c60,,stub_code,2,2,4,17127,0.0000
0x003daac0,0x003daac0,,stub_code,1,11,12,17127,4.8500
0x00142210,0x00142210,,stub_code,0,5,5,17127,0.0000
0x00508830,0x00508830,,,7,0,7,17127,0.0000
0x00203ae0,0x00203ae0,,stub_code,1,2,3,17127,0.0000
0x001bfc70,0x001bfc70,,stub_code,0,1,1,2,0.0000
0x001b7100,0x001b7100,,,1,0,1,17127,0.0000
0x004d9790,0x004d9790,,stub_code,0,3,3,17127,0.0000
0x005d1da0,0x005d1da0,,stub_code,1,5,6,17127,0.0000
0x004ecbf0,0x004ecbf0,,stub_code,1,5,6,17127,0.0000
0x004f4920,0x004f4920,,stub_code,0,4,4,17127,0.0000
0x00390780,0x00390780,,stub_code,1,1,2,17127,0.0000
0x001485b0,0x001485b0,,stub_code,0,1,1,17127,0.0000
0x00497358,0x00497358,,stub_code,0,1,1,17127,0.0000
0x0043a920,0x0043a920,,stub_code,1,3,4,17127,2.0000
0x005f8e30,0x005f8e30,,stub_code,0,0,0,1,0.0000
0x004ba790,0x004ba790,,stub_code,1,0,1,17127,0.0000
0x0011d9d0,0x0011d9d0,,,1,0,1,17127,0.0000
0x0037c030,0x0037c030,,,2,0,2,17127,0.0000
0x0013ff00,0x0013ff00,,stub_code,0,6,6,17127,0.0000
0x005e67f0,0x005e67f0,,stub_code,0,1,1,17127,0.0000
0x002aea00,0x002aea00,,,1,0,1,17127,0.0000
0x005bd110,0x005bd110,,stub_code,1,5,6,17127,0.0000
0x0024b8f0,0x0024b8f0,,stub_code,0,0,0,1,0.0000
0x0025abb0,0x0025abb0,,stub_code,0,0,0,1,0.0000
0x00285240,0x00285240,,stub_code,0,1,1,17127,0.0000
0x0057f8a0,0x0057f8a0,,stub_code,0,1,1,2,0.0000
0x00166e20,0x00166e20,,stub_code,1,4,5,17127,0.0000
0x00248dd0,0x00248dd0,,stub_code,4,0,4,20,0.0000
0x00534840,0x00534840,,stub_code,0,1,1,17127,0.0000
0x001ab5b0,FUN_001ab5b0,,pseudo_stub,0,1,1,2,0.0000
0x0043eed8,0x0043eed8,,stub_code,2,2,4,17127,0.0000
0x0045e1d8,0x0045e1d8,,stub_code,0,2,2,17127,0.0000
0x0024a460,0x0024a460,,stub_code,0,0,0,1,0.0000
0x001324e0,0x001324e0,,stub_code,1,1,2,17127,0.0000
0x004b5ac8,0x004b5ac8,,,1,0,1,17127,0.0000
0x00306a70,0x00306a70,,,2,0,2,17127,0.0000
0x001c6110,0x001c6110,,stub_code,1,1,2,17127,0.0000
0x005834a0,0x005834a0,,stub_code,0,3,3,17127,0.0000
0x0040f2c0,0x0040f2c0,,stub_code,1,4,5,17127,0.0000
0x0033a3f0,0x0033a3f0,,,1,0,1,17127,0.0000
0x001a2060,0x001a2060,,,1,0,1,17127,0.0000
0x00483d10,0x00483d10,,stub_code,1,2,3,17127,0.0000
0x001323c0,0x001323c0,,stub_code,1,1,2,17127,0.0000
0x005e6320,0x005e6320,,stub_code,0,1,1,17127,0.0000
0x0031a370,0x0031a370,,stub_code,2,3,5,17127,0.0000
0x005f6b60,0x005f6b60,,stub_code,0,1,1,17127,0.0000
0x005fac80,0x005fac80,,,1,0,1,4,0.0000
0x004f1770,0x004f1770,,stub_code,0,1,1,17127,0.0000
0x004c3c50,0x004c3c50,,stub_code,0,3,3,17127,0.0000
0x00126160,0x00126160,,stub_code,0,0,0,1,0.0000
0x002ae890,0x002ae890,,stub_code,1,2,3,17127,0.0000
0x0056fbd0,0x0056fbd0,,stub_code,0,2,2,17127,0.0000
0x00232f70,0x00232f70,,stub_code,0,6,6,17127,0.0000
0x00322df0,0x00322df0,,stub_code,0,1,1,17127,0.0000
0x003d6610,0x003d6610,,stub_code,3,6,9,17127,0.0000
0x0029d3e0,0x0029d3e0,,,1,0,1,17127,0.0000
0x003fc328,0x003fc328,,,1,0,1,17127,0.0000
0x0049c4d8,0x0049c4d8,,stub_code,1,0,1,17127,0.0000
0x00458d80,0x00458d80,,stub_code,2,3,5,17127,1.8373
0x00533460,0x00533460,,stub_code,0,2,2,17127,0.0000
0x0012eec0,0x0012eec0,,stub_code,1,3,4,17127,0.0000
0x00177270,0x00177270,,stub_code,0,1,1,17127,0.0000
0x00553470,0x00553470,,stub_code,0,12,12,17127,0.0000
0x001c6a90,0x001c6a90,,stub_code,0,0,0,1,0.0000
0x001e75d0,0x001e75d0,,stub_code,12,1,13,17127,0.0000
0x005fa3d0,0x005fa3d0,,stub_code,0,0,0,1,0.0000
0x005812a0,0x005812a0,,,1,0,1,2,0.0000
0x0058c090,0x0058c090,,stub_code,3,1,4,17127,0.0000
0x0055f0f0,0x0055f0f0,,stub_code,0,2,2,17127,0.0000
0x0053e090,0x0053e090,,,1,0,1,2,0.0000
0x0043dbb0,0x0043dbb0,,,1,0,1,17127,0.0000
0x002edf70,0x002edf70,,stub_code,1,2,3,17127,0.0000
0x0037f0f0,0x0037f0f0,,stub_code,1,3,4,17127,0.0000
0x003d32c0,0x003d32c0,,stub_code,2,2,4,17127,19.6667
0x004a8e50,0x004a8e50,,,1,0,1,17127,0.0000
0x00541db0,0x00541db0,,stub_code,0,1,1,17127,0.0000
0x0022de80,0x0022de80,,,1,0,1,17127,0.0000
0x005b9370,0x005b9370,,stub_code,0,3,3,17127,0.0000
0x00401ed0,0x00401ed0,,stub_code,0,4,4,17127,0.0000
0x0026b780,0x0026b780,,stub_code,1,2,3,17127,0.0000
0x003315c0,0x003315c0,,stub_code,0,1,1,17127,0.0000
0x004f7b80,0x004f7b80,,stub_code,0,1,1,17127,0.0000
0x0034e980,0x0034e980,,stub_code,0,2,2,17127,0.0000
0x004ea680,0x004ea680,,stub_code,0,5,5,17127,0.0000
0x001a33d0,0x001a33d0,,stub_code,1,5,6,17127,0.0000
0x005e55c0,0x005e55c0,,stub_code,0,1,1,2,0.0000
0x00202310,0x00202310,,stub_code,1,12,13,17127,0.0000
0x004ca400,0x004ca400,,,1,0,1,17127,0.0000
0x001ab650,0x001ab650,,stub_code,0,1,1,17127,0.0000
0x00481968,FUN_00481968,,pseudo_stub,0,0,0,1,0.0000
0x00430748,FUN_00430748,,real_logic,3,3,6,17127,245.2333
0x005705b0,0x005705b0,,stub_code,0,3,3,17127,0.0000
0x00151930,0x00151930,,stub_code,3,3,6,17127,2.2159
0x00561aa0,0x00561aa0,,stub_code,13,1,14,17127,1.0000
0x0031c380,0x0031c380,,,13,0,13,17127,0.0000
0x004360f8,0x004360f8,,stub_code,2,8,10,17127,6.3333
0x00380a30,0x00380a30,,stub_code,3,6,9,17127,0.0000
0x0059cff0,0x0059cff0,,stub_code,0,1,1,17127,0.0000
0x004b7d48,0x004b7d48,,stub_code,0,0,0,1,0.0000
0x004d4b80,0x004d4b80,,stub_code,0,4,4,17127,0.0000
0x0033d290,0x0033d290,,stub_code,1,1,2,17127,0.0000
0x003faef0,0x003faef0,,,2,0,2,17127,0.0000
0x002d6870,0x002d6870,,stub_code,1,1,2,17127,0.0000
0x001be8c0,0x001be8c0,,stub_code,0,1,1,17127,0.0000
0x0026cdb0,0x0026cdb0,,stub_code,2,0,2,17127,0.0000
0x00129ca0,0x00129ca0,,,1,0,1,17127,0.0000
0x00473610,0x00473610,,stub_code,6,2,8,17127,2.3333
0x002b12b0,0x002b12b0,,,1,0,1,17127,0.0000
0x002d7bb0,0x002d7bb0,,stub_code,1,4,5,17127,0.0000
0x00231b80,0x00231b80,,stub_code,0,1,1,2,0.0000
0x00446600,0x00446600,,,5,0,5,17127,0.0000
0x00501d90,0x00501d90,,stub_code,1,5,6,17127,0.0000
0x00343720,0x00343720,,stub_code,0,1,1,17127,0.0000
0x00342340,0x00342340,,,2,0,2,17127,0.0000
0x001a3780,0x001a3780,,,1,0,1,2,0.0000
0x00397bf0,0x00397bf0,,,1,0,1,17127,0.0000
0x0010b720,0x0010b720,,stub_code,1,11,12,17127,0.0000
0x001c3470,FUN_001c3470,core/struct,real_logic,1,0,1,17127,0.0000
0x0029adc0,0x0029adc0,,,1,0,1,17127,0.0000
0x0035d250,0x0035d250,,stub_code,8,0,8,17127,0.0000
0x00442370,0x00442370,,stub_code,0,1,1,17127,0.0000
0x004d1ec0,0x004d1ec0,,stub_code,0,2,2,17127,0.0000
0x00112fb0,0x00112fb0,,,10,0,10,17127,0.0000
0x0028de30,0x0028de30,,stub_code,0,3,3,17127,0.0000
0x0034efc0,0x0034efc0,,stub_code,0,2,2,17127,0.0000
0x0040efc0,0x0040efc0,,stub_code,1,1,2,17127,1.0000
0x004c09a0,0x004c09a0,,stub_code,0,1,1,17127,0.0000
0x0055ec20,0x0055ec20,,stub_code,0,1,1,17127,0.0000
0x001a4b80,0x001a4b80,,stub_code,0,1,1,17127,0.0000
0x003525b0,0x003525b0,,stub_code,0,7,7,17127,0.0000
0x004bfa80,0x004bfa80,,stub_code,0,7,7,17127,0.0000
0x001a8690,0x001a8690,,stub_code,1,2,3,17127,0.0000
0x00445ba8,0x00445ba8,,,1,0,1,17127,0.0000
0x00264d60,0x00264d60,,stub_code,1,1,2,17127,0.0000
0x004ada70,0x004ada70,,stub_code,1,1,2,17127,0.0000
0x004af718,0x004af718,,stub_code,0,1,1,2,0.0000
0x0057f7b0,0x0057f7b0,,,1,0,1,2,0.0000
0x0033b9a0,0x0033b9a0,,stub_code,2,6,8,17127,85.5000
0x00129590,0x00129590,,stub_code,0,1,1,17127,0.0000
0x0017c990,0x0017c990,,stub_code,0,2,2,17127,0.0000
0x003d9260,0x003d9260,,stub_code,1,11,12,17127,181.3333
0x005f3a60,0x005f3a60,,stub_code,0,5,5,17127,0.0000
0x0017fcb0,0x0017fcb0,,,2,0,2,17127,0.0000
0x00545a40,0x00545a40,,,2,0,2,17127,0.0000
0x00290e20,0x00290e20,,stub_code,1,2,3,17127,0.0000
0x003e52a0,0x003e52a0,,stub_code,1,18,19,17127,20.0833
0x00248690,0x00248690,,,7,0,7,17127,0.0000
0x002a4a60,0x002a4a60,,,1,0,1,17127,0.0000
0x0048c2e8,0x0048c2e8,,stub_code,0,1,1,17127,0.0000
0x00481f40,0x00481f40,,stub_code,0,1,1,17127,0.0000
0x001b8f20,0x001b8f20,,stub_code,1,1,2,4,0.0000
0x0058eee0,0x0058eee0,,stub_code,0,3,3,17127,0.0000
0x0032d6a0,0x0032d6a0,,stub_code,0,1,1,17127,0.0000
0x00347e50,0x00347e50,,stub_code,0,3,3,17127,0.0000
0x00472bf8,0x00472bf8,,,1,0,1,17127,0.0000
0x003a7d50,0x003a7d50,,,3,0,3,17127,0.0000
0x005887a0,0x005887a0,,stub_code,0,1,1,17127,0.0000
0x004e1360,0x004e1360,,stub_code,0,3,3,17127,0.0000
0x004d8030,0x004d8030,,stub_code,0,1,1,2,0.0000
0x0031f2e0,0x0031f2e0,,stub_code,0,1,1,17127,0.0000
0x004c93b0,0x004c93b0,,stub_code,0,0,0,1,0.0000
0x001abdd0,0x001abdd0,,stub_code,1,2,3,17127,0.0000
0x001f0500,0x001f0500,,stub_code,0,2,2,17127,0.0000
0x002f9750,0x002f9750,,stub_code,1,1,2,17127,0.0000
0x002e38d0,0x002e38d0,,,1,0,1,17127,0.0000
0x002ae050,0x002ae050,,stub_code,0,3,3,17127,0.0000
0x003fe6b0,0x003fe6b0,,stub_code,1,3,4,17127,0.0000
0x004e5c00,0x004e5c00,,,3,0,3,17127,0.0000
0x0047a440,0x0047a440,,stub_code,1,6,7,17127,0.0000
0x0025a020,0x0025a020,,stub_code,0,1,1,17127,0.0000
0x0056afe0,0x0056afe0,,stub_code,1,2,3,17127,0.0000
0x0040fc00,0x0040fc00,,stub_code,1,5,6,17127,0.0000
0x0012d150,0x0012d150,,stub_code,1,1,2,17127,0.0000
0x003bfc20,0x003bfc20,,stub_code,1,4,5,17127,0.0000
0x00380ef0,0x00380ef0,,stub_code,2,2,4,17127,7.0000
0x0025b770,0x0025b770,,stub_code,0,2,2,17127,0.0000
0x005fc4a0,0x005fc4a0,,stub_code,1,1,2,17127,0.0000
0x00111890,0x00111890,,stub_code,2,0,2,17127,0.0000
0x002cc2f0,0x002cc2f0,,,1,0,1,17127,0.0000
0x00114820,0x00114820,,stub_code,1,3,4,17127,0.0000
0x003fd570,0x003fd570,,stub_code,2,3,5,17127,0.0000
0x001d0050,0x001d0050,,stub_code,3,17,20,17127,0.0000
0x0026fbb0,0x0026fbb0,,stub_code,0,5,5,17127,0.0000
0x0019a440,0x0019a440,,stub_code,1,4,5,17127,0.0000
0x005bd3a0,0x005bd3a0,,stub_code,1,6,7,17127,0.0000
0x00152660,0x00152660,,,3,0,3,17127,0.0000
0x00265260,0x00265260,,,3,0,3,17127,0.0000
0x0026a5a0,0x0026a5a0,,stub_code,1,0,1,17127,0.0000
0x0053fe70,0x0053fe70,,stub_code,0,0,0,1,0.0000
0x00384b80,0x00384b80,,stub_code,1,6,7,17127,0.0000
0x0036ae50,0x0036ae50,,,18,0,18,17127,0.0000
0x00588310,0x00588310,,stub_code,0,2,2,17127,0.0000
0x00190370,FUN_00190370,math/matrix,real_c,11,0,11,17127,0.0000
0x004e2a20,0x004e2a20,,stub_code,0,3,3,17127,0.0000
0x00115350,0x00115350,,,2,0,2,17127,0.0000
0x0043cb90,0x0043cb90,,,1,0,1,17127,0.0000
0x005e5770,0x005e5770,,,2,0,2,17127,0.0000
0x001b7720,0x001b7720,,stub_code,1,1,2,17127,0.0000
0x00429b80,FUN_00429b80,,real_logic,1,2,3,17127,0.0000
0x0046ebd8,0x0046ebd8,,stub_code,2,3,5,17127,1.0000
0x004e4510,0x004e4510,,stub_code,0,1,1,17127,0.0000
0x001af8f0,0x001af8f0,,stub_code,1,3,4,17127,0.0000
0x001036b0,0x001036b0,,stub_code,2,10,12,17127,0.0000
0x005eaf80,0x005eaf80,,stub_code,0,1,1,17127,0.0000
0x002af3f0,0x002af3f0,,stub_code,2,1,3,17127,0.0000
0x00384d70,0x00384d70,,stub_code,4,3,7,17127,0.0000
0x0051c4c0,0x0051c4c0,,stub_code,0,4,4,17127,0.0000
0x005482d0,0x005482d0,,,2,0,2,17127,0.0000
0x004c7ed0,0x004c7ed0,,,3,0,3,17127,0.0000
0x0033aab0,0x0033aab0,,stub_code,7,3,10,17127,0.0000
0x0018ec20,0x0018ec20,,stub_code,1,5,6,17127,0.0000
0x001249e0,0x001249e0,,stub_code,0,0,0,1,0.0000
0x00511860,0x00511860,,stub_code,703,0,703,17127,0.0000
0x00134820,0x00134820,,stub_code,0,0,0,1,0.0000
0x00515ba0,0x00515ba0,,stub_code,0,1,1,17127,0.0000
0x002fe120,0x002fe120,,,1,0,1,17127,0.0000
0x00477be0,0x00477be0,,stub_code,0,1,1,17127,0.0000
0x002d1e00,0x002d1e00,,stub_code,1,7,8,17127,727.0833
0x00592410,0x00592410,,,1,0,1,2,0.0000
0x004c65c0,0x004c65c0,,stub_code,0,3,3,17127,0.0000
0x00514e00,0x00514e00,,stub_code,0,1,1,17127,0.0000
0x002724c0,0x002724c0,,,1,0,1,17127,0.0000
0x00308f70,0x00308f70,,stub_code,0,4,4,17127,0.0000
0x005e6bd0,0x005e6bd0,,stub_code,0,1,1,2,0.0000
0x002ced90,0x002ced90,,stub_code,0,1,1,17127,0.0000
0x00517c40,0x00517c40,,stub_code,0,2,2,17127,0.0000
0x0016c230,0x0016c230,,stub_code,0,1,1,17127,0.0000
0x0037e260,0x0037e260,,stub_code,4,3,7,17127,0.0000
0x0017f540,0x0017f540,,,2,0,2,17127,0.0000
0x004428b8,0x004428b8,,stub_code,0,8,8,17127,0.0000
0x001d37f0,0x001d37f0,,stub_code,1,3,4,17127,0.0000
0x0052bd80,0x0052bd80,,stub_code,1,5,6,17127,0.0000
0x00290db0,0x00290db0,,stub_code,0,3,3,17127,0.0000
0x0046c818,0x0046c818,,stub_code,1,4,5,17127,0.0000
0x004f74f0,0x004f74f0,,stub_code,1,3,4,17127,0.0000
0x001a4140,0x001a4140,,stub_code,1,2,3,17127,0.0000
0x00223dd0,0x00223dd0,,stub_code,2,2,4,17127,0.0000
0x0023ec00,0x0023ec00,,stub_code,11,1,12,17127,0.0000
0x005a1cb0,0x005a1cb0,,stub_code,47,2,49,17127,4.0000
0x00338320,0x00338320,,stub_code,3,2,5,17127,0.0000
0x00491c48,0x00491c48,,,10,0,10,17127,0.0000
0x00171c40,0x00171c40,,,16,0,16,17127,0.0000
0x00237bb0,FUN_00237bb0,,pseudo_stub,3,1,4,17127,8.5000
0x004c4af0,0x004c4af0,,stub_code,0,5,5,17127,0.0000
0x00484700,0x00484700,,,3,0,3,17127,0.0000
0x0013cc10,0x0013cc10,,stub_code,1,14,15,17127,0.0000
0x0033a0c0,0x0033a0c0,,stub_code,0,1,1,2,0.0000
0x0059d380,0x0059d380,,stub_code,0,5,5,17127,0.0000
0x00593d80,0x00593d80,,stub_code,0,1,1,2,0.0000
0x00267330,0x00267330,,stub_code,2,1,3,17127,0.0000
0x00426ad0,0x00426ad0,,stub_code,1,1,2,17127,0.0000
0x0055de90,0x0055de90,,stub_code,0,2,2,17127,0.0000
0x004d9e40,0x004d9e40,,,1,0,1,17127,0.0000
0x001dd560,0x001dd560,,,1,0,1,17127,0.0000
0x00316320,0x00316320,,stub_code,0,1,1,17127,0.0000
0x0055fa10,0x0055fa10,,,1,0,1,17127,0.0000
0x004a8a68,0x004a8a68,,stub_code,1,1,2,17127,0.0000
0x0048bbf0,FUN_0048bbf0,,pseudo_stub,0,0,0,1,0.0000
0x005fb310,0x005fb310,,,1,0,1,17127,0.0000
0x004ae2d0,0x004ae2d0,,stub_code,2,3,5,17127,2.0000
0x0058cc00,0x0058cc00,,,16,0,16,17127,0.0000
0x002f8890,0x002f8890,,stub_code,0,3,3,17127,0.0000
0x0053c0c0,0x0053c0c0,,stub_code,0,0,0,1,0.0000
0x00530050,FUN_00530050,core/endian,real_c,2,0,2,17127,0.0000
0x004bf940,0x004bf940,,,3,0,3,17127,0.0000
0x0010f000,0x0010f000,,,2,0,2,17127,0.0000
0x004b9d70,0x004b9d70,,stub_code,6,0,6,17127,0.0000
0x005dc390,0x005dc390,,stub_code,0,4,4,17127,0.0000
0x00185920,0x00185920,,,1,0,1,17127,0.0000
0x002a63b0,0x002a63b0,,stub_code,1,3,4,17127,0.0000
0x0010f630,0x0010f630,,stub_code,56,2,58,17127,0.0000
0x005f46f0,0x005f46f0,,,2,0,2,17127,0.0000
0x001df6d0,0x001df6d0,,stub_code,1,2,3,17127,0.0000
0x00158d00,0x00158d00,,stub_code,0,3,3,17127,0.0000
0x00272460,0x00272460,,,1,0,1,17127,0.0000
0x005a0c90,0x005a0c90,,stub_code,0,1,1,2,0.0000
0x00283b60,0x00283b60,,stub_code,0,4,4,17127,0.0000
0x00288540,0x00288540,,stub_code,0,5,5,17127,0.0000
0x004dbbf0,0x004dbbf0,,stub_code,0,1,1,17127,0.0000
0x005595c0,0x005595c0,,stub_code,1,2,3,17127,0.0000
0x00464748,0x00464748,,,1,0,1,17127,0.0000
0x0034d220,0x0034d220,,stub_code,1,2,3,17127,0.0000
0x005f94c0,0x005f94c0,,stub_code,0,3,3,17127,0.0000
0x001fc9d0,0x001fc9d0,,stub_code,0,0,0,1,0.0000
0x001bac00,0x001bac00,,,7,0,7,17127,0.0000
0x00347440,0x00347440,,stub_code,0,1,1,17127,0.0000
0x005d2e30,0x005d2e30,,stub_code,1,8,9,17127,0.0000
0x00170c60,0x00170c60,,stub_code,1,2,3,17127,0.0000
0x0043b068,0x0043b068,,,24,0,24,17127,0.0000
0x001f0ad0,0x001f0ad0,,stub_code,0,8,8,17127,0.0000
0x002b7860,0x002b7860,,stub_code,4,13,17,17127,7.7000
0x0037cfe0,0x0037cfe0,,,2,0,2,17127,0.0000
0x00282740,0x00282740,,stub_code,0,5,5,17127,0.0000
0x004b8268,0x004b8268,,,1,0,1,17127,0.0000
0x00465fe8,0x00465fe8,,stub_code,0,1,1,17127,0.0000
0x00117b90,0x00117b90,,stub_code,1,1,2,17127,0.0000
0x001c6250,0x001c6250,,stub_code,0,2,2,17127,0.0000
0x00504240,0x00504240,,,1,0,1,17127,0.0000
0x001f0600,0x001f0600,,stub_code,0,2,2,17127,0.0000
0x0048bca0,FUN_0048bca0,,pseudo_stub,0,0,0,1,0.0000
0x005e83b0,0x005e83b0,,,1,0,1,17127,0.0000
0x0051c980,0x0051c980,,stub_code,1,8,9,17127,0.0000
0x002900b0,0x002900b0,,,1,0,1,17127,0.0000
0x00535f30,0x00535f30,,stub_code,1,2,3,17127,0.0000
0x0047e4a8,FUN_0047e4a8,,pseudo_stub,1,1,2,17127,0.0000
0x00570dc0,0x00570dc0,,stub_code,2,7,9,17127,1.0000
0x00349f70,0x00349f70,,stub_code,1,3,4,17127,0.0000
0x005417c0,0x005417c0,,,1,0,1,17127,0.0000
0x001c2030,0x001c2030,,,1,0,1,17127,0.0000
0x004ef0e0,0x004ef0e0,,,1,0,1,17127,0.0000
0x0043d1a0,0x0043d1a0,,stub_code,1,1,2,17127,0.0000
0x005768e0,0x005768e0,,stub_code,1,2,3,17127,7.0000
0x001881e0,0x001881e0,,,4,0,4,17127,0.0000
0x003347e0,0x003347e0,,stub_code,0,4,4,17127,0.0000
0x001a84c0,0x001a84c0,,stub_code,0,2,2,17127,0.0000
0x0048bbe0,0x0048bbe0,,,1,0,1,17127,0.0000
0x00199330,0x00199330,,stub_code,1,8,9,17127,0.0000
0x00416b60,0x00416b60,,stub_code,1,2,3,17127,0.0000
0x00416c50,0x00416c50,,,1,0,1,17127,0.0000
0x0033c790,0x0033c790,,stub_code,4,1,5,17127,0.0000
0x0026b620,0x0026b620,,stub_code,1,2,3,17127,0.0000
0x00551750,0x00551750,,,2,0,2,17127,0.0000
0x003e6880,0x003e6880,,stub_code,4,1,5,17127,0.0000
0x004dbed0,0x004dbed0,,stub_code,0,1,1,17127,0.0000
0x00525460,0x00525460,,stub_code,0,5,5,17127,0.0000
0x003108f0,0x003108f0,,stub_code,1,2,3,17127,0.0000
0x004a13b0,0x004a13b0,,,1,0,1,17127,0.0000
0x0048c288,0x0048c288,,stub_code,0,1,1,17127,0.0000
0x00472c18,0x00472c18,,stub_code,0,2,2,17127,0.0000
0x005c0da0,0x005c0da0,,stub_code,1,2,3,17127,0.0000
0x0053c020,0x0053c020,,stub_code,0,6,6,17127,0.0000
0x003e65f0,0x003e65f0,,stub_code,3,4,7,17127,1.5000
0x002bf980,0x002bf980,,stub_code,1,2,3,17127,0.0000
0x004a6438,0x004a6438,,stub_code,1,2,3,17127,0.0000
0x005b26d0,0x005b26d0,,stub_code,1,10,11,17127,0.0000
0x002c7a40,0x002c7a40,,,1,0,1,17127,0.0000
0x00584560,0x00584560,,stub_code,0,4,4,17127,0.0000
0x0020e5c0,0x0020e5c0,,,1,0,1,17127,0.0000
0x00599b70,0x00599b70,,stub_code,0,1,1,17127,0.0000
0x00261a10,0x00261a10,,stub_code,1,2,3,17127,0.0000
0x001690c0,0x001690c0,,,6,0,6,17127,0.0000
0x0019e8b0,0x0019e8b0,,stub_code,2,2,4,17127,0.0000
0x0010d9d0,0x0010d9d0,,stub_code,1,1,2,17127,0.0000
0x00350750,0x00350750,,stub_code,1,8,9,17127,0.0000
0x004f0ec0,0x004f0ec0,,stub_code,0,0,0,1,0.0000
0x0049b670,0x0049b670,,stub_code,0,3,3,17127,0.0000
0x00118540,0x00118540,,stub_code,0,4,4,17127,0.0000
0x002a46b0,0x002a46b0,,stub_code,1,1,2,17127,0.0000
0x0035d470,0x0035d470,,stub_code,0,2,2,17127,0.0000
0x00404c50,0x00404c50,,stub_code,0,1,1,2,0.0000
0x00114540,0x00114540,,stub_code,1,4,5,17127,0.0000
0x005a5440,0x005a5440,,stub_code,0,5,5,17127,0.0000
0x00256b40,0x00256b40,,stub_code,0,0,0,1,0.0000
0x001ab8d0,0x001ab8d0,,stub_code,0,2,2,17127,0.0000
0x00189fc0,0x00189fc0,,stub_code,2,1,3,17127,2.0000
0x005ec170,0x005ec170,,stub_code,1,0,1,17127,0.0000
0x003dc5c0,0x003dc5c0,,stub_code,1,6,7,17127,0.0000
0x0030c3f0,0x0030c3f0,,,1,0,1,17127,0.0000
0x0050e180,0x0050e180,,stub_code,4,3,7,17127,0.0000
0x00581800,0x00581800,,,10,0,10,17127,0.0000
0x00230800,0x00230800,,,1,0,1,17127,0.0000
0x004fd1d0,0x004fd1d0,,stub_code,1,4,5,17127,0.0000
0x0046fb20,0x0046fb20,,,1,0,1,17127,0.0000
0x00579010,0x00579010,,stub_code,1,11,12,17127,13.0000
0x004af590,0x004af590,,stub_code,1,1,2,17127,0.0000
0x004bcf60,0x004bcf60,,stub_code,0,7,7,17127,0.0000
0x0024a4b0,0x0024a4b0,,stub_code,0,1,1,17127,0.0000
0x0049a9a8,0x0049a9a8,,stub_code,0,1,1,17127,0.0000
0x004d6370,0x004d6370,,stub_code,0,4,4,17127,0.0000
0x00160910,0x00160910,,,3,0,3,17127,0.0000
0x002b18e0,0x002b18e0,,,1,0,1,17127,0.0000
0x0023e6c0,0x0023e6c0,,stub_code,0,3,3,17127,0.0000
0x00508210,0x00508210,,stub_code,0,2,2,17127,0.0000
0x001bb950,0x001bb950,,stub_code,0,2,2,17127,0.0000
0x001db090,0x001db090,,stub_code,3,8,11,17127,4.3333
0x001e47d0,0x001e47d0,,,1,0,1,17127,0.0000
0x004d0d60,0x004d0d60,,stub_code,0,4,4,17127,0.0000
0x00597120,0x00597120,,stub_code,0,1,1,2,0.0000
0x002905a0,0x002905a0,,stub_code,0,3,3,17127,0.0000
0x004a6c68,0x004a6c68,,stub_code,0,1,1,17127,0.0000
0x00293630,0x00293630,,stub_code,1,2,3,17127,0.0000
0x00277580,0x00277580,,stub_code,1,0,1,17127,0.0000
0x002df150,0x002df150,,stub_code,0,4,4,17127,0.0000
0x0043db88,0x0043db88,,stub_code,0,1,1,17127,0.0000
0x0011d310,0x0011d310,,stub_code,0,1,1,17127,0.0000
0x00105530,0x00105530,,stub_code,1,10,11,17127,121.5000
0x0032ba00,0x0032ba00,,stub_code,0,1,1,17127,0.0000
0x005174a0,0x005174a0,,stub_code,0,1,1,17127,0.0000
0x001c75c0,0x001c75c0,,stub_code,1,1,2,17127,11.0000
0x003dd6b0,0x003dd6b0,,stub_code,1,12,13,17127,5.0000
0x003dc1e0,0x003dc1e0,,stub_code,1,5,6,17127,34.6167
0x003ec3e0,0x003ec3e0,,,1,0,1,17127,0.0000
0x005a6830,0x005a6830,,stub_code,2,2,4,17127,0.0000
0x005ed100,0x005ed100,,stub_code,0,1,1,17127,0.0000
0x002eb9b0,0x002eb9b0,,stub_code,0,6,6,17127,0.0000
0x0032c560,0x0032c560,,stub_code,0,15,15,17127,0.0000
0x0051dc50,0x0051dc50,,,1,0,1,17127,0.0000
0x001a0ed0,0x001a0ed0,,stub_code,1,1,2,17127,0.0000
0x00306990,0x00306990,,stub_code,1,3,4,17127,0.0000
0x001329d0,0x001329d0,,,53,0,53,17127,0.0000
0x00136b20,0x00136b20,,stub_code,1,2,3,17127,0.0000
0x0048c3f0,0x0048c3f0,,,1,0,1,17127,0.0000
0x00327d70,0x00327d70,,,2,0,2,17127,0.0000
0x0053cef0,0x0053cef0,,,1,0,1,17127,0.0000
0x0024f110,0x0024f110,,stub_code,0,0,0,1,0.0000
0x0026c150,0x0026c150,,,10,0,10,17127,0.0000
0x0018bd20,0x0018bd20,,,1,0,1,17127,0.0000
0x002c7910,0x002c7910,,,1,0,1,17127,0.0000
0x005a5730,0x005a5730,,stub_code,0,3,3,17127,0.0000
0x004ccfc0,0x004ccfc0,,stub_code,0,1,1,17127,0.0000
0x005e61c0,0x005e61c0,,stub_code,0,3,3,17127,0.0000
0x00301fa0,0x00301fa0,,stub_code,1,13,14,17127,0.0000
0x00336d40,0x00336d40,,stub_code,3,3,6,17127,0.0000
0x0012bf60,FUN_0012bf60,,pseudo_stub,0,2,2,17127,0.0000
0x001675d0,0x001675d0,,stub_code,3,1,4,17127,0.0000
0x0026be10,0x0026be10,,stub_code,1,1,2,17127,0.0000
0x0049e9b8,0x0049e9b8,,stub_code,0,2,2,17127,0.0000
0x005711f0,0x005711f0,,stub_code,0,2,2,17127,0.0000
0x0049f658,0x0049f658,,stub_code,0,4,4,17127,0.0000
0x0055f1b0,0x0055f1b0,,stub_code,0,2,2,17127,0.0000
0x005f7ad0,0x005f7ad0,,stub_code,2,0,2,17127,0.0000
0x004d39a0,0x004d39a0,,,4,0,4,17127,0.0000
0x001a60f0,0x001a60f0,,,1,0,1,17127,0.0000
0x002fc920,0x002fc920,,stub_code,0,3,3,17127,0.0000
0x001794d0,0x001794d0,,stub_code,0,5,5,17127,0.0000
0x0049b888,0x0049b888,,stub_thunk,0,0,0,1,0.0000
0x004ae4a8,0x004ae4a8,,stub_code,1,4,5,17127,0.0000
0x004b4658,0x004b4658,,,2,0,2,17127,0.0000
0x004f7660,0x004f7660,,,1,0,1,17127,0.0000
0x00259330,0x00259330,,stub_code,0,1,1,17127,0.0000
0x003a6330,0x003a6330,,stub_code,0,3,3,17127,0.0000
0x001874d0,0x001874d0,,stub_code,1,4,5,17127,0.0000
0x005e8ae0,0x005e8ae0,,stub_code,0,5,5,17127,0.0000
0x0034a810,0x0034a810,,stub_code,0,2,2,17127,0.0000
0x0049b108,0x0049b108,,stub_code,0,4,4,17127,0.0000
0x0051e610,0x0051e610,,stub_code,0,0,0,1,0.0000
0x00242d20,0x00242d20,,stub_code,1,2,3,17127,0.0000
0x0058ff80,0x0058ff80,,,1,0,1,2,0.0000
0x003597f0,0x003597f0,,,1,0,1,17127,0.0000
0x001a5840,0x001a5840,,stub_code,1,0,1,2,0.0000
0x002af650,0x002af650,,,1,0,1,17127,0.0000
0x0047db68,0x0047db68,,stub_code,0,5,5,17127,0.0000
0x00447368,0x00447368,,,1,0,1,17127,0.0000
0x001837b0,0x001837b0,,stub_code,1,12,13,17127,0.0000
0x003f2d20,0x003f2d20,,stub_code,1,15,16,17127,1291.7714
0x0031ebf0,0x0031ebf0,,stub_code,0,1,1,17127,0.0000
0x004e7170,0x004e7170,,stub_code,0,1,1,17127,0.0000
0x002c1410,0x002c1410,,stub_code,2,12,14,17127,0.0000
0x001d31b0,0x001d31b0,,stub_code,1,3,4,17127,0.0000
0x00328450,0x00328450,,stub_code,0,6,6,17127,0.0000
0x0046f818,0x0046f818,,stub_code,0,0,0,1,0.0000
0x001a8660,FUN_001a8660,,pseudo_stub,0,0,0,1,0.0000
0x002282e0,0x002282e0,,stub_code,1,6,7,17127,0.0000
0x005f5be0,0x005f5be0,,stub_code,0,1,1,17127,0.0000
0x00310a50,0x00310a50,,stub_code,2,2,4,17127,0.0000
0x00178d20,0x00178d20,,stub_code,1,2,3,17127,0.0000
0x003b1b20,0x003b1b20,,stub_code,1,9,10,17127,0.0000
0x0048c4d8,0x0048c4d8,,stub_code,0,2,2,17127,0.0000
0x004cd2e0,0x004cd2e0,,stub_code,0,3,3,17127,0.0000
0x005fbe10,FUN_005fbe10,,pseudo_stub,2,1,3,17127,0.0000
0x00338700,0x00338700,,stub_code,24,8,32,17127,39.0000
0x0031c530,0x0031c530,,stub_code,0,6,6,17127,0.0000
0x0046e360,0x0046e360,,,4,0,4,17127,0.0000
0x002004b0,0x002004b0,,stub_code,6,4,10,17127,0.0000
0x004d68a0,0x004d68a0,,stub_code,0,4,4,17127,0.0000
0x00205250,0x00205250,,stub_code,0,1,1,17127,0.0000
0x004b5210,0x004b5210,,stub_code,0,2,2,17127,0.0000
0x0011bd20,0x0011bd20,,stub_code,1,6,7,17127,0.0000
0x001e4380,0x001e4380,,stub_code,9,2,11,17127,0.0000
0x0051d8b0,0x0051d8b0,,stub_code,1,2,3,17127,0.0000
0x005839e0,0x005839e0,,,2,0,2,17127,0.0000
0x004ea630,0x004ea630,,stub_code,0,1,1,2,0.0000
0x0011d8d0,0x0011d8d0,,,2,0,2,17127,0.0000
0x002fefa0,0x002fefa0,,stub_code,1,2,3,17127,0.0000
0x00426110,0x00426110,,stub_code,4,3,7,17127,0.0000
0x00223eb0,0x00223eb0,,stub_code,1,28,29,17127,0.0000
0x00124dc0,0x00124dc0,,stub_code,1,1,2,17127,0.0000
0x0033f800,0x0033f800,,stub_code,56,4,60,17127,78.0000
0x004a8eb0,0x004a8eb0,,stub_code,3,0,3,17127,0.0000
0x00520710,0x00520710,,stub_code,0,4,4,17127,0.0000
0x005f8460,0x005f8460,,stub_code,0,2,2,17127,0.0000
0x002fbe50,0x002fbe50,,stub_code,0,0,0,1,0.0000
0x0033d5f0,0x0033d5f0,,,2,0,2,17127,0.0000
0x001a49c0,0x001a49c0,,stub_code,0,1,1,17127,0.0000
0x001d0dc0,0x001d0dc0,,stub_code,0,14,14,17127,0.0000
0x00558390,0x00558390,,stub_code,1,3,4,17127,0.0000
0x0034c700,0x0034c700,,stub_code,0,1,1,17127,0.0000
0x0051fdf0,0x0051fdf0,,stub_code,0,3,3,17127,0.0000
0x002b5210,0x002b5210,,stub_code,1,7,8,17127,2.0000
0x00400870,0x00400870,,stub_code,1,5,6,17127,0.0000
0x004afa78,0x004afa78,,stub_code,0,1,1,17127,0.0000
0x00574ed0,0x00574ed0,,stub_code,0,4,4,17127,0.0000
0x004976b0,0x004976b0,,stub_code,3,1,4,17127,0.0000
0x0035c830,0x0035c830,,stub_code,0,10,10,17127,0.0000
0x004dd9c0,0x004dd9c0,,,1,0,1,17127,0.0000
0x00563100,0x00563100,,stub_code,1,0,1,17127,0.0000
0x00484c18,0x00484c18,,,1,0,1,5,0.0000
0x0041f6f0,0x0041f6f0,,stub_code,1,2,3,17127,0.0000
0x00158910,0x00158910,,stub_code,1,7,8,17127,0.0000
0x0013d7d0,0x0013d7d0,,stub_code,2,17,19,17127,0.0000
0x005ca760,0x005ca760,,stub_code,2,3,5,17127,0.0000
0x00167340,0x00167340,,stub_code,4,1,5,17127,0.0000
0x005f4b60,0x005f4b60,,stub_code,0,6,6,17127,0.0000
0x0024b330,0x0024b330,,stub_code,0,2,2,20,0.0000
0x002625e0,0x002625e0,,stub_code,2,1,3,17127,0.0000
0x0031e1c0,0x0031e1c0,,,1,0,1,17127,0.0000
0x00517a90,0x00517a90,,stub_code,0,3,3,17127,0.0000
0x004011e0,0x004011e0,,stub_code,0,6,6,17127,0.0000
0x00505fe0,0x00505fe0,,stub_code,0,1,1,17127,0.0000
0x0053fdf0,0x0053fdf0,,stub_code,0,0,0,1,0.0000
0x002d4640,0x002d4640,,stub_code,0,1,1,17127,0.0000
0x003474c0,0x003474c0,,stub_code,0,1,1,17127,0.0000
0x003edb50,0x003edb50,,stub_code,4,1,5,17127,0.0000
0x005f7d30,0x005f7d30,,stub_code,4,1,5,17127,0.0000
0x005a4770,0x005a4770,,,1,0,1,2,0.0000
0x004b2630,0x004b2630,,,1,0,1,17127,0.0000
0x00171c50,0x00171c50,,,9,0,9,17127,0.0000
0x0027f8b0,0x0027f8b0,,stub_code,1,2,3,17127,0.0000
0x00154d30,0x00154d30,,,17,0,17,17127,0.0000
0x00404ed0,0x00404ed0,,stub_code,1,2,3,17127,0.0000
0x004738e8,0x004738e8,,,1,0,1,17127,0.0000
0x0013ba10,0x0013ba10,,stub_code,0,1,1,17127,0.0000
0x004d8870,0x004d8870,,stub_code,0,5,5,17127,0.0000
0x0043e278,0x0043e278,,stub_code,0,1,1,17127,0.0000
0x0055e630,0x0055e630,,stub_code,0,1,1,17127,0.0000
0x00536900,0x00536900,,,6,0,6,17127,0.0000
0x002603e0,0x002603e0,,stub_code,0,2,2,17127,0.0000
0x004a9450,0x004a9450,,stub_code,1,3,4,17127,0.0000
0x00291780,0x00291780,,,1,0,1,17127,0.0000
0x0047e210,0x0047e210,,stub_code,0,8,8,17127,0.0000
0x0018d5f0,0x0018d5f0,,stub_code,3,1,4,17127,0.0000
0x004d1ad0,0x004d1ad0,,stub_code,0,5,5,17127,0.0000
0x0049df50,0x0049df50,,,3,0,3,17127,0.0000
0x003e6790,0x003e6790,,stub_code,1,3,4,17127,12.5167
0x0049ff00,0x0049ff00,,stub_code,1,3,4,17127,4.0000
0x002b19c0,0x002b19c0,,stub_code,1,2,3,17127,0.0000
0x001569e0,0x001569e0,,stub_code,0,1,1,17127,0.0000
0x003d6ff0,0x003d6ff0,,stub_code,1,2,3,17127,0.0000
0x003af6d0,0x003af6d0,,,1,0,1,17127,0.0000
0x00544c90,0x00544c90,,stub_code,0,1,1,17127,0.0000
0x005dc2d0,0x005dc2d0,,stub_code,0,1,1,17127,0.0000
0x0020e630,0x0020e630,,stub_code,1,11,12,17127,0.0000
0x004aac68,0x004aac68,,stub_code,1,3,4,17127,0.0000
0x003d6850,0x003d6850,,stub_code,3,2,5,17127,0.0000
0x00156c70,0x00156c70,,stub_code,0,5,5,17127,0.0000
0x002903a0,0x002903a0,,stub_code,0,4,4,17127,0.0000
0x0047ac78,0x0047ac78,,,25,0,25,17127,0.0000
0x0050e8a0,0x0050e8a0,,stub_code,0,2,2,17127,0.0000
0x0053af40,0x0053af40,,stub_code,0,5,5,17127,0.0000
0x001c39e0,0x001c39e0,,stub_code,10,2,12,17127,0.0000
0x002828d0,0x002828d0,,,1,0,1,17127,0.0000
0x00508e40,0x00508e40,,stub_code,0,2,2,17127,0.0000
0x00122d40,0x00122d40,,,1,0,1,17127,0.0000
0x0030e870,0x0030e870,,stub_code,0,0,0,1,0.0000
0x00151f10,0x00151f10,,stub_code,0,1,1,17127,0.0000
0x004f1f20,0x004f1f20,,stub_code,0,6,6,17127,0.0000
0x00552ce0,0x00552ce0,,stub_code,0,1,1,17127,0.0000
0x001690e0,0x001690e0,,,6,0,6,17127,0.0000
0x004fc540,0x004fc540,,stub_code,0,5,5,17127,0.0000
0x005f0570,0x005f0570,,,1,0,1,2,0.0000
0x001af9a0,0x001af9a0,,,2,0,2,17127,0.0000
0x001a2220,0x001a2220,,stub_code,2,2,4,17127,0.0000
0x00476288,0x00476288,,stub_code,0,0,0,1,0.0000
0x004a28a0,0x004a28a0,,stub_code,6,3,9,17127,1.0000
0x001c5d70,0x001c5d70,,stub_code,0,2,2,17127,0.0000
0x0053e590,0x0053e590,,stub_code,0,3,3,17127,0.0000
0x0039e2e0,0x0039e2e0,,,6,0,6,17127,0.0000
0x00331ae0,0x00331ae0,,,2,0,2,17127,0.0000
0x004699b0,0x004699b0,,stub_code,1,1,2,17127,0.0000
0x004599b0,0x004599b0,,stub_code,1,1,2,17127,0.0000
0x003159d0,0x003159d0,,stub_code,0,4,4,17127,0.0000
0x001fe2d0,0x001fe2d0,,stub_code,0,2,2,17127,0.0000
0x001c9c30,0x001c9c30,,stub_code,1,1,2,17127,0.0000
0x002eeca0,0x002eeca0,,,1,0,1,17127,0.0000
0x003422c0,0x003422c0,,stub_code,0,1,1,17127,0.0000
0x004a1840,0x004a1840,,stub_code,0,3,3,17127,0.0000
0x005cfc50,0x005cfc50,,,20,0,20,17127,0.0000
0x0038eec0,0x0038eec0,,stub_code,1,2,3,17127,0.0000
0x0021b3b0,0x0021b3b0,,,26,0,26,17127,0.0000
0x0040db40,0x0040db40,,stub_code,1,16,17,17127,0.0000
0x0049fb28,0x0049fb28,,stub_code,2,1,3,17127,0.0000
0x00195820,FUN_00195820,game/kart,real_c,1,0,1,17127,0.0000
0x00491fb0,0x00491fb0,,,1,0,1,17127,0.0000
0x00551f60,0x00551f60,,stub_code,1,1,2,17127,0.0000
0x003ad2e0,0x003ad2e0,,,1,0,1,17127,0.0000
0x003a7290,0x003a7290,,stub_code,1,1,2,17127,0.0000
0x003e1470,0x003e1470,,,5,0,5,17127,0.0000
0x004e1750,0x004e1750,,,2,0,2,17127,0.0000
0x001f7ea0,0x001f7ea0,,stub_code,0,1,1,2,0.0000
0x0049ed58,0x0049ed58,,stub_code,1,1,2,17127,0.0000
0x005f5d70,0x005f5d70,,stub_code,4,2,6,17127,0.0000
0x0047a0b0,0x0047a0b0,,stub_code,1,2,3,17127,0.0000
0x003ac5a0,0x003ac5a0,,stub_code,1,3,4,17127,0.0000
0x00432eb8,0x00432eb8,,stub_code,2,1,3,17127,97.0000
0x00262140,0x00262140,,,1,0,1,17127,0.0000
0x0029e2b0,0x0029e2b0,,stub_code,1,1,2,17127,1.0000
0x00216ac0,0x00216ac0,,,15,0,15,17127,0.0000
0x005f96d0,0x005f96d0,,stub_code,1,1,2,17127,0.0000
0x005193b0,0x005193b0,,stub_code,1,3,4,17127,0.0000
0x0020d5f0,0x0020d5f0,,stub_code,0,0,0,1,0.0000
0x0026d190,0x0026d190,,,2,0,2,17127,0.0000
0x005c8760,0x005c8760,,stub_code,0,1,1,17127,0.0000
0x001b11a0,0x001b11a0,,stub_code,1,1,2,17127,0.0000
0x0013e040,0x0013e040,,stub_code,5,3,8,17127,0.0000
0x004a0ec8,0x004a0ec8,,stub_code,1,5,6,17127,0.0000
0x00593bf0,0x00593bf0,,stub_code,0,3,3,17127,0.0000
0x00338520,0x00338520,,stub_code,1,3,4,17127,0.0000
0x001c55c0,0x001c55c0,,stub_code,2,1,3,17127,0.0000
0x0047c140,0x0047c140,,stub_code,1,3,4,17127,0.0000
0x004bedc0,0x004bedc0,,stub_code,0,3,3,17127,0.0000
0x001fe100,0x001fe100,,stub_code,0,3,3,17127,0.0000
0x0049ac70,0x0049ac70,,stub_code,0,10,10,17127,0.0000
0x0055c0f0,0x0055c0f0,,stub_code,7,1,8,17127,1.0000
0x00289860,0x00289860,,stub_code,0,5,5,17127,0.0000
0x002e8880,0x002e8880,,stub_code,0,3,3,17127,0.0000
0x0046d6a8,0x0046d6a8,,stub_thunk,0,0,0,1,0.0000
0x00258aa0,0x00258aa0,,stub_code,0,0,0,1,0.0000
0x002b0950,0x002b0950,,,1,0,1,17127,0.0000
0x00481540,0x00481540,,,2,0,2,17127,0.0000
0x002b48f0,0x002b48f0,,,1,0,1,17127,0.0000
0x002e1e20,0x002e1e20,,stub_code,1,8,9,17127,0.0000
0x0021c2a0,0x0021c2a0,,stub_code,1,3,4,17127,0.0000
0x001c8d50,0x001c8d50,,stub_code,0,4,4,17127,0.0000
0x005fbd90,0x005fbd90,,stub_code,2,2,4,17127,0.0000
0x004f4430,0x004f4430,,stub_code,1,7,8,17127,0.0000
0x001170d0,0x001170d0,,,4,0,4,17127,0.0000
0x005058d0,0x005058d0,,stub_code,0,0,0,1,0.0000
0x0036acf0,0x0036acf0,,stub_code,6,2,8,17127,3.0000
0x004b58d0,0x004b58d0,,stub_code,1,1,2,17127,0.0000
0x0036b460,0x0036b460,,stub_code,2,3,5,17127,0.0000
0x0039cba0,0x0039cba0,,stub_code,1,3,4,17127,0.0000
0x005cb860,0x005cb860,,stub_code,0,7,7,17127,0.0000
0x001594f0,0x001594f0,,,2,0,2,17127,0.0000
0x003fd710,0x003fd710,,stub_code,1,3,4,17127,0.0000
0x0055dd70,0x0055dd70,,stub_code,0,2,2,17127,0.0000
0x004e9140,0x004e9140,,stub_code,0,4,4,17127,0.0000
0x002a3c90,0x002a3c90,,,1,0,1,17127,0.0000
0x0013e950,FUN_0013e950,,real_logic,0,0,0,1,0.0000
0x00176740,0x00176740,,stub_code,0,1,1,17127,0.0000
0x004afba8,0x004afba8,,,2,0,2,17127,0.0000
0x004b3e70,0x004b3e70,,,1,0,1,17127,0.0000
0x00592500,0x00592500,,stub_code,0,1,1,2,0.0000
0x0047ae58,0x0047ae58,,stub_code,4,5,9,17127,0.0000
0x004a3598,0x004a3598,,,2,0,2,17127,0.0000
0x00296950,0x00296950,,stub_code,1,1,2,17127,0.0000
0x0022a2b0,0x0022a2b0,,stub_code,1,3,4,17127,0.0000
0x00249930,0x00249930,,stub_code,0,0,0,1,0.0000
0x00198900,0x00198900,,,4,0,4,17127,0.0000
0x00594450,0x00594450,,stub_code,0,3,3,17127,0.0000
0x0017db50,0x0017db50,,stub_code,1,4,5,17127,0.0000
0x005bded0,0x005bded0,,stub_code,0,5,5,17127,0.0000
0x00390270,0x00390270,,stub_code,2,1,3,17127,0.0000
0x0030f8c0,0x0030f8c0,,,3,0,3,17127,0.0000
0x004d4390,0x004d4390,,stub_code,0,3,3,17127,0.0000
0x0011fe60,0x0011fe60,,stub_code,1,1,2,17127,0.0000
0x004776c8,0x004776c8,,stub_code,1,6,7,17127,0.0000
0x0046ddf8,0x0046ddf8,,,1,0,1,2,0.0000
0x004ab6c8,0x004ab6c8,,stub_code,1,1,2,17127,0.0000
0x005b7c80,0x005b7c80,,stub_code,0,3,3,17127,0.0000
0x0047d8c8,FUN_0047d8c8,,pseudo_stub,9,0,9,17127,0.0000
0x0016b740,0x0016b740,,stub_code,1,5,6,17127,0.0000
0x003bf6b0,0x003bf6b0,,,1,0,1,17127,0.0000
0x002f96e0,0x002f96e0,,stub_code,1,3,4,17127,0.0000
0x001338b0,0x001338b0,,stub_code,0,0,0,1,0.0000
0x00261130,0x00261130,,stub_code,1,7,8,17127,0.0000
0x00326b80,0x00326b80,,,1,0,1,17127,0.0000
0x0021ce60,0x0021ce60,,,5,0,5,17127,0.0000
0x002f3600,0x002f3600,,stub_code,0,6,6,17127,0.0000
0x00467ae8,FUN_00467ae8,,pseudo_stub,0,0,0,1,0.0000
0x001a3b90,0x001a3b90,,stub_code,1,1,2,17127,0.0000
0x001bd290,0x001bd290,,,1,0,1,17127,0.0000
0x003f2260,0x003f2260,,stub_code,1,1,2,17127,4.0000
0x0021dfe0,0x0021dfe0,,stub_code,2,18,20,17127,0.0000
0x005eb040,0x005eb040,,stub_code,0,4,4,17127,0.0000
0x004b1110,0x004b1110,,stub_code,0,1,1,17127,0.0000
0x00105010,0x00105010,,stub_code,5,2,7,17127,0.0000
0x00183630,0x00183630,,,1,0,1,17127,0.0000
0x0026bca0,0x0026bca0,,,1,0,1,17127,0.0000
0x0024eca0,0x0024eca0,,stub_code,0,2,2,17127,0.0000
0x00249280,0x00249280,,stub_code,0,0,0,1,0.0000
0x002a3b80,0x002a3b80,,,1,0,1,17127,0.0000
0x0018e530,0x0018e530,,stub_code,1,1,2,17127,0.0000
0x005f0df0,0x005f0df0,,,3,0,3,17127,0.0000
0x0037d4f0,0x0037d4f0,,stub_code,1,7,8,17127,0.0000
0x005960c0,0x005960c0,,,2,0,2,17127,0.0000
0x00593120,0x00593120,,stub_code,1,2,3,17127,0.0000
0x005e5d80,0x005e5d80,,stub_code,0,3,3,17127,0.0000
0x001f7f60,0x001f7f60,,stub_code,1,2,3,17127,0.0000
0x00131760,0x00131760,,stub_code,0,1,1,17127,0.0000
0x00274f80,0x00274f80,,stub_code,0,1,1,17127,0.0000
0x001feeb0,0x001feeb0,,stub_code,1,2,3,17127,0.0000
0x0025a420,0x0025a420,,stub_code,0,1,1,17127,0.0000
0x004b89c0,0x004b89c0,,stub_code,0,0,0,1,0.0000
0x004ba820,0x004ba820,,stub_code,0,1,1,17127,0.0000
0x0023b170,0x0023b170,,stub_code,1,5,6,17127,149.6952
0x004fcca0,0x004fcca0,,stub_code,2,1,3,17127,0.0000
0x005e8770,0x005e8770,,stub_code,0,1,1,17127,0.0000
0x002d8cc0,0x002d8cc0,,stub_code,0,9,9,17127,0.0000
0x004779c8,FUN_004779c8,,pseudo_stub,1,0,1,17127,0.0000
0x005385a0,0x005385a0,,stub_code,0,11,11,17127,0.0000
0x003265b0,0x003265b0,,stub_code,1,5,6,17127,0.0000
0x002c74f0,0x002c74f0,,,1,0,1,17127,0.0000
0x001a9d60,0x001a9d60,,stub_code,0,0,0,1,0.0000
0x001db610,0x001db610,,stub_code,0,23,23,17127,0.0000
0x003196f0,0x003196f0,,stub_code,1,2,3,17127,0.0000
0x00318ee0,0x00318ee0,,stub_code,0,5,5,17127,0.0000
0x00479af0,0x00479af0,,stub_code,0,1,1,17127,0.0000
0x004c5350,0x004c5350,,stub_code,0,5,5,17127,0.0000
0x004c5bb0,0x004c5bb0,,stub_code,0,5,5,17127,0.0000
0x0026c1c0,0x0026c1c0,,stub_code,2,1,3,17127,0.0000
0x00560bd0,0x00560bd0,,stub_code,0,8,8,17127,0.0000
0x004833e8,0x004833e8,,stub_code,0,1,1,17127,0.0000
0x005b2380,0x005b2380,,stub_code,1,2,3,17127,0.0000
0x00204640,0x00204640,,stub_code,2,20,22,17127,0.0000
0x0023df20,0x0023df20,,stub_code,2,0,2,17127,0.0000
0x002e8600,0x002e8600,,,1,0,1,17127,0.0000
0x002ff130,0x002ff130,,stub_code,0,1,1,17127,0.0000
0x0044c5c0,0x0044c5c0,,,1,0,1,17127,0.0000
0x0010fa10,0x0010fa10,,stub_code,2,3,5,17127,0.0000
0x00246290,0x00246290,,,1,0,1,17127,0.0000
0x00319240,0x00319240,,stub_code,0,6,6,17127,0.0000
0x0047be58,0x0047be58,,stub_code,1,1,2,17127,0.0000
0x004840a0,0x004840a0,,stub_thunk,2,0,2,17127,0.0000
0x005ddfd0,0x005ddfd0,,stub_code,1,0,1,2,0.0000
0x004d1870,0x004d1870,,stub_code,0,2,2,17127,0.0000
0x0025aca0,0x0025aca0,,stub_code,0,0,0,1,0.0000
0x001afb50,0x001afb50,,stub_code,0,1,1,17127,0.0000
0x002f83c0,0x002f83c0,,stub_code,0,5,5,17127,0.0000
0x00295270,0x00295270,,stub_code,0,0,0,1,0.0000
0x00118760,0x00118760,,stub_code,1,1,2,17127,0.0000
0x003d9c70,0x003d9c70,,stub_code,2,1,3,17127,0.0000
0x00126050,0x00126050,,stub_code,0,0,0,1,0.0000
0x00220b00,0x00220b00,,stub_code,0,1,1,17127,0.0000
0x00318900,0x00318900,,stub_code,0,1,1,17127,0.0000
0x001284c0,0x001284c0,,stub_code,0,1,1,3,0.0000
0x001ddf00,0x001ddf00,,stub_code,1,3,4,17127,0.0000
0x003ba370,0x003ba370,,stub_code,1,11,12,17127,0.0000
0x0023def0,0x0023def0,,,1,0,1,17127,0.0000
0x002f6fa0,0x002f6fa0,,,2,0,2,17127,0.0000
0x002a4c80,0x002a4c80,,,1,0,1,17127,0.0000
0x00110bb0,0x00110bb0,,stub_code,1,2,3,17127,0.0000
0x002f9be0,0x002f9be0,,stub_code,1,2,3,17127,0.0000
0x00211a40,0x00211a40,,stub_code,0,2,2,17127,0.0000
0x0021a4d0,0x0021a4d0,,stub_code,0,8,8,17127,0.0000
0x004b60d0,0x004b60d0,,stub_code,1,0,1,17127,0.0000
0x00557aa0,0x00557aa0,,stub_code,0,2,2,17127,0.0000
0x0015d3c0,0x0015d3c0,,,2,0,2,17127,0.0000
0x002ea330,0x002ea330,,stub_code,2,6,8,17127,7.0000
0x001bff50,0x001bff50,,stub_code,1,1,2,17127,0.0000
0x0017eb30,0x0017eb30,,stub_code,1,4,5,17127,0.0000
0x003beff0,0x003beff0,,,1,0,1,17127,0.0000
0x001e0090,0x001e0090,,stub_code,0,2,2,17127,0.0000
0x003907e0,0x003907e0,,,1,0,1,17127,0.0000
0x00478c18,0x00478c18,,stub_code,0,5,5,17127,0.0000
0x00108f60,0x00108f60,,stub_code,0,22,22,17127,0.0000
0x005a3b60,0x005a3b60,,,1,0,1,2,0.0000
0x005b74d0,0x005b74d0,,stub_code,0,8,8,17127,0.0000
0x0050fd10,0x0050fd10,,,2,0,2,17127,0.0000
0x004e2500,0x004e2500,,,6,0,6,17127,0.0000
0x00285ea0,0x00285ea0,,stub_code,0,3,3,17127,0.0000
0x0032e430,0x0032e430,,stub_code,0,1,1,17127,0.0000
0x001c69c0,0x001c69c0,,stub_code,3,1,4,17127,0.0000
0x004ee5c0,0x004ee5c0,,stub_code,1,3,4,17127,0.5000
0x003548e0,0x003548e0,,stub_code,1,0,1,2,0.0000
0x0021d230,0x0021d230,,stub_code,2,16,18,17127,0.0000
0x005fdca0,0x005fdca0,,stub_code,2,3,5,17127,3.2000
0x0014c710,0x0014c710,,stub_code,1,5,6,17127,0.0000
0x0021b290,0x0021b290,,,12,0,12,17127,0.0000
0x005490e0,0x005490e0,,stub_code,0,3,3,17127,0.0000
0x005185f0,0x005185f0,,stub_code,0,3,3,17127,0.0000
0x00249440,0x00249440,,stub_code,0,1,1,17127,0.0000
0x001f5770,0x001f5770,,stub_code,1,6,7,17127,0.0000
0x0031f100,0x0031f100,,stub_code,0,4,4,17127,0.0000
0x002e77b0,0x002e77b0,,stub_code,1,3,4,17127,0.0000
0x004cd6e0,0x004cd6e0,,stub_code,0,6,6,17127,0.0000
0x00599d90,0x00599d90,,stub_code,0,1,1,17127,0.0000
0x002f6760,0x002f6760,,stub_code,0,2,2,17127,0.0000
0x002eff70,0x002eff70,,stub_code,1,2,3,17127,0.0000
0x0017ca00,0x0017ca00,,stub_code,1,2,3,17127,0.0000
0x00480f28,0x00480f28,,stub_code,0,1,1,17127,0.0000
0x00136520,0x00136520,,,7,0,7,17127,0.0000
0x00340f70,0x00340f70,,stub_code,2,5,7,17127,1.3333
0x004d21c0,0x004d21c0,,stub_code,0,4,4,17127,0.0000
0x00130a80,0x00130a80,,stub_code,0,1,1,17127,0.0000
0x00416da0,0x00416da0,,stub_code,1,2,3,17127,0.0000
0x005495c0,0x005495c0,,,1,0,1,2,0.0000
0x0018a960,0x0018a960,,,1,0,1,17127,0.0000
0x00296c20,0x00296c20,,,6,0,6,17127,0.0000
0x0016cba0,0x0016cba0,,stub_code,0,1,1,17127,0.0000
0x0027d360,0x0027d360,,stub_code,0,1,1,17127,0.0000
0x002dcc70,0x002dcc70,,stub_code,0,1,1,17127,0.0000
0x001d1fa0,0x001d1fa0,,stub_code,0,4,4,17127,0.0000
0x00362bc0,0x00362bc0,,,1,0,1,17127,0.0000
0x0049c6e0,0x0049c6e0,,stub_code,1,1,2,17127,0.0000
0x004bb9c0,0x004bb9c0,,stub_code,0,3,3,17127,0.0000
0x001bb880,0x001bb880,,,1,0,1,17127,0.0000
0x00589a10,0x00589a10,,stub_code,0,1,1,17127,0.0000
0x00470b88,FUN_00470b88,,pseudo_stub,0,0,0,1,0.0000
0x00110ae0,0x00110ae0,,stub_code,1,2,3,17127,0.0000
0x005e5610,0x005e5610,,stub_code,0,4,4,17127,0.0000
0x001e78d0,0x001e78d0,,stub_code,1,3,4,17127,0.0000
0x00475bc0,FUN_00475bc0,,pseudo_stub,0,1,1,17127,0.0000
0x0033d9b0,0x0033d9b0,,stub_code,5,1,6,17127,1.0000
0x00309280,0x00309280,,stub_code,0,0,0,1,0.0000
0x0055e250,0x0055e250,,stub_code,0,1,1,17127,0.0000
0x0019df40,0x0019df40,,stub_code,0,2,2,17127,0.0000
0x004a9388,0x004a9388,,stub_code,1,3,4,17127,0.0000
0x001ab230,0x001ab230,,stub_code,0,2,2,17127,0.0000
0x00471fe0,0x00471fe0,,stub_code,1,2,3,17127,0.0000
0x00130cd0,0x00130cd0,,stub_code,0,5,5,17127,0.0000
0x002daa30,0x002daa30,,stub_code,0,1,1,17127,0.0000
0x0031c690,0x0031c690,,stub_code,0,1,1,17127,0.0000
0x0012c400,FUN_0012c400,,pseudo_stub,0,1,1,3,0.0000
0x001bf560,0x001bf560,,,2,0,2,17127,0.0000
0x002652a0,0x002652a0,,stub_code,3,5,8,17127,0.0000
0x004e9070,0x004e9070,,stub_code,0,1,1,17127,0.0000
0x0015d3b0,0x0015d3b0,,,7,0,7,17127,0.0000
0x00148cd0,0x00148cd0,,stub_code,1,9,10,17127,0.0000
0x0049b3d0,0x0049b3d0,,,1,0,1,17127,0.0000
0x004b4d90,0x004b4d90,,stub_code,0,1,1,17127,0.0000
0x005f1c70,0x005f1c70,,stub_code,0,5,5,17127,0.0000
0x004e9b30,0x004e9b30,,stub_code,0,4,4,17127,0.0000
0x001787d0,0x001787d0,,stub_code,0,1,1,17127,0.0000
0x00446150,FUN_00446150,,pseudo_stub,2,1,3,17127,0.0000
0x001de200,0x001de200,,stub_code,0,0,0,1,0.0000
0x00491d10,0x00491d10,,,1,0,1,17127,0.0000
0x004b16c8,0x004b16c8,,,6,0,6,17127,0.0000
0x00380fa0,0x00380fa0,,,1,0,1,17127,0.0000
0x0035f350,0x0035f350,,,1,0,1,17127,0.0000
0x00547940,0x00547940,,,2,0,2,17127,0.0000
0x00405810,0x00405810,,stub_code,0,0,0,1,0.0000
0x004d9bb0,0x004d9bb0,,stub_code,0,5,5,17127,0.0000
0x002f5f50,0x002f5f50,,stub_code,0,2,2,17127,0.0000
0x00340470,0x00340470,,stub_code,1,4,5,17127,0.0000
0x0024ba70,0x0024ba70,,stub_code,0,0,0,1,0.0000
0x0037df70,0x0037df70,,stub_code,1,1,2,17127,0.0000
0x00113770,0x00113770,,stub_code,0,1,1,17127,0.0000
0x0053d400,0x0053d400,,stub_code,0,1,1,17127,0.0000
0x00231e80,0x00231e80,,stub_code,0,2,2,17127,0.0000
0x003b50f0,0x003b50f0,,stub_code,2,5,7,17127,0.0000
0x0049b908,0x0049b908,,stub_code,0,1,1,17127,0.0000
0x0029ea90,0x0029ea90,,stub_code,1,1,2,17127,1.0000
0x0053b720,0x0053b720,,stub_code,0,0,0,1,0.0000
0x00297000,0x00297000,,stub_code,2,2,4,17127,2.0000
0x0025f180,0x0025f180,,stub_code,0,2,2,17127,0.0000
0x002378c0,0x002378c0,,stub_code,1,6,7,17127,0.0000
0x001aa090,0x001aa090,,stub_code,0,1,1,17127,0.0000
0x00336b60,0x00336b60,,stub_code,0,1,1,17127,0.0000
0x0050c5a0,0x0050c5a0,,stub_code,0,1,1,17127,0.0000
0x00456200,0x00456200,,stub_code,2,8,10,17127,1.4500
0x00357bf0,0x00357bf0,,stub_code,4,1,5,17127,2.0000
0x0049fa30,0x0049fa30,,stub_code,0,5,5,17127,0.0000
0x00338df0,0x00338df0,,,2,0,2,17127,0.0000
0x00477850,0x00477850,,,1,0,1,17127,0.0000
0x004dd440,0x004dd440,,stub_code,0,1,1,2,0.0000
0x001de2c0,0x001de2c0,,stub_code,2,1,3,17127,0.0000
0x0035b6e0,0x0035b6e0,,,4,0,4,17127,0.0000
0x004479b0,0x004479b0,,stub_code,1,2,3,17127,5.5000
0x005f77b0,0x005f77b0,,stub_code,0,1,1,2,0.0000
0x001c7310,0x001c7310,,stub_code,0,0,0,1,0.0000
0x005c29d0,0x005c29d0,,stub_code,1,12,13,17127,0.0000
0x004ada98,0x004ada98,,stub_code,1,0,1,17127,0.0000
0x00251d60,0x00251d60,,stub_code,0,0,0,1,0.0000
0x002765a0,0x002765a0,,stub_code,0,6,6,17127,0.0000
0x00540040,0x00540040,,stub_code,0,0,0,1,0.0000
0x00514d10,0x00514d10,,stub_code,0,1,1,17127,0.0000
0x0046fb78,0x0046fb78,,,1,0,1,17127,0.0000
0x0043cd60,0x0043cd60,,,18,0,18,17127,0.0000
0x004266c0,0x004266c0,,,1,0,1,17127,0.0000
0x003b0dd0,0x003b0dd0,,stub_code,3,10,13,17127,0.0000
0x001b6500,0x001b6500,,stub_code,2,13,15,17127,0.0000
0x0059e370,0x0059e370,,stub_code,0,5,5,17127,0.0000
0x002808a0,0x002808a0,,stub_code,0,3,3,17127,0.0000
0x00362580,0x00362580,,stub_code,1,2,3,17127,0.0000
0x001a5250,0x001a5250,,stub_code,0,1,1,17127,0.0000
0x003d6e10,0x003d6e10,,stub_code,2,2,4,17127,0.0000
0x0053d830,0x0053d830,,stub_code,0,1,1,2,0.0000
0x005c09a0,0x005c09a0,,stub_code,1,2,3,17127,0.0000
0x003c0c90,0x003c0c90,,stub_code,2,5,7,17127,24.0000
0x001c9d80,0x001c9d80,,stub_code,0,7,7,17127,0.0000
0x003a9960,0x003a9960,,,2,0,2,17127,0.0000
0x00402d10,0x00402d10,,stub_code,0,1,1,17127,0.0000
0x003dfa90,0x003dfa90,,stub_code,3,4,7,17127,1.0000
0x005fccd0,0x005fccd0,,stub_code,0,0,0,1,0.0000
0x003a86e0,0x003a86e0,,,1,0,1,17127,0.0000
0x005ee600,0x005ee600,,,2,0,2,17127,0.0000
0x0031e7b0,0x0031e7b0,,,1,0,1,17127,0.0000
0x0049efd8,0x0049efd8,,,1,0,1,17127,0.0000
0x002bd610,0x002bd610,,stub_code,1,1,2,17127,0.0000
0x0025e4b0,0x0025e4b0,,stub_code,0,2,2,17127,0.0000
0x004d1260,0x004d1260,,,2,0,2,17127,0.0000
0x0018f4c0,0x0018f4c0,,stub_code,0,1,1,17127,0.0000
0x0053aa30,0x0053aa30,,stub_code,0,1,1,2,0.0000
0x005131b0,0x005131b0,,stub_code,1,3,4,17127,0.0000
0x002ce3f0,0x002ce3f0,,stub_code,1,1,2,17127,3.0000
0x00153f90,0x00153f90,,,2,0,2,17127,0.0000
0x0059db10,0x0059db10,,stub_code,1,3,4,17127,0.0000
0x00454430,0x00454430,,,5,0,5,17127,0.0000
0x0049a3e0,0x0049a3e0,,stub_code,14,1,15,17127,1.0000
0x0030e970,0x0030e970,,stub_code,0,0,0,1,0.0000
0x00271ce0,0x00271ce0,,stub_code,1,2,3,17127,0.0000
0x00348700,0x00348700,,stub_code,1,0,1,17127,0.0000
0x004f7150,0x004f7150,,stub_code,2,2,4,17127,0.0000
0x005526c0,0x005526c0,,stub_code,0,18,18,17127,0.0000
0x004f3bf0,0x004f3bf0,,stub_code,1,2,3,17127,0.0000
0x002933b0,0x002933b0,,,1,0,1,17127,0.0000
0x00351240,0x00351240,,stub_code,2,1,3,17127,7.0000
0x004ea930,0x004ea930,,,2,0,2,17127,0.0000
0x00390260,0x00390260,,,2,0,2,17127,0.0000
0x004fe760,0x004fe760,,stub_code,2,1,3,17127,0.0000
0x0052d0e0,0x0052d0e0,,stub_code,0,3,3,17127,0.0000
0x004be6f0,0x004be6f0,,,2,0,2,17127,0.0000
0x00210b70,0x00210b70,,stub_code,1,2,3,17127,0.0000
0x005a3a60,0x005a3a60,,stub_code,1,2,3,17127,0.0000
0x0046f6a8,0x0046f6a8,,stub_code,0,0,0,1,0.0000
0x002c8230,0x002c8230,,,1,0,1,17127,0.0000
0x0054bd70,0x0054bd70,,stub_code,0,1,1,17127,0.0000
0x002614a0,0x002614a0,,stub_code,1,3,4,17127,0.0000
0x001444e0,0x001444e0,,stub_code,0,1,1,17127,0.0000
0x002b1140,0x002b1140,,stub_code,1,2,3,17127,0.0000
0x00575f40,0x00575f40,,stub_code,0,1,1,17127,0.0000
0x002d26d0,0x002d26d0,,stub_code,2,1,3,17127,0.0000
0x0043c688,0x0043c688,,stub_code,3,1,4,17127,70.0000
0x00286060,0x00286060,,stub_code,0,4,4,17127,0.0000
0x0058b030,0x0058b030,,,9,0,9,17127,0.0000
0x00404c80,0x00404c80,,,1,0,1,2,0.0000
0x005fabe0,0x005fabe0,,,1,0,1,17127,0.0000
0x004bbe90,0x004bbe90,,,3,0,3,17127,0.0000
0x002f95d0,0x002f95d0,,stub_code,0,2,2,17127,0.0000
0x00475e40,0x00475e40,,,1,0,1,17127,0.0000
0x00337490,0x00337490,,,1,0,1,17127,0.0000
0x0035c3f0,FUN_0035c3f0,math/matrix,real_c,9,0,9,17127,0.0000
0x0025aa20,0x0025aa20,,stub_code,0,0,0,1,0.0000
0x004d05b0,0x004d05b0,,stub_code,0,2,2,17127,0.0000
0x004a0250,0x004a0250,,stub_code,0,2,2,17127,0.0000
0x0046d578,FUN_0046d578,,pseudo_stub,0,0,0,1,0.0000
0x0051d7b0,0x0051d7b0,,stub_code,1,2,3,17127,0.0000
0x001448e0,0x001448e0,,stub_code,2,7,9,17127,31.1500
0x00584050,0x00584050,,stub_code,0,1,1,2,0.0000
0x004c7da0,0x004c7da0,,stub_code,0,1,1,17127,0.0000
0x00338ed0,0x00338ed0,,,1,0,1,17127,0.0000
0x0028e750,0x0028e750,,stub_code,0,4,4,17127,0.0000
0x00517430,0x00517430,,stub_code,1,0,1,17127,0.0000
0x002657a0,0x002657a0,,stub_code,1,1,2,17127,0.0000
0x001471d0,0x001471d0,,stub_code,0,6,6,17127,0.0000
0x004e5cf0,0x004e5cf0,,stub_code,0,1,1,17127,0.0000
0x002ce450,0x002ce450,,,12,0,12,17127,0.0000
0x00247c80,0x00247c80,,,3,0,3,17127,0.0000
0x004d4e40,0x004d4e40,,stub_code,0,4,4,17127,0.0000
0x001f4da0,0x001f4da0,,,1,0,1,17127,0.0000
0x005fe070,0x005fe070,,stub_code,0,2,2,17127,0.0000
0x0059b550,0x0059b550,,,1,0,1,2,0.0000
0x0021ee70,0x0021ee70,,stub_code,0,0,0,1,0.0000
0x00427340,0x00427340,,,2,0,2,17127,0.0000
0x00403830,0x00403830,,stub_code,2,2,4,17127,7.0000
0x0046d398,0x0046d398,,stub_code,0,1,1,17127,0.0000
0x002f17d0,0x002f17d0,,stub_code,3,2,5,17127,0.0000
0x004fc100,FUN_004fc100,,pseudo_stub,1,1,2,17127,0.0000
0x0055a580,0x0055a580,,,1,0,1,2,0.0000
0x002642b0,0x002642b0,,stub_code,1,2,3,17127,0.0000
0x00252fa0,0x00252fa0,,stub_code,0,0,0,1,0.0000
0x002832b0,0x002832b0,,stub_code,0,1,1,17127,0.0000
0x004a3c30,0x004a3c30,,stub_code,1,1,2,17127,0.0000
0x00264c00,0x00264c00,,,1,0,1,17127,0.0000
0x004c2c80,0x004c2c80,,,2,0,2,17127,0.0000
0x00349b40,0x00349b40,,stub_code,0,1,1,17127,0.0000
0x002b4550,0x002b4550,,stub_code,1,1,2,17127,0.0000
0x004ef290,0x004ef290,,stub_code,0,4,4,17127,0.0000
0x001bd320,0x001bd320,,stub_code,1,0,1,17127,0.0000
0x0043cb00,FUN_0043cb00,core/struct,real_logic,57,0,57,17127,0.0000
0x00475ea0,0x00475ea0,,stub_code,0,3,3,17127,0.0000
0x00340050,0x00340050,,stub_code,3,7,10,17127,6.0000
0x00361ff0,0x00361ff0,,stub_code,2,5,7,17127,0.0000
0x002f1030,0x002f1030,,stub_code,0,5,5,17127,0.0000
0x005bf940,0x005bf940,,stub_code,0,5,5,17127,0.0000
0x001182a0,0x001182a0,,,1,0,1,17127,0.0000
0x00428b18,FUN_00428b18,core/strings,real_c,25,1,26,17127,4.0000
0x00112990,0x00112990,,stub_code,0,1,1,17127,0.0000
0x00120b10,0x00120b10,,stub_code,1,1,2,17127,0.0000
0x004d9c40,0x004d9c40,,stub_code,306,2,308,17127,225.0000
0x003383a0,0x003383a0,,stub_code,0,5,5,17127,0.0000
0x001c7f30,0x001c7f30,,stub_code,0,3,3,17127,0.0000
0x00109580,0x00109580,,stub_code,0,1,1,17127,0.0000
0x002d1dc0,0x002d1dc0,,stub_code,2,1,3,17127,730.0833
0x0043a490,0x0043a490,,,11,0,11,17127,0.0000
0x00511c50,0x00511c50,,stub_code,1,2,3,17127,20.0000
0x00513e80,0x00513e80,,stub_code,3,2,5,17127,0.0000
0x00567e90,0x00567e90,,stub_code,0,2,2,17127,0.0000
0x004d96c0,0x004d96c0,,stub_code,0,5,5,17127,0.0000
0x0029e4f0,0x0029e4f0,,stub_code,1,1,2,17127,1.0000
0x001ca390,0x001ca390,,stub_code,0,3,3,17127,0.0000
0x004996a8,0x004996a8,,stub_code,1,3,4,17127,0.0000
0x003c31f0,0x003c31f0,,stub_code,2,11,13,17127,34.0000
0x0030a570,0x0030a570,,stub_code,2,3,5,17127,0.0000
0x005a9b50,0x005a9b50,,,1,0,1,2,0.0000
0x004b7878,0x004b7878,,stub_code,0,3,3,17127,0.0000
0x0053d670,0x0053d670,,stub_code,0,1,1,2,0.0000
0x004782f8,0x004782f8,,stub_code,9,4,13,17127,15.0000
0x004b4e20,0x004b4e20,,stub_code,0,1,1,17127,0.0000
0x004f1df0,0x004f1df0,,stub_code,0,1,1,17127,0.0000
0x00360660,0x00360660,,stub_code,1,10,11,17127,0.0000
0x001a1f20,0x001a1f20,,stub_code,1,3,4,17127,0.0000
0x0037b8b0,0x0037b8b0,,stub_code,2,3,5,17127,0.0000
0x0048cad8,0x0048cad8,,stub_code,1,4,5,17127,0.0000
0x006c9500,0x006c9500,,stub_code,0,3,3,17127,0.0000
0x0055db90,0x0055db90,,stub_code,0,2,2,17127,0.0000
0x0023ff90,0x0023ff90,,stub_code,0,2,2,17127,0.0000
0x005154d0,0x005154d0,,stub_code,0,2,2,17127,0.0000
0x0045e390,0x0045e390,,stub_code,0,2,2,17127,0.0000
0x00463008,0x00463008,,stub_code,2,2,4,17127,45.0000
0x002e7100,0x002e7100,,,1,0,1,17127,0.0000
0x0045b398,0x0045b398,,stub_code,0,8,8,17127,0.0000
0x0043cb80,0x0043cb80,,,1,0,1,17127,0.0000
0x003d8130,0x003d8130,,stub_code,0,4,4,17127,0.0000
0x00515b10,0x00515b10,,stub_code,0,3,3,17127,0.0000
0x005f4d20,0x005f4d20,,stub_code,0,3,3,17127,0.0000
0x001095e0,0x001095e0,,stub_code,0,1,1,17127,0.0000
0x004c15e0,0x004c15e0,,,3,0,3,17127,0.0000
0x002b7df0,0x002b7df0,,stub_code,1,6,7,17127,0.0000
0x0051cf50,0x0051cf50,,stub_code,0,2,2,17127,0.0000
0x0040ea40,0x0040ea40,,stub_code,1,3,4,17127,0.0000
0x002c17d0,0x002c17d0,,stub_code,1,2,3,17127,0.0000
0x0053d310,0x0053d310,,stub_code,0,1,1,17127,0.0000
0x0024f6e0,0x0024f6e0,,stub_code,0,1,1,15,0.0000
0x0054c2d0,0x0054c2d0,,stub_code,1,2,3,17127,0.0000
0x0026d6f0,0x0026d6f0,,stub_code,63,1,64,17127,0.5000
0x00410370,0x00410370,,stub_code,1,5,6,17127,0.0000
0x004e6080,0x004e6080,,stub_code,0,3,3,17127,0.0000
0x00483b60,0x00483b60,,stub_code,0,8,8,17127,0.0000
0x00188180,0x00188180,,,1,0,1,17127,0.0000
0x0049a220,0x0049a220,,stub_code,4,1,5,17127,0.0000
0x0038e480,0x0038e480,,stub_code,7,5,12,17127,224.0000
0x001f3960,0x001f3960,,stub_code,0,0,0,1,0.0000
0x00256530,0x00256530,,stub_code,0,0,0,1,0.0000
0x00448aa0,0x00448aa0,,stub_code,2,1,3,17127,1.0000
0x001d3760,0x001d3760,,stub_code,1,1,2,17127,0.0000
0x002e9790,0x002e9790,,stub_code,1,1,2,17127,0.0000
0x00365250,0x00365250,,stub_code,0,4,4,17127,0.0000
0x00659308,0x00659308,,stub_code,0,2,2,8,0.0000
0x00446b30,0x00446b30,,stub_code,1,2,3,17127,0.0000
0x00138ec0,0x00138ec0,,,1,0,1,17127,0.0000
0x0047f998,0x0047f998,,stub_code,1,1,2,17127,0.0000
0x0037fb60,0x0037fb60,,stub_code,1,2,3,17127,0.0000
0x00587fa0,0x00587fa0,,stub_code,0,1,1,4,0.0000
0x002e7fe0,0x002e7fe0,,stub_code,0,7,7,17127,0.0000
0x005430f0,0x005430f0,,stub_code,0,1,1,17127,0.0000
0x00114c70,0x00114c70,,,1,0,1,17127,0.0000
0x004b36f0,0x004b36f0,,stub_code,0,1,1,3,0.0000
0x00280f80,0x00280f80,,stub_code,0,1,1,17127,0.0000
0x00510590,0x00510590,,stub_code,1,3,4,17127,0.0000
0x001ac2f0,0x001ac2f0,,stub_code,1,0,1,17127,0.0000
0x001e5f60,0x001e5f60,,stub_code,2,1,3,17127,0.0000
0x005bb640,0x005bb640,,stub_code,1,13,14,17127,0.0000
0x00285d80,0x00285d80,,stub_code,0,1,1,17127,0.0000
0x0034bf10,0x0034bf10,,stub_code,0,6,6,17127,0.0000
0x003e6f10,0x003e6f10,,stub_code,1,2,3,17127,0.0000
0x0046bd00,0x0046bd00,,stub_code,0,0,0,1,0.0000
0x00316c40,0x00316c40,,stub_code,0,1,1,17127,0.0000
0x00367010,0x00367010,,,2,0,2,17127,0.0000
0x0043ce50,0x0043ce50,,,1,0,1,17127,0.0000
0x0058eca0,0x0058eca0,,stub_code,0,1,1,17127,0.0000
0x0049b438,0x0049b438,,stub_code,8,2,10,17127,0.0000
0x00229b90,0x00229b90,,,1,0,1,17127,0.0000
0x0011cb20,0x0011cb20,,,1,0,1,17127,0.0000
0x00129190,0x00129190,,stub_code,1,1,2,4,0.0000
0x001cec60,0x001cec60,,stub_code,5,2,7,17127,28.0000
0x0043c8f0,0x0043c8f0,,,3,0,3,17127,0.0000
0x00219380,0x00219380,,stub_code,0,0,0,1,0.0000
0x00126990,0x00126990,,stub_code,0,1,1,17127,0.0000
0x0022b1a0,0x0022b1a0,,,5,0,5,17127,0.0000
0x00355300,0x00355300,,,2,0,2,17127,0.0000
0x0016e950,0x0016e950,,,1,0,1,17127,0.0000
0x00248120,0x00248120,,stub_code,12,2,14,17127,31.5000
0x0045d9c8,0x0045d9c8,,stub_code,1,1,2,17127,0.0000
0x00484370,0x00484370,,stub_code,0,3,3,17127,0.0000
0x0030eb40,0x0030eb40,,stub_code,1,2,3,17127,0.0000
0x005a4860,0x005a4860,,stub_code,0,1,1,2,0.0000
0x0054f610,0x0054f610,,stub_code,0,5,5,17127,0.0000
0x004a35b8,0x004a35b8,,,7,0,7,17127,0.0000
0x00510f40,0x00510f40,,stub_code,0,2,2,17127,0.0000
0x00241210,FUN_00241210,,pseudo_stub,0,1,1,17127,0.0000
0x005f4580,0x005f4580,,stub_code,0,5,5,17127,0.0000
0x0017ba30,0x0017ba30,,stub_code,0,1,1,3,0.0000
0x004c37f0,0x004c37f0,,,3,0,3,17127,0.0000
0x003d03a0,0x003d03a0,,stub_code,2,4,6,17127,0.0000
0x0046d2f0,FUN_0046d2f0,,pseudo_stub,3,1,4,17127,0.0000
0x003df3c0,0x003df3c0,,stub_code,2,3,5,17127,0.0000
0x0050e720,0x0050e720,,stub_code,5,6,11,17127,336.0000
0x004f3890,0x004f3890,,stub_code,13,1,14,17127,1.0000
0x00312de0,0x00312de0,,stub_code,1,2,3,17127,0.0000
0x005996b0,0x005996b0,,stub_code,0,1,1,2,0.0000
0x0058f4e0,0x0058f4e0,,stub_code,0,7,7,17127,0.0000
0x00362970,0x00362970,,stub_code,1,8,9,17127,0.0000
0x00512ca0,0x00512ca0,,stub_code,5,1,6,17127,1.0000
0x00257560,0x00257560,,stub_code,0,3,3,17127,0.0000
0x002e68b0,0x002e68b0,,,1,0,1,17127,0.0000
0x00249d80,0x00249d80,,stub_code,0,1,1,20,0.0000
0x00470be0,0x00470be0,,,1,0,1,17127,0.0000
0x0049fb78,0x0049fb78,,,2,0,2,17127,0.0000
0x0034d290,0x0034d290,,stub_code,2,2,4,17127,0.0000
0x003f9d58,0x003f9d58,,stub_code,0,4,4,17127,0.0000
0x005710f0,0x005710f0,,stub_code,0,2,2,17127,0.0000
0x00477630,0x00477630,,stub_code,1,3,4,17127,0.0000
0x0013dd40,0x0013dd40,,,24,0,24,17127,0.0000
0x005f2ca0,0x005f2ca0,,stub_code,4,2,6,17127,0.0000
0x004e0ca0,0x004e0ca0,,,3,0,3,17127,0.0000
0x004e5300,0x004e5300,,stub_code,0,4,4,17127,0.0000
0x0035f2b0,0x0035f2b0,,,1,0,1,17127,0.0000
0x002967c0,0x002967c0,,stub_code,2,1,3,17127,0.0000
0x004e1bd0,0x004e1bd0,,stub_code,0,5,5,17127,0.0000
0x002b15d0,0x002b15d0,,,1,0,1,17127,0.0000
0x002847d0,0x002847d0,,stub_code,0,4,4,17127,0.0000
0x001d2760,0x001d2760,,stub_code,0,4,4,17127,0.0000
0x00497b00,0x00497b00,,stub_code,1,18,19,17127,0.0000
0x0040e670,0x0040e670,,stub_code,0,1,1,17127,0.0000
0x00199220,0x00199220,,stub_code,1,7,8,17127,0.0000
0x004917d8,0x004917d8,,stub_code,10,0,10,17127,0.0000
0x005f00b0,0x005f00b0,,stub_code,4,2,6,17127,1.2000
0x0034cbb0,0x0034cbb0,,stub_code,0,2,2,17127,0.0000
0x005484f0,0x005484f0,,stub_code,0,1,1,17127,0.0000
0x002c1910,0x002c1910,,stub_code,3,8,11,17127,0.0000
0x003eaca0,0x003eaca0,,stub_code,3,12,15,17127,20.3833
0x004b2160,0x004b2160,,,2,0,2,17127,0.0000
0x004d17e0,0x004d17e0,,stub_code,0,4,4,17127,0.0000
0x00146ab0,0x00146ab0,,stub_code,2,2,4,17127,0.0000
0x005e5190,0x005e5190,,stub_code,0,4,4,17127,0.0000
0x00475fa0,0x00475fa0,,,1,0,1,17127,0.0000
0x0039f1f0,0x0039f1f0,,stub_code,1,2,3,17127,0.0000
0x004b8670,0x004b8670,,,1,0,1,5,0.0000
0x005aeba0,0x005aeba0,,,1,0,1,17127,0.0000
0x0017ca60,0x0017ca60,,stub_code,1,4,5,17127,0.0000
0x005ca460,0x005ca460,,,1,0,1,17127,0.0000
0x005472c0,0x005472c0,,stub_code,0,1,1,17127,0.0000
0x005987d0,0x005987d0,,stub_code,0,1,1,2,0.0000
0x004b8b20,0x004b8b20,,,1,0,1,17127,0.0000
0x005fc790,0x005fc790,,stub_code,0,1,1,17127,0.0000
0x00308080,0x00308080,,stub_code,0,2,2,17127,0.0000
0x00213830,0x00213830,,stub_code,4,0,4,17127,0.0000
0x00474258,0x00474258,,stub_code,2,1,3,17127,0.0000
0x004685f8,0x004685f8,,stub_code,0,3,3,17127,0.0000
0x005a7080,0x005a7080,,stub_code,1,2,3,17127,3.0000
0x00355bd0,0x00355bd0,,,1,0,1,17127,0.0000
0x00447048,0x00447048,,stub_code,1,1,2,17127,0.0000
0x00310c20,0x00310c20,,,1,0,1,17127,0.0000
0x0012bea0,0x0012bea0,,stub_code,0,2,2,17127,0.0000
0x00180300,0x00180300,,,2,0,2,17127,0.0000
0x0019eb20,0x0019eb20,,stub_code,1,4,5,17127,0.0000
0x004d44f0,0x004d44f0,,stub_code,0,1,1,17127,0.0000
0x0051dea0,0x0051dea0,,stub_code,1,1,2,17127,16.6667
0x004c7620,0x004c7620,,,3,0,3,17127,0.0000
0x002c6a40,0x002c6a40,,stub_code,0,1,1,17127,0.0000
0x005d88b0,0x005d88b0,,stub_code,2,1,3,17127,2.0000
0x0045d7d8,0x0045d7d8,,stub_code,0,3,3,17127,0.0000
0x0049cf38,0x0049cf38,,stub_code,1,3,4,17127,0.0000
0x0036c140,0x0036c140,,stub_code,1,6,7,17127,0.0000
0x00348120,0x00348120,,,1,0,1,17127,0.0000
0x004c5db0,0x004c5db0,,stub_code,0,1,1,17127,0.0000
0x001dcbe0,0x001dcbe0,,stub_code,0,4,4,17127,0.0000
0x005cfa80,0x005cfa80,,stub_code,0,1,1,17127,0.0000
0x0018f570,0x0018f570,,,2,0,2,17127,0.0000
0x002cc760,0x002cc760,,stub_code,0,5,5,17127,0.0000
0x0024e2b0,0x0024e2b0,,stub_code,0,2,2,17127,0.0000
0x00316020,0x00316020,,stub_code,0,1,1,17127,0.0000
0x0049a430,0x0049a430,,stub_code,1,5,6,17127,10.0000
0x002df9f0,0x002df9f0,,stub_code,1,2,3,17127,0.0000
0x004b28c0,0x004b28c0,,stub_thunk,1,0,1,17127,0.0000
0x00155710,0x00155710,,stub_code,0,1,1,17127,0.0000
0x001891b0,0x001891b0,,,5,0,5,17127,0.0000
0x002944d0,0x002944d0,,stub_code,0,1,1,17127,0.0000
0x004760a0,0x004760a0,,,3,0,3,17127,0.0000
0x00460c80,0x00460c80,,,1,0,1,17127,0.0000
0x003dcd00,0x003dcd00,,stub_code,5,21,26,17127,70.0667
0x00544a70,0x00544a70,,stub_code,1,2,3,17127,0.0000
0x00141600,0x00141600,,stub_code,1,19,20,17127,0.0000
0x00111150,0x00111150,,,2,0,2,17127,0.0000
0x001e7c10,0x001e7c10,,stub_code,1,4,5,17127,0.0000
0x00357b60,0x00357b60,,stub_code,34,1,35,17127,2.0000
0x005b6520,0x005b6520,,stub_code,0,1,1,17127,0.0000
0x003bf6a0,0x003bf6a0,,,1,0,1,17127,0.0000
0x0040b530,0x0040b530,,stub_code,1,11,12,17127,0.0000
0x0050eb50,0x0050eb50,,stub_code,1,0,1,17127,0.0000
0x004b4348,0x004b4348,,stub_code,0,0,0,1,0.0000
0x0031be70,0x0031be70,,,1,0,1,17127,0.0000
0x002fb770,0x002fb770,,,1,0,1,17127,0.0000
0x0014e250,0x0014e250,,stub_code,3,2,5,17127,0.0000
0x003c81c0,0x003c81c0,,stub_code,2,1,3,17127,0.0000
0x00520130,0x00520130,,stub_code,0,0,0,1,0.0000
0x00555400,0x00555400,,stub_code,0,3,3,17127,0.0000
0x005cc5b0,0x005cc5b0,,stub_code,0,3,3,17127,0.0000
0x004e33a0,0x004e33a0,,stub_code,0,1,1,17127,0.0000
0x00153ed0,0x00153ed0,,stub_code,1,1,2,17127,0.0000
0x00567f50,0x00567f50,,stub_code,0,5,5,17127,0.0000
0x005840a0,0x005840a0,,stub_code,0,4,4,17127,0.0000
0x001153f0,FUN_001153f0,,pseudo_stub,1,2,3,17127,0.0000
0x00148270,0x00148270,,stub_code,0,6,6,17127,0.0000
0x004b8278,0x004b8278,,stub_code,1,6,7,17127,22.0000
0x002af0a0,0x002af0a0,,stub_code,1,1,2,17127,0.0000
0x00593240,0x00593240,,,1,0,1,17127,0.0000
0x00145420,0x00145420,,stub_code,1,10,11,17127,0.0000
0x002f9b60,0x002f9b60,,stub_code,1,2,3,17127,0.0000
0x00493f08,0x00493f08,,,14,0,14,17127,0.0000
0x005174e0,0x005174e0,,stub_code,1,1,2,17127,30.0000
0x00223e40,0x00223e40,,stub_code,2,2,4,17127,0.0000
0x00162000,0x00162000,,,10,0,10,17127,0.0000
0x00283140,0x00283140,,stub_code,0,3,3,17127,0.0000
0x005df5a0,0x005df5a0,,stub_code,1,1,2,17127,0.0000
0x00328220,0x00328220,,stub_code,0,2,2,17127,0.0000
0x0049fdc8,0x0049fdc8,,stub_code,1,1,2,17127,1.0000
0x00288310,0x00288310,,stub_code,0,4,4,17127,0.0000
0x001a4aa0,0x001a4aa0,,stub_code,0,1,1,17127,0.0000
0x005d0390,0x005d0390,,stub_code,0,1,1,17127,0.0000
0x00269370,0x00269370,,stub_code,1,1,2,17127,0.0000
0x004caf70,0x004caf70,,stub_code,0,6,6,17127,0.0000
0x005fad90,0x005fad90,,stub_code,0,0,0,1,0.0000
0x004b22e0,0x004b22e0,,stub_code,1,1,2,17127,0.0000
0x00595de0,0x00595de0,,,2,0,2,17127,0.0000
0x005d8600,0x005d8600,,,3,0,3,17127,0.0000
0x0042bf98,0x0042bf98,,,1,0,1,17127,0.0000
0x00318230,0x00318230,,,1,0,1,17127,0.0000
0x0015e580,0x0015e580,,stub_code,3,3,6,17127,2.0000
0x004f4710,0x004f4710,,stub_code,1,4,5,17127,0.0000
0x00196690,0x00196690,,stub_code,1,3,4,17127,0.0000
0x004d9d90,0x004d9d90,,stub_code,0,4,4,17127,0.0000
0x002807d0,0x002807d0,,stub_code,0,5,5,17127,0.0000
0x0042e160,0x0042e160,,,3,0,3,17127,0.0000
0x0049ae98,0x0049ae98,,stub_code,2,3,5,17127,0.0000
0x00140060,0x00140060,,stub_code,0,0,0,1,0.0000
0x0032e480,0x0032e480,,stub_code,0,7,7,17127,0.0000
0x00417e80,0x00417e80,,,1,0,1,17127,0.0000
0x00100690,0x00100690,,,3,0,3,17127,0.0000
0x001a1220,0x001a1220,,stub_code,1,2,3,17127,0.0000
0x00274fe0,0x00274fe0,,stub_code,0,5,5,17127,0.0000
0x0025ac00,0x0025ac00,,stub_code,0,0,0,1,0.0000
0x005f5820,0x005f5820,,stub_code,0,1,1,17127,0.0000
0x001ad680,0x001ad680,,stub_code,1,4,5,17127,0.0000
0x001b9680,0x001b9680,,stub_code,1,4,5,17127,0.0000
0x00267a30,0x00267a30,,stub_code,1,7,8,17127,0.0000
0x00531ed0,0x00531ed0,,stub_code,0,5,5,17127,0.0000
0x0049e390,0x0049e390,,stub_code,0,0,0,1,0.0000
0x0024b940,0x0024b940,,stub_code,0,1,1,17127,0.0000
0x004a4a20,0x004a4a20,,stub_code,1,1,2,17127,0.0000
0x005b2250,0x005b2250,,,1,0,1,17127,0.0000
0x003ce780,0x003ce780,,stub_code,1,17,18,17127,296.2643
0x0049f610,0x0049f610,,stub_code,0,2,2,17127,0.0000
0x004f7e20,0x004f7e20,,stub_code,0,1,1,17127,0.0000
0x004a6cc8,0x004a6cc8,,stub_code,1,2,3,17127,0.0000
0x00299ef0,0x00299ef0,,,2,0,2,17127,0.0000
0x001f3e20,0x001f3e20,,stub_code,21,4,25,17127,0.0000
0x003bd7a0,0x003bd7a0,,,1,0,1,17127,0.0000
0x00491d18,0x00491d18,,,1,0,1,17127,0.0000
0x002fb660,0x002fb660,,,1,0,1,17127,0.0000
0x0058ed30,0x0058ed30,,stub_code,0,1,1,17127,0.0000
0x00396f00,0x00396f00,,stub_code,9,2,11,17127,6.0000
0x003b8400,0x003b8400,,stub_code,4,3,7,17127,0.0000
0x001d7e90,0x001d7e90,,stub_code,1,16,17,17127,0.0000
0x005057c0,0x005057c0,,stub_code,0,1,1,17127,0.0000
0x0033a410,0x0033a410,,,9,0,9,17127,0.0000
0x002d68c0,0x002d68c0,,stub_code,1,2,3,17127,0.0000
0x004c0200,0x004c0200,,stub_code,0,5,5,17127,0.0000
0x002156a0,0x002156a0,,,3,0,3,17127,0.0000
0x003b9860,0x003b9860,,,2,0,2,17127,0.0000
0x0013f500,0x0013f500,,stub_code,1,1,2,17127,0.0000
0x0016c060,0x0016c060,,,1,0,1,17127,0.0000
0x001c95e0,0x001c95e0,,stub_code,0,0,0,1,0.0000
0x0029e190,0x0029e190,,stub_code,1,1,2,17127,2.0000
0x005e5400,0x005e5400,,stub_code,0,1,1,17127,0.0000
0x0047b528,0x0047b528,,stub_code,1,4,5,17127,0.0000
0x00215e20,0x00215e20,,,6,0,6,17127,0.0000
0x0037aa40,0x0037aa40,,,5,0,5,17127,0.0000
0x001aa8a0,0x001aa8a0,,stub_code,0,2,2,17127,0.0000
0x002f1390,0x002f1390,,stub_code,0,1,1,17127,0.0000
0x004b5860,0x004b5860,,,1,0,1,17127,0.0000
0x004c3dc0,0x004c3dc0,,stub_code,0,1,1,2,0.0000
0x0056ebc0,0x0056ebc0,,stub_code,1,2,3,17127,0.0000
0x005a3ae0,0x005a3ae0,,stub_code,1,2,3,17127,0.0000
0x00153c30,0x00153c30,,stub_code,1,2,3,17127,0.0000
0x0012dd70,0x0012dd70,,stub_code,1,0,1,17127,0.0000
0x0025d0a0,0x0025d0a0,,stub_code,0,1,1,17127,0.0000
0x00171c70,0x00171c70,,,14,0,14,17127,0.0000
0x0025ba80,0x0025ba80,,stub_code,0,0,0,1,0.0000
0x001de110,0x001de110,,stub_code,0,1,1,17127,0.0000
0x001637a0,0x001637a0,,stub_code,1,5,6,17127,11.0000
0x001bfec0,0x001bfec0,,stub_code,0,1,1,17127,0.0000
0x00309ab0,0x00309ab0,,stub_code,1,1,2,17127,0.0000
0x0054c540,0x0054c540,,stub_code,0,6,6,17127,0.0000
0x00488920,0x00488920,,stub_code,1,0,1,17127,0.0000
0x00479e38,0x00479e38,,stub_code,4,3,7,17127,0.0000
0x0012dbb0,0x0012dbb0,,stub_code,1,1,2,17127,0.0000
0x00237c90,0x00237c90,,stub_code,15,1,16,17127,3.4000
0x0021c910,0x0021c910,,stub_code,9,30,39,17127,0.0000
0x001c2880,0x001c2880,,stub_code,1,6,7,17127,0.0000
0x002d8910,0x002d8910,,stub_code,0,1,1,17127,0.0000
0x002a4f30,0x002a4f30,,stub_code,1,1,2,17127,0.0000
0x0032e1f0,0x0032e1f0,,stub_code,1,4,5,17127,0.0000
0x005800e0,0x005800e0,,stub_code,0,4,4,17127,0.0000
0x00303a80,0x00303a80,,stub_code,0,1,1,17127,0.0000
0x0033e060,0x0033e060,,stub_code,3,3,6,17127,50.0000
0x00198a40,0x00198a40,,,3,0,3,17127,0.0000
0x004d0530,0x004d0530,,stub_code,0,2,2,17127,0.0000
0x001c65b0,0x001c65b0,,stub_code,0,2,2,17127,0.0000
0x0049d398,0x0049d398,,stub_code,1,1,2,17127,0.0000
0x004dc050,0x004dc050,,stub_code,0,5,5,17127,0.0000
0x00301080,0x00301080,,stub_code,5,7,12,17127,0.0000
0x0058eb80,0x0058eb80,,stub_code,0,1,1,17127,0.0000
0x0046d1b0,0x0046d1b0,,stub_code,1,4,5,17127,0.0000
0x0012bf00,0x0012bf00,,stub_code,0,2,2,17127,0.0000
0x00332610,0x00332610,,stub_code,0,3,3,17127,0.0000
0x005faba0,0x005faba0,,,1,0,1,17127,0.0000
0x00433ec0,FUN_00433ec0,,real_logic,1,1,2,17127,0.0000
0x004e8c80,0x004e8c80,,,3,0,3,17127,0.0000
0x004a8410,0x004a8410,,,1,0,1,17127,0.0000
0x00348130,0x00348130,,stub_code,1,2,3,17127,0.0000
0x0023a3a0,0x0023a3a0,,stub_code,0,2,2,17127,0.0000
0x00118e60,0x00118e60,,,5,0,5,17127,0.0000
0x004e0780,0x004e0780,,stub_code,0,5,5,17127,0.0000
0x003ba6c0,0x003ba6c0,,stub_code,0,1,1,17127,0.0000
0x00349cf0,0x00349cf0,,stub_code,1,8,9,17127,0.0000
0x0031f0c0,0x0031f0c0,,stub_code,1,2,3,17127,0.0000
0x002c2920,0x002c2920,,stub_code,1,1,2,17127,0.0000
0x002c0d20,0x002c0d20,,stub_code,2,2,4,17127,0.0000
0x001329c0,0x001329c0,,,3,0,3,17127,0.0000
0x001dc050,0x001dc050,,stub_code,1,1,2,17127,0.0000
0x003e0cf0,0x003e0cf0,,stub_code,2,12,14,17127,80.3214
0x005766f0,0x005766f0,,stub_code,0,3,3,17127,0.0000
0x004709c8,0x004709c8,,stub_thunk,1,0,1,17127,0.0000
0x00231400,0x00231400,,,1,0,1,17127,0.0000
0x0018dc60,0x0018dc60,,stub_code,0,0,0,1,0.0000
0x0024c4e0,0x0024c4e0,,stub_code,0,1,1,17127,0.0000
0x002fa830,0x002fa830,,stub_code,0,1,1,17127,0.0000
0x001ac050,0x001ac050,,stub_code,0,1,1,17127,0.0000
0x0029e610,0x0029e610,,stub_code,1,1,2,17127,2.0000
0x00369c50,0x00369c50,,,1,0,1,17127,0.0000
0x005d2090,0x005d2090,,stub_code,0,2,2,17127,0.0000
0x001e05a0,0x001e05a0,,stub_code,0,1,1,17127,0.0000
0x0028e350,0x0028e350,,stub_code,2,5,7,17127,0.0000
0x004a1dc0,0x004a1dc0,,stub_code,0,2,2,17127,0.0000
0x002b1040,0x002b1040,,stub_code,1,2,3,17127,0.0000
0x00547cf0,0x00547cf0,,stub_code,0,1,1,2,0.0000
0x00459d10,0x00459d10,,,1,0,1,17127,0.0000
0x0058a380,0x0058a380,,,2,0,2,17127,0.0000
0x0058a910,0x0058a910,,,8,0,8,17127,0.0000
0x001bfce0,0x001bfce0,,stub_code,0,0,0,1,0.0000
0x0018e650,0x0018e650,,stub_code,1,4,5,17127,0.0000
0x002dbb40,0x002dbb40,,stub_code,1,2,3,17127,0.0000
0x0040ddc0,0x0040ddc0,,,1,0,1,17127,0.0000
0x00215720,0x00215720,,,4,0,4,17127,0.0000
0x0057ecb0,0x0057ecb0,,stub_code,0,14,14,17127,0.0000
0x004e77e0,0x004e77e0,,stub_code,0,3,3,17127,0.0000
0x0049e668,0x0049e668,,stub_code,0,2,2,17127,0.0000
0x002f0740,0x002f0740,,stub_code,2,2,4,17127,0.0000
0x00259aa0,0x00259aa0,,stub_code,0,0,0,1,0.0000
0x00148fa0,0x00148fa0,,stub_code,0,9,9,17127,0.0000
0x0032bc90,0x0032bc90,,stub_code,0,3,3,17127,0.0000
0x004ded50,0x004ded50,,stub_code,0,1,1,17127,0.0000
0x002faa70,0x002faa70,,stub_code,0,3,3,17127,0.0000
0x0046dfe0,0x0046dfe0,,stub_code,0,6,6,17127,0.0000
0x002be480,0x002be480,,stub_code,0,1,1,17127,0.0000
0x0038fbe0,0x0038fbe0,,,1,0,1,17127,0.0000
0x004db390,0x004db390,,,1,0,1,17127,0.0000
0x002c7530,0x002c7530,,stub_code,1,1,2,17127,0.0000
0x002c7d30,0x002c7d30,,,1,0,1,17127,0.0000
0x002006a0,0x002006a0,,stub_code,3,2,5,17127,2.0000
0x00390740,0x00390740,,,1,0,1,17127,0.0000
0x005a2b50,0x005a2b50,,stub_code,0,2,2,17127,0.0000
0x003debf0,0x003debf0,,stub_code,3,4,7,17127,0.7500
0x0029ea00,0x0029ea00,,stub_code,1,1,2,17127,1.0000
0x00510280,0x00510280,,stub_code,10,1,11,17127,0.0000
0x0044a7e0,0x0044a7e0,,stub_code,0,2,2,17127,0.0000
0x00155ad0,0x00155ad0,,stub_code,0,1,1,17127,0.0000
0x00457c60,0x00457c60,,stub_code,1,1,2,17127,0.0000
0x004839c0,0x004839c0,,stub_code,0,1,1,17127,0.0000
0x0052a0e0,0x0052a0e0,,stub_code,1,8,9,17127,0.0000
0x004b6d60,0x004b6d60,,stub_code,0,2,2,17127,0.0000
0x003ec350,0x003ec350,,stub_code,2,1,3,17127,5.0000
0x0011a990,0x0011a990,,stub_code,1,8,9,17127,0.0000
0x0019bf40,0x0019bf40,,stub_code,0,4,4,17127,0.0000
0x003f9868,0x003f9868,,,9,0,9,17127,0.0000
0x003be1b0,0x003be1b0,,stub_code,1,8,9,17127,0.0000
0x001aeee0,0x001aeee0,,,1,0,1,3,0.0000
0x00301520,0x00301520,,stub_code,0,5,5,17127,0.0000
0x002884f0,0x002884f0,,stub_code,0,1,1,17127,0.0000
0x003beb00,0x003beb00,,stub_code,2,7,9,17127,0.0000
0x00559a40,0x00559a40,,stub_code,1,3,4,17127,0.0000
0x0027dd70,0x0027dd70,,stub_code,0,4,4,17127,0.0000
0x00509f60,0x00509f60,,stub_code,1,3,4,17127,0.0000
0x005a0660,0x005a0660,,stub_code,0,6,6,17127,0.0000
0x00124f70,0x00124f70,,stub_code,0,0,0,1,0.0000
0x00396380,0x00396380,,stub_code,0,11,11,17127,0.0000
0x0049ba00,0x0049ba00,,stub_code,0,0,0,1,0.0000
0x0048cad0,0x0048cad0,,,2,0,2,17127,0.0000
0x0021a710,0x0021a710,,,4,0,4,17127,0.0000
0x004d4af0,0x004d4af0,,stub_code,0,4,4,17127,0.0000
0x005b6e20,0x005b6e20,,stub_code,2,5,7,17127,0.0000
0x0055efc0,0x0055efc0,,stub_code,0,2,2,17127,0.0000
0x00281bf0,0x00281bf0,,stub_code,0,5,5,17127,0.0000
0x002f9a00,0x002f9a00,,stub_code,0,1,1,17127,0.0000
0x001a99f0,0x001a99f0,,stub_code,0,1,1,4,0.0000
0x004bc940,0x004bc940,,,3,0,3,17127,0.0000
0x00157b00,0x00157b00,,stub_code,1,3,4,17127,0.0000
0x004dc590,0x004dc590,,stub_code,0,1,1,17127,0.0000
0x004e1540,0x004e1540,,,2,0,2,17127,0.0000
0x00580db0,0x00580db0,,stub_code,0,3,3,17127,0.0000
0x005e69b0,0x005e69b0,,,1,0,1,2,0.0000
0x002b4c20,0x002b4c20,,stub_code,0,0,0,1,0.0000
0x0020d640,0x0020d640,,,1,0,1,17127,0.0000
0x0035af20,0x0035af20,,stub_code,1,1,2,17127,0.0000
0x00260cf0,0x00260cf0,,stub_code,0,0,0,1,0.0000
0x0053e6f0,0x0053e6f0,,stub_code,0,1,1,2,0.0000
0x00557050,0x00557050,,,1,0,1,17127,0.0000
0x00171790,0x00171790,,stub_code,6,5,11,17127,0.0000
0x004939a8,0x004939a8,,stub_code,1,4,5,17127,0.0000
0x00119950,0x00119950,,stub_code,1,56,57,17127,0.0000
0x004a2240,0x004a2240,,stub_code,0,1,1,17127,0.0000
0x004e6860,0x004e6860,,,4,0,4,17127,0.0000
0x005ad900,0x005ad900,,stub_code,2,1,3,17127,0.0000
0x00253750,0x00253750,,stub_code,0,0,0,1,0.0000
0x00551aa0,0x00551aa0,,stub_code,0,6,6,17127,0.0000
0x0046dbd8,0x0046dbd8,,stub_code,0,3,3,17127,0.0000
0x00513420,0x00513420,,stub_code,0,5,5,17127,0.0000
0x00574080,0x00574080,,,1,0,1,17127,0.0000
0x005a1670,0x005a1670,,stub_code,0,2,2,17127,0.0000
0x005d91f0,0x005d91f0,,stub_code,0,1,1,17127,0.0000
0x005e7df0,0x005e7df0,,,1,0,1,2,0.0000
0x0024ef70,0x0024ef70,,stub_code,0,2,2,17127,0.0000
0x00593360,0x00593360,,stub_code,0,1,1,17127,0.0000
0x0014f5f0,0x0014f5f0,,stub_code,0,8,8,17127,0.0000
0x0039cc30,0x0039cc30,,,1,0,1,17127,0.0000
0x002fac40,0x002fac40,,stub_code,0,5,5,17127,0.0000
0x0020ab80,0x0020ab80,,,12,0,12,17127,0.0000
0x00174670,0x00174670,,stub_code,0,1,1,17127,0.0000
0x005e3350,0x005e3350,,stub_code,1,4,5,17127,0.0000
0x0024a330,0x0024a330,,stub_code,0,1,1,17127,0.0000
0x00515290,0x00515290,,stub_code,0,1,1,17127,0.0000
0x001ff0c0,0x001ff0c0,,stub_code,1,4,5,17127,0.0000
0x00110460,0x00110460,,stub_code,0,2,2,17127,0.0000
0x003ac1d0,0x003ac1d0,,stub_code,1,2,3,17127,0.0000
0x001beb70,0x001beb70,,stub_code,0,0,0,1,0.0000
0x001eaa90,0x001eaa90,,stub_code,0,3,3,17127,0.0000
0x002c33d0,FUN_002c33d0,,pseudo_stub,0,1,1,17127,0.0000
0x00144e50,0x00144e50,,stub_code,0,2,2,17127,0.0000
0x0012e430,0x0012e430,,stub_code,0,1,1,17127,0.0000
0x00539290,0x00539290,,stub_code,2,4,6,17127,0.0000
0x001b5ce0,0x001b5ce0,,stub_code,1,5,6,17127,0.0000
0x00597410,0x00597410,,,1,0,1,2,0.0000
0x00297a80,0x00297a80,,stub_code,1,22,23,17127,0.0000
0x0055d980,0x0055d980,,stub_code,0,3,3,17127,0.0000
0x005eb0f0,0x005eb0f0,,stub_code,1,5,6,17127,0.0000
0x0012dba0,0x0012dba0,,,1,0,1,17127,0.0000
0x00142280,0x00142280,,stub_code,0,15,15,17127,0.0000
0x0035ad90,0x0035ad90,,stub_code,1,8,9,17127,0.0000
0x004eabd0,0x004eabd0,,stub_code,0,4,4,17127,0.0000
0x001e9e30,0x001e9e30,,stub_code,2,2,4,17127,0.0000
0x002f9c60,0x002f9c60,,stub_code,4,2,6,17127,0.0000
0x00391160,0x00391160,,stub_code,1,3,4,17127,0.0000
0x004dfcc0,0x004dfcc0,,stub_code,0,5,5,17127,0.0000
0x004de390,0x004de390,,,2,0,2,17127,0.0000
0x00134080,0x00134080,,,2,0,2,17127,0.0000
0x005c1310,0x005c1310,,stub_code,1,0,1,17127,0.0000
0x0014b540,0x0014b540,,stub_code,0,3,3,17127,0.0000
0x004dc2d0,0x004dc2d0,,stub_code,0,6,6,17127,0.0000
0x0054ca90,0x0054ca90,,stub_code,0,1,1,17127,0.0000
0x002c4990,0x002c4990,,stub_code,0,2,2,17127,0.0000
0x0045b0f0,0x0045b0f0,,stub_code,1,3,4,17127,1.0000
0x00167490,0x00167490,,,5,0,5,17127,0.0000
0x00285f10,0x00285f10,,,1,0,1,17127,0.0000
0x003fa588,0x003fa588,,,1,0,1,17127,0.0000
0x004e3cf0,0x004e3cf0,,,2,0,2,17127,0.0000
0x002ad150,0x002ad150,,stub_code,0,3,3,17127,0.0000
0x00540010,0x00540010,,stub_code,0,0,0,1,0.0000
0x003af8e0,0x003af8e0,,stub_code,0,2,2,17127,0.0000
0x0047f3f8,FUN_0047f3f8,,pseudo_stub,1,0,1,3,0.0000
0x005160b0,0x005160b0,,stub_code,1,3,4,17127,0.0000
0x003fc0d8,0x003fc0d8,,stub_code,0,2,2,17127,0.0000
0x0056e450,0x0056e450,,,1,0,1,17127,0.0000
0x005fca50,0x005fca50,,,1,0,1,17127,0.0000
0x00465000,0x00465000,,stub_code,1,10,11,17127,0.0000
0x00148c30,0x00148c30,,stub_code,0,1,1,17127,0.0000
0x0049e570,0x0049e570,,stub_code,1,1,2,17127,0.0000
0x00246890,0x00246890,,stub_code,0,3,3,17127,0.0000
0x0027b440,0x0027b440,,stub_code,0,5,5,17127,0.0000
0x003f2f80,0x003f2f80,,stub_code,2,2,4,17127,12.0000
0x002d9fa0,0x002d9fa0,,stub_code,0,7,7,17127,0.0000
0x00496d98,0x00496d98,,stub_code,1,4,5,17127,0.0000
0x0022c980,0x0022c980,,,7,0,7,17127,0.0000
0x0055e1d0,0x0055e1d0,,stub_code,0,2,2,17127,0.0000
0x004b3e78,0x004b3e78,,stub_code,1,3,4,17127,0.0000
0x0020b170,0x0020b170,,stub_code,1,11,12,17127,0.0000
0x002169e0,0x002169e0,,,3,0,3,17127,0.0000
0x0021cd90,0x0021cd90,,,5,0,5,17127,0.0000
0x001c9ff0,0x001c9ff0,,stub_code,0,6,6,17127,0.0000
0x00281360,0x00281360,,stub_code,0,4,4,17127,0.0000
0x002c1a30,0x002c1a30,,,4,0,4,17127,0.0000
0x002ebcb0,0x002ebcb0,,stub_code,1,3,4,17127,0.0000
0x001a8a30,0x001a8a30,,stub_code,0,0,0,1,0.0000
0x00503d80,0x00503d80,,,9,0,9,17127,0.0000
0x004abcf8,0x004abcf8,,,2,0,2,17127,0.0000
0x0034b220,0x0034b220,,stub_code,0,3,3,17127,0.0000
0x00334c50,0x00334c50,,,2,0,2,17127,0.0000
0x004abed8,0x004abed8,,stub_code,1,2,3,17127,0.0000
0x00544f40,0x00544f40,,stub_code,0,1,1,17127,0.0000
0x00104340,0x00104340,,,1,0,1,17127,0.0000
0x004b3f38,0x004b3f38,,stub_code,1,2,3,17127,0.0000
0x0026b560,0x0026b560,,stub_code,1,1,2,17127,0.0000
0x0033ba80,0x0033ba80,,stub_code,1,4,5,17127,0.0000
0x002e1b40,0x002e1b40,,stub_code,0,1,1,17127,0.0000
0x0049c880,0x0049c880,,stub_code,1,1,2,17127,0.0000
0x002c48f0,FUN_002c48f0,,pseudo_stub,2,1,3,17127,0.0000
0x003db6e0,0x003db6e0,,stub_code,1,4,5,17127,3.4167
0x0029d140,0x0029d140,,,1,0,1,17127,0.0000
0x00473f20,0x00473f20,,stub_code,0,1,1,17127,0.0000
0x001850c0,0x001850c0,,,1,0,1,2,0.0000
0x0039b950,0x0039b950,,stub_code,0,3,3,17127,0.0000
0x00570a00,0x00570a00,,stub_code,0,1,1,2,0.0000
0x00274560,0x00274560,,stub_code,1,2,3,17127,0.0000
0x003f6780,0x003f6780,,stub_code,16,0,16,17127,0.0000
0x004d57c0,0x004d57c0,,stub_code,1,2,3,17127,0.0000
0x00342690,0x00342690,,stub_code,0,1,1,17127,0.0000
0x0047c398,0x0047c398,,stub_code,0,7,7,17127,0.0000
0x002618c0,0x002618c0,,,1,0,1,17127,0.0000
0x002b0180,0x002b0180,,stub_code,1,2,3,17127,0.0000
0x001d0aa0,0x001d0aa0,,stub_code,1,1,2,17127,16.0000
0x0056f880,0x0056f880,,stub_code,1,2,3,17127,0.0000
0x00444650,0x00444650,,stub_code,0,1,1,17127,0.0000
0x002e68d0,0x002e68d0,,stub_code,1,3,4,17127,0.0000
0x003a0120,0x003a0120,,,1,0,1,17127,0.0000
0x0049be10,0x0049be10,,stub_code,0,2,2,17127,0.0000
0x004f1e40,0x004f1e40,,stub_code,1,2,3,17127,0.0000
0x005592e0,0x005592e0,,stub_code,1,2,3,17127,0.0000
0x004756e8,0x004756e8,,stub_code,0,1,1,17127,0.0000
0x0038da20,0x0038da20,,stub_code,1,2,3,17127,0.0000
0x00284780,0x00284780,,stub_code,0,1,1,17127,0.0000
0x005ead10,0x005ead10,,stub_code,0,5,5,17127,0.0000
0x00386120,0x00386120,,,1,0,1,17127,0.0000
0x00262da0,0x00262da0,,stub_code,2,1,3,17127,0.0000
0x00129220,0x00129220,,,1,0,1,17127,0.0000
0x004cbc40,0x004cbc40,,stub_code,0,1,1,17127,0.0000
0x0055fb50,0x0055fb50,,,1,0,1,17127,0.0000
0x00559880,0x00559880,,stub_code,0,3,3,17127,0.0000
0x004b9ce8,0x004b9ce8,,stub_code,0,1,1,17127,0.0000
0x00256df0,0x00256df0,,stub_code,0,2,2,17127,0.0000
0x00357bb0,0x00357bb0,,stub_code,11,1,12,17127,0.0000
0x005f2270,0x005f2270,,stub_code,0,1,1,17127,0.0000
0x002f97e0,0x002f97e0,,stub_code,1,2,3,17127,0.0000
0x0031ec40,0x0031ec40,,stub_code,0,4,4,17127,0.0000
0x00172100,0x00172100,,stub_code,0,1,1,17127,0.0000
0x004c2bc0,0x004c2bc0,,stub_code,1,2,3,17127,0.0000
0x00338af0,0x00338af0,,stub_code,1,1,2,17127,1.5000
0x0016ab70,0x0016ab70,,stub_code,8,2,10,17127,0.0000
0x004639b0,0x004639b0,,stub_code,1,4,5,17127,0.0000
0x0018ad20,0x0018ad20,,stub_code,0,2,2,17127,0.0000
0x0054aff0,0x0054aff0,,,3,0,3,17127,0.0000
0x00237bf0,0x00237bf0,,stub_code,2,2,4,17127,0.5000
0x0049e4e0,0x0049e4e0,,stub_code,0,1,1,2,0.0000
0x0039ab30,0x0039ab30,,stub_code,0,2,2,17127,0.0000
0x001f3b50,0x001f3b50,,stub_code,0,4,4,17127,0.0000
0x003fdf90,0x003fdf90,,stub_code,0,3,3,17127,0.0000
0x003a8da0,0x003a8da0,,stub_code,1,12,13,17127,0.0000
0x005a9400,0x005a9400,,,1,0,1,2,0.0000
0x001c8fd0,0x001c8fd0,,stub_code,0,3,3,17127,0.0000
0x00112ab0,0x00112ab0,,stub_code,1,2,3,17127,0.0000
0x00210860,0x00210860,,stub_code,2,2,4,17127,0.0000
0x005f19a0,0x005f19a0,,,3,0,3,17127,0.0000
0x005aaf50,0x005aaf50,,,1,0,1,17127,0.0000
0x00276340,0x00276340,,stub_code,1,2,3,17127,0.0000
0x0052f160,0x0052f160,,stub_code,1,1,2,17127,0.0000
0x0021c800,0x0021c800,,,1,0,1,17127,0.0000
0x00347530,0x00347530,,stub_code,18,5,23,17127,6.0000
0x002df100,0x002df100,,stub_code,0,1,1,17127,0.0000
0x0011ca80,0x0011ca80,,stub_code,0,1,1,17127,0.0000
0x0012e8b0,0x0012e8b0,,stub_code,2,3,5,17127,0.0000
0x005c1e20,0x005c1e20,,stub_code,3,11,14,17127,0.0000
0x00590c10,0x00590c10,,stub_code,0,3,3,17127,0.0000
0x0012eaf0,0x0012eaf0,,,3,0,3,17127,0.0000
0x00448ce0,0x00448ce0,,,2,0,2,17127,0.0000
0x0012bc50,0x0012bc50,,stub_code,1,1,2,3,0.0000
0x0029c1e0,0x0029c1e0,,stub_code,1,3,4,17127,0.0000
0x002d3570,0x002d3570,,stub_code,2,2,4,17127,1.0000
0x00125340,0x00125340,,stub_code,0,1,1,17127,0.0000
0x003d8e40,0x003d8e40,,stub_code,2,2,4,17127,0.0000
0x002d6ae0,0x002d6ae0,,,1,0,1,17127,0.0000
0x004d9670,0x004d9670,,stub_code,0,1,1,17127,0.0000
0x00171a50,0x00171a50,,,3,0,3,17127,0.0000
0x0039f1d0,0x0039f1d0,,,8,0,8,17127,0.0000
0x004a8cc8,0x004a8cc8,,stub_code,1,2,3,17127,0.0000
0x0016f390,0x0016f390,,stub_code,1,8,9,17127,0.0000
0x0043b410,0x0043b410,,,1,0,1,17127,0.0000
0x0024a8e0,0x0024a8e0,,stub_code,0,1,1,17127,0.0000
0x0021f490,0x0021f490,,stub_code,1,18,19,17127,0.0000
0x004297c0,FUN_004297c0,,real_logic,2,1,3,17127,0.0000
0x001ba0f0,0x001ba0f0,,stub_code,1,2,3,17127,0.0000
0x00210b50,0x00210b50,,,1,0,1,17127,0.0000
0x00467fa8,0x00467fa8,,stub_code,2,2,4,17127,0.0000
0x00273540,0x00273540,,stub_code,0,6,6,17127,0.0000
0x0027a250,0x0027a250,,stub_code,23,0,23,17127,0.0000
0x005f4890,0x005f4890,,stub_code,1,2,3,17127,0.0000
0x0024a2e0,0x0024a2e0,,stub_code,0,0,0,1,0.0000
0x005a19e0,0x005a19e0,,,2,0,2,17127,0.0000
0x00448c50,0x00448c50,,stub_code,1,2,3,17127,26.5000
0x00203cb0,0x00203cb0,,stub_code,0,2,2,17127,0.0000
0x001dd760,0x001dd760,,stub_code,0,2,2,17127,0.0000
0x005f2e40,0x005f2e40,,,1,0,1,2,0.0000
0x005b8e50,0x005b8e50,,stub_code,0,3,3,17127,0.0000
0x001188c0,0x001188c0,,,1,0,1,17127,0.0000
0x004b2a58,0x004b2a58,,stub_code,1,6,7,17127,24.0000
0x0049c4d0,0x0049c4d0,,,2,0,2,17127,0.0000
0x001fae90,0x001fae90,,stub_code,0,2,2,17127,0.0000
0x001310a0,0x001310a0,,stub_code,0,1,1,17127,0.0000
0x00140a70,0x00140a70,,,1,0,1,17127,0.0000
0x005bac60,0x005bac60,,stub_code,1,6,7,17127,0.0000
0x004bc660,0x004bc660,,,2,0,2,17127,0.0000
0x00241250,0x00241250,,stub_code,0,1,1,17127,0.0000
0x00315380,0x00315380,,stub_code,0,3,3,17127,0.0000
0x0051c6c0,0x0051c6c0,,stub_code,0,5,5,17127,0.0000
0x00256770,0x00256770,,stub_code,0,0,0,1,0.0000
0x00108000,0x00108000,,stub_code,0,5,5,17127,0.0000
0x00280fd0,0x00280fd0,,stub_code,0,4,4,17127,0.0000
0x0031a940,0x0031a940,,,2,0,2,17127,0.0000
0x0047aca8,0x0047aca8,,stub_code,0,0,0,1,0.0000
0x00391100,0x00391100,,stub_code,1,3,4,17127,0.0000
0x0053a020,0x0053a020,,stub_code,0,4,4,17127,0.0000
0x002b0f40,0x002b0f40,,stub_code,1,2,3,17127,0.0000
0x002efad0,0x002efad0,,stub_code,1,2,3,17127,0.0000
0x004e4740,0x004e4740,,stub_code,0,3,3,17127,0.0000
0x0038ef40,0x0038ef40,,,1,0,1,17127,0.0000
0x0041b350,0x0041b350,,stub_code,1,2,3,17127,2.0000
0x00508a90,0x00508a90,,stub_code,5,0,5,17127,0.0000
0x00201ee0,0x00201ee0,,,1,0,1,17127,0.0000
0x0031b760,0x0031b760,,,2,0,2,17127,0.0000
0x0058b570,0x0058b570,,stub_code,9,1,10,17127,0.0000
0x0026f3c0,0x0026f3c0,,stub_code,0,0,0,1,0.0000
0x00504e00,0x00504e00,,stub_code,1,1,2,17127,0.0000
0x00294270,0x00294270,,stub_code,0,3,3,17127,0.0000
0x00228ee0,0x00228ee0,,stub_code,1,3,4,17127,0.0000
0x00272560,0x00272560,,,2,0,2,17127,0.0000
0x00285370,0x00285370,,stub_code,0,3,3,17127,0.0000
0x00345510,0x00345510,,stub_code,0,3,3,17127,0.0000
0x004bc500,0x004bc500,,stub_code,0,1,1,17127,0.0000
0x00173c20,0x00173c20,,stub_code,1,2,3,17127,0.0000
0x005931a0,0x005931a0,,stub_code,1,2,3,17127,0.0000
0x00551460,0x00551460,,,2,0,2,17127,0.0000
0x0049da50,0x0049da50,,stub_thunk,0,0,0,1,0.0000
0x0032bd40,0x0032bd40,,,1,0,1,17127,0.0000
0x003f44a0,0x003f44a0,,stub_code,1,6,7,17127,0.0000
0x0017da10,0x0017da10,,,2,0,2,17127,0.0000
0x001ebd40,0x001ebd40,,stub_code,2,5,7,17127,0.0000
0x002ae900,0x002ae900,,,1,0,1,17127,0.0000
0x005cba30,0x005cba30,,stub_code,0,7,7,17127,0.0000
0x001151b0,0x001151b0,,,1,0,1,17127,0.0000
0x004d4210,0x004d4210,,,4,0,4,17127,0.0000
0x0020b7d0,0x0020b7d0,,stub_code,0,6,6,17127,0.0000
0x00551db0,0x00551db0,,stub_code,4,3,7,17127,1.0000
0x00258560,0x00258560,,stub_code,0,0,0,1,0.0000
0x00397a90,0x00397a90,,stub_code,3,5,8,17127,0.0000
0x00502d20,0x00502d20,,stub_code,1,1,2,17127,0.0000
0x0038f3f0,0x0038f3f0,,,1,0,1,17127,0.0000
0x003403d0,0x003403d0,,,1,0,1,17127,0.0000
0x002f0cd0,0x002f0cd0,,stub_code,0,1,1,17127,0.0000
0x00301aa0,0x00301aa0,,stub_code,0,4,4,17127,0.0000
0x004c1470,0x004c1470,,stub_code,0,5,5,17127,0.0000
0x003c0830,0x003c0830,,stub_code,1,11,12,17127,57.3333
0x005b68e0,0x005b68e0,,stub_code,0,5,5,17127,0.0000
0x001aaff0,0x001aaff0,,stub_code,0,6,6,17127,0.0000
0x00542c70,0x00542c70,,stub_code,0,1,1,17127,0.0000
0x002331b0,0x002331b0,,stub_code,0,2,2,17127,0.0000
0x0013e640,0x0013e640,,,3,0,3,17127,0.0000
0x002a37e0,0x002a37e0,,stub_code,1,2,3,17127,0.0000
0x0047e898,0x0047e898,,,1,0,1,17127,0.0000
0x0046f7e0,0x0046f7e0,,stub_code,0,1,1,17127,0.0000
0x004e7880,0x004e7880,,,2,0,2,17127,0.0000
0x005a1210,0x005a1210,,,1,0,1,17127,0.0000
0x0025e1a0,0x0025e1a0,,stub_code,0,2,2,17127,0.0000
0x00104cc0,FUN_00104cc0,,pseudo_stub,1,2,3,17127,0.0000
0x002af7d0,0x002af7d0,,,1,0,1,17127,0.0000
0x004f4c00,0x004f4c00,,stub_code,2,9,11,17127,0.0000
0x0030be70,0x0030be70,,stub_code,0,2,2,17127,0.0000
0x001c6820,0x001c6820,,stub_code,0,0,0,1,0.0000
0x00334390,0x00334390,,stub_code,1,6,7,17127,0.0000
0x004ce3b0,0x004ce3b0,,stub_code,0,0,0,1,0.0000
0x004e3140,0x004e3140,,stub_code,0,1,1,17127,0.0000
0x002ef4c0,0x002ef4c0,,stub_code,0,1,1,17127,0.0000
0x0036aa90,0x0036aa90,,stub_code,0,1,1,17127,0.0000
0x005f9dc0,0x005f9dc0,,stub_code,0,0,0,1,0.0000
0x00237d60,0x00237d60,,,1,0,1,17127,0.0000
0x005fa0d0,0x005fa0d0,,stub_code,0,0,0,1,0.0000
0x001ef8d0,0x001ef8d0,,stub_code,0,0,0,1,0.0000
0x00109800,0x00109800,,stub_code,1,41,42,17127,0.0000
0x0047cba0,0x0047cba0,,,1,0,1,4,0.0000
0x002223e0,0x002223e0,,,1,0,1,17127,0.0000
0x00160860,0x00160860,,stub_code,5,1,6,17127,0.0000
0x0020ada0,0x0020ada0,,stub_code,3,1,4,17127,0.0000
0x00363ea0,0x00363ea0,,stub_code,4,1,5,17127,0.0000
0x00254c60,0x00254c60,,stub_code,0,1,1,17127,0.0000
0x00155590,0x00155590,,,1,0,1,17127,0.0000
0x00397050,0x00397050,,,2,0,2,17127,0.0000
0x005a9ab0,0x005a9ab0,,stub_code,0,3,3,17127,0.0000
0x001136d0,0x001136d0,,stub_code,0,0,0,1,0.0000
0x0045d0f8,0x0045d0f8,,stub_code,1,4,5,17127,0.0000
0x0049c9a8,0x0049c9a8,,stub_code,0,5,5,17127,0.0000
0x00276d00,0x00276d00,,stub_code,0,1,1,17127,0.0000
0x0027d910,0x0027d910,,stub_code,0,1,1,17127,0.0000
0x005e2d60,0x005e2d60,,stub_code,0,1,1,17127,0.0000
0x002ceab0,0x002ceab0,,,1,0,1,17127,0.0000
0x002c9320,0x002c9320,,,2,0,2,17127,0.0000
0x00123e50,0x00123e50,,,1,0,1,17127,0.0000
0x00445860,0x00445860,,stub_code,0,1,1,2,0.0000
0x00411170,0x00411170,,stub_code,1,6,7,17127,0.5000
0x0025a8a0,0x0025a8a0,,stub_code,0,0,0,1,0.0000
0x0053f990,0x0053f990,,stub_code,0,4,4,17127,0.0000
0x002a5f90,0x002a5f90,,,6,0,6,17127,0.0000
0x0035a340,0x0035a340,,stub_code,0,3,3,17127,0.0000
0x001c2e80,0x001c2e80,,stub_code,1,1,2,17127,0.0000
0x002fe490,0x002fe490,,stub_code,3,2,5,17127,0.0000
0x00130290,0x00130290,,,1,0,1,17127,0.0000
0x003a44c0,0x003a44c0,,,1,0,1,17127,0.0000
0x0056e8b0,0x0056e8b0,,,1,0,1,3,0.0000
0x0057aaa0,0x0057aaa0,,stub_code,0,8,8,17127,0.0000
0x0035bc10,0x0035bc10,,,8,0,8,17127,0.0000
0x00343c60,0x00343c60,,stub_code,0,1,1,17127,0.0000
0x00464548,0x00464548,,stub_code,2,1,3,17127,0.0000
0x00317ec0,0x00317ec0,,stub_code,0,1,1,17127,0.0000
0x0051f5f0,0x0051f5f0,,stub_code,1,4,5,17127,0.0000
0x0027cbc0,0x0027cbc0,,stub_code,0,4,4,17127,0.0000
0x00114eb0,0x00114eb0,,stub_code,1,2,3,17127,0.0000
0x00429ef0,FUN_00429ef0,,real_logic,1,1,2,17127,0.0000
0x001efd60,0x001efd60,,stub_code,1,2,3,17127,0.0000
0x004adc50,0x004adc50,,stub_code,1,2,3,17127,0.0000
0x004cdd00,0x004cdd00,,stub_code,0,1,1,17127,0.0000
0x001876e0,0x001876e0,,stub_code,1,12,13,17127,0.0000
0x004d4940,0x004d4940,,stub_code,0,9,9,17127,0.0000
0x00594e30,0x00594e30,,stub_code,0,6,6,17127,0.0000
0x00530080,FUN_00530080,core/endian,real_c,3,0,3,17127,0.0000
0x004d8190,0x004d8190,,stub_code,3,2,5,17127,0.0000
0x0051a910,0x0051a910,,stub_code,1,9,10,17127,7.0000
0x005e0300,0x005e0300,,stub_code,0,6,6,17127,0.0000
0x00192d70,0x00192d70,,stub_code,0,7,7,17127,0.0000
0x00126a20,0x00126a20,,stub_code,0,1,1,17127,0.0000
0x003a3e10,0x003a3e10,,stub_code,0,2,2,17127,0.0000
0x0037e2d0,0x0037e2d0,,stub_code,2,2,4,17127,0.0000
0x004bbdc0,0x004bbdc0,,stub_code,0,2,2,17127,0.0000
0x002d8970,0x002d8970,,stub_code,0,6,6,17127,0.0000
0x0025d2e0,0x0025d2e0,,stub_code,0,1,1,17127,0.0000
0x00539110,0x00539110,,stub_code,7,3,10,17127,0.0000
0x005fa830,0x005fa830,,stub_code,8,1,9,17127,0.0000
0x005847f0,0x005847f0,,stub_code,0,1,1,17127,0.0000
0x005112a0,0x005112a0,,,6,0,6,17127,0.0000
0x004b8e70,0x004b8e70,,stub_code,2,0,2,17127,0.0000
0x004b2e08,0x004b2e08,,,1,0,1,17127,0.0000
0x002d9b00,0x002d9b00,,,2,0,2,17127,0.0000
0x005aa4c0,0x005aa4c0,,stub_code,1,2,3,17127,0.0000
0x0050fa30,0x0050fa30,,stub_code,3,2,5,17127,0.0000
0x005f0b50,0x005f0b50,,stub_code,0,1,1,17127,0.0000
0x002106b0,0x002106b0,,stub_code,1,3,4,17127,0.0000
0x004a1638,0x004a1638,,stub_code,1,1,2,17127,0.0000
0x003c51a0,0x003c51a0,,,7,0,7,17127,0.0000
0x00394a80,0x00394a80,,stub_code,0,3,3,17127,0.0000
0x003a5350,0x003a5350,,stub_code,2,8,10,17127,0.0000
0x005b50e0,0x005b50e0,,stub_code,0,7,7,17127,0.0000
0x001e47e0,0x001e47e0,,stub_code,1,2,3,17127,0.0000
0x00447b28,0x00447b28,,stub_code,1,2,3,17127,5.5000
0x005d9360,0x005d9360,,stub_code,0,4,4,17127,0.0000
0x0023a8a0,0x0023a8a0,,stub_code,0,1,1,17127,0.0000
0x0053f4c0,0x0053f4c0,,stub_code,0,7,7,17127,0.0000
0x003430e0,0x003430e0,,stub_code,0,10,10,17127,0.0000
0x0049d908,0x0049d908,,stub_code,0,5,5,17127,0.0000
0x0021c3b0,0x0021c3b0,,stub_code,1,18,19,17127,0.0000
0x005fd7d0,0x005fd7d0,,stub_code,0,0,0,1,0.0000
0x00422f70,0x00422f70,,,3,0,3,17127,0.0000
0x0029dda0,0x0029dda0,,stub_code,1,1,2,17127,1.0000
0x00303d00,0x00303d00,,stub_code,1,1,2,17127,0.0000
0x0042c098,0x0042c098,,stub_code,2,3,5,17127,11.0000
0x0011dab0,0x0011dab0,,stub_code,0,2,2,17127,0.0000
0x004e25f0,0x004e25f0,,stub_code,0,1,1,17127,0.0000
0x00464c98,0x00464c98,,,1,0,1,17127,0.0000
0x004b4ff0,0x004b4ff0,,stub_code,0,2,2,17127,0.0000
0x004bc550,0x004bc550,,stub_code,0,5,5,17127,0.0000
0x005f1620,0x005f1620,,stub_code,0,1,1,17127,0.0000
0x00205810,0x00205810,,stub_code,0,2,2,17127,0.0000
0x003af430,0x003af430,,,1,0,1,17127,0.0000
0x004271c0,0x004271c0,,,1,0,1,17127,0.0000
0x004822b0,0x004822b0,,stub_code,0,2,2,17127,0.0000
0x00253690,0x00253690,,stub_code,0,0,0,1,0.0000
0x0010cfc0,0x0010cfc0,,stub_code,1,5,6,17127,0.0000
0x002727f0,0x002727f0,,stub_code,2,2,4,17127,3.0000
0x0059e130,0x0059e130,,,1,0,1,2,0.0000
0x004d2c00,0x004d2c00,,stub_code,0,3,3,17127,0.0000
0x002707e0,0x002707e0,,,2,0,2,17127,0.0000
0x00164420,0x00164420,,stub_code,1,7,8,17127,0.0000
0x001d1040,0x001d1040,,stub_code,0,14,14,17127,0.0000
0x0033f6e0,0x0033f6e0,,,1,0,1,17127,0.0000
0x003f6270,0x003f6270,,,6,0,6,17127,0.0000
0x005a7250,0x005a7250,,stub_code,0,1,1,17127,0.0000
0x00477970,0x00477970,,,1,0,1,2,0.0000
0x0033b450,0x0033b450,,stub_code,2,2,4,17127,0.0000
0x001ce960,0x001ce960,,stub_code,3,2,5,17127,0.0000
0x00477ae8,0x00477ae8,,stub_code,2,3,5,17127,0.0000
0x002326c0,0x002326c0,,stub_code,0,2,2,17127,0.0000
0x005a6c70,0x005a6c70,,stub_code,1,2,3,17127,0.0000
0x004bd080,0x004bd080,,stub_code,0,5,5,17127,0.0000
0x002311c0,0x002311c0,,stub_code,1,1,2,17127,0.0000
0x003bf970,0x003bf970,,,1,0,1,17127,0.0000
0x005450d0,0x005450d0,,,3,0,3,17127,0.0000
0x00143040,0x00143040,,stub_code,3,9,12,17127,0.0000
0x003143b0,0x003143b0,,,4,0,4,17127,0.0000
0x003ba2e0,0x003ba2e0,,,1,0,1,17127,0.0000
0x005a5f40,0x005a5f40,,,1,0,1,2,0.0000
0x001a8c40,0x001a8c40,,stub_code,0,0,0,1,0.0000
0x0040afd0,0x0040afd0,,,1,0,1,17127,0.0000
0x0031c920,0x0031c920,,,1,0,1,17127,0.0000
0x003df0f0,0x003df0f0,,stub_code,2,2,4,17127,0.0000
0x00508950,0x00508950,,,1,0,1,17127,0.0000
0x00128a40,0x00128a40,,,1,0,1,17127,0.0000
0x001c7d90,0x001c7d90,,stub_code,1,1,2,17127,0.0000
0x005f59d0,0x005f59d0,,stub_code,0,4,4,17127,0.0000
0x0030bad0,0x0030bad0,,stub_code,0,2,2,17127,0.0000
0x00123da0,0x00123da0,,stub_code,0,0,0,1,0.0000
0x00263050,0x00263050,,stub_code,2,1,3,17127,0.0000
0x00127c90,0x00127c90,,,3,0,3,17127,0.0000
0x0010f010,0x0010f010,,,2,0,2,17127,0.0000
0x00196890,0x00196890,,stub_code,9,1,10,17127,1.0000
0x005977f0,0x005977f0,,,1,0,1,2,0.0000
0x004b88e0,0x004b88e0,,,5,0,5,17127,0.0000
0x00562170,0x00562170,,stub_code,1,5,6,17127,14.4038
0x00497490,0x00497490,,,3,0,3,17127,0.0000
0x0026edc0,0x0026edc0,,stub_code,0,1,1,17127,0.0000
0x001189b0,0x001189b0,,,6,0,6,17127,0.0000
0x0035bbd0,0x0035bbd0,,,1,0,1,17127,0.0000
0x0059f1f0,0x0059f1f0,,,1,0,1,2,0.0000
0x00579fc0,0x00579fc0,,stub_code,0,2,2,17127,0.0000
0x0023f520,0x0023f520,,stub_code,0,0,0,1,0.0000
0x002d9c50,0x002d9c50,,stub_code,0,1,1,17127,0.0000
0x00470838,0x00470838,,,1,0,1,17127,0.0000
0x0034f030,0x0034f030,,stub_code,0,16,16,17127,0.0000
0x00273410,0x00273410,,stub_code,0,10,10,17127,0.0000
0x0013a2b0,0x0013a2b0,,,1,0,1,17127,0.0000
0x0026bf10,0x0026bf10,,stub_code,1,2,3,17127,0.0000
0x0028aee0,0x0028aee0,,stub_code,0,1,1,17127,0.0000
0x004f7e80,0x004f7e80,,,1,0,1,17127,0.0000
0x00593250,0x00593250,,,1,0,1,17127,0.0000
0x001a5720,0x001a5720,,,1,0,1,17127,0.0000
0x0059e7d0,0x0059e7d0,,stub_code,0,1,1,2,0.0000
0x001def00,0x001def00,,stub_code,6,2,8,17127,0.0000
0x00122d90,0x00122d90,,,1,0,1,17127,0.0000
0x0023d240,0x0023d240,,stub_code,6,0,6,17127,0.0000
0x002e8a80,0x002e8a80,,stub_code,0,4,4,17127,0.0000
0x0057e020,0x0057e020,,stub_code,0,14,14,17127,0.0000
0x00483f38,0x00483f38,,stub_code,0,1,1,17127,0.0000
0x004ea780,0x004ea780,,stub_code,0,1,1,17127,0.0000
0x00473060,0x00473060,,stub_code,0,2,2,17127,0.0000
0x0010f9c0,0x0010f9c0,,,1,0,1,17127,0.0000
0x00332940,0x00332940,,stub_code,0,23,23,17127,0.0000
0x003f2f70,0x003f2f70,,,1,0,1,17127,0.0000
0x0045c988,0x0045c988,,stub_code,1,3,4,17127,0.0000
0x00385c10,0x00385c10,,stub_code,4,0,4,17127,0.0000
0x0025b3b0,0x0025b3b0,,stub_code,0,0,0,1,0.0000
0x0047d3b8,0x0047d3b8,,,5,0,5,17127,0.0000
0x00272600,0x00272600,,,1,0,1,17127,0.0000
0x0018fd80,0x0018fd80,,,1,0,1,17127,0.0000
0x00174600,0x00174600,,stub_code,0,2,2,17127,0.0000
0x0050ea30,0x0050ea30,,stub_code,61,0,61,17127,0.0000
0x002edcf0,0x002edcf0,,stub_code,0,1,1,17127,0.0000
0x00598f60,0x00598f60,,stub_code,0,1,1,17127,0.0000
0x005d9120,0x005d9120,,stub_code,0,4,4,17127,0.0000
0x004a6f38,0x004a6f38,,stub_code,1,1,2,17127,0.0000
0x004d9830,0x004d9830,,,2,0,2,17127,0.0000
0x0025c690,0x0025c690,,stub_code,0,0,0,1,0.0000
0x0036ac20,0x0036ac20,,stub_code,1,2,3,17127,4.5000
0x0014b130,0x0014b130,,stub_code,0,3,3,17127,0.0000
0x003028c0,0x003028c0,,stub_code,0,4,4,17127,0.0000
0x001c9c80,0x001c9c80,,stub_code,0,0,0,1,0.0000
0x002fe440,0x002fe440,,stub_code,0,1,1,17127,0.0000
0x005402d0,0x005402d0,,stub_code,0,3,3,17127,0.0000
0x0015d9e0,0x0015d9e0,,,2,0,2,17127,0.0000
0x003876a0,0x003876a0,,,2,0,2,17127,0.0000
0x003ff660,0x003ff660,,stub_code,0,2,2,17127,0.0000
0x0010ce70,0x0010ce70,,stub_code,0,0,0,1,0.0000
0x001abc40,0x001abc40,,stub_code,0,0,0,1,0.0000
0x0045b700,0x0045b700,,stub_code,0,3,3,17127,0.0000
0x002f1a50,0x002f1a50,,stub_code,2,2,4,17127,0.0000
0x0047cbd8,0x0047cbd8,,stub_code,1,4,5,4,0.0000
0x005196e0,0x005196e0,,stub_code,2,2,4,17127,1.0000
0x002a4840,0x002a4840,,,1,0,1,17127,0.0000
0x004bdea0,0x004bdea0,,,7,0,7,17127,0.0000
0x004b94a0,0x004b94a0,,stub_code,1,2,3,17127,0.0000
0x0037fa80,0x0037fa80,,stub_code,2,1,3,17127,0.0000
0x0028d740,0x0028d740,,stub_code,1,2,3,17127,0.0000
0x002a49e0,0x002a49e0,,stub_code,1,1,2,17127,0.0000
0x002f02e0,0x002f02e0,,stub_code,0,7,7,17127,0.0000
0x004c6da0,0x004c6da0,,stub_code,0,8,8,17127,0.0000
0x005351c0,0x005351c0,,stub_code,0,1,1,2,0.0000
0x00155410,0x00155410,,stub_code,1,1,2,17127,0.0000
0x00233980,0x00233980,,stub_code,0,2,2,17127,0.0000
0x0029e850,0x0029e850,,stub_code,1,1,2,17127,1.0000
0x0029dec0,0x0029dec0,,stub_code,1,1,2,17127,1.0000
0x004793a8,0x004793a8,,stub_code,0,3,3,17127,0.0000
0x0034bd10,0x0034bd10,,stub_code,0,2,2,17127,0.0000
0x005eafd0,0x005eafd0,,stub_code,0,3,3,17127,0.0000
0x0030a6f0,0x0030a6f0,,stub_code,0,6,6,17127,0.0000
0x0046efe8,0x0046efe8,,stub_code,1,0,1,17127,0.0000
0x00204ad0,0x00204ad0,,stub_code,2,1,3,17127,3.0000
0x00478e80,0x00478e80,,stub_code,0,3,3,17127,0.0000
0x003ad960,0x003ad960,,,1,0,1,17127,0.0000
0x0053bb10,0x0053bb10,,stub_code,0,3,3,17127,0.0000
0x00479580,0x00479580,,stub_code,0,1,1,17127,0.0000
0x005d9c10,0x005d9c10,,stub_code,0,1,1,17127,0.0000
0x002494a0,0x002494a0,,stub_code,0,1,1,20,0.0000
0x0045e740,0x0045e740,,stub_code,1,3,4,17127,0.0000
0x00185040,0x00185040,,,5,0,5,17127,0.0000
0x004c36e0,0x004c36e0,,stub_code,0,1,1,17127,0.0000
0x0013f560,0x0013f560,,stub_code,1,2,3,17127,0.0000
0x0049eba0,0x0049eba0,,stub_code,1,3,4,17127,0.0000
0x0026cfa0,0x0026cfa0,,stub_code,1,0,1,17127,0.0000
0x00315630,0x00315630,,stub_code,0,17,17,17127,0.0000
0x005a8b00,0x005a8b00,,stub_code,0,1,1,2,0.0000
0x0047f868,0x0047f868,,stub_code,1,1,2,17127,0.0000
0x002dfa50,0x002dfa50,,stub_code,1,1,2,17127,0.0000
0x00548c30,0x00548c30,,,3,0,3,17127,0.0000
0x00575c40,0x00575c40,,,2,0,2,17127,0.0000
0x002e9cb0,0x002e9cb0,,stub_code,2,0,2,17127,0.0000
0x001b8c00,0x001b8c00,,stub_code,5,2,7,17127,0.0000
0x00202f30,0x00202f30,,stub_code,1,1,2,17127,0.0000
0x003912e0,0x003912e0,,stub_code,0,28,28,17127,0.0000
0x00259520,0x00259520,,stub_code,0,0,0,1,0.0000
0x0042f100,FUN_0042f100,,real_logic,4,1,5,17127,235.8333
0x001e7ad0,0x001e7ad0,,stub_code,0,1,1,17127,0.0000
0x00596840,0x00596840,,stub_code,0,5,5,17127,0.0000
0x0017a710,0x0017a710,,stub_code,2,1,3,17127,0.0000
0x0049b0d8,0x0049b0d8,,stub_thunk,0,0,0,1,0.0000
0x002749d0,0x002749d0,,stub_code,0,1,1,17127,0.0000
0x0016f240,0x0016f240,,stub_code,2,2,4,17127,0.0000
0x0042bfa0,0x0042bfa0,,,1,0,1,17127,0.0000
0x00502530,0x00502530,,stub_code,2,1,3,17127,0.0000
0x004ce310,0x004ce310,,stub_code,0,1,1,17127,0.0000
0x00357940,0x00357940,,,3,0,3,17127,0.0000
0x004a7a90,0x004a7a90,,stub_code,0,4,4,17127,0.0000
0x00180b30,0x00180b30,,stub_code,0,0,0,1,0.0000
0x001e9c00,0x001e9c00,,stub_code,4,6,10,17127,0.0000
0x00167500,0x00167500,,,1,0,1,17127,0.0000
0x00423a40,0x00423a40,,stub_code,7,1,8,17127,30.0000
0x005a6ea0,0x005a6ea0,,stub_code,0,3,3,17127,0.0000
0x002c93b0,0x002c93b0,,stub_code,2,2,4,17127,0.0000
0x002d1030,0x002d1030,,stub_code,3,5,8,17127,1401.2944
0x00249030,0x00249030,,stub_code,0,0,0,1,0.0000
0x0056e3a0,0x0056e3a0,,stub_code,0,2,2,17127,0.0000
0x004f2060,0x004f2060,,stub_code,1,1,2,17127,0.0000
0x00260980,0x00260980,,stub_code,0,2,2,17127,0.0000
0x002d46e0,0x002d46e0,,stub_code,1,1,2,17127,0.0000
0x002e7420,0x002e7420,,stub_code,0,4,4,17127,0.0000
0x00445e70,0x00445e70,,stub_code,1,4,5,17127,0.0000
0x0047f4a0,FUN_0047f4a0,,real_logic,1,0,1,17127,0.0000
0x00545090,0x00545090,,stub_code,1,2,3,17127,0.0000
0x00344d70,0x00344d70,,stub_code,0,2,2,17127,0.0000
0x00401d20,0x00401d20,,stub_code,0,4,4,17127,0.0000
0x0036c860,0x0036c860,,,1,0,1,17127,0.0000
0x004df970,0x004df970,,stub_code,0,1,1,17127,0.0000
0x0040bde0,0x0040bde0,,,1,0,1,17127,0.0000
0x0059bb50,0x0059bb50,,stub_code,0,8,8,17127,0.0000
0x0020ace0,0x0020ace0,,,1,0,1,17127,0.0000
0x003e9e30,0x003e9e30,,stub_code,1,11,12,17127,0.0000
0x00352220,0x00352220,,stub_code,0,2,2,17127,0.0000
0x00322c80,0x00322c80,,stub_code,0,1,1,17127,0.0000
0x0058b0b0,0x0058b0b0,,,30,0,30,17127,0.0000
0x001ec150,0x001ec150,,stub_code,0,0,0,1,0.0000
0x001ddda0,0x001ddda0,,stub_code,1,2,3,17127,0.0000
0x00252940,0x00252940,,stub_code,0,0,0,1,0.0000
0x002de7c0,0x002de7c0,,stub_code,0,3,3,17127,0.0000
0x001d3540,0x001d3540,,stub_code,0,4,4,17127,0.0000
0x00402310,0x00402310,,stub_code,2,1,3,17127,0.0000
0x004aff30,0x004aff30,,stub_code,3,1,4,17127,0.0000
0x004c9ce0,0x004c9ce0,,stub_code,0,0,0,1,0.0000
0x005aab40,0x005aab40,,stub_code,1,4,5,17127,0.0000
0x0028ddf0,0x0028ddf0,,stub_code,1,2,3,17127,0.0000
0x0058a300,0x0058a300,,,2,0,2,17127,0.0000
0x002618b0,0x002618b0,,,1,0,1,17127,0.0000
0x00278a50,0x00278a50,,stub_code,1,1,2,17127,0.0000
0x001c83a0,0x001c83a0,,stub_code,0,2,2,17127,0.0000
0x00462cc0,0x00462cc0,,stub_code,2,2,4,17127,0.0000
0x002516b0,0x002516b0,,stub_code,0,0,0,1,0.0000
0x00185070,0x00185070,,,1,0,1,17127,0.0000
0x00504220,0x00504220,,,118,0,118,17127,0.0000
0x00239e30,0x00239e30,,stub_code,1,1,2,17127,0.0000
0x0025d160,0x0025d160,,stub_code,0,1,1,17127,0.0000
