address,name,status,arg,label_a,label_b,prov_a,prov_b,via,kind
0x00105010,0x00105010,stub_code,a1,int,ptr,DIRECT,CALL_PROPAGATED,0x00104cc0->0x00105010,ptr_int
0x0012c220,0x0012c220,stub_code,a0,ptr,int,STRUCT_FIELD,CALL_PROPAGATED,0x0012bf60->0x0012c220,ptr_int
0x00540780,FUN_00540780,real_logic,a0,ptr,int,STRUCT_FIELD,CALL_PROPAGATED,0x0012bf60->0x00540780,ptr_int
0x0012bda0,FUN_0012bda0,real_c,a0,int,Unknown_a0_0_4_8_10_28_2c_64,DIRECT,CALL_PROPAGATED,0x0012c400->0x0012bda0,hard
0x0012bda0,FUN_0012bda0,real_c,a1,int,Unknown_a2_8,DIRECT,CALL_PROPAGATED,0x0012c400->0x0012bda0,hard
0x0012bda0,FUN_0012bda0,real_c,a2,int,Unknown_a2_8,DIRECT,CALL_PROPAGATED,0x0012c400->0x0012bda0,hard
0x0017af20,0x0017af20,stub_code,a0,Unknown_a0_9,Unknown_a0_28,DIRECT,CALL_PROPAGATED,0x00181500->0x0017af20,hard
0x0017af20,0x0017af20,stub_code,a1,int,ptr,DIRECT,CALL_PROPAGATED,0x00181500->0x0017af20,ptr_int
0x0043bc40,0x0043bc40,stub_code,a0,int,Unknown_a0_0,DIRECT,CALL_PROPAGATED,0x00183650->0x0043bc40,hard
0x00189d40,FUN_00189d40,pseudo_stub,a0,Unknown_a0_4_8,Unknown_a0_8_10_14_18,DIRECT,CALL_PROPAGATED,0x00188080->0x00189d40,hard
0x00189d40,FUN_00189d40,pseudo_stub,a2,int,Unknown_a2_0,DIRECT,CALL_PROPAGATED,0x00188080->0x00189d40,hard
0x00189d40,FUN_00189d40,pseudo_stub,a3,int,Unknown_a3_0,DIRECT,CALL_PROPAGATED,0x00188080->0x00189d40,hard
0x0018ae80,FUN_0018ae80,pseudo_stub,a0,Unknown_a0_24,Unknown_a0_8_10_14_18,DIRECT,CALL_PROPAGATED,0x00188080->0x0018ae80,hard
0x00189130,0x00189130,stub_code,a0,Unknown_a0_4,Unknown_a0_4_8,DIRECT,CALL_PROPAGATED,0x00189cf0->0x00189130,hard
0x00189130,0x00189130,stub_code,a1,Unknown_a1_0,int,DIRECT,CALL_PROPAGATED,0x00189cf0->0x00189130,hard
0x00189170,0x00189170,stub_code,a0,Unknown_a0_4,Unknown_a0_4_8,DIRECT,CALL_PROPAGATED,0x00189d40->0x00189170,hard
0x00189170,0x00189170,stub_code,a1,Unknown_a1_0,int,DIRECT,CALL_PROPAGATED,0x00189d40->0x00189170,hard
0x00189130,0x00189130,stub_code,a0,Unknown_a0_4,Unknown_a0_24,DIRECT,CALL_PROPAGATED,0x0018ae20->0x00189130,hard
0x00189130,0x00189130,stub_code,a2,int,Unknown_a2_0,DIRECT,CALL_PROPAGATED,0x0018ae20->0x00189130,hard
0x00189130,0x00189130,stub_code,a3,int,Unknown_a3_0,DIRECT,CALL_PROPAGATED,0x0018ae20->0x00189130,hard
0x00189170,0x00189170,stub_code,a0,Unknown_a0_4,Unknown_a0_24,DIRECT,CALL_PROPAGATED,0x0018ae80->0x00189170,hard
0x00189170,0x00189170,stub_code,a2,int,Unknown_a2_0,DIRECT,CALL_PROPAGATED,0x0018ae80->0x00189170,hard
0x00189170,0x00189170,stub_code,a3,int,Unknown_a3_0,DIRECT,CALL_PROPAGATED,0x0018ae80->0x00189170,hard
0x00337690,FUN_00337690,real_logic,a0,Unknown_a0_14_64,Unknown_a0_0_2c,DIRECT,CALL_PROPAGATED,0x00194f90->0x00337690,hard
0x00190f60,0x00190f60,stub_code,a0,Unknown_a0_3e0,int,DIRECT,CALL_PROPAGATED,0x00198e80->0x00190f60,hard
0x00196890,0x00196890,stub_code,a0,Unknown_a0_3e0,int,DIRECT,CALL_PROPAGATED,0x00198ed0->0x00196890,hard
0x00196890,0x00196890,stub_code,a1,Unknown_a1_1e4_1e8_1ec,int,DIRECT,CALL_PROPAGATED,0x00198ed0->0x00196890,hard
0x001a5ab0,0x001a5ab0,stub_code,a0,Unknown_a0_c,Unknown_a0_8,DIRECT,CALL_PROPAGATED,0x001a8d10->0x001a5ab0,hard
0x001a5ab0,0x001a5ab0,stub_code,a1,int,Unknown_a1_0_4_38,DIRECT,CALL_PROPAGATED,0x001a8d10->0x001a5ab0,hard
0x00196800,0x00196800,stub_code,a0,Unknown_a0_38_88,Unknown_a1_0_4,DIRECT,CALL_PROPAGATED,0x001a94a0->0x00196800,hard
0x00196800,0x00196800,stub_code,a1,int,Unknown_a1_0_4,DIRECT,CALL_PROPAGATED,0x001a94a0->0x00196800,hard
0x00199120,0x00199120,stub_code,a0,ptr,int,STRUCT_FIELD,CALL_PROPAGATED,0x001ab6b0->0x00199120,ptr_int
0x00199120,0x00199120,stub_code,a1,int,Unknown_a1_0_4,DIRECT,CALL_PROPAGATED,0x001ab6b0->0x00199120,hard
0x00337430,0x00337430,stub_code,a0,Unknown_a0_14_64,Unknown_a0_8_c_10,DIRECT,CALL_PROPAGATED,0x001ab880->0x00337430,hard
0x00337430,0x00337430,stub_code,a1,int,Unknown_a0_8_c_10,DIRECT,CALL_PROPAGATED,0x001ab880->0x00337430,hard
0x0015df80,0x0015df80,stub_code,a0,ptr,int,STRUCT_FIELD,CALL_PROPAGATED,0x001cb220->0x0015df80,ptr_int
0x001cade0,0x001cade0,stub_code,a0,Unknown_a0_b4,int,DIRECT,CALL_PROPAGATED,0x001cb220->0x001cade0,hard
0x001eb740,0x001eb740,stub_code,a1,int,Unknown_a1_0_4_8_c,DIRECT,CALL_PROPAGATED,0x001ebea0->0x001eb740,hard
0x0023e070,FUN_0023e070,real_logic,a1,int,ptr,HEURISTIC,CALL_PROPAGATED,0x00241210->0x0023e070,ptr_int
0x0023e070,FUN_0023e070,real_logic,a1,Unknown_a1_0_4_8,Unknown_a1_0_8,CALL_PROPAGATED,CALL_PROPAGATED,0x002414c0->0x0023e070,hard
0x00244580,0x00244580,stub_code,a0,int,ptr,DIRECT,CALL_PROPAGATED,0x002467a0->0x00244580,ptr_int
0x00244580,0x00244580,stub_code,a1,int,ptr,DIRECT,CALL_PROPAGATED,0x002467a0->0x00244580,ptr_int
0x00244580,0x00244580,stub_code,a2,Unknown_a2_0,int,DIRECT,CALL_PROPAGATED,0x002467a0->0x00244580,hard
0x002c5ef0,0x002c5ef0,stub_code,a0,Unknown_a0_0,Unknown_a0_38,DIRECT,CALL_PROPAGATED,0x002c48f0->0x002c5ef0,hard
0x002c5ef0,0x002c5ef0,stub_code,a1,int,ptr,DIRECT,CALL_PROPAGATED,0x002c48f0->0x002c5ef0,ptr_int
0x005141e0,0x005141e0,stub_code,a2,int,Unknown_a2_4,DIRECT,CALL_PROPAGATED,0x002e7870->0x005141e0,hard
0x00511940,0x00511940,stub_code,a2,int,Unknown_a2_4,DIRECT,CALL_PROPAGATED,0x002e7870->0x00511940,hard
0x00512ee0,0x00512ee0,stub_code,a0,Unknown_a0_0_4c,int,DIRECT,CALL_PROPAGATED,0x003342e0->0x00512ee0,hard
0x00512ee0,0x00512ee0,stub_code,a1,ptr,int,STRUCT_FIELD,CALL_PROPAGATED,0x003342e0->0x00512ee0,ptr_int
0x00397200,0x00397200,stub_code,a0,Unknown_a0_1b0,int,DIRECT,CALL_PROPAGATED,0x00337690->0x00397200,hard
0x003981c0,0x003981c0,stub_code,a1,ptr,int,STRUCT_FIELD,CALL_PROPAGATED,0x00337690->0x003981c0,ptr_int
0x00428f48,FUN_00428f48,real_c,a2,Unknown_a2_0_10,int,DIRECT,CALL_PROPAGATED,0x00337690->0x00428f48,hard
0x0033c3b0,0x0033c3b0,stub_code,a0,int,ptr,DIRECT,CALL_PROPAGATED,0x0033c170->0x0033c3b0,ptr_int
0x0033c3b0,0x0033c3b0,stub_code,a1,int,ptr,DIRECT,CALL_PROPAGATED,0x0033c170->0x0033c3b0,ptr_int
0x0036edc0,0x0036edc0,stub_code,a0,Unknown_a0_184,int,DIRECT,CALL_PROPAGATED,0x00377190->0x0036edc0,hard
0x0036edc0,0x0036edc0,stub_code,a1,Unknown_a1_18,int,DIRECT,CALL_PROPAGATED,0x00377190->0x0036edc0,hard
0x0038da20,0x0038da20,stub_code,a0,int,ptr,DIRECT,CALL_PROPAGATED,0x003994a0->0x0038da20,ptr_int
0x003ec660,FUN_003ec660,real_c,a0,Unknown_a0_0_4,int,DIRECT,CALL_PROPAGATED,0x003e1300->0x003ec660,hard
0x003ed9d0,0x003ed9d0,stub_code,a0,int,Unknown_a0_0,DIRECT,CALL_PROPAGATED,0x003ebea0->0x003ed9d0,hard
0x003ed9d0,0x003ed9d0,stub_code,a2,int,Unknown_a0_0,DIRECT,CALL_PROPAGATED,0x003ebea0->0x003ed9d0,hard
0x003ed9d0,0x003ed9d0,stub_code,a3,int,Unknown_a0_0,DIRECT,CALL_PROPAGATED,0x003ebea0->0x003ed9d0,hard
0x0042a798,0x0042a798,stub_code,a1,int,Unknown_a1_0,DIRECT,CALL_PROPAGATED,0x003fd320->0x0042a798,hard
0x00428f48,FUN_00428f48,real_c,a0,int,ptr,DIRECT,CALL_PROPAGATED,0x00428b18->0x00428f48,ptr_int
0x00428f48,FUN_00428f48,real_c,a1,ptr,int,STRUCT_FIELD,CALL_PROPAGATED,0x00428b18->0x00428f48,ptr_int
0x00430000,FUN_00430000,real_logic,a0,Unknown_a0_4_8_c,int,DIRECT,CALL_PROPAGATED,0x00429b08->0x00430000,hard
0x0042a5e8,FUN_0042a5e8,real_logic,a0,ptr,int,STRUCT_FIELD,CALL_PROPAGATED,0x00429ef0->0x0042a5e8,ptr_int
0x00429708,FUN_00429708,real_logic,a0,int,ptr,DIRECT,CALL_PROPAGATED,0x0042acb0->0x00429708,ptr_int
0x00429708,FUN_00429708,real_logic,a1,int,ptr,DIRECT,CALL_PROPAGATED,0x0042acb0->0x00429708,ptr_int
0x00432fc0,FUN_00432fc0,real_c,a1,ptr,int,STRUCT_FIELD,CALL_PROPAGATED,0x0042ba78->0x00432fc0,ptr_int
0x00432fc0,FUN_00432fc0,real_c,a2,ptr,int,STRUCT_FIELD,CALL_PROPAGATED,0x0042ba78->0x00432fc0,ptr_int
0x00429068,0x00429068,,a3,int,ptr,HEURISTIC,CALL_PROPAGATED,0x0042c280->0x00429068,ptr_int
0x00428df8,0x00428df8,,a2,Unknown_a2_0,int,CALL_PROPAGATED,CALL_PROPAGATED,0x0042c280->0x00428df8,hard
0x00428df8,0x00428df8,,a3,int,ptr,CALL_PROPAGATED,CALL_PROPAGATED,0x0042c280->0x00428df8,ptr_int
0x00431130,0x00431130,,a0,int,ptr,CALL_PROPAGATED,CALL_PROPAGATED,0x0042c660->0x00431130,ptr_int
0x0042c740,FUN_0042c740,real_logic,a1,int,ptr,DIRECT,CALL_PROPAGATED,0x0042c848->0x0042c740,ptr_int
0x0042c660,FUN_0042c660,real_logic,a1,ptr,int,STRUCT_FIELD,CALL_PROPAGATED,0x0042cac8->0x0042c660,ptr_int
0x0042c740,FUN_0042c740,real_logic,a1,int,Unknown_a1_0,DIRECT,CALL_PROPAGATED,0x0042cd18->0x0042c740,hard
0x0042c740,FUN_0042c740,real_logic,a2,int,Unknown_a1_0,DIRECT,CALL_PROPAGATED,0x0042cd18->0x0042c740,hard
0x0042cac8,FUN_0042cac8,real_logic,a1,int,Unknown_a1_0,DIRECT,CALL_PROPAGATED,0x0042cd18->0x0042cac8,hard
0x0042cac8,FUN_0042cac8,real_logic,a2,int,Unknown_a1_0,DIRECT,CALL_PROPAGATED,0x0042cd18->0x0042cac8,hard
0x0042cb00,FUN_0042cb00,real_logic,a2,int,Unknown_a1_0,DIRECT,CALL_PROPAGATED,0x0042cd18->0x0042cb00,hard
0x0042c660,FUN_0042c660,real_logic,a0,int,Unknown_a0_0_4,DIRECT,CALL_PROPAGATED,0x0042ce18->0x0042c660,hard
0x0042c708,0x0042c708,,a0,int,Unknown_a0_0_4,HEURISTIC,CALL_PROPAGATED,0x0042ce18->0x0042c708,hard
0x0042c708,0x0042c708,,a3,int,Unknown_a0_0_4,HEURISTIC,CALL_PROPAGATED,0x0042ce18->0x0042c708,hard
0x0042d770,FUN_0042d770,real_logic,a3,int,ptr,DIRECT,CALL_PROPAGATED,0x0042d770->0x0042d770,ptr_int
0x0042e1f0,0x0042e1f0,stub_code,a1,Unknown_a1_0,int,DIRECT,CALL_PROPAGATED,0x0042f100->0x0042e1f0,hard
0x0042c5c0,FUN_0042c5c0,real_logic,a0,int,Unknown_a0_4_8_c,DIRECT,CALL_PROPAGATED,0x00430000->0x0042c5c0,hard
0x003fb210,0x003fb210,stub_code,a1,int,ptr,DIRECT,RETURN_PROPAGATED,0x003fb150->0x003fb210,ptr_int
0x003fb150,0x003fb150,stub_code,a1,int,ptr,DIRECT,RETURN_PROPAGATED,0x003fb150->0x003fb150,ptr_int
0x004327a0,FUN_004327a0,real_c,a0,int,Unknown_a1_0,DIRECT,CALL_PROPAGATED,0x00432818->0x004327a0,hard
0x004327a0,FUN_004327a0,real_c,a3,Unknown_a3_0,int,DIRECT,CALL_PROPAGATED,0x00432818->0x004327a0,hard
0x00432eb8,0x00432eb8,stub_code,a0,int,Unknown_a0_e,DIRECT,CALL_PROPAGATED,0x00432e90->0x00432eb8,hard
0x00433090,FUN_00433090,real_logic,a0,int,ptr,DIRECT,CALL_PROPAGATED,0x00432fc0->0x00433090,ptr_int
0x00433090,FUN_00433090,real_logic,a1,int,ptr,DIRECT,CALL_PROPAGATED,0x00432fc0->0x00433090,ptr_int
0x00433090,FUN_00433090,real_logic,a2,int,ptr,DIRECT,CALL_PROPAGATED,0x00432fc0->0x00433090,ptr_int
0x00433ef0,FUN_00433ef0,real_logic,a0,int,ptr,DIRECT,CALL_PROPAGATED,0x00432fc0->0x00433ef0,ptr_int
0x00433ef0,FUN_00433ef0,real_logic,a1,int,ptr,DIRECT,CALL_PROPAGATED,0x00432fc0->0x00433ef0,ptr_int
0x00433ef0,FUN_00433ef0,real_logic,a2,int,ptr,DIRECT,CALL_PROPAGATED,0x00432fc0->0x00433ef0,ptr_int
0x003fb6f8,0x003fb6f8,stub_code,a1,int,ptr,DIRECT,RETURN_PROPAGATED,0x00432588->0x003fb6f8,ptr_int
0x003fb748,0x003fb748,stub_code,a1,int,ptr,DIRECT,RETURN_PROPAGATED,0x00432588->0x003fb748,ptr_int
0x004328b8,0x004328b8,stub_code,a1,int,ptr,DIRECT,RETURN_PROPAGATED,0x00432588->0x004328b8,ptr_int
0x004328b8,0x004328b8,stub_code,a3,int,ptr,DIRECT,RETURN_PROPAGATED,0x003fb6f8->0x004328b8,ptr_int
0x003f8eb8,0x003f8eb8,stub_code,a3,int,ptr,DIRECT,RETURN_PROPAGATED,0x003fb6f8->0x003f8eb8,ptr_int
0x003f8938,0x003f8938,,a3,int,ptr,CALL_PROPAGATED,RETURN_PROPAGATED,0x003fb6f8->0x003f8938,ptr_int
0x00432eb8,0x00432eb8,stub_code,a3,int,ptr,DIRECT,RETURN_PROPAGATED,0x003fb6f8->0x00432eb8,ptr_int
0x004287e0,0x004287e0,,a3,int,ptr,HEURISTIC,RETURN_PROPAGATED,0x003fb6f8->0x004287e0,ptr_int
0x00446508,0x00446508,stub_code,a0,int,Unknown_a0_0,DIRECT,CALL_PROPAGATED,0x00446c30->0x00446508,hard
0x00446578,0x00446578,stub_code,a0,int,Unknown_a0_10,DIRECT,CALL_PROPAGATED,0x00446c68->0x00446578,hard
0x00446578,0x00446578,stub_code,a1,int,Unknown_a0_10,DIRECT,CALL_PROPAGATED,0x00446c68->0x00446578,hard
0x00448a60,0x00448a60,stub_code,a0,Unknown_a0_4,int,DIRECT,CALL_PROPAGATED,0x00448d40->0x00448a60,hard
0x00448a60,0x00448a60,stub_code,a2,int,Unknown_a2_0,DIRECT,CALL_PROPAGATED,0x00448d40->0x00448a60,hard
0x00449110,0x00449110,stub_code,a0,int,Unknown_a0_1a0,DIRECT,CALL_PROPAGATED,0x004490b0->0x00449110,hard
0x004491c0,FUN_004491c0,pseudo_stub,a0,int,ptr,DIRECT,CALL_PROPAGATED,0x00449160->0x004491c0,ptr_int
0x0047c068,FUN_0047c068,pseudo_stub,a3,ptr,int,CALL_PROPAGATED,CALL_PROPAGATED,0x0047c738->0x0047c068,ptr_int
0x0047d8c8,FUN_0047d8c8,pseudo_stub,a3,ptr,int,CALL_PROPAGATED,CALL_PROPAGATED,0x0047e1d8->0x0047d8c8,ptr_int
0x00511940,0x00511940,stub_code,a0,Unknown_a0_0_4c,int,DIRECT,CALL_PROPAGATED,0x00508ec0->0x00511940,hard
0x00511940,0x00511940,stub_code,a1,int,Unknown_a1_4,DIRECT,CALL_PROPAGATED,0x00508ec0->0x00511940,hard
0x00512840,0x00512840,stub_code,a0,Unknown_a0_0_4c,int,DIRECT,CALL_PROPAGATED,0x00512da0->0x00512840,hard
0x00512910,0x00512910,stub_code,a0,Unknown_a0_0_4c,int,DIRECT,CALL_PROPAGATED,0x00512da0->0x00512910,hard
0x005127a0,0x005127a0,stub_code,a0,Unknown_a0_0_4c,int,DIRECT,CALL_PROPAGATED,0x00512da0->0x005127a0,hard
0x004f25a0,0x004f25a0,stub_code,a0,Unknown_a0_8,Unknown_a0_0_8_c_10,DIRECT,CALL_PROPAGATED,0x00513f30->0x004f25a0,hard
0x004f25a0,0x004f25a0,stub_code,a1,int,Unknown_a1_4,DIRECT,CALL_PROPAGATED,0x00513f30->0x004f25a0,hard
0x004f25a0,0x004f25a0,stub_code,a2,int,Unknown_a0_0_8_c_10,DIRECT,CALL_PROPAGATED,0x00513f30->0x004f25a0,hard
0x00530080,FUN_00530080,real_c,a0,ptr,int,STRUCT_FIELD,CALL_PROPAGATED,0x00530140->0x00530080,ptr_int
0x00530050,FUN_00530050,real_c,a0,Unknown_a0_0_1,int,DIRECT,CALL_PROPAGATED,0x005301c0->0x00530050,hard
0x00447a68,0x00447a68,stub_code,a0,int,ptr,DIRECT,CALL_PROPAGATED,0x00540850->0x00447a68,ptr_int
0x00447a68,0x00447a68,stub_code,a1,int,ptr,DIRECT,CALL_PROPAGATED,0x00540850->0x00447a68,ptr_int
0x00447a68,0x00447a68,stub_code,a3,int,ptr,DIRECT,CALL_PROPAGATED,0x00540850->0x00447a68,ptr_int
0x0053fd80,FUN_0053fd80,real_logic,a0,Unknown_a0_8,Unknown_a0_c,DIRECT,CALL_PROPAGATED,0x005408e0->0x0053fd80,hard
0x001071e0,FUN_001071e0,real_c,a1,Unknown_a1_0_4_8_c_10_14_18_1c_20_24_28_2c_30_34_38_3c,int,DIRECT,CALL_PROPAGATED,0x0056dd40->0x001071e0,hard
0x004083e0,0x004083e0,stub_code,a1,int,ptr,DIRECT,CALL_PROPAGATED,0x00575ad0->0x004083e0,ptr_int
0x00408430,0x00408430,stub_code,a1,int,ptr,DIRECT,CALL_PROPAGATED,0x00575ad0->0x00408430,ptr_int
0x004cb980,0x004cb980,stub_code,a0,int,Unknown_a0_18,DIRECT,CALL_PROPAGATED,0x00100070->0x004cb980,hard
0x00100140,0x00100140,stub_code,a3,int,ptr,DIRECT,RETURN_PROPAGATED,0x004cb980->0x00100140,ptr_int
0x00100260,0x00100260,stub_code,a3,int,ptr,DIRECT,CALL_PROPAGATED,0x00100140->0x00100260,ptr_int
0x001006f0,0x001006f0,stub_code,a3,int,ptr,DIRECT,CALL_PROPAGATED,0x00100140->0x001006f0,ptr_int
0x00100250,0x00100250,,a3,ptr,int,CALL_PROPAGATED,CALL_PROPAGATED,0x00100260->0x00100250,ptr_int
0x00100690,0x00100690,,a3,ptr,int,CALL_PROPAGATED,CALL_PROPAGATED,0x00100260->0x00100690,ptr_int
0x00100bc0,0x00100bc0,stub_code,a2,int,ptr,DIRECT,CALL_PROPAGATED,0x001006f0->0x00100bc0,ptr_int
0x00100bc0,0x00100bc0,stub_code,a3,int,ptr,DIRECT,CALL_PROPAGATED,0x001006f0->0x00100bc0,ptr_int
0x00101f40,0x00101f40,stub_code,a2,int,ptr,DIRECT,CALL_PROPAGATED,0x001006f0->0x00101f40,ptr_int
0x00101f40,0x00101f40,stub_code,a3,int,ptr,DIRECT,CALL_PROPAGATED,0x001006f0->0x00101f40,ptr_int
0x0040e180,0x0040e180,stub_code,a0,int,ptr,DIRECT,RETURN_PROPAGATED,0x0040e2c0->0x0040e180,ptr_int
0x00101840,0x00101840,stub_code,a0,int,ptr,DIRECT,RETURN_PROPAGATED,0x0040e2c0->0x00101840,ptr_int
0x0040bcb0,0x0040bcb0,stub_code,a0,Unknown_a0_0,int,DIRECT,CALL_PROPAGATED,0x00101840->0x0040bcb0,hard
0x00421590,0x00421590,stub_code,a2,ptr,int,STRUCT_FIELD,CALL_PROPAGATED,0x00101840->0x00421590,ptr_int
0x00445768,0x00445768,,a1,int,ptr,HEURISTIC,RETURN_PROPAGATED,0x00421590->0x00445768,ptr_int
0x0043cb20,0x0043cb20,,a1,int,ptr,CALL_PROPAGATED,RETURN_PROPAGATED,0x00421590->0x0043cb20,ptr_int
0x0040b360,0x0040b360,,a2,ptr,int,HEURISTIC,CALL_PROPAGATED,0x00102540->0x0040b360,ptr_int
0x0040b360,0x0040b360,,a3,ptr,int,HEURISTIC,CALL_PROPAGATED,0x00102540->0x0040b360,ptr_int
0x00103170,0x00103170,stub_code,a0,int,Unknown_a0_0_c_54,DIRECT,CALL_PROPAGATED,0x001030f0->0x00103170,hard
0x00574970,0x00574970,stub_code,a1,Unknown_a1_0,int,DIRECT,CALL_PROPAGATED,0x00103170->0x00574970,hard
0x00103380,0x00103380,stub_code,a3,ptr,int,STRUCT_FIELD,CALL_PROPAGATED,0x00103170->0x00103380,ptr_int
0x0040b000,0x0040b000,,a1,ptr,int,HEURISTIC,CALL_PROPAGATED,0x00103570->0x0040b000,ptr_int
0x0040b000,0x0040b000,,a2,ptr,int,HEURISTIC,CALL_PROPAGATED,0x00103570->0x0040b000,ptr_int
0x0040b000,0x0040b000,,a3,ptr,int,HEURISTIC,CALL_PROPAGATED,0x00103570->0x0040b000,ptr_int
0x0040f130,0x0040f130,stub_code,a0,int,ptr,DIRECT,CALL_PROPAGATED,0x00103570->0x0040f130,ptr_int
0x0040b010,0x0040b010,stub_code,a1,int,ptr,DIRECT,CALL_PROPAGATED,0x00103570->0x0040b010,ptr_int
0x0040b010,0x0040b010,stub_code,a3,int,ptr,DIRECT,CALL_PROPAGATED,0x00103570->0x0040b010,ptr_int
0x001036b0,0x001036b0,stub_code,a1,int,ptr,DIRECT,CALL_PROPAGATED,0x00103570->0x001036b0,ptr_int
0x001036b0,0x001036b0,stub_code,a3,int,ptr,DIRECT,CALL_PROPAGATED,0x00103570->0x001036b0,ptr_int
0x00445720,0x00445720,,a0,ptr,int,HEURISTIC,CALL_PROPAGATED,0x00103da0->0x00445720,ptr_int
0x00445720,0x00445720,,a1,ptr,int,HEURISTIC,CALL_PROPAGATED,0x00103da0->0x00445720,ptr_int
0x00445768,0x00445768,,a0,ptr,int,HEURISTIC,CALL_PROPAGATED,0x00104270->0x00445768,ptr_int
0x00104570,0x00104570,stub_code,a0,int,ptr,DIRECT,RETURN_PROPAGATED,0x001049f0->0x00104570,ptr_int
0x00104940,0x00104940,stub_code,a1,int,ptr,DIRECT,CALL_PROPAGATED,0x00104570->0x00104940,ptr_int
0x00104270,0x00104270,stub_code,a0,int,ptr,DIRECT,CALL_PROPAGATED,0x00104b90->0x00104270,ptr_int
0x00104270,0x00104270,stub_code,a3,int,ptr,DIRECT,CALL_PROPAGATED,0x00104b90->0x00104270,ptr_int
0x00445768,0x00445768,,a3,int,ptr,CALL_PROPAGATED,CALL_PROPAGATED,0x00104b90->0x00445768,ptr_int
0x005679e0,0x005679e0,stub_code,a0,Unknown_a0_3a4,int,DIRECT,CALL_PROPAGATED,0x001053d0->0x005679e0,hard
0x00567b40,0x00567b40,stub_code,a0,Unknown_a0_3a8,int,DIRECT,CALL_PROPAGATED,0x001053d0->0x00567b40,hard
0x00567bf0,0x00567bf0,stub_code,a0,Unknown_a0_3a4,int,DIRECT,CALL_PROPAGATED,0x001053d0->0x00567bf0,hard
0x00567aa0,0x00567aa0,stub_code,a0,ptr,int,STRUCT_FIELD,CALL_PROPAGATED,0x001053d0->0x00567aa0,ptr_int
0x00105530,0x00105530,stub_code,a0,Unknown_a0_3a4,int,DIRECT,CALL_PROPAGATED,0x001053d0->0x00105530,hard
0x00100260,0x00100260,stub_code,a0,Unknown_a0_3f4,Unknown_a0_3a4,DIRECT,CALL_PROPAGATED,0x00105530->0x00100260,hard
0x00567580,0x00567580,stub_code,a1,int,ptr,DIRECT,RETURN_PROPAGATED,0x0040f830->0x00567580,ptr_int
0x00577d00,0x00577d00,stub_code,a1,int,ptr,DIRECT,RETURN_PROPAGATED,0x0040f830->0x00577d00,ptr_int
0x00106f90,0x00106f90,stub_code,a0,Unknown_a0_5a4,Unknown_a0_3a8,DIRECT,CALL_PROPAGATED,0x001057e0->0x00106f90,hard
0x0040f830,0x0040f830,,a2,ptr,int,HEURISTIC,CALL_PROPAGATED,0x001057e0->0x0040f830,ptr_int
0x0040f830,0x0040f830,,a3,ptr,int,HEURISTIC,CALL_PROPAGATED,0x001057e0->0x0040f830,ptr_int
0x00513160,0x00513160,stub_code,a1,int,ptr,DIRECT,CALL_PROPAGATED,0x00107050->0x00513160,ptr_int
0x00512fc0,0x00512fc0,stub_code,a1,int,ptr,DIRECT,CALL_PROPAGATED,0x00107050->0x00512fc0,ptr_int
0x001071e0,FUN_001071e0,real_c,a2,int,ptr,DIRECT,CALL_PROPAGATED,0x00107050->0x001071e0,ptr_int
0x001072a0,0x001072a0,stub_code,a2,int,ptr,DIRECT,CALL_PROPAGATED,0x00107050->0x001072a0,ptr_int
0x005b6e20,0x005b6e20,stub_code,a2,int,ptr,DIRECT,CALL_PROPAGATED,0x00107050->0x005b6e20,ptr_int
0x00107470,0x00107470,stub_code,a2,int,ptr,DIRECT,CALL_PROPAGATED,0x00107050->0x00107470,ptr_int
0x004f2210,0x004f2210,stub_code,a0,Unknown_a0_c,Unknown_a1_8_a,DIRECT,CALL_PROPAGATED,0x001072a0->0x004f2210,hard
0x004f2210,0x004f2210,stub_code,a1,int,ptr,DIRECT,CALL_PROPAGATED,0x001072a0->0x004f2210,ptr_int
0x004f2210,0x004f2210,stub_code,a2,int,ptr,DIRECT,CALL_PROPAGATED,0x001072a0->0x004f2210,ptr_int
0x00107370,0x00107370,stub_code,a0,int,Unknown_a1_8_a,DIRECT,CALL_PROPAGATED,0x001072a0->0x00107370,hard
0x00107370,0x00107370,stub_code,a2,int,ptr,DIRECT,CALL_PROPAGATED,0x001072a0->0x00107370,ptr_int
0x004f2210,0x004f2210,stub_code,a0,Unknown_a0_c,int,DIRECT,CALL_PROPAGATED,0x00107370->0x004f2210,hard
0x00107370,0x00107370,stub_code,a0,int,Unknown_a0_0_8_10_1c_44,DIRECT,CALL_PROPAGATED,0x00107470->0x00107370,hard
0x00107370,0x00107370,stub_code,a2,int,Unknown_a0_0_8_10_1c_44,DIRECT,CALL_PROPAGATED,0x00107470->0x00107370,hard
0x00107570,0x00107570,stub_code,a1,Unknown_a1_0_5c,int,DIRECT,CALL_PROPAGATED,0x00107520->0x00107570,hard
0x005b60c0,0x005b60c0,stub_code,a1,Unknown_a1_60,int,DIRECT,CALL_PROPAGATED,0x00107520->0x005b60c0,hard
0x005b60c0,0x005b60c0,stub_code,a2,ptr,int,STRUCT_FIELD,CALL_PROPAGATED,0x00107520->0x005b60c0,ptr_int
0x0058b760,0x0058b760,stub_code,a0,int,ptr,DIRECT,RETURN_PROPAGATED,0x0058d220->0x0058b760,ptr_int
0x0058d7c0,FUN_0058d7c0,real_c,a3,ptr,int,CALL_PROPAGATED,CALL_PROPAGATED,0x001081f0->0x0058d7c0,ptr_int
0x0051e5a0,0x0051e5a0,stub_code,a0,Unknown_a0_0,int,DIRECT,CALL_PROPAGATED,0x001092b0->0x0051e5a0,hard
0x0010d0c0,0x0010d0c0,stub_code,a0,ptr,int,STRUCT_FIELD,CALL_PROPAGATED,0x00109800->0x0010d0c0,ptr_int
0x0012d8d0,0x0012d8d0,stub_code,a0,ptr,int,STRUCT_FIELD,CALL_PROPAGATED,0x00109f80->0x0012d8d0,ptr_int
0x001197b0,0x001197b0,stub_code,a0,int,Unknown_a0_7c,DIRECT,CALL_PROPAGATED,0x0010a110->0x001197b0,hard
0x00116060,0x00116060,stub_code,a0,Unknown_a0_0_4_1c,Unknown_a0_0,DIRECT,CALL_PROPAGATED,0x0010a150->0x00116060,hard
0x0023c590,0x0023c590,stub_code,a1,int,ptr,DIRECT,RETURN_PROPAGATED,0x0010c610->0x0023c590,ptr_int
0x00344e20,0x00344e20,stub_code,a1,int,ptr,DIRECT,RETURN_PROPAGATED,0x0010c610->0x00344e20,ptr_int
0x0010d730,0x0010d730,stub_code,a1,int,ptr,DIRECT,RETURN_PROPAGATED,0x0010c610->0x0010d730,ptr_int
0x001525b0,0x001525b0,stub_code,a1,int,ptr,DIRECT,RETURN_PROPAGATED,0x0010c610->0x001525b0,ptr_int
0x0010bb50,0x0010bb50,stub_code,a1,int,ptr,DIRECT,RETURN_PROPAGATED,0x0010c610->0x0010bb50,ptr_int
0x0010b720,0x0010b720,stub_code,a1,int,ptr,DIRECT,RETURN_PROPAGATED,0x001b0840->0x0010b720,ptr_int
0x0019a8e0,0x0019a8e0,stub_code,a1,int,ptr,DIRECT,RETURN_PROPAGATED,0x00238120->0x0019a8e0,ptr_int
0x00148680,0x00148680,stub_code,a1,int,ptr,DIRECT,RETURN_PROPAGATED,0x00238120->0x00148680,ptr_int
0x0010f820,0x0010f820,stub_code,a1,int,ptr,DIRECT,RETURN_PROPAGATED,0x00238120->0x0010f820,ptr_int
0x00128210,0x00128210,,a0,ptr,int,HEURISTIC,CALL_PROPAGATED,0x0010b5f0->0x00128210,ptr_int
0x00206b90,0x00206b90,stub_code,a1,ptr,int,STRUCT_FIELD,CALL_PROPAGATED,0x0010b720->0x00206b90,ptr_int
0x001410e0,0x001410e0,stub_code,a1,int,ptr,DIRECT,RETURN_PROPAGATED,0x00238120->0x001410e0,ptr_int
0x0010f630,0x0010f630,stub_code,a1,int,ptr,DIRECT,RETURN_PROPAGATED,0x00238120->0x0010f630,ptr_int
0x001b0de0,0x001b0de0,,a1,int,ptr,HEURISTIC,RETURN_PROPAGATED,0x001b0de0->0x001b0de0,ptr_int
0x0010f510,0x0010f510,stub_code,a0,Unknown_a0_5dcc,int,DIRECT,CALL_PROPAGATED,0x0010c470->0x0010f510,hard
0x0010f510,0x0010f510,stub_code,a1,int,ptr,DIRECT,RETURN_PROPAGATED,0x00128030->0x0010f510,ptr_int
0x00200290,0x00200290,stub_code,a1,int,ptr,DIRECT,RETURN_PROPAGATED,0x00128030->0x00200290,ptr_int
0x00118e80,0x00118e80,stub_code,a1,int,ptr,DIRECT,RETURN_PROPAGATED,0x00128030->0x00118e80,ptr_int
0x00247c80,0x00247c80,,a1,int,ptr,CALL_PROPAGATED,RETURN_PROPAGATED,0x00128030->0x00247c80,ptr_int
0x00238120,0x00238120,,a1,int,ptr,CALL_PROPAGATED,RETURN_PROPAGATED,0x00238120->0x00238120,ptr_int
0x0010d730,0x0010d730,stub_code,a0,Unknown_a0_54,int,DIRECT,CALL_PROPAGATED,0x0010d210->0x0010d730,hard
0x0023ec00,0x0023ec00,stub_code,a1,int,ptr,DIRECT,RETURN_PROPAGATED,0x0023dd10->0x0023ec00,ptr_int
0x0010d690,0x0010d690,stub_code,a1,int,ptr,DIRECT,RETURN_PROPAGATED,0x00238120->0x0010d690,ptr_int
0x0010dd20,0x0010dd20,stub_code,a1,int,ptr,DIRECT,RETURN_PROPAGATED,0x00238120->0x0010dd20,ptr_int
0x0010dc40,0x0010dc40,stub_code,a1,int,ptr,DIRECT,RETURN_PROPAGATED,0x00238120->0x0010dc40,ptr_int
0x0010dad0,0x0010dad0,stub_code,a1,int,ptr,DIRECT,RETURN_PROPAGATED,0x00238120->0x0010dad0,ptr_int
0x0010dad0,0x0010dad0,stub_code,a3,ptr,int,STRUCT_FIELD,CALL_PROPAGATED,0x0010d730->0x0010dad0,ptr_int
0x0042aa40,0x0042aa40,stub_code,a3,int,ptr,DIRECT,CALL_PROPAGATED,0x0010dad0->0x0042aa40,ptr_int
0x003418b0,0x003418b0,stub_code,a3,int,ptr,DIRECT,CALL_PROPAGATED,0x0010dad0->0x003418b0,ptr_int
0x0010dd90,0x0010dd90,stub_code,a0,ptr,int,HEURISTIC,CALL_PROPAGATED,0x0010dd20->0x0010dd90,ptr_int
0x0010dd90,0x0010dd90,stub_code,a1,ptr,int,RETURN_PROPAGATED,CALL_PROPAGATED,0x0010dd20->0x0010dd90,ptr_int
0x0010e200,0x0010e200,stub_code,a0,Unknown_a0_4,int,DIRECT,CALL_PROPAGATED,0x0010df80->0x0010e200,hard
0x002613a0,0x002613a0,stub_code,a0,Unknown_a0_0_4_2c,Unknown_a0_4,DIRECT,CALL_PROPAGATED,0x0010e200->0x002613a0,hard
0x002614a0,0x002614a0,stub_code,a0,int,Unknown_a0_4,DIRECT,CALL_PROPAGATED,0x0010f030->0x002614a0,hard
0x0023d5b0,0x0023d5b0,stub_code,a0,Unknown_a0_0_1c,Unknown_a0_0,DIRECT,CALL_PROPAGATED,0x0010f1b0->0x0023d5b0,hard
0x0023def0,0x0023def0,,a1,int,Unknown_a0_0,CALL_PROPAGATED,CALL_PROPAGATED,0x0010f1b0->0x0023def0,hard
0x0023aa10,0x0023aa10,stub_code,a1,int,ptr,DIRECT,RETURN_PROPAGATED,0x0023d7b0->0x0023aa10,ptr_int
0x00110e80,0x00110e80,stub_code,a0,int,ptr,DIRECT,RETURN_PROPAGATED,0x0023eef0->0x00110e80,ptr_int
0x00110e80,0x00110e80,stub_code,a1,int,ptr,DIRECT,RETURN_PROPAGATED,0x0023eef0->0x00110e80,ptr_int
0x0010fa10,0x0010fa10,stub_code,a0,Unknown_a0_5dcc,int,DIRECT,CALL_PROPAGATED,0x0010f480->0x0010fa10,hard
0x0023af50,0x0023af50,stub_code,a1,ptr,int,RETURN_PROPAGATED,CALL_PROPAGATED,0x0010f560->0x0023af50,ptr_int
0x0023d670,0x0023d670,stub_code,a0,int,ptr,DIRECT,CALL_PROPAGATED,0x0010f560->0x0023d670,ptr_int
0x00110c80,0x00110c80,stub_code,a0,int,Unknown_a0_50,DIRECT,CALL_PROPAGATED,0x0010f630->0x00110c80,hard
0x0023c590,0x0023c590,stub_code,a0,int,Unknown_a0_50,DIRECT,CALL_PROPAGATED,0x0010f630->0x0023c590,hard
0x0010fa60,0x0010fa60,stub_code,a0,int,ptr,DIRECT,CALL_PROPAGATED,0x0010f760->0x0010fa60,ptr_int
0x0023aae0,0x0023aae0,stub_code,a2,int,ptr,DIRECT,CALL_PROPAGATED,0x0010f820->0x0023aae0,ptr_int
0x0023ae70,0x0023ae70,stub_code,a0,Unknown_a0_9,Unknown_a0_5dcc,DIRECT,CALL_PROPAGATED,0x0010fa10->0x0023ae70,hard
0x00428df8,0x00428df8,,a1,Unknown_a1_0,int,CALL_PROPAGATED,CALL_PROPAGATED,0x0010fa60->0x00428df8,hard
0x00110100,0x00110100,stub_code,a0,int,ptr,DIRECT,CALL_PROPAGATED,0x0010fce0->0x00110100,ptr_int
0x00110100,0x00110100,stub_code,a2,int,ptr,DIRECT,CALL_PROPAGATED,0x0010fce0->0x00110100,ptr_int
0x0020ada0,0x0020ada0,stub_code,a2,int,ptr,DIRECT,CALL_PROPAGATED,0x0010fce0->0x0020ada0,ptr_int
0x00110da0,0x00110da0,stub_code,a2,int,ptr,DIRECT,CALL_PROPAGATED,0x0010fce0->0x00110da0,ptr_int
0x0051b550,0x0051b550,stub_code,a1,int,ptr,DIRECT,CALL_PROPAGATED,0x00110100->0x0051b550,ptr_int
0x00511940,0x00511940,stub_code,a1,int,ptr,DIRECT,CALL_PROPAGATED,0x00110100->0x00511940,ptr_int
0x0023dd10,0x0023dd10,stub_code,a0,int,Unknown_a0_4,DIRECT,CALL_PROPAGATED,0x00110260->0x0023dd10,hard
0x0023dd10,0x0023dd10,stub_code,a1,int,Unknown_a1_5c,DIRECT,CALL_PROPAGATED,0x00110260->0x0023dd10,hard
0x0023ec00,0x0023ec00,stub_code,a2,int,ptr,DIRECT,RETURN_PROPAGATED,0x0023dd10->0x0023ec00,ptr_int
0x0033e2a0,0x0033e2a0,stub_code,a1,int,Unknown_a1_0_50,DIRECT,CALL_PROPAGATED,0x00110340->0x0033e2a0,hard
0x0033e2a0,0x0033e2a0,stub_code,a2,int,Unknown_a1_0_50,DIRECT,CALL_PROPAGATED,0x00110340->0x0033e2a0,hard
0x0033c1b0,0x0033c1b0,stub_code,a0,int,Unknown_a1_0_50,DIRECT,CALL_PROPAGATED,0x00110340->0x0033c1b0,hard
0x0033c1b0,0x0033c1b0,stub_code,a1,int,Unknown_a1_0_50,DIRECT,CALL_PROPAGATED,0x00110340->0x0033c1b0,hard
0x0033c1b0,0x0033c1b0,stub_code,a2,int,Unknown_a1_0_50,DIRECT,CALL_PROPAGATED,0x00110340->0x0033c1b0,hard
0x0033c1b0,0x0033c1b0,stub_code,a0,int,ptr,DIRECT,RETURN_PROPAGATED,0x0033c1b0->0x0033c1b0,ptr_int
0x00359950,0x00359950,stub_code,a0,int,ptr,DIRECT,RETURN_PROPAGATED,0x0033c1b0->0x00359950,ptr_int
0x00359950,0x00359950,stub_code,a1,int,ptr,DIRECT,RETURN_PROPAGATED,0x0033c1b0->0x00359950,ptr_int
0x00359950,0x00359950,stub_code,a2,int,Unknown_a1_0_50,DIRECT,CALL_PROPAGATED,0x00110340->0x00359950,hard
0x0033ee30,0x0033ee30,stub_code,a0,int,ptr,DIRECT,RETURN_PROPAGATED,0x0033c1b0->0x0033ee30,ptr_int
0x0033ee30,0x0033ee30,stub_code,a1,int,ptr,DIRECT,RETURN_PROPAGATED,0x0033c1b0->0x0033ee30,ptr_int
0x0033cad0,0x0033cad0,stub_code,a1,int,ptr,DIRECT,RETURN_PROPAGATED,0x0033c1b0->0x0033cad0,ptr_int
0x0033c3b0,0x0033c3b0,stub_code,a2,ptr,int,CALL_PROPAGATED,CALL_PROPAGATED,0x00110460->0x0033c3b0,ptr_int
0x00238120,0x00238120,,a1,int,Unknown_a1_5c,CALL_PROPAGATED,CALL_PROPAGATED,0x001104d0->0x00238120,hard
0x00238120,0x00238120,,a2,int,ptr,CALL_PROPAGATED,RETURN_PROPAGATED,0x0023dd10->0x00238120,ptr_int
0x0026c1a0,0x0026c1a0,,a2,int,ptr,HEURISTIC,RETURN_PROPAGATED,0x0023dd10->0x0026c1a0,ptr_int
0x0026cd30,0x0026cd30,,a1,int,ptr,HEURISTIC,RETURN_PROPAGATED,0x0026c1a0->0x0026cd30,ptr_int
0x0026cd30,0x0026cd30,,a2,int,ptr,HEURISTIC,RETURN_PROPAGATED,0x0023dd10->0x0026cd30,ptr_int
0x0026c210,0x0026c210,stub_code,a1,int,ptr,DIRECT,RETURN_PROPAGATED,0x0026c1a0->0x0026c210,ptr_int
0x0026c210,0x0026c210,stub_code,a2,int,ptr,DIRECT,RETURN_PROPAGATED,0x0023dd10->0x0026c210,ptr_int
0x0026c1c0,0x0026c1c0,stub_code,a1,int,ptr,DIRECT,RETURN_PROPAGATED,0x0026c1a0->0x0026c1c0,ptr_int
0x0026c1c0,0x0026c1c0,stub_code,a2,int,ptr,DIRECT,RETURN_PROPAGATED,0x0023dd10->0x0026c1c0,ptr_int
0x0026d190,0x0026d190,,a2,int,ptr,HEURISTIC,RETURN_PROPAGATED,0x0023dd10->0x0026d190,ptr_int
0x0026d2b0,0x0026d2b0,,a2,int,ptr,HEURISTIC,RETURN_PROPAGATED,0x0023dd10->0x0026d2b0,ptr_int
0x0026cd50,0x0026cd50,stub_code,a2,int,ptr,DIRECT,RETURN_PROPAGATED,0x0023dd10->0x0026cd50,ptr_int
0x0026d230,0x0026d230,stub_code,a2,int,ptr,DIRECT,RETURN_PROPAGATED,0x0023dd10->0x0026d230,ptr_int
0x0023ec00,0x0023ec00,stub_code,a1,int,Unknown_a1_5c,DIRECT,CALL_PROPAGATED,0x00110780->0x0023ec00,hard
0x0026d1a0,0x0026d1a0,stub_code,a2,int,ptr,DIRECT,RETURN_PROPAGATED,0x0023dd10->0x0026d1a0,ptr_int
0x002b4550,0x002b4550,stub_code,a1,int,Unknown_a1_5c,DIRECT,CALL_PROPAGATED,0x001109d0->0x002b4550,hard
0x002b4550,0x002b4550,stub_code,a2,int,ptr,DIRECT,RETURN_PROPAGATED,0x0023dd10->0x002b4550,ptr_int
0x0042f5b8,0x0042f5b8,,a0,ptr,int,HEURISTIC,CALL_PROPAGATED,0x00110c80->0x0042f5b8,ptr_int
0x001afba0,0x001afba0,stub_code,a2,ptr,int,STRUCT_FIELD,CALL_PROPAGATED,0x00110e80->0x001afba0,ptr_int
0x00238120,0x00238120,,a0,Unknown_a0_54,int,CALL_PROPAGATED,CALL_PROPAGATED,0x00111180->0x00238120,hard
0x00428df8,0x00428df8,,a0,Unknown_a1_0,int,CALL_PROPAGATED,CALL_PROPAGATED,0x00111260->0x00428df8,hard
0x00429068,0x00429068,,a0,ptr,int,HEURISTIC,CALL_PROPAGATED,0x00111600->0x00429068,ptr_int
0x00429068,0x00429068,,a1,Unknown_a1_0,int,CALL_PROPAGATED,CALL_PROPAGATED,0x00111600->0x00429068,hard
0x0023a400,0x0023a400,stub_code,a0,Unknown_a0_0_1c,int,DIRECT,CALL_PROPAGATED,0x00111ad0->0x0023a400,hard
0x00111ab0,0x00111ab0,,a1,ptr,int,HEURISTIC,CALL_PROPAGATED,0x00112050->0x00111ab0,ptr_int
0x00111ab0,0x00111ab0,,a2,ptr,int,HEURISTIC,CALL_PROPAGATED,0x00112050->0x00111ab0,ptr_int
0x00132f60,0x00132f60,,a1,ptr,int,HEURISTIC,CALL_PROPAGATED,0x001121d0->0x00132f60,ptr_int
0x00112d60,0x00112d60,stub_code,a0,int,Unknown_a0_14,DIRECT,CALL_PROPAGATED,0x00112240->0x00112d60,hard
0x00112460,0x00112460,,a0,int,Unknown_a0_14,CALL_PROPAGATED,CALL_PROPAGATED,0x00112240->0x00112460,hard
0x0010e780,FUN_0010e780,real_c,a0,Unknown_a0_0_4_8_10,Unknown_a0_4,DIRECT,CALL_PROPAGATED,0x00112f40->0x0010e780,hard
0x0010e780,FUN_0010e780,real_c,a1,int,Unknown_a0_4,DIRECT,CALL_PROPAGATED,0x00112f40->0x0010e780,hard
0x0010e780,FUN_0010e780,real_c,a2,Unknown_a2_c,int,DIRECT,CALL_PROPAGATED,0x00112f40->0x0010e780,hard
0x00111ab0,0x00111ab0,,a1,int,Unknown_a1_0_4_c_10,CALL_PROPAGATED,CALL_PROPAGATED,0x00113770->0x00111ab0,hard
0x00111ab0,0x00111ab0,,a3,int,Unknown_a1_0_4_c_10,CALL_PROPAGATED,CALL_PROPAGATED,0x00113770->0x00111ab0,hard
0x0010ee50,FUN_0010ee50,real_c,a0,Unknown_a0_0_4_c_10,Unknown_a0_4,DIRECT,CALL_PROPAGATED,0x001137f0->0x0010ee50,hard
0x0010ee50,FUN_0010ee50,real_c,a1,Unknown_a1_c,int,DIRECT,CALL_PROPAGATED,0x001137f0->0x0010ee50,hard
0x0011b0e0,0x0011b0e0,stub_code,a1,int,ptr,DIRECT,RETURN_PROPAGATED,0x0012d940->0x0011b0e0,ptr_int
0x0011ad50,0x0011ad50,stub_code,a1,int,ptr,DIRECT,RETURN_PROPAGATED,0x0012d940->0x0011ad50,ptr_int
0x002005b0,0x002005b0,stub_code,a1,int,ptr,DIRECT,RETURN_PROPAGATED,0x0012d940->0x002005b0,ptr_int
0x00141ec0,0x00141ec0,stub_code,a1,int,ptr,DIRECT,RETURN_PROPAGATED,0x0012d940->0x00141ec0,ptr_int
0x00117090,0x00117090,,a1,int,ptr,CALL_PROPAGATED,RETURN_PROPAGATED,0x0012d940->0x00117090,ptr_int
0x0011add0,0x0011add0,stub_code,a1,int,ptr,DIRECT,RETURN_PROPAGATED,0x0012d940->0x0011add0,ptr_int
0x001e1a70,0x001e1a70,stub_code,a1,int,ptr,DIRECT,RETURN_PROPAGATED,0x0012d940->0x001e1a70,ptr_int
0x00200410,0x00200410,stub_code,a1,int,ptr,DIRECT,RETURN_PROPAGATED,0x0012d940->0x00200410,ptr_int
0x001ff490,0x001ff490,stub_code,a1,int,ptr,DIRECT,RETURN_PROPAGATED,0x0012d940->0x001ff490,ptr_int
0x002004b0,0x002004b0,stub_code,a1,int,ptr,DIRECT,RETURN_PROPAGATED,0x0012d940->0x002004b0,ptr_int
0x0012d930,0x0012d930,,a1,int,ptr,CALL_PROPAGATED,RETURN_PROPAGATED,0x0012d940->0x0012d930,ptr_int
0x0012db60,0x0012db60,,a1,int,ptr,CALL_PROPAGATED,RETURN_PROPAGATED,0x0012d940->0x0012db60,ptr_int
0x0012d940,0x0012d940,,a1,int,ptr,CALL_PROPAGATED,RETURN_PROPAGATED,0x0012d930->0x0012d940,ptr_int
0x0012e1a0,0x0012e1a0,stub_code,a1,int,ptr,DIRECT,RETURN_PROPAGATED,0x0012d930->0x0012e1a0,ptr_int
0x00141f20,0x00141f20,stub_code,a1,int,ptr,DIRECT,RETURN_PROPAGATED,0x0012d940->0x00141f20,ptr_int
0x00111ab0,0x00111ab0,,a1,Unknown_a1_0_4_c_10,Unknown_a1_c_10,CALL_PROPAGATED,CALL_PROPAGATED,0x00113b80->0x00111ab0,hard
0x0010ed00,0x0010ed00,,a3,ptr,int,HEURISTIC,CALL_PROPAGATED,0x00113b80->0x0010ed00,ptr_int
0x00114ba0,0x00114ba0,stub_code,a1,int,ptr,DIRECT,RETURN_PROPAGATED,0x001158a0->0x00114ba0,ptr_int
0x00115dc0,0x00115dc0,stub_code,a0,Unknown_a0_8,Unknown_a0_18,DIRECT,CALL_PROPAGATED,0x00114760->0x00115dc0,hard
0x001148e0,0x001148e0,stub_code,a0,Unknown_a0_20,int,DIRECT,CALL_PROPAGATED,0x001148b0->0x001148e0,hard
0x00115920,0x00115920,stub_code,a0,Unknown_a0_10,int,DIRECT,CALL_PROPAGATED,0x001148b0->0x00115920,hard
0x00114ba0,0x00114ba0,stub_code,a0,Unknown_a0_8,Unknown_a0_20,DIRECT,CALL_PROPAGATED,0x001148e0->0x00114ba0,hard
0x001149d0,0x001149d0,stub_code,a1,int,ptr,DIRECT,CALL_PROPAGATED,0x00114950->0x001149d0,ptr_int
0x001149d0,0x001149d0,stub_code,a2,int,ptr,DIRECT,CALL_PROPAGATED,0x00114950->0x001149d0,ptr_int
0x001149d0,0x001149d0,stub_code,a3,int,ptr,DIRECT,CALL_PROPAGATED,0x00114950->0x001149d0,ptr_int
0x00115890,0x00115890,,a2,int,ptr,CALL_PROPAGATED,CALL_PROPAGATED,0x00114950->0x00115890,ptr_int
0x00115890,0x00115890,,a3,int,ptr,CALL_PROPAGATED,CALL_PROPAGATED,0x00114950->0x00115890,ptr_int
0x001b0de0,0x001b0de0,,a3,ptr,int,HEURISTIC,CALL_PROPAGATED,0x001149d0->0x001b0de0,ptr_int
0x00185120,0x00185120,stub_code,a1,int,ptr,DIRECT,RETURN_PROPAGATED,0x001b0de0->0x00185120,ptr_int
0x00115c50,0x00115c50,stub_code,a0,Unknown_a0_4,Unknown_a0_8,DIRECT,CALL_PROPAGATED,0x00114b70->0x00115c50,hard
0x00115b80,0x00115b80,stub_code,a0,Unknown_a0_4,Unknown_a0_8,DIRECT,CALL_PROPAGATED,0x00114ba0->0x00115b80,hard
0x00115b80,0x00115b80,stub_code,a0,Unknown_a0_4,Unknown_a0_8_c_10,DIRECT,CALL_PROPAGATED,0x00114be0->0x00115b80,hard
0x00115870,0x00115870,,a0,Unknown_a0_8,Unknown_a0_8_c_10,CALL_PROPAGATED,CALL_PROPAGATED,0x00114be0->0x00115870,hard
0x001153a0,0x001153a0,,a0,int,ptr,HEURISTIC,CALL_PROPAGATED,0x00114fe0->0x001153a0,ptr_int
0x00114fe0,0x00114fe0,stub_code,a1,int,Unknown_a1_c,DIRECT,CALL_PROPAGATED,0x001157c0->0x00114fe0,hard
0x00115dc0,0x00115dc0,stub_code,a0,Unknown_a0_8,int,DIRECT,CALL_PROPAGATED,0x001158c0->0x00115dc0,hard
0x00428998,0x00428998,,a2,int,Unknown_a0_0_1c,CALL_PROPAGATED,CALL_PROPAGATED,0x001159f0->0x00428998,hard
0x0010e770,0x0010e770,,a2,int,Unknown_a0_0_1c,CALL_PROPAGATED,CALL_PROPAGATED,0x001159f0->0x0010e770,hard
0x0010e610,0x0010e610,,a2,int,Unknown_a0_0_1c,HEURISTIC,CALL_PROPAGATED,0x001159f0->0x0010e610,hard
0x001153f0,FUN_001153f0,pseudo_stub,a0,Unknown_a0_1944,Unknown_a0_4,DIRECT,CALL_PROPAGATED,0x00115b80->0x001153f0,hard
0x00115350,0x00115350,,a0,int,Unknown_a0_4,HEURISTIC,CALL_PROPAGATED,0x00115c50->0x00115350,hard
0x00114fd0,0x00114fd0,,a0,Unknown_a0_4,Unknown_a0_0_1c,CALL_PROPAGATED,CALL_PROPAGATED,0x00115ca0->0x00114fd0,hard
0x001159f0,0x001159f0,stub_code,a0,Unknown_a0_0_1c,Unknown_a0_4,DIRECT,CALL_PROPAGATED,0x00115d80->0x001159f0,hard
0x001aefc0,0x001aefc0,stub_code,a1,int,Unknown_a0_0_4_1c,DIRECT,CALL_PROPAGATED,0x00116060->0x001aefc0,hard
0x00511940,0x00511940,stub_code,a1,int,Unknown_a0_0_4_1c,DIRECT,CALL_PROPAGATED,0x00116060->0x00511940,hard
0x00119690,0x00119690,stub_code,a1,int,Unknown_a0_0_4_1c,DIRECT,CALL_PROPAGATED,0x00116060->0x00119690,hard
0x00272fa0,0x00272fa0,,a1,ptr,int,HEURISTIC,CALL_PROPAGATED,0x00116930->0x00272fa0,ptr_int
0x001af9a0,0x001af9a0,,a1,Unknown_a0_0_4_1c,int,CALL_PROPAGATED,CALL_PROPAGATED,0x00116be0->0x001af9a0,hard
0x00273d70,0x00273d70,stub_code,a0,int,Unknown_a0_24,DIRECT,CALL_PROPAGATED,0x00117400->0x00273d70,hard
0x005a48b0,0x005a48b0,stub_code,a0,int,Unknown_a0_24,DIRECT,CALL_PROPAGATED,0x00117400->0x005a48b0,hard
0x004bc880,0x004bc880,stub_code,a0,int,Unknown_a0_24,DIRECT,CALL_PROPAGATED,0x00117400->0x004bc880,hard
0x00513f30,FUN_00513f30,pseudo_stub,a0,Unknown_a0_0_8_c_10,Unknown_a0_24,DIRECT,CALL_PROPAGATED,0x00117400->0x00513f30,hard
0x005c0d40,0x005c0d40,stub_code,a3,ptr,int,HEURISTIC,CALL_PROPAGATED,0x00117400->0x005c0d40,ptr_int
0x0023d000,0x0023d000,stub_code,a0,int,Unknown_a0_10,DIRECT,CALL_PROPAGATED,0x00117c80->0x0023d000,hard
0x004f2690,0x004f2690,stub_code,a2,int,ptr,DIRECT,RETURN_PROPAGATED,0x004f2a20->0x004f2690,ptr_int
0x00511940,0x00511940,stub_code,a2,int,ptr,DIRECT,RETURN_PROPAGATED,0x004f2a20->0x00511940,ptr_int
0x0051ae30,0x0051ae30,stub_code,a2,int,ptr,DIRECT,RETURN_PROPAGATED,0x004f2a20->0x0051ae30,ptr_int
0x004de2b0,0x004de2b0,stub_code,a2,int,ptr,DIRECT,RETURN_PROPAGATED,0x004f2a20->0x004de2b0,ptr_int
0x005b0f50,0x005b0f50,stub_code,a0,Unknown_a0_14,Unknown_a0_1c,DIRECT,CALL_PROPAGATED,0x001182d0->0x005b0f50,hard
0x00118760,0x00118760,stub_code,a0,int,Unknown_a0_1c,DIRECT,CALL_PROPAGATED,0x001182d0->0x00118760,hard
0x001189b0,0x001189b0,,a1,int,ptr,CALL_PROPAGATED,RETURN_PROPAGATED,0x001188c0->0x001189b0,ptr_int
0x00118970,0x00118970,,a1,int,ptr,CALL_PROPAGATED,RETURN_PROPAGATED,0x001188c0->0x00118970,ptr_int
0x00511940,0x00511940,stub_code,a0,Unknown_a0_0_4c,Unknown_a0_0_4,DIRECT,CALL_PROPAGATED,0x001188d0->0x00511940,hard
0x00272cc0,0x00272cc0,stub_code,a0,int,Unknown_a0_0_4,DIRECT,CALL_PROPAGATED,0x001188d0->0x00272cc0,hard
0x001187e0,0x001187e0,,a1,ptr,int,HEURISTIC,CALL_PROPAGATED,0x001189c0->0x001187e0,ptr_int
0x001b0de0,0x001b0de0,,a0,ptr,int,HEURISTIC,CALL_PROPAGATED,0x00119200->0x001b0de0,ptr_int
0x0010f760,0x0010f760,stub_code,a1,int,ptr,DIRECT,RETURN_PROPAGATED,0x001b0de0->0x0010f760,ptr_int
0x00342630,0x00342630,,a0,ptr,int,HEURISTIC,CALL_PROPAGATED,0x00119950->0x00342630,ptr_int
0x00342630,0x00342630,,a3,ptr,int,HEURISTIC,CALL_PROPAGATED,0x00119950->0x00342630,ptr_int
0x005144a0,0x005144a0,stub_code,a0,int,Unknown_a0_8,DIRECT,CALL_PROPAGATED,0x0011a450->0x005144a0,hard
0x00512ee0,0x00512ee0,stub_code,a2,int,ptr,CALL_PROPAGATED,RETURN_PROPAGATED,0x005144a0->0x00512ee0,ptr_int
0x00428998,0x00428998,,a1,int,ptr,HEURISTIC,RETURN_PROPAGATED,0x00238120->0x00428998,ptr_int
0x0011a450,0x0011a450,stub_code,a0,Unknown_a0_8,int,DIRECT,CALL_PROPAGATED,0x0011a740->0x0011a450,hard
0x00111150,0x00111150,,a1,ptr,int,HEURISTIC,CALL_PROPAGATED,0x0011a7c0->0x00111150,ptr_int
0x00111150,0x00111150,,a2,ptr,int,RETURN_PROPAGATED,CALL_PROPAGATED,0x0011a7c0->0x00111150,ptr_int
0x004b9ee0,0x004b9ee0,stub_code,a0,int,Unknown_a0_0,DIRECT,CALL_PROPAGATED,0x0011a990->0x004b9ee0,hard
0x0011c7e0,FUN_0011c7e0,pseudo_stub,a0,Unknown_a0_0_8,int,DIRECT,CALL_PROPAGATED,0x0011ab60->0x0011c7e0,hard
0x0011cb30,0x0011cb30,stub_code,a0,Unknown_a0_0_4_1c,int,DIRECT,CALL_PROPAGATED,0x0011ac20->0x0011cb30,hard
0x0011d030,0x0011d030,,a1,int,ptr,HEURISTIC,CALL_PROPAGATED,0x0011ad50->0x0011d030,ptr_int
0x0011ae50,0x0011ae50,stub_code,a1,int,ptr,DIRECT,CALL_PROPAGATED,0x0011ad50->0x0011ae50,ptr_int
0x0011d030,0x0011d030,,a0,ptr,int,HEURISTIC,CALL_PROPAGATED,0x0011add0->0x0011d030,ptr_int
0x0011b260,0x0011b260,,a0,int,Unknown_a0_4,CALL_PROPAGATED,CALL_PROPAGATED,0x0011b0e0->0x0011b260,hard
0x0011b4b0,0x0011b4b0,stub_code,a0,Unknown_a0_0_14_18_1c,Unknown_a0_0,DIRECT,CALL_PROPAGATED,0x0011b450->0x0011b4b0,hard
0x0042f3a0,0x0042f3a0,,a2,ptr,int,HEURISTIC,CALL_PROPAGATED,0x0011bb50->0x0042f3a0,ptr_int
0x00396f00,0x00396f00,stub_code,a0,int,ptr,DIRECT,CALL_PROPAGATED,0x0011c260->0x00396f00,ptr_int
0x00396f00,0x00396f00,stub_code,a1,int,Unknown_a1_0_4_8,DIRECT,CALL_PROPAGATED,0x0011c260->0x00396f00,hard
0x00399ca0,0x00399ca0,stub_code,a1,int,Unknown_a1_0_4_8,DIRECT,CALL_PROPAGATED,0x0011c260->0x00399ca0,hard
0x0033b300,0x0033b300,stub_code,a0,int,Unknown_a0_34,DIRECT,CALL_PROPAGATED,0x0011c8e0->0x0033b300,hard
0x0033b300,0x0033b300,stub_code,a2,int,Unknown_a0_34,DIRECT,CALL_PROPAGATED,0x0011c8e0->0x0033b300,hard
0x003988c0,0x003988c0,stub_code,a2,int,Unknown_a0_34,DIRECT,CALL_PROPAGATED,0x0011c8e0->0x003988c0,hard
0x00336fd0,0x00336fd0,stub_code,a2,int,Unknown_a0_34,DIRECT,CALL_PROPAGATED,0x0011c8e0->0x00336fd0,hard
0x0011c300,0x0011c300,stub_code,a0,int,Unknown_a0_38,DIRECT,CALL_PROPAGATED,0x0011c9a0->0x0011c300,hard
0x0011c300,0x0011c300,stub_code,a1,int,ptr,DIRECT,CALL_PROPAGATED,0x0011c9a0->0x0011c300,ptr_int
0x0011c300,0x0011c300,stub_code,a2,int,ptr,DIRECT,CALL_PROPAGATED,0x0011c9a0->0x0011c300,ptr_int
0x0011c300,0x0011c300,stub_code,a3,int,Unknown_a2_24,DIRECT,CALL_PROPAGATED,0x0011c9a0->0x0011c300,hard
0x0011c380,0x0011c380,stub_code,a0,int,Unknown_a0_38,DIRECT,CALL_PROPAGATED,0x0011c9a0->0x0011c380,hard
0x0011c380,0x0011c380,stub_code,a1,int,ptr,DIRECT,CALL_PROPAGATED,0x0011c9a0->0x0011c380,ptr_int
0x0011c380,0x0011c380,stub_code,a2,int,ptr,DIRECT,CALL_PROPAGATED,0x0011c9a0->0x0011c380,ptr_int
0x0011c380,0x0011c380,stub_code,a3,int,Unknown_a2_24,DIRECT,CALL_PROPAGATED,0x0011c9a0->0x0011c380,hard
0x0011e840,0x0011e840,stub_code,a1,int,ptr,DIRECT,RETURN_PROPAGATED,0x0011d9d0->0x0011e840,ptr_int
0x001253a0,0x001253a0,stub_code,a1,int,ptr,DIRECT,RETURN_PROPAGATED,0x00124ec0->0x001253a0,ptr_int
0x00127600,0x00127600,stub_code,a1,int,ptr,DIRECT,RETURN_PROPAGATED,0x001269f0->0x00127600,ptr_int
0x00123f80,0x00123f80,stub_code,a2,int,ptr,DIRECT,CALL_PROPAGATED,0x0011cea0->0x00123f80,ptr_int
0x0011aec0,0x0011aec0,stub_code,a2,int,ptr,DIRECT,CALL_PROPAGATED,0x0011cea0->0x0011aec0,ptr_int
0x0011d1a0,0x0011d1a0,stub_code,a0,int,Unknown_a0_0_4_1c,DIRECT,CALL_PROPAGATED,0x0011d0e0->0x0011d1a0,hard
0x0010f760,0x0010f760,stub_code,a0,ptr,int,STRUCT_FIELD,CALL_PROPAGATED,0x0011d1a0->0x0010f760,ptr_int
0x0011dd00,0x0011dd00,stub_code,a1,int,ptr,DIRECT,CALL_PROPAGATED,0x0011d4e0->0x0011dd00,ptr_int
0x0011d0e0,0x0011d0e0,stub_code,a1,int,ptr,DIRECT,RETURN_PROPAGATED,0x001b0de0->0x0011d0e0,ptr_int
0x0058cc00,0x0058cc00,,a0,int,ptr,HEURISTIC,CALL_PROPAGATED,0x0011f670->0x0058cc00,ptr_int
0x0058cc00,0x0058cc00,,a2,int,ptr,CALL_PROPAGATED,CALL_PROPAGATED,0x0011fe60->0x0058cc00,ptr_int
0x001071e0,FUN_001071e0,real_c,a0,Unknown_a0_0_4_8_c_10_14_18_1c_20_24_28_2c_30_34_38_3c,int,DIRECT,CALL_PROPAGATED,0x00120c40->0x001071e0,hard
0x00116b80,0x00116b80,,a1,int,ptr,CALL_PROPAGATED,CALL_PROPAGATED,0x00122030->0x00116b80,ptr_int
0x0011b260,0x0011b260,,a0,Unknown_a0_4,Unknown_a0_148,CALL_PROPAGATED,CALL_PROPAGATED,0x00122190->0x0011b260,hard
0x00154d30,0x00154d30,,a2,ptr,int,CALL_PROPAGATED,CALL_PROPAGATED,0x00122430->0x00154d30,ptr_int
0x00154d30,0x00154d30,,a0,ptr,int,HEURISTIC,CALL_PROPAGATED,0x00122db0->0x00154d30,ptr_int
0x00154e00,0x00154e00,,a2,ptr,int,HEURISTIC,CALL_PROPAGATED,0x00122db0->0x00154e00,ptr_int
0x00154e00,0x00154e00,,a3,ptr,int,HEURISTIC,CALL_PROPAGATED,0x00122db0->0x00154e00,ptr_int
0x0011f2a0,0x0011f2a0,,a1,int,Unknown_a1_0_4_8,CALL_PROPAGATED,CALL_PROPAGATED,0x00123ac0->0x0011f2a0,hard
0x001241d0,0x001241d0,stub_code,a0,ptr,int,STRUCT_FIELD,CALL_PROPAGATED,0x00123f80->0x001241d0,ptr_int
0x001241d0,0x001241d0,stub_code,a2,Unknown_a2_0,int,DIRECT,CALL_PROPAGATED,0x00123f80->0x001241d0,hard
0x00124af0,0x00124af0,stub_code,a1,int,ptr,DIRECT,RETURN_PROPAGATED,0x00122010->0x00124af0,ptr_int
0x00124af0,0x00124af0,stub_code,a2,int,Unknown_a2_0,DIRECT,CALL_PROPAGATED,0x001241d0->0x00124af0,hard
0x001258c0,0x001258c0,stub_code,a1,int,ptr,DIRECT,RETURN_PROPAGATED,0x00122010->0x001258c0,ptr_int
0x001258c0,0x001258c0,stub_code,a2,int,Unknown_a2_0,DIRECT,CALL_PROPAGATED,0x001241d0->0x001258c0,hard
0x00127010,0x00127010,stub_code,a1,int,ptr,DIRECT,RETURN_PROPAGATED,0x001260a0->0x00127010,ptr_int
0x00127010,0x00127010,stub_code,a2,int,Unknown_a2_0,DIRECT,CALL_PROPAGATED,0x001241d0->0x00127010,hard
0x00154d30,0x00154d30,,a1,int,ptr,CALL_PROPAGATED,RETURN_PROPAGATED,0x00127010->0x00154d30,ptr_int
0x00154d30,0x00154d30,,a2,Unknown_a2_0,int,CALL_PROPAGATED,CALL_PROPAGATED,0x001245c0->0x00154d30,hard
0x0058a7a0,0x0058a7a0,,a0,int,ptr,CALL_PROPAGATED,CALL_PROPAGATED,0x001253a0->0x0058a7a0,ptr_int
0x0011f200,0x0011f200,,a2,ptr,int,HEURISTIC,CALL_PROPAGATED,0x001262b0->0x0011f200,ptr_int
0x0011f1f0,0x0011f1f0,,a2,ptr,int,HEURISTIC,CALL_PROPAGATED,0x001262b0->0x0011f1f0,ptr_int
0x0011f1e0,0x0011f1e0,,a2,ptr,int,HEURISTIC,CALL_PROPAGATED,0x001262b0->0x0011f1e0,ptr_int
0x0011f1a0,0x0011f1a0,,a2,ptr,int,HEURISTIC,CALL_PROPAGATED,0x001262b0->0x0011f1a0,ptr_int
0x00121700,0x00121700,,a2,ptr,int,HEURISTIC,CALL_PROPAGATED,0x001262b0->0x00121700,ptr_int
0x001216f0,0x001216f0,,a2,ptr,int,HEURISTIC,CALL_PROPAGATED,0x001262b0->0x001216f0,ptr_int
0x001216e0,0x001216e0,,a2,ptr,int,HEURISTIC,CALL_PROPAGATED,0x001262b0->0x001216e0,ptr_int
0x001216b0,0x001216b0,,a2,ptr,int,HEURISTIC,CALL_PROPAGATED,0x001262b0->0x001216b0,ptr_int
0x00121680,0x00121680,,a2,ptr,int,HEURISTIC,CALL_PROPAGATED,0x001262b0->0x00121680,ptr_int
0x00121650,0x00121650,,a2,ptr,int,HEURISTIC,CALL_PROPAGATED,0x001262b0->0x00121650,ptr_int
0x00121620,0x00121620,,a2,ptr,int,HEURISTIC,CALL_PROPAGATED,0x001262b0->0x00121620,ptr_int
0x00114b60,0x00114b60,,a1,ptr,int,HEURISTIC,CALL_PROPAGATED,0x001270b0->0x00114b60,ptr_int
0x001071e0,FUN_001071e0,real_c,a0,Unknown_a0_0_4_8_c_10_14_18_1c_20_24_28_2c_30_34_38_3c,Unknown_a0_10,DIRECT,CALL_PROPAGATED,0x001276c0->0x001071e0,hard
0x001278c0,0x001278c0,stub_code,a0,int,Unknown_a0_0_4_8_c,DIRECT,CALL_PROPAGATED,0x001277a0->0x001278c0,hard
0x001acee0,0x001acee0,stub_code,a1,int,ptr,DIRECT,RETURN_PROPAGATED,0x001b0de0->0x001acee0,ptr_int
0x00171790,0x00171790,stub_code,a0,Unknown_a0_28,Unknown_a0_8,DIRECT,CALL_PROPAGATED,0x001279f0->0x00171790,hard
0x00171790,0x00171790,stub_code,a1,int,ptr,DIRECT,RETURN_PROPAGATED,0x001acf80->0x00171790,ptr_int
0x001071e0,FUN_001071e0,real_c,a1,Unknown_a1_0_4_8_c_10_14_18_1c_20_24_28_2c_30_34_38_3c,Unknown_a0_c,DIRECT,CALL_PROPAGATED,0x00127a70->0x001071e0,hard
0x0012b000,0x0012b000,stub_code,a0,int,Unknown_a0_0,DIRECT,CALL_PROPAGATED,0x00127ad0->0x0012b000,hard
0x0012d2d0,0x0012d2d0,stub_code,a0,int,ptr,DIRECT,CALL_PROPAGATED,0x00128140->0x0012d2d0,ptr_int
0x0012bc50,0x0012bc50,stub_code,a0,ptr,int,STRUCT_FIELD,CALL_PROPAGATED,0x001284c0->0x0012bc50,ptr_int
0x0012bc50,0x0012bc50,stub_code,a1,int,Unknown_a1_118,DIRECT,CALL_PROPAGATED,0x001284c0->0x0012bc50,hard
0x0012bfb0,0x0012bfb0,stub_code,a1,int,Unknown_a1_118,DIRECT,CALL_PROPAGATED,0x00128780->0x0012bfb0,hard
0x0012c150,0x0012c150,stub_code,a1,int,Unknown_a1_118,DIRECT,CALL_PROPAGATED,0x00128800->0x0012c150,hard
0x0012c1f0,FUN_0012c1f0,pseudo_stub,a1,int,Unknown_a1_118,DIRECT,CALL_PROPAGATED,0x00128880->0x0012c1f0,hard
0x00128af0,0x00128af0,stub_code,a0,Unknown_a0_4,int,DIRECT,CALL_PROPAGATED,0x00128eb0->0x00128af0,hard
0x00129190,0x00129190,stub_code,a0,int,Unknown_a0_0_4,DIRECT,CALL_PROPAGATED,0x00129540->0x00129190,hard
0x00128900,0x00128900,stub_code,a0,Unknown_a0_0,int,DIRECT,CALL_PROPAGATED,0x00129660->0x00128900,hard
0x001ae9d0,0x001ae9d0,stub_code,a0,ptr,int,STRUCT_FIELD,CALL_PROPAGATED,0x0012b000->0x001ae9d0,ptr_int
0x0012b8f0,0x0012b8f0,stub_code,a1,Unknown_a1_18,int,DIRECT,CALL_PROPAGATED,0x0012b1c0->0x0012b8f0,hard
0x003fe388,0x003fe388,stub_code,a0,int,Unknown_a0_38,DIRECT,CALL_PROPAGATED,0x0012b270->0x003fe388,hard
0x003fe388,0x003fe388,stub_code,a2,int,ptr,DIRECT,CALL_PROPAGATED,0x0012b270->0x003fe388,ptr_int
0x003fd320,FUN_003fd320,pseudo_stub,a0,int,Unknown_a0_38,DIRECT,CALL_PROPAGATED,0x0012b270->0x003fd320,hard
0x003fd320,FUN_003fd320,pseudo_stub,a2,int,ptr,DIRECT,CALL_PROPAGATED,0x0012b270->0x003fd320,ptr_int
0x003fe538,0x003fe538,stub_code,a0,int,Unknown_a0_38,DIRECT,CALL_PROPAGATED,0x0012b270->0x003fe538,hard
0x003fe538,0x003fe538,stub_code,a2,int,ptr,DIRECT,CALL_PROPAGATED,0x0012b270->0x003fe538,ptr_int
0x003fd378,0x003fd378,stub_code,a2,int,ptr,DIRECT,CALL_PROPAGATED,0x0012b270->0x003fd378,ptr_int
0x0012b8f0,0x0012b8f0,stub_code,a2,int,ptr,DIRECT,CALL_PROPAGATED,0x0012b270->0x0012b8f0,ptr_int
0x0012b560,0x0012b560,stub_code,a2,int,ptr,DIRECT,CALL_PROPAGATED,0x0012b270->0x0012b560,ptr_int
0x0012b560,0x0012b560,stub_code,a3,ptr,int,STRUCT_FIELD,CALL_PROPAGATED,0x0012b270->0x0012b560,ptr_int
0x003fd488,0x003fd488,stub_code,a2,int,ptr,DIRECT,CALL_PROPAGATED,0x0012b270->0x003fd488,ptr_int
0x003fe170,0x003fe170,stub_code,a0,int,Unknown_a1_18,DIRECT,CALL_PROPAGATED,0x0012b8f0->0x003fe170,hard
0x003fe170,0x003fe170,stub_code,a1,int,Unknown_a1_18,DIRECT,CALL_PROPAGATED,0x0012b8f0->0x003fe170,hard
0x003fd570,0x003fd570,stub_code,a0,int,Unknown_a1_18,DIRECT,CALL_PROPAGATED,0x0012b8f0->0x003fd570,hard
0x003fd570,0x003fd570,stub_code,a1,int,Unknown_a1_18,DIRECT,CALL_PROPAGATED,0x0012b8f0->0x003fd570,hard
0x001aecd0,0x001aecd0,stub_code,a0,ptr,int,STRUCT_FIELD,CALL_PROPAGATED,0x0012b940->0x001aecd0,ptr_int
0x0012b270,0x0012b270,stub_code,a2,ptr,int,STRUCT_FIELD,CALL_PROPAGATED,0x0012b940->0x0012b270,ptr_int
0x001aed90,0x001aed90,stub_code,a1,int,ptr,DIRECT,CALL_PROPAGATED,0x0012bc50->0x001aed90,ptr_int
0x001aed90,0x001aed90,stub_code,a3,Unknown_a3_0,int,DIRECT,CALL_PROPAGATED,0x0012bc50->0x001aed90,hard
0x005407f0,0x005407f0,stub_code,a1,ptr,int,STRUCT_FIELD,CALL_PROPAGATED,0x0012c150->0x005407f0,ptr_int
0x005407f0,0x005407f0,stub_code,a2,ptr,int,STRUCT_FIELD,CALL_PROPAGATED,0x0012c150->0x005407f0,ptr_int
0x003fdab8,0x003fdab8,stub_code,a0,int,ptr,DIRECT,CALL_PROPAGATED,0x0012c360->0x003fdab8,ptr_int
0x003fdab8,0x003fdab8,stub_code,a1,int,ptr,DIRECT,CALL_PROPAGATED,0x0012c360->0x003fdab8,ptr_int
0x003fd710,0x003fd710,stub_code,a0,int,ptr,DIRECT,CALL_PROPAGATED,0x0012c360->0x003fd710,ptr_int
0x0012c800,0x0012c800,stub_code,a0,ptr,int,STRUCT_FIELD,CALL_PROPAGATED,0x0012cb60->0x0012c800,ptr_int
0x0012d040,0x0012d040,stub_code,a1,ptr,int,STRUCT_FIELD,CALL_PROPAGATED,0x0012cb60->0x0012d040,ptr_int
0x0012d040,0x0012d040,stub_code,a2,ptr,int,STRUCT_FIELD,CALL_PROPAGATED,0x0012cb60->0x0012d040,ptr_int
0x0012cd70,0x0012cd70,stub_code,a1,ptr,int,STRUCT_FIELD,CALL_PROPAGATED,0x0012cb60->0x0012cd70,ptr_int
0x0012d150,0x0012d150,stub_code,a1,ptr,int,STRUCT_FIELD,CALL_PROPAGATED,0x0012cb60->0x0012d150,ptr_int
0x0012d150,0x0012d150,stub_code,a2,ptr,int,STRUCT_FIELD,CALL_PROPAGATED,0x0012cb60->0x0012d150,ptr_int
0x0012ce60,0x0012ce60,stub_code,a1,ptr,int,STRUCT_FIELD,CALL_PROPAGATED,0x0012cb60->0x0012ce60,ptr_int
0x0012ce60,0x0012ce60,stub_code,a2,ptr,int,STRUCT_FIELD,CALL_PROPAGATED,0x0012cb60->0x0012ce60,ptr_int
0x0012ccc0,0x0012ccc0,stub_code,a1,ptr,int,STRUCT_FIELD,CALL_PROPAGATED,0x0012cb60->0x0012ccc0,ptr_int
0x0012cf50,0x0012cf50,stub_code,a2,ptr,int,STRUCT_FIELD,CALL_PROPAGATED,0x0012cb60->0x0012cf50,ptr_int
0x0012cc60,0x0012cc60,stub_code,a1,Unknown_a1_0_3c,int,DIRECT,CALL_PROPAGATED,0x0012cb60->0x0012cc60,hard
0x0012c650,0x0012c650,,a0,int,Unknown_a0_10,CALL_PROPAGATED,CALL_PROPAGATED,0x0012ccc0->0x0012c650,hard
0x0012c650,0x0012c650,,a1,int,Unknown_a0_0_4,HEURISTIC,CALL_PROPAGATED,0x0012cd70->0x0012c650,hard
0x0012c650,0x0012c650,,a2,int,ptr,CALL_PROPAGATED,CALL_PROPAGATED,0x0012cd70->0x0012c650,ptr_int
0x0012c650,0x0012c650,,a1,Unknown_a0_0_4,Unknown_a0_0,CALL_PROPAGATED,CALL_PROPAGATED,0x0012ce60->0x0012c650,hard
0x0012c650,0x0012c650,,a2,Unknown_a0_0,Unknown_a0_8_c,CALL_PROPAGATED,CALL_PROPAGATED,0x0012cf50->0x0012c650,hard
0x004b9ee0,0x004b9ee0,stub_code,a3,int,Unknown_a0_0,DIRECT,CALL_PROPAGATED,0x0012d220->0x004b9ee0,hard
0x0012d460,0x0012d460,stub_code,a3,ptr,int,STRUCT_FIELD,CALL_PROPAGATED,0x0012d2d0->0x0012d460,ptr_int
0x00154e00,0x00154e00,,a1,ptr,int,HEURISTIC,CALL_PROPAGATED,0x0012d2d0->0x00154e00,ptr_int
0x00128060,0x00128060,,a0,ptr,int,HEURISTIC,CALL_PROPAGATED,0x0012d2d0->0x00128060,ptr_int
0x00128060,0x00128060,,a1,int,ptr,CALL_PROPAGATED,RETURN_PROPAGATED,0x00128060->0x00128060,ptr_int
0x0012cb60,0x0012cb60,stub_code,a1,int,ptr,DIRECT,RETURN_PROPAGATED,0x00128060->0x0012cb60,ptr_int
0x00128030,0x00128030,,a3,int,ptr,CALL_PROPAGATED,CALL_PROPAGATED,0x0012d460->0x00128030,ptr_int
0x00260ed0,0x00260ed0,stub_code,a0,int,Unknown_a0_0,DIRECT,CALL_PROPAGATED,0x0012d660->0x00260ed0,hard
0x0012d950,0x0012d950,stub_code,a0,int,Unknown_a0_0,DIRECT,CALL_PROPAGATED,0x0012d660->0x0012d950,hard
0x0012e120,0x0012e120,stub_code,a0,Unknown_a0_4_c_10,Unknown_a0_8,DIRECT,CALL_PROPAGATED,0x0012e0c0->0x0012e120,hard
0x002618a0,0x002618a0,,a1,ptr,int,RETURN_PROPAGATED,CALL_PROPAGATED,0x0012e120->0x002618a0,ptr_int
0x0010e770,0x0010e770,,a0,Unknown_a0_40,Unknown_a0_c,CALL_PROPAGATED,CALL_PROPAGATED,0x0012e230->0x0010e770,hard
0x0012e4e0,0x0012e4e0,stub_code,a0,Unknown_a0_0_14_18_1c,int,DIRECT,CALL_PROPAGATED,0x0012e480->0x0012e4e0,hard
0x0012e8b0,0x0012e8b0,stub_code,a1,int,ptr,DIRECT,RETURN_PROPAGATED,0x0012eb60->0x0012e8b0,ptr_int
0x0011b660,0x0011b660,,a0,ptr,int,HEURISTIC,CALL_PROPAGATED,0x0012e8b0->0x0011b660,ptr_int
0x0011b660,0x0011b660,,a2,ptr,int,HEURISTIC,CALL_PROPAGATED,0x0012e8b0->0x0011b660,ptr_int
0x0011b660,0x0011b660,,a3,ptr,int,HEURISTIC,CALL_PROPAGATED,0x0012e8b0->0x0011b660,ptr_int
0x0012eb00,0x0012eb00,,a1,ptr,int,HEURISTIC,CALL_PROPAGATED,0x0012e920->0x0012eb00,ptr_int
0x0012eb00,0x0012eb00,,a2,ptr,int,HEURISTIC,CALL_PROPAGATED,0x0012e920->0x0012eb00,ptr_int
0x0012eb00,0x0012eb00,,a3,ptr,int,HEURISTIC,CALL_PROPAGATED,0x0012e920->0x0012eb00,ptr_int
0x0012eda0,0x0012eda0,stub_code,a0,Unknown_a0_0_4_8_c,int,DIRECT,CALL_PROPAGATED,0x0012f000->0x0012eda0,hard
0x00135520,0x00135520,stub_code,a0,int,Unknown_a0_8,DIRECT,CALL_PROPAGATED,0x0012f1a0->0x00135520,hard
0x00133c70,0x00133c70,stub_code,a3,int,ptr,DIRECT,CALL_PROPAGATED,0x0012f7a0->0x00133c70,ptr_int
0x00112050,0x00112050,stub_code,a2,int,Unknown_a2_20,DIRECT,CALL_PROPAGATED,0x0012fa00->0x00112050,hard
0x00133b40,0x00133b40,stub_code,a1,int,ptr,DIRECT,RETURN_PROPAGATED,0x00238120->0x00133b40,ptr_int
0x0010e770,0x0010e770,,a0,Unknown_a0_40,int,CALL_PROPAGATED,CALL_PROPAGATED,0x001304f0->0x0010e770,hard
0x0010e770,0x0010e770,,a1,Unknown_a1_10,int,CALL_PROPAGATED,CALL_PROPAGATED,0x001304f0->0x0010e770,hard
0x0010e610,0x0010e610,,a0,Unknown_a0_c,int,CALL_PROPAGATED,CALL_PROPAGATED,0x001304f0->0x0010e610,hard
0x001b0e10,0x001b0e10,,a0,Unknown_a0_c_10_14_50_3568,int,CALL_PROPAGATED,CALL_PROPAGATED,0x00130700->0x001b0e10,hard
0x0010ee50,FUN_0010ee50,real_c,a0,Unknown_a0_0_4_c_10,int,DIRECT,CALL_PROPAGATED,0x00130cd0->0x0010ee50,hard
0x0010ed00,0x0010ed00,,a0,Unknown_a0_c_10,Unknown_a1_c_10,CALL_PROPAGATED,CALL_PROPAGATED,0x00131110->0x0010ed00,hard
0x0010e770,0x0010e770,,a0,Unknown_a0_40,Unknown_a0_10,CALL_PROPAGATED,CALL_PROPAGATED,0x00131310->0x0010e770,hard
0x0010e610,0x0010e610,,a0,Unknown_a0_c,Unknown_a0_10,CALL_PROPAGATED,CALL_PROPAGATED,0x00131310->0x0010e610,hard
0x0010ee50,FUN_0010ee50,real_c,a0,Unknown_a0_0_4_c_10,Unknown_a1_c_10,DIRECT,CALL_PROPAGATED,0x001314a0->0x0010ee50,hard
0x0012f980,0x0012f980,,a0,ptr,int,HEURISTIC,CALL_PROPAGATED,0x00131830->0x0012f980,ptr_int
0x0012f980,0x0012f980,,a1,ptr,int,RETURN_PROPAGATED,CALL_PROPAGATED,0x00131830->0x0012f980,ptr_int
0x0010e780,FUN_0010e780,real_c,a0,Unknown_a0_0_4_8_10,int,DIRECT,CALL_PROPAGATED,0x00131830->0x0010e780,hard
0x0012f7a0,0x0012f7a0,stub_code,a3,ptr,int,STRUCT_FIELD,CALL_PROPAGATED,0x00131aa0->0x0012f7a0,ptr_int
0x0011b5d0,0x0011b5d0,,a0,Unknown_a0_0,Unknown_a0_0_12c,CALL_PROPAGATED,CALL_PROPAGATED,0x00131d90->0x0011b5d0,hard
0x00132120,0x00132120,stub_code,a0,Unknown_a0_0,int,DIRECT,CALL_PROPAGATED,0x00131d90->0x00132120,hard
0x0013dd60,0x0013dd60,stub_code,a2,int,ptr,DIRECT,RETURN_PROPAGATED,0x0012e190->0x0013dd60,ptr_int
0x0017a4e0,0x0017a4e0,stub_code,a2,int,ptr,DIRECT,RETURN_PROPAGATED,0x0012e190->0x0017a4e0,ptr_int
0x001a0b20,0x001a0b20,stub_code,a2,int,ptr,DIRECT,RETURN_PROPAGATED,0x0012e190->0x001a0b20,ptr_int
0x00136b20,0x00136b20,stub_code,a2,int,ptr,DIRECT,RETURN_PROPAGATED,0x0012e190->0x00136b20,ptr_int
0x001d3760,0x001d3760,stub_code,a2,int,ptr,DIRECT,RETURN_PROPAGATED,0x0012e190->0x001d3760,ptr_int
0x001a32d0,0x001a32d0,stub_code,a2,int,ptr,DIRECT,RETURN_PROPAGATED,0x0012e190->0x001a32d0,ptr_int
0x00132180,0x00132180,stub_code,a0,Unknown_a0_0_14_18_1c,int,DIRECT,CALL_PROPAGATED,0x00132120->0x00132180,hard
0x00132780,0x00132780,stub_code,a1,int,ptr,DIRECT,RETURN_PROPAGATED,0x00132a30->0x00132780,ptr_int
0x001329d0,0x001329d0,,a1,ptr,int,HEURISTIC,CALL_PROPAGATED,0x001327f0->0x001329d0,ptr_int
0x001329d0,0x001329d0,,a2,ptr,int,HEURISTIC,CALL_PROPAGATED,0x001327f0->0x001329d0,ptr_int
0x001329d0,0x001329d0,,a3,ptr,int,HEURISTIC,CALL_PROPAGATED,0x001327f0->0x001329d0,ptr_int
0x0012f640,0x0012f640,,a1,Unknown_a0_20,int,CALL_PROPAGATED,CALL_PROPAGATED,0x00133c70->0x0012f640,hard
0x002618a0,0x002618a0,,a0,int,ptr,CALL_PROPAGATED,RETURN_PROPAGATED,0x00238120->0x002618a0,ptr_int
0x00134430,0x00134430,stub_code,a0,int,ptr,DIRECT,CALL_PROPAGATED,0x00134390->0x00134430,ptr_int
0x001b1120,0x001b1120,stub_code,a3,ptr,int,HEURISTIC,CALL_PROPAGATED,0x00134430->0x001b1120,ptr_int
0x00169780,0x00169780,stub_code,a1,int,ptr,DIRECT,RETURN_PROPAGATED,0x0015d9d0->0x00169780,ptr_int
0x0016ab70,0x0016ab70,stub_code,a1,int,ptr,DIRECT,RETURN_PROPAGATED,0x0015d9d0->0x0016ab70,ptr_int
0x00185e20,0x00185e20,,a1,ptr,int,HEURISTIC,CALL_PROPAGATED,0x001349b0->0x00185e20,ptr_int
0x00185e20,0x00185e20,,a2,ptr,int,HEURISTIC,CALL_PROPAGATED,0x001349b0->0x00185e20,ptr_int
0x00134db0,0x00134db0,,a2,ptr,int,HEURISTIC,CALL_PROPAGATED,0x001349b0->0x00134db0,ptr_int
0x0012f640,0x0012f640,,a2,int,ptr,CALL_PROPAGATED,CALL_PROPAGATED,0x00134f30->0x0012f640,ptr_int
0x002618a0,0x002618a0,,a2,int,ptr,CALL_PROPAGATED,CALL_PROPAGATED,0x00134f30->0x002618a0,ptr_int
0x00134080,0x00134080,,a2,ptr,int,HEURISTIC,CALL_PROPAGATED,0x001350c0->0x00134080,ptr_int
0x001b1120,0x001b1120,stub_code,a2,ptr,int,HEURISTIC,CALL_PROPAGATED,0x001350c0->0x001b1120,ptr_int
0x00261b00,0x00261b00,,a2,ptr,int,HEURISTIC,CALL_PROPAGATED,0x001350c0->0x00261b00,ptr_int
0x00261890,0x00261890,,a2,ptr,int,HEURISTIC,CALL_PROPAGATED,0x001350c0->0x00261890,ptr_int
0x00182ba0,0x00182ba0,stub_code,a2,int,ptr,DIRECT,RETURN_PROPAGATED,0x00446660->0x00182ba0,ptr_int
0x00136c20,0x00136c20,stub_code,a2,int,ptr,DIRECT,RETURN_PROPAGATED,0x00446660->0x00136c20,ptr_int
0x00446660,0x00446660,,a2,int,ptr,CALL_PROPAGATED,RETURN_PROPAGATED,0x00446660->0x00446660,ptr_int
0x00446c30,FUN_00446c30,pseudo_stub,a2,int,ptr,DIRECT,RETURN_PROPAGATED,0x00446660->0x00446c30,ptr_int
0x00446a70,0x00446a70,stub_code,a0,int,ptr,DIRECT,RETURN_PROPAGATED,0x00446660->0x00446a70,ptr_int
0x00446a70,0x00446a70,stub_code,a2,int,ptr,DIRECT,RETURN_PROPAGATED,0x00446660->0x00446a70,ptr_int
0x00132c70,0x00132c70,stub_code,a2,int,ptr,DIRECT,RETURN_PROPAGATED,0x00446660->0x00132c70,ptr_int
0x00261890,0x00261890,,a3,int,ptr,CALL_PROPAGATED,RETURN_PROPAGATED,0x00446660->0x00261890,ptr_int
0x00132b90,0x00132b90,stub_code,a2,int,ptr,DIRECT,RETURN_PROPAGATED,0x00446660->0x00132b90,ptr_int
0x00132b90,0x00132b90,stub_code,a3,int,ptr,DIRECT,RETURN_PROPAGATED,0x00446660->0x00132b90,ptr_int
0x00132a30,0x00132a30,stub_code,a2,int,ptr,DIRECT,RETURN_PROPAGATED,0x00446660->0x00132a30,ptr_int
0x00132a30,0x00132a30,stub_code,a3,int,ptr,DIRECT,RETURN_PROPAGATED,0x00446660->0x00132a30,ptr_int
0x001329e0,0x001329e0,stub_code,a2,int,ptr,DIRECT,RETURN_PROPAGATED,0x00446660->0x001329e0,ptr_int
0x001329e0,0x001329e0,stub_code,a3,int,ptr,DIRECT,RETURN_PROPAGATED,0x00446660->0x001329e0,ptr_int
0x00446660,0x00446660,,a3,int,ptr,CALL_PROPAGATED,RETURN_PROPAGATED,0x00446660->0x00446660,ptr_int
0x00446c30,FUN_00446c30,pseudo_stub,a3,int,ptr,DIRECT,RETURN_PROPAGATED,0x00446660->0x00446c30,ptr_int
0x001d3890,0x001d3890,stub_code,a2,int,ptr,DIRECT,RETURN_PROPAGATED,0x00446660->0x001d3890,ptr_int
0x001d3890,0x001d3890,stub_code,a3,int,ptr,DIRECT,RETURN_PROPAGATED,0x00446660->0x001d3890,ptr_int
0x001d6540,0x001d6540,stub_code,a2,int,ptr,DIRECT,RETURN_PROPAGATED,0x00446660->0x001d6540,ptr_int
0x001d6540,0x001d6540,stub_code,a3,int,ptr,DIRECT,RETURN_PROPAGATED,0x00446660->0x001d6540,ptr_int
0x00182d50,0x00182d50,stub_code,a2,int,ptr,DIRECT,RETURN_PROPAGATED,0x00446660->0x00182d50,ptr_int
0x00182d50,0x00182d50,stub_code,a3,int,ptr,DIRECT,RETURN_PROPAGATED,0x00446660->0x00182d50,ptr_int
0x00134e50,0x00134e50,,a2,int,ptr,HEURISTIC,RETURN_PROPAGATED,0x00446660->0x00134e50,ptr_int
0x00134e50,0x00134e50,,a3,int,ptr,HEURISTIC,RETURN_PROPAGATED,0x00446660->0x00134e50,ptr_int
0x0015e090,0x0015e090,stub_code,a1,int,ptr,DIRECT,CALL_PROPAGATED,0x001370e0->0x0015e090,ptr_int
0x00137490,0x00137490,stub_code,a2,int,ptr,DIRECT,CALL_PROPAGATED,0x001370e0->0x00137490,ptr_int
0x00137490,0x00137490,stub_code,a3,int,ptr,DIRECT,CALL_PROPAGATED,0x001370e0->0x00137490,ptr_int
0x0012f980,0x0012f980,,a0,int,Unknown_a0_38,CALL_PROPAGATED,CALL_PROPAGATED,0x00137410->0x0012f980,hard
0x002618a0,0x002618a0,,a1,int,Unknown_a0_40,CALL_PROPAGATED,CALL_PROPAGATED,0x00137490->0x002618a0,hard
0x00198b60,0x00198b60,stub_code,a2,int,ptr,DIRECT,RETURN_PROPAGATED,0x0013a320->0x00198b60,ptr_int
0x00198b60,0x00198b60,stub_code,a3,int,ptr,DIRECT,RETURN_PROPAGATED,0x0013a320->0x00198b60,ptr_int
0x00154e00,0x00154e00,,a1,int,Unknown_a1_c_10,CALL_PROPAGATED,CALL_PROPAGATED,0x00138030->0x00154e00,hard
0x00160d40,0x00160d40,stub_code,a1,int,Unknown_a1_c_10,DIRECT,CALL_PROPAGATED,0x00138030->0x00160d40,hard
0x00138eb0,0x00138eb0,,a0,int,Unknown_a0_0_4_8_c_10_14_18,HEURISTIC,CALL_PROPAGATED,0x00138690->0x00138eb0,hard
0x00138eb0,0x00138eb0,,a1,ptr,int,CALL_PROPAGATED,CALL_PROPAGATED,0x00138690->0x00138eb0,ptr_int
0x0010e770,0x0010e770,,a0,Unknown_a0_40,Unknown_a0_14,CALL_PROPAGATED,CALL_PROPAGATED,0x00138770->0x0010e770,hard
0x0023c590,0x0023c590,stub_code,a1,int,Unknown_a1_c_10,DIRECT,CALL_PROPAGATED,0x00138f90->0x0023c590,hard
0x001850a0,0x001850a0,,a1,int,ptr,HEURISTIC,RETURN_PROPAGATED,0x001850a0->0x001850a0,ptr_int
0x002ce9b0,0x002ce9b0,,a1,int,ptr,HEURISTIC,RETURN_PROPAGATED,0x001850a0->0x002ce9b0,ptr_int
0x00133bb0,0x00133bb0,,a0,ptr,int,HEURISTIC,CALL_PROPAGATED,0x0013b860->0x00133bb0,ptr_int
0x00133bb0,0x00133bb0,,a1,ptr,int,HEURISTIC,CALL_PROPAGATED,0x0013b860->0x00133bb0,ptr_int
0x0023c630,0x0023c630,stub_code,a3,int,ptr,DIRECT,RETURN_PROPAGATED,0x0042f5b8->0x0023c630,ptr_int
0x0042bd98,FUN_0042bd98,real_logic,a2,int,ptr,DIRECT,RETURN_PROPAGATED,0x0042f5b8->0x0042bd98,ptr_int
0x0042bd98,FUN_0042bd98,real_logic,a3,int,ptr,DIRECT,RETURN_PROPAGATED,0x0042f5b8->0x0042bd98,ptr_int
0x003fb8d0,0x003fb8d0,stub_code,a2,int,ptr,DIRECT,RETURN_PROPAGATED,0x0042f5b8->0x003fb8d0,ptr_int
0x003fb8d0,0x003fb8d0,stub_code,a3,int,ptr,DIRECT,RETURN_PROPAGATED,0x0042f5b8->0x003fb8d0,ptr_int
0x00337350,0x00337350,stub_code,a1,int,ptr,DIRECT,RETURN_PROPAGATED,0x00336640->0x00337350,ptr_int
0x00337350,0x00337350,stub_code,a2,int,ptr,DIRECT,RETURN_PROPAGATED,0x00336640->0x00337350,ptr_int
0x00337350,0x00337350,stub_code,a3,int,ptr,DIRECT,RETURN_PROPAGATED,0x00336640->0x00337350,ptr_int
0x0013c420,0x0013c420,stub_code,a3,int,ptr,DIRECT,RETURN_PROPAGATED,0x00336640->0x0013c420,ptr_int
0x0013cc10,0x0013cc10,stub_code,a3,int,ptr,DIRECT,RETURN_PROPAGATED,0x00336640->0x0013cc10,ptr_int
0x0013d210,0x0013d210,stub_code,a3,int,ptr,DIRECT,RETURN_PROPAGATED,0x00336640->0x0013d210,ptr_int
0x00336360,0x00336360,stub_code,a3,int,ptr,DIRECT,RETURN_PROPAGATED,0x00336640->0x00336360,ptr_int
0x0018f800,0x0018f800,stub_code,a3,int,ptr,DIRECT,RETURN_PROPAGATED,0x00336640->0x0018f800,ptr_int
0x0019fd90,0x0019fd90,stub_code,a0,int,Unknown_a0_c,DIRECT,CALL_PROPAGATED,0x0013c3d0->0x0019fd90,hard
0x0042f498,0x0042f498,,a0,ptr,int,HEURISTIC,CALL_PROPAGATED,0x0013c420->0x0042f498,ptr_int
0x0042f498,0x0042f498,,a2,ptr,int,HEURISTIC,CALL_PROPAGATED,0x0013c420->0x0042f498,ptr_int
0x0043af80,0x0043af80,,a2,ptr,int,HEURISTIC,CALL_PROPAGATED,0x0013cc10->0x0043af80,ptr_int
0x0043af80,0x0043af80,,a3,ptr,int,HEURISTIC,CALL_PROPAGATED,0x0013cc10->0x0043af80,ptr_int
0x0043b320,0x0043b320,,a2,ptr,int,HEURISTIC,CALL_PROPAGATED,0x0013cc10->0x0043b320,ptr_int
0x0043b320,0x0043b320,,a3,ptr,int,HEURISTIC,CALL_PROPAGATED,0x0013cc10->0x0043b320,ptr_int
0x001207f0,0x001207f0,,a2,ptr,int,HEURISTIC,CALL_PROPAGATED,0x0013cc10->0x001207f0,ptr_int
0x001207f0,0x001207f0,,a3,ptr,int,HEURISTIC,CALL_PROPAGATED,0x0013cc10->0x001207f0,ptr_int
0x001207c0,FUN_001207c0,real_logic,a2,ptr,int,HEURISTIC,CALL_PROPAGATED,0x0013cc10->0x001207c0,ptr_int
0x001207c0,FUN_001207c0,real_logic,a3,ptr,int,HEURISTIC,CALL_PROPAGATED,0x0013cc10->0x001207c0,ptr_int
0x001207b0,0x001207b0,,a2,ptr,int,HEURISTIC,CALL_PROPAGATED,0x0013cc10->0x001207b0,ptr_int
0x001207b0,0x001207b0,,a3,ptr,int,HEURISTIC,CALL_PROPAGATED,0x0013cc10->0x001207b0,ptr_int
0x00120780,0x00120780,,a2,ptr,int,HEURISTIC,CALL_PROPAGATED,0x0013cc10->0x00120780,ptr_int
0x00120780,0x00120780,,a3,ptr,int,HEURISTIC,CALL_PROPAGATED,0x0013cc10->0x00120780,ptr_int
0x00120750,FUN_00120750,real_logic,a2,ptr,int,HEURISTIC,CALL_PROPAGATED,0x0013cc10->0x00120750,ptr_int
0x00120750,FUN_00120750,real_logic,a3,ptr,int,HEURISTIC,CALL_PROPAGATED,0x0013cc10->0x00120750,ptr_int
0x00120720,FUN_00120720,real_logic,a2,ptr,int,HEURISTIC,CALL_PROPAGATED,0x0013cc10->0x00120720,ptr_int
0x00120720,FUN_00120720,real_logic,a3,ptr,int,HEURISTIC,CALL_PROPAGATED,0x0013cc10->0x00120720,ptr_int
0x001206f0,FUN_001206f0,real_logic,a3,ptr,int,HEURISTIC,CALL_PROPAGATED,0x0013cc10->0x001206f0,ptr_int
0x001206d0,0x001206d0,,a3,ptr,int,HEURISTIC,CALL_PROPAGATED,0x0013cc10->0x001206d0,ptr_int
0x001206c0,0x001206c0,,a3,ptr,int,HEURISTIC,CALL_PROPAGATED,0x0013cc10->0x001206c0,ptr_int
0x0043af80,0x0043af80,,a0,ptr,int,HEURISTIC,CALL_PROPAGATED,0x0013d7d0->0x0043af80,ptr_int
0x0043b320,0x0043b320,,a0,ptr,int,HEURISTIC,CALL_PROPAGATED,0x0013d7d0->0x0043b320,ptr_int
0x0028c580,0x0028c580,stub_code,a0,Unknown_a0_34,int,DIRECT,CALL_PROPAGATED,0x0013d7d0->0x0028c580,hard
0x00136160,0x00136160,,a3,ptr,int,HEURISTIC,CALL_PROPAGATED,0x0013d7d0->0x00136160,ptr_int
0x00136050,0x00136050,stub_code,a3,ptr,int,HEURISTIC,CALL_PROPAGATED,0x0013d7d0->0x00136050,ptr_int
0x0013e0b0,0x0013e0b0,stub_code,a0,Unknown_a0_4_8,int,DIRECT,CALL_PROPAGATED,0x0013dfd0->0x0013e0b0,hard
0x0023c5f0,0x0023c5f0,stub_code,a0,int,ptr,DIRECT,CALL_PROPAGATED,0x0013efc0->0x0023c5f0,ptr_int
0x0023c5f0,0x0023c5f0,stub_code,a2,int,ptr,DIRECT,CALL_PROPAGATED,0x0013efc0->0x0023c5f0,ptr_int
0x001545c0,0x001545c0,stub_code,a1,int,ptr,DIRECT,RETURN_PROPAGATED,0x00238120->0x001545c0,ptr_int
0x002bf300,0x002bf300,stub_code,a1,int,Unknown_a0_0,DIRECT,CALL_PROPAGATED,0x001404a0->0x002bf300,hard
0x002c0130,0x002c0130,stub_code,a1,int,ptr,DIRECT,RETURN_PROPAGATED,0x00296c70->0x002c0130,ptr_int
0x002ca540,0x002ca540,stub_code,a1,int,ptr,DIRECT,RETURN_PROPAGATED,0x00296c70->0x002ca540,ptr_int
0x002c0540,0x002c0540,stub_code,a0,Unknown_a0_8,int,DIRECT,CALL_PROPAGATED,0x001407f0->0x002c0540,hard
0x002a92d0,0x002a92d0,,a1,Unknown_a0_0,int,CALL_PROPAGATED,CALL_PROPAGATED,0x001407f0->0x002a92d0,hard
0x002beaa0,0x002beaa0,,a1,Unknown_a0_0,int,CALL_PROPAGATED,CALL_PROPAGATED,0x001407f0->0x002beaa0,hard
0x00151b70,0x00151b70,stub_code,a0,int,ptr,DIRECT,RETURN_PROPAGATED,0x0042f3a0->0x00151b70,ptr_int
0x00151310,0x00151310,stub_code,a3,int,ptr,DIRECT,RETURN_PROPAGATED,0x00428df8->0x00151310,ptr_int
0x001124f0,0x001124f0,stub_code,a3,int,ptr,DIRECT,RETURN_PROPAGATED,0x00428df8->0x001124f0,ptr_int
0x00151160,0x00151160,stub_code,a3,int,ptr,DIRECT,RETURN_PROPAGATED,0x00428df8->0x00151160,ptr_int
0x001516c0,0x001516c0,stub_code,a3,int,ptr,DIRECT,RETURN_PROPAGATED,0x00428df8->0x001516c0,ptr_int
0x00151b70,0x00151b70,stub_code,a3,int,ptr,DIRECT,RETURN_PROPAGATED,0x00428df8->0x00151b70,ptr_int
0x001514f0,0x001514f0,stub_code,a1,int,ptr,DIRECT,RETURN_PROPAGATED,0x00428df8->0x001514f0,ptr_int
0x0010c610,0x0010c610,,a1,ptr,int,RETURN_PROPAGATED,CALL_PROPAGATED,0x001410e0->0x0010c610,ptr_int
0x0010c610,0x0010c610,,a2,ptr,int,HEURISTIC,CALL_PROPAGATED,0x001410e0->0x0010c610,ptr_int
0x00151310,0x00151310,stub_code,a1,int,ptr,DIRECT,RETURN_PROPAGATED,0x00129990->0x00151310,ptr_int
0x002beaa0,0x002beaa0,,a0,ptr,int,HEURISTIC,CALL_PROPAGATED,0x001415d0->0x002beaa0,ptr_int
0x002b6f60,0x002b6f60,stub_code,a0,Unknown_a0_10,int,DIRECT,CALL_PROPAGATED,0x00141600->0x002b6f60,hard
0x00134ec0,FUN_00134ec0,real_logic,a1,ptr,int,HEURISTIC,CALL_PROPAGATED,0x00141600->0x00134ec0,ptr_int
0x00184850,0x00184850,stub_code,a2,int,ptr,DIRECT,RETURN_PROPAGATED,0x00128030->0x00184850,ptr_int
0x00151b70,0x00151b70,stub_code,a2,int,ptr,DIRECT,RETURN_PROPAGATED,0x00128030->0x00151b70,ptr_int
0x00151160,0x00151160,stub_code,a2,int,ptr,DIRECT,RETURN_PROPAGATED,0x00128030->0x00151160,ptr_int
0x002beaa0,0x002beaa0,,a2,int,ptr,CALL_PROPAGATED,RETURN_PROPAGATED,0x00128030->0x002beaa0,ptr_int
0x002b6cc0,0x002b6cc0,stub_code,a2,int,ptr,DIRECT,RETURN_PROPAGATED,0x00128030->0x002b6cc0,ptr_int
0x001858f0,0x001858f0,,a3,ptr,int,HEURISTIC,CALL_PROPAGATED,0x00141bd0->0x001858f0,ptr_int
0x00151b70,0x00151b70,stub_code,a1,int,ptr,DIRECT,RETURN_PROPAGATED,0x002b6f50->0x00151b70,ptr_int
0x00151160,0x00151160,stub_code,a1,int,ptr,DIRECT,RETURN_PROPAGATED,0x002b6f50->0x00151160,ptr_int
0x00128130,0x00128130,,a1,int,ptr,HEURISTIC,RETURN_PROPAGATED,0x002beaa0->0x00128130,ptr_int
0x002b6f50,0x002b6f50,,a0,int,ptr,CALL_PROPAGATED,CALL_PROPAGATED,0x00141ec0->0x002b6f50,ptr_int
0x002b6cc0,0x002b6cc0,stub_code,a0,int,ptr,DIRECT,CALL_PROPAGATED,0x00141ec0->0x002b6cc0,ptr_int
0x002b6cc0,0x002b6cc0,stub_code,a1,int,ptr,DIRECT,RETURN_PROPAGATED,0x002beaa0->0x002b6cc0,ptr_int
0x00200190,0x00200190,stub_code,a0,ptr,int,STRUCT_FIELD,CALL_PROPAGATED,0x00142050->0x00200190,ptr_int
0x0042f3a0,0x0042f3a0,,a1,ptr,int,HEURISTIC,CALL_PROPAGATED,0x00142050->0x0042f3a0,ptr_int
0x001876e0,0x001876e0,stub_code,a1,int,ptr,DIRECT,RETURN_PROPAGATED,0x0042f3a0->0x001876e0,ptr_int
0x0020ea70,0x0020ea70,stub_code,a0,Unknown_a0_4,int,DIRECT,CALL_PROPAGATED,0x00142280->0x0020ea70,hard
0x0012f4d0,0x0012f4d0,,a3,int,ptr,CALL_PROPAGATED,RETURN_PROPAGATED,0x0042f3a0->0x0012f4d0,ptr_int
0x00118e60,0x00118e60,,a3,int,ptr,CALL_PROPAGATED,RETURN_PROPAGATED,0x0042f3a0->0x00118e60,ptr_int
0x00185e40,0x00185e40,,a2,ptr,int,HEURISTIC,CALL_PROPAGATED,0x00142730->0x00185e40,ptr_int
0x00118e60,0x00118e60,,a2,ptr,int,HEURISTIC,CALL_PROPAGATED,0x00142730->0x00118e60,ptr_int
0x001861c0,0x001861c0,,a2,ptr,int,HEURISTIC,CALL_PROPAGATED,0x00142730->0x001861c0,ptr_int
0x0012f4d0,0x0012f4d0,,a2,ptr,int,HEURISTIC,CALL_PROPAGATED,0x00142730->0x0012f4d0,ptr_int
0x00200290,0x00200290,stub_code,a2,int,ptr,DIRECT,RETURN_PROPAGATED,0x0012f4d0->0x00200290,ptr_int
0x00152760,0x00152760,,a2,int,ptr,CALL_PROPAGATED,RETURN_PROPAGATED,0x0012f4d0->0x00152760,ptr_int
0x00185030,0x00185030,,a1,int,ptr,CALL_PROPAGATED,RETURN_PROPAGATED,0x001124f0->0x00185030,ptr_int
0x00185030,0x00185030,,a2,int,ptr,CALL_PROPAGATED,RETURN_PROPAGATED,0x001124f0->0x00185030,ptr_int
0x001124f0,0x001124f0,stub_code,a2,int,ptr,DIRECT,RETURN_PROPAGATED,0x001124f0->0x001124f0,ptr_int
0x00151310,0x00151310,stub_code,a2,int,ptr,DIRECT,RETURN_PROPAGATED,0x001124f0->0x00151310,ptr_int
0x00185040,0x00185040,,a2,int,ptr,CALL_PROPAGATED,RETURN_PROPAGATED,0x001124f0->0x00185040,ptr_int
0x0042aa40,0x0042aa40,stub_code,a2,int,ptr,DIRECT,RETURN_PROPAGATED,0x001124f0->0x0042aa40,ptr_int
0x00142cc0,0x00142cc0,stub_code,a2,int,ptr,DIRECT,RETURN_PROPAGATED,0x001124f0->0x00142cc0,ptr_int
0x00142cc0,0x00142cc0,stub_code,a1,int,ptr,DIRECT,RETURN_PROPAGATED,0x001124f0->0x00142cc0,ptr_int
0x00151160,0x00151160,stub_code,a0,int,ptr,DIRECT,RETURN_PROPAGATED,0x00142cc0->0x00151160,ptr_int
0x00429538,0x00429538,,a0,ptr,int,HEURISTIC,CALL_PROPAGATED,0x00144120->0x00429538,ptr_int
0x00429538,0x00429538,,a1,ptr,int,HEURISTIC,CALL_PROPAGATED,0x00144120->0x00429538,ptr_int
0x0023c590,0x0023c590,stub_code,a3,int,ptr,DIRECT,CALL_PROPAGATED,0x00144260->0x0023c590,ptr_int
0x001e0770,0x001e0770,,a3,int,ptr,HEURISTIC,RETURN_PROPAGATED,0x0023c590->0x001e0770,ptr_int
0x00296c70,0x00296c70,stub_code,a3,int,ptr,DIRECT,RETURN_PROPAGATED,0x0023c590->0x00296c70,ptr_int
0x00296c70,0x00296c70,stub_code,a1,int,ptr,DIRECT,RETURN_PROPAGATED,0x00296c70->0x00296c70,ptr_int
0x0023c680,0x0023c680,stub_code,a2,int,ptr,DIRECT,RETURN_PROPAGATED,0x0018dbf0->0x0023c680,ptr_int
0x00429538,0x00429538,,a2,ptr,int,RETURN_PROPAGATED,CALL_PROPAGATED,0x00144a30->0x00429538,ptr_int
0x002a92d0,0x002a92d0,,a0,ptr,int,RETURN_PROPAGATED,CALL_PROPAGATED,0x00144cb0->0x002a92d0,ptr_int
0x002beaa0,0x002beaa0,,a0,Unknown_a0_0_4,int,CALL_PROPAGATED,CALL_PROPAGATED,0x00144cb0->0x002beaa0,hard
0x001afc10,0x001afc10,,a0,ptr,int,HEURISTIC,CALL_PROPAGATED,0x001450d0->0x001afc10,ptr_int
0x001afc10,0x001afc10,,a1,ptr,int,RETURN_PROPAGATED,CALL_PROPAGATED,0x001450d0->0x001afc10,ptr_int
0x002bf300,0x002bf300,stub_code,a1,int,Unknown_a0_0_4,DIRECT,CALL_PROPAGATED,0x00145230->0x002bf300,hard
0x00145d80,0x00145d80,stub_code,a1,int,ptr,DIRECT,RETURN_PROPAGATED,0x00238120->0x00145d80,ptr_int
0x0014e250,0x0014e250,stub_code,a1,int,ptr,DIRECT,RETURN_PROPAGATED,0x00238120->0x0014e250,ptr_int
0x00128070,0x00128070,stub_code,a1,int,ptr,DIRECT,RETURN_PROPAGATED,0x00238120->0x00128070,ptr_int
0x001456d0,0x001456d0,stub_code,a0,Unknown_a0_24,int,DIRECT,CALL_PROPAGATED,0x00145420->0x001456d0,hard
0x00200410,0x00200410,stub_code,a0,Unknown_a0_8_294,int,DIRECT,CALL_PROPAGATED,0x00145420->0x00200410,hard
0x00200290,0x00200290,stub_code,a0,Unknown_a0_8_294,int,DIRECT,CALL_PROPAGATED,0x00145420->0x00200290,hard
0x001ff8c0,0x001ff8c0,stub_code,a0,Unknown_a0_2ac,Unknown_a0_24,DIRECT,CALL_PROPAGATED,0x001456d0->0x001ff8c0,hard
0x002c0a30,0x002c0a30,stub_code,a2,int,ptr,DIRECT,RETURN_PROPAGATED,0x00128030->0x002c0a30,ptr_int
0x00185e40,0x00185e40,,a0,ptr,int,HEURISTIC,CALL_PROPAGATED,0x00145c50->0x00185e40,ptr_int
0x001606e0,0x001606e0,,a3,ptr,int,HEURISTIC,CALL_PROPAGATED,0x00145c50->0x001606e0,ptr_int
0x00428c50,FUN_00428c50,real_c,a1,int,ptr,DIRECT,RETURN_PROPAGATED,0x001124f0->0x00428c50,ptr_int
0x001f3e20,0x001f3e20,stub_code,a1,int,ptr,DIRECT,RETURN_PROPAGATED,0x00428c50->0x001f3e20,ptr_int
0x0058a7a0,0x0058a7a0,,a2,int,ptr,CALL_PROPAGATED,RETURN_PROPAGATED,0x004c31b0->0x0058a7a0,ptr_int
0x0058a7a0,0x0058a7a0,,a3,int,ptr,CALL_PROPAGATED,RETURN_PROPAGATED,0x004c31b0->0x0058a7a0,ptr_int
0x0058b030,0x0058b030,,a3,int,ptr,HEURISTIC,RETURN_PROPAGATED,0x004c31b0->0x0058b030,ptr_int
0x002ea5b0,0x002ea5b0,stub_code,a2,int,ptr,DIRECT,RETURN_PROPAGATED,0x004c31b0->0x002ea5b0,ptr_int
0x0059ed50,0x0059ed50,stub_code,a2,int,ptr,DIRECT,RETURN_PROPAGATED,0x004c31b0->0x0059ed50,ptr_int
0x00513f30,FUN_00513f30,pseudo_stub,a2,int,ptr,DIRECT,RETURN_PROPAGATED,0x004c31b0->0x00513f30,ptr_int
0x005a48b0,0x005a48b0,stub_code,a2,int,ptr,DIRECT,RETURN_PROPAGATED,0x004c31b0->0x005a48b0,ptr_int
0x004c4940,0x004c4940,stub_code,a2,int,ptr,DIRECT,RETURN_PROPAGATED,0x004c31b0->0x004c4940,ptr_int
0x004c0d40,0x004c0d40,stub_code,a2,int,ptr,DIRECT,RETURN_PROPAGATED,0x004c31b0->0x004c0d40,ptr_int
0x002bfee0,0x002bfee0,stub_code,a1,int,ptr,DIRECT,RETURN_PROPAGATED,0x00428df8->0x002bfee0,ptr_int
0x00186710,0x00186710,stub_code,a1,int,ptr,DIRECT,RETURN_PROPAGATED,0x00428df8->0x00186710,ptr_int
0x002c0860,0x002c0860,stub_code,a1,int,ptr,DIRECT,RETURN_PROPAGATED,0x00428df8->0x002c0860,ptr_int
0x00147460,0x00147460,stub_code,a0,ptr,int,STRUCT_FIELD,CALL_PROPAGATED,0x00147400->0x00147460,ptr_int
0x00238120,0x00238120,,a3,int,ptr,CALL_PROPAGATED,CALL_PROPAGATED,0x00147460->0x00238120,ptr_int
0x00248120,0x00248120,stub_code,a3,int,ptr,DIRECT,CALL_PROPAGATED,0x00147460->0x00248120,ptr_int
0x00186710,0x00186710,stub_code,a0,Unknown_a0_8,int,DIRECT,CALL_PROPAGATED,0x001478f0->0x00186710,hard
0x0014b930,0x0014b930,stub_code,a3,Unknown_a3_0,int,DIRECT,CALL_PROPAGATED,0x001478f0->0x0014b930,hard
0x00187d30,0x00187d30,stub_code,a3,Unknown_a3_0,int,DIRECT,CALL_PROPAGATED,0x00147e60->0x00187d30,hard
0x00188080,FUN_00188080,pseudo_stub,a2,Unknown_a2_0,int,DIRECT,CALL_PROPAGATED,0x00147eb0->0x00188080,hard
0x00188080,FUN_00188080,pseudo_stub,a3,Unknown_a3_0,int,DIRECT,CALL_PROPAGATED,0x00147eb0->0x00188080,hard
0x00182ad0,0x00182ad0,,a0,ptr,int,HEURISTIC,CALL_PROPAGATED,0x00148210->0x00182ad0,ptr_int
0x00114cf0,FUN_00114cf0,real_logic,a0,int,ptr,DIRECT,RETURN_PROPAGATED,0x0042f3a0->0x00114cf0,ptr_int
0x00150700,0x00150700,,a0,ptr,int,HEURISTIC,CALL_PROPAGATED,0x00148910->0x00150700,ptr_int
0x00150d60,0x00150d60,stub_code,a1,int,ptr,DIRECT,RETURN_PROPAGATED,0x00238120->0x00150d60,ptr_int
0x00114c60,0x00114c60,,a0,ptr,int,HEURISTIC,CALL_PROPAGATED,0x00148c30->0x00114c60,ptr_int
0x0014ac80,0x0014ac80,stub_code,a3,int,ptr,DIRECT,RETURN_PROPAGATED,0x0023c590->0x0014ac80,ptr_int
0x00150fd0,0x00150fd0,stub_code,a3,int,ptr,DIRECT,RETURN_PROPAGATED,0x0023c590->0x00150fd0,ptr_int
0x0014aef0,0x0014aef0,stub_code,a3,int,ptr,DIRECT,RETURN_PROPAGATED,0x0023c590->0x0014aef0,ptr_int
0x00295c80,0x00295c80,stub_code,a3,int,ptr,DIRECT,RETURN_PROPAGATED,0x0023c590->0x00295c80,ptr_int
0x002a92b0,0x002a92b0,,a3,int,ptr,CALL_PROPAGATED,RETURN_PROPAGATED,0x0023c590->0x002a92b0,ptr_int
0x00150ea0,0x00150ea0,stub_code,a0,int,ptr,DIRECT,RETURN_PROPAGATED,0x0042f3a0->0x00150ea0,ptr_int
0x00150ea0,0x00150ea0,stub_code,a1,int,ptr,DIRECT,RETURN_PROPAGATED,0x0042f3a0->0x00150ea0,ptr_int
0x0014be20,0x0014be20,stub_code,a0,int,ptr,DIRECT,CALL_PROPAGATED,0x0014b930->0x0014be20,ptr_int
0x0014be20,0x0014be20,stub_code,a3,int,Unknown_a3_0,DIRECT,CALL_PROPAGATED,0x0014b930->0x0014be20,hard
0x00296c70,0x00296c70,stub_code,a3,int,Unknown_a3_0,DIRECT,CALL_PROPAGATED,0x0014b930->0x00296c70,hard
0x00151160,0x00151160,stub_code,a3,int,Unknown_a3_0,DIRECT,CALL_PROPAGATED,0x0014b930->0x00151160,hard
0x0014bef0,0x0014bef0,stub_code,a3,int,Unknown_a3_0,DIRECT,CALL_PROPAGATED,0x0014b930->0x0014bef0,hard
0x0024ee10,0x0024ee10,stub_code,a0,ptr,int,STRUCT_FIELD,CALL_PROPAGATED,0x0014bdc0->0x0024ee10,ptr_int
0x0042f5b8,0x0042f5b8,,a2,int,ptr,CALL_PROPAGATED,RETURN_PROPAGATED,0x00296c70->0x0042f5b8,ptr_int
0x0042f5b8,0x0042f5b8,,a3,int,ptr,CALL_PROPAGATED,RETURN_PROPAGATED,0x0023c590->0x0042f5b8,ptr_int
0x00296c70,0x00296c70,stub_code,a2,int,ptr,DIRECT,RETURN_PROPAGATED,0x00296c70->0x00296c70,ptr_int
0x0014cfa0,0x0014cfa0,stub_code,a0,int,ptr,DIRECT,RETURN_PROPAGATED,0x0014cfa0->0x0014cfa0,ptr_int
0x0010e940,0x0010e940,stub_code,a0,ptr,int,STRUCT_FIELD,CALL_PROPAGATED,0x0014d0f0->0x0010e940,ptr_int
0x0010e060,0x0010e060,stub_code,a1,int,ptr,DIRECT,RETURN_PROPAGATED,0x00238120->0x0010e060,ptr_int
0x00149cd0,0x00149cd0,stub_code,a1,int,ptr,DIRECT,RETURN_PROPAGATED,0x00111ab0->0x00149cd0,ptr_int
0x0013e590,0x0013e590,,a1,int,ptr,HEURISTIC,RETURN_PROPAGATED,0x00111ab0->0x0013e590,ptr_int
0x00150d60,0x00150d60,stub_code,a2,int,ptr,DIRECT,RETURN_PROPAGATED,0x00238120->0x00150d60,ptr_int
0x0010f000,0x0010f000,,a0,ptr,int,HEURISTIC,CALL_PROPAGATED,0x0014d830->0x0010f000,ptr_int
0x0010f000,0x0010f000,,a1,ptr,int,RETURN_PROPAGATED,CALL_PROPAGATED,0x0014d830->0x0010f000,ptr_int
0x0013e630,0x0013e630,,a1,ptr,int,HEURISTIC,CALL_PROPAGATED,0x0014d970->0x0013e630,ptr_int
0x0010f010,0x0010f010,,a0,ptr,int,HEURISTIC,CALL_PROPAGATED,0x0014de80->0x0010f010,ptr_int
0x0014f9b0,0x0014f9b0,stub_code,a3,int,ptr,DIRECT,RETURN_PROPAGATED,0x0023c590->0x0014f9b0,ptr_int
0x002a92b0,0x002a92b0,,a2,ptr,int,RETURN_PROPAGATED,CALL_PROPAGATED,0x0014ed40->0x002a92b0,ptr_int
0x002971b0,0x002971b0,stub_code,a0,int,ptr,DIRECT,RETURN_PROPAGATED,0x002a92b0->0x002971b0,ptr_int
0x0042f3a0,0x0042f3a0,,a0,int,ptr,HEURISTIC,RETURN_PROPAGATED,0x0042f3a0->0x0042f3a0,ptr_int
0x0014ccf0,0x0014ccf0,stub_code,a0,int,ptr,DIRECT,RETURN_PROPAGATED,0x0042f3a0->0x0014ccf0,ptr_int
0x0014dbe0,0x0014dbe0,stub_code,a0,int,ptr,DIRECT,RETURN_PROPAGATED,0x0042f3a0->0x0014dbe0,ptr_int
0x0014bd60,0x0014bd60,,a0,int,ptr,HEURISTIC,RETURN_PROPAGATED,0x0042f3a0->0x0014bd60,ptr_int
0x0014ddc0,0x0014ddc0,stub_code,a0,int,ptr,DIRECT,RETURN_PROPAGATED,0x0042f3a0->0x0014ddc0,ptr_int
0x0014ed40,0x0014ed40,stub_code,a0,int,ptr,DIRECT,RETURN_PROPAGATED,0x0042f3a0->0x0014ed40,ptr_int
0x001124f0,0x001124f0,stub_code,a1,int,ptr,DIRECT,RETURN_PROPAGATED,0x001124f0->0x001124f0,ptr_int
0x00150ea0,0x00150ea0,stub_code,a3,int,ptr,DIRECT,RETURN_PROPAGATED,0x0042f5b8->0x00150ea0,ptr_int
0x0023c680,0x0023c680,stub_code,a3,int,ptr,DIRECT,RETURN_PROPAGATED,0x0042f5b8->0x0023c680,ptr_int
0x001f3e20,0x001f3e20,stub_code,a3,int,ptr,DIRECT,RETURN_PROPAGATED,0x0042f5b8->0x001f3e20,ptr_int
0x005fa760,0x005fa760,stub_code,a0,int,ptr,DIRECT,RETURN_PROPAGATED,0x001f3e20->0x005fa760,ptr_int
0x005fa760,0x005fa760,stub_code,a3,int,ptr,HEURISTIC,RETURN_PROPAGATED,0x0042f5b8->0x005fa760,ptr_int
0x005fa7d0,0x005fa7d0,stub_code,a0,int,ptr,DIRECT,RETURN_PROPAGATED,0x001f3e20->0x005fa7d0,ptr_int
0x0013e640,0x0013e640,,a2,int,ptr,CALL_PROPAGATED,RETURN_PROPAGATED,0x0042f3a0->0x0013e640,ptr_int
0x0010e290,0x0010e290,,a2,int,ptr,HEURISTIC,RETURN_PROPAGATED,0x0042f3a0->0x0010e290,ptr_int
0x002b5e70,0x002b5e70,stub_code,a0,ptr,int,STRUCT_FIELD,CALL_PROPAGATED,0x00150d60->0x002b5e70,ptr_int
0x002b4a00,0x002b4a00,stub_code,a0,Unknown_a0_4,int,DIRECT,CALL_PROPAGATED,0x001518e0->0x002b4a00,hard
0x00152260,0x00152260,stub_code,a0,int,ptr,DIRECT,CALL_PROPAGATED,0x00152040->0x00152260,ptr_int
0x00152260,0x00152260,stub_code,a1,int,ptr,DIRECT,CALL_PROPAGATED,0x00152040->0x00152260,ptr_int
0x00152180,0x00152180,stub_code,a1,int,ptr,DIRECT,CALL_PROPAGATED,0x00152040->0x00152180,ptr_int
0x001521e0,0x001521e0,stub_code,a0,int,ptr,DIRECT,CALL_PROPAGATED,0x00152040->0x001521e0,ptr_int
0x001521e0,0x001521e0,stub_code,a1,int,ptr,DIRECT,CALL_PROPAGATED,0x00152040->0x001521e0,ptr_int
0x00152600,0x00152600,stub_code,a0,int,ptr,DIRECT,CALL_PROPAGATED,0x001520f0->0x00152600,ptr_int
0x00152600,0x00152600,stub_code,a2,int,ptr,DIRECT,CALL_PROPAGATED,0x001520f0->0x00152600,ptr_int
0x00152660,0x00152660,,a2,ptr,int,CALL_PROPAGATED,CALL_PROPAGATED,0x00152180->0x00152660,ptr_int
0x00152660,0x00152660,,a3,ptr,int,HEURISTIC,CALL_PROPAGATED,0x00152180->0x00152660,ptr_int
0x001525b0,0x001525b0,stub_code,a0,int,Unknown_a0_4,DIRECT,CALL_PROPAGATED,0x00152180->0x001525b0,hard
0x001282a0,0x001282a0,stub_code,a2,ptr,int,HEURISTIC,CALL_PROPAGATED,0x001521e0->0x001282a0,ptr_int
0x00185b80,0x00185b80,stub_code,a1,int,ptr,DIRECT,RETURN_PROPAGATED,0x00238120->0x00185b80,ptr_int
0x0012f190,0x0012f190,,a2,int,ptr,CALL_PROPAGATED,RETURN_PROPAGATED,0x00238120->0x0012f190,ptr_int
0x0012f190,0x0012f190,,a3,int,ptr,CALL_PROPAGATED,RETURN_PROPAGATED,0x00238120->0x0012f190,ptr_int
0x0013e590,0x0013e590,,a2,int,ptr,CALL_PROPAGATED,RETURN_PROPAGATED,0x00238120->0x0013e590,ptr_int
0x0013e590,0x0013e590,,a3,int,ptr,CALL_PROPAGATED,RETURN_PROPAGATED,0x00238120->0x0013e590,ptr_int
0x0012e2c0,0x0012e2c0,stub_code,a2,int,ptr,DIRECT,RETURN_PROPAGATED,0x00238120->0x0012e2c0,ptr_int
0x0012e2c0,0x0012e2c0,stub_code,a3,int,ptr,DIRECT,RETURN_PROPAGATED,0x00238120->0x0012e2c0,ptr_int
0x004be0e0,0x004be0e0,,a1,ptr,int,HEURISTIC,CALL_PROPAGATED,0x00152780->0x004be0e0,ptr_int
0x004be0e0,0x004be0e0,,a2,ptr,int,HEURISTIC,CALL_PROPAGATED,0x00152780->0x004be0e0,ptr_int
0x0012d930,0x0012d930,,a1,int,Unknown_a1_14,CALL_PROPAGATED,CALL_PROPAGATED,0x001528d0->0x0012d930,hard
0x0012db40,0x0012db40,,a1,int,Unknown_a1_14,HEURISTIC,CALL_PROPAGATED,0x001528d0->0x0012db40,hard
0x0011b5d0,0x0011b5d0,,a1,int,Unknown_a1_14,CALL_PROPAGATED,CALL_PROPAGATED,0x001528d0->0x0011b5d0,hard
0x00153610,0x00153610,stub_code,a1,int,Unknown_a1_14,DIRECT,CALL_PROPAGATED,0x001528d0->0x00153610,hard
0x002f7160,0x002f7160,stub_code,a0,int,ptr,DIRECT,RETURN_PROPAGATED,0x0012db40->0x002f7160,ptr_int
0x00117a60,0x00117a60,stub_code,a0,int,ptr,DIRECT,RETURN_PROPAGATED,0x0012db40->0x00117a60,ptr_int
0x0026d230,0x0026d230,stub_code,a1,int,ptr,DIRECT,RETURN_PROPAGATED,0x0010f760->0x0026d230,ptr_int
0x00153670,0x00153670,stub_code,a0,Unknown_a0_0_14_18_1c,int,DIRECT,CALL_PROPAGATED,0x00153610->0x00153670,hard
0x00123920,0x00123920,,a1,ptr,int,HEURISTIC,CALL_PROPAGATED,0x00153dc0->0x00123920,ptr_int
0x001544a0,0x001544a0,,a1,ptr,int,HEURISTIC,CALL_PROPAGATED,0x001540d0->0x001544a0,ptr_int
0x00154350,0x00154350,stub_code,a0,int,Unknown_a0_4,DIRECT,CALL_PROPAGATED,0x001542b0->0x00154350,hard
0x001df270,0x001df270,stub_code,a1,int,ptr,DIRECT,RETURN_PROPAGATED,0x00238120->0x001df270,ptr_int
0x001df540,0x001df540,stub_code,a1,int,ptr,DIRECT,RETURN_PROPAGATED,0x00238120->0x001df540,ptr_int
0x001df910,0x001df910,stub_code,a1,int,ptr,DIRECT,RETURN_PROPAGATED,0x00238120->0x001df910,ptr_int
0x001dfb80,0x001dfb80,stub_code,a1,int,ptr,DIRECT,RETURN_PROPAGATED,0x00238120->0x001dfb80,ptr_int
0x001df6d0,0x001df6d0,stub_code,a1,int,ptr,DIRECT,RETURN_PROPAGATED,0x00238120->0x001df6d0,ptr_int
0x001dfeb0,0x001dfeb0,stub_code,a1,int,ptr,DIRECT,RETURN_PROPAGATED,0x00238120->0x001dfeb0,ptr_int
0x00155410,0x00155410,stub_code,a0,ptr,int,STRUCT_FIELD,CALL_PROPAGATED,0x00154aa0->0x00155410,ptr_int
0x001ff6f0,0x001ff6f0,stub_code,a2,int,ptr,DIRECT,CALL_PROPAGATED,0x00155410->0x001ff6f0,ptr_int
0x001f0320,0x001f0320,stub_code,a1,int,Unknown_a1_c_10,DIRECT,CALL_PROPAGATED,0x00155670->0x001f0320,hard
0x0010ed00,0x0010ed00,,a0,Unknown_a0_c_10,int,CALL_PROPAGATED,CALL_PROPAGATED,0x00155670->0x0010ed00,hard
0x001c0020,0x001c0020,stub_code,a1,Unknown_a1_8,int,DIRECT,CALL_PROPAGATED,0x00155cc0->0x001c0020,hard
0x00154e00,0x00154e00,,a0,int,Unknown_a0_4_8b4,HEURISTIC,CALL_PROPAGATED,0x00156800->0x00154e00,hard
0x00154e00,0x00154e00,,a1,Unknown_a1_c_10,Unknown_a0_4_8b4,CALL_PROPAGATED,CALL_PROPAGATED,0x00156800->0x00154e00,hard
0x0027a250,0x0027a250,stub_code,a1,int,ptr,DIRECT,CALL_PROPAGATED,0x001569e0->0x0027a250,ptr_int
0x001544a0,0x001544a0,,a2,int,Unknown_a0_4_8,HEURISTIC,CALL_PROPAGATED,0x00156a50->0x001544a0,hard
0x00123920,0x00123920,,a2,int,Unknown_a0_4_8,HEURISTIC,CALL_PROPAGATED,0x00156a50->0x00123920,hard
0x00123920,0x00123920,,a3,int,Unknown_a0_4_8,HEURISTIC,CALL_PROPAGATED,0x00156a50->0x00123920,hard
0x00160860,0x00160860,stub_code,a0,int,Unknown_a0_4,DIRECT,CALL_PROPAGATED,0x00156c10->0x00160860,hard
0x0058b350,0x0058b350,,a2,ptr,int,HEURISTIC,CALL_PROPAGATED,0x00156fc0->0x0058b350,ptr_int
0x00167490,0x00167490,,a1,ptr,int,HEURISTIC,CALL_PROPAGATED,0x00157110->0x00167490,ptr_int
0x00167490,0x00167490,,a2,ptr,int,HEURISTIC,CALL_PROPAGATED,0x00157110->0x00167490,ptr_int
0x00167490,0x00167490,,a3,ptr,int,HEURISTIC,CALL_PROPAGATED,0x00157110->0x00167490,ptr_int
0x00167490,0x00167490,,a0,Unknown_a0_4,Unknown_a0_4_10,CALL_PROPAGATED,CALL_PROPAGATED,0x00157140->0x00167490,hard
0x001e5800,0x001e5800,stub_code,a1,int,ptr,DIRECT,CALL_PROPAGATED,0x00157210->0x001e5800,ptr_int
0x001e5800,0x001e5800,stub_code,a2,Unknown_a2_0,int,DIRECT,CALL_PROPAGATED,0x00157210->0x001e5800,hard
0x0027a250,0x0027a250,stub_code,a2,int,ptr,CALL_PROPAGATED,CALL_PROPAGATED,0x00157210->0x0027a250,ptr_int
0x0018f8d0,0x0018f8d0,stub_code,a0,int,ptr,DIRECT,CALL_PROPAGATED,0x001576a0->0x0018f8d0,ptr_int
0x001989b0,0x001989b0,,a1,ptr,int,HEURISTIC,CALL_PROPAGATED,0x00157810->0x001989b0,ptr_int
0x00157f60,0x00157f60,,a0,Unknown_a1_8,Unknown_a0_0_4_8,CALL_PROPAGATED,CALL_PROPAGATED,0x00157960->0x00157f60,hard
0x00157f60,0x00157f60,,a1,Unknown_a1_8,int,CALL_PROPAGATED,CALL_PROPAGATED,0x00157960->0x00157f60,hard
0x00157f70,0x00157f70,stub_code,a0,Unknown_a0_7c,int,DIRECT,CALL_PROPAGATED,0x00157b00->0x00157f70,hard
0x00128060,0x00128060,,a0,int,Unknown_a0_7c,CALL_PROPAGATED,CALL_PROPAGATED,0x00157f70->0x00128060,hard
0x0010e770,0x0010e770,,a0,Unknown_a0_40,Unknown_a0_80,CALL_PROPAGATED,CALL_PROPAGATED,0x00157fd0->0x0010e770,hard
0x0010e780,FUN_0010e780,real_c,a0,Unknown_a0_0_4_8_10,Unknown_a0_80,DIRECT,CALL_PROPAGATED,0x00157fd0->0x0010e780,hard
0x0010e780,FUN_0010e780,real_c,a1,int,Unknown_a1_10,DIRECT,CALL_PROPAGATED,0x00157fd0->0x0010e780,hard
0x001b0f40,0x001b0f40,stub_code,a0,Unknown_a0_0,int,DIRECT,CALL_PROPAGATED,0x00158910->0x001b0f40,hard
0x0015cc30,0x0015cc30,stub_code,a0,ptr,int,STRUCT_FIELD,CALL_PROPAGATED,0x00159640->0x0015cc30,ptr_int
0x001c1ff0,0x001c1ff0,,a3,ptr,int,RETURN_PROPAGATED,CALL_PROPAGATED,0x00159640->0x001c1ff0,ptr_int
0x001c1f50,0x001c1f50,stub_code,a1,int,ptr,DIRECT,RETURN_PROPAGATED,0x00159030->0x001c1f50,ptr_int
0x00397a90,0x00397a90,stub_code,a0,int,ptr,DIRECT,CALL_PROPAGATED,0x00159b70->0x00397a90,ptr_int
0x0015ba70,0x0015ba70,stub_code,a0,Unknown_a0_0,int,DIRECT,CALL_PROPAGATED,0x0015b970->0x0015ba70,hard
0x0015ba70,0x0015ba70,stub_code,a1,Unknown_a1_10,int,DIRECT,CALL_PROPAGATED,0x0015b970->0x0015ba70,hard
0x0015ba30,FUN_0015ba30,real_c,a1,Unknown_a1_0_4_8,int,DIRECT,CALL_PROPAGATED,0x0015b970->0x0015ba30,hard
0x001c1ff0,0x001c1ff0,,a1,ptr,int,RETURN_PROPAGATED,CALL_PROPAGATED,0x0015bc70->0x001c1ff0,ptr_int
0x001c1ff0,0x001c1ff0,,a2,ptr,int,HEURISTIC,CALL_PROPAGATED,0x0015bc70->0x001c1ff0,ptr_int
0x0015da50,0x0015da50,,a1,ptr,int,HEURISTIC,CALL_PROPAGATED,0x0015c320->0x0015da50,ptr_int
0x0015d3b0,0x0015d3b0,,a1,ptr,int,HEURISTIC,CALL_PROPAGATED,0x0015c400->0x0015d3b0,ptr_int
0x001d7e90,0x001d7e90,stub_code,a1,Unknown_a1_0_10_20_2c_30_40_50_78_94,int,DIRECT,CALL_PROPAGATED,0x0015c8d0->0x001d7e90,hard
0x001d8df0,0x001d8df0,stub_code,a1,Unknown_a1_0_10_20_2c_30_40_50_78_94,int,DIRECT,CALL_PROPAGATED,0x0015cad0->0x001d8df0,hard
0x00134e50,0x00134e50,,a2,int,Unknown_a0_38,CALL_PROPAGATED,CALL_PROPAGATED,0x0015ced0->0x00134e50,hard
0x00134e50,0x00134e50,,a3,int,Unknown_a0_38,CALL_PROPAGATED,CALL_PROPAGATED,0x0015ced0->0x00134e50,hard
0x001d9310,0x001d9310,stub_code,a1,Unknown_a1_0_10_20_2c_30_40_50_78_94,int,DIRECT,CALL_PROPAGATED,0x0015d610->0x001d9310,hard
0x00134e50,0x00134e50,,a0,ptr,int,HEURISTIC,CALL_PROPAGATED,0x0015d700->0x00134e50,ptr_int
0x001d85f0,0x001d85f0,stub_code,a1,ptr,int,STRUCT_FIELD,CALL_PROPAGATED,0x0015d910->0x001d85f0,ptr_int
0x00137330,0x00137330,stub_code,a2,int,ptr,DIRECT,CALL_PROPAGATED,0x0015dd20->0x00137330,ptr_int
0x00137330,0x00137330,stub_code,a3,int,ptr,DIRECT,CALL_PROPAGATED,0x0015dd20->0x00137330,ptr_int
0x00130200,0x00130200,stub_code,a2,int,ptr,DIRECT,CALL_PROPAGATED,0x0015dd20->0x00130200,ptr_int
0x00130200,0x00130200,stub_code,a3,int,ptr,DIRECT,CALL_PROPAGATED,0x0015dd20->0x00130200,ptr_int
0x001607f0,0x001607f0,,a0,int,Unknown_a0_8,CALL_PROPAGATED,CALL_PROPAGATED,0x0015df20->0x001607f0,hard
0x00198b60,0x00198b60,stub_code,a0,int,ptr,DIRECT,CALL_PROPAGATED,0x0015e090->0x00198b60,ptr_int
0x00134e50,0x00134e50,,a2,Unknown_a0_38,Unknown_a0_0,CALL_PROPAGATED,CALL_PROPAGATED,0x0015e100->0x00134e50,hard
0x00134e50,0x00134e50,,a3,Unknown_a0_38,Unknown_a0_0,CALL_PROPAGATED,CALL_PROPAGATED,0x0015e100->0x00134e50,hard
0x0015e580,0x0015e580,stub_code,a2,int,Unknown_a0_0,DIRECT,CALL_PROPAGATED,0x0015e580->0x0015e580,hard
0x0015e580,0x0015e580,stub_code,a3,int,Unknown_a0_0,DIRECT,CALL_PROPAGATED,0x0015e580->0x0015e580,hard
0x004b9ee0,0x004b9ee0,stub_code,a3,int,ptr,DIRECT,CALL_PROPAGATED,0x0015f090->0x004b9ee0,ptr_int
0x00201fb0,0x00201fb0,,a3,int,ptr,HEURISTIC,CALL_PROPAGATED,0x0015f090->0x00201fb0,ptr_int
0x00201fb0,0x00201fb0,,a2,int,ptr,HEURISTIC,RETURN_PROPAGATED,0x00165d10->0x00201fb0,ptr_int
0x00160910,0x00160910,,a3,int,ptr,CALL_PROPAGATED,CALL_PROPAGATED,0x0015f090->0x00160910,ptr_int
0x001607f0,0x001607f0,,a2,int,ptr,CALL_PROPAGATED,RETURN_PROPAGATED,0x00165d10->0x001607f0,ptr_int
0x001607f0,0x001607f0,,a3,int,ptr,CALL_PROPAGATED,CALL_PROPAGATED,0x0015f090->0x001607f0,ptr_int
0x0016e610,0x0016e610,stub_code,a3,int,ptr,DIRECT,CALL_PROPAGATED,0x0015f090->0x0016e610,ptr_int
0x0016e610,0x0016e610,stub_code,a2,int,ptr,DIRECT,RETURN_PROPAGATED,0x001607f0->0x0016e610,ptr_int
0x00167100,0x00167100,stub_code,a2,int,ptr,DIRECT,RETURN_PROPAGATED,0x001607f0->0x00167100,ptr_int
0x00167100,0x00167100,stub_code,a3,int,ptr,DIRECT,CALL_PROPAGATED,0x0015f090->0x00167100,ptr_int
0x00171c50,0x00171c50,,a2,int,ptr,HEURISTIC,RETURN_PROPAGATED,0x001607f0->0x00171c50,ptr_int
0x00171c50,0x00171c50,,a3,int,ptr,CALL_PROPAGATED,CALL_PROPAGATED,0x0015f090->0x00171c50,ptr_int
0x00512ee0,0x00512ee0,stub_code,a3,int,ptr,CALL_PROPAGATED,CALL_PROPAGATED,0x0015f090->0x00512ee0,ptr_int
0x005d8550,0x005d8550,,a2,int,ptr,CALL_PROPAGATED,RETURN_PROPAGATED,0x001607f0->0x005d8550,ptr_int
0x005d8550,0x005d8550,,a3,int,ptr,CALL_PROPAGATED,CALL_PROPAGATED,0x0015f090->0x005d8550,ptr_int
0x00160b20,0x00160b20,,a3,int,ptr,CALL_PROPAGATED,CALL_PROPAGATED,0x0015f090->0x00160b20,ptr_int
0x00114b60,0x00114b60,,a3,int,ptr,CALL_PROPAGATED,CALL_PROPAGATED,0x0015f090->0x00114b60,ptr_int
0x00127170,0x00127170,,a3,int,ptr,CALL_PROPAGATED,CALL_PROPAGATED,0x0015f090->0x00127170,ptr_int
0x002e42d0,0x002e42d0,stub_code,a0,Unknown_a0_7c,int,DIRECT,RETURN_PROPAGATED,0x002e41c0->0x002e42d0,hard
0x001ff8c0,0x001ff8c0,stub_code,a0,Unknown_a0_2ac,int,DIRECT,CALL_PROPAGATED,0x00160080->0x001ff8c0,hard
0x001605e0,0x001605e0,,a1,ptr,int,HEURISTIC,CALL_PROPAGATED,0x001604f0->0x001605e0,ptr_int
0x00160ca0,0x00160ca0,,a1,int,ptr,CALL_PROPAGATED,RETURN_PROPAGATED,0x0058b9d0->0x00160ca0,ptr_int
0x001071e0,FUN_001071e0,real_c,a0,Unknown_a0_0_4_8_c_10_14_18_1c_20_24_28_2c_30_34_38_3c,Unknown_a0_f38,DIRECT,CALL_PROPAGATED,0x00160b90->0x001071e0,hard
0x001614d0,0x001614d0,stub_code,a0,int,Unknown_a0_8_20,DIRECT,CALL_PROPAGATED,0x001610f0->0x001614d0,hard
0x00161590,0x00161590,stub_code,a0,Unknown_a0_f38,Unknown_a0_8_20,DIRECT,CALL_PROPAGATED,0x001610f0->0x00161590,hard
0x00154d50,FUN_00154d50,real_logic,a1,ptr,int,STRUCT_FIELD,CALL_PROPAGATED,0x001614d0->0x00154d50,ptr_int
0x001544a0,0x001544a0,,a2,Unknown_a0_4_8,Unknown_a0_f38,CALL_PROPAGATED,CALL_PROPAGATED,0x00161590->0x001544a0,hard
0x00123920,0x00123920,,a2,Unknown_a0_4_8,Unknown_a0_f38,CALL_PROPAGATED,CALL_PROPAGATED,0x00161590->0x00123920,hard
0x00123920,0x00123920,,a3,Unknown_a0_4_8,Unknown_a0_f38,CALL_PROPAGATED,CALL_PROPAGATED,0x00161590->0x00123920,hard
0x00161f90,0x00161f90,stub_code,a1,Unknown_a1_0_4_8_c,int,DIRECT,CALL_PROPAGATED,0x00161800->0x00161f90,hard
0x00136160,0x00136160,,a2,ptr,int,HEURISTIC,CALL_PROPAGATED,0x00161800->0x00136160,ptr_int
0x00161de0,FUN_00161de0,real_logic,a2,Unknown_a2_0_4_8,int,DIRECT,CALL_PROPAGATED,0x00161800->0x00161de0,hard
0x0058d4c0,0x0058d4c0,,a3,int,Unknown_a3_0_4_8,CALL_PROPAGATED,CALL_PROPAGATED,0x00162020->0x0058d4c0,hard
0x00171c70,0x00171c70,,a1,ptr,int,HEURISTIC,CALL_PROPAGATED,0x00162ae0->0x00171c70,ptr_int
0x00171c70,0x00171c70,,a2,ptr,int,RETURN_PROPAGATED,CALL_PROPAGATED,0x00162ae0->0x00171c70,ptr_int
0x005d8600,0x005d8600,,a2,ptr,int,RETURN_PROPAGATED,CALL_PROPAGATED,0x00162ae0->0x005d8600,ptr_int
0x005d8600,0x005d8600,,a3,ptr,int,CALL_PROPAGATED,CALL_PROPAGATED,0x00162ae0->0x005d8600,ptr_int
0x001606e0,0x001606e0,,a2,ptr,int,HEURISTIC,CALL_PROPAGATED,0x00162ae0->0x001606e0,ptr_int
0x001719b0,0x001719b0,,a1,int,ptr,CALL_PROPAGATED,CALL_PROPAGATED,0x001633a0->0x001719b0,ptr_int
0x005d8550,0x005d8550,,a1,int,ptr,CALL_PROPAGATED,CALL_PROPAGATED,0x001633a0->0x005d8550,ptr_int
0x00171930,0x00171930,stub_code,a1,int,ptr,DIRECT,CALL_PROPAGATED,0x001633a0->0x00171930,ptr_int
0x00171930,0x00171930,stub_code,a2,int,ptr,DIRECT,CALL_PROPAGATED,0x001633a0->0x00171930,ptr_int
0x00171e10,0x00171e10,stub_code,a1,int,ptr,DIRECT,CALL_PROPAGATED,0x001633a0->0x00171e10,ptr_int
0x00171e10,0x00171e10,stub_code,a2,int,ptr,DIRECT,CALL_PROPAGATED,0x001633a0->0x00171e10,ptr_int
0x001719b0,0x001719b0,,a2,int,ptr,CALL_PROPAGATED,CALL_PROPAGATED,0x001633a0->0x001719b0,ptr_int
0x00171ce0,0x00171ce0,,a1,Unknown_a1_8,int,CALL_PROPAGATED,CALL_PROPAGATED,0x001637a0->0x00171ce0,hard
0x001673e0,0x001673e0,stub_code,a0,int,ptr,DIRECT,CALL_PROPAGATED,0x00164170->0x001673e0,ptr_int
0x001ffbe0,0x001ffbe0,stub_code,a2,int,ptr,DIRECT,RETURN_PROPAGATED,0x001606e0->0x001ffbe0,ptr_int
0x00114b60,0x00114b60,,a2,int,ptr,CALL_PROPAGATED,RETURN_PROPAGATED,0x001606e0->0x00114b60,ptr_int
0x00127170,0x00127170,,a2,int,ptr,CALL_PROPAGATED,RETURN_PROPAGATED,0x001606e0->0x00127170,ptr_int
0x001ff6f0,0x001ff6f0,stub_code,a3,int,ptr,DIRECT,RETURN_PROPAGATED,0x001606e0->0x001ff6f0,ptr_int
0x001ff880,0x001ff880,stub_code,a3,int,ptr,DIRECT,RETURN_PROPAGATED,0x001606e0->0x001ff880,ptr_int
0x00202080,0x00202080,stub_code,a0,int,ptr,DIRECT,CALL_PROPAGATED,0x001658f0->0x00202080,ptr_int
0x00202080,0x00202080,stub_code,a1,int,ptr,DIRECT,CALL_PROPAGATED,0x001658f0->0x00202080,ptr_int
0x001ff6f0,0x001ff6f0,stub_code,a1,int,ptr,DIRECT,CALL_PROPAGATED,0x001658f0->0x001ff6f0,ptr_int
0x001ffbe0,0x001ffbe0,stub_code,a3,ptr,int,STRUCT_FIELD,CALL_PROPAGATED,0x001658f0->0x001ffbe0,ptr_int
0x00165e70,FUN_00165e70,real_c,a0,ptr,int,STRUCT_FIELD,CALL_PROPAGATED,0x00165f60->0x00165e70,ptr_int
0x00166040,0x00166040,stub_code,a0,ptr,int,STRUCT_FIELD,CALL_PROPAGATED,0x00165f60->0x00166040,ptr_int
0x00166870,0x00166870,stub_code,a0,Unknown_a0_40,int,DIRECT,CALL_PROPAGATED,0x00165f60->0x00166870,hard
0x00166e20,0x00166e20,stub_code,a0,Unknown_a0_40,int,DIRECT,CALL_PROPAGATED,0x00165f60->0x00166e20,hard
0x0058d810,0x0058d810,,a1,ptr,int,HEURISTIC,CALL_PROPAGATED,0x00166870->0x0058d810,ptr_int
0x00511940,0x00511940,stub_code,a0,Unknown_a0_0_4c,Unknown_a1_0_4_cc,DIRECT,CALL_PROPAGATED,0x00167100->0x00511940,hard
0x00511940,0x00511940,stub_code,a1,int,Unknown_a1_0_4_cc,DIRECT,CALL_PROPAGATED,0x00167340->0x00511940,hard
0x00167cb0,0x00167cb0,stub_code,a1,Unknown_a1_0_4_8_c,int,DIRECT,CALL_PROPAGATED,0x00167900->0x00167cb0,hard
0x0016a6e0,0x0016a6e0,stub_code,a0,Unknown_a0_10_14_18,Unknown_a0_170,DIRECT,CALL_PROPAGATED,0x00169930->0x0016a6e0,hard
0x00169f60,0x00169f60,stub_code,a0,Unknown_a0_170,int,DIRECT,CALL_PROPAGATED,0x00169e50->0x00169f60,hard
0x0015dff0,0x0015dff0,stub_code,a0,ptr,int,STRUCT_FIELD,CALL_PROPAGATED,0x00169e80->0x0015dff0,ptr_int
0x0015dff0,0x0015dff0,stub_code,a1,Unknown_a1_0_4_8,int,DIRECT,CALL_PROPAGATED,0x00169e80->0x0015dff0,hard
0x0015be40,0x0015be40,stub_code,a0,Unknown_a0_78_3e0,int,DIRECT,CALL_PROPAGATED,0x0016b5d0->0x0015be40,hard
0x0015c320,0x0015c320,stub_code,a0,Unknown_a0_78_3e0,int,DIRECT,CALL_PROPAGATED,0x0016b620->0x0015c320,hard
0x0011b5d0,0x0011b5d0,,a0,Unknown_a0_0_12c,int,CALL_PROPAGATED,CALL_PROPAGATED,0x0016b740->0x0011b5d0,hard
0x00134db0,0x00134db0,,a1,ptr,int,HEURISTIC,CALL_PROPAGATED,0x0016b740->0x00134db0,ptr_int
0x0016b660,0x0016b660,,a0,int,ptr,CALL_PROPAGATED,RETURN_PROPAGATED,0x0016ccd0->0x0016b660,ptr_int
0x0016c060,0x0016c060,,a0,int,ptr,CALL_PROPAGATED,RETURN_PROPAGATED,0x0016ccd0->0x0016c060,ptr_int
0x00169d90,0x00169d90,stub_code,a0,ptr,int,STRUCT_FIELD,CALL_PROPAGATED,0x0016c010->0x00169d90,ptr_int
0x0016c920,0x0016c920,stub_code,a0,int,Unknown_a0_18,DIRECT,CALL_PROPAGATED,0x0016c0c0->0x0016c920,hard
0x0016c6d0,0x0016c6d0,stub_code,a0,int,Unknown_a0_18,DIRECT,CALL_PROPAGATED,0x0016c0c0->0x0016c6d0,hard
0x0016c3a0,0x0016c3a0,stub_code,a0,int,Unknown_a0_18,DIRECT,CALL_PROPAGATED,0x0016c0c0->0x0016c3a0,hard
0x0026d6f0,0x0026d6f0,stub_code,a1,int,ptr,DIRECT,RETURN_PROPAGATED,0x0010f760->0x0026d6f0,ptr_int
0x0015d9c0,0x0015d9c0,,a1,ptr,int,HEURISTIC,CALL_PROPAGATED,0x0016c6d0->0x0015d9c0,ptr_int
0x0015da80,0x0015da80,,a1,ptr,int,HEURISTIC,CALL_PROPAGATED,0x0016c6d0->0x0015da80,ptr_int
0x00134ec0,FUN_00134ec0,real_logic,a0,ptr,int,HEURISTIC,CALL_PROPAGATED,0x0016c920->0x00134ec0,ptr_int
0x0015d9b0,0x0015d9b0,,a0,ptr,int,HEURISTIC,CALL_PROPAGATED,0x0016c920->0x0015d9b0,ptr_int
0x00169eb0,0x00169eb0,stub_code,a0,Unknown_a0_170,Unknown_a0_10,DIRECT,CALL_PROPAGATED,0x0016ca40->0x00169eb0,hard
0x0010f630,0x0010f630,stub_code,a0,Unknown_a0_50,int,DIRECT,CALL_PROPAGATED,0x0016ccd0->0x0010f630,hard
0x0016d510,0x0016d510,stub_code,a0,int,Unknown_a0_1c,DIRECT,CALL_PROPAGATED,0x0016cd30->0x0016d510,hard
0x0016d3b0,0x0016d3b0,stub_code,a0,Unknown_a0_18,Unknown_a0_1c,DIRECT,CALL_PROPAGATED,0x0016cd30->0x0016d3b0,hard
0x0016d210,0x0016d210,stub_code,a0,Unknown_a0_14,Unknown_a0_1c,DIRECT,CALL_PROPAGATED,0x0016cd30->0x0016d210,hard
0x0016cf30,0x0016cf30,stub_code,a0,int,Unknown_a0_1c,DIRECT,CALL_PROPAGATED,0x0016cd30->0x0016cf30,hard
0x0026d4a0,0x0026d4a0,stub_code,a1,int,ptr,DIRECT,RETURN_PROPAGATED,0x0010f760->0x0026d4a0,ptr_int
0x0015d9c0,0x0015d9c0,,a0,Unknown_a0_14,Unknown_a0_18,CALL_PROPAGATED,CALL_PROPAGATED,0x0016d3b0->0x0015d9c0,hard
0x00137410,0x00137410,stub_code,a0,Unknown_a0_38,int,DIRECT,CALL_PROPAGATED,0x0016d6c0->0x00137410,hard
0x001786d0,0x001786d0,stub_code,a2,int,ptr,DIRECT,CALL_PROPAGATED,0x0016d9a0->0x001786d0,ptr_int
0x00177170,0x00177170,stub_code,a2,int,ptr,DIRECT,CALL_PROPAGATED,0x0016d9a0->0x00177170,ptr_int
0x00172000,0x00172000,stub_code,a2,int,ptr,DIRECT,CALL_PROPAGATED,0x0016d9a0->0x00172000,ptr_int
0x00176a00,0x00176a00,stub_code,a2,int,ptr,DIRECT,CALL_PROPAGATED,0x0016d9a0->0x00176a00,ptr_int
0x00176640,0x00176640,stub_code,a2,int,ptr,DIRECT,CALL_PROPAGATED,0x0016d9a0->0x00176640,ptr_int
0x00178d20,0x00178d20,stub_code,a2,int,ptr,DIRECT,CALL_PROPAGATED,0x0016d9a0->0x00178d20,ptr_int
0x00178ff0,0x00178ff0,stub_code,a2,int,ptr,DIRECT,CALL_PROPAGATED,0x0016d9a0->0x00178ff0,ptr_int
0x00179370,0x00179370,stub_code,a2,int,ptr,DIRECT,CALL_PROPAGATED,0x0016d9a0->0x00179370,ptr_int
0x00179770,0x00179770,stub_code,a2,int,ptr,DIRECT,CALL_PROPAGATED,0x0016d9a0->0x00179770,ptr_int
0x00174570,0x00174570,stub_code,a2,int,ptr,DIRECT,CALL_PROPAGATED,0x0016d9a0->0x00174570,ptr_int
0x00174130,0x00174130,stub_code,a2,int,ptr,DIRECT,CALL_PROPAGATED,0x0016d9a0->0x00174130,ptr_int
0x00179aa0,0x00179aa0,stub_code,a2,int,ptr,DIRECT,CALL_PROPAGATED,0x0016d9a0->0x00179aa0,ptr_int
0x00173250,0x00173250,stub_code,a2,int,ptr,DIRECT,CALL_PROPAGATED,0x0016d9a0->0x00173250,ptr_int
0x00173500,0x00173500,stub_code,a2,int,ptr,DIRECT,CALL_PROPAGATED,0x0016d9a0->0x00173500,ptr_int
0x00172e00,0x00172e00,stub_code,a2,int,ptr,DIRECT,CALL_PROPAGATED,0x0016d9a0->0x00172e00,ptr_int
0x00173c20,0x00173c20,stub_code,a2,int,ptr,DIRECT,CALL_PROPAGATED,0x0016d9a0->0x00173c20,ptr_int
0x001182d0,0x001182d0,stub_code,a0,Unknown_a0_1c,Unknown_a0_1f8c,DIRECT,CALL_PROPAGATED,0x0016e610->0x001182d0,hard
0x001189c0,0x001189c0,stub_code,a0,Unknown_a0_1c,int,DIRECT,CALL_PROPAGATED,0x0016e840->0x001189c0,hard
0x001189c0,0x001189c0,stub_code,a1,int,Unknown_a1_0,DIRECT,CALL_PROPAGATED,0x0016e840->0x001189c0,hard
0x0016eaa0,0x0016eaa0,stub_code,a0,Unknown_a0_0_c_4c,Unknown_a0_1f8c,DIRECT,CALL_PROPAGATED,0x0016e890->0x0016eaa0,hard
0x0016ef90,0x0016ef90,stub_code,a0,int,Unknown_a0_1f8c,DIRECT,CALL_PROPAGATED,0x0016e890->0x0016ef90,hard
0x002772d0,0x002772d0,stub_code,a1,int,ptr,DIRECT,RETURN_PROPAGATED,0x0042f5b8->0x002772d0,ptr_int
0x0042f5b8,0x0042f5b8,,a0,int,Unknown_a0_0_c_4c,CALL_PROPAGATED,CALL_PROPAGATED,0x0016eaa0->0x0042f5b8,hard
0x005a48b0,0x005a48b0,stub_code,a0,int,Unknown_a0_0_c_4c,DIRECT,CALL_PROPAGATED,0x0016eaa0->0x005a48b0,hard
0x004bc880,0x004bc880,stub_code,a0,int,Unknown_a0_0_c_4c,DIRECT,CALL_PROPAGATED,0x0016eaa0->0x004bc880,hard
0x0016e340,0x0016e340,stub_code,a0,ptr,int,STRUCT_FIELD,CALL_PROPAGATED,0x0016f240->0x0016e340,ptr_int
0x001704f0,0x001704f0,stub_code,a0,int,Unknown_a0_0,DIRECT,CALL_PROPAGATED,0x0016f390->0x001704f0,hard
0x00170ad0,0x00170ad0,stub_code,a0,int,Unknown_a0_0,DIRECT,CALL_PROPAGATED,0x0016f390->0x00170ad0,hard
0x00170c60,0x00170c60,stub_code,a0,int,Unknown_a0_0,DIRECT,CALL_PROPAGATED,0x0016f390->0x00170c60,hard
0x00170be0,0x00170be0,stub_code,a0,int,Unknown_a0_0,DIRECT,CALL_PROPAGATED,0x0016f390->0x00170be0,hard
0x00170d10,0x00170d10,stub_code,a0,int,Unknown_a0_0,DIRECT,CALL_PROPAGATED,0x0016f390->0x00170d10,hard
0x00170b90,0x00170b90,stub_code,a0,int,Unknown_a0_0,DIRECT,CALL_PROPAGATED,0x0016f390->0x00170b90,hard
0x0013f040,0x0013f040,,a1,ptr,int,HEURISTIC,CALL_PROPAGATED,0x00170be0->0x0013f040,ptr_int
0x0013f040,0x0013f040,,a2,ptr,int,HEURISTIC,CALL_PROPAGATED,0x00170be0->0x0013f040,ptr_int
0x00185e20,0x00185e20,,a0,ptr,int,HEURISTIC,CALL_PROPAGATED,0x00170c60->0x00185e20,ptr_int
0x001606e0,0x001606e0,,a0,ptr,int,HEURISTIC,CALL_PROPAGATED,0x00170d60->0x001606e0,ptr_int
0x001606e0,0x001606e0,,a1,ptr,int,HEURISTIC,CALL_PROPAGATED,0x00170d60->0x001606e0,ptr_int
0x00160910,0x00160910,,a0,ptr,int,HEURISTIC,CALL_PROPAGATED,0x00170d60->0x00160910,ptr_int
0x00160910,0x00160910,,a1,ptr,int,HEURISTIC,CALL_PROPAGATED,0x00170d60->0x00160910,ptr_int
0x00160910,0x00160910,,a2,ptr,int,HEURISTIC,CALL_PROPAGATED,0x00170d60->0x00160910,ptr_int
0x0016e340,0x0016e340,stub_code,a3,int,Unknown_a0_0,DIRECT,CALL_PROPAGATED,0x00170e40->0x0016e340,hard
0x002d21c0,0x002d21c0,stub_code,a0,int,Unknown_a0_28,DIRECT,CALL_PROPAGATED,0x00171790->0x002d21c0,hard
0x00171f70,0x00171f70,stub_code,a1,ptr,int,STRUCT_FIELD,CALL_PROPAGATED,0x001718b0->0x00171f70,ptr_int
0x003fb210,0x003fb210,stub_code,a0,int,ptr,DIRECT,RETURN_PROPAGATED,0x003f9420->0x003fb210,ptr_int
0x003f96c8,0x003f96c8,stub_code,a0,int,ptr,DIRECT,RETURN_PROPAGATED,0x003f9420->0x003f96c8,ptr_int
0x0058b090,0x0058b090,,a1,Unknown_a0_f38,int,CALL_PROPAGATED,CALL_PROPAGATED,0x00171bc0->0x0058b090,hard
0x0058b0b0,0x0058b0b0,,a0,int,ptr,HEURISTIC,CALL_PROPAGATED,0x00171bc0->0x0058b0b0,ptr_int
0x0058b0b0,0x0058b0b0,,a1,ptr,int,HEURISTIC,CALL_PROPAGATED,0x00171bc0->0x0058b0b0,ptr_int
0x00585b40,0x00585b40,,a0,int,ptr,HEURISTIC,CALL_PROPAGATED,0x00171bc0->0x00585b40,ptr_int
0x00279ab0,0x00279ab0,stub_code,a0,ptr,int,STRUCT_FIELD,CALL_PROPAGATED,0x00172100->0x00279ab0,ptr_int
0x00171c40,0x00171c40,,a0,Unknown_a0_8,int,CALL_PROPAGATED,CALL_PROPAGATED,0x001722c0->0x00171c40,hard
0x00171b60,0x00171b60,stub_code,a0,Unknown_a0_0,int,DIRECT,CALL_PROPAGATED,0x001722c0->0x00171b60,hard
0x00171c40,0x00171c40,,a0,Unknown_a0_8,Unknown_a1_0,CALL_PROPAGATED,CALL_PROPAGATED,0x00172fb0->0x00171c40,hard
0x001719d0,0x001719d0,,a0,int,Unknown_a1_0,CALL_PROPAGATED,CALL_PROPAGATED,0x00172fb0->0x001719d0,hard
0x001719d0,0x001719d0,,a1,int,Unknown_a1_0,HEURISTIC,CALL_PROPAGATED,0x00172fb0->0x001719d0,hard
0x00171c40,0x00171c40,,a1,Unknown_a1_0,int,CALL_PROPAGATED,CALL_PROPAGATED,0x001733a0->0x00171c40,hard
0x00171c40,0x00171c40,,a1,Unknown_a1_0,Unknown_a2_0,CALL_PROPAGATED,CALL_PROPAGATED,0x00174290->0x00171c40,hard
0x00171c40,0x00171c40,,a2,int,Unknown_a2_0,CALL_PROPAGATED,CALL_PROPAGATED,0x00174290->0x00171c40,hard
0x001718a0,0x001718a0,,a1,int,Unknown_a2_0,HEURISTIC,CALL_PROPAGATED,0x00174290->0x001718a0,hard
0x00171b60,0x00171b60,stub_code,a1,int,Unknown_a2_0,DIRECT,CALL_PROPAGATED,0x00174290->0x00171b60,hard
0x00171a10,0x00171a10,,a0,ptr,int,HEURISTIC,CALL_PROPAGATED,0x00177450->0x00171a10,ptr_int
0x00171e10,0x00171e10,stub_code,a0,ptr,int,STRUCT_FIELD,CALL_PROPAGATED,0x001794d0->0x00171e10,ptr_int
0x00171e50,0x00171e50,,a0,ptr,int,HEURISTIC,CALL_PROPAGATED,0x001794d0->0x00171e50,ptr_int
0x0017a230,FUN_0017a230,pseudo_stub,a0,ptr,int,STRUCT_FIELD,CALL_PROPAGATED,0x0017a370->0x0017a230,ptr_int
0x0017a370,0x0017a370,stub_code,a0,int,Unknown_a0_8_c_1c,DIRECT,CALL_PROPAGATED,0x0017a3d0->0x0017a370,hard
0x0017a5d0,0x0017a5d0,stub_code,a0,int,Unknown_a0_0_4,DIRECT,CALL_PROPAGATED,0x0017a4e0->0x0017a5d0,hard
0x0017b730,0x0017b730,stub_code,a3,Unknown_a3_0,int,DIRECT,CALL_PROPAGATED,0x0017af20->0x0017b730,hard
0x001329d0,0x001329d0,,a3,Unknown_a0_0,int,CALL_PROPAGATED,CALL_PROPAGATED,0x0017b590->0x001329d0,hard
0x0015d9b0,0x0015d9b0,,a2,int,Unknown_a2_0,CALL_PROPAGATED,CALL_PROPAGATED,0x0017b730->0x0015d9b0,hard
0x0015d9b0,0x0015d9b0,,a3,int,Unknown_a3_0,CALL_PROPAGATED,CALL_PROPAGATED,0x0017b730->0x0015d9b0,hard
0x00134e50,0x00134e50,,a3,Unknown_a0_38,Unknown_a3_0,CALL_PROPAGATED,CALL_PROPAGATED,0x0017b730->0x00134e50,hard
0x0015d9b0,0x0015d9b0,,a0,int,Unknown_a0_9,CALL_PROPAGATED,CALL_PROPAGATED,0x0017bdb0->0x0015d9b0,hard
0x0015daa0,0x0015daa0,,a1,ptr,int,HEURISTIC,CALL_PROPAGATED,0x0017bdb0->0x0015daa0,ptr_int
0x0015daa0,0x0015daa0,,a2,ptr,int,HEURISTIC,CALL_PROPAGATED,0x0017bdb0->0x0015daa0,ptr_int
0x0017c880,0x0017c880,stub_code,a1,int,Unknown_a1_14,DIRECT,CALL_PROPAGATED,0x0017c530->0x0017c880,hard
0x0015d9c0,0x0015d9c0,,a0,Unknown_a0_14,int,CALL_PROPAGATED,CALL_PROPAGATED,0x0017c530->0x0015d9c0,hard
0x0015d9c0,0x0015d9c0,,a1,int,Unknown_a1_14,CALL_PROPAGATED,CALL_PROPAGATED,0x0017c530->0x0015d9c0,hard
0x0015da80,0x0015da80,,a0,ptr,int,HEURISTIC,CALL_PROPAGATED,0x0017c530->0x0015da80,ptr_int
0x0015da80,0x0015da80,,a1,int,Unknown_a1_14,CALL_PROPAGATED,CALL_PROPAGATED,0x0017c530->0x0015da80,hard
0x00181910,0x00181910,,a1,int,Unknown_a1_14,CALL_PROPAGATED,CALL_PROPAGATED,0x0017c530->0x00181910,hard
0x0017c860,0x0017c860,,a1,Unknown_a1_14,int,CALL_PROPAGATED,CALL_PROPAGATED,0x0017cbe0->0x0017c860,hard
0x0017c850,0x0017c850,,a1,Unknown_a1_14,int,CALL_PROPAGATED,CALL_PROPAGATED,0x0017cbe0->0x0017c850,hard
0x0017e750,0x0017e750,stub_code,a0,int,Unknown_a0_14_1c,DIRECT,CALL_PROPAGATED,0x0017e2e0->0x0017e750,hard
0x0017e3d0,0x0017e3d0,stub_code,a0,int,Unknown_a0_14_1c,DIRECT,CALL_PROPAGATED,0x0017e2e0->0x0017e3d0,hard
0x00181910,0x00181910,,a0,ptr,int,HEURISTIC,CALL_PROPAGATED,0x0017f560->0x00181910,ptr_int
0x00169eb0,0x00169eb0,stub_code,a0,Unknown_a0_170,Unknown_a0_1c,DIRECT,CALL_PROPAGATED,0x00181540->0x00169eb0,hard
0x00134e50,0x00134e50,,a2,Unknown_a0_38,Unknown_a0_54,CALL_PROPAGATED,CALL_PROPAGATED,0x001819e0->0x00134e50,hard
0x001329d0,0x001329d0,,a2,Unknown_a0_0,Unknown_a0_54,CALL_PROPAGATED,CALL_PROPAGATED,0x001819e0->0x001329d0,hard
0x001329d0,0x001329d0,,a3,Unknown_a0_0,Unknown_a0_54,CALL_PROPAGATED,CALL_PROPAGATED,0x001819e0->0x001329d0,hard
0x00169eb0,0x00169eb0,stub_code,a2,int,Unknown_a0_54,DIRECT,CALL_PROPAGATED,0x001819e0->0x00169eb0,hard
0x00169eb0,0x00169eb0,stub_code,a3,int,Unknown_a0_54,DIRECT,CALL_PROPAGATED,0x001819e0->0x00169eb0,hard
0x0016ab70,0x0016ab70,stub_code,a2,int,Unknown_a0_54,DIRECT,CALL_PROPAGATED,0x001819e0->0x0016ab70,hard
0x0016ab70,0x0016ab70,stub_code,a3,int,Unknown_a0_54,DIRECT,CALL_PROPAGATED,0x001819e0->0x0016ab70,hard
0x00181670,0x00181670,stub_code,a2,int,Unknown_a0_54,DIRECT,CALL_PROPAGATED,0x00181c70->0x00181670,hard
0x00181670,0x00181670,stub_code,a3,int,Unknown_a0_54,DIRECT,CALL_PROPAGATED,0x00181c70->0x00181670,hard
0x0017c860,0x0017c860,,a2,int,Unknown_a0_54,CALL_PROPAGATED,CALL_PROPAGATED,0x00181c70->0x0017c860,hard
0x0017c860,0x0017c860,,a3,int,Unknown_a0_54,CALL_PROPAGATED,CALL_PROPAGATED,0x00181c70->0x0017c860,hard
0x0017c850,0x0017c850,,a2,int,Unknown_a0_54,CALL_PROPAGATED,CALL_PROPAGATED,0x00181c70->0x0017c850,hard
0x0017c850,0x0017c850,,a3,int,Unknown_a0_54,CALL_PROPAGATED,CALL_PROPAGATED,0x00181c70->0x0017c850,hard
0x0017d780,0x0017d780,,a2,int,Unknown_a0_54,CALL_PROPAGATED,CALL_PROPAGATED,0x00181c70->0x0017d780,hard
0x0017d780,0x0017d780,,a3,int,Unknown_a0_54,CALL_PROPAGATED,CALL_PROPAGATED,0x00181c70->0x0017d780,hard
0x0017c800,0x0017c800,stub_code,a2,int,Unknown_a0_54,DIRECT,CALL_PROPAGATED,0x00181c70->0x0017c800,hard
0x0017c800,0x0017c800,stub_code,a3,int,Unknown_a0_54,DIRECT,CALL_PROPAGATED,0x00181c70->0x0017c800,hard
0x0017d7a0,0x0017d7a0,stub_code,a2,int,Unknown_a0_54,DIRECT,CALL_PROPAGATED,0x00181c70->0x0017d7a0,hard
0x0017d7a0,0x0017d7a0,stub_code,a3,int,Unknown_a0_54,DIRECT,CALL_PROPAGATED,0x00181c70->0x0017d7a0,hard
0x00181c70,0x00181c70,stub_code,a0,Unknown_a0_54,int,DIRECT,CALL_PROPAGATED,0x00182160->0x00181c70,hard
0x001819e0,0x001819e0,stub_code,a0,Unknown_a0_54,int,DIRECT,CALL_PROPAGATED,0x00182160->0x001819e0,hard
0x00128060,0x00128060,,a0,Unknown_a0_7c,Unknown_a0_4,CALL_PROPAGATED,CALL_PROPAGATED,0x001822e0->0x00128060,hard
0x001d70a0,0x001d70a0,stub_code,a3,int,ptr,DIRECT,CALL_PROPAGATED,0x00182d50->0x001d70a0,ptr_int
0x00513210,0x00513210,,a0,Unknown_a0_1c,int,CALL_PROPAGATED,CALL_PROPAGATED,0x001837b0->0x00513210,hard
0x0028afe0,0x0028afe0,stub_code,a0,int,Unknown_a0_0_4_8_c_10_14_18_1c_3c,DIRECT,CALL_PROPAGATED,0x00183a30->0x0028afe0,hard
0x00512ee0,0x00512ee0,stub_code,a0,Unknown_a0_0_4c,Unknown_a0_0_4_8_c_10_14_18_1c_3c,DIRECT,CALL_PROPAGATED,0x00183a30->0x00512ee0,hard
0x004f2210,0x004f2210,stub_code,a2,int,Unknown_a0_0_4_8_c_10_14_18_1c_3c,DIRECT,CALL_PROPAGATED,0x00183a30->0x004f2210,hard
0x001840c0,0x001840c0,stub_code,a0,Unknown_a0_8_c,int,DIRECT,CALL_PROPAGATED,0x00183fe0->0x001840c0,hard
0x00429068,0x00429068,,a0,int,Unknown_a0_8_c,CALL_PROPAGATED,CALL_PROPAGATED,0x001840c0->0x00429068,hard
0x00428df8,0x00428df8,,a0,Unknown_a1_0,Unknown_a0_8_c,CALL_PROPAGATED,CALL_PROPAGATED,0x001840c0->0x00428df8,hard
0x001892e0,0x001892e0,stub_code,a1,int,ptr,DIRECT,CALL_PROPAGATED,0x00184180->0x001892e0,ptr_int
0x00188950,0x00188950,stub_code,a0,int,Unknown_a0_34,DIRECT,CALL_PROPAGATED,0x00184570->0x00188950,hard
0x001889a0,0x001889a0,stub_code,a0,int,Unknown_a0_34,DIRECT,CALL_PROPAGATED,0x00184670->0x001889a0,hard
0x0018a100,0x0018a100,stub_code,a0,Unknown_a0_0_c_20,Unknown_a0_34,DIRECT,CALL_PROPAGATED,0x00184670->0x0018a100,hard
0x0018cb60,0x0018cb60,stub_code,a0,int,Unknown_a0_38,DIRECT,CALL_PROPAGATED,0x00185120->0x0018cb60,hard
0x0018ccb0,0x0018ccb0,stub_code,a0,int,Unknown_a0_38,DIRECT,CALL_PROPAGATED,0x001851a0->0x0018ccb0,hard
0x0042f3a0,0x0042f3a0,,a0,Unknown_a0_8_c,int,CALL_PROPAGATED,CALL_PROPAGATED,0x001863c0->0x0042f3a0,hard
0x004287e0,0x004287e0,,a2,ptr,int,RETURN_PROPAGATED,CALL_PROPAGATED,0x001865c0->0x004287e0,ptr_int
0x0012f4d0,0x0012f4d0,,a3,int,Unknown_a0_ac,CALL_PROPAGATED,CALL_PROPAGATED,0x00186680->0x0012f4d0,hard
0x00118e60,0x00118e60,,a3,int,Unknown_a0_ac,CALL_PROPAGATED,CALL_PROPAGATED,0x00186680->0x00118e60,hard
0x00189dd0,0x00189dd0,stub_code,a0,Unknown_a0_4,Unknown_a0_8,DIRECT,CALL_PROPAGATED,0x00186710->0x00189dd0,hard
0x0018af00,0x0018af00,stub_code,a0,Unknown_a0_24,Unknown_a0_8,DIRECT,CALL_PROPAGATED,0x00186710->0x0018af00,hard
0x0042f3a0,0x0042f3a0,,a0,Unknown_a0_8_c,Unknown_a0_8,CALL_PROPAGATED,CALL_PROPAGATED,0x00186710->0x0042f3a0,hard
0x001329d0,0x001329d0,,a2,Unknown_a0_0,int,CALL_PROPAGATED,CALL_PROPAGATED,0x00186890->0x001329d0,hard
0x00428c50,FUN_00428c50,real_c,a0,ptr,int,STRUCT_FIELD,CALL_PROPAGATED,0x00186db0->0x00428c50,ptr_int
0x00134ec0,FUN_00134ec0,real_logic,a2,int,ptr,CALL_PROPAGATED,RETURN_PROPAGATED,0x00429068->0x00134ec0,ptr_int
0x00428c50,FUN_00428c50,real_c,a2,int,ptr,DIRECT,RETURN_PROPAGATED,0x00429068->0x00428c50,ptr_int
0x0023c630,0x0023c630,stub_code,a2,int,ptr,DIRECT,RETURN_PROPAGATED,0x00429068->0x0023c630,ptr_int
0x00429068,0x00429068,,a2,int,ptr,CALL_PROPAGATED,RETURN_PROPAGATED,0x00429068->0x00429068,ptr_int
0x001b0d50,0x001b0d50,stub_code,a2,int,ptr,DIRECT,RETURN_PROPAGATED,0x00429068->0x001b0d50,ptr_int
0x001b0d50,0x001b0d50,stub_code,a0,int,Unknown_a0_8_34,DIRECT,CALL_PROPAGATED,0x001874d0->0x001b0d50,hard
0x00187e40,0x00187e40,stub_code,a0,Unknown_a0_8,int,DIRECT,CALL_PROPAGATED,0x00187d30->0x00187e40,hard
0x00187e40,0x00187e40,stub_code,a3,int,Unknown_a3_0,DIRECT,CALL_PROPAGATED,0x00187d30->0x00187e40,hard
0x00189cf0,FUN_00189cf0,pseudo_stub,a3,int,Unknown_a3_0,DIRECT,CALL_PROPAGATED,0x00187d30->0x00189cf0,hard
0x0018ae20,FUN_0018ae20,pseudo_stub,a1,int,Unknown_a3_0,DIRECT,CALL_PROPAGATED,0x00187d30->0x0018ae20,hard
0x0018ae20,FUN_0018ae20,pseudo_stub,a2,Unknown_a2_0,int,DIRECT,CALL_PROPAGATED,0x00187d30->0x0018ae20,hard
0x00189900,0x00189900,stub_code,a0,int,Unknown_a0_8,DIRECT,CALL_PROPAGATED,0x00187e40->0x00189900,hard
0x00189900,0x00189900,stub_code,a1,int,Unknown_a0_8,DIRECT,CALL_PROPAGATED,0x00187e40->0x00189900,hard
0x00189d90,0x00189d90,stub_code,a0,Unknown_a0_4,Unknown_a0_8,DIRECT,CALL_PROPAGATED,0x001886f0->0x00189d90,hard
0x00188fc0,0x00188fc0,stub_code,a0,Unknown_a0_0_8,Unknown_a0_0_8_c,DIRECT,CALL_PROPAGATED,0x00189720->0x00188fc0,hard
0x00189090,0x00189090,,a1,int,ptr,CALL_PROPAGATED,RETURN_PROPAGATED,0x00189090->0x00189090,ptr_int
0x001891b0,0x001891b0,,a1,Unknown_a1_0,int,CALL_PROPAGATED,CALL_PROPAGATED,0x00189d90->0x001891b0,hard
0x001891d0,0x001891d0,,a0,Unknown_a0_0_8,Unknown_a0_4,CALL_PROPAGATED,CALL_PROPAGATED,0x00189dd0->0x001891d0,hard
0x0026daf0,0x0026daf0,stub_code,a2,int,ptr,DIRECT,RETURN_PROPAGATED,0x0026d4a0->0x0026daf0,ptr_int
0x0026d4a0,0x0026d4a0,stub_code,a2,int,ptr,DIRECT,RETURN_PROPAGATED,0x0026d4a0->0x0026d4a0,ptr_int
0x0026daf0,0x0026daf0,stub_code,a1,int,ptr,DIRECT,RETURN_PROPAGATED,0x00188fc0->0x0026daf0,ptr_int
0x001891b0,0x001891b0,,a0,Unknown_a0_4,Unknown_a0_24,CALL_PROPAGATED,CALL_PROPAGATED,0x0018aee0->0x001891b0,hard
0x001891d0,0x001891d0,,a0,Unknown_a0_0_8,Unknown_a0_24,CALL_PROPAGATED,CALL_PROPAGATED,0x0018af00->0x001891d0,hard
0x0018b1f0,0x0018b1f0,stub_code,a0,Unknown_a0_8,int,DIRECT,CALL_PROPAGATED,0x0018b120->0x0018b1f0,hard
0x001890e0,0x001890e0,,a2,int,ptr,CALL_PROPAGATED,RETURN_PROPAGATED,0x0020e5d0->0x001890e0,ptr_int
0x0026daf0,0x0026daf0,stub_code,a3,int,ptr,DIRECT,RETURN_PROPAGATED,0x0026d320->0x0026daf0,ptr_int
0x0026d4a0,0x0026d4a0,stub_code,a3,int,ptr,DIRECT,RETURN_PROPAGATED,0x0026daf0->0x0026d4a0,ptr_int
0x0026d230,0x0026d230,stub_code,a3,int,ptr,DIRECT,RETURN_PROPAGATED,0x0026daf0->0x0026d230,ptr_int
0x0018b4d0,0x0018b4d0,,a2,int,ptr,CALL_PROPAGATED,RETURN_PROPAGATED,0x0026d320->0x0018b4d0,ptr_int
0x0018b4d0,0x0018b4d0,,a3,int,ptr,CALL_PROPAGATED,RETURN_PROPAGATED,0x0026daf0->0x0018b4d0,ptr_int
0x0018b620,0x0018b620,stub_code,a0,int,Unknown_a0_0_2c,DIRECT,CALL_PROPAGATED,0x0018b580->0x0018b620,hard
0x0026d960,FUN_0026d960,real_c,a2,int,ptr,DIRECT,RETURN_PROPAGATED,0x0010f760->0x0026d960,ptr_int
0x00183fe0,0x00183fe0,stub_code,a2,int,ptr,DIRECT,RETURN_PROPAGATED,0x0010f760->0x00183fe0,ptr_int
0x0026d3e0,0x0026d3e0,,a2,int,ptr,CALL_PROPAGATED,RETURN_PROPAGATED,0x0010f760->0x0026d3e0,ptr_int
0x0026e060,FUN_0026e060,real_c,a2,int,ptr,DIRECT,RETURN_PROPAGATED,0x0010f760->0x0026e060,ptr_int
0x001881c0,0x001881c0,,a0,int,ptr,HEURISTIC,CALL_PROPAGATED,0x0018bb20->0x001881c0,ptr_int
0x0018bf70,0x0018bf70,stub_code,a0,Unknown_a0_0_4_8_9,Unknown_a0_0_1c,DIRECT,CALL_PROPAGATED,0x0018bd40->0x0018bf70,hard
0x0018c2a0,0x0018c2a0,stub_code,a0,int,Unknown_a0_0_2c,DIRECT,CALL_PROPAGATED,0x0018c090->0x0018c2a0,hard
0x001891b0,0x001891b0,,a0,Unknown_a0_4,Unknown_a0_c,CALL_PROPAGATED,CALL_PROPAGATED,0x0018c4b0->0x001891b0,hard
0x0026d960,FUN_0026d960,real_c,a1,int,ptr,DIRECT,RETURN_PROPAGATED,0x00188fc0->0x0026d960,ptr_int
0x00184030,0x00184030,stub_code,a1,int,ptr,DIRECT,RETURN_PROPAGATED,0x00188fc0->0x00184030,ptr_int
0x0026ddc0,0x0026ddc0,stub_code,a1,int,ptr,DIRECT,RETURN_PROPAGATED,0x00188fc0->0x0026ddc0,ptr_int
0x0018c570,0x0018c570,stub_code,a2,int,ptr,DIRECT,RETURN_PROPAGATED,0x0010f760->0x0018c570,ptr_int
0x0026d6f0,0x0026d6f0,stub_code,a2,int,ptr,DIRECT,RETURN_PROPAGATED,0x0010f760->0x0026d6f0,ptr_int
0x0018d5f0,0x0018d5f0,stub_code,a0,Unknown_a0_18,int,DIRECT,CALL_PROPAGATED,0x0018cb10->0x0018d5f0,hard
0x0018b9f0,0x0018b9f0,stub_code,a0,Unknown_a0_14,int,DIRECT,CALL_PROPAGATED,0x0018ccb0->0x0018b9f0,hard
0x00185040,0x00185040,,a1,ptr,int,RETURN_PROPAGATED,CALL_PROPAGATED,0x0018ccb0->0x00185040,ptr_int
0x0042f3a0,0x0042f3a0,,a0,Unknown_a0_8_c,Unknown_a0_18,CALL_PROPAGATED,CALL_PROPAGATED,0x0018d5f0->0x0042f3a0,hard
0x0018e3e0,0x0018e3e0,stub_code,a0,Unknown_a0_0_4_8_9,Unknown_a0_0_1c,DIRECT,CALL_PROPAGATED,0x0018dff0->0x0018e3e0,hard
0x0018e700,0x0018e700,stub_code,a0,Unknown_a0_0_4_8_9,Unknown_a0_0_1c,DIRECT,CALL_PROPAGATED,0x0018e530->0x0018e700,hard
0x00185b80,0x00185b80,stub_code,a2,int,ptr,DIRECT,CALL_PROPAGATED,0x0018f100->0x00185b80,ptr_int
0x0018f520,0x0018f520,,a1,ptr,int,HEURISTIC,CALL_PROPAGATED,0x0018f460->0x0018f520,ptr_int
0x0018f520,0x0018f520,,a3,ptr,int,HEURISTIC,CALL_PROPAGATED,0x0018f460->0x0018f520,ptr_int
0x0033adc0,0x0033adc0,stub_code,a0,Unknown_a0_0_2c_94,int,DIRECT,CALL_PROPAGATED,0x0018fe40->0x0033adc0,hard
0x00337480,0x00337480,,a2,ptr,int,HEURISTIC,CALL_PROPAGATED,0x0018fed0->0x00337480,ptr_int
0x0013dd40,0x0013dd40,,a2,ptr,int,HEURISTIC,CALL_PROPAGATED,0x0018fed0->0x0013dd40,ptr_int
0x00136050,0x00136050,stub_code,a2,ptr,int,HEURISTIC,CALL_PROPAGATED,0x0018fed0->0x00136050,ptr_int
0x00136160,0x00136160,,a1,ptr,int,HEURISTIC,CALL_PROPAGATED,0x00190670->0x00136160,ptr_int
0x00136110,FUN_00136110,real_logic,a1,ptr,int,HEURISTIC,CALL_PROPAGATED,0x00190670->0x00136110,ptr_int
0x004ba960,0x004ba960,,a1,ptr,int,HEURISTIC,CALL_PROPAGATED,0x00190f60->0x004ba960,ptr_int
0x004ba960,0x004ba960,,a2,ptr,int,HEURISTIC,CALL_PROPAGATED,0x00190f60->0x004ba960,ptr_int
0x004ba960,0x004ba960,,a3,ptr,int,HEURISTIC,CALL_PROPAGATED,0x00190f60->0x004ba960,ptr_int
0x004ba920,0x004ba920,,a1,ptr,int,HEURISTIC,CALL_PROPAGATED,0x00190f60->0x004ba920,ptr_int
0x004ba920,0x004ba920,,a2,ptr,int,HEURISTIC,CALL_PROPAGATED,0x00190f60->0x004ba920,ptr_int
0x004ba920,0x004ba920,,a3,ptr,int,HEURISTIC,CALL_PROPAGATED,0x00190f60->0x004ba920,ptr_int
0x00190f60,0x00190f60,stub_code,a0,Unknown_a0_3e0,Unknown_a0_38,DIRECT,CALL_PROPAGATED,0x001911b0->0x00190f60,hard
0x001c2010,0x001c2010,,a2,ptr,int,HEURISTIC,CALL_PROPAGATED,0x00191f60->0x001c2010,ptr_int
0x001c2010,0x001c2010,,a3,ptr,int,HEURISTIC,CALL_PROPAGATED,0x00191f60->0x001c2010,ptr_int
0x0015d3b0,0x0015d3b0,,a2,ptr,int,HEURISTIC,CALL_PROPAGATED,0x00192220->0x0015d3b0,ptr_int
0x0028b3f0,FUN_0028b3f0,real_logic,a2,Unknown_a2_0_4_8,int,DIRECT,CALL_PROPAGATED,0x00192650->0x0028b3f0,hard
0x00197b50,0x00197b50,,a0,ptr,int,HEURISTIC,CALL_PROPAGATED,0x00192840->0x00197b50,ptr_int
0x00197b50,0x00197b50,,a2,ptr,int,HEURISTIC,CALL_PROPAGATED,0x00192840->0x00197b50,ptr_int
0x0043b068,0x0043b068,,a0,ptr,int,HEURISTIC,CALL_PROPAGATED,0x00192960->0x0043b068,ptr_int
0x0043b068,0x0043b068,,a1,ptr,int,HEURISTIC,CALL_PROPAGATED,0x00192960->0x0043b068,ptr_int
0x0043b068,0x0043b068,,a2,ptr,int,HEURISTIC,CALL_PROPAGATED,0x00192960->0x0043b068,ptr_int
0x0043b068,0x0043b068,,a3,ptr,int,HEURISTIC,CALL_PROPAGATED,0x00192960->0x0043b068,ptr_int
0x00337480,0x00337480,,a1,Unknown_a0_0_2c,int,CALL_PROPAGATED,CALL_PROPAGATED,0x00192c80->0x00337480,hard
0x00136160,0x00136160,,a1,int,Unknown_a0_0_2c,CALL_PROPAGATED,CALL_PROPAGATED,0x00192c80->0x00136160,hard
0x00136050,0x00136050,stub_code,a1,int,Unknown_a0_0_2c,DIRECT,CALL_PROPAGATED,0x00192c80->0x00136050,hard
0x00190280,0x00190280,stub_code,a1,int,Unknown_a0_0_2c,DIRECT,CALL_PROPAGATED,0x00192c80->0x00190280,hard
0x001972a0,0x001972a0,stub_code,a1,int,Unknown_a0_0_2c,DIRECT,CALL_PROPAGATED,0x00192c80->0x001972a0,hard
0x001972a0,0x001972a0,stub_code,a2,ptr,int,HEURISTIC,CALL_PROPAGATED,0x00192c80->0x001972a0,ptr_int
0x0013dd40,0x0013dd40,,a1,Unknown_a0_0_2c,int,CALL_PROPAGATED,CALL_PROPAGATED,0x00192e80->0x0013dd40,hard
0x00195e50,0x00195e50,stub_code,a0,Unknown_a0_428,int,DIRECT,CALL_PROPAGATED,0x00192fc0->0x00195e50,hard
0x00196280,0x00196280,stub_code,a0,Unknown_a0_38_88,int,DIRECT,CALL_PROPAGATED,0x00192fc0->0x00196280,hard
0x00197d50,0x00197d50,stub_code,a0,Unknown_a0_428,int,DIRECT,CALL_PROPAGATED,0x00192fc0->0x00197d50,hard
0x001911b0,0x001911b0,stub_code,a0,Unknown_a0_38,Unknown_a0_402,DIRECT,CALL_PROPAGATED,0x001936b0->0x001911b0,hard
0x00195e50,0x00195e50,stub_code,a0,Unknown_a0_428,Unknown_a0_402,DIRECT,CALL_PROPAGATED,0x001936b0->0x00195e50,hard
0x00195900,0x00195900,stub_code,a0,Unknown_a0_4ec,Unknown_a0_402,DIRECT,CALL_PROPAGATED,0x001936b0->0x00195900,hard
0x00190350,0x00190350,,a1,Unknown_a0_0_2c,int,CALL_PROPAGATED,CALL_PROPAGATED,0x00194720->0x00190350,hard
0x001911b0,0x001911b0,stub_code,a1,int,ptr,DIRECT,CALL_PROPAGATED,0x00194850->0x001911b0,ptr_int
0x00195e50,0x00195e50,stub_code,a1,int,ptr,DIRECT,CALL_PROPAGATED,0x00194850->0x00195e50,ptr_int
0x00190280,0x00190280,stub_code,a1,int,ptr,DIRECT,CALL_PROPAGATED,0x001949b0->0x00190280,ptr_int
0x00136050,0x00136050,stub_code,a1,int,ptr,DIRECT,CALL_PROPAGATED,0x001949b0->0x00136050,ptr_int
0x00197b90,0x00197b90,,a0,Unknown_a0_0_2c_94,int,CALL_PROPAGATED,CALL_PROPAGATED,0x00194bc0->0x00197b90,hard
0x00198900,0x00198900,,a0,ptr,int,HEURISTIC,CALL_PROPAGATED,0x00194bc0->0x00198900,ptr_int
0x001911b0,0x001911b0,stub_code,a0,Unknown_a0_38,int,DIRECT,CALL_PROPAGATED,0x00194bc0->0x001911b0,hard
0x0043bc40,0x0043bc40,stub_code,a0,int,Unknown_a0_450,DIRECT,CALL_PROPAGATED,0x00194dd0->0x0043bc40,hard
0x0043af80,0x0043af80,,a1,ptr,int,HEURISTIC,CALL_PROPAGATED,0x00194fd0->0x0043af80,ptr_int
0x0043b320,0x0043b320,,a1,ptr,int,HEURISTIC,CALL_PROPAGATED,0x00194fd0->0x0043b320,ptr_int
0x001207f0,0x001207f0,,a1,ptr,int,HEURISTIC,CALL_PROPAGATED,0x00194fd0->0x001207f0,ptr_int
0x001207c0,FUN_001207c0,real_logic,a1,ptr,int,HEURISTIC,CALL_PROPAGATED,0x00194fd0->0x001207c0,ptr_int
0x001207b0,0x001207b0,,a1,ptr,int,HEURISTIC,CALL_PROPAGATED,0x00194fd0->0x001207b0,ptr_int
0x001206f0,FUN_001206f0,real_logic,a2,ptr,int,HEURISTIC,CALL_PROPAGATED,0x00194fd0->0x001206f0,ptr_int
0x001c1ff0,0x001c1ff0,,a0,Unknown_a0_88,Unknown_a0_38_88,CALL_PROPAGATED,CALL_PROPAGATED,0x00196280->0x001c1ff0,hard
0x0028afe0,0x0028afe0,stub_code,a0,int,ptr,DIRECT,CALL_PROPAGATED,0x00196700->0x0028afe0,ptr_int
0x00136110,FUN_00136110,real_logic,a2,ptr,int,HEURISTIC,CALL_PROPAGATED,0x00197300->0x00136110,ptr_int
0x00136110,FUN_00136110,real_logic,a3,ptr,int,HEURISTIC,CALL_PROPAGATED,0x00197300->0x00136110,ptr_int
0x0043bc40,0x0043bc40,stub_code,a0,int,Unknown_a0_428,DIRECT,CALL_PROPAGATED,0x00197d50->0x0043bc40,hard
0x00390f40,0x00390f40,stub_code,a0,int,Unknown_a1_58,DIRECT,CALL_PROPAGATED,0x00197e30->0x00390f40,hard
0x0015d3b0,0x0015d3b0,,a2,int,Unknown_a2_24,CALL_PROPAGATED,CALL_PROPAGATED,0x00198720->0x0015d3b0,hard
0x0015d610,0x0015d610,stub_code,a2,int,Unknown_a2_24,DIRECT,CALL_PROPAGATED,0x00198720->0x0015d610,hard
0x0028b320,0x0028b320,stub_code,a2,ptr,int,STRUCT_FIELD,CALL_PROPAGATED,0x00198bf0->0x0028b320,ptr_int
0x0013d7d0,0x0013d7d0,stub_code,a1,ptr,int,STRUCT_FIELD,CALL_PROPAGATED,0x00199220->0x0013d7d0,ptr_int
0x0013d7d0,0x0013d7d0,stub_code,a2,int,Unknown_a0_0_2c,DIRECT,CALL_PROPAGATED,0x00199220->0x0013d7d0,hard
0x00190530,0x00190530,,a1,ptr,int,HEURISTIC,CALL_PROPAGATED,0x00199220->0x00190530,ptr_int
0x00190530,0x00190530,,a2,int,Unknown_a0_0_2c,CALL_PROPAGATED,CALL_PROPAGATED,0x00199220->0x00190530,hard
0x003975c0,0x003975c0,stub_code,a1,Unknown_a1_0,int,DIRECT,CALL_PROPAGATED,0x00199220->0x003975c0,hard
0x003975c0,0x003975c0,stub_code,a2,Unknown_a2_0_10,Unknown_a0_0_2c,DIRECT,CALL_PROPAGATED,0x00199220->0x003975c0,hard
0x00190370,FUN_00190370,real_c,a2,int,Unknown_a0_0_2c,DIRECT,CALL_PROPAGATED,0x00199220->0x00190370,hard
0x00190350,0x00190350,,a2,int,Unknown_a0_0_2c,CALL_PROPAGATED,CALL_PROPAGATED,0x00199220->0x00190350,hard
0x00190280,0x00190280,stub_code,a2,int,Unknown_a0_0_2c,CALL_PROPAGATED,CALL_PROPAGATED,0x00199220->0x00190280,hard
0x0010e770,0x0010e770,,a0,Unknown_a0_40,Unknown_a0_3a0,CALL_PROPAGATED,CALL_PROPAGATED,0x00199330->0x0010e770,hard
0x0010e780,FUN_0010e780,real_c,a0,Unknown_a0_0_4_8_10,Unknown_a0_3a0,DIRECT,CALL_PROPAGATED,0x00199330->0x0010e780,hard
0x001304f0,0x001304f0,stub_code,a0,int,Unknown_a0_3a0,DIRECT,CALL_PROPAGATED,0x00199330->0x001304f0,hard
0x001304f0,0x001304f0,stub_code,a1,int,Unknown_a1_10,DIRECT,CALL_PROPAGATED,0x00199330->0x001304f0,hard
0x0010ed00,0x0010ed00,,a0,Unknown_a0_c_10,Unknown_a0_3a0,CALL_PROPAGATED,CALL_PROPAGATED,0x00199c90->0x0010ed00,hard
0x0018fde0,0x0018fde0,,a2,ptr,int,HEURISTIC,CALL_PROPAGATED,0x0019d000->0x0018fde0,ptr_int
0x00136160,0x00136160,,a2,Unknown_a0_0_2c,int,CALL_PROPAGATED,CALL_PROPAGATED,0x0019d000->0x00136160,hard
0x00338700,0x00338700,stub_code,a0,int,ptr,DIRECT,CALL_PROPAGATED,0x0019d450->0x00338700,ptr_int
0x0043bc40,0x0043bc40,stub_code,a0,int,Unknown_a0_3c,DIRECT,CALL_PROPAGATED,0x0019d780->0x0043bc40,hard
0x0043bc40,0x0043bc40,stub_code,a1,int,Unknown_a1_0_4_8,DIRECT,CALL_PROPAGATED,0x0019daf0->0x0043bc40,hard
0x0019daf0,0x0019daf0,stub_code,a0,int,Unknown_a0_38_b0,DIRECT,CALL_PROPAGATED,0x0019e280->0x0019daf0,hard
0x0019daf0,0x0019daf0,stub_code,a0,int,Unknown_a0_0_2c,DIRECT,CALL_PROPAGATED,0x0019f1f0->0x0019daf0,hard
0x0019daf0,0x0019daf0,stub_code,a1,Unknown_a1_0_4_8,Unknown_a0_0_2c,DIRECT,CALL_PROPAGATED,0x0019f1f0->0x0019daf0,hard
0x0019daf0,0x0019daf0,stub_code,a2,int,Unknown_a0_0_2c,DIRECT,CALL_PROPAGATED,0x0019f1f0->0x0019daf0,hard
0x0019daf0,0x0019daf0,stub_code,a0,int,ptr,DIRECT,CALL_PROPAGATED,0x0019f8e0->0x0019daf0,ptr_int
0x0033b300,0x0033b300,stub_code,a0,int,Unknown_a0_2c,DIRECT,CALL_PROPAGATED,0x0019feb0->0x0033b300,hard
0x0033b520,0x0033b520,,a0,Unknown_a0_34,Unknown_a0_2c,CALL_PROPAGATED,CALL_PROPAGATED,0x0019feb0->0x0033b520,hard
0x001ca170,0x001ca170,stub_code,a1,int,ptr,DIRECT,RETURN_PROPAGATED,0x00238120->0x001ca170,ptr_int
0x00336fd0,0x00336fd0,stub_code,a2,int,Unknown_a2_24_38,DIRECT,CALL_PROPAGATED,0x001a0930->0x00336fd0,hard
0x00429370,0x00429370,,a2,int,Unknown_a2_24_38,CALL_PROPAGATED,CALL_PROPAGATED,0x001a0930->0x00429370,hard
0x001cb220,FUN_001cb220,pseudo_stub,a2,int,ptr,DIRECT,RETURN_PROPAGATED,0x00429370->0x001cb220,ptr_int
0x00186890,0x00186890,stub_code,a2,int,ptr,DIRECT,RETURN_PROPAGATED,0x00429370->0x00186890,ptr_int
0x0033b520,0x0033b520,,a2,Unknown_a0_34,int,CALL_PROPAGATED,CALL_PROPAGATED,0x001a0a40->0x0033b520,hard
0x0033b520,0x0033b520,,a0,Unknown_a0_34,int,CALL_PROPAGATED,CALL_PROPAGATED,0x001a0ae0->0x0033b520,hard
0x001a0da0,0x001a0da0,stub_code,a2,int,ptr,DIRECT,RETURN_PROPAGATED,0x001a2090->0x001a0da0,ptr_int
0x001a2090,0x001a2090,,a2,int,ptr,CALL_PROPAGATED,RETURN_PROPAGATED,0x001a2090->0x001a2090,ptr_int
0x00511940,0x00511940,stub_code,a0,Unknown_a0_0_4c,Unknown_a0_4,DIRECT,CALL_PROPAGATED,0x001a0ed0->0x00511940,hard
0x001a1150,0x001a1150,stub_code,a0,Unknown_a0_4,int,DIRECT,CALL_PROPAGATED,0x001a0f30->0x001a1150,hard
0x001a1150,0x001a1150,stub_code,a1,ptr,int,STRUCT_FIELD,CALL_PROPAGATED,0x001a0f30->0x001a1150,ptr_int
0x001a1150,0x001a1150,stub_code,a2,int,Unknown_a2_8,DIRECT,CALL_PROPAGATED,0x001a0f30->0x001a1150,hard
0x0028c230,0x0028c230,stub_code,a0,Unknown_a0_8,Unknown_a0_4,DIRECT,CALL_PROPAGATED,0x001a1150->0x0028c230,hard
0x001a2220,0x001a2220,stub_code,a3,Unknown_a3_0,int,DIRECT,CALL_PROPAGATED,0x001a1d90->0x001a2220,hard
0x001a1f20,0x001a1f20,stub_code,a0,Unknown_a0_0_4_8_c_10,Unknown_a0_0_1c,DIRECT,CALL_PROPAGATED,0x001a1e80->0x001a1f20,hard
0x001a1f20,0x001a1f20,stub_code,a2,Unknown_a2_0_4_8,int,DIRECT,CALL_PROPAGATED,0x001a1e80->0x001a1f20,hard
0x0015ded0,0x0015ded0,,a1,ptr,int,HEURISTIC,CALL_PROPAGATED,0x001a1f20->0x0015ded0,ptr_int
0x0015ded0,0x0015ded0,,a2,int,Unknown_a2_0_4_8,HEURISTIC,CALL_PROPAGATED,0x001a1f20->0x0015ded0,hard
0x001a0f30,0x001a0f30,stub_code,a2,Unknown_a2_8,Unknown_a2_0_4_8,DIRECT,CALL_PROPAGATED,0x001a1f20->0x001a0f30,hard
0x0043af80,0x0043af80,,a0,int,Unknown_a0_0_4_8_c_10,CALL_PROPAGATED,CALL_PROPAGATED,0x001a2220->0x0043af80,hard
0x0043af80,0x0043af80,,a2,int,Unknown_a0_0_4_8_c_10,CALL_PROPAGATED,CALL_PROPAGATED,0x001a2220->0x0043af80,hard
0x0043af80,0x0043af80,,a3,int,Unknown_a3_0,CALL_PROPAGATED,CALL_PROPAGATED,0x001a2220->0x0043af80,hard
0x0043b320,0x0043b320,,a0,int,Unknown_a0_0_4_8_c_10,CALL_PROPAGATED,CALL_PROPAGATED,0x001a2220->0x0043b320,hard
0x0043b320,0x0043b320,,a2,int,Unknown_a0_0_4_8_c_10,CALL_PROPAGATED,CALL_PROPAGATED,0x001a2220->0x0043b320,hard
0x0043b320,0x0043b320,,a3,int,Unknown_a3_0,CALL_PROPAGATED,CALL_PROPAGATED,0x001a2220->0x0043b320,hard
0x001a2090,0x001a2090,,a0,ptr,int,HEURISTIC,CALL_PROPAGATED,0x001a2810->0x001a2090,ptr_int
0x00134e50,0x00134e50,,a2,Unknown_a0_38,Unknown_a1_0_4_8_c_10_14_18,CALL_PROPAGATED,CALL_PROPAGATED,0x001a29f0->0x00134e50,hard
0x00134e50,0x00134e50,,a3,Unknown_a0_38,Unknown_a1_0_4_8_c_10_14_18,CALL_PROPAGATED,CALL_PROPAGATED,0x001a29f0->0x00134e50,hard
0x001329d0,0x001329d0,,a2,Unknown_a0_0,Unknown_a1_0_4_8_c_10_14_18,CALL_PROPAGATED,CALL_PROPAGATED,0x001a29f0->0x001329d0,hard
0x001329d0,0x001329d0,,a3,Unknown_a0_0,Unknown_a1_0_4_8_c_10_14_18,CALL_PROPAGATED,CALL_PROPAGATED,0x001a29f0->0x001329d0,hard
0x0043af80,0x0043af80,,a0,Unknown_a0_0_4_8_c_10,Unknown_a1_0_4_8_c_10_14_18,CALL_PROPAGATED,CALL_PROPAGATED,0x001a29f0->0x0043af80,hard
0x0043af80,0x0043af80,,a2,Unknown_a0_0_4_8_c_10,Unknown_a1_0_4_8_c_10_14_18,CALL_PROPAGATED,CALL_PROPAGATED,0x001a29f0->0x0043af80,hard
0x0043af80,0x0043af80,,a3,Unknown_a3_0,Unknown_a1_0_4_8_c_10_14_18,CALL_PROPAGATED,CALL_PROPAGATED,0x001a29f0->0x0043af80,hard
0x0043b320,0x0043b320,,a0,Unknown_a0_0_4_8_c_10,Unknown_a1_0_4_8_c_10_14_18,CALL_PROPAGATED,CALL_PROPAGATED,0x001a29f0->0x0043b320,hard
0x0043b320,0x0043b320,,a2,Unknown_a0_0_4_8_c_10,Unknown_a1_0_4_8_c_10_14_18,CALL_PROPAGATED,CALL_PROPAGATED,0x001a29f0->0x0043b320,hard
0x0043b320,0x0043b320,,a3,Unknown_a3_0,Unknown_a1_0_4_8_c_10_14_18,CALL_PROPAGATED,CALL_PROPAGATED,0x001a29f0->0x0043b320,hard
0x001a23f0,0x001a23f0,stub_code,a2,int,Unknown_a1_0_4_8_c_10_14_18,DIRECT,CALL_PROPAGATED,0x001a29f0->0x001a23f0,hard
0x001a23f0,0x001a23f0,stub_code,a3,int,Unknown_a1_0_4_8_c_10_14_18,DIRECT,CALL_PROPAGATED,0x001a29f0->0x001a23f0,hard
0x0026d320,0x0026d320,,a0,ptr,int,HEURISTIC,CALL_PROPAGATED,0x001a38a0->0x0026d320,ptr_int
0x0026daf0,0x0026daf0,stub_code,a0,Unknown_a0_0_4_8_c_10_14,int,DIRECT,CALL_PROPAGATED,0x001a38a0->0x0026daf0,hard
0x00428df8,0x00428df8,,a0,Unknown_a0_8_c,Unknown_a0_10,CALL_PROPAGATED,CALL_PROPAGATED,0x001a3b90->0x00428df8,hard
0x001ff8c0,0x001ff8c0,stub_code,a1,int,ptr,DIRECT,CALL_PROPAGATED,0x001a3d90->0x001ff8c0,ptr_int
0x001ff8c0,0x001ff8c0,stub_code,a2,int,ptr,DIRECT,CALL_PROPAGATED,0x001a3d90->0x001ff8c0,ptr_int
0x001a37f0,0x001a37f0,,a0,int,ptr,HEURISTIC,CALL_PROPAGATED,0x001a3eb0->0x001a37f0,ptr_int
0x0026d4a0,0x0026d4a0,stub_code,a0,Unknown_a0_0_4_8_c_10_14,int,DIRECT,CALL_PROPAGATED,0x001a4040->0x0026d4a0,hard
0x00336d40,0x00336d40,stub_code,a0,ptr,int,STRUCT_FIELD,CALL_PROPAGATED,0x001a4040->0x00336d40,ptr_int
0x00337430,0x00337430,stub_code,a0,Unknown_a0_14_64,int,DIRECT,CALL_PROPAGATED,0x001a4040->0x00337430,hard
0x001a55e0,0x001a55e0,stub_code,a0,Unknown_a0_8,int,DIRECT,CALL_PROPAGATED,0x001a4140->0x001a55e0,hard
0x0026e060,FUN_0026e060,real_c,a0,Unknown_a0_0_4_8_c_10,int,DIRECT,CALL_PROPAGATED,0x001a4200->0x0026e060,hard
0x001a4470,0x001a4470,stub_code,a0,Unknown_a0_4,int,DIRECT,CALL_PROPAGATED,0x001a43a0->0x001a4470,hard
0x00428df8,0x00428df8,,a0,Unknown_a0_8_c,Unknown_a0_4,CALL_PROPAGATED,CALL_PROPAGATED,0x001a4470->0x00428df8,hard
0x001a58e0,0x001a58e0,stub_code,a0,Unknown_a0_54,Unknown_a0_4,DIRECT,CALL_PROPAGATED,0x001a4520->0x001a58e0,hard
0x00428df8,0x00428df8,,a2,Unknown_a2_0,Unknown_a0_4,CALL_PROPAGATED,CALL_PROPAGATED,0x001a4520->0x00428df8,hard
0x001a90f0,0x001a90f0,stub_code,a0,Unknown_a0_0_4_8_c,Unknown_a0_0_1c,DIRECT,CALL_PROPAGATED,0x001a4800->0x001a90f0,hard
0x001a9950,0x001a9950,stub_code,a0,int,Unknown_a0_0_1c,DIRECT,CALL_PROPAGATED,0x001a48e0->0x001a9950,hard
0x001a9a80,0x001a9a80,stub_code,a0,int,Unknown_a0_0_1c,DIRECT,CALL_PROPAGATED,0x001a4950->0x001a9a80,hard
0x001a9ba0,0x001a9ba0,stub_code,a0,int,Unknown_a0_0_1c,DIRECT,CALL_PROPAGATED,0x001a49c0->0x001a9ba0,hard
0x001aa2e0,0x001aa2e0,stub_code,a0,Unknown_a0_0_4_8_c_10_14_18_1c_20,Unknown_a0_0_1c,DIRECT,CALL_PROPAGATED,0x001a4a30->0x001aa2e0,hard
0x001aaad0,0x001aaad0,stub_code,a0,Unknown_a0_0_4_8_c_10_14_18_1c,Unknown_a0_0_1c,DIRECT,CALL_PROPAGATED,0x001a4aa0->0x001aaad0,hard
0x001aa000,0x001aa000,stub_code,a0,Unknown_a0_0_4_8,Unknown_a0_0_1c,DIRECT,CALL_PROPAGATED,0x001a4b10->0x001aa000,hard
0x001a9db0,0x001a9db0,stub_code,a0,Unknown_a0_0_4_10,Unknown_a0_0_1c,DIRECT,CALL_PROPAGATED,0x001a4b80->0x001a9db0,hard
0x001a9530,0x001a9530,stub_code,a0,Unknown_a0_0_4_8,Unknown_a0_0_1c,DIRECT,CALL_PROPAGATED,0x001a4bf0->0x001a9530,hard
0x001aad90,0x001aad90,stub_code,a0,Unknown_a0_0_4_8,Unknown_a0_0_1c,DIRECT,CALL_PROPAGATED,0x001a4c60->0x001aad90,hard
0x001ab1f0,0x001ab1f0,stub_code,a0,int,Unknown_a0_0_1c,DIRECT,CALL_PROPAGATED,0x001a4d40->0x001ab1f0,hard
0x001ab2e0,0x001ab2e0,stub_code,a0,int,Unknown_a0_0_1c,DIRECT,CALL_PROPAGATED,0x001a4db0->0x001ab2e0,hard
0x001ab470,0x001ab470,stub_code,a0,Unknown_a0_0_4_8,Unknown_a0_0_1c,DIRECT,CALL_PROPAGATED,0x001a4e20->0x001ab470,hard
0x001ab740,0x001ab740,stub_code,a0,Unknown_a0_0_4_8_c_10,Unknown_a0_0_1c,DIRECT,CALL_PROPAGATED,0x001a4f00->0x001ab740,hard
0x001abdd0,0x001abdd0,stub_code,a0,Unknown_a0_0_4_8,Unknown_a0_0_1c,DIRECT,CALL_PROPAGATED,0x001a4ff0->0x001abdd0,hard
0x001abf70,0x001abf70,stub_code,a0,Unknown_a0_0_4_8_c_10_14,Unknown_a0_0_1c,DIRECT,CALL_PROPAGATED,0x001a5060->0x001abf70,hard
0x001ac150,0x001ac150,stub_code,a0,Unknown_a0_0_4_8_c,Unknown_a0_0_1c,DIRECT,CALL_PROPAGATED,0x001a50d0->0x001ac150,hard
0x001a8890,0x001a8890,stub_code,a0,Unknown_a0_0_4_8_c,Unknown_a0_0_1c,DIRECT,CALL_PROPAGATED,0x001a5250->0x001a8890,hard
0x001a8690,0x001a8690,stub_code,a0,Unknown_a0_0_4_8,Unknown_a0_0_1c,DIRECT,CALL_PROPAGATED,0x001a5330->0x001a8690,hard
0x001a6c20,0x001a6c20,stub_code,a0,int,Unknown_a0_0_1c,DIRECT,CALL_PROPAGATED,0x001a53a0->0x001a6c20,hard
0x00428df8,0x00428df8,,a0,Unknown_a0_8_c,int,CALL_PROPAGATED,CALL_PROPAGATED,0x001a54f0->0x00428df8,hard
0x0026daf0,0x0026daf0,stub_code,a0,Unknown_a0_0_4_8_c_10_14,Unknown_a0_0_4_8_c_10,DIRECT,CALL_PROPAGATED,0x001a5570->0x0026daf0,hard
0x001a6440,0x001a6440,stub_code,a0,Unknown_a0_14,int,DIRECT,CALL_PROPAGATED,0x001a6110->0x001a6440,hard
0x001a64b0,0x001a64b0,stub_code,a0,int,ptr,DIRECT,RETURN_PROPAGATED,0x001a64a0->0x001a64b0,ptr_int
0x0026d230,0x0026d230,stub_code,a0,int,ptr,DIRECT,RETURN_PROPAGATED,0x001a64b0->0x0026d230,ptr_int
0x001a66f0,0x001a66f0,stub_code,a0,Unknown_a0_c,Unknown_a0_4,DIRECT,CALL_PROPAGATED,0x001a63a0->0x001a66f0,hard
0x0026d6f0,0x0026d6f0,stub_code,a0,Unknown_a0_0_4_8_c_10_14,int,DIRECT,CALL_PROPAGATED,0x001a64b0->0x0026d6f0,hard
0x00134e50,0x00134e50,,a2,Unknown_a1_0_4_8_c_10_14_18,int,CALL_PROPAGATED,CALL_PROPAGATED,0x001a6970->0x00134e50,hard
0x00134e50,0x00134e50,,a3,Unknown_a1_0_4_8_c_10_14_18,int,CALL_PROPAGATED,CALL_PROPAGATED,0x001a6970->0x00134e50,hard
0x001329d0,0x001329d0,,a2,Unknown_a1_0_4_8_c_10_14_18,int,CALL_PROPAGATED,CALL_PROPAGATED,0x001a6970->0x001329d0,hard
0x001329d0,0x001329d0,,a3,Unknown_a1_0_4_8_c_10_14_18,int,CALL_PROPAGATED,CALL_PROPAGATED,0x001a6970->0x001329d0,hard
0x001a6b70,0x001a6b70,stub_code,a0,Unknown_a0_10,Unknown_a0_c,DIRECT,CALL_PROPAGATED,0x001a6af0->0x001a6b70,hard
0x001a6b70,0x001a6b70,stub_code,a1,ptr,int,STRUCT_FIELD,CALL_PROPAGATED,0x001a6af0->0x001a6b70,ptr_int
0x001a58e0,0x001a58e0,stub_code,a1,int,ptr,DIRECT,CALL_PROPAGATED,0x001a6b70->0x001a58e0,ptr_int
0x001a58e0,0x001a58e0,stub_code,a2,Unknown_a0_4,int,CALL_PROPAGATED,CALL_PROPAGATED,0x001a6b70->0x001a58e0,hard
0x001a58e0,0x001a58e0,stub_code,a3,int,ptr,CALL_PROPAGATED,CALL_PROPAGATED,0x001a6b70->0x001a58e0,ptr_int
0x00336fd0,0x00336fd0,stub_code,a0,Unknown_a0_6c,int,DIRECT,CALL_PROPAGATED,0x001a73d0->0x00336fd0,hard
0x0023cf10,0x0023cf10,,a2,int,Unknown_a0_c,CALL_PROPAGATED,CALL_PROPAGATED,0x001a76a0->0x0023cf10,hard
0x001a6b70,0x001a6b70,stub_code,a2,int,Unknown_a0_c,DIRECT,CALL_PROPAGATED,0x001a76a0->0x001a6b70,hard
0x001329d0,0x001329d0,,a2,Unknown_a1_0_4_8_c_10_14_18,Unknown_a0_c,CALL_PROPAGATED,CALL_PROPAGATED,0x001a76a0->0x001329d0,hard
0x0026e060,FUN_0026e060,real_c,a0,Unknown_a0_0_4_8_c_10,Unknown_a0_0_4_8,DIRECT,CALL_PROPAGATED,0x001a8690->0x0026e060,hard
0x0026daf0,0x0026daf0,stub_code,a0,Unknown_a0_0_4_8_c_10_14,Unknown_a0_0_4_8,DIRECT,CALL_PROPAGATED,0x001a8690->0x0026daf0,hard
0x001ff6f0,0x001ff6f0,stub_code,a1,int,Unknown_a2_8,DIRECT,CALL_PROPAGATED,0x001a87e0->0x001ff6f0,hard
0x001ff6f0,0x001ff6f0,stub_code,a2,int,Unknown_a2_8,DIRECT,CALL_PROPAGATED,0x001a87e0->0x001ff6f0,hard
0x0026e060,FUN_0026e060,real_c,a0,Unknown_a0_0_4_8_c_10,Unknown_a0_0_4_8_c,DIRECT,CALL_PROPAGATED,0x001a8890->0x0026e060,hard
0x0026d6f0,0x0026d6f0,stub_code,a0,Unknown_a0_0_4_8_c_10_14,Unknown_a0_0_4_8_c,DIRECT,CALL_PROPAGATED,0x001a8890->0x0026d6f0,hard
0x001c1ff0,0x001c1ff0,,a0,Unknown_a0_38_88,int,CALL_PROPAGATED,CALL_PROPAGATED,0x001a8e20->0x001c1ff0,hard
0x001c1ff0,0x001c1ff0,,a1,int,Unknown_a1_0,CALL_PROPAGATED,CALL_PROPAGATED,0x001a8e20->0x001c1ff0,hard
0x001c2040,0x001c2040,stub_code,a0,Unknown_a0_8,int,DIRECT,CALL_PROPAGATED,0x001a8e20->0x001c2040,hard
0x001c2040,0x001c2040,stub_code,a1,int,Unknown_a1_0,DIRECT,CALL_PROPAGATED,0x001a8e20->0x001c2040,hard
0x0015c2e0,0x0015c2e0,stub_code,a0,ptr,int,STRUCT_FIELD,CALL_PROPAGATED,0x001a8e20->0x0015c2e0,ptr_int
0x00196890,0x00196890,stub_code,a0,Unknown_a0_3e0,Unknown_a1_4,DIRECT,CALL_PROPAGATED,0x001a9070->0x00196890,hard
0x00196890,0x00196890,stub_code,a1,Unknown_a1_1e4_1e8_1ec,Unknown_a1_4,DIRECT,CALL_PROPAGATED,0x001a9070->0x00196890,hard
0x0026d6f0,0x0026d6f0,stub_code,a0,Unknown_a0_0_4_8_c_10_14,Unknown_a0_0_4_8,DIRECT,CALL_PROPAGATED,0x001a9530->0x0026d6f0,hard
0x001c1ff0,0x001c1ff0,,a1,Unknown_a1_0,Unknown_a1_4_38_88,CALL_PROPAGATED,CALL_PROPAGATED,0x001a9620->0x001c1ff0,hard
0x001c2040,0x001c2040,stub_code,a1,int,Unknown_a1_4_38_88,DIRECT,CALL_PROPAGATED,0x001a9620->0x001c2040,hard
0x001a9760,0x001a9760,stub_code,a0,Unknown_a0_0_4_8_c,int,DIRECT,CALL_PROPAGATED,0x001a9950->0x001a9760,hard
0x0026daf0,0x0026daf0,stub_code,a0,Unknown_a0_0_4_8_c_10_14,Unknown_a0_0_4_10,DIRECT,CALL_PROPAGATED,0x001a9db0->0x0026daf0,hard
0x0026e060,FUN_0026e060,real_c,a0,Unknown_a0_0_4_8_c_10,Unknown_a0_0_4_8_c_10_14_18_1c_20,DIRECT,CALL_PROPAGATED,0x001aa2e0->0x0026e060,hard
0x0026daf0,0x0026daf0,stub_code,a0,Unknown_a0_0_4_8_c_10_14,Unknown_a0_0_4_8_c_10_14_18_1c_20,DIRECT,CALL_PROPAGATED,0x001aa2e0->0x0026daf0,hard
0x001acf80,0x001acf80,stub_code,a1,int,Unknown_a0_14,DIRECT,CALL_PROPAGATED,0x001aa7c0->0x001acf80,hard
0x001071e0,FUN_001071e0,real_c,a1,Unknown_a1_0_4_8_c_10_14_18_1c_20_24_28_2c_30_34_38_3c,Unknown_a0_20,DIRECT,CALL_PROPAGATED,0x001aa8a0->0x001071e0,hard
0x0026e060,FUN_0026e060,real_c,a0,Unknown_a0_0_4_8_c_10,Unknown_a0_0_4_8_c_10_14_18_1c,DIRECT,CALL_PROPAGATED,0x001aaad0->0x0026e060,hard
0x0026d6f0,0x0026d6f0,stub_code,a0,Unknown_a0_0_4_8_c_10_14,Unknown_a0_0_4_8_c_10_14_18_1c,DIRECT,CALL_PROPAGATED,0x001aaad0->0x0026d6f0,hard
0x00198a40,0x00198a40,,a2,int,Unknown_a2_8_c,CALL_PROPAGATED,CALL_PROPAGATED,0x001aacd0->0x00198a40,hard
0x00337430,0x00337430,stub_code,a0,Unknown_a0_14_64,Unknown_a0_10,DIRECT,CALL_PROPAGATED,0x001ab8d0->0x00337430,hard
0x001a54f0,0x001a54f0,stub_code,a0,int,ptr,DIRECT,CALL_PROPAGATED,0x001ab970->0x001a54f0,ptr_int
0x0026d4a0,0x0026d4a0,stub_code,a0,Unknown_a0_0_4_8_c_10_14,Unknown_a0_0_4_8,DIRECT,CALL_PROPAGATED,0x001abdd0->0x0026d4a0,hard
0x00132d40,0x00132d40,stub_code,a1,int,Unknown_a1_0,DIRECT,CALL_PROPAGATED,0x001ac0b0->0x00132d40,hard
0x0026d4a0,0x0026d4a0,stub_code,a0,Unknown_a0_0_4_8_c_10_14,Unknown_a0_0_4_8_c,DIRECT,CALL_PROPAGATED,0x001ac150->0x0026d4a0,hard
0x00428df8,0x00428df8,,a0,Unknown_a0_8_c,Unknown_a0_8,CALL_PROPAGATED,CALL_PROPAGATED,0x001acee0->0x00428df8,hard
0x001ad1a0,0x001ad1a0,stub_code,a0,Unknown_a0_0_c,Unknown_a0_0_4_8_c_10,DIRECT,CALL_PROPAGATED,0x001ad0b0->0x001ad1a0,hard
0x001ad1a0,0x001ad1a0,stub_code,a1,int,Unknown_a0_0_4_8_c_10,DIRECT,CALL_PROPAGATED,0x001ad0b0->0x001ad1a0,hard
0x001ad1a0,0x001ad1a0,stub_code,a3,int,Unknown_a0_0_4_8_c_10,DIRECT,CALL_PROPAGATED,0x001ad0b0->0x001ad1a0,hard
0x001719b0,0x001719b0,,a0,Unknown_a0_ac,Unknown_a0_0_c,CALL_PROPAGATED,CALL_PROPAGATED,0x001ad1a0->0x001719b0,hard
0x00127170,0x00127170,,a1,int,ptr,CALL_PROPAGATED,RETURN_PROPAGATED,0x00167480->0x00127170,ptr_int
0x005c0d40,0x005c0d40,stub_code,a1,int,ptr,DIRECT,CALL_PROPAGATED,0x001ad1a0->0x005c0d40,ptr_int
0x001719b0,0x001719b0,,a3,int,ptr,CALL_PROPAGATED,RETURN_PROPAGATED,0x0023c590->0x001719b0,ptr_int
0x00171bc0,0x00171bc0,stub_code,a2,int,ptr,DIRECT,CALL_PROPAGATED,0x001ad4b0->0x00171bc0,ptr_int
0x00171bc0,0x00171bc0,stub_code,a3,int,ptr,DIRECT,RETURN_PROPAGATED,0x0023c590->0x00171bc0,ptr_int
0x00171c30,0x00171c30,,a1,int,ptr,HEURISTIC,RETURN_PROPAGATED,0x00171bc0->0x00171c30,ptr_int
0x00171c30,0x00171c30,,a2,int,ptr,CALL_PROPAGATED,CALL_PROPAGATED,0x001ad4b0->0x00171c30,ptr_int
0x00171c30,0x00171c30,,a3,int,ptr,CALL_PROPAGATED,RETURN_PROPAGATED,0x0023c590->0x00171c30,ptr_int
0x00171cf0,0x00171cf0,stub_code,a1,int,ptr,DIRECT,RETURN_PROPAGATED,0x00171c30->0x00171cf0,ptr_int
0x00171cf0,0x00171cf0,stub_code,a2,int,ptr,DIRECT,CALL_PROPAGATED,0x001ad4b0->0x00171cf0,ptr_int
0x00171cf0,0x00171cf0,stub_code,a3,int,ptr,DIRECT,RETURN_PROPAGATED,0x0023c590->0x00171cf0,ptr_int
0x00511940,0x00511940,stub_code,a3,int,ptr,DIRECT,RETURN_PROPAGATED,0x0023c590->0x00511940,ptr_int
0x00590730,0x00590730,stub_code,a2,int,ptr,DIRECT,CALL_PROPAGATED,0x001ad4b0->0x00590730,ptr_int
0x00590730,0x00590730,stub_code,a3,int,ptr,DIRECT,RETURN_PROPAGATED,0x0023c590->0x00590730,ptr_int
0x005c0d40,0x005c0d40,stub_code,a2,int,ptr,HEURISTIC,CALL_PROPAGATED,0x001ad4b0->0x005c0d40,ptr_int
0x001071e0,FUN_001071e0,real_c,a3,int,Unknown_a3_0,DIRECT,CALL_PROPAGATED,0x001ad680->0x001071e0,hard
0x00171bc0,0x00171bc0,stub_code,a3,int,Unknown_a3_0,DIRECT,CALL_PROPAGATED,0x001ad680->0x00171bc0,hard
0x00171c30,0x00171c30,,a3,int,Unknown_a3_0,CALL_PROPAGATED,CALL_PROPAGATED,0x001ad680->0x00171c30,hard
0x001ad3f0,0x001ad3f0,stub_code,a0,Unknown_a0_8,int,DIRECT,CALL_PROPAGATED,0x001ad950->0x001ad3f0,hard
0x001ad0b0,0x001ad0b0,stub_code,a0,Unknown_a0_0_4_8_c_10,int,DIRECT,CALL_PROPAGATED,0x001ad980->0x001ad0b0,hard
0x0016e840,0x0016e840,stub_code,a0,int,Unknown_a0_c,DIRECT,CALL_PROPAGATED,0x001adb50->0x0016e840,hard
0x0053d4d0,0x0053d4d0,stub_code,a0,int,Unknown_a0_4,DIRECT,CALL_PROPAGATED,0x001af570->0x0053d4d0,hard
0x005eca00,0x005eca00,stub_code,a0,Unknown_a0_14,Unknown_a0_0,DIRECT,CALL_PROPAGATED,0x001af8f0->0x005eca00,hard
0x005ec1d0,0x005ec1d0,stub_code,a0,int,Unknown_a0_0,DIRECT,CALL_PROPAGATED,0x001af8f0->0x005ec1d0,hard
0x001f5770,0x001f5770,stub_code,a0,int,Unknown_a0_0_4,DIRECT,CALL_PROPAGATED,0x001b0840->0x001f5770,hard
0x0013c3d0,0x0013c3d0,stub_code,a0,Unknown_a0_c,int,DIRECT,CALL_PROPAGATED,0x001b0d10->0x0013c3d0,hard
0x0010e770,0x0010e770,,a0,Unknown_a0_40,Unknown_a0_8,CALL_PROPAGATED,CALL_PROPAGATED,0x001b11f0->0x0010e770,hard
0x0010e610,0x0010e610,,a0,Unknown_a0_c,Unknown_a0_8,CALL_PROPAGATED,CALL_PROPAGATED,0x001b11f0->0x0010e610,hard
0x001d2110,0x001d2110,stub_code,a1,int,ptr,DIRECT,RETURN_PROPAGATED,0x00238120->0x001d2110,ptr_int
0x001d0aa0,0x001d0aa0,stub_code,a1,int,ptr,DIRECT,RETURN_PROPAGATED,0x00238120->0x001d0aa0,ptr_int
0x001bbce0,0x001bbce0,stub_code,a1,int,ptr,DIRECT,RETURN_PROPAGATED,0x00238120->0x001bbce0,ptr_int
0x00190370,FUN_00190370,real_c,a1,int,ptr,DIRECT,RETURN_PROPAGATED,0x00238120->0x00190370,ptr_int
0x001ba4b0,0x001ba4b0,stub_code,a1,int,ptr,DIRECT,RETURN_PROPAGATED,0x00238120->0x001ba4b0,ptr_int
0x0043af80,0x0043af80,,a3,Unknown_a1_0_4_8_c_10_14_18,int,CALL_PROPAGATED,CALL_PROPAGATED,0x001b3080->0x0043af80,hard
0x0043b320,0x0043b320,,a3,Unknown_a1_0_4_8_c_10_14_18,int,CALL_PROPAGATED,CALL_PROPAGATED,0x001b3080->0x0043b320,hard
0x001bee70,0x001bee70,stub_code,a1,int,ptr,DIRECT,RETURN_PROPAGATED,0x00238120->0x001bee70,ptr_int
0x0015d990,0x0015d990,,a3,ptr,int,HEURISTIC,CALL_PROPAGATED,0x001b3080->0x0015d990,ptr_int
0x001b8330,0x001b8330,,a3,ptr,int,HEURISTIC,CALL_PROPAGATED,0x001b3080->0x001b8330,ptr_int
0x001b8340,0x001b8340,,a3,ptr,int,HEURISTIC,CALL_PROPAGATED,0x001b3080->0x001b8340,ptr_int
0x00134db0,0x00134db0,,a3,ptr,int,HEURISTIC,CALL_PROPAGATED,0x001b3080->0x00134db0,ptr_int
0x001bda50,0x001bda50,stub_code,a1,int,ptr,DIRECT,RETURN_PROPAGATED,0x00238120->0x001bda50,ptr_int
0x001b6340,FUN_001b6340,real_c,a3,ptr,int,HEURISTIC,CALL_PROPAGATED,0x001b5320->0x001b6340,ptr_int
0x001bcd20,0x001bcd20,stub_code,a1,int,ptr,DIRECT,RETURN_PROPAGATED,0x00238120->0x001bcd20,ptr_int
0x001b6340,FUN_001b6340,real_c,a2,Unknown_a2_0_4_8,int,DIRECT,CALL_PROPAGATED,0x001b5580->0x001b6340,hard
0x001b1e10,0x001b1e10,stub_code,a0,int,ptr,DIRECT,RETURN_PROPAGATED,0x001f4da0->0x001b1e10,ptr_int
0x001b1b00,0x001b1b00,stub_code,a0,int,ptr,DIRECT,RETURN_PROPAGATED,0x001f4da0->0x001b1b00,ptr_int
0x001b3940,0x001b3940,stub_code,a0,int,ptr,DIRECT,RETURN_PROPAGATED,0x001f4da0->0x001b3940,ptr_int
0x001b3510,0x001b3510,stub_code,a0,int,ptr,DIRECT,RETURN_PROPAGATED,0x001f4da0->0x001b3510,ptr_int
0x001b28e0,0x001b28e0,stub_code,a0,int,ptr,DIRECT,RETURN_PROPAGATED,0x001f4da0->0x001b28e0,ptr_int
0x001c1ff0,0x001c1ff0,,a1,Unknown_a1_4_38_88,int,CALL_PROPAGATED,CALL_PROPAGATED,0x001b68c0->0x001c1ff0,hard
0x001b1e10,0x001b1e10,stub_code,a1,int,ptr,DIRECT,CALL_PROPAGATED,0x001b68c0->0x001b1e10,ptr_int
0x001b1e10,0x001b1e10,stub_code,a2,int,ptr,DIRECT,CALL_PROPAGATED,0x001b68c0->0x001b1e10,ptr_int
0x001b1e10,0x001b1e10,stub_code,a3,int,ptr,DIRECT,CALL_PROPAGATED,0x001b68c0->0x001b1e10,ptr_int
0x001b1b00,0x001b1b00,stub_code,a1,int,ptr,DIRECT,CALL_PROPAGATED,0x001b68c0->0x001b1b00,ptr_int
0x001b1b00,0x001b1b00,stub_code,a2,int,ptr,DIRECT,CALL_PROPAGATED,0x001b68c0->0x001b1b00,ptr_int
0x001b1b00,0x001b1b00,stub_code,a3,int,ptr,DIRECT,CALL_PROPAGATED,0x001b68c0->0x001b1b00,ptr_int
0x001b3940,0x001b3940,stub_code,a1,int,ptr,DIRECT,CALL_PROPAGATED,0x001b68c0->0x001b3940,ptr_int
0x001b3940,0x001b3940,stub_code,a2,int,ptr,DIRECT,CALL_PROPAGATED,0x001b68c0->0x001b3940,ptr_int
0x001b3940,0x001b3940,stub_code,a3,int,ptr,DIRECT,CALL_PROPAGATED,0x001b68c0->0x001b3940,ptr_int
0x001b3510,0x001b3510,stub_code,a1,int,ptr,DIRECT,CALL_PROPAGATED,0x001b68c0->0x001b3510,ptr_int
0x001b3510,0x001b3510,stub_code,a2,int,ptr,DIRECT,CALL_PROPAGATED,0x001b68c0->0x001b3510,ptr_int
0x001b3510,0x001b3510,stub_code,a3,int,ptr,DIRECT,CALL_PROPAGATED,0x001b68c0->0x001b3510,ptr_int
0x001b28e0,0x001b28e0,stub_code,a1,int,ptr,DIRECT,CALL_PROPAGATED,0x001b68c0->0x001b28e0,ptr_int
0x001b28e0,0x001b28e0,stub_code,a2,int,ptr,DIRECT,CALL_PROPAGATED,0x001b68c0->0x001b28e0,ptr_int
0x001b28e0,0x001b28e0,stub_code,a3,int,ptr,DIRECT,CALL_PROPAGATED,0x001b68c0->0x001b28e0,ptr_int
0x001b2330,0x001b2330,stub_code,a0,int,ptr,DIRECT,CALL_PROPAGATED,0x001b68c0->0x001b2330,ptr_int
0x001b2330,0x001b2330,stub_code,a1,int,ptr,DIRECT,CALL_PROPAGATED,0x001b68c0->0x001b2330,ptr_int
0x001b2330,0x001b2330,stub_code,a2,int,ptr,DIRECT,CALL_PROPAGATED,0x001b68c0->0x001b2330,ptr_int
0x001b2330,0x001b2330,stub_code,a3,int,ptr,DIRECT,CALL_PROPAGATED,0x001b68c0->0x001b2330,ptr_int
0x001b3080,0x001b3080,stub_code,a1,int,ptr,DIRECT,CALL_PROPAGATED,0x001b68c0->0x001b3080,ptr_int
0x001b3080,0x001b3080,stub_code,a2,int,ptr,DIRECT,CALL_PROPAGATED,0x001b68c0->0x001b3080,ptr_int
0x001b3080,0x001b3080,stub_code,a3,int,ptr,DIRECT,CALL_PROPAGATED,0x001b68c0->0x001b3080,ptr_int
0x001c1a00,0x001c1a00,stub_code,a1,int,ptr,DIRECT,RETURN_PROPAGATED,0x0015d990->0x001c1a00,ptr_int
0x001c1f50,0x001c1f50,stub_code,a3,int,ptr,DIRECT,RETURN_PROPAGATED,0x0015d990->0x001c1f50,ptr_int
0x0015d990,0x0015d990,,a1,ptr,int,RETURN_PROPAGATED,CALL_PROPAGATED,0x001b7260->0x0015d990,ptr_int
0x0015d990,0x0015d990,,a2,ptr,int,HEURISTIC,CALL_PROPAGATED,0x001b7260->0x0015d990,ptr_int
0x0010e770,0x0010e770,,a1,Unknown_a1_10,Unknown_a1_8_10,CALL_PROPAGATED,CALL_PROPAGATED,0x001b7400->0x0010e770,hard
0x0010e770,0x0010e770,,a3,int,Unknown_a1_8_10,CALL_PROPAGATED,CALL_PROPAGATED,0x001b7400->0x0010e770,hard
0x0010e610,0x0010e610,,a2,Unknown_a0_0_1c,Unknown_a1_8_10,CALL_PROPAGATED,CALL_PROPAGATED,0x001b7400->0x0010e610,hard
0x0010e610,0x0010e610,,a3,int,Unknown_a1_8_10,CALL_PROPAGATED,CALL_PROPAGATED,0x001b7400->0x0010e610,hard
0x0010ed00,0x0010ed00,,a2,int,Unknown_a1_c_10,CALL_PROPAGATED,CALL_PROPAGATED,0x001b7620->0x0010ed00,hard
0x0010ed00,0x0010ed00,,a3,int,Unknown_a1_c_10,CALL_PROPAGATED,CALL_PROPAGATED,0x001b7620->0x0010ed00,hard
0x001b71a0,0x001b71a0,stub_code,a0,Unknown_a0_18,int,DIRECT,CALL_PROPAGATED,0x001b77e0->0x001b71a0,hard
0x001b7400,0x001b7400,stub_code,a0,ptr,int,STRUCT_FIELD,CALL_PROPAGATED,0x001b7dd0->0x001b7400,ptr_int
0x001b7400,0x001b7400,stub_code,a1,Unknown_a1_8_10,int,DIRECT,CALL_PROPAGATED,0x001b7dd0->0x001b7400,hard
0x001b82f0,FUN_001b82f0,real_logic,a1,Unknown_a1_0_4_8,int,DIRECT,CALL_PROPAGATED,0x001b8270->0x001b82f0,hard
0x001b7620,0x001b7620,stub_code,a1,Unknown_a1_c_10,int,DIRECT,CALL_PROPAGATED,0x001b8600->0x001b7620,hard
0x001b7b30,0x001b7b30,stub_code,a0,int,Unknown_a0_4_30,DIRECT,CALL_PROPAGATED,0x001b8e90->0x001b7b30,hard
0x003376a0,0x003376a0,,a2,ptr,int,HEURISTIC,CALL_PROPAGATED,0x001ba4b0->0x003376a0,ptr_int
0x001b8340,0x001b8340,,a2,ptr,int,HEURISTIC,CALL_PROPAGATED,0x001ba6f0->0x001b8340,ptr_int
0x001bb010,0x001bb010,,a2,ptr,int,HEURISTIC,CALL_PROPAGATED,0x001ba6f0->0x001bb010,ptr_int
0x001bb010,0x001bb010,,a3,ptr,int,HEURISTIC,CALL_PROPAGATED,0x001ba6f0->0x001bb010,ptr_int
0x001b8330,0x001b8330,,a1,ptr,int,HEURISTIC,CALL_PROPAGATED,0x001ba920->0x001b8330,ptr_int
0x001b8330,0x001b8330,,a2,ptr,int,HEURISTIC,CALL_PROPAGATED,0x001ba920->0x001b8330,ptr_int
0x00161dc0,0x00161dc0,,a1,ptr,int,HEURISTIC,CALL_PROPAGATED,0x001ba9d0->0x00161dc0,ptr_int
0x00161db0,0x00161db0,,a1,ptr,int,HEURISTIC,CALL_PROPAGATED,0x001ba9d0->0x00161db0,ptr_int
0x00161ce0,0x00161ce0,,a1,ptr,int,HEURISTIC,CALL_PROPAGATED,0x001ba9d0->0x00161ce0,ptr_int
0x001dea90,0x001dea90,stub_code,a0,int,ptr,DIRECT,RETURN_PROPAGATED,0x00238120->0x001dea90,ptr_int
0x001dea90,0x001dea90,stub_code,a1,int,ptr,DIRECT,RETURN_PROPAGATED,0x001baca0->0x001dea90,ptr_int
0x0010e780,FUN_0010e780,real_c,a1,int,Unknown_a1_c,DIRECT,CALL_PROPAGATED,0x001bb2f0->0x0010e780,hard
0x0010e780,FUN_0010e780,real_c,a1,int,Unknown_a1_0,DIRECT,CALL_PROPAGATED,0x001bb5d0->0x0010e780,hard
0x00113b30,0x00113b30,,a0,Unknown_a0_4,int,CALL_PROPAGATED,CALL_PROPAGATED,0x001bcb90->0x00113b30,hard
0x001b8da0,0x001b8da0,stub_code,a1,int,ptr,DIRECT,CALL_PROPAGATED,0x001bcf40->0x001b8da0,ptr_int
0x003fad18,0x003fad18,stub_code,a0,int,Unknown_a0_b4,DIRECT,CALL_PROPAGATED,0x001bcfc0->0x003fad18,hard
0x0043a490,0x0043a490,,a1,ptr,int,HEURISTIC,CALL_PROPAGATED,0x001bcfc0->0x0043a490,ptr_int
0x0043a490,0x0043a490,,a2,ptr,int,HEURISTIC,CALL_PROPAGATED,0x001bcfc0->0x0043a490,ptr_int
0x0043a490,0x0043a490,,a3,ptr,int,HEURISTIC,CALL_PROPAGATED,0x001bcfc0->0x0043a490,ptr_int
0x00237c90,0x00237c90,stub_code,a0,int,Unknown_a0_b4,DIRECT,CALL_PROPAGATED,0x001bcfc0->0x00237c90,hard
0x001b8e90,0x001b8e90,stub_code,a0,Unknown_a0_4_30,Unknown_a0_b4,DIRECT,CALL_PROPAGATED,0x001bcfc0->0x001b8e90,hard
0x0015df20,0x0015df20,stub_code,a0,Unknown_a0_8,Unknown_a0_40,DIRECT,CALL_PROPAGATED,0x001bd380->0x0015df20,hard
0x0015bc70,0x0015bc70,stub_code,a0,Unknown_a0_88,Unknown_a0_40,DIRECT,CALL_PROPAGATED,0x001bd380->0x0015bc70,hard
0x00134e50,0x00134e50,,a2,Unknown_a1_0_4_8_c_10_14_18,Unknown_a0_104,CALL_PROPAGATED,CALL_PROPAGATED,0x001be1b0->0x00134e50,hard
0x001329d0,0x001329d0,,a2,Unknown_a1_0_4_8_c_10_14_18,Unknown_a0_104,CALL_PROPAGATED,CALL_PROPAGATED,0x001be1b0->0x001329d0,hard
0x001329d0,0x001329d0,,a3,Unknown_a1_0_4_8_c_10_14_18,Unknown_a0_104,CALL_PROPAGATED,CALL_PROPAGATED,0x001be1b0->0x001329d0,hard
0x001b8330,0x001b8330,,a2,int,Unknown_a0_104,CALL_PROPAGATED,CALL_PROPAGATED,0x001be1b0->0x001b8330,hard
0x001b8330,0x001b8330,,a3,int,Unknown_a0_104,CALL_PROPAGATED,CALL_PROPAGATED,0x001be1b0->0x001b8330,hard
0x001b8e90,0x001b8e90,stub_code,a2,int,Unknown_a0_104,DIRECT,CALL_PROPAGATED,0x001be1b0->0x001b8e90,hard
0x001b8e90,0x001b8e90,stub_code,a3,int,Unknown_a0_104,DIRECT,CALL_PROPAGATED,0x001be1b0->0x001b8e90,hard
0x00134e50,0x00134e50,,a3,Unknown_a1_0_4_8_c_10_14_18,Unknown_a0_104,CALL_PROPAGATED,CALL_PROPAGATED,0x001be1b0->0x00134e50,hard
0x001c1ff0,0x001c1ff0,,a1,Unknown_a1_4_38_88,Unknown_a0_40,CALL_PROPAGATED,CALL_PROPAGATED,0x001bf650->0x001c1ff0,hard
0x0015bc70,0x0015bc70,stub_code,a1,int,Unknown_a0_40,DIRECT,CALL_PROPAGATED,0x001bf650->0x0015bc70,hard
0x001dea60,0x001dea60,stub_code,a1,Unknown_a1_4_28,Unknown_a0_1c,DIRECT,CALL_PROPAGATED,0x001bfc70->0x001dea60,hard
0x001b8990,0x001b8990,stub_code,a0,ptr,int,STRUCT_FIELD,CALL_PROPAGATED,0x001bfec0->0x001b8990,ptr_int
0x001b8990,0x001b8990,stub_code,a1,ptr,int,STRUCT_FIELD,CALL_PROPAGATED,0x001bfec0->0x001b8990,ptr_int
0x00200760,0x00200760,stub_code,a2,int,ptr,DIRECT,CALL_PROPAGATED,0x001c0270->0x00200760,ptr_int
0x00167340,0x00167340,stub_code,a2,int,ptr,DIRECT,CALL_PROPAGATED,0x001c0270->0x00167340,ptr_int
0x001c0270,0x001c0270,stub_code,a0,int,ptr,DIRECT,CALL_PROPAGATED,0x001c0400->0x001c0270,ptr_int
0x00171bc0,0x00171bc0,stub_code,a1,int,ptr,DIRECT,RETURN_PROPAGATED,0x00171c30->0x00171bc0,ptr_int
0x001718b0,0x001718b0,stub_code,a1,int,ptr,DIRECT,RETURN_PROPAGATED,0x00171c30->0x001718b0,ptr_int
0x00171c70,0x00171c70,,a3,int,ptr,HEURISTIC,RETURN_PROPAGATED,0x001606e0->0x00171c70,ptr_int
0x0027a250,0x0027a250,stub_code,a3,int,ptr,CALL_PROPAGATED,RETURN_PROPAGATED,0x001606e0->0x0027a250,ptr_int
0x001c0bd0,0x001c0bd0,stub_code,a1,int,ptr,DIRECT,CALL_PROPAGATED,0x001c1230->0x001c0bd0,ptr_int
0x001c0d60,0x001c0d60,stub_code,a0,int,ptr,DIRECT,CALL_PROPAGATED,0x001c1230->0x001c0d60,ptr_int
0x001c0d60,0x001c0d60,stub_code,a1,int,ptr,DIRECT,CALL_PROPAGATED,0x001c1230->0x001c0d60,ptr_int
0x00166fe0,0x00166fe0,stub_code,a1,int,ptr,DIRECT,CALL_PROPAGATED,0x001c1230->0x00166fe0,ptr_int
0x00159030,0x00159030,stub_code,a0,Unknown_a0_38,Unknown_a0_8,DIRECT,CALL_PROPAGATED,0x001c1440->0x00159030,hard
0x00159030,0x00159030,stub_code,a1,int,Unknown_a1_10,DIRECT,CALL_PROPAGATED,0x001c1440->0x00159030,hard
0x001c2010,0x001c2010,,a0,ptr,int,HEURISTIC,CALL_PROPAGATED,0x001c1a00->0x001c2010,ptr_int
0x001c2010,0x001c2010,,a1,ptr,int,HEURISTIC,CALL_PROPAGATED,0x001c1a00->0x001c2010,ptr_int
0x0015d9f0,0x0015d9f0,,a2,int,ptr,CALL_PROPAGATED,RETURN_PROPAGATED,0x00181500->0x0015d9f0,ptr_int
0x0015da00,0x0015da00,,a2,int,ptr,CALL_PROPAGATED,RETURN_PROPAGATED,0x00181500->0x0015da00,ptr_int
0x0015d910,0x0015d910,stub_code,a2,int,ptr,DIRECT,RETURN_PROPAGATED,0x00181500->0x0015d910,ptr_int
0x001c2040,0x001c2040,stub_code,a2,int,ptr,DIRECT,RETURN_PROPAGATED,0x00181500->0x001c2040,ptr_int
0x00198ed0,FUN_00198ed0,pseudo_stub,a2,int,ptr,DIRECT,RETURN_PROPAGATED,0x00181500->0x00198ed0,ptr_int
0x001c1a00,0x001c1a00,stub_code,a0,int,Unknown_a0_4,DIRECT,CALL_PROPAGATED,0x001c1f50->0x001c1a00,hard
0x001c2040,0x001c2040,stub_code,a1,int,ptr,DIRECT,CALL_PROPAGATED,0x001c2120->0x001c2040,ptr_int
0x001c2040,0x001c2040,stub_code,a3,int,ptr,DIRECT,CALL_PROPAGATED,0x001c2120->0x001c2040,ptr_int
0x00181500,FUN_00181500,pseudo_stub,a3,int,ptr,DIRECT,CALL_PROPAGATED,0x001c2120->0x00181500,ptr_int
0x001b12c0,0x001b12c0,,a3,int,ptr,CALL_PROPAGATED,CALL_PROPAGATED,0x001c2120->0x001b12c0,ptr_int
0x001b1300,0x001b1300,,a3,int,ptr,CALL_PROPAGATED,CALL_PROPAGATED,0x001c2120->0x001b1300,ptr_int
0x001c1a00,0x001c1a00,stub_code,a3,int,ptr,DIRECT,CALL_PROPAGATED,0x001c2120->0x001c1a00,ptr_int
0x00159030,0x00159030,stub_code,a1,int,ptr,DIRECT,CALL_PROPAGATED,0x001c2e80->0x00159030,ptr_int
0x00159030,0x00159030,stub_code,a2,int,ptr,DIRECT,CALL_PROPAGATED,0x001c2e80->0x00159030,ptr_int
0x00261cd0,0x00261cd0,,a2,int,Unknown_a2_0_4_8,CALL_PROPAGATED,CALL_PROPAGATED,0x001c2ef0->0x00261cd0,hard
0x001b0f40,0x001b0f40,stub_code,a2,int,Unknown_a2_0_4_8,DIRECT,CALL_PROPAGATED,0x001c2ef0->0x001b0f40,hard
0x001d9750,0x001d9750,stub_code,a1,Unknown_a1_0_10_14_18,int,DIRECT,CALL_PROPAGATED,0x001c2ef0->0x001d9750,hard
0x001d9750,0x001d9750,stub_code,a2,int,Unknown_a2_0_4_8,DIRECT,CALL_PROPAGATED,0x001c2ef0->0x001d9750,hard
0x001d9c40,0x001d9c40,stub_code,a1,Unknown_a1_0_10_14_18,int,DIRECT,CALL_PROPAGATED,0x001c3010->0x001d9c40,hard
0x001d9c40,0x001d9c40,stub_code,a2,Unknown_a2_0,Unknown_a2_0_4_8,DIRECT,CALL_PROPAGATED,0x001c3010->0x001d9c40,hard
0x001da120,0x001da120,stub_code,a0,Unknown_a0_10,int,DIRECT,CALL_PROPAGATED,0x001c3130->0x001da120,hard
0x001b0e10,0x001b0e10,,a0,Unknown_a0_c_10_14_50_3568,Unknown_a0_10_14_18_50_3568,CALL_PROPAGATED,CALL_PROPAGATED,0x001c31f0->0x001b0e10,hard
0x001b0e10,0x001b0e10,,a1,Unknown_a0_c_10_14_50_3568,Unknown_a0_10_14_18_50_3568,CALL_PROPAGATED,CALL_PROPAGATED,0x001c31f0->0x001b0e10,hard
0x001c3470,FUN_001c3470,real_logic,a1,Unknown_a1_0_4_8,int,DIRECT,CALL_PROPAGATED,0x001c33f0->0x001c3470,hard
0x001c2ef0,0x001c2ef0,stub_code,a2,Unknown_a2_0_4_8,int,DIRECT,CALL_PROPAGATED,0x001c3f40->0x001c2ef0,hard
0x001c4660,0x001c4660,stub_code,a1,ptr,int,STRUCT_FIELD,CALL_PROPAGATED,0x001c4060->0x001c4660,ptr_int
0x001c4890,0x001c4890,stub_code,a1,Unknown_a1_0,int,DIRECT,CALL_PROPAGATED,0x001c4240->0x001c4890,hard
0x001c4aa0,0x001c4aa0,stub_code,a0,int,Unknown_a0_0_1c,DIRECT,CALL_PROPAGATED,0x001c4960->0x001c4aa0,hard
0x001c4b10,0x001c4b10,stub_code,a0,int,Unknown_a0_0_1c,DIRECT,CALL_PROPAGATED,0x001c49d0->0x001c4b10,hard
0x001c31f0,0x001c31f0,stub_code,a0,Unknown_a0_10_14_18_50_3568,int,DIRECT,CALL_PROPAGATED,0x001c4c00->0x001c31f0,hard
0x0010e770,0x0010e770,,a1,Unknown_a1_8_10,int,CALL_PROPAGATED,CALL_PROPAGATED,0x001c4c00->0x0010e770,hard
0x00134e50,0x00134e50,,a2,Unknown_a1_0_4_8_c_10_14_18,Unknown_a0_3c,CALL_PROPAGATED,CALL_PROPAGATED,0x001c4c90->0x00134e50,hard
0x001329d0,0x001329d0,,a2,Unknown_a1_0_4_8_c_10_14_18,Unknown_a0_3c,CALL_PROPAGATED,CALL_PROPAGATED,0x001c4c90->0x001329d0,hard
0x001329d0,0x001329d0,,a3,Unknown_a1_0_4_8_c_10_14_18,Unknown_a0_3c,CALL_PROPAGATED,CALL_PROPAGATED,0x001c4c90->0x001329d0,hard
0x001c4240,0x001c4240,stub_code,a2,int,Unknown_a0_3c,DIRECT,CALL_PROPAGATED,0x001c4c90->0x001c4240,hard
0x001c4240,0x001c4240,stub_code,a3,int,Unknown_a0_3c,DIRECT,CALL_PROPAGATED,0x001c4c90->0x001c4240,hard
0x001c5110,0x001c5110,stub_code,a0,int,Unknown_a0_0_1c,DIRECT,CALL_PROPAGATED,0x001c5070->0x001c5110,hard
0x001c34b0,0x001c34b0,stub_code,a0,ptr,int,STRUCT_FIELD,CALL_PROPAGATED,0x001c5110->0x001c34b0,ptr_int
0x001c3910,FUN_001c3910,real_c,a0,ptr,int,STRUCT_FIELD,CALL_PROPAGATED,0x001c5390->0x001c3910,ptr_int
0x001c3910,FUN_001c3910,real_c,a2,ptr,int,STRUCT_FIELD,CALL_PROPAGATED,0x001c5390->0x001c3910,ptr_int
0x001c5680,0x001c5680,stub_code,a0,int,Unknown_a0_0_1c,DIRECT,CALL_PROPAGATED,0x001c55c0->0x001c5680,hard
0x001c31e0,0x001c31e0,,a3,int,Unknown_a0_3c,CALL_PROPAGATED,CALL_PROPAGATED,0x001c5750->0x001c31e0,hard
0x001c5d30,0x001c5d30,stub_code,a0,int,Unknown_a0_0_1c,DIRECT,CALL_PROPAGATED,0x001c5c90->0x001c5d30,hard
0x001c61d0,0x001c61d0,stub_code,a0,int,Unknown_a0_0_1c,DIRECT,CALL_PROPAGATED,0x001c6110->0x001c61d0,hard
0x001c31e0,0x001c31e0,,a2,Unknown_a0_3c,int,CALL_PROPAGATED,CALL_PROPAGATED,0x001c6350->0x001c31e0,hard
0x001c6570,0x001c6570,stub_code,a0,int,Unknown_a0_0_1c,DIRECT,CALL_PROPAGATED,0x001c64d0->0x001c6570,hard
0x001c6870,0x001c6870,stub_code,a0,int,Unknown_a0_0_1c,DIRECT,CALL_PROPAGATED,0x001c67d0->0x001c6870,hard
0x0016e610,0x0016e610,stub_code,a2,int,Unknown_a0_8_14_40,DIRECT,CALL_PROPAGATED,0x001c6910->0x0016e610,hard
0x001c6ae0,0x001c6ae0,stub_code,a0,int,Unknown_a0_0_1c,DIRECT,CALL_PROPAGATED,0x001c69c0->0x001c6ae0,hard
0x001c6b40,0x001c6b40,stub_code,a0,int,Unknown_a0_0_1c,DIRECT,CALL_PROPAGATED,0x001c6a20->0x001c6b40,hard
0x0015dd20,0x0015dd20,stub_code,a0,ptr,int,STRUCT_FIELD,CALL_PROPAGATED,0x001c6ea0->0x0015dd20,ptr_int
0x0015dd20,0x0015dd20,stub_code,a1,int,Unknown_a1_90_94_a0,DIRECT,CALL_PROPAGATED,0x001c6ea0->0x0015dd20,hard
0x001c7020,0x001c7020,stub_code,a0,int,Unknown_a0_0_1c,DIRECT,CALL_PROPAGATED,0x001c6f80->0x001c7020,hard
0x001c7360,0x001c7360,stub_code,a0,int,Unknown_a0_0_1c,DIRECT,CALL_PROPAGATED,0x001c72c0->0x001c7360,hard
0x001c75c0,0x001c75c0,stub_code,a0,int,Unknown_a0_0_1c,DIRECT,CALL_PROPAGATED,0x001c7500->0x001c75c0,hard
0x00130200,0x00130200,stub_code,a1,int,Unknown_a1_90_94_a0,DIRECT,CALL_PROPAGATED,0x001c7810->0x00130200,hard
0x001c7930,0x001c7930,stub_code,a0,int,Unknown_a0_0_1c,DIRECT,CALL_PROPAGATED,0x001c7890->0x001c7930,hard
0x001c7c10,0x001c7c10,stub_code,a0,int,Unknown_a0_0_1c,DIRECT,CALL_PROPAGATED,0x001c7b70->0x001c7c10,hard
0x001c7e60,0x001c7e60,stub_code,a0,int,Unknown_a0_0_1c,DIRECT,CALL_PROPAGATED,0x001c7d90->0x001c7e60,hard
0x001c3010,0x001c3010,stub_code,a2,Unknown_a2_0_4_8,int,DIRECT,CALL_PROPAGATED,0x001c7e60->0x001c3010,hard
0x001c80f0,0x001c80f0,stub_code,a0,int,Unknown_a0_0_1c,DIRECT,CALL_PROPAGATED,0x001c8050->0x001c80f0,hard
0x0027a250,0x0027a250,stub_code,a0,ptr,int,STRUCT_FIELD,CALL_PROPAGATED,0x001c8300->0x0027a250,ptr_int
0x001c3a60,0x001c3a60,stub_code,a2,int,Unknown_a0_8_40_50,DIRECT,CALL_PROPAGATED,0x001c8400->0x001c3a60,hard
0x001c85b0,0x001c85b0,stub_code,a0,int,Unknown_a0_0_1c,DIRECT,CALL_PROPAGATED,0x001c84f0->0x001c85b0,hard
0x001c8a30,0x001c8a30,stub_code,a0,int,Unknown_a0_0_1c,DIRECT,CALL_PROPAGATED,0x001c8990->0x001c8a30,hard
0x0027a250,0x0027a250,stub_code,a2,Unknown_a0_8_40_50,int,CALL_PROPAGATED,CALL_PROPAGATED,0x001c8c50->0x0027a250,hard
0x001719b0,0x001719b0,,a2,Unknown_a0_8_40_50,int,CALL_PROPAGATED,CALL_PROPAGATED,0x001c8c50->0x001719b0,hard
0x001c8f10,0x001c8f10,stub_code,a0,int,Unknown_a0_0_1c,DIRECT,CALL_PROPAGATED,0x001c8e50->0x001c8f10,hard
0x001c9420,0x001c9420,stub_code,a0,int,Unknown_a0_0_1c,DIRECT,CALL_PROPAGATED,0x001c9380->0x001c9420,hard
0x001719b0,0x001719b0,,a1,Unknown_a0_8_40_50,int,CALL_PROPAGATED,CALL_PROPAGATED,0x001c9630->0x001719b0,hard
0x001c9940,0x001c9940,stub_code,a0,int,Unknown_a0_0_1c,DIRECT,CALL_PROPAGATED,0x001c9820->0x001c9940,hard
0x001c9990,0x001c9990,stub_code,a0,int,Unknown_a0_0_1c,DIRECT,CALL_PROPAGATED,0x001c9880->0x001c9990,hard
0x0015e0f0,0x0015e0f0,,a1,int,Unknown_a1_90_94_a0,CALL_PROPAGATED,CALL_PROPAGATED,0x001c9bc0->0x0015e0f0,hard
0x001c9cd0,0x001c9cd0,stub_code,a0,int,Unknown_a0_0_1c,DIRECT,CALL_PROPAGATED,0x001c9c30->0x001c9cd0,hard
0x001c9f20,0x001c9f20,stub_code,a0,int,Unknown_a0_0_1c,DIRECT,CALL_PROPAGATED,0x001c9e80->0x001c9f20,hard
0x00123910,0x00123910,,a1,ptr,int,HEURISTIC,CALL_PROPAGATED,0x001ca170->0x00123910,ptr_int
0x001ca330,0x001ca330,stub_code,a1,Unknown_a1_0_10,int,DIRECT,CALL_PROPAGATED,0x001ca170->0x001ca330,hard
0x001238a0,0x001238a0,,a1,ptr,int,HEURISTIC,CALL_PROPAGATED,0x001ca170->0x001238a0,ptr_int
0x00134e50,0x00134e50,,a2,Unknown_a1_0_4_8_c_10_14_18,Unknown_a0_a8,CALL_PROPAGATED,CALL_PROPAGATED,0x001ca550->0x00134e50,hard
0x001329d0,0x001329d0,,a2,Unknown_a1_0_4_8_c_10_14_18,Unknown_a0_a8,CALL_PROPAGATED,CALL_PROPAGATED,0x001ca550->0x001329d0,hard
0x001329d0,0x001329d0,,a3,Unknown_a1_0_4_8_c_10_14_18,Unknown_a0_a8,CALL_PROPAGATED,CALL_PROPAGATED,0x001ca550->0x001329d0,hard
0x001cad90,FUN_001cad90,real_logic,a0,Unknown_a0_0_4_8_c,int,DIRECT,CALL_PROPAGATED,0x001cad10->0x001cad90,hard
0x001cad90,FUN_001cad90,real_logic,a1,Unknown_a1_0_4_8,int,DIRECT,CALL_PROPAGATED,0x001cad10->0x001cad90,hard
0x0015ba10,0x0015ba10,,a1,ptr,int,HEURISTIC,CALL_PROPAGATED,0x001cad10->0x0015ba10,ptr_int
0x0015df50,0x0015df50,,a1,ptr,int,HEURISTIC,CALL_PROPAGATED,0x001cade0->0x0015df50,ptr_int
0x0015df50,0x0015df50,,a3,ptr,int,HEURISTIC,CALL_PROPAGATED,0x001cade0->0x0015df50,ptr_int
0x00185050,0x00185050,,a2,ptr,int,HEURISTIC,CALL_PROPAGATED,0x001cb2c0->0x00185050,ptr_int
0x00185060,0x00185060,,a2,ptr,int,HEURISTIC,CALL_PROPAGATED,0x001cb2c0->0x00185060,ptr_int
0x001cbb20,0x001cbb20,stub_code,a0,Unknown_a0_8_38,int,DIRECT,CALL_PROPAGATED,0x001cbc50->0x001cbb20,hard
0x001544a0,0x001544a0,,a3,int,ptr,HEURISTIC,CALL_PROPAGATED,0x001cbd60->0x001544a0,ptr_int
0x00123910,0x00123910,,a3,int,ptr,HEURISTIC,CALL_PROPAGATED,0x001cbd60->0x00123910,ptr_int
0x001238a0,0x001238a0,,a3,int,ptr,HEURISTIC,CALL_PROPAGATED,0x001cbd60->0x001238a0,ptr_int
0x00171930,0x00171930,stub_code,a3,int,ptr,DIRECT,CALL_PROPAGATED,0x001cbd60->0x00171930,ptr_int
0x00171e10,0x00171e10,stub_code,a3,int,ptr,DIRECT,CALL_PROPAGATED,0x001cbd60->0x00171e10,ptr_int
0x00171930,0x00171930,stub_code,a0,int,ptr,DIRECT,CALL_PROPAGATED,0x001cbd60->0x00171930,ptr_int
0x00185020,0x00185020,,a3,int,ptr,CALL_PROPAGATED,CALL_PROPAGATED,0x001cbd60->0x00185020,ptr_int
0x001851e0,0x001851e0,,a3,int,ptr,CALL_PROPAGATED,CALL_PROPAGATED,0x001cbd60->0x001851e0,ptr_int
0x00154de0,0x00154de0,,a3,int,ptr,CALL_PROPAGATED,CALL_PROPAGATED,0x001cbd60->0x00154de0,ptr_int
0x00123910,0x00123910,,a2,int,ptr,HEURISTIC,CALL_PROPAGATED,0x001cbd60->0x00123910,ptr_int
0x001238a0,0x001238a0,,a2,int,ptr,HEURISTIC,CALL_PROPAGATED,0x001cbd60->0x001238a0,ptr_int
0x00154de0,0x00154de0,,a2,int,ptr,CALL_PROPAGATED,CALL_PROPAGATED,0x001cbd60->0x00154de0,ptr_int
0x0042aa40,0x0042aa40,stub_code,a2,int,Unknown_a0_1c,DIRECT,CALL_PROPAGATED,0x001ccb40->0x0042aa40,hard
0x0016e610,0x0016e610,stub_code,a2,int,Unknown_a0_1c,DIRECT,CALL_PROPAGATED,0x001ccb40->0x0016e610,hard
0x001cbc50,0x001cbc50,stub_code,a0,int,ptr,DIRECT,CALL_PROPAGATED,0x001ccd30->0x001cbc50,ptr_int
0x001cb920,0x001cb920,stub_code,a2,int,ptr,DIRECT,RETURN_PROPAGATED,0x001862d0->0x001cb920,ptr_int
0x001ccb40,0x001ccb40,stub_code,a2,int,ptr,DIRECT,RETURN_PROPAGATED,0x001862d0->0x001ccb40,ptr_int
0x001cb920,0x001cb920,stub_code,a1,int,ptr,DIRECT,CALL_PROPAGATED,0x001cced0->0x001cb920,ptr_int
0x001ccd30,0x001ccd30,stub_code,a1,int,ptr,DIRECT,CALL_PROPAGATED,0x001cd1b0->0x001ccd30,ptr_int
0x001ccb00,FUN_001ccb00,real_logic,a3,ptr,int,CALL_PROPAGATED,CALL_PROPAGATED,0x001cd1b0->0x001ccb00,ptr_int
0x00184810,FUN_00184810,pseudo_stub,a1,int,ptr,DIRECT,CALL_PROPAGATED,0x001cd1b0->0x00184810,ptr_int
0x00184810,FUN_00184810,pseudo_stub,a2,int,ptr,DIRECT,CALL_PROPAGATED,0x001cd1b0->0x00184810,ptr_int
0x001851f0,0x001851f0,,a1,int,ptr,HEURISTIC,CALL_PROPAGATED,0x001cd1b0->0x001851f0,ptr_int
0x001851f0,0x001851f0,,a2,int,ptr,CALL_PROPAGATED,CALL_PROPAGATED,0x001cd1b0->0x001851f0,ptr_int
0x0011b240,0x0011b240,,a1,int,ptr,HEURISTIC,CALL_PROPAGATED,0x001cd1b0->0x0011b240,ptr_int
0x0011b240,0x0011b240,,a2,int,ptr,CALL_PROPAGATED,CALL_PROPAGATED,0x001cd1b0->0x0011b240,ptr_int
0x0011d040,0x0011d040,,a2,int,ptr,CALL_PROPAGATED,CALL_PROPAGATED,0x001cd1b0->0x0011d040,ptr_int
0x00184850,0x00184850,stub_code,a1,int,ptr,DIRECT,CALL_PROPAGATED,0x001cd1b0->0x00184850,ptr_int
0x001cd110,0x001cd110,stub_code,a0,int,ptr,DIRECT,CALL_PROPAGATED,0x001cdac0->0x001cd110,ptr_int
0x00185000,0x00185000,,a2,ptr,int,HEURISTIC,CALL_PROPAGATED,0x001cdac0->0x00185000,ptr_int
0x00185010,0x00185010,,a2,ptr,int,CALL_PROPAGATED,CALL_PROPAGATED,0x001cdac0->0x00185010,ptr_int
0x001cced0,0x001cced0,stub_code,a2,int,ptr,DIRECT,CALL_PROPAGATED,0x001cdac0->0x001cced0,ptr_int
0x001cd110,0x001cd110,stub_code,a2,int,ptr,DIRECT,CALL_PROPAGATED,0x001cdac0->0x001cd110,ptr_int
0x001cbd60,0x001cbd60,stub_code,a2,int,ptr,DIRECT,CALL_PROPAGATED,0x001cdac0->0x001cbd60,ptr_int
0x001cdf60,0x001cdf60,stub_code,a2,int,ptr,DIRECT,CALL_PROPAGATED,0x001cdac0->0x001cdf60,ptr_int
0x00201fb0,0x00201fb0,,a1,int,ptr,HEURISTIC,CALL_PROPAGATED,0x001ce090->0x00201fb0,ptr_int
0x001d3c10,0x001d3c10,stub_code,a1,ptr,int,STRUCT_FIELD,CALL_PROPAGATED,0x001cea10->0x001d3c10,ptr_int
0x001d3c10,0x001d3c10,stub_code,a2,int,Unknown_a2_0_4_8,DIRECT,CALL_PROPAGATED,0x001cea10->0x001d3c10,hard
0x001d45b0,0x001d45b0,stub_code,a0,Unknown_a0_10,int,DIRECT,CALL_PROPAGATED,0x001ceba0->0x001d45b0,hard
0x00135320,0x00135320,stub_code,a2,int,Unknown_a0_24,DIRECT,CALL_PROPAGATED,0x001cec60->0x00135320,hard
0x001cf8b0,0x001cf8b0,stub_code,a2,int,Unknown_a0_24,DIRECT,CALL_PROPAGATED,0x001cec60->0x001cf8b0,hard
0x001cf680,FUN_001cf680,real_logic,a1,Unknown_a1_0_4_8,int,DIRECT,CALL_PROPAGATED,0x001cf600->0x001cf680,hard
0x001d40f0,0x001d40f0,stub_code,a1,ptr,int,STRUCT_FIELD,CALL_PROPAGATED,0x001cf8b0->0x001d40f0,ptr_int
0x001cfc50,0x001cfc50,stub_code,a1,Unknown_a1_0_10,int,DIRECT,CALL_PROPAGATED,0x001cf8b0->0x001cfc50,hard
0x001ce7d0,0x001ce7d0,stub_code,a1,int,ptr,DIRECT,CALL_PROPAGATED,0x001d08e0->0x001ce7d0,ptr_int
0x001cea10,0x001cea10,stub_code,a2,Unknown_a2_0_4_8,int,DIRECT,CALL_PROPAGATED,0x001d0aa0->0x001cea10,hard
0x001cec60,0x001cec60,stub_code,a0,Unknown_a0_24,int,DIRECT,CALL_PROPAGATED,0x001d0bb0->0x001cec60,hard
0x0043af80,0x0043af80,,a0,Unknown_a0_0_4_8_c_10,Unknown_a0_4_30_84,CALL_PROPAGATED,CALL_PROPAGATED,0x001d0dc0->0x0043af80,hard
0x0043b320,0x0043b320,,a0,Unknown_a0_0_4_8_c_10,Unknown_a0_4_30_84,CALL_PROPAGATED,CALL_PROPAGATED,0x001d0dc0->0x0043b320,hard
0x0043af80,0x0043af80,,a0,Unknown_a0_0_4_8_c_10,Unknown_a0_60,CALL_PROPAGATED,CALL_PROPAGATED,0x001d1390->0x0043af80,hard
0x0043b320,0x0043b320,,a0,Unknown_a0_0_4_8_c_10,Unknown_a0_60,CALL_PROPAGATED,CALL_PROPAGATED,0x001d1390->0x0043b320,hard
0x00161dc0,0x00161dc0,,a0,Unknown_a0_4_30_84,Unknown_a0_60,CALL_PROPAGATED,CALL_PROPAGATED,0x001d1390->0x00161dc0,hard
0x001826d0,0x001826d0,,a1,Unknown_a1_90_94_a0,int,CALL_PROPAGATED,CALL_PROPAGATED,0x001d1b80->0x001826d0,hard
0x00182a90,0x00182a90,,a1,Unknown_a1_90_94_a0,int,CALL_PROPAGATED,CALL_PROPAGATED,0x001d1b80->0x00182a90,hard
0x00181500,FUN_00181500,pseudo_stub,a1,ptr,int,STRUCT_FIELD,CALL_PROPAGATED,0x001d1b80->0x00181500,ptr_int
0x001b12c0,0x001b12c0,,a1,ptr,int,HEURISTIC,CALL_PROPAGATED,0x001d1b80->0x001b12c0,ptr_int
0x001b1300,0x001b1300,,a1,ptr,int,HEURISTIC,CALL_PROPAGATED,0x001d1b80->0x001b1300,ptr_int
0x001d07b0,0x001d07b0,stub_code,a0,ptr,int,STRUCT_FIELD,CALL_PROPAGATED,0x001d1ed0->0x001d07b0,ptr_int
0x001d07b0,0x001d07b0,stub_code,a1,ptr,int,STRUCT_FIELD,CALL_PROPAGATED,0x001d1ed0->0x001d07b0,ptr_int
0x001d22c0,0x001d22c0,stub_code,a0,Unknown_a0_84,int,DIRECT,CALL_PROPAGATED,0x001d2230->0x001d22c0,hard
0x0015df20,0x0015df20,stub_code,a0,Unknown_a0_8,Unknown_a0_4_30_84,DIRECT,CALL_PROPAGATED,0x001d2760->0x0015df20,hard
0x001cfdf0,0x001cfdf0,stub_code,a0,ptr,int,STRUCT_FIELD,CALL_PROPAGATED,0x001d2ca0->0x001cfdf0,ptr_int
0x001719b0,0x001719b0,,a1,Unknown_a0_8_40_50,Unknown_a0_0_8_14_1e_28_38_40_a8_114,CALL_PROPAGATED,CALL_PROPAGATED,0x001d3220->0x001719b0,hard
0x001719b0,0x001719b0,,a2,Unknown_a0_8_40_50,Unknown_a0_0_8_14_1e_28_38_40_a8_114,CALL_PROPAGATED,CALL_PROPAGATED,0x001d3220->0x001719b0,hard
0x001ce960,0x001ce960,stub_code,a1,int,Unknown_a0_0_8_14_1e_28_38_40_a8_114,DIRECT,CALL_PROPAGATED,0x001d3220->0x001ce960,hard
0x001ce960,0x001ce960,stub_code,a2,int,Unknown_a0_0_8_14_1e_28_38_40_a8_114,DIRECT,CALL_PROPAGATED,0x001d3220->0x001ce960,hard
0x001ce960,0x001ce960,stub_code,a3,int,Unknown_a0_0_8_14_1e_28_38_40_a8_114,DIRECT,CALL_PROPAGATED,0x001d3220->0x001ce960,hard
0x001ce7d0,0x001ce7d0,stub_code,a1,int,Unknown_a0_0_8_14_1e_28_38_40_a8_114,DIRECT,CALL_PROPAGATED,0x001d3220->0x001ce7d0,hard
0x001ce7d0,0x001ce7d0,stub_code,a2,int,Unknown_a0_0_8_14_1e_28_38_40_a8_114,DIRECT,CALL_PROPAGATED,0x001d3220->0x001ce7d0,hard
0x001ce7d0,0x001ce7d0,stub_code,a3,int,Unknown_a0_0_8_14_1e_28_38_40_a8_114,DIRECT,CALL_PROPAGATED,0x001d3220->0x001ce7d0,hard
0x0015d8e0,0x0015d8e0,,a1,Unknown_a1_90_94_a0,int,CALL_PROPAGATED,CALL_PROPAGATED,0x001d3540->0x0015d8e0,hard
0x001d52e0,0x001d52e0,stub_code,a0,int,Unknown_a0_14,DIRECT,CALL_PROPAGATED,0x001d3890->0x001d52e0,hard
0x0023d090,0x0023d090,stub_code,a0,Unknown_a0_0_4_2c,Unknown_a0_10,DIRECT,CALL_PROPAGATED,0x001d45b0->0x0023d090,hard
0x0023d090,0x0023d090,stub_code,a2,Unknown_a2_4,int,DIRECT,CALL_PROPAGATED,0x001d45b0->0x0023d090,hard
0x0058a7a0,0x0058a7a0,,a1,int,ptr,CALL_PROPAGATED,RETURN_PROPAGATED,0x0028afe0->0x0058a7a0,ptr_int
0x0058d220,0x0058d220,,a2,int,ptr,CALL_PROPAGATED,RETURN_PROPAGATED,0x00238120->0x0058d220,ptr_int
0x00338700,0x00338700,stub_code,a3,int,ptr,DIRECT,RETURN_PROPAGATED,0x001d5280->0x00338700,ptr_int
0x001d5280,0x001d5280,stub_code,a2,ptr,int,RETURN_PROPAGATED,CALL_PROPAGATED,0x001d5bb0->0x001d5280,ptr_int
0x001d5280,0x001d5280,stub_code,a3,ptr,int,HEURISTIC,CALL_PROPAGATED,0x001d5bb0->0x001d5280,ptr_int
0x001d1950,0x001d1950,stub_code,a1,int,ptr,DIRECT,RETURN_PROPAGATED,0x00238120->0x001d1950,ptr_int
0x001dac30,0x001dac30,stub_code,a1,int,ptr,DIRECT,RETURN_PROPAGATED,0x00238120->0x001dac30,ptr_int
0x001dc050,0x001dc050,stub_code,a1,int,ptr,DIRECT,RETURN_PROPAGATED,0x00238120->0x001dc050,ptr_int
0x001dc100,0x001dc100,stub_code,a1,int,ptr,DIRECT,RETURN_PROPAGATED,0x00238120->0x001dc100,ptr_int
0x001d3320,0x001d3320,stub_code,a1,int,ptr,DIRECT,RETURN_PROPAGATED,0x00238120->0x001d3320,ptr_int
0x001da310,0x001da310,stub_code,a0,int,Unknown_a0_14,DIRECT,CALL_PROPAGATED,0x001d6540->0x001da310,hard
0x00134e50,0x00134e50,,a2,Unknown_a1_0_4_8_c_10_14_18,Unknown_a0_14,CALL_PROPAGATED,CALL_PROPAGATED,0x001d6540->0x00134e50,hard
0x001329d0,0x001329d0,,a2,Unknown_a1_0_4_8_c_10_14_18,Unknown_a0_14,CALL_PROPAGATED,CALL_PROPAGATED,0x001d6540->0x001329d0,hard
0x001329d0,0x001329d0,,a3,Unknown_a1_0_4_8_c_10_14_18,Unknown_a0_14,CALL_PROPAGATED,CALL_PROPAGATED,0x001d6540->0x001329d0,hard
0x0023d1a0,0x0023d1a0,stub_code,a3,int,Unknown_a0_14,DIRECT,CALL_PROPAGATED,0x001d6540->0x0023d1a0,hard
0x0043af80,0x0043af80,,a1,int,Unknown_a1_0_4_8_c_10_14_18,CALL_PROPAGATED,CALL_PROPAGATED,0x001d6a30->0x0043af80,hard
0x0043b320,0x0043b320,,a1,int,Unknown_a1_0_4_8_c_10_14_18,CALL_PROPAGATED,CALL_PROPAGATED,0x001d6a30->0x0043b320,hard
0x00238120,0x00238120,,a1,Unknown_a1_5c,Unknown_a1_0_4_8_c_10_14_18,CALL_PROPAGATED,CALL_PROPAGATED,0x001d6a30->0x00238120,hard
0x00238120,0x00238120,,a1,Unknown_a1_0_4_8_c_10_14_18,int,CALL_PROPAGATED,CALL_PROPAGATED,0x001d6bd0->0x00238120,hard
0x001da150,0x001da150,stub_code,a1,int,Unknown_a1_0,DIRECT,CALL_PROPAGATED,0x001d70a0->0x001da150,hard
0x001da150,0x001da150,stub_code,a2,int,Unknown_a2_0_10,DIRECT,CALL_PROPAGATED,0x001d70a0->0x001da150,hard
0x00238120,0x00238120,,a1,Unknown_a1_0_4_8_c_10_14_18,Unknown_a1_0,CALL_PROPAGATED,CALL_PROPAGATED,0x001d70a0->0x00238120,hard
0x0043af80,0x0043af80,,a1,Unknown_a1_0_4_8_c_10_14_18,Unknown_a1_0_10_20_2c_30_40_50_78_94,CALL_PROPAGATED,CALL_PROPAGATED,0x001d7e90->0x0043af80,hard
0x0043b320,0x0043b320,,a1,Unknown_a1_0_4_8_c_10_14_18,Unknown_a1_0_10_20_2c_30_40_50_78_94,CALL_PROPAGATED,CALL_PROPAGATED,0x001d7e90->0x0043b320,hard
0x003f5be0,0x003f5be0,stub_code,a1,Unknown_a1_0_10,Unknown_a1_0_10_20_2c_30_40_50_78_94,DIRECT,CALL_PROPAGATED,0x001d7e90->0x003f5be0,hard
0x001da7f0,0x001da7f0,stub_code,a0,int,Unknown_a1_0_10_20_2c_30_40_50_78_94,DIRECT,CALL_PROPAGATED,0x001d8df0->0x001da7f0,hard
0x001207f0,0x001207f0,,a2,int,Unknown_a2_0,CALL_PROPAGATED,CALL_PROPAGATED,0x001d9c40->0x001207f0,hard
0x001207c0,FUN_001207c0,real_logic,a2,int,Unknown_a2_0,CALL_PROPAGATED,CALL_PROPAGATED,0x001d9c40->0x001207c0,hard
0x001207b0,0x001207b0,,a2,int,Unknown_a2_0,CALL_PROPAGATED,CALL_PROPAGATED,0x001d9c40->0x001207b0,hard
0x00120780,0x00120780,,a2,int,Unknown_a2_0,CALL_PROPAGATED,CALL_PROPAGATED,0x001d9c40->0x00120780,hard
0x00120750,FUN_00120750,real_logic,a2,int,Unknown_a2_0,CALL_PROPAGATED,CALL_PROPAGATED,0x001d9c40->0x00120750,hard
0x00120720,FUN_00120720,real_logic,a2,int,Unknown_a2_0,CALL_PROPAGATED,CALL_PROPAGATED,0x001d9c40->0x00120720,hard
0x001d7510,0x001d7510,stub_code,a1,int,ptr,DIRECT,RETURN_PROPAGATED,0x001d6c50->0x001d7510,ptr_int
0x001207f0,0x001207f0,,a1,Unknown_a1_0_10_14_18,int,CALL_PROPAGATED,CALL_PROPAGATED,0x001da7f0->0x001207f0,hard
0x001719b0,0x001719b0,,a3,Unknown_a0_0_8_14_1e_28_38_40_a8_114,int,CALL_PROPAGATED,CALL_PROPAGATED,0x001daae0->0x001719b0,hard
0x001db090,0x001db090,stub_code,a0,Unknown_a0_d0,Unknown_a0_4_30,DIRECT,CALL_PROPAGATED,0x001db030->0x001db090,hard
0x001dafd0,0x001dafd0,stub_code,a1,Unknown_a1_0_10,int,DIRECT,CALL_PROPAGATED,0x001db090->0x001dafd0,hard
0x00167340,0x00167340,stub_code,a0,int,Unknown_a0_18,DIRECT,CALL_PROPAGATED,0x001db580->0x00167340,hard
0x001ce740,0x001ce740,stub_code,a1,int,Unknown_a0_8,DIRECT,CALL_PROPAGATED,0x001dbf40->0x001ce740,hard
0x001c1ff0,0x001c1ff0,,a1,Unknown_a1_4_38_88,Unknown_a0_d0,CALL_PROPAGATED,CALL_PROPAGATED,0x001dc200->0x001c1ff0,hard
0x00190f60,0x00190f60,stub_code,a1,int,Unknown_a0_d0,DIRECT,CALL_PROPAGATED,0x001dc200->0x00190f60,hard
0x001dd450,0x001dd450,stub_code,a1,int,Unknown_a0_d0,DIRECT,CALL_PROPAGATED,0x001dc200->0x001dd450,hard
0x001dd450,0x001dd450,stub_code,a1,int,ptr,DIRECT,CALL_PROPAGATED,0x001dcf90->0x001dd450,ptr_int
0x001dd5f0,0x001dd5f0,stub_code,a1,Unknown_a1_0_10,int,DIRECT,CALL_PROPAGATED,0x001dd450->0x001dd5f0,hard
0x001dd7c0,0x001dd7c0,stub_code,a0,ptr,int,STRUCT_FIELD,CALL_PROPAGATED,0x001dd940->0x001dd7c0,ptr_int
0x001cec60,0x001cec60,stub_code,a0,Unknown_a0_24,Unknown_a0_4_30,DIRECT,CALL_PROPAGATED,0x001de650->0x001cec60,hard
0x00171930,0x00171930,stub_code,a0,int,Unknown_a0_30,DIRECT,CALL_PROPAGATED,0x001defa0->0x00171930,hard
0x001719b0,0x001719b0,,a0,Unknown_a0_0_c,Unknown_a0_34,CALL_PROPAGATED,CALL_PROPAGATED,0x001df880->0x001719b0,hard
0x00171930,0x00171930,stub_code,a0,int,Unknown_a0_34,DIRECT,CALL_PROPAGATED,0x001df880->0x00171930,hard
0x0012d930,0x0012d930,,a0,Unknown_a0_20,int,CALL_PROPAGATED,CALL_PROPAGATED,0x001e0170->0x0012d930,hard
0x0012d930,0x0012d930,,a1,Unknown_a1_14,Unknown_a1_c_10,CALL_PROPAGATED,CALL_PROPAGATED,0x001e0170->0x0012d930,hard
0x0012dbb0,0x0012dbb0,stub_code,a1,int,Unknown_a1_c_10,DIRECT,CALL_PROPAGATED,0x001e0170->0x0012dbb0,hard
0x001ad050,0x001ad050,,a1,Unknown_a0_8,Unknown_a1_c_10,CALL_PROPAGATED,CALL_PROPAGATED,0x001e0300->0x001ad050,hard
0x001ad050,0x001ad050,,a3,int,ptr,CALL_PROPAGATED,RETURN_PROPAGATED,0x0012d930->0x001ad050,ptr_int
0x005f0cc0,0x005f0cc0,stub_code,a0,int,ptr,DIRECT,CALL_PROPAGATED,0x001e08b0->0x005f0cc0,ptr_int
0x004c6180,0x004c6180,stub_code,a1,int,ptr,DIRECT,RETURN_PROPAGATED,0x004bc880->0x004c6180,ptr_int
0x004c4940,0x004c4940,stub_code,a1,int,ptr,DIRECT,RETURN_PROPAGATED,0x004c6180->0x004c4940,ptr_int
0x005f8ef0,0x005f8ef0,,a1,int,ptr,CALL_PROPAGATED,CALL_PROPAGATED,0x001e1b50->0x005f8ef0,ptr_int
0x005f8ef0,0x005f8ef0,,a2,int,ptr,CALL_PROPAGATED,CALL_PROPAGATED,0x001e1b50->0x005f8ef0,ptr_int
0x005f8ef0,0x005f8ef0,,a3,int,ptr,CALL_PROPAGATED,CALL_PROPAGATED,0x001e1b50->0x005f8ef0,ptr_int
0x00236e00,0x00236e00,stub_code,a1,int,ptr,DIRECT,CALL_PROPAGATED,0x001e1b50->0x00236e00,ptr_int
0x00236e00,0x00236e00,stub_code,a2,int,ptr,DIRECT,CALL_PROPAGATED,0x001e1b50->0x00236e00,ptr_int
0x00236e00,0x00236e00,stub_code,a3,int,ptr,DIRECT,CALL_PROPAGATED,0x001e1b50->0x00236e00,ptr_int
0x001e08b0,0x001e08b0,stub_code,a1,int,ptr,DIRECT,CALL_PROPAGATED,0x001e1b50->0x001e08b0,ptr_int
0x001e08b0,0x001e08b0,stub_code,a2,int,ptr,DIRECT,CALL_PROPAGATED,0x001e1b50->0x001e08b0,ptr_int
0x001e08b0,0x001e08b0,stub_code,a3,int,ptr,DIRECT,CALL_PROPAGATED,0x001e1b50->0x001e08b0,ptr_int
0x00428998,0x00428998,,a3,int,ptr,CALL_PROPAGATED,CALL_PROPAGATED,0x001e1b50->0x00428998,ptr_int
0x001e6460,0x001e6460,stub_code,a3,int,ptr,DIRECT,CALL_PROPAGATED,0x001e1b50->0x001e6460,ptr_int
0x00237310,0x00237310,stub_code,a0,int,ptr,DIRECT,CALL_PROPAGATED,0x001e22e0->0x00237310,ptr_int
0x001e4930,0x001e4930,stub_code,a0,Unknown_a0_8,int,DIRECT,CALL_PROPAGATED,0x001e2bf0->0x001e4930,hard
0x001e4b10,0x001e4b10,stub_code,a0,Unknown_a0_334,int,DIRECT,CALL_PROPAGATED,0x001e2bf0->0x001e4b10,hard
0x0042f3a0,0x0042f3a0,,a0,Unknown_a0_8_c,Unknown_a0_334,CALL_PROPAGATED,CALL_PROPAGATED,0x001e2ce0->0x0042f3a0,hard
0x001ea180,0x001ea180,stub_code,a0,int,Unknown_a0_334,DIRECT,CALL_PROPAGATED,0x001e2ce0->0x001ea180,hard
0x001eb260,0x001eb260,stub_code,a0,int,Unknown_a0_334,DIRECT,CALL_PROPAGATED,0x001e2ce0->0x001eb260,hard
0x001eb260,0x001eb260,stub_code,a1,int,ptr,DIRECT,RETURN_PROPAGATED,0x001ea180->0x001eb260,ptr_int
0x001eb0a0,0x001eb0a0,stub_code,a0,int,Unknown_a0_334,DIRECT,CALL_PROPAGATED,0x001e2ce0->0x001eb0a0,hard
0x001eb0a0,0x001eb0a0,stub_code,a1,int,ptr,DIRECT,RETURN_PROPAGATED,0x001eb260->0x001eb0a0,ptr_int
0x001ec1a0,0x001ec1a0,stub_code,a0,int,Unknown_a0_334,DIRECT,CALL_PROPAGATED,0x001e2ce0->0x001ec1a0,hard
0x001fd6c0,0x001fd6c0,stub_code,a1,int,ptr,DIRECT,RETURN_PROPAGATED,0x001ec1a0->0x001fd6c0,ptr_int
0x001e78d0,0x001e78d0,stub_code,a0,int,Unknown_a0_334,DIRECT,CALL_PROPAGATED,0x001e2ce0->0x001e78d0,hard
0x001e7c10,0x001e7c10,stub_code,a0,int,Unknown_a0_334,DIRECT,CALL_PROPAGATED,0x001e2ce0->0x001e7c10,hard
0x001e7c10,0x001e7c10,stub_code,a1,int,ptr,DIRECT,RETURN_PROPAGATED,0x001e78d0->0x001e7c10,ptr_int
0x001f2200,0x001f2200,stub_code,a0,int,Unknown_a0_334,DIRECT,CALL_PROPAGATED,0x001e2ce0->0x001f2200,hard
0x001f2200,0x001f2200,stub_code,a1,int,ptr,DIRECT,RETURN_PROPAGATED,0x001e7c10->0x001f2200,ptr_int
0x002057b0,0x002057b0,stub_code,a0,int,Unknown_a0_334,DIRECT,CALL_PROPAGATED,0x001e2ce0->0x002057b0,hard
0x001ea180,0x001ea180,stub_code,a1,int,ptr,DIRECT,RETURN_PROPAGATED,0x002057b0->0x001ea180,ptr_int
0x001fbd10,0x001fbd10,stub_code,a0,int,Unknown_a0_334,DIRECT,CALL_PROPAGATED,0x001e2ce0->0x001fbd10,hard
0x001e4460,0x001e4460,stub_code,a1,int,ptr,DIRECT,RETURN_PROPAGATED,0x001e45b0->0x001e4460,ptr_int
0x001ec1a0,0x001ec1a0,stub_code,a1,int,ptr,DIRECT,RETURN_PROPAGATED,0x001e4460->0x001ec1a0,ptr_int
0x001f9380,0x001f9380,stub_code,a1,int,ptr,DIRECT,RETURN_PROPAGATED,0x001f85e0->0x001f9380,ptr_int
0x00205110,0x00205110,stub_code,a1,int,ptr,DIRECT,RETURN_PROPAGATED,0x001ede30->0x00205110,ptr_int
0x0020b170,0x0020b170,stub_code,a1,int,ptr,DIRECT,RETURN_PROPAGATED,0x00205110->0x0020b170,ptr_int
0x001ea180,0x001ea180,stub_code,a0,int,ptr,DIRECT,CALL_PROPAGATED,0x001e4460->0x001ea180,ptr_int
0x0026d320,0x0026d320,,a0,int,Unknown_a0_8,CALL_PROPAGATED,CALL_PROPAGATED,0x001e4930->0x0026d320,hard
0x0026d3e0,0x0026d3e0,,a0,Unknown_a0_0_4_8_c,Unknown_a0_8,CALL_PROPAGATED,CALL_PROPAGATED,0x001e4930->0x0026d3e0,hard
0x0026d230,0x0026d230,stub_code,a0,int,Unknown_a0_0_4_2c,DIRECT,CALL_PROPAGATED,0x001e4ba0->0x0026d230,hard
0x0026d230,0x0026d230,stub_code,a1,int,Unknown_a0_0_4_2c,DIRECT,CALL_PROPAGATED,0x001e4ba0->0x0026d230,hard
0x001e5ac0,0x001e5ac0,stub_code,a0,int,ptr,DIRECT,RETURN_PROPAGATED,0x00504040->0x001e5ac0,ptr_int
0x001e52b0,0x001e52b0,stub_code,a0,ptr,int,STRUCT_FIELD,CALL_PROPAGATED,0x001e4fb0->0x001e52b0,ptr_int
0x001e52b0,0x001e52b0,stub_code,a1,int,ptr,DIRECT,CALL_PROPAGATED,0x001e4fb0->0x001e52b0,ptr_int
0x001e5ac0,0x001e5ac0,stub_code,a1,int,ptr,DIRECT,CALL_PROPAGATED,0x001e4fb0->0x001e5ac0,ptr_int
0x001e5ac0,0x001e5ac0,stub_code,a2,int,ptr,DIRECT,RETURN_PROPAGATED,0x00128060->0x001e5ac0,ptr_int
0x002d19e0,0x002d19e0,stub_code,a2,int,ptr,DIRECT,RETURN_PROPAGATED,0x00128060->0x002d19e0,ptr_int
0x00428df8,0x00428df8,,a0,Unknown_a0_8_c,Unknown_a0_334,CALL_PROPAGATED,CALL_PROPAGATED,0x001e5740->0x00428df8,hard
0x001e60a0,0x001e60a0,,a0,int,ptr,HEURISTIC,CALL_PROPAGATED,0x001e5e00->0x001e60a0,ptr_int
0x00169770,0x00169770,,a1,ptr,int,HEURISTIC,CALL_PROPAGATED,0x001e60f0->0x00169770,ptr_int
0x004cdcd0,0x004cdcd0,,a3,ptr,int,RETURN_PROPAGATED,CALL_PROPAGATED,0x001e6230->0x004cdcd0,ptr_int
0x00428998,0x00428998,,a2,Unknown_a0_0_1c,Unknown_a0_0_4_8,CALL_PROPAGATED,CALL_PROPAGATED,0x001e6460->0x00428998,hard
0x004cdcd0,0x004cdcd0,,a1,int,ptr,HEURISTIC,CALL_PROPAGATED,0x001e67e0->0x004cdcd0,ptr_int
0x00547e80,0x00547e80,stub_code,a1,int,ptr,DIRECT,CALL_PROPAGATED,0x001e67e0->0x00547e80,ptr_int
0x001e7480,0x001e7480,stub_code,a3,ptr,int,STRUCT_FIELD,CALL_PROPAGATED,0x001e6a70->0x001e7480,ptr_int
0x0023c5f0,0x0023c5f0,stub_code,a3,int,ptr,DIRECT,CALL_PROPAGATED,0x001e7480->0x0023c5f0,ptr_int
0x001e98b0,0x001e98b0,stub_code,a0,Unknown_a0_24,int,DIRECT,CALL_PROPAGATED,0x001e7ad0->0x001e98b0,hard
0x0058d100,0x0058d100,stub_code,a1,int,Unknown_a0_60,DIRECT,CALL_PROPAGATED,0x001e7b40->0x0058d100,hard
0x0058d100,0x0058d100,stub_code,a2,int,Unknown_a0_60,DIRECT,CALL_PROPAGATED,0x001e7b40->0x0058d100,hard
0x001719b0,0x001719b0,,a1,Unknown_a0_8_40_50,Unknown_a0_60,CALL_PROPAGATED,CALL_PROPAGATED,0x001e7b40->0x001719b0,hard
0x001719b0,0x001719b0,,a2,Unknown_a0_8_40_50,Unknown_a0_60,CALL_PROPAGATED,CALL_PROPAGATED,0x001e7b40->0x001719b0,hard
0x00171930,0x00171930,stub_code,a2,int,Unknown_a0_60,DIRECT,CALL_PROPAGATED,0x001e7b40->0x00171930,hard
0x001e2ce0,0x001e2ce0,stub_code,a0,Unknown_a0_334,int,DIRECT,CALL_PROPAGATED,0x001e7c10->0x001e2ce0,hard
0x0042f3a0,0x0042f3a0,,a2,Unknown_a0_60,int,CALL_PROPAGATED,CALL_PROPAGATED,0x001e7f10->0x0042f3a0,hard
0x0058d100,0x0058d100,stub_code,a1,int,ptr,DIRECT,RETURN_PROPAGATED,0x001862d0->0x0058d100,ptr_int
0x0058d100,0x0058d100,stub_code,a2,int,ptr,DIRECT,RETURN_PROPAGATED,0x001862d0->0x0058d100,ptr_int
0x001e9380,0x001e9380,stub_code,a2,int,ptr,DIRECT,RETURN_PROPAGATED,0x001862d0->0x001e9380,ptr_int
0x005c1080,0x005c1080,stub_code,a2,int,ptr,DIRECT,RETURN_PROPAGATED,0x001862d0->0x005c1080,ptr_int
0x0016e840,0x0016e840,stub_code,a2,int,ptr,DIRECT,RETURN_PROPAGATED,0x001862d0->0x0016e840,ptr_int
0x001e9610,0x001e9610,,a0,ptr,int,HEURISTIC,CALL_PROPAGATED,0x001e8a70->0x001e9610,ptr_int
0x001e9610,0x001e9610,,a2,ptr,int,HEURISTIC,CALL_PROPAGATED,0x001e8a70->0x001e9610,ptr_int
0x0058d7c0,FUN_0058d7c0,real_c,a2,Unknown_a2_0_4_8,int,DIRECT,CALL_PROPAGATED,0x001e8ba0->0x0058d7c0,hard
0x00171930,0x00171930,stub_code,a0,int,Unknown_a0_60,DIRECT,CALL_PROPAGATED,0x001e8f40->0x00171930,hard
0x00171b60,0x00171b60,stub_code,a2,int,ptr,DIRECT,RETURN_PROPAGATED,0x00128060->0x00171b60,ptr_int
0x001718a0,0x001718a0,,a2,int,ptr,HEURISTIC,RETURN_PROPAGATED,0x00128060->0x001718a0,ptr_int
0x001e8ba0,0x001e8ba0,stub_code,a2,int,ptr,DIRECT,RETURN_PROPAGATED,0x00128060->0x001e8ba0,ptr_int
0x001e8a70,0x001e8a70,stub_code,a2,int,ptr,DIRECT,RETURN_PROPAGATED,0x00128060->0x001e8a70,ptr_int
0x001e8710,0x001e8710,stub_code,a2,int,ptr,DIRECT,RETURN_PROPAGATED,0x00128060->0x001e8710,ptr_int
0x001e8350,0x001e8350,stub_code,a2,int,ptr,DIRECT,RETURN_PROPAGATED,0x00128060->0x001e8350,ptr_int
0x00154de0,0x00154de0,,a0,ptr,int,HEURISTIC,CALL_PROPAGATED,0x001e9380->0x00154de0,ptr_int
0x001e5990,0x001e5990,stub_code,a2,ptr,int,STRUCT_FIELD,CALL_PROPAGATED,0x001e9380->0x001e5990,ptr_int
0x00590fd0,0x00590fd0,stub_code,a0,int,ptr,DIRECT,CALL_PROPAGATED,0x001e9790->0x00590fd0,ptr_int
0x001e9dc0,0x001e9dc0,stub_code,a0,Unknown_a0_20_30_34_38,int,DIRECT,CALL_PROPAGATED,0x001e9c00->0x001e9dc0,hard
0x001e9ea0,0x001e9ea0,stub_code,a0,ptr,int,STRUCT_FIELD,CALL_PROPAGATED,0x001e9c00->0x001e9ea0,ptr_int
0x001e9dc0,0x001e9dc0,stub_code,a1,Unknown_a1_0_4_8,int,DIRECT,CALL_PROPAGATED,0x001e9d60->0x001e9dc0,hard
0x001071e0,FUN_001071e0,real_c,a0,Unknown_a0_0_4_8_c_10_14_18_1c_20_24_28_2c_30_34_38_3c,Unknown_a0_20_30_34_38,DIRECT,CALL_PROPAGATED,0x001e9dc0->0x001071e0,hard
0x001071e0,FUN_001071e0,real_c,a1,Unknown_a1_0_4_8_c_10_14_18_1c_20_24_28_2c_30_34_38_3c,Unknown_a0_20_30_34_38,DIRECT,CALL_PROPAGATED,0x001e9dc0->0x001071e0,hard
0x0058b090,0x0058b090,,a1,Unknown_a0_f38,Unknown_a0_20_30_34_38,CALL_PROPAGATED,CALL_PROPAGATED,0x001e9dc0->0x0058b090,hard
0x001e9790,0x001e9790,stub_code,a0,ptr,int,STRUCT_FIELD,CALL_PROPAGATED,0x001ea180->0x001e9790,ptr_int
0x0059ed50,0x0059ed50,stub_code,a1,int,ptr,DIRECT,RETURN_PROPAGATED,0x004c31b0->0x0059ed50,ptr_int
0x0059ed50,0x0059ed50,stub_code,a3,int,ptr,DIRECT,RETURN_PROPAGATED,0x004c31b0->0x0059ed50,ptr_int
0x00513f30,FUN_00513f30,pseudo_stub,a3,int,ptr,DIRECT,RETURN_PROPAGATED,0x004c31b0->0x00513f30,ptr_int
0x004c4940,0x004c4940,stub_code,a3,int,ptr,DIRECT,RETURN_PROPAGATED,0x004c31b0->0x004c4940,ptr_int
0x001e9ea0,0x001e9ea0,stub_code,a1,Unknown_a1_0_4,int,DIRECT,CALL_PROPAGATED,0x001eaa60->0x001e9ea0,hard
0x001eaec0,0x001eaec0,stub_code,a2,int,ptr,DIRECT,CALL_PROPAGATED,0x001eacb0->0x001eaec0,ptr_int
0x005fce00,0x005fce00,,a1,ptr,int,HEURISTIC,CALL_PROPAGATED,0x001eb0a0->0x005fce00,ptr_int
0x005fce00,0x005fce00,,a2,ptr,int,HEURISTIC,CALL_PROPAGATED,0x001eb0a0->0x005fce00,ptr_int
0x005fce30,0x005fce30,,a2,ptr,int,HEURISTIC,CALL_PROPAGATED,0x001eb0a0->0x005fce30,ptr_int
0x00512ee0,0x00512ee0,stub_code,a0,Unknown_a0_0_4c,Unknown_a0_58,DIRECT,CALL_PROPAGATED,0x001eb740->0x00512ee0,hard
0x001eb8a0,0x001eb8a0,stub_code,a0,ptr,int,STRUCT_FIELD,CALL_PROPAGATED,0x001eb8d0->0x001eb8a0,ptr_int
0x005fcf50,0x005fcf50,stub_code,a0,ptr,int,STRUCT_FIELD,CALL_PROPAGATED,0x001ebba0->0x005fcf50,ptr_int
0x001ebcb0,0x001ebcb0,stub_code,a0,ptr,int,STRUCT_FIELD,CALL_PROPAGATED,0x001ebc20->0x001ebcb0,ptr_int
0x00513f30,FUN_00513f30,pseudo_stub,a1,Unknown_a1_4,int,DIRECT,CALL_PROPAGATED,0x001ebcb0->0x00513f30,hard
0x005fce00,0x005fce00,,a1,int,Unknown_a1_0_4,CALL_PROPAGATED,CALL_PROPAGATED,0x001ebee0->0x005fce00,hard
0x001e9950,0x001e9950,stub_code,a1,int,Unknown_a1_0_4_8_c,DIRECT,CALL_PROPAGATED,0x001ebf90->0x001e9950,hard
0x005c0d40,0x005c0d40,stub_code,a2,Unknown_a0_60,int,CALL_PROPAGATED,CALL_PROPAGATED,0x001ec3d0->0x005c0d40,hard
0x001e9a50,0x001e9a50,stub_code,a0,int,ptr,DIRECT,CALL_PROPAGATED,0x001ec4e0->0x001e9a50,ptr_int
0x001e9a50,0x001e9a50,stub_code,a1,int,Unknown_a1_0_4_8_c,DIRECT,CALL_PROPAGATED,0x001ec4e0->0x001e9a50,hard
0x0042f3a0,0x0042f3a0,,a0,Unknown_a0_8_c,Unknown_a1_0_8,CALL_PROPAGATED,CALL_PROPAGATED,0x001ec5a0->0x0042f3a0,hard
0x00504170,0x00504170,stub_code,a2,int,Unknown_a2_4,DIRECT,CALL_PROPAGATED,0x001ec950->0x00504170,hard
0x001ec5a0,0x001ec5a0,stub_code,a2,int,Unknown_a2_4,DIRECT,CALL_PROPAGATED,0x001ec950->0x001ec5a0,hard
0x001e7580,0x001e7580,,a0,ptr,int,HEURISTIC,CALL_PROPAGATED,0x001ed1d0->0x001e7580,ptr_int
0x00154de0,0x00154de0,,a1,Unknown_a1_c_10,int,CALL_PROPAGATED,CALL_PROPAGATED,0x001ed240->0x00154de0,hard
0x001eab50,0x001eab50,stub_code,a1,int,ptr,DIRECT,RETURN_PROPAGATED,0x00182660->0x001eab50,ptr_int
0x001e5e00,0x001e5e00,stub_code,a2,int,ptr,DIRECT,RETURN_PROPAGATED,0x001e5e00->0x001e5e00,ptr_int
0x001e5e00,0x001e5e00,stub_code,a3,int,ptr,DIRECT,RETURN_PROPAGATED,0x001e5e00->0x001e5e00,ptr_int
0x001e9dc0,0x001e9dc0,stub_code,a2,int,ptr,DIRECT,RETURN_PROPAGATED,0x001e5e00->0x001e9dc0,ptr_int
0x001e9dc0,0x001e9dc0,stub_code,a3,int,ptr,DIRECT,RETURN_PROPAGATED,0x001e5e00->0x001e9dc0,ptr_int
0x001eab50,0x001eab50,stub_code,a2,int,ptr,DIRECT,RETURN_PROPAGATED,0x001e5e00->0x001eab50,ptr_int
0x001eab50,0x001eab50,stub_code,a3,int,ptr,DIRECT,RETURN_PROPAGATED,0x001e5e00->0x001eab50,ptr_int
0x00185030,0x00185030,,a0,ptr,int,HEURISTIC,CALL_PROPAGATED,0x001efc50->0x00185030,ptr_int
0x001ec950,0x001ec950,stub_code,a2,Unknown_a2_4,int,DIRECT,CALL_PROPAGATED,0x001f0e90->0x001ec950,hard
0x0058b030,0x0058b030,,a2,ptr,int,HEURISTIC,CALL_PROPAGATED,0x001f0e90->0x0058b030,ptr_int
0x00591100,0x00591100,,a0,int,ptr,CALL_PROPAGATED,RETURN_PROPAGATED,0x0058b030->0x00591100,ptr_int
0x001ec3d0,0x001ec3d0,stub_code,a0,int,ptr,DIRECT,RETURN_PROPAGATED,0x00590fd0->0x001ec3d0,ptr_int
0x005a48b0,0x005a48b0,stub_code,a0,int,ptr,DIRECT,RETURN_PROPAGATED,0x00590fd0->0x005a48b0,ptr_int
0x001f3a00,0x001f3a00,stub_code,a0,Unknown_a0_8_c,int,DIRECT,CALL_PROPAGATED,0x001f3b50->0x001f3a00,hard
0x001f3a00,0x001f3a00,stub_code,a1,ptr,int,STRUCT_FIELD,CALL_PROPAGATED,0x001f3b50->0x001f3a00,ptr_int
0x00111180,0x00111180,stub_code,a0,int,ptr,DIRECT,RETURN_PROPAGATED,0x001f3a00->0x00111180,ptr_int
0x00111260,0x00111260,stub_code,a2,int,ptr,DIRECT,RETURN_PROPAGATED,0x0042f5b8->0x00111260,ptr_int
0x001f4180,0x001f4180,stub_code,a3,int,ptr,DIRECT,RETURN_PROPAGATED,0x001ebea0->0x001f4180,ptr_int
0x0026d6f0,0x0026d6f0,stub_code,a3,int,ptr,DIRECT,RETURN_PROPAGATED,0x0026d4a0->0x0026d6f0,ptr_int
0x0010f760,0x0010f760,stub_code,a3,int,ptr,DIRECT,RETURN_PROPAGATED,0x0026d4a0->0x0010f760,ptr_int
0x0010f760,0x0010f760,stub_code,a2,int,ptr,DIRECT,RETURN_PROPAGATED,0x0026d4a0->0x0010f760,ptr_int
0x001ebea0,FUN_001ebea0,pseudo_stub,a2,int,ptr,DIRECT,CALL_PROPAGATED,0x001f9bf0->0x001ebea0,ptr_int
0x001ebea0,FUN_001ebea0,pseudo_stub,a3,int,ptr,DIRECT,CALL_PROPAGATED,0x001f9bf0->0x001ebea0,ptr_int
0x001ec060,0x001ec060,stub_code,a2,int,ptr,DIRECT,CALL_PROPAGATED,0x001f9bf0->0x001ec060,ptr_int
0x001ec060,0x001ec060,stub_code,a3,int,ptr,DIRECT,CALL_PROPAGATED,0x001f9bf0->0x001ec060,ptr_int
0x001ec060,0x001ec060,stub_code,a1,int,ptr,DIRECT,RETURN_PROPAGATED,0x001ebea0->0x001ec060,ptr_int
0x001e56a0,0x001e56a0,,a2,ptr,int,CALL_PROPAGATED,CALL_PROPAGATED,0x001fa100->0x001e56a0,ptr_int
0x001e56a0,0x001e56a0,,a3,ptr,int,CALL_PROPAGATED,CALL_PROPAGATED,0x001fa100->0x001e56a0,ptr_int
0x001eb500,0x001eb500,stub_code,a0,int,Unknown_a0_4_1c,DIRECT,CALL_PROPAGATED,0x001fa1c0->0x001eb500,hard
0x004ba240,0x004ba240,stub_code,a0,int,Unknown_a0_4_1c,DIRECT,CALL_PROPAGATED,0x001fa1c0->0x004ba240,hard
0x00160ca0,0x00160ca0,,a2,int,ptr,CALL_PROPAGATED,RETURN_PROPAGATED,0x00154de0->0x00160ca0,ptr_int
0x00160ca0,0x00160ca0,,a3,int,ptr,CALL_PROPAGATED,RETURN_PROPAGATED,0x00154de0->0x00160ca0,ptr_int
0x001e9dc0,0x001e9dc0,stub_code,a0,Unknown_a0_20_30_34_38,Unknown_a0_ac,DIRECT,CALL_PROPAGATED,0x001fb060->0x001e9dc0,hard
0x001ff8c0,0x001ff8c0,stub_code,a0,Unknown_a0_2ac,Unknown_a0_6c,DIRECT,CALL_PROPAGATED,0x001fbad0->0x001ff8c0,hard
0x001ff8c0,0x001ff8c0,stub_code,a1,int,Unknown_a0_6c,DIRECT,CALL_PROPAGATED,0x001fbad0->0x001ff8c0,hard
0x00511940,0x00511940,stub_code,a0,Unknown_a0_0_4c,Unknown_a0_4_8,DIRECT,CALL_PROPAGATED,0x001fbc80->0x00511940,hard
0x00590fd0,0x00590fd0,stub_code,a0,int,Unknown_a0_4_8,DIRECT,CALL_PROPAGATED,0x001fbc80->0x00590fd0,hard
0x00154de0,0x00154de0,,a0,Unknown_a0_4_2c,int,CALL_PROPAGATED,CALL_PROPAGATED,0x001fc830->0x00154de0,hard
0x005fd710,0x005fd710,stub_code,a1,int,Unknown_a0_0_4,DIRECT,CALL_PROPAGATED,0x001fca20->0x005fd710,hard
0x005fd710,0x005fd710,stub_code,a2,int,Unknown_a0_0_4,DIRECT,CALL_PROPAGATED,0x001fca20->0x005fd710,hard
0x00511940,0x00511940,stub_code,a1,int,Unknown_a0_0_4,DIRECT,CALL_PROPAGATED,0x001fca20->0x00511940,hard
0x00511940,0x00511940,stub_code,a2,int,Unknown_a0_0_4,DIRECT,CALL_PROPAGATED,0x001fca20->0x00511940,hard
0x0028d740,0x0028d740,stub_code,a1,int,Unknown_a0_0_4,DIRECT,CALL_PROPAGATED,0x001fca20->0x0028d740,hard
0x0028d740,0x0028d740,stub_code,a2,int,Unknown_a0_0_4,DIRECT,CALL_PROPAGATED,0x001fca20->0x0028d740,hard
0x005f5270,0x005f5270,stub_code,a1,int,Unknown_a0_0_4,DIRECT,CALL_PROPAGATED,0x001fca20->0x005f5270,hard
0x005f5270,0x005f5270,stub_code,a2,int,Unknown_a0_0_4,DIRECT,CALL_PROPAGATED,0x001fca20->0x005f5270,hard
0x005f5ff0,0x005f5ff0,stub_code,a1,int,Unknown_a0_0_4,DIRECT,CALL_PROPAGATED,0x001fca20->0x005f5ff0,hard
0x005f5ff0,0x005f5ff0,stub_code,a2,int,Unknown_a0_0_4,DIRECT,CALL_PROPAGATED,0x001fca20->0x005f5ff0,hard
0x005f5d70,0x005f5d70,stub_code,a1,int,Unknown_a0_0_4,DIRECT,CALL_PROPAGATED,0x001fca20->0x005f5d70,hard
0x005f5d70,0x005f5d70,stub_code,a2,int,Unknown_a0_0_4,DIRECT,CALL_PROPAGATED,0x001fca20->0x005f5d70,hard
0x0028e710,0x0028e710,stub_code,a1,int,Unknown_a0_0_4,DIRECT,CALL_PROPAGATED,0x001fca20->0x0028e710,hard
0x0028e710,0x0028e710,stub_code,a2,int,Unknown_a0_0_4,DIRECT,CALL_PROPAGATED,0x001fca20->0x0028e710,hard
0x005fa8e0,0x005fa8e0,stub_code,a2,int,Unknown_a0_0_4,DIRECT,CALL_PROPAGATED,0x001fca20->0x005fa8e0,hard
0x005fa860,0x005fa860,stub_code,a2,int,Unknown_a0_0_4,DIRECT,CALL_PROPAGATED,0x001fca20->0x005fa860,hard
0x005fa960,0x005fa960,stub_code,a2,int,Unknown_a0_0_4,DIRECT,CALL_PROPAGATED,0x001fca20->0x005fa960,hard
0x005fa9e0,0x005fa9e0,stub_code,a2,int,Unknown_a0_0_4,DIRECT,CALL_PROPAGATED,0x001fca20->0x005fa9e0,hard
0x005fc350,0x005fc350,stub_code,a2,int,Unknown_a0_0_4,DIRECT,CALL_PROPAGATED,0x001fca20->0x005fc350,hard
0x001169f0,0x001169f0,,a2,int,Unknown_a0_0_4,CALL_PROPAGATED,CALL_PROPAGATED,0x001fca20->0x001169f0,hard
0x001e7b40,0x001e7b40,stub_code,a0,Unknown_a0_60,int,DIRECT,CALL_PROPAGATED,0x001fe170->0x001e7b40,hard
0x003181f0,0x003181f0,stub_code,a1,int,ptr,DIRECT,CALL_PROPAGATED,0x001fe790->0x003181f0,ptr_int
0x002004b0,0x002004b0,stub_code,a3,int,ptr,DIRECT,CALL_PROPAGATED,0x001febe0->0x002004b0,ptr_int
0x002005b0,0x002005b0,stub_code,a3,int,ptr,DIRECT,CALL_PROPAGATED,0x001febe0->0x002005b0,ptr_int
0x00200070,0x00200070,stub_code,a3,int,ptr,DIRECT,CALL_PROPAGATED,0x001febe0->0x00200070,ptr_int
0x00200190,0x00200190,stub_code,a3,int,ptr,DIRECT,CALL_PROPAGATED,0x001febe0->0x00200190,ptr_int
0x00200b40,0x00200b40,stub_code,a0,int,ptr,DIRECT,CALL_PROPAGATED,0x001ff3d0->0x00200b40,ptr_int
0x00201050,0x00201050,stub_code,a0,int,ptr,DIRECT,CALL_PROPAGATED,0x001ff3d0->0x00201050,ptr_int
0x002005b0,0x002005b0,stub_code,a0,Unknown_a0_2d8,int,DIRECT,CALL_PROPAGATED,0x001ff4d0->0x002005b0,hard
0x002004b0,0x002004b0,stub_code,a0,Unknown_a0_2d8,int,DIRECT,CALL_PROPAGATED,0x001ff4d0->0x002004b0,hard
0x002017e0,0x002017e0,stub_code,a0,Unknown_a0_2ac,int,DIRECT,CALL_PROPAGATED,0x001ff680->0x002017e0,hard
0x002019b0,0x002019b0,stub_code,a0,ptr,int,STRUCT_FIELD,CALL_PROPAGATED,0x001ff6b0->0x002019b0,ptr_int
0x00201b20,0x00201b20,stub_code,a0,ptr,int,STRUCT_FIELD,CALL_PROPAGATED,0x001ff6b0->0x00201b20,ptr_int
0x00202c80,0x00202c80,stub_code,a2,Unknown_a2_0,int,DIRECT,CALL_PROPAGATED,0x001ff880->0x00202c80,hard
0x00202e20,0x00202e20,stub_code,a0,int,Unknown_a0_2ac,DIRECT,CALL_PROPAGATED,0x001ff8c0->0x00202e20,hard
0x0013efa0,0x0013efa0,,a2,int,Unknown_a2_4_8,CALL_PROPAGATED,CALL_PROPAGATED,0x001ff950->0x0013efa0,hard
0x001606e0,0x001606e0,,a1,int,Unknown_a2_4_8,CALL_PROPAGATED,CALL_PROPAGATED,0x001ff950->0x001606e0,hard
0x001606e0,0x001606e0,,a2,int,Unknown_a2_4_8,CALL_PROPAGATED,CALL_PROPAGATED,0x001ff950->0x001606e0,hard
0x001608c0,0x001608c0,,a0,int,Unknown_a2_4_8,CALL_PROPAGATED,CALL_PROPAGATED,0x001ff950->0x001608c0,hard
0x001608c0,0x001608c0,,a1,int,Unknown_a2_4_8,CALL_PROPAGATED,CALL_PROPAGATED,0x001ff950->0x001608c0,hard
0x001608c0,0x001608c0,,a2,int,Unknown_a2_4_8,CALL_PROPAGATED,CALL_PROPAGATED,0x001ff950->0x001608c0,hard
0x00201c70,0x00201c70,stub_code,a0,int,Unknown_a2_4_8,DIRECT,CALL_PROPAGATED,0x001ff950->0x00201c70,hard
0x00201c70,0x00201c70,stub_code,a1,int,Unknown_a2_4_8,DIRECT,CALL_PROPAGATED,0x001ff950->0x00201c70,hard
0x00201c70,0x00201c70,stub_code,a2,int,Unknown_a2_4_8,DIRECT,CALL_PROPAGATED,0x001ff950->0x00201c70,hard
0x0031ae10,0x0031ae10,stub_code,a1,int,Unknown_a2_4_8,DIRECT,CALL_PROPAGATED,0x001ff950->0x0031ae10,hard
0x0031ae10,0x0031ae10,stub_code,a2,int,Unknown_a2_4_8,DIRECT,CALL_PROPAGATED,0x001ff950->0x0031ae10,hard
0x0031af10,0x0031af10,stub_code,a1,int,Unknown_a2_4_8,DIRECT,CALL_PROPAGATED,0x001ff950->0x0031af10,hard
0x0031af10,0x0031af10,stub_code,a2,int,Unknown_a2_4_8,DIRECT,CALL_PROPAGATED,0x001ff950->0x0031af10,hard
0x0031ad70,0x0031ad70,stub_code,a2,int,Unknown_a2_4_8,DIRECT,CALL_PROPAGATED,0x001ff950->0x0031ad70,hard
0x0013efa0,0x0013efa0,,a3,int,ptr,CALL_PROPAGATED,CALL_PROPAGATED,0x001ffbe0->0x0013efa0,ptr_int
0x00201c70,0x00201c70,stub_code,a3,int,ptr,DIRECT,CALL_PROPAGATED,0x001ffbe0->0x00201c70,ptr_int
0x0031ae10,0x0031ae10,stub_code,a3,int,ptr,DIRECT,CALL_PROPAGATED,0x001ffbe0->0x0031ae10,ptr_int
0x0031af10,0x0031af10,stub_code,a3,int,ptr,DIRECT,CALL_PROPAGATED,0x001ffbe0->0x0031af10,ptr_int
0x0031ad70,0x0031ad70,stub_code,a3,int,ptr,DIRECT,CALL_PROPAGATED,0x001ffbe0->0x0031ad70,ptr_int
0x00204ad0,0x00204ad0,stub_code,a0,Unknown_a0_4_18,Unknown_a0_8_294,DIRECT,CALL_PROPAGATED,0x00200070->0x00204ad0,hard
0x0023db20,0x0023db20,stub_code,a0,Unknown_a0_4,Unknown_a0_2d8,DIRECT,CALL_PROPAGATED,0x00200760->0x0023db20,hard
0x0023db20,0x0023db20,stub_code,a1,ptr,int,HEURISTIC,CALL_PROPAGATED,0x00200760->0x0023db20,ptr_int
0x00202a10,0x00202a10,stub_code,a1,int,Unknown_a0_2ac,DIRECT,CALL_PROPAGATED,0x002017e0->0x00202a10,hard
0x00511940,0x00511940,stub_code,a1,int,Unknown_a1_0,DIRECT,CALL_PROPAGATED,0x002018a0->0x00511940,hard
0x0042bde0,FUN_0042bde0,real_logic,a0,int,ptr,DIRECT,CALL_PROPAGATED,0x00201c00->0x0042bde0,ptr_int
0x0042bde0,FUN_0042bde0,real_logic,a2,int,ptr,DIRECT,CALL_PROPAGATED,0x00201c00->0x0042bde0,ptr_int
0x0026daf0,0x0026daf0,stub_code,a0,Unknown_a0_0_4_8_c_10_14,Unknown_a0_0,DIRECT,CALL_PROPAGATED,0x00202310->0x0026daf0,hard
0x0031ab10,0x0031ab10,stub_code,a0,int,Unknown_a0_4,DIRECT,CALL_PROPAGATED,0x002028e0->0x0031ab10,hard
0x00202c80,0x00202c80,stub_code,a0,int,Unknown_a2_4_8,DIRECT,CALL_PROPAGATED,0x00202af0->0x00202c80,hard
0x00202c80,0x00202c80,stub_code,a1,int,Unknown_a2_4_8,DIRECT,CALL_PROPAGATED,0x00202af0->0x00202c80,hard
0x00202c80,0x00202c80,stub_code,a2,Unknown_a2_0,Unknown_a2_4_8,DIRECT,CALL_PROPAGATED,0x00202af0->0x00202c80,hard
0x00202c80,0x00202c80,stub_code,a3,int,Unknown_a2_4_8,DIRECT,CALL_PROPAGATED,0x00202af0->0x00202c80,hard
0x00204a30,0x00204a30,stub_code,a0,Unknown_a0_4,Unknown_a2_4_8,DIRECT,CALL_PROPAGATED,0x00202af0->0x00204a30,hard
0x00204a30,0x00204a30,stub_code,a1,int,Unknown_a2_4_8,DIRECT,CALL_PROPAGATED,0x00202af0->0x00204a30,hard
0x00204a30,0x00204a30,stub_code,a2,int,Unknown_a2_4_8,DIRECT,CALL_PROPAGATED,0x00202af0->0x00204a30,hard
0x00204a30,0x00204a30,stub_code,a3,int,Unknown_a2_4_8,DIRECT,CALL_PROPAGATED,0x00202af0->0x00204a30,hard
0x001ffec0,0x001ffec0,stub_code,a0,ptr,int,STRUCT_FIELD,CALL_PROPAGATED,0x002034e0->0x001ffec0,ptr_int
0x0026d6f0,0x0026d6f0,stub_code,a0,Unknown_a0_0_4_8_c_10_14,Unknown_a0_0_4_8_c_3c_40_44_48_4c_50_54_58_60,DIRECT,CALL_PROPAGATED,0x00203570->0x0026d6f0,hard
0x00203080,0x00203080,stub_code,a0,int,Unknown_a0_0_4_8_c_3c_40_44_48_4c_50_54_58_60,DIRECT,CALL_PROPAGATED,0x00203570->0x00203080,hard
0x0031b740,0x0031b740,,a2,Unknown_a2_0,int,CALL_PROPAGATED,CALL_PROPAGATED,0x00203710->0x0031b740,hard
0x0031a940,0x0031a940,,a2,Unknown_a2_0,int,CALL_PROPAGATED,CALL_PROPAGATED,0x00203710->0x0031a940,hard
0x0031a980,0x0031a980,,a2,Unknown_a2_0,int,CALL_PROPAGATED,CALL_PROPAGATED,0x00203710->0x0031a980,hard
0x0031a9b0,0x0031a9b0,,a2,Unknown_a2_0,int,CALL_PROPAGATED,CALL_PROPAGATED,0x00203710->0x0031a9b0,hard
0x0031a9e0,0x0031a9e0,,a2,Unknown_a2_4_8,int,CALL_PROPAGATED,CALL_PROPAGATED,0x00203710->0x0031a9e0,hard
0x0031aa00,0x0031aa00,,a2,Unknown_a2_4_8,int,CALL_PROPAGATED,CALL_PROPAGATED,0x00203710->0x0031aa00,hard
0x00428b18,FUN_00428b18,real_c,a3,int,ptr,DIRECT,RETURN_PROPAGATED,0x00429068->0x00428b18,ptr_int
0x0031a130,0x0031a130,stub_code,a1,int,ptr,DIRECT,RETURN_PROPAGATED,0x00204990->0x0031a130,ptr_int
0x00511940,0x00511940,stub_code,a1,int,Unknown_a1_0_4,DIRECT,CALL_PROPAGATED,0x00204910->0x00511940,hard
0x0031aae0,0x0031aae0,stub_code,a0,int,Unknown_a0_4,DIRECT,CALL_PROPAGATED,0x00204a30->0x0031aae0,hard
0x0031aa20,0x0031aa20,stub_code,a0,Unknown_a0_18,Unknown_a0_4,DIRECT,CALL_PROPAGATED,0x00204a30->0x0031aa20,hard
0x0031aa90,0x0031aa90,stub_code,a0,Unknown_a0_18,Unknown_a0_4,DIRECT,CALL_PROPAGATED,0x00204a80->0x0031aa90,hard
0x0031aa90,0x0031aa90,stub_code,a0,Unknown_a0_18,Unknown_a0_4_18,DIRECT,CALL_PROPAGATED,0x00204ad0->0x0031aa90,hard
0x00428998,0x00428998,,a2,Unknown_a0_0_4_8,int,CALL_PROPAGATED,CALL_PROPAGATED,0x00204ba0->0x00428998,hard
0x0026daf0,0x0026daf0,stub_code,a0,Unknown_a0_0_4_8_c_10_14,Unknown_a0_0_28,DIRECT,CALL_PROPAGATED,0x00204ea0->0x0026daf0,hard
0x00428c50,FUN_00428c50,real_c,a3,int,ptr,CALL_PROPAGATED,RETURN_PROPAGATED,0x00429068->0x00428c50,ptr_int
0x001ec0e0,0x001ec0e0,,a0,ptr,int,HEURISTIC,CALL_PROPAGATED,0x002057b0->0x001ec0e0,ptr_int
0x00504040,0x00504040,stub_code,a1,int,ptr,DIRECT,RETURN_PROPAGATED,0x0058b0b0->0x00504040,ptr_int
0x00206d00,0x00206d00,stub_code,a2,int,ptr,DIRECT,CALL_PROPAGATED,0x00206b90->0x00206d00,ptr_int
0x00207c40,0x00207c40,stub_code,a2,int,ptr,DIRECT,CALL_PROPAGATED,0x00206b90->0x00207c40,ptr_int
0x00207590,0x00207590,stub_code,a2,int,ptr,DIRECT,CALL_PROPAGATED,0x00206b90->0x00207590,ptr_int
0x005ec440,0x005ec440,stub_code,a2,int,ptr,DIRECT,CALL_PROPAGATED,0x00206b90->0x005ec440,ptr_int
0x00561aa0,0x00561aa0,stub_code,a2,int,ptr,DIRECT,CALL_PROPAGATED,0x00206b90->0x00561aa0,ptr_int
0x002083c0,0x002083c0,stub_code,a2,int,ptr,DIRECT,CALL_PROPAGATED,0x00206b90->0x002083c0,ptr_int
0x005f0cc0,0x005f0cc0,stub_code,a2,int,ptr,DIRECT,CALL_PROPAGATED,0x00206b90->0x005f0cc0,ptr_int
0x00511940,0x00511940,stub_code,a0,Unknown_a0_0_4c,Unknown_a0_4_10,DIRECT,CALL_PROPAGATED,0x00206d00->0x00511940,hard
0x004bc880,0x004bc880,stub_code,a0,int,ptr,DIRECT,RETURN_PROPAGATED,0x0058b030->0x004bc880,ptr_int
0x00561aa0,0x00561aa0,stub_code,a0,int,ptr,DIRECT,RETURN_PROPAGATED,0x0058b030->0x00561aa0,ptr_int
0x001b0de0,0x001b0de0,,a2,int,ptr,HEURISTIC,RETURN_PROPAGATED,0x00561aa0->0x001b0de0,ptr_int
0x00561aa0,0x00561aa0,stub_code,a1,int,ptr,DIRECT,RETURN_PROPAGATED,0x00547e80->0x00561aa0,ptr_int
0x0020ad20,0x0020ad20,stub_code,a1,int,ptr,DIRECT,RETURN_PROPAGATED,0x00547e80->0x0020ad20,ptr_int
0x0020abf0,0x0020abf0,,a2,int,ptr,HEURISTIC,RETURN_PROPAGATED,0x0020abf0->0x0020abf0,ptr_int
0x001168c0,0x001168c0,,a2,int,ptr,CALL_PROPAGATED,RETURN_PROPAGATED,0x0020abf0->0x001168c0,ptr_int
0x001168c0,0x001168c0,,a3,int,ptr,HEURISTIC,RETURN_PROPAGATED,0x0020abf0->0x001168c0,ptr_int
0x00561aa0,0x00561aa0,stub_code,a3,int,ptr,DIRECT,RETURN_PROPAGATED,0x0020abf0->0x00561aa0,ptr_int
0x0020ad20,0x0020ad20,stub_code,a3,int,ptr,DIRECT,RETURN_PROPAGATED,0x0020abf0->0x0020ad20,ptr_int
0x0020ad10,0x0020ad10,,a2,int,ptr,HEURISTIC,RETURN_PROPAGATED,0x0020ad10->0x0020ad10,ptr_int
0x0020ad00,0x0020ad00,,a2,int,ptr,HEURISTIC,RETURN_PROPAGATED,0x0020ad10->0x0020ad00,ptr_int
0x0020ac00,0x0020ac00,stub_code,a3,int,ptr,DIRECT,RETURN_PROPAGATED,0x0020abf0->0x0020ac00,ptr_int
0x0020ab00,0x0020ab00,stub_code,a3,int,ptr,DIRECT,RETURN_PROPAGATED,0x0020abf0->0x0020ab00,ptr_int
0x0020aa80,0x0020aa80,stub_code,a3,int,ptr,DIRECT,RETURN_PROPAGATED,0x0020abf0->0x0020aa80,ptr_int
0x00119590,0x00119590,stub_code,a3,int,ptr,DIRECT,RETURN_PROPAGATED,0x0020abf0->0x00119590,ptr_int
0x00119610,0x00119610,stub_code,a3,int,ptr,DIRECT,RETURN_PROPAGATED,0x0020abf0->0x00119610,ptr_int
0x00545430,0x00545430,,a3,int,ptr,CALL_PROPAGATED,RETURN_PROPAGATED,0x0020abf0->0x00545430,ptr_int
0x00207690,0x00207690,stub_code,a3,int,ptr,DIRECT,RETURN_PROPAGATED,0x00545430->0x00207690,ptr_int
0x00547e80,0x00547e80,stub_code,a0,int,Unknown_a0_0_4,DIRECT,CALL_PROPAGATED,0x0020ad20->0x00547e80,hard
0x00561aa0,0x00561aa0,stub_code,a1,int,Unknown_a0_8,DIRECT,CALL_PROPAGATED,0x0020ada0->0x00561aa0,hard
0x0020c010,0x0020c010,stub_code,a2,Unknown_a2_0_4_8_c,int,DIRECT,CALL_PROPAGATED,0x0020b9f0->0x0020c010,hard
0x0020dee0,0x0020dee0,stub_code,a1,int,ptr,DIRECT,RETURN_PROPAGATED,0x0026d320->0x0020dee0,ptr_int
0x0013efa0,0x0013efa0,,a1,Unknown_a2_4_8,int,CALL_PROPAGATED,CALL_PROPAGATED,0x0020e230->0x0013efa0,hard
0x00210410,0x00210410,stub_code,a0,Unknown_a0_8,Unknown_a0_4,DIRECT,CALL_PROPAGATED,0x0020ea70->0x00210410,hard
0x00210410,0x00210410,stub_code,a1,int,Unknown_a0_4,DIRECT,CALL_PROPAGATED,0x0020ea70->0x00210410,hard
0x0020e800,0x0020e800,stub_code,a0,Unknown_a0_b0,Unknown_a0_4,DIRECT,CALL_PROPAGATED,0x0020ea70->0x0020e800,hard
0x0020e800,0x0020e800,stub_code,a1,int,Unknown_a0_4,DIRECT,CALL_PROPAGATED,0x0020ea70->0x0020e800,hard
0x001ffe80,0x001ffe80,stub_code,a1,int,Unknown_a0_4,DIRECT,CALL_PROPAGATED,0x0020ea70->0x001ffe80,hard
0x002107a0,0x002107a0,stub_code,a1,int,ptr,DIRECT,RETURN_PROPAGATED,0x0011b240->0x002107a0,ptr_int
0x00210ab0,0x00210ab0,stub_code,a1,int,ptr,DIRECT,RETURN_PROPAGATED,0x0011b240->0x00210ab0,ptr_int
0x0020fd00,0x0020fd00,stub_code,a1,int,ptr,DIRECT,RETURN_PROPAGATED,0x0011b240->0x0020fd00,ptr_int
0x0020e630,0x0020e630,stub_code,a1,int,ptr,DIRECT,RETURN_PROPAGATED,0x0011b240->0x0020e630,ptr_int
0x0020eae0,0x0020eae0,stub_code,a1,int,ptr,DIRECT,RETURN_PROPAGATED,0x0011b240->0x0020eae0,ptr_int
0x00210410,0x00210410,stub_code,a1,int,ptr,DIRECT,RETURN_PROPAGATED,0x0011b240->0x00210410,ptr_int
0x0020e800,0x0020e800,stub_code,a1,int,ptr,DIRECT,RETURN_PROPAGATED,0x0011b240->0x0020e800,ptr_int
0x00210410,0x00210410,stub_code,a2,int,ptr,DIRECT,RETURN_PROPAGATED,0x00128060->0x00210410,ptr_int
0x0020e800,0x0020e800,stub_code,a2,int,ptr,DIRECT,RETURN_PROPAGATED,0x00128060->0x0020e800,ptr_int
0x001ffe80,0x001ffe80,stub_code,a1,int,ptr,DIRECT,RETURN_PROPAGATED,0x00128060->0x001ffe80,ptr_int
0x001ffe80,0x001ffe80,stub_code,a2,int,ptr,DIRECT,RETURN_PROPAGATED,0x00128060->0x001ffe80,ptr_int
0x0032e9f0,0x0032e9f0,,a1,ptr,int,HEURISTIC,CALL_PROPAGATED,0x00210410->0x0032e9f0,ptr_int
0x0032e9f0,0x0032e9f0,,a2,ptr,int,HEURISTIC,CALL_PROPAGATED,0x00210410->0x0032e9f0,ptr_int
0x0032e9f0,0x0032e9f0,,a3,ptr,int,HEURISTIC,CALL_PROPAGATED,0x00210410->0x0032e9f0,ptr_int
0x005cfcc0,0x005cfcc0,stub_code,a0,int,Unknown_a0_8,DIRECT,CALL_PROPAGATED,0x00210410->0x005cfcc0,hard
0x00171ce0,0x00171ce0,,a0,int,ptr,CALL_PROPAGATED,CALL_PROPAGATED,0x00210530->0x00171ce0,ptr_int
0x00171ce0,0x00171ce0,,a2,int,ptr,CALL_PROPAGATED,CALL_PROPAGATED,0x00210530->0x00171ce0,ptr_int
0x0058b570,0x0058b570,stub_code,a2,int,ptr,DIRECT,CALL_PROPAGATED,0x00210530->0x0058b570,ptr_int
0x0058b0b0,0x0058b0b0,,a2,int,ptr,CALL_PROPAGATED,CALL_PROPAGATED,0x00210530->0x0058b0b0,ptr_int
0x00585b40,0x00585b40,,a2,int,ptr,CALL_PROPAGATED,CALL_PROPAGATED,0x00210530->0x00585b40,ptr_int
0x001ff950,0x001ff950,stub_code,a2,Unknown_a2_4_8,int,DIRECT,CALL_PROPAGATED,0x002107a0->0x001ff950,hard
0x0058c090,0x0058c090,stub_code,a2,Unknown_a2_0_4_8,int,DIRECT,CALL_PROPAGATED,0x00210910->0x0058c090,hard
0x0058c090,0x0058c090,stub_code,a3,Unknown_a3_0_4_8,int,DIRECT,CALL_PROPAGATED,0x00210910->0x0058c090,hard
0x00160b90,0x00160b90,stub_code,a2,int,ptr,DIRECT,RETURN_PROPAGATED,0x0011b240->0x00160b90,ptr_int
0x00210a50,0x00210a50,stub_code,a0,int,ptr,DIRECT,CALL_PROPAGATED,0x00210ab0->0x00210a50,ptr_int
0x001eb260,0x001eb260,stub_code,a0,int,ptr,DIRECT,CALL_PROPAGATED,0x00210b70->0x001eb260,ptr_int
0x001fb010,0x001fb010,,a2,ptr,int,CALL_PROPAGATED,CALL_PROPAGATED,0x00211560->0x001fb010,ptr_int
0x001fb010,0x001fb010,,a3,ptr,int,CALL_PROPAGATED,CALL_PROPAGATED,0x00211560->0x001fb010,ptr_int
0x0013f040,0x0013f040,,a0,int,Unknown_a0_1c,HEURISTIC,CALL_PROPAGATED,0x002117d0->0x0013f040,hard
0x0013f040,0x0013f040,,a1,int,Unknown_a0_1c,CALL_PROPAGATED,CALL_PROPAGATED,0x002117d0->0x0013f040,hard
0x001e9e30,0x001e9e30,stub_code,a0,Unknown_a0_20_30_34_38,Unknown_a1_0,DIRECT,CALL_PROPAGATED,0x00212b20->0x001e9e30,hard
0x001e9e30,0x001e9e30,stub_code,a1,Unknown_a1_0_4,Unknown_a1_0,DIRECT,CALL_PROPAGATED,0x00212b20->0x001e9e30,hard
0x001e9e30,0x001e9e30,stub_code,a2,int,ptr,DIRECT,CALL_PROPAGATED,0x00212b20->0x001e9e30,ptr_int
0x00213470,0x00213470,stub_code,a0,Unknown_a0_0_4_8_c_10,int,DIRECT,CALL_PROPAGATED,0x00213420->0x00213470,hard
0x002ce8f0,0x002ce8f0,,a0,ptr,int,HEURISTIC,CALL_PROPAGATED,0x00214210->0x002ce8f0,ptr_int
0x002ce8e0,0x002ce8e0,,a1,ptr,int,HEURISTIC,CALL_PROPAGATED,0x00214210->0x002ce8e0,ptr_int
0x002139c0,0x002139c0,,a0,int,ptr,HEURISTIC,CALL_PROPAGATED,0x00214240->0x002139c0,ptr_int
0x002138d0,0x002138d0,,a0,int,ptr,HEURISTIC,CALL_PROPAGATED,0x00214240->0x002138d0,ptr_int
0x00214520,0x00214520,stub_code,a0,int,ptr,DIRECT,CALL_PROPAGATED,0x00214290->0x00214520,ptr_int
0x002144a0,0x002144a0,stub_code,a0,int,ptr,DIRECT,CALL_PROPAGATED,0x00214290->0x002144a0,ptr_int
0x00214420,0x00214420,stub_code,a0,int,ptr,DIRECT,CALL_PROPAGATED,0x00214290->0x00214420,ptr_int
0x00213c50,0x00213c50,stub_code,a0,int,ptr,DIRECT,CALL_PROPAGATED,0x00214290->0x00213c50,ptr_int
0x00213fa0,0x00213fa0,stub_code,a0,int,ptr,DIRECT,CALL_PROPAGATED,0x00214290->0x00213fa0,ptr_int
0x0021db90,0x0021db90,stub_code,a0,int,ptr,DIRECT,CALL_PROPAGATED,0x002145a0->0x0021db90,ptr_int
0x00231710,0x00231710,,a1,int,ptr,CALL_PROPAGATED,CALL_PROPAGATED,0x002145a0->0x00231710,ptr_int
0x00231710,0x00231710,,a2,int,ptr,CALL_PROPAGATED,CALL_PROPAGATED,0x002145a0->0x00231710,ptr_int
0x001bb870,0x001bb870,,a1,int,ptr,HEURISTIC,CALL_PROPAGATED,0x002145a0->0x001bb870,ptr_int
0x001bb870,0x001bb870,,a2,int,ptr,CALL_PROPAGATED,CALL_PROPAGATED,0x002145a0->0x001bb870,ptr_int
0x002316d0,0x002316d0,,a1,int,ptr,CALL_PROPAGATED,CALL_PROPAGATED,0x002145a0->0x002316d0,ptr_int
0x002316d0,0x002316d0,,a2,int,ptr,CALL_PROPAGATED,CALL_PROPAGATED,0x002145a0->0x002316d0,ptr_int
0x001bb860,0x001bb860,,a1,int,ptr,HEURISTIC,CALL_PROPAGATED,0x002145a0->0x001bb860,ptr_int
0x001bb860,0x001bb860,,a2,int,ptr,CALL_PROPAGATED,CALL_PROPAGATED,0x002145a0->0x001bb860,ptr_int
0x0021bd00,0x0021bd00,stub_code,a1,int,ptr,DIRECT,CALL_PROPAGATED,0x002145a0->0x0021bd00,ptr_int
0x0021bd00,0x0021bd00,stub_code,a2,int,ptr,DIRECT,CALL_PROPAGATED,0x002145a0->0x0021bd00,ptr_int
0x001f9220,0x001f9220,,a2,int,ptr,CALL_PROPAGATED,CALL_PROPAGATED,0x002145a0->0x001f9220,ptr_int
0x00297080,0x00297080,stub_code,a1,int,ptr,DIRECT,RETURN_PROPAGATED,0x00128060->0x00297080,ptr_int
0x00297080,0x00297080,stub_code,a2,int,ptr,DIRECT,RETURN_PROPAGATED,0x00128060->0x00297080,ptr_int
0x00231e20,0x00231e20,stub_code,a0,int,ptr,DIRECT,RETURN_PROPAGATED,0x001bb870->0x00231e20,ptr_int
0x00231e20,0x00231e20,stub_code,a1,int,ptr,DIRECT,RETURN_PROPAGATED,0x00128060->0x00231e20,ptr_int
0x00231e20,0x00231e20,stub_code,a2,int,ptr,DIRECT,RETURN_PROPAGATED,0x00128060->0x00231e20,ptr_int
0x00215310,0x00215310,stub_code,a1,int,ptr,DIRECT,RETURN_PROPAGATED,0x00128060->0x00215310,ptr_int
0x00215310,0x00215310,stub_code,a2,int,ptr,DIRECT,RETURN_PROPAGATED,0x00128060->0x00215310,ptr_int
0x0020abe0,0x0020abe0,,a3,ptr,int,RETURN_PROPAGATED,CALL_PROPAGATED,0x002145a0->0x0020abe0,ptr_int
0x0020abd0,0x0020abd0,,a3,ptr,int,RETURN_PROPAGATED,CALL_PROPAGATED,0x002145a0->0x0020abd0,ptr_int
0x0020abc0,0x0020abc0,,a3,ptr,int,RETURN_PROPAGATED,CALL_PROPAGATED,0x002145a0->0x0020abc0,ptr_int
0x0020ab80,0x0020ab80,,a3,ptr,int,RETURN_PROPAGATED,CALL_PROPAGATED,0x002145a0->0x0020ab80,ptr_int
0x002151c0,0x002151c0,stub_code,a2,int,ptr,DIRECT,RETURN_PROPAGATED,0x00128060->0x002151c0,ptr_int
0x00223eb0,0x00223eb0,stub_code,a1,int,ptr,DIRECT,RETURN_PROPAGATED,0x00128060->0x00223eb0,ptr_int
0x00223eb0,0x00223eb0,stub_code,a2,int,ptr,DIRECT,RETURN_PROPAGATED,0x00128060->0x00223eb0,ptr_int
0x0021e6d0,0x0021e6d0,stub_code,a0,int,ptr,DIRECT,CALL_PROPAGATED,0x002145a0->0x0021e6d0,ptr_int
0x0021e6d0,0x0021e6d0,stub_code,a1,int,ptr,DIRECT,RETURN_PROPAGATED,0x00128060->0x0021e6d0,ptr_int
0x0021e6d0,0x0021e6d0,stub_code,a2,int,ptr,DIRECT,RETURN_PROPAGATED,0x00128060->0x0021e6d0,ptr_int
0x0021dfe0,0x0021dfe0,stub_code,a1,int,ptr,DIRECT,CALL_PROPAGATED,0x002145a0->0x0021dfe0,ptr_int
0x00213830,0x00213830,stub_code,a2,int,ptr,CALL_PROPAGATED,CALL_PROPAGATED,0x002145a0->0x00213830,ptr_int
0x0021a8b0,0x0021a8b0,stub_code,a1,int,ptr,DIRECT,RETURN_PROPAGATED,0x005c1080->0x0021a8b0,ptr_int
0x0021a8b0,0x0021a8b0,stub_code,a3,int,ptr,DIRECT,CALL_PROPAGATED,0x002145a0->0x0021a8b0,ptr_int
0x0021dfd0,0x0021dfd0,,a3,int,ptr,CALL_PROPAGATED,CALL_PROPAGATED,0x002145a0->0x0021dfd0,ptr_int
0x00231710,0x00231710,,a3,int,ptr,CALL_PROPAGATED,CALL_PROPAGATED,0x002145a0->0x00231710,ptr_int
0x001bb870,0x001bb870,,a3,int,ptr,CALL_PROPAGATED,CALL_PROPAGATED,0x002145a0->0x001bb870,ptr_int
0x0021db80,0x0021db80,,a3,int,ptr,CALL_PROPAGATED,CALL_PROPAGATED,0x002145a0->0x0021db80,ptr_int
0x00215e50,0x00215e50,stub_code,a1,int,ptr,DIRECT,RETURN_PROPAGATED,0x005c1080->0x00215e50,ptr_int
0x002316d0,0x002316d0,,a3,int,ptr,CALL_PROPAGATED,CALL_PROPAGATED,0x002145a0->0x002316d0,ptr_int
0x0058a7a0,0x0058a7a0,,a1,int,Unknown_a1_0_4_8,CALL_PROPAGATED,CALL_PROPAGATED,0x00215230->0x0058a7a0,hard
0x0058b090,0x0058b090,,a1,Unknown_a0_20_30_34_38,Unknown_a1_0_4_8,CALL_PROPAGATED,CALL_PROPAGATED,0x00215230->0x0058b090,hard
0x0020abe0,0x0020abe0,,a2,ptr,int,RETURN_PROPAGATED,CALL_PROPAGATED,0x00215310->0x0020abe0,ptr_int
0x0020abd0,0x0020abd0,,a2,ptr,int,RETURN_PROPAGATED,CALL_PROPAGATED,0x00215310->0x0020abd0,ptr_int
0x0020abc0,0x0020abc0,,a2,ptr,int,RETURN_PROPAGATED,CALL_PROPAGATED,0x00215310->0x0020abc0,ptr_int
0x0020ab80,0x0020ab80,,a2,ptr,int,RETURN_PROPAGATED,CALL_PROPAGATED,0x00215310->0x0020ab80,ptr_int
0x002158c0,0x002158c0,stub_code,a2,Unknown_a2_0_4,int,DIRECT,CALL_PROPAGATED,0x00215310->0x002158c0,hard
0x00215780,0x00215780,,a1,int,ptr,HEURISTIC,RETURN_PROPAGATED,0x00215720->0x00215780,ptr_int
0x00215770,0x00215770,,a1,int,ptr,HEURISTIC,RETURN_PROPAGATED,0x00215720->0x00215770,ptr_int
0x0021dfd0,0x0021dfd0,,a2,ptr,int,CALL_PROPAGATED,CALL_PROPAGATED,0x00215310->0x0021dfd0,ptr_int
0x00117720,0x00117720,stub_code,a1,int,ptr,DIRECT,RETURN_PROPAGATED,0x002156d0->0x00117720,ptr_int
0x001177a0,0x001177a0,stub_code,a1,int,ptr,DIRECT,RETURN_PROPAGATED,0x002156b0->0x001177a0,ptr_int
0x004c6b40,0x004c6b40,stub_code,a1,int,Unknown_a1_0,DIRECT,CALL_PROPAGATED,0x002156e0->0x004c6b40,hard
0x004c6180,0x004c6180,stub_code,a1,int,Unknown_a1_0,DIRECT,CALL_PROPAGATED,0x00215730->0x004c6180,hard
0x00511940,0x00511940,stub_code,a2,int,Unknown_a2_0_4,DIRECT,CALL_PROPAGATED,0x002158c0->0x00511940,hard
0x005f00b0,0x005f00b0,stub_code,a0,int,ptr,DIRECT,CALL_PROPAGATED,0x002158c0->0x005f00b0,ptr_int
0x005f00b0,0x005f00b0,stub_code,a2,int,Unknown_a2_0_4,DIRECT,CALL_PROPAGATED,0x002158c0->0x005f00b0,hard
0x005fce00,0x005fce00,,a2,int,Unknown_a2_0_4,CALL_PROPAGATED,CALL_PROPAGATED,0x002158c0->0x005fce00,hard
0x004bdd80,0x004bdd80,stub_code,a2,int,Unknown_a2_0_4,DIRECT,CALL_PROPAGATED,0x002158c0->0x004bdd80,hard
0x004bc880,0x004bc880,stub_code,a2,int,Unknown_a2_0_4,DIRECT,CALL_PROPAGATED,0x002158c0->0x004bc880,hard
0x005a48b0,0x005a48b0,stub_code,a1,int,ptr,DIRECT,RETURN_PROPAGATED,0x004bc880->0x005a48b0,ptr_int
0x005a48b0,0x005a48b0,stub_code,a2,int,Unknown_a2_0_4,DIRECT,CALL_PROPAGATED,0x002158c0->0x005a48b0,hard
0x00513f30,FUN_00513f30,pseudo_stub,a2,int,Unknown_a2_0_4,DIRECT,CALL_PROPAGATED,0x002158c0->0x00513f30,hard
0x005c0d40,0x005c0d40,stub_code,a2,Unknown_a0_60,Unknown_a2_0_4,CALL_PROPAGATED,CALL_PROPAGATED,0x002158c0->0x005c0d40,hard
0x002a9220,0x002a9220,stub_code,a3,int,ptr,DIRECT,RETURN_PROPAGATED,0x0042f568->0x002a9220,ptr_int
0x005fce30,0x005fce30,,a3,int,ptr,HEURISTIC,RETURN_PROPAGATED,0x0042f568->0x005fce30,ptr_int
0x0042f568,0x0042f568,,a3,int,ptr,CALL_PROPAGATED,RETURN_PROPAGATED,0x0042f568->0x0042f568,ptr_int
0x0020abc0,0x0020abc0,,a0,Unknown_a0_0_1c,Unknown_a0_8,CALL_PROPAGATED,CALL_PROPAGATED,0x00216050->0x0020abc0,hard
0x0020abc0,0x0020abc0,,a1,ptr,int,HEURISTIC,CALL_PROPAGATED,0x00216050->0x0020abc0,ptr_int
0x0021b3b0,0x0021b3b0,,a2,ptr,int,CALL_PROPAGATED,CALL_PROPAGATED,0x00216050->0x0021b3b0,ptr_int
0x00216740,0x00216740,stub_code,a0,int,Unknown_a0_8,DIRECT,CALL_PROPAGATED,0x002162f0->0x00216740,hard
0x00216740,0x00216740,stub_code,a2,ptr,int,STRUCT_FIELD,CALL_PROPAGATED,0x002162f0->0x00216740,ptr_int
0x0020aba0,0x0020aba0,,a2,ptr,int,RETURN_PROPAGATED,CALL_PROPAGATED,0x002162f0->0x0020aba0,ptr_int
0x0020aba0,0x0020aba0,,a3,ptr,int,RETURN_PROPAGATED,CALL_PROPAGATED,0x002162f0->0x0020aba0,ptr_int
0x00513fe0,0x00513fe0,,a0,Unknown_a0_1c,Unknown_a0_20_2c,CALL_PROPAGATED,CALL_PROPAGATED,0x002165f0->0x00513fe0,hard
0x00513f30,FUN_00513f30,pseudo_stub,a0,Unknown_a0_0_8_c_10,Unknown_a0_20_2c,DIRECT,CALL_PROPAGATED,0x002165f0->0x00513f30,hard
0x005c0d40,0x005c0d40,stub_code,a2,Unknown_a2_0_4,int,CALL_PROPAGATED,CALL_PROPAGATED,0x002165f0->0x005c0d40,hard
0x002e9e90,0x002e9e90,stub_code,a1,Unknown_a1_0_4,Unknown_a1_0_4_8_c,DIRECT,CALL_PROPAGATED,0x00216740->0x002e9e90,hard
0x002e9e90,0x002e9e90,stub_code,a2,int,ptr,DIRECT,CALL_PROPAGATED,0x00216740->0x002e9e90,ptr_int
0x002156b0,0x002156b0,,a2,int,ptr,CALL_PROPAGATED,CALL_PROPAGATED,0x00216740->0x002156b0,ptr_int
0x005c0ee0,0x005c0ee0,stub_code,a2,int,ptr,DIRECT,CALL_PROPAGATED,0x00216740->0x005c0ee0,ptr_int
0x001180f0,0x001180f0,stub_code,a2,int,ptr,DIRECT,CALL_PROPAGATED,0x00216740->0x001180f0,ptr_int
0x00216ce0,0x00216ce0,stub_code,a0,Unknown_a0_8,int,DIRECT,CALL_PROPAGATED,0x00216b60->0x00216ce0,hard
0x00218bf0,0x00218bf0,stub_code,a1,int,ptr,DIRECT,RETURN_PROPAGATED,0x001124f0->0x00218bf0,ptr_int
0x002188d0,0x002188d0,stub_code,a3,int,ptr,DIRECT,RETURN_PROPAGATED,0x001124f0->0x002188d0,ptr_int
0x002169d0,0x002169d0,,a3,int,ptr,CALL_PROPAGATED,RETURN_PROPAGATED,0x001124f0->0x002169d0,ptr_int
0x002e9ed0,0x002e9ed0,stub_code,a3,int,ptr,DIRECT,RETURN_PROPAGATED,0x001124f0->0x002e9ed0,ptr_int
0x002165f0,0x002165f0,stub_code,a3,int,ptr,DIRECT,RETURN_PROPAGATED,0x001124f0->0x002165f0,ptr_int
0x0011b5d0,0x0011b5d0,,a3,int,ptr,CALL_PROPAGATED,RETURN_PROPAGATED,0x001124f0->0x0011b5d0,ptr_int
0x00216730,0x00216730,,a1,int,ptr,HEURISTIC,RETURN_PROPAGATED,0x0011b5d0->0x00216730,ptr_int
0x005c1080,0x005c1080,stub_code,a1,int,ptr,DIRECT,RETURN_PROPAGATED,0x005c1080->0x005c1080,ptr_int
0x005fa760,0x005fa760,stub_code,a1,int,ptr,DIRECT,CALL_PROPAGATED,0x002188d0->0x005fa760,ptr_int
0x002e80f0,0x002e80f0,stub_code,a0,int,ptr,DIRECT,CALL_PROPAGATED,0x00218bf0->0x002e80f0,ptr_int
0x002169e0,0x002169e0,,a2,ptr,int,CALL_PROPAGATED,CALL_PROPAGATED,0x00218bf0->0x002169e0,ptr_int
0x002169d0,0x002169d0,,a2,ptr,int,CALL_PROPAGATED,CALL_PROPAGATED,0x00218bf0->0x002169d0,ptr_int
0x002169c0,0x002169c0,,a2,ptr,int,CALL_PROPAGATED,CALL_PROPAGATED,0x00218bf0->0x002169c0,ptr_int
0x002169b0,0x002169b0,,a2,ptr,int,CALL_PROPAGATED,CALL_PROPAGATED,0x00218bf0->0x002169b0,ptr_int
0x00216980,0x00216980,,a2,ptr,int,CALL_PROPAGATED,CALL_PROPAGATED,0x00218bf0->0x00216980,ptr_int
0x00216990,0x00216990,,a2,ptr,int,CALL_PROPAGATED,CALL_PROPAGATED,0x00218bf0->0x00216990,ptr_int
0x00216960,0x00216960,,a2,ptr,int,CALL_PROPAGATED,CALL_PROPAGATED,0x00218bf0->0x00216960,ptr_int
0x00216950,0x00216950,,a2,ptr,int,CALL_PROPAGATED,CALL_PROPAGATED,0x00218bf0->0x00216950,ptr_int
0x00171c30,0x00171c30,,a2,Unknown_a0_60,int,CALL_PROPAGATED,CALL_PROPAGATED,0x00218fa0->0x00171c30,hard
0x00171bc0,0x00171bc0,stub_code,a1,int,Unknown_a1_0_4_8,DIRECT,CALL_PROPAGATED,0x00219470->0x00171bc0,hard
0x00216ce0,0x00216ce0,stub_code,a1,int,ptr,CALL_PROPAGATED,CALL_PROPAGATED,0x002194e0->0x00216ce0,ptr_int
0x0058b760,0x0058b760,stub_code,a1,int,ptr,DIRECT,CALL_PROPAGATED,0x002194e0->0x0058b760,ptr_int
0x002161c0,0x002161c0,stub_code,a0,Unknown_a0_8,int,DIRECT,CALL_PROPAGATED,0x00219680->0x002161c0,hard
0x002199c0,0x002199c0,stub_code,a2,int,ptr,DIRECT,RETURN_PROPAGATED,0x00128060->0x002199c0,ptr_int
0x00128060,0x00128060,,a2,int,ptr,CALL_PROPAGATED,RETURN_PROPAGATED,0x00128060->0x00128060,ptr_int
0x002a9190,0x002a9190,,a3,int,ptr,CALL_PROPAGATED,RETURN_PROPAGATED,0x0023c590->0x002a9190,ptr_int
0x00215e40,0x00215e40,,a3,int,ptr,CALL_PROPAGATED,RETURN_PROPAGATED,0x0023c590->0x00215e40,ptr_int
0x00215e30,0x00215e30,,a3,int,ptr,CALL_PROPAGATED,RETURN_PROPAGATED,0x0023c590->0x00215e30,ptr_int
0x00215e00,0x00215e00,,a3,ptr,int,RETURN_PROPAGATED,CALL_PROPAGATED,0x0021a4d0->0x00215e00,ptr_int
0x00216950,0x00216950,,a1,ptr,int,RETURN_PROPAGATED,CALL_PROPAGATED,0x0021a4d0->0x00216950,ptr_int
0x0058b090,0x0058b090,,a1,Unknown_a0_20_30_34_38,int,CALL_PROPAGATED,CALL_PROPAGATED,0x0021a4d0->0x0058b090,hard
0x0021abb0,0x0021abb0,stub_code,a1,int,ptr,DIRECT,RETURN_PROPAGATED,0x0021ad90->0x0021abb0,ptr_int
0x0058b090,0x0058b090,,a0,Unknown_a0_f38,Unknown_a0_30,CALL_PROPAGATED,CALL_PROPAGATED,0x0021abb0->0x0058b090,hard
0x0021b2b0,0x0021b2b0,,a1,ptr,int,HEURISTIC,CALL_PROPAGATED,0x0021ae00->0x0021b2b0,ptr_int
0x001168c0,0x001168c0,,a1,ptr,int,HEURISTIC,CALL_PROPAGATED,0x0021ae00->0x001168c0,ptr_int
0x002151a0,0x002151a0,,a2,ptr,int,RETURN_PROPAGATED,CALL_PROPAGATED,0x0021ae00->0x002151a0,ptr_int
0x005a48b0,0x005a48b0,stub_code,a0,int,Unknown_a0_0_4,DIRECT,CALL_PROPAGATED,0x0021b040->0x005a48b0,hard
0x00590fd0,0x00590fd0,stub_code,a0,int,Unknown_a0_0_4,DIRECT,CALL_PROPAGATED,0x0021b0c0->0x00590fd0,hard
0x002e80f0,0x002e80f0,stub_code,a0,int,Unknown_a0_0_4,DIRECT,CALL_PROPAGATED,0x0021b140->0x002e80f0,hard
0x0059e330,0x0059e330,stub_code,a0,int,Unknown_a0_0_4,DIRECT,CALL_PROPAGATED,0x0021b220->0x0059e330,hard
0x0021b2a0,0x0021b2a0,,a1,ptr,int,HEURISTIC,CALL_PROPAGATED,0x0021bd00->0x0021b2a0,ptr_int
0x0021b290,0x0021b290,,a1,ptr,int,HEURISTIC,CALL_PROPAGATED,0x0021bd00->0x0021b290,ptr_int
0x0021def0,0x0021def0,,a2,ptr,int,RETURN_PROPAGATED,CALL_PROPAGATED,0x0021bd00->0x0021def0,ptr_int
0x002158a0,0x002158a0,,a1,int,ptr,HEURISTIC,RETURN_PROPAGATED,0x0021d230->0x002158a0,ptr_int
0x00215890,0x00215890,,a1,int,ptr,HEURISTIC,RETURN_PROPAGATED,0x0021d230->0x00215890,ptr_int
0x0021cf20,0x0021cf20,stub_code,a1,int,ptr,DIRECT,RETURN_PROPAGATED,0x0021d230->0x0021cf20,ptr_int
0x0021aba0,0x0021aba0,,a2,ptr,int,HEURISTIC,CALL_PROPAGATED,0x0021bd00->0x0021aba0,ptr_int
0x0021c910,0x0021c910,stub_code,a1,int,ptr,DIRECT,RETURN_PROPAGATED,0x0021d230->0x0021c910,ptr_int
0x00215790,0x00215790,stub_code,a1,int,ptr,DIRECT,RETURN_PROPAGATED,0x0021c910->0x00215790,ptr_int
0x0021ac10,0x0021ac10,stub_code,a2,int,ptr,DIRECT,RETURN_PROPAGATED,0x00216740->0x0021ac10,ptr_int
0x0021ad90,0x0021ad90,,a2,int,ptr,HEURISTIC,RETURN_PROPAGATED,0x00216740->0x0021ad90,ptr_int
0x0021c2a0,0x0021c2a0,stub_code,a2,int,ptr,DIRECT,RETURN_PROPAGATED,0x0021ad90->0x0021c2a0,ptr_int
0x00216730,0x00216730,,a1,Unknown_a0_68,int,CALL_PROPAGATED,CALL_PROPAGATED,0x0021c690->0x00216730,hard
0x0020aba0,0x0020aba0,,a0,ptr,int,HEURISTIC,CALL_PROPAGATED,0x0021c690->0x0020aba0,ptr_int
0x002165f0,0x002165f0,stub_code,a0,Unknown_a0_20_2c,int,DIRECT,CALL_PROPAGATED,0x0021c690->0x002165f0,hard
0x0021d540,0x0021d540,,a1,ptr,int,HEURISTIC,CALL_PROPAGATED,0x0021c910->0x0021d540,ptr_int
0x0021b040,0x0021b040,stub_code,a1,int,ptr,DIRECT,RETURN_PROPAGATED,0x0021cda0->0x0021b040,ptr_int
0x002a9190,0x002a9190,,a0,ptr,int,HEURISTIC,CALL_PROPAGATED,0x0021cb60->0x002a9190,ptr_int
0x002a9190,0x002a9190,,a1,ptr,int,HEURISTIC,CALL_PROPAGATED,0x0021cb60->0x002a9190,ptr_int
0x002a9190,0x002a9190,,a2,Unknown_a2_0_4,int,CALL_PROPAGATED,CALL_PROPAGATED,0x0021cb60->0x002a9190,hard
0x0042f568,0x0042f568,,a2,Unknown_a2_0_4,int,CALL_PROPAGATED,CALL_PROPAGATED,0x0021cb60->0x0042f568,hard
0x004bc880,0x004bc880,stub_code,a1,int,Unknown_a1_0,DIRECT,CALL_PROPAGATED,0x0021cdb0->0x004bc880,hard
0x004bdd80,0x004bdd80,stub_code,a0,int,Unknown_a0_0_4,DIRECT,CALL_PROPAGATED,0x0021cdf0->0x004bdd80,hard
0x005f00b0,0x005f00b0,stub_code,a0,int,Unknown_a0_0_4,DIRECT,CALL_PROPAGATED,0x0021ce70->0x005f00b0,hard
0x0021b2b0,0x0021b2b0,,a1,int,Unknown_a0_0_1c,CALL_PROPAGATED,CALL_PROPAGATED,0x0021dfe0->0x0021b2b0,hard
0x001168c0,0x001168c0,,a1,int,Unknown_a0_0_1c,CALL_PROPAGATED,CALL_PROPAGATED,0x0021dfe0->0x001168c0,hard
0x0021b2a0,0x0021b2a0,,a1,int,Unknown_a0_0_1c,CALL_PROPAGATED,CALL_PROPAGATED,0x0021dfe0->0x0021b2a0,hard
0x00215780,0x00215780,,a1,int,Unknown_a0_0_1c,CALL_PROPAGATED,CALL_PROPAGATED,0x0021dfe0->0x00215780,hard
0x00215770,0x00215770,,a1,int,Unknown_a0_0_1c,CALL_PROPAGATED,CALL_PROPAGATED,0x0021dfe0->0x00215770,hard
0x0021b290,0x0021b290,,a1,int,Unknown_a0_0_1c,CALL_PROPAGATED,CALL_PROPAGATED,0x0021dfe0->0x0021b290,hard
0x0021b220,0x0021b220,stub_code,a1,int,Unknown_a0_0_1c,DIRECT,CALL_PROPAGATED,0x0021dfe0->0x0021b220,hard
0x00215760,0x00215760,,a1,int,ptr,HEURISTIC,RETURN_PROPAGATED,0x0021cda0->0x00215760,ptr_int
0x00223dd0,0x00223dd0,stub_code,a1,int,ptr,DIRECT,RETURN_PROPAGATED,0x0021cda0->0x00223dd0,ptr_int
0x00220bb0,0x00220bb0,stub_code,a0,int,ptr,DIRECT,RETURN_PROPAGATED,0x005c0d40->0x00220bb0,ptr_int
0x00150d60,0x00150d60,stub_code,a3,int,ptr,DIRECT,RETURN_PROPAGATED,0x005c0d40->0x00150d60,ptr_int
0x002205a0,0x002205a0,stub_code,a1,int,ptr,DIRECT,RETURN_PROPAGATED,0x005c0d40->0x002205a0,ptr_int
0x002205a0,0x002205a0,stub_code,a3,int,ptr,DIRECT,RETURN_PROPAGATED,0x005c0d40->0x002205a0,ptr_int
0x0021ef70,0x0021ef70,stub_code,a1,int,ptr,DIRECT,RETURN_PROPAGATED,0x005c0d40->0x0021ef70,ptr_int
0x00223780,0x00223780,stub_code,a0,int,ptr,DIRECT,RETURN_PROPAGATED,0x005c0d40->0x00223780,ptr_int
0x001124f0,0x001124f0,stub_code,a0,int,ptr,DIRECT,RETURN_PROPAGATED,0x005c0d40->0x001124f0,ptr_int
0x002203d0,0x002203d0,stub_code,a1,int,ptr,DIRECT,RETURN_PROPAGATED,0x001124f0->0x002203d0,ptr_int
0x0021b2b0,0x0021b2b0,,a0,Unknown_a0_0_1c,int,CALL_PROPAGATED,CALL_PROPAGATED,0x002205a0->0x0021b2b0,hard
0x0021b130,0x0021b130,,a1,ptr,int,HEURISTIC,CALL_PROPAGATED,0x002205a0->0x0021b130,ptr_int
0x0058b090,0x0058b090,,a0,Unknown_a0_f38,Unknown_a0_34,CALL_PROPAGATED,CALL_PROPAGATED,0x00220b00->0x0058b090,hard
0x002158c0,0x002158c0,stub_code,a0,ptr,int,STRUCT_FIELD,CALL_PROPAGATED,0x00220bb0->0x002158c0,ptr_int
0x00218bf0,0x00218bf0,stub_code,a0,ptr,int,STRUCT_FIELD,RETURN_PROPAGATED,0x00150ea0->0x00218bf0,ptr_int
0x00222410,0x00222410,stub_code,a0,int,ptr,DIRECT,RETURN_PROPAGATED,0x005c0d40->0x00222410,ptr_int
0x00216730,0x00216730,,a0,int,ptr,HEURISTIC,RETURN_PROPAGATED,0x001124f0->0x00216730,ptr_int
0x00216720,0x00216720,,a0,int,ptr,HEURISTIC,RETURN_PROPAGATED,0x001124f0->0x00216720,ptr_int
0x00215230,0x00215230,stub_code,a0,ptr,int,STRUCT_FIELD,CALL_PROPAGATED,0x00221e40->0x00215230,ptr_int
0x00215230,0x00215230,stub_code,a1,Unknown_a1_0_4_8,int,DIRECT,CALL_PROPAGATED,0x00221e40->0x00215230,hard
0x0021b3b0,0x0021b3b0,,a1,ptr,int,CALL_PROPAGATED,CALL_PROPAGATED,0x00221e40->0x0021b3b0,ptr_int
0x001f9220,0x001f9220,,a1,ptr,int,HEURISTIC,CALL_PROPAGATED,0x00221e40->0x001f9220,ptr_int
0x002223f0,0x002223f0,,a1,int,ptr,CALL_PROPAGATED,RETURN_PROPAGATED,0x002223f0->0x002223f0,ptr_int
0x002223e0,0x002223e0,,a1,int,ptr,CALL_PROPAGATED,RETURN_PROPAGATED,0x002223f0->0x002223e0,ptr_int
0x0058b090,0x0058b090,,a0,Unknown_a0_f38,Unknown_a0_48,CALL_PROPAGATED,CALL_PROPAGATED,0x00222390->0x0058b090,hard
0x004c4940,0x004c4940,stub_code,a1,int,Unknown_a1_0,DIRECT,CALL_PROPAGATED,0x00223d90->0x004c4940,hard
0x004c6180,0x004c6180,stub_code,a0,int,Unknown_a0_0_4,DIRECT,CALL_PROPAGATED,0x00223dd0->0x004c6180,hard
0x004bc880,0x004bc880,stub_code,a0,int,Unknown_a0_0_4,DIRECT,CALL_PROPAGATED,0x00223e40->0x004bc880,hard
0x002316c0,0x002316c0,,a1,ptr,int,HEURISTIC,CALL_PROPAGATED,0x00223eb0->0x002316c0,ptr_int
0x0021ac00,0x0021ac00,,a2,int,ptr,HEURISTIC,RETURN_PROPAGATED,0x00216740->0x0021ac00,ptr_int
0x0022d1a0,FUN_0022d1a0,real_c,a2,int,ptr,DIRECT,RETURN_PROPAGATED,0x00216740->0x0022d1a0,ptr_int
0x00227eb0,0x00227eb0,stub_code,a0,int,ptr,DIRECT,RETURN_PROPAGATED,0x001bb870->0x00227eb0,ptr_int
0x00225680,0x00225680,stub_code,a0,int,ptr,DIRECT,RETURN_PROPAGATED,0x001bb870->0x00225680,ptr_int
0x0022b800,0x0022b800,stub_code,a2,int,ptr,DIRECT,RETURN_PROPAGATED,0x00128060->0x0022b800,ptr_int
0x0022b1c0,0x0022b1c0,stub_code,a2,int,ptr,DIRECT,RETURN_PROPAGATED,0x00128060->0x0022b1c0,ptr_int
0x0022cff0,0x0022cff0,stub_code,a2,int,ptr,DIRECT,RETURN_PROPAGATED,0x00128060->0x0022cff0,ptr_int
0x0021d230,0x0021d230,stub_code,a2,int,ptr,DIRECT,RETURN_PROPAGATED,0x00128060->0x0021d230,ptr_int
0x002158a0,0x002158a0,,a2,int,ptr,CALL_PROPAGATED,RETURN_PROPAGATED,0x00128060->0x002158a0,ptr_int
0x00215890,0x00215890,,a2,int,ptr,CALL_PROPAGATED,RETURN_PROPAGATED,0x00128060->0x00215890,ptr_int
0x0021cf20,0x0021cf20,stub_code,a2,int,ptr,CALL_PROPAGATED,RETURN_PROPAGATED,0x00128060->0x0021cf20,ptr_int
0x0022c9a0,0x0022c9a0,stub_code,a2,int,ptr,DIRECT,RETURN_PROPAGATED,0x00128060->0x0022c9a0,ptr_int
0x0022c1d0,0x0022c1d0,stub_code,a2,int,ptr,DIRECT,RETURN_PROPAGATED,0x0020ab80->0x0022c1d0,ptr_int
0x0022b8c0,0x0022b8c0,stub_code,a2,int,ptr,DIRECT,RETURN_PROPAGATED,0x0020ab80->0x0022b8c0,ptr_int
0x002291a0,0x002291a0,stub_code,a2,int,ptr,DIRECT,RETURN_PROPAGATED,0x00128060->0x002291a0,ptr_int
0x00229050,0x00229050,stub_code,a2,int,ptr,DIRECT,RETURN_PROPAGATED,0x00128060->0x00229050,ptr_int
0x00228ee0,0x00228ee0,stub_code,a2,int,ptr,DIRECT,RETURN_PROPAGATED,0x00128060->0x00228ee0,ptr_int
0x0022a4e0,0x0022a4e0,stub_code,a2,int,ptr,DIRECT,RETURN_PROPAGATED,0x0020ab80->0x0022a4e0,ptr_int
0x00229cf0,0x00229cf0,stub_code,a1,int,ptr,DIRECT,RETURN_PROPAGATED,0x005c0d40->0x00229cf0,ptr_int
0x002283c0,0x002283c0,stub_code,a2,int,ptr,DIRECT,RETURN_PROPAGATED,0x00128060->0x002283c0,ptr_int
0x0011b5d0,0x0011b5d0,,a2,int,ptr,CALL_PROPAGATED,RETURN_PROPAGATED,0x002cea90->0x0011b5d0,ptr_int
0x002cea80,0x002cea80,,a3,int,ptr,CALL_PROPAGATED,RETURN_PROPAGATED,0x0023c590->0x002cea80,ptr_int
0x002cea90,0x002cea90,,a3,int,ptr,CALL_PROPAGATED,RETURN_PROPAGATED,0x0023c590->0x002cea90,ptr_int
0x00231e20,0x00231e20,stub_code,a3,int,ptr,DIRECT,RETURN_PROPAGATED,0x0023c590->0x00231e20,ptr_int
0x00227190,0x00227190,stub_code,a0,int,ptr,DIRECT,RETURN_PROPAGATED,0x00231e20->0x00227190,ptr_int
0x00227190,0x00227190,stub_code,a3,int,ptr,DIRECT,RETURN_PROPAGATED,0x0023c590->0x00227190,ptr_int
0x0023c590,0x0023c590,stub_code,a3,int,Unknown_a0_68,DIRECT,CALL_PROPAGATED,0x00227950->0x0023c590,hard
0x0023c590,0x0023c590,stub_code,a0,int,Unknown_a0_60,DIRECT,CALL_PROPAGATED,0x00227990->0x0023c590,hard
0x0023c590,0x0023c590,stub_code,a3,int,Unknown_a0_60,DIRECT,CALL_PROPAGATED,0x00227990->0x0023c590,hard
0x00150d60,0x00150d60,stub_code,a3,int,Unknown_a0_60,DIRECT,CALL_PROPAGATED,0x00227990->0x00150d60,hard
0x00150ea0,0x00150ea0,stub_code,a3,int,Unknown_a0_60,DIRECT,CALL_PROPAGATED,0x00227990->0x00150ea0,hard
0x002131c0,0x002131c0,stub_code,a0,int,ptr,DIRECT,CALL_PROPAGATED,0x002279f0->0x002131c0,ptr_int
0x002259e0,0x002259e0,stub_code,a0,int,ptr,DIRECT,RETURN_PROPAGATED,0x005c0d40->0x002259e0,ptr_int
0x00117090,0x00117090,,a0,ptr,int,HEURISTIC,CALL_PROPAGATED,0x002282e0->0x00117090,ptr_int
0x002f97b0,0x002f97b0,,a1,ptr,int,RETURN_PROPAGATED,CALL_PROPAGATED,0x002282e0->0x002f97b0,ptr_int
0x0021a770,0x0021a770,,a1,int,ptr,CALL_PROPAGATED,CALL_PROPAGATED,0x002283c0->0x0021a770,ptr_int
0x00213070,0x00213070,,a1,int,ptr,HEURISTIC,CALL_PROPAGATED,0x002283c0->0x00213070,ptr_int
0x0022cff0,0x0022cff0,stub_code,a1,int,ptr,DIRECT,RETURN_PROPAGATED,0x001168c0->0x0022cff0,ptr_int
0x00227a80,0x00227a80,stub_code,a0,Unknown_a0_60_64,Unknown_a0_54,DIRECT,CALL_PROPAGATED,0x002291a0->0x00227a80,hard
0x00227a80,0x00227a80,stub_code,a1,int,Unknown_a0_54,DIRECT,CALL_PROPAGATED,0x002291a0->0x00227a80,hard
0x002279f0,0x002279f0,stub_code,a1,int,Unknown_a0_54,DIRECT,CALL_PROPAGATED,0x002291a0->0x002279f0,hard
0x00227990,0x00227990,stub_code,a0,Unknown_a0_60,Unknown_a0_54,DIRECT,CALL_PROPAGATED,0x002291a0->0x00227990,hard
0x00227990,0x00227990,stub_code,a1,int,Unknown_a0_54,DIRECT,CALL_PROPAGATED,0x002291a0->0x00227990,hard
0x0021cb60,0x0021cb60,stub_code,a0,int,Unknown_a0_54,DIRECT,CALL_PROPAGATED,0x002291a0->0x0021cb60,hard
0x0021cb60,0x0021cb60,stub_code,a1,int,Unknown_a0_54,DIRECT,CALL_PROPAGATED,0x002291a0->0x0021cb60,hard
0x00227950,0x00227950,stub_code,a0,Unknown_a0_68,Unknown_a0_54,DIRECT,CALL_PROPAGATED,0x002291a0->0x00227950,hard
0x00227950,0x00227950,stub_code,a1,int,Unknown_a0_54,DIRECT,CALL_PROPAGATED,0x002291a0->0x00227950,hard
0x0022b1c0,0x0022b1c0,stub_code,a1,Unknown_a1_0,Unknown_a0_54,DIRECT,CALL_PROPAGATED,0x002291a0->0x0022b1c0,hard
0x00213100,0x00213100,stub_code,a0,int,ptr,DIRECT,CALL_PROPAGATED,0x00229640->0x00213100,ptr_int
0x00227db0,0x00227db0,stub_code,a2,ptr,int,HEURISTIC,CALL_PROPAGATED,0x00229640->0x00227db0,ptr_int
0x00215e40,0x00215e40,,a1,ptr,int,HEURISTIC,RETURN_PROPAGATED,0x00150d60->0x00215e40,ptr_int
0x00215e30,0x00215e30,,a1,ptr,int,HEURISTIC,RETURN_PROPAGATED,0x00150d60->0x00215e30,ptr_int
0x0042f568,0x0042f568,,a1,ptr,int,HEURISTIC,RETURN_PROPAGATED,0x00150d60->0x0042f568,ptr_int
0x0020abe0,0x0020abe0,,a1,ptr,int,HEURISTIC,CALL_PROPAGATED,0x00229cf0->0x0020abe0,ptr_int
0x0020abd0,0x0020abd0,,a1,ptr,int,HEURISTIC,CALL_PROPAGATED,0x00229cf0->0x0020abd0,ptr_int
0x0022b1a0,0x0022b1a0,,a2,ptr,int,RETURN_PROPAGATED,CALL_PROPAGATED,0x00229cf0->0x0022b1a0,ptr_int
0x005c0d40,0x005c0d40,stub_code,a1,int,Unknown_a1_0_4_8,DIRECT,CALL_PROPAGATED,0x0022a160->0x005c0d40,hard
0x005fa760,0x005fa760,stub_code,a1,int,Unknown_a1_0,DIRECT,CALL_PROPAGATED,0x0022b1c0->0x005fa760,hard
0x0020abe0,0x0020abe0,,a0,Unknown_a0_0_1c,int,CALL_PROPAGATED,CALL_PROPAGATED,0x0022b3c0->0x0020abe0,hard
0x0020abd0,0x0020abd0,,a0,Unknown_a0_0_1c,int,CALL_PROPAGATED,CALL_PROPAGATED,0x0022b3c0->0x0020abd0,hard
0x0020abc0,0x0020abc0,,a0,Unknown_a0_0_1c,int,CALL_PROPAGATED,CALL_PROPAGATED,0x0022b3c0->0x0020abc0,hard
0x00215e20,0x00215e20,,a3,ptr,int,HEURISTIC,CALL_PROPAGATED,0x0022d7b0->0x00215e20,ptr_int
0x001f9230,0x001f9230,,a1,ptr,int,HEURISTIC,CALL_PROPAGATED,0x0022d7b0->0x001f9230,ptr_int
0x002cea90,0x002cea90,,a0,ptr,int,HEURISTIC,CALL_PROPAGATED,0x0022db30->0x002cea90,ptr_int
0x002cea90,0x002cea90,,a1,int,ptr,CALL_PROPAGATED,CALL_PROPAGATED,0x0022db30->0x002cea90,ptr_int
0x002304a0,FUN_002304a0,real_c,a2,int,ptr,DIRECT,RETURN_PROPAGATED,0x00216740->0x002304a0,ptr_int
0x0022d7b0,0x0022d7b0,stub_code,a3,int,ptr,DIRECT,RETURN_PROPAGATED,0x002cea70->0x0022d7b0,ptr_int
0x0022fc90,0x0022fc90,stub_code,a2,int,ptr,DIRECT,RETURN_PROPAGATED,0x00128060->0x0022fc90,ptr_int
0x0021ae00,0x0021ae00,stub_code,a1,int,ptr,DIRECT,RETURN_PROPAGATED,0x005c0d40->0x0021ae00,ptr_int
0x0022f1a0,0x0022f1a0,stub_code,a2,int,ptr,DIRECT,RETURN_PROPAGATED,0x00128060->0x0022f1a0,ptr_int
0x0022f860,0x0022f860,stub_code,a1,int,ptr,DIRECT,RETURN_PROPAGATED,0x005c0d40->0x0022f860,ptr_int
0x0020ab80,0x0020ab80,,a1,ptr,int,HEURISTIC,CALL_PROPAGATED,0x0022f860->0x0020ab80,ptr_int
0x001e5800,0x001e5800,stub_code,a1,int,Unknown_a1_74,DIRECT,CALL_PROPAGATED,0x0022fba0->0x001e5800,hard
0x0021b290,0x0021b290,,a0,int,ptr,HEURISTIC,RETURN_PROPAGATED,0x001bb870->0x0021b290,ptr_int
0x0021ac10,0x0021ac10,stub_code,a1,int,ptr,DIRECT,RETURN_PROPAGATED,0x005c0d40->0x0021ac10,ptr_int
0x00230490,0x00230490,,a2,int,ptr,HEURISTIC,RETURN_PROPAGATED,0x0021ad90->0x00230490,ptr_int
0x005fce00,0x005fce00,,a1,Unknown_a1_0_4,Unknown_a1_4,CALL_PROPAGATED,CALL_PROPAGATED,0x002311c0->0x005fce00,hard
0x00511940,0x00511940,stub_code,a0,Unknown_a0_0_4c,Unknown_a0_0_4_8_c,DIRECT,CALL_PROPAGATED,0x00236e00->0x00511940,hard
0x00428998,0x00428998,,a2,Unknown_a0_0_4_8,Unknown_a0_0_4_8_c,CALL_PROPAGATED,CALL_PROPAGATED,0x00236e00->0x00428998,hard
0x0042f3a0,0x0042f3a0,,a0,Unknown_a0_8_c,Unknown_a0_1a0,CALL_PROPAGATED,CALL_PROPAGATED,0x002374b0->0x0042f3a0,hard
0x0043cd60,0x0043cd60,,a0,ptr,int,HEURISTIC,CALL_PROPAGATED,0x00237560->0x0043cd60,ptr_int
0x002388e0,0x002388e0,stub_code,a0,Unknown_a0_0_1c,int,DIRECT,CALL_PROPAGATED,0x00237f80->0x002388e0,hard
0x00239db0,0x00239db0,stub_code,a0,Unknown_a0_0_1c,int,DIRECT,CALL_PROPAGATED,0x00237f80->0x00239db0,hard
0x0023b020,0x0023b020,stub_code,a0,int,Unknown_a0_0,DIRECT,CALL_PROPAGATED,0x00238270->0x0023b020,hard
0x00238390,0x00238390,stub_code,a0,Unknown_a0_0_54,int,DIRECT,CALL_PROPAGATED,0x00238800->0x00238390,hard
0x00238270,0x00238270,stub_code,a0,Unknown_a0_0,int,DIRECT,CALL_PROPAGATED,0x00238860->0x00238270,hard
0x00238270,0x00238270,stub_code,a0,Unknown_a0_0,Unknown_a0_0_1c,DIRECT,CALL_PROPAGATED,0x002388e0->0x00238270,hard
0x0023b140,0x0023b140,stub_code,a0,Unknown_a0_0_70,Unknown_a0_c,DIRECT,CALL_PROPAGATED,0x00238a40->0x0023b140,hard
0x0023b140,0x0023b140,stub_code,a1,int,ptr,DIRECT,RETURN_PROPAGATED,0x0023b140->0x0023b140,ptr_int
0x0023b110,0x0023b110,stub_code,a2,Unknown_a0_c,int,CALL_PROPAGATED,CALL_PROPAGATED,0x002398a0->0x0023b110,hard
0x0023b110,0x0023b110,stub_code,a3,ptr,int,HEURISTIC,CALL_PROPAGATED,0x002398a0->0x0023b110,ptr_int
0x0023b140,0x0023b140,stub_code,a2,Unknown_a0_c,int,CALL_PROPAGATED,CALL_PROPAGATED,0x002398a0->0x0023b140,hard
0x0023b140,0x0023b140,stub_code,a3,ptr,int,HEURISTIC,CALL_PROPAGATED,0x002398a0->0x0023b140,ptr_int
0x002381a0,0x002381a0,stub_code,a1,ptr,int,HEURISTIC,CALL_PROPAGATED,0x00239f80->0x002381a0,ptr_int
0x002381a0,0x002381a0,stub_code,a2,Unknown_a0_c,int,CALL_PROPAGATED,CALL_PROPAGATED,0x00239f80->0x002381a0,hard
0x002381a0,0x002381a0,stub_code,a3,ptr,int,HEURISTIC,CALL_PROPAGATED,0x00239f80->0x002381a0,ptr_int
0x004d28e0,0x004d28e0,stub_code,a0,int,Unknown_a0_0_8_9,DIRECT,CALL_PROPAGATED,0x0023aa10->0x004d28e0,hard
0x0023ae70,0x0023ae70,stub_code,a0,Unknown_a0_9,int,DIRECT,CALL_PROPAGATED,0x0023aa50->0x0023ae70,hard
0x0023bae0,0x0023bae0,stub_code,a0,int,ptr,DIRECT,CALL_PROPAGATED,0x0023b170->0x0023bae0,ptr_int
0x0023bae0,0x0023bae0,stub_code,a2,int,ptr,DIRECT,CALL_PROPAGATED,0x0023b170->0x0023bae0,ptr_int
0x0023bf60,0x0023bf60,stub_code,a0,int,ptr,DIRECT,CALL_PROPAGATED,0x0023b170->0x0023bf60,ptr_int
0x0023bf60,0x0023bf60,stub_code,a2,int,ptr,DIRECT,CALL_PROPAGATED,0x0023b170->0x0023bf60,ptr_int
0x0023b970,0x0023b970,stub_code,a0,int,ptr,DIRECT,CALL_PROPAGATED,0x0023b170->0x0023b970,ptr_int
0x0023b970,0x0023b970,stub_code,a2,int,ptr,DIRECT,CALL_PROPAGATED,0x0023b170->0x0023b970,ptr_int
0x0023c560,0x0023c560,,a3,int,ptr,HEURISTIC,CALL_PROPAGATED,0x0023b170->0x0023c560,ptr_int
0x0023c560,0x0023c560,,a0,ptr,int,CALL_PROPAGATED,CALL_PROPAGATED,0x0023b970->0x0023c560,ptr_int
0x0023c560,0x0023c560,,a1,ptr,int,HEURISTIC,CALL_PROPAGATED,0x0023b970->0x0023c560,ptr_int
0x0023c560,0x0023c560,,a2,ptr,int,CALL_PROPAGATED,CALL_PROPAGATED,0x0023b970->0x0023c560,ptr_int
0x003f9420,0x003f9420,stub_code,a1,int,ptr,DIRECT,RETURN_PROPAGATED,0x003fb210->0x003f9420,ptr_int
0x0023bdb0,0x0023bdb0,stub_code,a0,int,ptr,DIRECT,RETURN_PROPAGATED,0x003fb210->0x0023bdb0,ptr_int
0x003fb1a8,0x003fb1a8,stub_code,a0,int,ptr,DIRECT,RETURN_PROPAGATED,0x003fb210->0x003fb1a8,ptr_int
0x0023b170,0x0023b170,stub_code,a3,Unknown_a3_0,int,DIRECT,CALL_PROPAGATED,0x0023c590->0x0023b170,hard
0x0023ca50,0x0023ca50,,a2,ptr,int,HEURISTIC,CALL_PROPAGATED,0x0023c920->0x0023ca50,ptr_int
0x0023ca50,0x0023ca50,,a3,ptr,int,HEURISTIC,CALL_PROPAGATED,0x0023c920->0x0023ca50,ptr_int
0x0023c9f0,0x0023c9f0,,a0,Unknown_a0_10,int,CALL_PROPAGATED,CALL_PROPAGATED,0x0023d000->0x0023c9f0,hard
0x0023ce00,0x0023ce00,,a1,ptr,int,HEURISTIC,CALL_PROPAGATED,0x0023d1a0->0x0023ce00,ptr_int
0x0023ce00,0x0023ce00,,a2,Unknown_a0_3c,int,CALL_PROPAGATED,CALL_PROPAGATED,0x0023d1a0->0x0023ce00,hard
0x0023ce00,0x0023ce00,,a3,Unknown_a0_3c,int,CALL_PROPAGATED,CALL_PROPAGATED,0x0023d1a0->0x0023ce00,hard
0x002406b0,0x002406b0,stub_code,a1,int,Unknown_a0_0_1c,DIRECT,CALL_PROPAGATED,0x0023d5b0->0x002406b0,hard
0x00429068,0x00429068,,a0,Unknown_a0_8_c,Unknown_a0_4_44,CALL_PROPAGATED,CALL_PROPAGATED,0x0023e250->0x00429068,hard
0x00239e30,0x00239e30,stub_code,a0,Unknown_a0_0_1c,Unknown_a0_0,DIRECT,CALL_PROPAGATED,0x0023eef0->0x00239e30,hard
0x00246810,0x00246810,stub_code,a1,int,Unknown_a3_0,DIRECT,CALL_PROPAGATED,0x0023f5d0->0x00246810,hard
0x00246810,0x00246810,stub_code,a2,int,Unknown_a3_0,DIRECT,CALL_PROPAGATED,0x0023f5d0->0x00246810,hard
0x00246810,0x00246810,stub_code,a3,int,Unknown_a3_0,DIRECT,CALL_PROPAGATED,0x0023f5d0->0x00246810,hard
0x004287e0,0x004287e0,,a3,int,Unknown_a3_0,CALL_PROPAGATED,CALL_PROPAGATED,0x0023f6c0->0x004287e0,hard
0x00428f48,FUN_00428f48,real_c,a0,int,Unknown_a0_594,DIRECT,CALL_PROPAGATED,0x0023fa40->0x00428f48,hard
0x00243810,0x00243810,stub_code,a3,Unknown_a3_0_4_8_c,int,DIRECT,CALL_PROPAGATED,0x0023fc80->0x00243810,hard
0x0023e070,FUN_0023e070,real_logic,a1,Unknown_a1_0_4_8,int,CALL_PROPAGATED,CALL_PROPAGATED,0x0023fc80->0x0023e070,hard
0x0023e070,FUN_0023e070,real_logic,a0,int,Unknown_a1_0_4,CALL_PROPAGATED,CALL_PROPAGATED,0x0023fd10->0x0023e070,hard
0x0023e070,FUN_0023e070,real_logic,a1,Unknown_a1_0_4_8,Unknown_a1_0_4,CALL_PROPAGATED,CALL_PROPAGATED,0x0023fd10->0x0023e070,hard
0x002403c0,0x002403c0,,a2,ptr,int,HEURISTIC,CALL_PROPAGATED,0x0023fd10->0x002403c0,ptr_int
0x0023e070,FUN_0023e070,real_logic,a0,Unknown_a1_0_4,Unknown_a0_4_2c,CALL_PROPAGATED,CALL_PROPAGATED,0x0023fe60->0x0023e070,hard
0x002403c0,0x002403c0,,a3,ptr,int,HEURISTIC,CALL_PROPAGATED,0x0023fef0->0x002403c0,ptr_int
0x00243b30,0x00243b30,,a1,Unknown_a1_0_4,int,CALL_PROPAGATED,CALL_PROPAGATED,0x0023ff90->0x00243b30,hard
0x0023e070,FUN_0023e070,real_logic,a0,Unknown_a1_0_4,Unknown_a0_4_c4,CALL_PROPAGATED,CALL_PROPAGATED,0x00240220->0x0023e070,hard
0x0023e070,FUN_0023e070,real_logic,a0,Unknown_a1_0_4,Unknown_a0_594,CALL_PROPAGATED,CALL_PROPAGATED,0x00240350->0x0023e070,hard
0x00243e40,0x00243e40,stub_code,a0,int,Unknown_a0_594,DIRECT,CALL_PROPAGATED,0x00240350->0x00243e40,hard
0x00243e40,0x00243e40,stub_code,a1,int,Unknown_a0_594,DIRECT,CALL_PROPAGATED,0x00240350->0x00243e40,hard
0x00243e40,0x00243e40,stub_code,a3,ptr,int,HEURISTIC,CALL_PROPAGATED,0x00240350->0x00243e40,ptr_int
0x002403c0,0x002403c0,,a0,Unknown_a1_0_4,Unknown_a0_594,CALL_PROPAGATED,CALL_PROPAGATED,0x00240350->0x002403c0,hard
0x0023e070,FUN_0023e070,real_logic,a1,Unknown_a1_0_4_8,Unknown_a0_594,CALL_PROPAGATED,CALL_PROPAGATED,0x00240350->0x0023e070,hard
0x0045c590,0x0045c590,stub_code,a0,int,Unknown_a0_4_44,DIRECT,CALL_PROPAGATED,0x00240d10->0x0045c590,hard
0x0023e070,FUN_0023e070,real_logic,a0,Unknown_a1_0_4,Unknown_a0_4_44,CALL_PROPAGATED,CALL_PROPAGATED,0x00241100->0x0023e070,hard
0x002404b0,0x002404b0,stub_code,a1,int,Unknown_a1_0,DIRECT,CALL_PROPAGATED,0x002412f0->0x002404b0,hard
0x0023e070,FUN_0023e070,real_logic,a1,Unknown_a1_0_4_8,Unknown_a1_0,CALL_PROPAGATED,CALL_PROPAGATED,0x002412f0->0x0023e070,hard
0x0023e070,FUN_0023e070,real_logic,a0,Unknown_a1_0_4,Unknown_a0_4_98,CALL_PROPAGATED,CALL_PROPAGATED,0x002417a0->0x0023e070,hard
0x0045cb38,0x0045cb38,stub_code,a0,int,Unknown_a0_4_98,DIRECT,CALL_PROPAGATED,0x002417a0->0x0045cb38,hard
0x0045c2d0,0x0045c2d0,stub_code,a0,int,Unknown_a0_4_98,DIRECT,CALL_PROPAGATED,0x00241820->0x0045c2d0,hard
0x0045c840,0x0045c840,stub_code,a0,int,Unknown_a0_4_98,DIRECT,CALL_PROPAGATED,0x00241820->0x0045c840,hard
0x0045bd70,0x0045bd70,stub_code,a0,int,Unknown_a0_4_98,DIRECT,CALL_PROPAGATED,0x00241820->0x0045bd70,hard
0x0042f708,0x0042f708,,a0,ptr,int,HEURISTIC,CALL_PROPAGATED,0x00241960->0x0042f708,ptr_int
0x00243e40,0x00243e40,stub_code,a0,int,ptr,DIRECT,CALL_PROPAGATED,0x002422e0->0x00243e40,ptr_int
0x00243e40,0x00243e40,stub_code,a1,int,ptr,DIRECT,CALL_PROPAGATED,0x002422e0->0x00243e40,ptr_int
0x00243e40,0x00243e40,stub_code,a2,int,ptr,DIRECT,CALL_PROPAGATED,0x002422e0->0x00243e40,ptr_int
0x00243ff0,0x00243ff0,stub_code,a1,int,ptr,DIRECT,CALL_PROPAGATED,0x002422e0->0x00243ff0,ptr_int
0x002440e0,0x002440e0,stub_code,a2,int,Unknown_a0_0,DIRECT,CALL_PROPAGATED,0x00243560->0x002440e0,hard
0x00243560,0x00243560,stub_code,a0,Unknown_a0_0,int,DIRECT,CALL_PROPAGATED,0x002436e0->0x00243560,hard
0x004287e0,0x004287e0,,a1,int,Unknown_a3_0_4_8_c,HEURISTIC,CALL_PROPAGATED,0x00243810->0x004287e0,hard
0x004287e0,0x004287e0,,a3,Unknown_a3_0,Unknown_a3_0_4_8_c,CALL_PROPAGATED,CALL_PROPAGATED,0x00243810->0x004287e0,hard
0x002436e0,0x002436e0,stub_code,a3,int,Unknown_a3_0_4_8_c,DIRECT,CALL_PROPAGATED,0x00243810->0x002436e0,hard
0x004283d0,0x004283d0,,a0,ptr,int,HEURISTIC,CALL_PROPAGATED,0x00243cc0->0x004283d0,ptr_int
0x00246270,0x00246270,,a2,Unknown_a2_0,int,CALL_PROPAGATED,CALL_PROPAGATED,0x002456f0->0x00246270,hard
0x00247a40,0x00247a40,stub_code,a2,int,ptr,DIRECT,CALL_PROPAGATED,0x00245860->0x00247a40,ptr_int
0x002470e0,FUN_002470e0,real_logic,a3,Unknown_a3_0,int,DIRECT,CALL_PROPAGATED,0x00247690->0x002470e0,hard
0x004287e0,0x004287e0,,a1,Unknown_a3_0_4_8_c,Unknown_a1_10,CALL_PROPAGATED,CALL_PROPAGATED,0x00247a40->0x004287e0,hard
0x004287e0,0x004287e0,,a3,Unknown_a3_0_4_8_c,int,CALL_PROPAGATED,CALL_PROPAGATED,0x00247a40->0x004287e0,hard
0x00247dc0,0x00247dc0,stub_code,a0,Unknown_a0_0_1c,int,DIRECT,CALL_PROPAGATED,0x00247c50->0x00247dc0,hard
0x00247e70,0x00247e70,stub_code,a0,int,Unknown_a0_0_1c,DIRECT,CALL_PROPAGATED,0x00247dc0->0x00247e70,hard
0x00440b90,0x00440b90,stub_code,a2,int,ptr,DIRECT,RETURN_PROPAGATED,0x0042f498->0x00440b90,ptr_int
0x00440e18,0x00440e18,stub_code,a2,int,ptr,DIRECT,RETURN_PROPAGATED,0x0042f498->0x00440e18,ptr_int
0x00447048,0x00447048,stub_code,a0,int,ptr,DIRECT,RETURN_PROPAGATED,0x00247d10->0x00447048,ptr_int
0x0043eed8,0x0043eed8,stub_code,a0,int,ptr,DIRECT,RETURN_PROPAGATED,0x00247d10->0x0043eed8,ptr_int
0x00445d48,0x00445d48,stub_code,a0,int,ptr,DIRECT,RETURN_PROPAGATED,0x00247d10->0x00445d48,ptr_int
0x00248c50,0x00248c50,stub_code,a0,int,Unknown_a0_4_8_1c_80,DIRECT,CALL_PROPAGATED,0x002494a0->0x00248c50,hard
0x00248c50,0x00248c50,stub_code,a1,int,Unknown_a0_4_8_1c_80,DIRECT,CALL_PROPAGATED,0x002494a0->0x00248c50,hard
0x00248c50,0x00248c50,stub_code,a2,int,Unknown_a0_4_8_20_50,CALL_PROPAGATED,CALL_PROPAGATED,0x00249730->0x00248c50,hard
0x00248c50,0x00248c50,stub_code,a2,Unknown_a0_4_8_20_50,Unknown_a0_4_8_64,CALL_PROPAGATED,CALL_PROPAGATED,0x00249d80->0x00248c50,hard
0x00248c50,0x00248c50,stub_code,a0,int,ptr,DIRECT,CALL_PROPAGATED,0x0024a5e0->0x00248c50,ptr_int
0x00248c50,0x00248c50,stub_code,a0,int,Unknown_a0_4_8_1c_3c,DIRECT,CALL_PROPAGATED,0x0024aa10->0x00248c50,hard
0x00248dd0,0x00248dd0,stub_code,a2,Unknown_a0_4_8_20_50,int,CALL_PROPAGATED,CALL_PROPAGATED,0x0024bcb0->0x00248dd0,hard
0x00248dd0,0x00248dd0,stub_code,a3,ptr,int,HEURISTIC,CALL_PROPAGATED,0x0024bcb0->0x00248dd0,ptr_int
0x00429068,0x00429068,,a0,Unknown_a0_8_c,Unknown_a0_4_10,CALL_PROPAGATED,CALL_PROPAGATED,0x0024e310->0x00429068,hard
0x00428998,0x00428998,,a0,int,ptr,CALL_PROPAGATED,CALL_PROPAGATED,0x0024e3a0->0x00428998,ptr_int
0x0024ed10,0x0024ed10,stub_code,a0,int,Unknown_a0_68,DIRECT,CALL_PROPAGATED,0x0024e6d0->0x0024ed10,hard
0x00248690,0x00248690,,a0,int,Unknown_a0_450,CALL_PROPAGATED,CALL_PROPAGATED,0x0024e870->0x00248690,hard
0x0023c5f0,0x0023c5f0,stub_code,a0,int,Unknown_a0_450,DIRECT,CALL_PROPAGATED,0x0024e960->0x0023c5f0,hard
0x0011b5d0,0x0011b5d0,,a0,Unknown_a0_0_12c,Unknown_a0_0_8,CALL_PROPAGATED,CALL_PROPAGATED,0x0024f3a0->0x0011b5d0,hard
0x0024f430,0x0024f430,stub_code,a0,Unknown_a0_0_4_8_c,Unknown_a0_0_8,DIRECT,CALL_PROPAGATED,0x0024f3a0->0x0024f430,hard
0x0024f5d0,0x0024f5d0,stub_code,a0,Unknown_a0_0_4_8_c,Unknown_a0_0_8,DIRECT,CALL_PROPAGATED,0x0024f540->0x0024f5d0,hard
0x0024ffd0,0x0024ffd0,stub_code,a0,Unknown_a0_0_4_8_c,Unknown_a0_0_8,DIRECT,CALL_PROPAGATED,0x0024ff60->0x0024ffd0,hard
0x00248e80,0x00248e80,stub_code,a0,ptr,int,STRUCT_FIELD,CALL_PROPAGATED,0x00250d60->0x00248e80,ptr_int
0x002510a0,0x002510a0,stub_code,a0,Unknown_a0_0_4_8_c,Unknown_a0_0_8,DIRECT,CALL_PROPAGATED,0x00251030->0x002510a0,hard
0x00251a80,0x00251a80,stub_code,a0,Unknown_a0_0_4_8_c,Unknown_a0_0_8,DIRECT,CALL_PROPAGATED,0x00251a10->0x00251a80,hard
0x002522e0,0x002522e0,stub_code,a1,int,ptr,DIRECT,CALL_PROPAGATED,0x002520c0->0x002522e0,ptr_int
0x002525c0,0x002525c0,stub_code,a0,Unknown_a0_0_4_8_c,Unknown_a0_0_8,DIRECT,CALL_PROPAGATED,0x00252550->0x002525c0,hard
0x00255780,0x00255780,stub_code,a0,Unknown_a0_0_4_8_c,Unknown_a0_0_8,DIRECT,CALL_PROPAGATED,0x00255710->0x00255780,hard
0x00256a30,0x00256a30,stub_code,a0,Unknown_a0_0_4_8_c,Unknown_a0_0_8,DIRECT,CALL_PROPAGATED,0x002569c0->0x00256a30,hard
0x00256e60,0x00256e60,stub_code,a0,Unknown_a0_0_4_8_c,Unknown_a0_0_8,DIRECT,CALL_PROPAGATED,0x00256df0->0x00256e60,hard
0x0011b5d0,0x0011b5d0,,a0,Unknown_a0_0_12c,Unknown_a0_8_14_68,CALL_PROPAGATED,CALL_PROPAGATED,0x00257560->0x0011b5d0,hard
0x00257730,0x00257730,stub_code,a0,Unknown_a0_0_4_8_c,Unknown_a0_8_14_68,DIRECT,CALL_PROPAGATED,0x00257560->0x00257730,hard
0x00257a10,0x00257a10,stub_code,a0,Unknown_a0_0_4_8_c,Unknown_a0_8_14_68,DIRECT,CALL_PROPAGATED,0x00257840->0x00257a10,hard
0x0011b5d0,0x0011b5d0,,a0,Unknown_a0_8_14_68,Unknown_a0_0_8,CALL_PROPAGATED,CALL_PROPAGATED,0x002581a0->0x0011b5d0,hard
0x00258210,0x00258210,stub_code,a0,Unknown_a0_0_4_8_c,Unknown_a0_0_8,DIRECT,CALL_PROPAGATED,0x002581a0->0x00258210,hard
0x00258390,0x00258390,stub_code,a0,Unknown_a0_0_4_8_c,Unknown_a0_0_8,DIRECT,CALL_PROPAGATED,0x00258320->0x00258390,hard
0x0025b7e0,0x0025b7e0,stub_code,a0,Unknown_a0_0_4_8_c,Unknown_a0_0_8,DIRECT,CALL_PROPAGATED,0x0025b770->0x0025b7e0,hard
0x0025be20,0x0025be20,stub_code,a0,Unknown_a0_0_4_8_c,Unknown_a0_0_8,DIRECT,CALL_PROPAGATED,0x0025bdb0->0x0025be20,hard
0x0025c400,0x0025c400,stub_code,a0,Unknown_a0_0_4_8_c,Unknown_a0_0_8,DIRECT,CALL_PROPAGATED,0x0025c390->0x0025c400,hard
0x0025c580,0x0025c580,stub_code,a0,Unknown_a0_0_4_8_c,Unknown_a0_0_8,DIRECT,CALL_PROPAGATED,0x0025c510->0x0025c580,hard
0x0045e058,0x0045e058,stub_code,a0,int,Unknown_a0_4_b4,DIRECT,CALL_PROPAGATED,0x0025e1a0->0x0045e058,hard
0x0025e020,0x0025e020,stub_code,a0,int,Unknown_a0_4_b4,DIRECT,CALL_PROPAGATED,0x0025e1a0->0x0025e020,hard
0x0045d9c8,0x0045d9c8,stub_code,a0,int,Unknown_a0_4_b4,DIRECT,CALL_PROPAGATED,0x0025e3a0->0x0045d9c8,hard
0x0045e628,0x0045e628,stub_code,a0,int,Unknown_a0_4_b4,DIRECT,CALL_PROPAGATED,0x0025e4b0->0x0045e628,hard
0x0045e248,0x0045e248,stub_code,a0,int,Unknown_a0_4_b4,DIRECT,CALL_PROPAGATED,0x0025e760->0x0045e248,hard
0x0045e248,0x0045e248,stub_code,a2,ptr,int,STRUCT_FIELD,CALL_PROPAGATED,0x0025e900->0x0045e248,ptr_int
0x0045d8a0,0x0045d8a0,stub_code,a0,int,Unknown_a0_4_b4,DIRECT,CALL_PROPAGATED,0x0025ec90->0x0045d8a0,hard
0x0045da00,0x0045da00,stub_code,a0,int,Unknown_a0_4_b4,DIRECT,CALL_PROPAGATED,0x0025ee20->0x0045da00,hard
0x0045dc20,0x0045dc20,stub_code,a2,ptr,int,STRUCT_FIELD,CALL_PROPAGATED,0x0025ef20->0x0045dc20,ptr_int
0x0045dd38,0x0045dd38,stub_code,a3,Unknown_a3_20,int,DIRECT,CALL_PROPAGATED,0x0025f050->0x0045dd38,hard
0x0045dab8,0x0045dab8,stub_code,a1,ptr,int,STRUCT_FIELD,CALL_PROPAGATED,0x0025f180->0x0045dab8,ptr_int
0x0045e740,0x0045e740,stub_code,a0,int,Unknown_a0_4_b4,DIRECT,CALL_PROPAGATED,0x0025f5a0->0x0045e740,hard
0x0025df70,0x0025df70,stub_code,a0,ptr,int,STRUCT_FIELD,CALL_PROPAGATED,0x00260340->0x0025df70,ptr_int
0x00260540,0x00260540,stub_code,a0,ptr,int,STRUCT_FIELD,CALL_PROPAGATED,0x00260a30->0x00260540,ptr_int
0x003f7c10,0x003f7c10,,a2,ptr,int,HEURISTIC,CALL_PROPAGATED,0x00260a30->0x003f7c10,ptr_int
0x00151fa0,0x00151fa0,,a0,ptr,int,HEURISTIC,CALL_PROPAGATED,0x00260c90->0x00151fa0,ptr_int
0x002613a0,0x002613a0,stub_code,a0,Unknown_a0_0_4_2c,int,DIRECT,CALL_PROPAGATED,0x00261090->0x002613a0,hard
0x00267d40,0x00267d40,stub_code,a0,int,Unknown_a0_0_4_2c,DIRECT,CALL_PROPAGATED,0x002613a0->0x00267d40,hard
0x00262a30,0x00262a30,stub_code,a0,int,Unknown_a0_0_4_2c,DIRECT,CALL_PROPAGATED,0x002613a0->0x00262a30,hard
0x00262a30,0x00262a30,stub_code,a1,int,Unknown_a0_0_4_2c,DIRECT,CALL_PROPAGATED,0x002613a0->0x00262a30,hard
0x00269d20,0x00269d20,stub_code,a0,Unknown_a0_4_8_c,Unknown_a0_4,DIRECT,CALL_PROPAGATED,0x00261450->0x00269d20,hard
0x0010e610,0x0010e610,,a1,ptr,int,HEURISTIC,CALL_PROPAGATED,0x00261ed0->0x0010e610,ptr_int
0x00267130,0x00267130,stub_code,a0,int,Unknown_a0_18,DIRECT,CALL_PROPAGATED,0x00262040->0x00267130,hard
0x00262910,0x00262910,stub_code,a0,Unknown_a0_0_14_18_1c,int,DIRECT,CALL_PROPAGATED,0x002628a0->0x00262910,hard
0x00263650,0x00263650,stub_code,a0,Unknown_a0_4,int,DIRECT,CALL_PROPAGATED,0x00262a30->0x00263650,hard
0x00261a00,0x00261a00,,a1,ptr,int,CALL_PROPAGATED,CALL_PROPAGATED,0x00262bd0->0x00261a00,ptr_int
0x002619f0,0x002619f0,,a1,ptr,int,CALL_PROPAGATED,CALL_PROPAGATED,0x00262bd0->0x002619f0,ptr_int
0x0026c150,0x0026c150,,a0,Unknown_a0_4,Unknown_a0_0_1c,CALL_PROPAGATED,CALL_PROPAGATED,0x002631a0->0x0026c150,hard
0x00428998,0x00428998,,a3,Unknown_a3_0_4_8_c_10_14,int,CALL_PROPAGATED,CALL_PROPAGATED,0x002631a0->0x00428998,hard
0x00263320,0x00263320,stub_code,a1,int,Unknown_a0_0_1c,DIRECT,CALL_PROPAGATED,0x002631a0->0x00263320,hard
0x00263320,0x00263320,stub_code,a2,int,Unknown_a0_0_1c,DIRECT,CALL_PROPAGATED,0x002631a0->0x00263320,hard
0x0026c150,0x0026c150,,a1,int,Unknown_a0_4,CALL_PROPAGATED,CALL_PROPAGATED,0x00263320->0x0026c150,hard
0x002663c0,0x002663c0,stub_code,a1,int,Unknown_a0_4,DIRECT,CALL_PROPAGATED,0x00263320->0x002663c0,hard
0x00263490,0x00263490,stub_code,a1,int,Unknown_a0_4,DIRECT,CALL_PROPAGATED,0x00263320->0x00263490,hard
0x002617e0,0x002617e0,,a0,Unknown_a0_c,Unknown_a0_4_8_10,CALL_PROPAGATED,CALL_PROPAGATED,0x00263490->0x002617e0,hard
0x002617e0,0x002617e0,,a1,int,Unknown_a0_4_8_10,CALL_PROPAGATED,CALL_PROPAGATED,0x00263490->0x002617e0,hard
0x0010e780,FUN_0010e780,real_c,a0,Unknown_a0_0_4_8_10,Unknown_a0_4_8_10,DIRECT,CALL_PROPAGATED,0x00263490->0x0010e780,hard
0x0010e780,FUN_0010e780,real_c,a1,int,Unknown_a0_4_8_10,DIRECT,CALL_PROPAGATED,0x00263490->0x0010e780,hard
0x0010e770,0x0010e770,,a0,Unknown_a0_40,Unknown_a0_4_8_10,CALL_PROPAGATED,CALL_PROPAGATED,0x00263490->0x0010e770,hard
0x00261a00,0x00261a00,,a0,Unknown_a0_4_8_10,Unknown_a0_4,CALL_PROPAGATED,CALL_PROPAGATED,0x00263650->0x00261a00,hard
0x00261a00,0x00261a00,,a1,Unknown_a0_4_8_10,int,CALL_PROPAGATED,CALL_PROPAGATED,0x002638a0->0x00261a00,hard
0x002619f0,0x002619f0,,a1,Unknown_a0_4_8_10,int,CALL_PROPAGATED,CALL_PROPAGATED,0x002638a0->0x002619f0,hard
0x00428890,0x00428890,,a3,int,Unknown_a3_0,CALL_PROPAGATED,CALL_PROPAGATED,0x00263a10->0x00428890,hard
0x00263d50,0x00263d50,stub_code,a1,int,ptr,DIRECT,CALL_PROPAGATED,0x00263a90->0x00263d50,ptr_int
0x00263490,0x00263490,stub_code,a1,int,ptr,DIRECT,CALL_PROPAGATED,0x00263a90->0x00263490,ptr_int
0x00263650,0x00263650,stub_code,a3,int,ptr,DIRECT,CALL_PROPAGATED,0x00263a90->0x00263650,ptr_int
0x00265430,0x00265430,stub_code,a3,int,ptr,DIRECT,CALL_PROPAGATED,0x00263a90->0x00265430,ptr_int
0x002672f0,0x002672f0,stub_code,a3,int,ptr,DIRECT,CALL_PROPAGATED,0x00263a90->0x002672f0,ptr_int
0x00264080,0x00264080,stub_code,a3,int,ptr,DIRECT,CALL_PROPAGATED,0x00263a90->0x00264080,ptr_int
0x00264d60,0x00264d60,stub_code,a2,Unknown_a2_c_10,int,DIRECT,CALL_PROPAGATED,0x00263d50->0x00264d60,hard
0x00267390,0x00267390,stub_code,a3,ptr,int,STRUCT_FIELD,CALL_PROPAGATED,0x00263d50->0x00267390,ptr_int
0x0026b6e0,0x0026b6e0,stub_code,a0,int,Unknown_a0_3c,DIRECT,CALL_PROPAGATED,0x00263fe0->0x0026b6e0,hard
0x0026b6e0,0x0026b6e0,stub_code,a1,Unknown_a1_c_10,int,DIRECT,CALL_PROPAGATED,0x00263fe0->0x0026b6e0,hard
0x002642b0,0x002642b0,stub_code,a2,Unknown_a2_10,int,DIRECT,CALL_PROPAGATED,0x00264150->0x002642b0,hard
0x0010e770,0x0010e770,,a0,Unknown_a0_4_8_10,int,CALL_PROPAGATED,CALL_PROPAGATED,0x002642b0->0x0010e770,hard
0x0010e770,0x0010e770,,a2,Unknown_a0_0_1c,Unknown_a2_10,CALL_PROPAGATED,CALL_PROPAGATED,0x002642b0->0x0010e770,hard
0x002644a0,0x002644a0,stub_code,a0,Unknown_a0_34,int,DIRECT,CALL_PROPAGATED,0x00264470->0x002644a0,hard
0x00263190,0x00263190,,a0,Unknown_a0_24,int,CALL_PROPAGATED,CALL_PROPAGATED,0x00264530->0x00263190,hard
0x00264e80,0x00264e80,stub_code,a1,int,Unknown_a1_c_10,DIRECT,CALL_PROPAGATED,0x00264690->0x00264e80,hard
0x00264e80,0x00264e80,stub_code,a0,int,Unknown_a0_4_10,DIRECT,CALL_PROPAGATED,0x002648c0->0x00264e80,hard
0x00264e80,0x00264e80,stub_code,a1,int,ptr,DIRECT,CALL_PROPAGATED,0x002648c0->0x00264e80,ptr_int
0x00264e80,0x00264e80,stub_code,a0,int,Unknown_a1_c_10,DIRECT,CALL_PROPAGATED,0x002649f0->0x00264e80,hard
0x00263190,0x00263190,,a1,int,Unknown_a1_c_10,CALL_PROPAGATED,CALL_PROPAGATED,0x002649f0->0x00263190,hard
0x002630c0,0x002630c0,,a1,int,Unknown_a1_c_10,CALL_PROPAGATED,CALL_PROPAGATED,0x002649f0->0x002630c0,hard
0x002630a0,0x002630a0,,a1,int,Unknown_a1_c_10,CALL_PROPAGATED,CALL_PROPAGATED,0x002649f0->0x002630a0,hard
0x0010ed00,0x0010ed00,,a2,Unknown_a1_c_10,Unknown_a2_c_10,CALL_PROPAGATED,CALL_PROPAGATED,0x00264d60->0x0010ed00,hard
0x004287e0,0x004287e0,,a1,Unknown_a3_0_4_8_c,Unknown_a0_4_8,CALL_PROPAGATED,CALL_PROPAGATED,0x00265190->0x004287e0,hard
0x00265570,0x00265570,stub_code,a0,int,Unknown_a0_20,DIRECT,CALL_PROPAGATED,0x002652a0->0x00265570,hard
0x0026c150,0x0026c150,,a0,Unknown_a0_0_1c,Unknown_a0_20,CALL_PROPAGATED,CALL_PROPAGATED,0x002652a0->0x0026c150,hard
0x00265260,0x00265260,,a1,ptr,int,HEURISTIC,CALL_PROPAGATED,0x00265430->0x00265260,ptr_int
0x00265840,0x00265840,stub_code,a0,Unknown_a0_30,int,DIRECT,CALL_PROPAGATED,0x00265570->0x00265840,hard
0x0026c150,0x0026c150,,a0,Unknown_a0_0_1c,int,CALL_PROPAGATED,CALL_PROPAGATED,0x00265570->0x0026c150,hard
0x002657a0,0x002657a0,stub_code,a0,Unknown_a0_c,int,DIRECT,CALL_PROPAGATED,0x00265570->0x002657a0,hard
0x004287e0,0x004287e0,,a0,int,Unknown_a0_4_8_c,HEURISTIC,CALL_PROPAGATED,0x002656b0->0x004287e0,hard
0x0026c150,0x0026c150,,a0,Unknown_a0_0_1c,Unknown_a0_0_8_10_14,CALL_PROPAGATED,CALL_PROPAGATED,0x00265970->0x0026c150,hard
0x00266070,0x00266070,stub_code,a0,Unknown_a0_10,int,DIRECT,CALL_PROPAGATED,0x00265d50->0x00266070,hard
0x0026b5b0,0x0026b5b0,stub_code,a1,Unknown_a1_c_10,int,DIRECT,CALL_PROPAGATED,0x00265de0->0x0026b5b0,hard
0x0010e610,0x0010e610,,a0,Unknown_a0_c,Unknown_a1_c_10,CALL_PROPAGATED,CALL_PROPAGATED,0x00266c60->0x0010e610,hard
0x00261cc0,0x00261cc0,,a0,ptr,int,HEURISTIC,CALL_PROPAGATED,0x00267130->0x00261cc0,ptr_int
0x00267330,0x00267330,stub_code,a1,int,Unknown_a0_38,DIRECT,CALL_PROPAGATED,0x00267230->0x00267330,hard
0x00267550,0x00267550,stub_code,a1,int,Unknown_a0_38,DIRECT,CALL_PROPAGATED,0x00267230->0x00267550,hard
0x00265430,0x00265430,stub_code,a0,Unknown_a0_20,Unknown_a0_c,DIRECT,CALL_PROPAGATED,0x002672f0->0x00265430,hard
0x00267550,0x00267550,stub_code,a0,int,ptr,DIRECT,CALL_PROPAGATED,0x00267390->0x00267550,ptr_int
0x00267550,0x00267550,stub_code,a3,int,ptr,DIRECT,CALL_PROPAGATED,0x00267390->0x00267550,ptr_int
0x002617e0,0x002617e0,,a0,Unknown_a0_4_8_10,int,CALL_PROPAGATED,CALL_PROPAGATED,0x00267550->0x002617e0,hard
0x00263620,0x00263620,,a0,Unknown_a0_4_8_10,int,CALL_PROPAGATED,CALL_PROPAGATED,0x00267550->0x00263620,hard
0x0026c150,0x0026c150,,a0,Unknown_a0_0_8_10_14,int,CALL_PROPAGATED,CALL_PROPAGATED,0x002676f0->0x0026c150,hard
0x00265de0,0x00265de0,stub_code,a2,int,Unknown_a2_c_10,DIRECT,CALL_PROPAGATED,0x00267870->0x00265de0,hard
0x00266070,0x00266070,stub_code,a2,int,Unknown_a2_c_10,DIRECT,CALL_PROPAGATED,0x00267870->0x00266070,hard
0x00268850,0x00268850,stub_code,a2,int,Unknown_a2_c_10,DIRECT,CALL_PROPAGATED,0x00267870->0x00268850,hard
0x00269d20,0x00269d20,stub_code,a0,Unknown_a0_4_8_c,int,DIRECT,CALL_PROPAGATED,0x00267d40->0x00269d20,hard
0x00261a00,0x00261a00,,a0,Unknown_a0_4_8_10,int,CALL_PROPAGATED,CALL_PROPAGATED,0x00267d40->0x00261a00,hard
0x00268350,0x00268350,stub_code,a0,int,Unknown_a0_4c,DIRECT,CALL_PROPAGATED,0x00267fe0->0x00268350,hard
0x00261a00,0x00261a00,,a0,Unknown_a0_4_8_10,Unknown_a0_4c,CALL_PROPAGATED,CALL_PROPAGATED,0x00267fe0->0x00261a00,hard
0x002685e0,0x002685e0,stub_code,a2,Unknown_a2_c_10,int,DIRECT,CALL_PROPAGATED,0x00268350->0x002685e0,hard
0x0026bf90,0x0026bf90,stub_code,a0,int,Unknown_a0_4,DIRECT,CALL_PROPAGATED,0x00268850->0x0026bf90,hard
0x0026bf90,0x0026bf90,stub_code,a1,Unknown_a1_c_10,int,DIRECT,CALL_PROPAGATED,0x00268850->0x0026bf90,hard
0x002663c0,0x002663c0,stub_code,a2,Unknown_a2_0_4,int,DIRECT,CALL_PROPAGATED,0x00268850->0x002663c0,hard
0x00261ed0,0x00261ed0,stub_code,a0,ptr,int,STRUCT_FIELD,CALL_PROPAGATED,0x002690c0->0x00261ed0,ptr_int
0x00261ed0,0x00261ed0,stub_code,a2,int,Unknown_a2_10,DIRECT,CALL_PROPAGATED,0x002690c0->0x00261ed0,hard
0x002694b0,0x002694b0,stub_code,a2,Unknown_a2_10,int,DIRECT,CALL_PROPAGATED,0x00269370->0x002694b0,hard
0x00261cb0,0x00261cb0,,a1,int,Unknown_a0_30,CALL_PROPAGATED,CALL_PROPAGATED,0x00269670->0x00261cb0,hard
0x002668b0,0x002668b0,,a1,int,Unknown_a0_30,CALL_PROPAGATED,CALL_PROPAGATED,0x00269670->0x002668b0,hard
0x00261c60,0x00261c60,stub_code,a1,int,Unknown_a0_30,DIRECT,CALL_PROPAGATED,0x00269670->0x00261c60,hard
0x002668d0,0x002668d0,stub_code,a0,int,Unknown_a0_30,DIRECT,CALL_PROPAGATED,0x00269670->0x002668d0,hard
0x0010e770,0x0010e770,,a0,Unknown_a0_4_8_10,Unknown_a0_38,CALL_PROPAGATED,CALL_PROPAGATED,0x002697a0->0x0010e770,hard
0x00267080,0x00267080,stub_code,a0,int,ptr,DIRECT,CALL_PROPAGATED,0x002697a0->0x00267080,ptr_int
0x00267080,0x00267080,stub_code,a2,int,ptr,DIRECT,CALL_PROPAGATED,0x002697a0->0x00267080,ptr_int
0x00267080,0x00267080,stub_code,a3,int,ptr,DIRECT,CALL_PROPAGATED,0x002697a0->0x00267080,ptr_int
0x002699c0,0x002699c0,stub_code,a2,int,ptr,DIRECT,CALL_PROPAGATED,0x002697a0->0x002699c0,ptr_int
0x002699c0,0x002699c0,stub_code,a3,int,ptr,DIRECT,CALL_PROPAGATED,0x002697a0->0x002699c0,ptr_int
0x00261a00,0x00261a00,,a0,Unknown_a0_4_8_10,Unknown_a0_4_8_c,CALL_PROPAGATED,CALL_PROPAGATED,0x00269d20->0x00261a00,hard
0x00261a00,0x00261a00,,a1,Unknown_a0_4_8_10,Unknown_a0_4_8_c,CALL_PROPAGATED,CALL_PROPAGATED,0x00269d20->0x00261a00,hard
0x002619f0,0x002619f0,,a1,Unknown_a0_4_8_10,Unknown_a0_4_8_c,CALL_PROPAGATED,CALL_PROPAGATED,0x00269d20->0x002619f0,hard
0x00269f30,0x00269f30,stub_code,a1,Unknown_a1_b0,Unknown_a0_4_8_c,DIRECT,CALL_PROPAGATED,0x00269d20->0x00269f30,hard
0x00269ea0,0x00269ea0,stub_code,a3,ptr,int,HEURISTIC,CALL_PROPAGATED,0x00269d20->0x00269ea0,ptr_int
0x00263190,0x00263190,,a1,Unknown_a1_c_10,Unknown_a1_b0,CALL_PROPAGATED,CALL_PROPAGATED,0x00269f30->0x00263190,hard
0x002630c0,0x002630c0,,a1,Unknown_a1_c_10,Unknown_a1_b0,CALL_PROPAGATED,CALL_PROPAGATED,0x00269f30->0x002630c0,hard
0x0026a280,0x0026a280,stub_code,a0,Unknown_a0_0_4_14_2c,int,DIRECT,CALL_PROPAGATED,0x0026a1f0->0x0026a280,hard
0x0011b5d0,0x0011b5d0,,a0,Unknown_a0_8_14_68,Unknown_a0_0,CALL_PROPAGATED,CALL_PROPAGATED,0x0026a540->0x0011b5d0,hard
0x0026a5a0,0x0026a5a0,stub_code,a0,Unknown_a0_0_14_18_1c,int,DIRECT,CALL_PROPAGATED,0x0026a540->0x0026a5a0,hard
0x0026a890,0x0026a890,,a1,int,Unknown_a0_4,CALL_PROPAGATED,CALL_PROPAGATED,0x0026a9e0->0x0026a890,hard
0x0026a870,0x0026a870,,a1,int,Unknown_a0_4,CALL_PROPAGATED,CALL_PROPAGATED,0x0026a9e0->0x0026a870,hard
0x0026a820,0x0026a820,stub_code,a1,int,Unknown_a0_4,DIRECT,CALL_PROPAGATED,0x0026a9e0->0x0026a820,hard
0x0026a8a0,0x0026a8a0,stub_code,a1,int,Unknown_a0_4,DIRECT,CALL_PROPAGATED,0x0026a9e0->0x0026a8a0,hard
0x0026a960,0x0026a960,,a0,ptr,int,HEURISTIC,CALL_PROPAGATED,0x0026aaf0->0x0026a960,ptr_int
0x0026a540,0x0026a540,stub_code,a1,int,ptr,DIRECT,CALL_PROPAGATED,0x0026abb0->0x0026a540,ptr_int
0x0026a540,0x0026a540,stub_code,a2,int,Unknown_a2_0_4,DIRECT,CALL_PROPAGATED,0x0026abb0->0x0026a540,hard
0x004287e0,0x004287e0,,a0,Unknown_a0_4_8_c,Unknown_a0_4_8_c_94,CALL_PROPAGATED,CALL_PROPAGATED,0x0026ae50->0x004287e0,hard
0x004287e0,0x004287e0,,a1,Unknown_a3_0_4_8_c,Unknown_a0_4_8_c_94,CALL_PROPAGATED,CALL_PROPAGATED,0x0026ae50->0x004287e0,hard
0x0026b780,0x0026b780,stub_code,a0,int,Unknown_a0_0,DIRECT,CALL_PROPAGATED,0x0026b510->0x0026b780,hard
0x0010ed00,0x0010ed00,,a1,Unknown_a1_c,Unknown_a1_c_10,CALL_PROPAGATED,CALL_PROPAGATED,0x0026b5b0->0x0010ed00,hard
0x0010e610,0x0010e610,,a0,Unknown_a1_c_10,int,CALL_PROPAGATED,CALL_PROPAGATED,0x0026b620->0x0010e610,hard
0x0026e930,0x0026e930,stub_code,a1,int,Unknown_a1_c_10,DIRECT,CALL_PROPAGATED,0x0026b6e0->0x0026e930,hard
0x0026e930,0x0026e930,stub_code,a1,int,Unknown_a0_0,DIRECT,CALL_PROPAGATED,0x0026be10->0x0026e930,hard
0x0026e930,0x0026e930,stub_code,a2,int,Unknown_a0_0,DIRECT,CALL_PROPAGATED,0x0026be10->0x0026e930,hard
0x0026c790,0x0026c790,stub_code,a0,int,ptr,DIRECT,CALL_PROPAGATED,0x0026c210->0x0026c790,ptr_int
0x004287e0,0x004287e0,,a1,Unknown_a3_0_4_8_c,Unknown_a1_0,CALL_PROPAGATED,CALL_PROPAGATED,0x0026ca00->0x004287e0,hard
0x004287e0,0x004287e0,,a2,int,Unknown_a1_0,CALL_PROPAGATED,CALL_PROPAGATED,0x0026ca00->0x004287e0,hard
0x0042bdb8,FUN_0042bdb8,real_logic,a1,int,Unknown_a1_0,DIRECT,CALL_PROPAGATED,0x0026ca00->0x0042bdb8,hard
0x0042bdb8,FUN_0042bdb8,real_logic,a2,int,Unknown_a1_0,DIRECT,CALL_PROPAGATED,0x0026ca00->0x0042bdb8,hard
0x0042bd98,FUN_0042bd98,real_logic,a3,int,Unknown_a3_0,DIRECT,CALL_PROPAGATED,0x0026cb30->0x0042bd98,hard
0x003fb8d0,0x003fb8d0,stub_code,a3,int,Unknown_a3_0,DIRECT,CALL_PROPAGATED,0x0026cb30->0x003fb8d0,hard
0x0026cdb0,0x0026cdb0,stub_code,a0,Unknown_a0_4,int,DIRECT,CALL_PROPAGATED,0x0026cd50->0x0026cdb0,hard
0x004287e0,0x004287e0,,a1,Unknown_a3_0_4_8_c,Unknown_a0_0_4_8_c_10_14,CALL_PROPAGATED,CALL_PROPAGATED,0x0026d4a0->0x004287e0,hard
0x0023c590,0x0023c590,stub_code,a1,int,Unknown_a0_0_4_8_c_10_14,DIRECT,CALL_PROPAGATED,0x0026daf0->0x0023c590,hard
0x0023c590,0x0023c590,stub_code,a3,int,Unknown_a0_0_4_8_c_10_14,DIRECT,CALL_PROPAGATED,0x0026daf0->0x0023c590,hard
0x004287e0,0x004287e0,,a3,Unknown_a3_0_4_8_c,Unknown_a0_0_4_8_c_10_14,CALL_PROPAGATED,CALL_PROPAGATED,0x0026daf0->0x004287e0,hard
0x0023dd10,0x0023dd10,stub_code,a2,int,Unknown_a1_0,DIRECT,CALL_PROPAGATED,0x0026ef40->0x0023dd10,hard
0x0015efc0,0x0015efc0,stub_code,a1,int,ptr,DIRECT,RETURN_PROPAGATED,0x00511860->0x0015efc0,ptr_int
0x0026f760,0x0026f760,stub_code,a1,int,ptr,DIRECT,RETURN_PROPAGATED,0x00511860->0x0026f760,ptr_int
0x005118a0,0x005118a0,,a1,int,ptr,CALL_PROPAGATED,RETURN_PROPAGATED,0x00511860->0x005118a0,ptr_int
0x005110e0,0x005110e0,,a1,int,ptr,CALL_PROPAGATED,RETURN_PROPAGATED,0x00511860->0x005110e0,ptr_int
0x00270040,0x00270040,stub_code,a0,ptr,int,STRUCT_FIELD,CALL_PROPAGATED,0x0026ffb0->0x00270040,ptr_int
0x002707e0,0x002707e0,,a0,ptr,int,HEURISTIC,CALL_PROPAGATED,0x00270490->0x002707e0,ptr_int
0x00270760,0x00270760,stub_code,a1,int,ptr,DIRECT,RETURN_PROPAGATED,0x00511860->0x00270760,ptr_int
0x0026f5c0,0x0026f5c0,stub_code,a1,int,ptr,DIRECT,RETURN_PROPAGATED,0x00511860->0x0026f5c0,ptr_int
0x00271eb0,0x00271eb0,stub_code,a1,int,ptr,DIRECT,RETURN_PROPAGATED,0x00511860->0x00271eb0,ptr_int
0x00271e30,0x00271e30,stub_code,a1,int,ptr,DIRECT,RETURN_PROPAGATED,0x00511860->0x00271e30,ptr_int
0x001092b0,0x001092b0,stub_code,a1,int,ptr,DIRECT,RETURN_PROPAGATED,0x00511860->0x001092b0,ptr_int
0x0026f540,0x0026f540,stub_code,a1,int,ptr,DIRECT,RETURN_PROPAGATED,0x00511860->0x0026f540,ptr_int
0x001189b0,0x001189b0,,a0,Unknown_a0_1c,int,CALL_PROPAGATED,CALL_PROPAGATED,0x002722e0->0x001189b0,hard
0x001189b0,0x001189b0,,a1,int,Unknown_a1_28,CALL_PROPAGATED,CALL_PROPAGATED,0x002722e0->0x001189b0,hard
0x00118970,0x00118970,,a1,int,Unknown_a1_28,CALL_PROPAGATED,CALL_PROPAGATED,0x002722e0->0x00118970,hard
0x00118980,0x00118980,,a1,int,Unknown_a1_28,CALL_PROPAGATED,CALL_PROPAGATED,0x002722e0->0x00118980,hard
0x00272f20,0x00272f20,stub_code,a1,int,ptr,DIRECT,RETURN_PROPAGATED,0x00511860->0x00272f20,ptr_int
0x00272ea0,0x00272ea0,stub_code,a1,int,ptr,DIRECT,RETURN_PROPAGATED,0x00511860->0x00272ea0,ptr_int
0x00118470,0x00118470,stub_code,a1,int,ptr,DIRECT,RETURN_PROPAGATED,0x00511860->0x00118470,ptr_int
0x00272e20,0x00272e20,stub_code,a1,int,ptr,DIRECT,RETURN_PROPAGATED,0x00511860->0x00272e20,ptr_int
0x00118170,0x00118170,stub_code,a1,int,ptr,DIRECT,RETURN_PROPAGATED,0x00511860->0x00118170,ptr_int
0x00503ab0,0x00503ab0,stub_code,a0,Unknown_a0_0_80,int,DIRECT,CALL_PROPAGATED,0x002730b0->0x00503ab0,hard
0x004ef390,0x004ef390,stub_code,a0,Unknown_a0_0_80,int,DIRECT,CALL_PROPAGATED,0x002730b0->0x004ef390,hard
0x004fe2b0,0x004fe2b0,stub_code,a0,Unknown_a0_0_80,int,DIRECT,CALL_PROPAGATED,0x002730b0->0x004fe2b0,hard
0x00213a80,0x00213a80,,a1,int,ptr,CALL_PROPAGATED,CALL_PROPAGATED,0x00273410->0x00213a80,ptr_int
0x00273630,0x00273630,stub_code,a1,int,ptr,DIRECT,RETURN_PROPAGATED,0x00511860->0x00273630,ptr_int
0x00216960,0x00216960,,a1,ptr,int,HEURISTIC,CALL_PROPAGATED,0x002739e0->0x00216960,ptr_int
0x005dbbd0,0x005dbbd0,stub_code,a1,ptr,int,STRUCT_FIELD,CALL_PROPAGATED,0x002739e0->0x005dbbd0,ptr_int
0x0027a460,0x0027a460,stub_code,a2,int,ptr,DIRECT,CALL_PROPAGATED,0x00273b00->0x0027a460,ptr_int
0x00273e90,0x00273e90,stub_code,a1,int,ptr,DIRECT,RETURN_PROPAGATED,0x00511860->0x00273e90,ptr_int
0x0027b0f0,0x0027b0f0,stub_code,a1,int,Unknown_a1_8_20,DIRECT,CALL_PROPAGATED,0x002741f0->0x0027b0f0,hard
0x00275390,0x00275390,stub_code,a1,int,ptr,DIRECT,RETURN_PROPAGATED,0x00511860->0x00275390,ptr_int
0x00275310,0x00275310,stub_code,a1,int,ptr,DIRECT,RETURN_PROPAGATED,0x00511860->0x00275310,ptr_int
0x001453a0,0x001453a0,stub_code,a1,int,ptr,DIRECT,RETURN_PROPAGATED,0x00511860->0x001453a0,ptr_int
0x001181f0,0x001181f0,stub_code,a1,int,ptr,DIRECT,RETURN_PROPAGATED,0x00511860->0x001181f0,ptr_int
0x00275290,0x00275290,stub_code,a1,int,ptr,DIRECT,RETURN_PROPAGATED,0x00511860->0x00275290,ptr_int
0x00275210,0x00275210,stub_code,a1,int,ptr,DIRECT,RETURN_PROPAGATED,0x00511860->0x00275210,ptr_int
0x00275170,0x00275170,stub_code,a1,int,ptr,DIRECT,RETURN_PROPAGATED,0x00511860->0x00275170,ptr_int
0x002712a0,0x002712a0,stub_code,a1,int,ptr,DIRECT,RETURN_PROPAGATED,0x00511860->0x002712a0,ptr_int
0x00275ab0,0x00275ab0,stub_code,a1,int,ptr,DIRECT,RETURN_PROPAGATED,0x00511860->0x00275ab0,ptr_int
0x00275a30,0x00275a30,stub_code,a1,int,ptr,DIRECT,RETURN_PROPAGATED,0x00511860->0x00275a30,ptr_int
0x001e5220,0x001e5220,stub_code,a1,int,ptr,DIRECT,RETURN_PROPAGATED,0x00511860->0x001e5220,ptr_int
0x002759b0,0x002759b0,stub_code,a1,int,ptr,DIRECT,RETURN_PROPAGATED,0x00511860->0x002759b0,ptr_int
0x00275930,0x00275930,stub_code,a1,int,ptr,DIRECT,RETURN_PROPAGATED,0x00511860->0x00275930,ptr_int
0x002758b0,0x002758b0,stub_code,a1,int,ptr,DIRECT,RETURN_PROPAGATED,0x00511860->0x002758b0,ptr_int
0x002763c0,0x002763c0,stub_code,a1,int,ptr,DIRECT,RETURN_PROPAGATED,0x00511860->0x002763c0,ptr_int
0x00276340,0x00276340,stub_code,a1,int,ptr,DIRECT,RETURN_PROPAGATED,0x00511860->0x00276340,ptr_int
0x002762c0,0x002762c0,stub_code,a1,int,ptr,DIRECT,RETURN_PROPAGATED,0x00511860->0x002762c0,ptr_int
0x00118d40,0x00118d40,stub_code,a1,int,ptr,DIRECT,RETURN_PROPAGATED,0x00511860->0x00118d40,ptr_int
0x00276240,0x00276240,stub_code,a1,int,ptr,DIRECT,RETURN_PROPAGATED,0x00511860->0x00276240,ptr_int
0x005ac400,0x005ac400,stub_code,a0,int,ptr,DIRECT,CALL_PROPAGATED,0x00276980->0x005ac400,ptr_int
0x005ac400,0x005ac400,stub_code,a1,Unknown_a1_0_5c,int,DIRECT,CALL_PROPAGATED,0x00276980->0x005ac400,hard
0x001071e0,FUN_001071e0,real_c,a0,Unknown_a0_0_4_8_c_10_14_18_1c_20_24_28_2c_30_34_38_3c,Unknown_a0_0_8_c_10_50,DIRECT,CALL_PROPAGATED,0x00276bf0->0x001071e0,hard
0x001071e0,FUN_001071e0,real_c,a3,int,Unknown_a0_0_8_c_10_50,DIRECT,CALL_PROPAGATED,0x00276bf0->0x001071e0,hard
0x0058cee0,0x0058cee0,,a1,ptr,int,HEURISTIC,CALL_PROPAGATED,0x00276c80->0x0058cee0,ptr_int
0x0058cee0,0x0058cee0,,a2,ptr,int,HEURISTIC,CALL_PROPAGATED,0x00276c80->0x0058cee0,ptr_int
0x0058cee0,0x0058cee0,,a3,Unknown_a3_0,int,CALL_PROPAGATED,CALL_PROPAGATED,0x00276d00->0x0058cee0,hard
0x0058b0b0,0x0058b0b0,,a0,Unknown_a0_28,Unknown_a0_0_50,CALL_PROPAGATED,CALL_PROPAGATED,0x00276e00->0x0058b0b0,hard
0x0058cee0,0x0058cee0,,a0,Unknown_a0_0_50,Unknown_a0_0_54,CALL_PROPAGATED,CALL_PROPAGATED,0x00277020->0x0058cee0,hard
0x0058b0b0,0x0058b0b0,,a0,Unknown_a0_0_50,Unknown_a0_0_54,CALL_PROPAGATED,CALL_PROPAGATED,0x00277020->0x0058b0b0,hard
0x005d85a0,0x005d85a0,,a1,ptr,int,HEURISTIC,CALL_PROPAGATED,0x002772d0->0x005d85a0,ptr_int
0x00272620,0x00272620,,a0,int,ptr,HEURISTIC,CALL_PROPAGATED,0x00277910->0x00272620,ptr_int
0x00216980,0x00216980,,a0,int,ptr,HEURISTIC,CALL_PROPAGATED,0x00277910->0x00216980,ptr_int
0x00513fe0,0x00513fe0,,a2,int,ptr,CALL_PROPAGATED,CALL_PROPAGATED,0x00278440->0x00513fe0,ptr_int
0x00513fe0,0x00513fe0,,a3,int,ptr,CALL_PROPAGATED,CALL_PROPAGATED,0x00278440->0x00513fe0,ptr_int
0x00513210,0x00513210,,a2,int,ptr,CALL_PROPAGATED,CALL_PROPAGATED,0x00278440->0x00513210,ptr_int
0x00513210,0x00513210,,a3,int,ptr,CALL_PROPAGATED,CALL_PROPAGATED,0x00278440->0x00513210,ptr_int
0x002727f0,0x002727f0,stub_code,a2,int,ptr,DIRECT,CALL_PROPAGATED,0x00278440->0x002727f0,ptr_int
0x002727f0,0x002727f0,stub_code,a3,int,ptr,DIRECT,CALL_PROPAGATED,0x00278440->0x002727f0,ptr_int
0x002727f0,0x002727f0,stub_code,a1,int,Unknown_a1_0,DIRECT,CALL_PROPAGATED,0x00278b30->0x002727f0,hard
0x00513210,0x00513210,,a1,int,Unknown_a1_24,HEURISTIC,CALL_PROPAGATED,0x00278c30->0x00513210,hard
0x0050f710,0x0050f710,stub_code,a1,int,Unknown_a1_24,DIRECT,CALL_PROPAGATED,0x00278c30->0x0050f710,hard
0x00279c10,0x00279c10,stub_code,a0,ptr,int,STRUCT_FIELD,CALL_PROPAGATED,0x00279070->0x00279c10,ptr_int
0x00279c10,0x00279c10,stub_code,a1,int,Unknown_a1_20,DIRECT,CALL_PROPAGATED,0x00279070->0x00279c10,hard
0x00216980,0x00216980,,a1,Unknown_a1_28,Unknown_a1_20,CALL_PROPAGATED,CALL_PROPAGATED,0x00279070->0x00216980,hard
0x003f9868,0x003f9868,,a1,int,Unknown_a1_20,CALL_PROPAGATED,CALL_PROPAGATED,0x00279430->0x003f9868,hard
0x003f7c10,0x003f7c10,,a1,int,ptr,CALL_PROPAGATED,RETURN_PROPAGATED,0x00279930->0x003f7c10,ptr_int
0x005add80,0x005add80,stub_code,a1,int,Unknown_a1_c,DIRECT,CALL_PROPAGATED,0x00279900->0x005add80,hard
0x00279420,0x00279420,,a1,Unknown_a1_20,int,CALL_PROPAGATED,CALL_PROPAGATED,0x00279da0->0x00279420,hard
0x00279420,0x00279420,,a2,int,ptr,CALL_PROPAGATED,CALL_PROPAGATED,0x00279da0->0x00279420,ptr_int
0x00216980,0x00216980,,a1,Unknown_a1_28,int,CALL_PROPAGATED,CALL_PROPAGATED,0x00279da0->0x00216980,hard
0x00279400,0x00279400,,a1,ptr,int,HEURISTIC,CALL_PROPAGATED,0x00279da0->0x00279400,ptr_int
0x00279400,0x00279400,,a2,int,ptr,CALL_PROPAGATED,CALL_PROPAGATED,0x00279da0->0x00279400,ptr_int
0x00278830,0x00278830,,a2,int,ptr,CALL_PROPAGATED,CALL_PROPAGATED,0x00279da0->0x00278830,ptr_int
0x00278420,0x00278420,,a2,int,ptr,CALL_PROPAGATED,CALL_PROPAGATED,0x00279da0->0x00278420,ptr_int
0x002793f0,0x002793f0,,a1,ptr,int,HEURISTIC,CALL_PROPAGATED,0x00279da0->0x002793f0,ptr_int
0x002793f0,0x002793f0,,a2,int,ptr,CALL_PROPAGATED,CALL_PROPAGATED,0x00279da0->0x002793f0,ptr_int
0x00279340,0x00279340,,a1,ptr,int,HEURISTIC,CALL_PROPAGATED,0x00279da0->0x00279340,ptr_int
0x00279340,0x00279340,,a2,int,ptr,CALL_PROPAGATED,CALL_PROPAGATED,0x00279da0->0x00279340,ptr_int
0x00279c10,0x00279c10,stub_code,a2,int,ptr,DIRECT,CALL_PROPAGATED,0x00279da0->0x00279c10,ptr_int
0x003f94c8,0x003f94c8,stub_code,a2,int,ptr,DIRECT,CALL_PROPAGATED,0x00279da0->0x003f94c8,ptr_int
0x003f9868,0x003f9868,,a2,int,ptr,CALL_PROPAGATED,CALL_PROPAGATED,0x00279da0->0x003f9868,ptr_int
0x003f9868,0x003f9868,,a0,int,ptr,CALL_PROPAGATED,CALL_PROPAGATED,0x0027a090->0x003f9868,ptr_int
0x00279da0,0x00279da0,stub_code,a2,ptr,int,STRUCT_FIELD,CALL_PROPAGATED,0x0027a460->0x00279da0,ptr_int
0x005b54a0,0x005b54a0,,a3,ptr,int,HEURISTIC,CALL_PROPAGATED,0x0027b0f0->0x005b54a0,ptr_int
0x001071e0,FUN_001071e0,real_c,a0,Unknown_a0_0_4_8_c_10_14_18_1c_20_24_28_2c_30_34_38_3c,Unknown_a0_68,DIRECT,CALL_PROPAGATED,0x0027bcb0->0x001071e0,hard
0x004f2420,0x004f2420,stub_code,a0,Unknown_a0_8,Unknown_a0_38,DIRECT,CALL_PROPAGATED,0x0027bee0->0x004f2420,hard
0x00285c70,0x00285c70,,a1,ptr,int,HEURISTIC,CALL_PROPAGATED,0x0027c440->0x00285c70,ptr_int
0x00286890,0x00286890,,a1,ptr,int,HEURISTIC,CALL_PROPAGATED,0x0027c440->0x00286890,ptr_int
0x002880e0,0x002880e0,,a1,ptr,int,HEURISTIC,CALL_PROPAGATED,0x0027c440->0x002880e0,ptr_int
0x0050fe00,0x0050fe00,,a0,ptr,int,HEURISTIC,CALL_PROPAGATED,0x0027d090->0x0050fe00,ptr_int
0x0050fd50,0x0050fd50,stub_code,a1,int,ptr,DIRECT,RETURN_PROPAGATED,0x0050fe00->0x0050fd50,ptr_int
0x0027dc10,0x0027dc10,,a1,int,ptr,CALL_PROPAGATED,RETURN_PROPAGATED,0x0050fe00->0x0027dc10,ptr_int
0x0027ec00,0x0027ec00,,a1,int,ptr,CALL_PROPAGATED,RETURN_PROPAGATED,0x0050fe00->0x0027ec00,ptr_int
0x0027f930,0x0027f930,stub_code,a1,int,ptr,DIRECT,RETURN_PROPAGATED,0x00511860->0x0027f930,ptr_int
0x0027f8b0,0x0027f8b0,stub_code,a1,int,ptr,DIRECT,RETURN_PROPAGATED,0x00511860->0x0027f8b0,ptr_int
0x0027f830,0x0027f830,stub_code,a1,int,ptr,DIRECT,RETURN_PROPAGATED,0x00511860->0x0027f830,ptr_int
0x0027f7b0,0x0027f7b0,stub_code,a1,int,ptr,DIRECT,RETURN_PROPAGATED,0x00511860->0x0027f7b0,ptr_int
0x002820c0,0x002820c0,,a1,int,ptr,CALL_PROPAGATED,RETURN_PROPAGATED,0x0050fe00->0x002820c0,ptr_int
0x00282c40,0x00282c40,,a1,int,ptr,CALL_PROPAGATED,RETURN_PROPAGATED,0x0050fe00->0x00282c40,ptr_int
0x00283520,0x00283520,,a1,int,ptr,CALL_PROPAGATED,RETURN_PROPAGATED,0x0050fe00->0x00283520,ptr_int
0x002849f0,0x002849f0,,a1,int,ptr,CALL_PROPAGATED,RETURN_PROPAGATED,0x0050fe00->0x002849f0,ptr_int
0x004b9e60,0x004b9e60,stub_code,a2,int,ptr,DIRECT,RETURN_PROPAGATED,0x00511860->0x004b9e60,ptr_int
0x005118a0,0x005118a0,,a2,int,ptr,CALL_PROPAGATED,RETURN_PROPAGATED,0x00511860->0x005118a0,ptr_int
0x005118a0,0x005118a0,,a3,int,ptr,CALL_PROPAGATED,RETURN_PROPAGATED,0x00511860->0x005118a0,ptr_int
0x005110e0,0x005110e0,,a2,int,ptr,CALL_PROPAGATED,RETURN_PROPAGATED,0x00511860->0x005110e0,ptr_int
0x005110e0,0x005110e0,,a3,int,ptr,CALL_PROPAGATED,RETURN_PROPAGATED,0x00511860->0x005110e0,ptr_int
0x00285750,0x00285750,,a1,int,ptr,CALL_PROPAGATED,RETURN_PROPAGATED,0x0050fe00->0x00285750,ptr_int
0x00286280,0x00286280,,a1,int,ptr,CALL_PROPAGATED,RETURN_PROPAGATED,0x0050fe00->0x00286280,ptr_int
0x00286ea0,0x00286ea0,,a1,int,ptr,CALL_PROPAGATED,RETURN_PROPAGATED,0x0050fe00->0x00286ea0,ptr_int
0x00287ad0,0x00287ad0,,a1,int,ptr,CALL_PROPAGATED,RETURN_PROPAGATED,0x0050fe00->0x00287ad0,ptr_int
0x002889f0,0x002889f0,,a1,int,ptr,CALL_PROPAGATED,RETURN_PROPAGATED,0x0050fe00->0x002889f0,ptr_int
0x00289990,0x00289990,,a1,int,ptr,CALL_PROPAGATED,RETURN_PROPAGATED,0x0050fe00->0x00289990,ptr_int
0x004f2100,0x004f2100,stub_code,a0,Unknown_a0_0_4c,Unknown_a0_8_c,DIRECT,CALL_PROPAGATED,0x0028ace0->0x004f2100,hard
0x004f2100,0x004f2100,stub_code,a1,int,Unknown_a0_8_c,DIRECT,CALL_PROPAGATED,0x0028ace0->0x004f2100,hard
0x004f2100,0x004f2100,stub_code,a2,int,Unknown_a0_8_c,DIRECT,CALL_PROPAGATED,0x0028ace0->0x004f2100,hard
0x0028b3f0,FUN_0028b3f0,real_logic,a1,int,ptr,DIRECT,CALL_PROPAGATED,0x0028b320->0x0028b3f0,ptr_int
0x0028bcb0,0x0028bcb0,,a1,ptr,int,HEURISTIC,CALL_PROPAGATED,0x0028b950->0x0028bcb0,ptr_int
0x0028bcb0,0x0028bcb0,,a2,int,Unknown_a0_4_8_c_10_20_24_28,HEURISTIC,CALL_PROPAGATED,0x0028b950->0x0028bcb0,hard
0x0028bd40,0x0028bd40,,a1,ptr,int,HEURISTIC,CALL_PROPAGATED,0x0028b950->0x0028bd40,ptr_int
0x0028bd40,0x0028bd40,,a2,int,Unknown_a0_4_8_c_10_20_24_28,HEURISTIC,CALL_PROPAGATED,0x0028b950->0x0028bd40,hard
0x0058d6d0,0x0058d6d0,,a3,ptr,int,HEURISTIC,CALL_PROPAGATED,0x0028bc00->0x0058d6d0,ptr_int
0x0028bdd0,0x0028bdd0,stub_code,a0,Unknown_a0_4_8_c_10_20_24_28,Unknown_a2_0_4_8_c_10_14_18_1c,DIRECT,CALL_PROPAGATED,0x0028c110->0x0028bdd0,hard
0x0028bdd0,0x0028bdd0,stub_code,a1,int,Unknown_a2_0_4_8_c_10_14_18_1c,DIRECT,CALL_PROPAGATED,0x0028c110->0x0028bdd0,hard
0x0028bdd0,0x0028bdd0,stub_code,a2,int,Unknown_a2_0_4_8_c_10_14_18_1c,DIRECT,CALL_PROPAGATED,0x0028c110->0x0028bdd0,hard
0x0028bdd0,0x0028bdd0,stub_code,a3,int,Unknown_a2_0_4_8_c_10_14_18_1c,DIRECT,CALL_PROPAGATED,0x0028c110->0x0028bdd0,hard
0x0028b950,0x0028b950,stub_code,a0,Unknown_a0_4_8_c_10_20_24_28,Unknown_a0_8,DIRECT,CALL_PROPAGATED,0x0028c230->0x0028b950,hard
0x0028bc00,0x0028bc00,stub_code,a0,Unknown_a0_10,Unknown_a0_8,DIRECT,CALL_PROPAGATED,0x0028c230->0x0028bc00,hard
0x0028bc00,0x0028bc00,stub_code,a2,ptr,int,STRUCT_FIELD,CALL_PROPAGATED,0x0028c230->0x0028bc00,ptr_int
0x0028c110,0x0028c110,stub_code,a0,Unknown_a0_8_10,Unknown_a0_8,DIRECT,CALL_PROPAGATED,0x0028c230->0x0028c110,hard
0x0028c110,0x0028c110,stub_code,a2,Unknown_a2_0_4_8_c_10_14_18_1c,int,DIRECT,CALL_PROPAGATED,0x0028c230->0x0028c110,hard
0x0028cf10,0x0028cf10,stub_code,a1,int,ptr,DIRECT,RETURN_PROPAGATED,0x00511860->0x0028cf10,ptr_int
0x0016f170,0x0016f170,stub_code,a1,int,ptr,DIRECT,RETURN_PROPAGATED,0x00511860->0x0016f170,ptr_int
0x0028ce90,0x0028ce90,stub_code,a1,int,ptr,DIRECT,RETURN_PROPAGATED,0x00511860->0x0028ce90,ptr_int
0x001180f0,0x001180f0,stub_code,a1,int,ptr,DIRECT,RETURN_PROPAGATED,0x00511860->0x001180f0,ptr_int
0x0028cdf0,0x0028cdf0,stub_code,a1,int,ptr,DIRECT,RETURN_PROPAGATED,0x00511860->0x0028cdf0,ptr_int
0x00146f30,0x00146f30,stub_code,a1,int,ptr,DIRECT,RETURN_PROPAGATED,0x00511860->0x00146f30,ptr_int
0x0028d9d0,0x0028d9d0,stub_code,a1,int,ptr,DIRECT,RETURN_PROPAGATED,0x00511860->0x0028d9d0,ptr_int
0x0028e3f0,0x0028e3f0,stub_code,a1,int,ptr,DIRECT,RETURN_PROPAGATED,0x00511860->0x0028e3f0,ptr_int
0x0028e350,0x0028e350,stub_code,a1,int,ptr,DIRECT,RETURN_PROPAGATED,0x00511860->0x0028e350,ptr_int
0x001414a0,0x001414a0,stub_code,a2,int,ptr,DIRECT,RETURN_PROPAGATED,0x00511860->0x001414a0,ptr_int
0x001414a0,0x001414a0,stub_code,a1,int,ptr,DIRECT,RETURN_PROPAGATED,0x00511860->0x001414a0,ptr_int
0x0028e350,0x0028e350,stub_code,a2,int,ptr,DIRECT,RETURN_PROPAGATED,0x00511860->0x0028e350,ptr_int
0x00517430,0x00517430,stub_code,a0,Unknown_a0_0_80,int,DIRECT,CALL_PROPAGATED,0x0028f2b0->0x00517430,hard
0x0028fa00,0x0028fa00,stub_code,a1,int,ptr,DIRECT,RETURN_PROPAGATED,0x00511860->0x0028fa00,ptr_int
0x0028f840,0x0028f840,stub_code,a1,int,ptr,DIRECT,RETURN_PROPAGATED,0x00511860->0x0028f840,ptr_int
0x00290030,0x00290030,stub_code,a1,int,ptr,DIRECT,RETURN_PROPAGATED,0x00511860->0x00290030,ptr_int
0x0028e0f0,0x0028e0f0,stub_code,a1,int,ptr,DIRECT,RETURN_PROPAGATED,0x00511860->0x0028e0f0,ptr_int
0x00291700,0x00291700,stub_code,a1,int,ptr,DIRECT,RETURN_PROPAGATED,0x00511860->0x00291700,ptr_int
0x00207510,0x00207510,stub_code,a1,int,ptr,DIRECT,RETURN_PROPAGATED,0x00511860->0x00207510,ptr_int
0x00291620,0x00291620,stub_code,a1,int,ptr,DIRECT,RETURN_PROPAGATED,0x00511860->0x00291620,ptr_int
0x00504dc0,0x00504dc0,stub_code,a0,Unknown_a0_0_80,int,DIRECT,CALL_PROPAGATED,0x00293990->0x00504dc0,hard
0x00296090,0x00296090,,a0,int,Unknown_a0_8,CALL_PROPAGATED,CALL_PROPAGATED,0x00293f50->0x00296090,hard
0x002b3880,0x002b3880,,a0,int,ptr,CALL_PROPAGATED,RETURN_PROPAGATED,0x002b3880->0x002b3880,ptr_int
0x002b39d0,0x002b39d0,,a1,int,ptr,CALL_PROPAGATED,RETURN_PROPAGATED,0x004287e0->0x002b39d0,ptr_int
0x00428df8,0x00428df8,,a1,Unknown_a1_0,Unknown_a2_0,CALL_PROPAGATED,CALL_PROPAGATED,0x002947f0->0x00428df8,hard
0x00296090,0x00296090,,a0,Unknown_a0_8,Unknown_a0_0,CALL_PROPAGATED,CALL_PROPAGATED,0x00294850->0x00296090,hard
0x004287e0,0x004287e0,,a1,Unknown_a3_0_4_8_c,Unknown_a1_c,CALL_PROPAGATED,CALL_PROPAGATED,0x00294f70->0x004287e0,hard
0x002b3870,0x002b3870,,a1,int,Unknown_a1_c,CALL_PROPAGATED,CALL_PROPAGATED,0x00294f70->0x002b3870,hard
0x002b3880,0x002b3880,,a1,int,ptr,CALL_PROPAGATED,RETURN_PROPAGATED,0x002b3870->0x002b3880,ptr_int
0x002b3930,0x002b3930,,a1,int,ptr,CALL_PROPAGATED,RETURN_PROPAGATED,0x002b3870->0x002b3930,ptr_int
0x002a92b0,0x002a92b0,,a1,int,Unknown_a1_0_4,HEURISTIC,CALL_PROPAGATED,0x002953f0->0x002a92b0,hard
0x002a7e10,0x002a7e10,stub_code,a1,int,Unknown_a1_0_4,DIRECT,CALL_PROPAGATED,0x002953f0->0x002a7e10,hard
0x00297080,0x00297080,stub_code,a1,int,Unknown_a1_0_4,DIRECT,CALL_PROPAGATED,0x002953f0->0x00297080,hard
0x002971b0,0x002971b0,stub_code,a1,int,Unknown_a1_0_4,DIRECT,CALL_PROPAGATED,0x002953f0->0x002971b0,hard
0x00296e30,0x00296e30,stub_code,a1,int,Unknown_a1_0_4,DIRECT,CALL_PROPAGATED,0x002953f0->0x00296e30,hard
0x002953f0,0x002953f0,stub_code,a0,Unknown_a0_0,Unknown_a0_4_8_10,DIRECT,CALL_PROPAGATED,0x002958e0->0x002953f0,hard
0x00428b18,FUN_00428b18,real_c,a0,ptr,int,STRUCT_FIELD,CALL_PROPAGATED,0x00295a40->0x00428b18,ptr_int
0x002969f0,0x002969f0,stub_code,a1,Unknown_a1_0_4,int,DIRECT,CALL_PROPAGATED,0x002960c0->0x002969f0,hard
0x00296950,0x00296950,stub_code,a1,int,ptr,DIRECT,RETURN_PROPAGATED,0x002969f0->0x00296950,ptr_int
0x002969d0,0x002969d0,,a1,int,ptr,CALL_PROPAGATED,RETURN_PROPAGATED,0x002969f0->0x002969d0,ptr_int
0x00296840,0x00296840,stub_code,a1,int,ptr,DIRECT,RETURN_PROPAGATED,0x002968d0->0x00296840,ptr_int
0x002958e0,0x002958e0,stub_code,a0,Unknown_a0_4_8_10,int,DIRECT,CALL_PROPAGATED,0x00297330->0x002958e0,hard
0x004c5150,0x004c5150,stub_code,a1,int,ptr,DIRECT,RETURN_PROPAGATED,0x004c4940->0x004c5150,ptr_int
0x0028ddf0,0x0028ddf0,stub_code,a2,int,ptr,DIRECT,CALL_PROPAGATED,0x00298400->0x0028ddf0,ptr_int
0x002925e0,0x002925e0,stub_code,a2,int,ptr,DIRECT,CALL_PROPAGATED,0x00298400->0x002925e0,ptr_int
0x005eedd0,0x005eedd0,stub_code,a2,int,ptr,DIRECT,CALL_PROPAGATED,0x00298400->0x005eedd0,ptr_int
0x005fd710,0x005fd710,stub_code,a2,int,ptr,DIRECT,CALL_PROPAGATED,0x00298400->0x005fd710,ptr_int
0x0050fe00,0x0050fe00,,a2,int,ptr,CALL_PROPAGATED,CALL_PROPAGATED,0x00298400->0x0050fe00,ptr_int
0x0028d2b0,0x0028d2b0,stub_code,a2,int,ptr,DIRECT,CALL_PROPAGATED,0x00298400->0x0028d2b0,ptr_int
0x002b57d0,0x002b57d0,stub_code,a2,int,ptr,DIRECT,RETURN_PROPAGATED,0x0010f760->0x002b57d0,ptr_int
0x002b4ab0,0x002b4ab0,stub_code,a2,int,ptr,DIRECT,RETURN_PROPAGATED,0x0010f760->0x002b4ab0,ptr_int
0x002a8bf0,0x002a8bf0,stub_code,a2,int,ptr,DIRECT,RETURN_PROPAGATED,0x0010f760->0x002a8bf0,ptr_int
0x002c2f40,0x002c2f40,stub_code,a2,int,ptr,DIRECT,RETURN_PROPAGATED,0x0010f760->0x002c2f40,ptr_int
0x002c1ca0,0x002c1ca0,stub_code,a2,int,ptr,DIRECT,RETURN_PROPAGATED,0x0010f760->0x002c1ca0,ptr_int
0x00294500,0x00294500,stub_code,a2,int,ptr,DIRECT,RETURN_PROPAGATED,0x0010f760->0x00294500,ptr_int
0x00342c50,0x00342c50,stub_code,a1,int,ptr,DIRECT,RETURN_PROPAGATED,0x00238120->0x00342c50,ptr_int
0x002b3870,0x002b3870,,a2,int,ptr,CALL_PROPAGATED,RETURN_PROPAGATED,0x002b3870->0x002b3870,ptr_int
0x002b5cb0,0x002b5cb0,stub_code,a2,int,ptr,DIRECT,RETURN_PROPAGATED,0x002b3870->0x002b5cb0,ptr_int
0x002b3920,0x002b3920,,a0,ptr,int,HEURISTIC,CALL_PROPAGATED,0x002999a0->0x002b3920,ptr_int
0x005fa8e0,0x005fa8e0,stub_code,a0,int,Unknown_a0_0,DIRECT,CALL_PROPAGATED,0x00299a40->0x005fa8e0,hard
0x005fa8e0,0x005fa8e0,stub_code,a1,int,Unknown_a1_0,DIRECT,CALL_PROPAGATED,0x00299a40->0x005fa8e0,hard
0x005fa860,0x005fa860,stub_code,a1,int,Unknown_a1_0,DIRECT,CALL_PROPAGATED,0x00299a40->0x005fa860,hard
0x002b4470,0x002b4470,stub_code,a1,Unknown_a1_0,int,DIRECT,CALL_PROPAGATED,0x0029a700->0x002b4470,hard
0x0029aad0,0x0029aad0,stub_code,a0,int,ptr,DIRECT,CALL_PROPAGATED,0x0029ab90->0x0029aad0,ptr_int
0x0029c2d0,0x0029c2d0,stub_code,a0,int,ptr,DIRECT,CALL_PROPAGATED,0x0029ab90->0x0029c2d0,ptr_int
0x0029f390,0x0029f390,stub_code,a0,int,ptr,DIRECT,CALL_PROPAGATED,0x0029ab90->0x0029f390,ptr_int
0x00297330,0x00297330,stub_code,a0,int,ptr,DIRECT,CALL_PROPAGATED,0x0029ab90->0x00297330,ptr_int
0x002ba960,0x002ba960,,a1,ptr,int,HEURISTIC,CALL_PROPAGATED,0x0029ad30->0x002ba960,ptr_int
0x0029aad0,0x0029aad0,stub_code,a2,int,ptr,DIRECT,RETURN_PROPAGATED,0x002c4360->0x0029aad0,ptr_int
0x002a7b30,0x002a7b30,,a2,ptr,int,HEURISTIC,CALL_PROPAGATED,0x0029b1f0->0x002a7b30,ptr_int
0x002a7b30,0x002a7b30,,a3,ptr,int,HEURISTIC,CALL_PROPAGATED,0x0029b1f0->0x002a7b30,ptr_int
0x00294770,0x00294770,stub_code,a2,ptr,int,HEURISTIC,CALL_PROPAGATED,0x0029b1f0->0x00294770,ptr_int
0x00294770,0x00294770,stub_code,a3,ptr,int,HEURISTIC,CALL_PROPAGATED,0x0029b1f0->0x00294770,ptr_int
0x002c8460,0x002c8460,stub_code,a0,int,Unknown_a0_4_8,DIRECT,CALL_PROPAGATED,0x0029dad0->0x002c8460,hard
0x002c8460,0x002c8460,stub_code,a1,int,Unknown_a0_4_8,DIRECT,CALL_PROPAGATED,0x0029dad0->0x002c8460,hard
0x002c8400,0x002c8400,stub_code,a0,Unknown_a0_4_c,Unknown_a0_4_8,DIRECT,CALL_PROPAGATED,0x0029db60->0x002c8400,hard
0x002c8400,0x002c8400,stub_code,a1,int,Unknown_a0_4_8,DIRECT,CALL_PROPAGATED,0x0029db60->0x002c8400,hard
0x002c8240,0x002c8240,stub_code,a0,int,Unknown_a0_4_8,DIRECT,CALL_PROPAGATED,0x0029dda0->0x002c8240,hard
0x002c8240,0x002c8240,stub_code,a1,int,Unknown_a0_4_8,DIRECT,CALL_PROPAGATED,0x0029dda0->0x002c8240,hard
0x002c80d0,0x002c80d0,stub_code,a1,int,Unknown_a0_4_8,DIRECT,CALL_PROPAGATED,0x0029e190->0x002c80d0,hard
0x002c7f40,0x002c7f40,stub_code,a0,Unknown_a0_0_4_8_c_10_14_18_1c_28,Unknown_a0_4_8,DIRECT,CALL_PROPAGATED,0x0029e220->0x002c7f40,hard
0x002c7f40,0x002c7f40,stub_code,a1,int,Unknown_a0_4_8,DIRECT,CALL_PROPAGATED,0x0029e220->0x002c7f40,hard
0x002c7b90,0x002c7b90,stub_code,a1,int,Unknown_a0_4_8,DIRECT,CALL_PROPAGATED,0x0029e580->0x002c7b90,hard
0x002c7b60,0x002c7b60,stub_code,a0,int,Unknown_a0_4_8,DIRECT,CALL_PROPAGATED,0x0029e610->0x002c7b60,hard
0x002c7b60,0x002c7b60,stub_code,a1,int,Unknown_a0_4_8,DIRECT,CALL_PROPAGATED,0x0029e610->0x002c7b60,hard
0x002c7b10,0x002c7b10,stub_code,a0,int,Unknown_a0_4_8,DIRECT,CALL_PROPAGATED,0x0029e6a0->0x002c7b10,hard
0x002c7b10,0x002c7b10,stub_code,a1,int,Unknown_a0_4_8,DIRECT,CALL_PROPAGATED,0x0029e6a0->0x002c7b10,hard
0x002c7ae0,0x002c7ae0,stub_code,a0,int,Unknown_a0_4_8,DIRECT,CALL_PROPAGATED,0x0029e730->0x002c7ae0,hard
0x002c7ae0,0x002c7ae0,stub_code,a1,int,Unknown_a0_4_8,DIRECT,CALL_PROPAGATED,0x0029e730->0x002c7ae0,hard
0x002c7ab0,0x002c7ab0,stub_code,a0,int,Unknown_a0_4_8,DIRECT,CALL_PROPAGATED,0x0029e7c0->0x002c7ab0,hard
0x002c7ab0,0x002c7ab0,stub_code,a1,int,Unknown_a0_4_8,DIRECT,CALL_PROPAGATED,0x0029e7c0->0x002c7ab0,hard
0x002c7a80,0x002c7a80,stub_code,a0,int,Unknown_a0_4_8,DIRECT,CALL_PROPAGATED,0x0029e850->0x002c7a80,hard
0x002c7a80,0x002c7a80,stub_code,a1,int,Unknown_a0_4_8,DIRECT,CALL_PROPAGATED,0x0029e850->0x002c7a80,hard
0x002c7a50,0x002c7a50,stub_code,a0,int,Unknown_a0_4_8,DIRECT,CALL_PROPAGATED,0x0029e8e0->0x002c7a50,hard
0x002c7a50,0x002c7a50,stub_code,a1,int,Unknown_a0_4_8,DIRECT,CALL_PROPAGATED,0x0029e8e0->0x002c7a50,hard
0x002c7560,0x002c7560,stub_code,a0,Unknown_a0_4_30,Unknown_a0_4_8,DIRECT,CALL_PROPAGATED,0x0029edf0->0x002c7560,hard
0x002c7560,0x002c7560,stub_code,a1,int,Unknown_a0_4_8,DIRECT,CALL_PROPAGATED,0x0029edf0->0x002c7560,hard
0x002c7530,0x002c7530,stub_code,a0,int,Unknown_a0_4_8,DIRECT,CALL_PROPAGATED,0x0029ee80->0x002c7530,hard
0x002c7530,0x002c7530,stub_code,a1,int,Unknown_a0_4_8,DIRECT,CALL_PROPAGATED,0x0029ee80->0x002c7530,hard
0x002c72a0,0x002c72a0,stub_code,a0,Unknown_a0_0_4_8_c_10_14_18_1c_3c,Unknown_a0_4_8,DIRECT,CALL_PROPAGATED,0x0029f030->0x002c72a0,hard
0x002c72a0,0x002c72a0,stub_code,a1,int,Unknown_a0_4_8,DIRECT,CALL_PROPAGATED,0x0029f030->0x002c72a0,hard
0x002c7110,0x002c7110,stub_code,a0,int,Unknown_a0_4_8,DIRECT,CALL_PROPAGATED,0x0029f0c0->0x002c7110,hard
0x002c7110,0x002c7110,stub_code,a1,int,Unknown_a0_4_8,DIRECT,CALL_PROPAGATED,0x0029f0c0->0x002c7110,hard
0x002c7030,0x002c7030,stub_code,a0,Unknown_a0_4_3c,Unknown_a0_4_8,DIRECT,CALL_PROPAGATED,0x0029f300->0x002c7030,hard
0x002c7030,0x002c7030,stub_code,a1,int,Unknown_a0_4_8,DIRECT,CALL_PROPAGATED,0x0029f300->0x002c7030,hard
0x002a4fc0,0x002a4fc0,stub_code,a1,Unknown_a1_0_4,int,DIRECT,CALL_PROPAGATED,0x0029f390->0x002a4fc0,hard
0x002a4f30,0x002a4f30,stub_code,a1,int,ptr,DIRECT,RETURN_PROPAGATED,0x002a4fc0->0x002a4f30,ptr_int
0x002a4e20,0x002a4e20,stub_code,a1,int,ptr,DIRECT,RETURN_PROPAGATED,0x002a4eb0->0x002a4e20,ptr_int
0x002a4d10,0x002a4d10,stub_code,a1,int,ptr,DIRECT,RETURN_PROPAGATED,0x002a4da0->0x002a4d10,ptr_int
0x002959e0,0x002959e0,stub_code,a1,int,ptr,DIRECT,RETURN_PROPAGATED,0x002a4a70->0x002959e0,ptr_int
0x002a49e0,0x002a49e0,stub_code,a1,int,ptr,DIRECT,RETURN_PROPAGATED,0x002a4a70->0x002a49e0,ptr_int
0x002a48d0,0x002a48d0,stub_code,a1,int,ptr,DIRECT,RETURN_PROPAGATED,0x002a4960->0x002a48d0,ptr_int
0x002a47c0,0x002a47c0,stub_code,a1,int,ptr,DIRECT,RETURN_PROPAGATED,0x002a4850->0x002a47c0,ptr_int
0x002b61b0,0x002b61b0,stub_code,a1,int,ptr,DIRECT,RETURN_PROPAGATED,0x002a4740->0x002b61b0,ptr_int
0x002a46b0,0x002a46b0,stub_code,a1,int,ptr,DIRECT,RETURN_PROPAGATED,0x005f8a40->0x002a46b0,ptr_int
0x002a45a0,0x002a45a0,stub_code,a1,int,ptr,DIRECT,RETURN_PROPAGATED,0x002a4630->0x002a45a0,ptr_int
0x002a4270,0x002a4270,stub_code,a1,int,ptr,DIRECT,RETURN_PROPAGATED,0x002a4300->0x002a4270,ptr_int
0x002a3f40,0x002a3f40,stub_code,a1,int,ptr,DIRECT,RETURN_PROPAGATED,0x002a3fd0->0x002a3f40,ptr_int
0x002a4380,0x002a4380,stub_code,a1,int,ptr,DIRECT,RETURN_PROPAGATED,0x002a3ca0->0x002a4380,ptr_int
0x002a4490,0x002a4490,stub_code,a1,int,ptr,DIRECT,RETURN_PROPAGATED,0x002a41f0->0x002a4490,ptr_int
0x002bc280,0x002bc280,stub_code,a1,int,ptr,DIRECT,RETURN_PROPAGATED,0x002a4520->0x002bc280,ptr_int
0x00294850,0x00294850,stub_code,a1,int,ptr,DIRECT,RETURN_PROPAGATED,0x002a4520->0x00294850,ptr_int
0x002a3e30,0x002a3e30,stub_code,a1,int,ptr,DIRECT,RETURN_PROPAGATED,0x002a4520->0x002a3e30,ptr_int
0x002bcf40,0x002bcf40,stub_code,a1,int,ptr,DIRECT,RETURN_PROPAGATED,0x002a3db0->0x002bcf40,ptr_int
0x002b3920,0x002b3920,,a1,int,Unknown_a0_0,CALL_PROPAGATED,CALL_PROPAGATED,0x002a5810->0x002b3920,hard
0x002999a0,0x002999a0,stub_code,a1,int,Unknown_a0_0,DIRECT,CALL_PROPAGATED,0x002a5ad0->0x002999a0,hard
0x002b3920,0x002b3920,,a0,int,Unknown_a0_0,CALL_PROPAGATED,CALL_PROPAGATED,0x002a5c30->0x002b3920,hard
0x002b3870,0x002b3870,,a0,Unknown_a1_c,int,CALL_PROPAGATED,CALL_PROPAGATED,0x002a5dc0->0x002b3870,hard
0x0029a1b0,0x0029a1b0,stub_code,a0,ptr,int,STRUCT_FIELD,CALL_PROPAGATED,0x002a6040->0x0029a1b0,ptr_int
0x0029a280,0x0029a280,,a0,ptr,int,HEURISTIC,CALL_PROPAGATED,0x002a62c0->0x0029a280,ptr_int
0x0029a320,0x0029a320,,a0,ptr,int,HEURISTIC,CALL_PROPAGATED,0x002a63b0->0x0029a320,ptr_int
0x002b3920,0x002b3920,,a0,Unknown_a0_0,Unknown_a0_0_4_8,CALL_PROPAGATED,CALL_PROPAGATED,0x002a6650->0x002b3920,hard
0x002b3920,0x002b3920,,a1,Unknown_a0_0,Unknown_a0_0_4_8,CALL_PROPAGATED,CALL_PROPAGATED,0x002a6650->0x002b3920,hard
0x002b3920,0x002b3920,,a0,Unknown_a0_0_4_8,int,CALL_PROPAGATED,CALL_PROPAGATED,0x002a66b0->0x002b3920,hard
0x002b3920,0x002b3920,,a1,Unknown_a0_0_4_8,int,CALL_PROPAGATED,CALL_PROPAGATED,0x002a69e0->0x002b3920,hard
0x00428998,0x00428998,,a1,Unknown_a0_0_1c,int,CALL_PROPAGATED,CALL_PROPAGATED,0x002a6e70->0x00428998,hard
0x00590fd0,0x00590fd0,stub_code,a1,int,ptr,DIRECT,RETURN_PROPAGATED,0x0010f760->0x00590fd0,ptr_int
0x00590fd0,0x00590fd0,stub_code,a2,int,ptr,DIRECT,RETURN_PROPAGATED,0x0010f760->0x00590fd0,ptr_int
0x001f3e20,0x001f3e20,stub_code,a2,int,ptr,DIRECT,RETURN_PROPAGATED,0x0010f760->0x001f3e20,ptr_int
0x004c31b0,0x004c31b0,stub_code,a2,int,ptr,DIRECT,RETURN_PROPAGATED,0x0010f760->0x004c31b0,ptr_int
0x005fa6f0,0x005fa6f0,stub_code,a1,int,ptr,DIRECT,RETURN_PROPAGATED,0x0026d4a0->0x005fa6f0,ptr_int
0x005fa6f0,0x005fa6f0,stub_code,a2,int,ptr,CALL_PROPAGATED,RETURN_PROPAGATED,0x0026d960->0x005fa6f0,ptr_int
0x0058b090,0x0058b090,,a2,int,ptr,CALL_PROPAGATED,RETURN_PROPAGATED,0x0042f3a0->0x0058b090,ptr_int
0x002beab0,0x002beab0,stub_code,a2,int,ptr,DIRECT,RETURN_PROPAGATED,0x0042f3a0->0x002beab0,ptr_int
0x002b3930,0x002b3930,,a0,ptr,int,RETURN_PROPAGATED,CALL_PROPAGATED,0x002a7e10->0x002b3930,ptr_int
0x0011a8e0,0x0011a8e0,stub_code,a0,int,ptr,DIRECT,RETURN_PROPAGATED,0x002b3870->0x0011a8e0,ptr_int
0x0011a8e0,0x0011a8e0,stub_code,a1,int,ptr,DIRECT,RETURN_PROPAGATED,0x002b3870->0x0011a8e0,ptr_int
0x002c6e50,0x002c6e50,stub_code,a1,int,ptr,DIRECT,RETURN_PROPAGATED,0x00238120->0x002c6e50,ptr_int
0x002a9450,0x002a9450,stub_code,a1,int,ptr,DIRECT,RETURN_PROPAGATED,0x00238120->0x002a9450,ptr_int
0x0028e580,0x0028e580,stub_code,a0,int,Unknown_a0_0_4_8_c_14,DIRECT,CALL_PROPAGATED,0x002a9450->0x0028e580,hard
0x00292510,0x00292510,stub_code,a0,int,Unknown_a0_0_4_8_c_14,DIRECT,CALL_PROPAGATED,0x002a9450->0x00292510,hard
0x002b1810,0x002b1810,stub_code,a0,int,Unknown_a0_0_4_8_c_14,DIRECT,CALL_PROPAGATED,0x002a9450->0x002b1810,hard
0x00291cd0,0x00291cd0,stub_code,a0,int,Unknown_a0_0_4_8_c_14,DIRECT,CALL_PROPAGATED,0x002a9450->0x00291cd0,hard
0x0028f260,0x0028f260,stub_code,a0,int,Unknown_a0_0_4_8_c_14,DIRECT,CALL_PROPAGATED,0x002a9450->0x0028f260,hard
0x0028fb90,0x0028fb90,stub_code,a0,int,Unknown_a0_0_4_8_c_14,DIRECT,CALL_PROPAGATED,0x002a9450->0x0028fb90,hard
0x002b1500,0x002b1500,stub_code,a0,int,Unknown_a0_0_4_8_c_14,DIRECT,CALL_PROPAGATED,0x002a9450->0x002b1500,hard
0x00291fb0,0x00291fb0,stub_code,a0,int,Unknown_a0_0_4_8_c_14,DIRECT,CALL_PROPAGATED,0x002a9450->0x00291fb0,hard
0x00290550,0x00290550,stub_code,a0,int,Unknown_a0_0_4_8_c_14,DIRECT,CALL_PROPAGATED,0x002a9450->0x00290550,hard
0x00291890,0x00291890,stub_code,a0,int,Unknown_a0_0_4_8_c_14,DIRECT,CALL_PROPAGATED,0x002a9450->0x00291890,hard
0x002b11f0,0x002b11f0,stub_code,a0,int,Unknown_a0_0_4_8_c_14,DIRECT,CALL_PROPAGATED,0x002a9450->0x002b11f0,hard
0x002b10f0,0x002b10f0,stub_code,a0,int,Unknown_a0_0_4_8_c_14,DIRECT,CALL_PROPAGATED,0x002a9450->0x002b10f0,hard
0x002b0ff0,0x002b0ff0,stub_code,a0,int,Unknown_a0_0_4_8_c_14,DIRECT,CALL_PROPAGATED,0x002a9450->0x002b0ff0,hard
0x002901c0,0x002901c0,stub_code,a0,int,Unknown_a0_0_4_8_c_14,DIRECT,CALL_PROPAGATED,0x002a9450->0x002901c0,hard
0x002b0e40,0x002b0e40,stub_code,a0,int,Unknown_a0_0_4_8_c_14,DIRECT,CALL_PROPAGATED,0x002a9450->0x002b0e40,hard
0x00293120,0x00293120,stub_code,a0,int,Unknown_a0_0_4_8_c_14,DIRECT,CALL_PROPAGATED,0x002a9450->0x00293120,hard
0x0028d6e0,0x0028d6e0,stub_code,a0,int,Unknown_a0_0_4_8_c_14,DIRECT,CALL_PROPAGATED,0x002a9450->0x0028d6e0,hard
0x002b0ae0,0x002b0ae0,stub_code,a0,int,Unknown_a0_0_4_8_c_14,DIRECT,CALL_PROPAGATED,0x002a9450->0x002b0ae0,hard
0x00291010,0x00291010,stub_code,a0,int,Unknown_a0_0_4_8_c_14,DIRECT,CALL_PROPAGATED,0x002a9450->0x00291010,hard
0x00290ab0,0x00290ab0,stub_code,a0,int,Unknown_a0_0_4_8_c_14,DIRECT,CALL_PROPAGATED,0x002a9450->0x00290ab0,hard
0x00290800,0x00290800,stub_code,a0,int,Unknown_a0_0_4_8_c_14,DIRECT,CALL_PROPAGATED,0x002a9450->0x00290800,hard
0x00290d60,0x00290d60,stub_code,a0,int,Unknown_a0_0_4_8_c_14,DIRECT,CALL_PROPAGATED,0x002a9450->0x00290d60,hard
0x002b0720,0x002b0720,stub_code,a0,int,Unknown_a0_0_4_8_c_14,DIRECT,CALL_PROPAGATED,0x002a9450->0x002b0720,hard
0x002b05a0,0x002b05a0,stub_code,a0,int,Unknown_a0_0_4_8_c_14,DIRECT,CALL_PROPAGATED,0x002a9450->0x002b05a0,hard
0x002b03a0,0x002b03a0,stub_code,a0,int,Unknown_a0_0_4_8_c_14,DIRECT,CALL_PROPAGATED,0x002a9450->0x002b03a0,hard
0x002b0230,0x002b0230,stub_code,a0,int,Unknown_a0_0_4_8_c_14,DIRECT,CALL_PROPAGATED,0x002a9450->0x002b0230,hard
0x002b00b0,0x002b00b0,stub_code,a0,int,Unknown_a0_0_4_8_c_14,DIRECT,CALL_PROPAGATED,0x002a9450->0x002b00b0,hard
0x002aff40,0x002aff40,stub_code,a0,int,Unknown_a0_0_4_8_c_14,DIRECT,CALL_PROPAGATED,0x002a9450->0x002aff40,hard
0x002afdd0,0x002afdd0,stub_code,a0,int,Unknown_a0_0_4_8_c_14,DIRECT,CALL_PROPAGATED,0x002a9450->0x002afdd0,hard
0x001168e0,0x001168e0,stub_code,a0,int,Unknown_a0_0_4_8_c_14,DIRECT,CALL_PROPAGATED,0x002a9450->0x001168e0,hard
0x002934b0,0x002934b0,stub_code,a0,int,Unknown_a0_0_4_8_c_14,DIRECT,CALL_PROPAGATED,0x002a9450->0x002934b0,hard
0x002af980,0x002af980,stub_code,a0,int,Unknown_a0_0_4_8_c_14,DIRECT,CALL_PROPAGATED,0x002a9450->0x002af980,hard
0x002af800,0x002af800,stub_code,a0,int,Unknown_a0_0_4_8_c_14,DIRECT,CALL_PROPAGATED,0x002a9450->0x002af800,hard
0x002af680,0x002af680,stub_code,a0,int,Unknown_a0_0_4_8_c_14,DIRECT,CALL_PROPAGATED,0x002a9450->0x002af680,hard
0x002af510,0x002af510,stub_code,a0,int,Unknown_a0_0_4_8_c_14,DIRECT,CALL_PROPAGATED,0x002a9450->0x002af510,hard
0x002af3a0,0x002af3a0,stub_code,a0,int,Unknown_a0_0_4_8_c_14,DIRECT,CALL_PROPAGATED,0x002a9450->0x002af3a0,hard
0x002af220,0x002af220,stub_code,a0,int,Unknown_a0_0_4_8_c_14,DIRECT,CALL_PROPAGATED,0x002a9450->0x002af220,hard
0x002af0a0,0x002af0a0,stub_code,a0,int,Unknown_a0_0_4_8_c_14,DIRECT,CALL_PROPAGATED,0x002a9450->0x002af0a0,hard
0x002914a0,0x002914a0,stub_code,a0,int,Unknown_a0_0_4_8_c_14,DIRECT,CALL_PROPAGATED,0x002a9450->0x002914a0,hard
0x002aed70,0x002aed70,stub_code,a0,int,Unknown_a0_0_4_8_c_14,DIRECT,CALL_PROPAGATED,0x002a9450->0x002aed70,hard
0x002aeb70,0x002aeb70,stub_code,a0,int,Unknown_a0_0_4_8_c_14,DIRECT,CALL_PROPAGATED,0x002a9450->0x002aeb70,hard
0x00292d60,0x00292d60,stub_code,a0,int,Unknown_a0_0_4_8_c_14,DIRECT,CALL_PROPAGATED,0x002a9450->0x00292d60,hard
0x002ae940,0x002ae940,stub_code,a0,int,Unknown_a0_0_4_8_c_14,DIRECT,CALL_PROPAGATED,0x002a9450->0x002ae940,hard
0x002ae840,0x002ae840,stub_code,a0,int,Unknown_a0_0_4_8_c_14,DIRECT,CALL_PROPAGATED,0x002a9450->0x002ae840,hard
0x0028eec0,0x0028eec0,stub_code,a0,int,Unknown_a0_0_4_8_c_14,DIRECT,CALL_PROPAGATED,0x002a9450->0x0028eec0,hard
0x002b3870,0x002b3870,,a0,Unknown_a1_c,Unknown_a0_0_4_8_c_14,CALL_PROPAGATED,CALL_PROPAGATED,0x002a9450->0x002b3870,hard
0x0028ea60,0x0028ea60,stub_code,a0,int,Unknown_a0_0_4,DIRECT,CALL_PROPAGATED,0x002ae6e0->0x0028ea60,hard
0x005953c0,0x005953c0,stub_code,a0,int,Unknown_a0_0_4,DIRECT,CALL_PROPAGATED,0x002ae790->0x005953c0,hard
0x00598820,0x00598820,stub_code,a0,int,Unknown_a0_0_4,DIRECT,CALL_PROPAGATED,0x002ae890->0x00598820,hard
0x00292bb0,0x00292bb0,stub_code,a0,int,Unknown_a0_0_4,DIRECT,CALL_PROPAGATED,0x002ae990->0x00292bb0,hard
0x00592b80,0x00592b80,stub_code,a0,int,Unknown_a0_0_4,DIRECT,CALL_PROPAGATED,0x002aeac0->0x00592b80,hard
0x005f50e0,0x005f50e0,stub_code,a0,int,Unknown_a0_0_4,DIRECT,CALL_PROPAGATED,0x002aecc0->0x005f50e0,hard
0x002910d0,0x002910d0,stub_code,a0,int,Unknown_a0_0_4,DIRECT,CALL_PROPAGATED,0x002aeec0->0x002910d0,hard
0x004c1840,0x004c1840,stub_code,a0,int,Unknown_a0_0_4,DIRECT,CALL_PROPAGATED,0x002aeff0->0x004c1840,hard
0x004bfd50,0x004bfd50,stub_code,a0,int,Unknown_a0_0_4,DIRECT,CALL_PROPAGATED,0x002af170->0x004bfd50,hard
0x004c0d40,0x004c0d40,stub_code,a0,int,Unknown_a0_0_4,DIRECT,CALL_PROPAGATED,0x002af2f0->0x004c0d40,hard
0x005f4ea0,0x005f4ea0,stub_code,a0,int,Unknown_a0_0_4,DIRECT,CALL_PROPAGATED,0x002af750->0x005f4ea0,hard
0x002e8f20,0x002e8f20,stub_code,a0,int,Unknown_a0_0_4,DIRECT,CALL_PROPAGATED,0x002af8d0->0x002e8f20,hard
0x00293180,0x00293180,stub_code,a0,int,Unknown_a0_0_4,DIRECT,CALL_PROPAGATED,0x002afad0->0x00293180,hard
0x00591640,0x00591640,stub_code,a0,int,Unknown_a0_0_4,DIRECT,CALL_PROPAGATED,0x002afd20->0x00591640,hard
0x004c4940,0x004c4940,stub_code,a0,int,Unknown_a0_0_4,DIRECT,CALL_PROPAGATED,0x002afea0->0x004c4940,hard
0x002e8a40,0x002e8a40,stub_code,a0,int,Unknown_a0_0_4,DIRECT,CALL_PROPAGATED,0x002b0180->0x002e8a40,hard
0x005ee540,0x005ee540,stub_code,a0,int,Unknown_a0_0_4,DIRECT,CALL_PROPAGATED,0x002b04f0->0x005ee540,hard
0x005f3270,0x005f3270,stub_code,a0,int,Unknown_a0_0_4,DIRECT,CALL_PROPAGATED,0x002b0670->0x005f3270,hard
0x00290b70,0x00290b70,stub_code,a0,int,Unknown_a0_0_4,DIRECT,CALL_PROPAGATED,0x002b0770->0x00290b70,hard
0x00290610,0x00290610,stub_code,a0,int,Unknown_a0_0_4,DIRECT,CALL_PROPAGATED,0x002b0820->0x00290610,hard
0x002908c0,0x002908c0,stub_code,a0,int,Unknown_a0_0_4,DIRECT,CALL_PROPAGATED,0x002b08d0->0x002908c0,hard
0x00290e20,0x00290e20,stub_code,a0,int,Unknown_a0_0_4,DIRECT,CALL_PROPAGATED,0x002b0980->0x00290e20,hard
0x005f4ce0,0x005f4ce0,stub_code,a0,int,Unknown_a0_0_4,DIRECT,CALL_PROPAGATED,0x002b0a30->0x005f4ce0,hard
0x0028d530,0x0028d530,stub_code,a0,int,Unknown_a0_0_4,DIRECT,CALL_PROPAGATED,0x002b0b30->0x0028d530,hard
0x00292ee0,0x00292ee0,stub_code,a0,int,Unknown_a0_0_4,DIRECT,CALL_PROPAGATED,0x002b0be0->0x00292ee0,hard
0x005f71f0,0x005f71f0,stub_code,a0,int,Unknown_a0_0_4,DIRECT,CALL_PROPAGATED,0x002b0d90->0x005f71f0,hard
0x0028ff30,0x0028ff30,stub_code,a0,int,Unknown_a0_0_4,DIRECT,CALL_PROPAGATED,0x002b0e90->0x0028ff30,hard
0x005f2ca0,0x005f2ca0,stub_code,a0,int,Unknown_a0_0_4,DIRECT,CALL_PROPAGATED,0x002b0f40->0x005f2ca0,hard
0x005f2990,0x005f2990,stub_code,a0,int,Unknown_a0_0_4,DIRECT,CALL_PROPAGATED,0x002b1040->0x005f2990,hard
0x002e9290,0x002e9290,stub_code,a0,int,Unknown_a0_0_4,DIRECT,CALL_PROPAGATED,0x002b1140->0x002e9290,hard
0x00291500,0x00291500,stub_code,a0,int,Unknown_a0_0_4,DIRECT,CALL_PROPAGATED,0x002b1240->0x00291500,hard
0x00290360,0x00290360,stub_code,a0,int,Unknown_a0_0_4,DIRECT,CALL_PROPAGATED,0x002b12f0->0x00290360,hard
0x00291d30,0x00291d30,stub_code,a0,int,Unknown_a0_0_4,DIRECT,CALL_PROPAGATED,0x002b13a0->0x00291d30,hard
0x005ee7d0,0x005ee7d0,stub_code,a0,int,Unknown_a0_0_4,DIRECT,CALL_PROPAGATED,0x002b1450->0x005ee7d0,hard
0x0028f500,0x0028f500,stub_code,a0,int,Unknown_a0_0_4,DIRECT,CALL_PROPAGATED,0x002b1550->0x0028f500,hard
0x0028efc0,0x0028efc0,stub_code,a0,int,Unknown_a0_0_4,DIRECT,CALL_PROPAGATED,0x002b1600->0x0028efc0,hard
0x00291a50,0x00291a50,stub_code,a0,int,Unknown_a0_0_4,DIRECT,CALL_PROPAGATED,0x002b16b0->0x00291a50,hard
0x005f5d70,0x005f5d70,stub_code,a0,int,Unknown_a0_0_4,DIRECT,CALL_PROPAGATED,0x002b1760->0x005f5d70,hard
0x00292270,0x00292270,stub_code,a0,int,Unknown_a0_0_4,DIRECT,CALL_PROPAGATED,0x002b1860->0x00292270,hard
0x0028dff0,0x0028dff0,stub_code,a0,int,Unknown_a0_0_4,DIRECT,CALL_PROPAGATED,0x002b1910->0x0028dff0,hard
0x00296090,0x00296090,,a1,int,Unknown_a1_0_4_8,CALL_PROPAGATED,CALL_PROPAGATED,0x002b4050->0x00296090,hard
0x002b4050,0x002b4050,stub_code,a0,int,Unknown_a0_0,DIRECT,CALL_PROPAGATED,0x002b4470->0x002b4050,hard
0x002bb3a0,0x002bb3a0,stub_code,a0,int,Unknown_a0_4,DIRECT,CALL_PROPAGATED,0x002b4a00->0x002bb3a0,hard
0x002b3870,0x002b3870,,a0,Unknown_a0_0_4_8_c_14,int,CALL_PROPAGATED,CALL_PROPAGATED,0x002b4ab0->0x002b3870,hard
0x002b39d0,0x002b39d0,,a2,int,ptr,CALL_PROPAGATED,RETURN_PROPAGATED,0x002959e0->0x002b39d0,ptr_int
0x00296090,0x00296090,,a2,int,ptr,CALL_PROPAGATED,RETURN_PROPAGATED,0x002959e0->0x00296090,ptr_int
0x002b5210,0x002b5210,stub_code,a1,int,ptr,DIRECT,RETURN_PROPAGATED,0x002b3930->0x002b5210,ptr_int
0x002b5430,0x002b5430,stub_code,a0,Unknown_a0_0,int,DIRECT,CALL_PROPAGATED,0x002b5620->0x002b5430,hard
0x002b3880,0x002b3880,,a0,int,Unknown_a0_0_8_c,CALL_PROPAGATED,CALL_PROPAGATED,0x002b5cb0->0x002b3880,hard
0x002b3870,0x002b3870,,a0,Unknown_a0_0_4_8_c_14,Unknown_a0_0_8_c,CALL_PROPAGATED,CALL_PROPAGATED,0x002b5cb0->0x002b3870,hard
0x002b3930,0x002b3930,,a0,int,Unknown_a0_0_8_c,CALL_PROPAGATED,CALL_PROPAGATED,0x002b5cb0->0x002b3930,hard
0x005fd3a0,0x005fd3a0,stub_code,a0,Unknown_a0_0_10_54,Unknown_a0_24,DIRECT,CALL_PROPAGATED,0x002b5f60->0x005fd3a0,hard
0x002b05f0,0x002b05f0,stub_code,a1,Unknown_a1_0_4,int,DIRECT,CALL_PROPAGATED,0x002b61b0->0x002b05f0,hard
0x002a42f0,0x002a42f0,,a2,ptr,int,HEURISTIC,CALL_PROPAGATED,0x002b61b0->0x002a42f0,ptr_int
0x002b6710,0x002b6710,stub_code,a1,int,ptr,DIRECT,RETURN_PROPAGATED,0x002a4300->0x002b6710,ptr_int
0x00297a80,0x00297a80,stub_code,a0,Unknown_a0_0_4,int,DIRECT,CALL_PROPAGATED,0x002b6820->0x00297a80,hard
0x00298400,0x00298400,stub_code,a2,ptr,int,STRUCT_FIELD,CALL_PROPAGATED,0x002b6820->0x00298400,ptr_int
0x002a92c0,0x002a92c0,,a0,int,Unknown_a0_10,CALL_PROPAGATED,CALL_PROPAGATED,0x002b6f60->0x002a92c0,hard
0x0029b1f0,0x0029b1f0,stub_code,a0,Unknown_a0_4,Unknown_a0_10,DIRECT,CALL_PROPAGATED,0x002b7110->0x0029b1f0,hard
0x002b6cc0,0x002b6cc0,stub_code,a0,int,Unknown_a0_10,DIRECT,CALL_PROPAGATED,0x002b7110->0x002b6cc0,hard
0x00293f50,0x00293f50,stub_code,a0,Unknown_a0_8,int,DIRECT,CALL_PROPAGATED,0x002b7520->0x00293f50,hard
0x00293f50,0x00293f50,stub_code,a1,int,ptr,DIRECT,CALL_PROPAGATED,0x002b7520->0x00293f50,ptr_int
0x002b7520,0x002b7520,stub_code,a0,int,Unknown_a0_24,DIRECT,CALL_PROPAGATED,0x002b77c0->0x002b7520,hard
0x00294850,0x00294850,stub_code,a0,Unknown_a0_0,Unknown_a0_24,DIRECT,CALL_PROPAGATED,0x002b77c0->0x00294850,hard
0x002b7860,0x002b7860,stub_code,a0,int,Unknown_a0_24,DIRECT,CALL_PROPAGATED,0x002b7ca0->0x002b7860,hard
0x002b7a40,0x002b7a40,stub_code,a0,int,Unknown_a0_24,DIRECT,CALL_PROPAGATED,0x002b7d00->0x002b7a40,hard
0x002b9760,0x002b9760,stub_code,a2,ptr,int,STRUCT_FIELD,CALL_PROPAGATED,0x002b7ff0->0x002b9760,ptr_int
0x002b7860,0x002b7860,stub_code,a0,int,ptr,DIRECT,RETURN_PROPAGATED,0x002b3930->0x002b7860,ptr_int
0x002a7e10,0x002a7e10,stub_code,a0,int,ptr,DIRECT,CALL_PROPAGATED,0x002b8710->0x002a7e10,ptr_int
0x002a7e10,0x002a7e10,stub_code,a1,int,ptr,DIRECT,CALL_PROPAGATED,0x002b8710->0x002a7e10,ptr_int
0x005fabc0,0x005fabc0,,a2,ptr,int,HEURISTIC,CALL_PROPAGATED,0x002b8710->0x005fabc0,ptr_int
0x005fabc0,0x005fabc0,,a3,ptr,int,HEURISTIC,CALL_PROPAGATED,0x002b8710->0x005fabc0,ptr_int
0x005fd3a0,0x005fd3a0,stub_code,a0,Unknown_a0_0_10_54,int,DIRECT,CALL_PROPAGATED,0x002b8ac0->0x005fd3a0,hard
0x00297380,0x00297380,stub_code,a0,int,ptr,DIRECT,RETURN_PROPAGATED,0x00297380->0x00297380,ptr_int
0x002b8fe0,0x002b8fe0,stub_code,a0,int,Unknown_a0_8c,DIRECT,CALL_PROPAGATED,0x002b8f50->0x002b8fe0,hard
0x002b7520,0x002b7520,stub_code,a0,int,ptr,DIRECT,RETURN_PROPAGATED,0x002b3930->0x002b7520,ptr_int
0x002b7520,0x002b7520,stub_code,a2,int,ptr,DIRECT,CALL_PROPAGATED,0x002b8fe0->0x002b7520,ptr_int
0x002b7520,0x002b7520,stub_code,a3,int,ptr,DIRECT,CALL_PROPAGATED,0x002b8fe0->0x002b7520,ptr_int
0x002b7c60,0x002b7c60,,a0,int,ptr,CALL_PROPAGATED,RETURN_PROPAGATED,0x002b3930->0x002b7c60,ptr_int
0x002b7c60,0x002b7c60,,a1,int,ptr,CALL_PROPAGATED,CALL_PROPAGATED,0x002b8fe0->0x002b7c60,ptr_int
0x002b7c60,0x002b7c60,,a2,int,ptr,CALL_PROPAGATED,CALL_PROPAGATED,0x002b8fe0->0x002b7c60,ptr_int
0x002b7c60,0x002b7c60,,a3,int,ptr,CALL_PROPAGATED,CALL_PROPAGATED,0x002b8fe0->0x002b7c60,ptr_int
0x002b7c30,0x002b7c30,,a1,int,ptr,HEURISTIC,CALL_PROPAGATED,0x002b8fe0->0x002b7c30,ptr_int
0x002b7c30,0x002b7c30,,a2,int,ptr,CALL_PROPAGATED,CALL_PROPAGATED,0x002b8fe0->0x002b7c30,ptr_int
0x002b7c30,0x002b7c30,,a3,int,ptr,CALL_PROPAGATED,CALL_PROPAGATED,0x002b8fe0->0x002b7c30,ptr_int
0x002b7860,0x002b7860,stub_code,a1,int,ptr,DIRECT,CALL_PROPAGATED,0x002b8fe0->0x002b7860,ptr_int
0x002b7860,0x002b7860,stub_code,a2,int,ptr,DIRECT,CALL_PROPAGATED,0x002b8fe0->0x002b7860,ptr_int
0x002b7860,0x002b7860,stub_code,a3,int,ptr,DIRECT,CALL_PROPAGATED,0x002b8fe0->0x002b7860,ptr_int
0x002b39d0,0x002b39d0,,a3,int,ptr,CALL_PROPAGATED,CALL_PROPAGATED,0x002b8fe0->0x002b39d0,ptr_int
0x002b3930,0x002b3930,,a2,int,ptr,CALL_PROPAGATED,CALL_PROPAGATED,0x002b8fe0->0x002b3930,ptr_int
0x002b3930,0x002b3930,,a3,int,ptr,CALL_PROPAGATED,CALL_PROPAGATED,0x002b8fe0->0x002b3930,ptr_int
0x002b7c30,0x002b7c30,,a0,int,ptr,HEURISTIC,CALL_PROPAGATED,0x002b8fe0->0x002b7c30,ptr_int
0x001f3e20,0x001f3e20,stub_code,a0,int,ptr,DIRECT,CALL_PROPAGATED,0x002b8fe0->0x001f3e20,ptr_int
0x002b5620,0x002b5620,stub_code,a1,int,ptr,DIRECT,CALL_PROPAGATED,0x002b8fe0->0x002b5620,ptr_int
0x002b5620,0x002b5620,stub_code,a2,int,ptr,DIRECT,CALL_PROPAGATED,0x002b8fe0->0x002b5620,ptr_int
0x002b5620,0x002b5620,stub_code,a3,int,ptr,DIRECT,CALL_PROPAGATED,0x002b8fe0->0x002b5620,ptr_int
0x002eafb0,0x002eafb0,stub_code,a1,int,ptr,DIRECT,RETURN_PROPAGATED,0x001f3e20->0x002eafb0,ptr_int
0x002eafb0,0x002eafb0,stub_code,a3,int,ptr,DIRECT,CALL_PROPAGATED,0x002b8fe0->0x002eafb0,ptr_int
0x002c48f0,FUN_002c48f0,pseudo_stub,a1,ptr,int,STRUCT_FIELD,CALL_PROPAGATED,0x002b9630->0x002c48f0,ptr_int
0x002b8fe0,0x002b8fe0,stub_code,a0,int,ptr,DIRECT,RETURN_PROPAGATED,0x00297380->0x002b8fe0,ptr_int
0x002b8fe0,0x002b8fe0,stub_code,a1,ptr,int,STRUCT_FIELD,CALL_PROPAGATED,0x002b9760->0x002b8fe0,ptr_int
0x002b8fe0,0x002b8fe0,stub_code,a2,int,ptr,DIRECT,CALL_PROPAGATED,0x002b9760->0x002b8fe0,ptr_int
0x00295c80,0x00295c80,stub_code,a0,int,ptr,DIRECT,CALL_PROPAGATED,0x002b9760->0x00295c80,ptr_int
0x00295c80,0x00295c80,stub_code,a2,int,ptr,DIRECT,CALL_PROPAGATED,0x002b9760->0x00295c80,ptr_int
0x00295ac0,0x00295ac0,stub_code,a0,int,ptr,DIRECT,CALL_PROPAGATED,0x002b9760->0x00295ac0,ptr_int
0x00295ac0,0x00295ac0,stub_code,a2,int,ptr,DIRECT,CALL_PROPAGATED,0x002b9760->0x00295ac0,ptr_int
0x00297380,0x00297380,stub_code,a2,int,ptr,DIRECT,CALL_PROPAGATED,0x002b9760->0x00297380,ptr_int
0x002b60a0,0x002b60a0,stub_code,a3,Unknown_a3_0,int,DIRECT,CALL_PROPAGATED,0x002b98a0->0x002b60a0,hard
0x001415d0,0x001415d0,stub_code,a0,int,ptr,DIRECT,RETURN_PROPAGATED,0x00297380->0x001415d0,ptr_int
0x002bb340,0x002bb340,,a3,Unknown_a3_0,int,CALL_PROPAGATED,CALL_PROPAGATED,0x002b9b30->0x002bb340,hard
0x002bad20,0x002bad20,stub_code,a1,int,ptr,DIRECT,RETURN_PROPAGATED,0x002bad20->0x002bad20,ptr_int
0x002b60a0,0x002b60a0,stub_code,a1,int,ptr,DIRECT,RETURN_PROPAGATED,0x002bad20->0x002b60a0,ptr_int
0x005f85a0,0x005f85a0,stub_code,a0,Unknown_a0_8_10_14_18,Unknown_a0_0_6c,DIRECT,CALL_PROPAGATED,0x002ba8f0->0x005f85a0,hard
0x002e9810,0x002e9810,stub_code,a1,Unknown_a1_8,int,DIRECT,CALL_PROPAGATED,0x002bb680->0x002e9810,hard
0x002169d0,0x002169d0,,a1,ptr,int,HEURISTIC,CALL_PROPAGATED,0x002bb790->0x002169d0,ptr_int
0x002b0280,0x002b0280,stub_code,a1,Unknown_a1_0_4,int,DIRECT,CALL_PROPAGATED,0x002bb790->0x002b0280,hard
0x002e9fb0,0x002e9fb0,stub_code,a1,int,ptr,DIRECT,RETURN_PROPAGATED,0x002b0280->0x002e9fb0,ptr_int
0x002bc0f0,0x002bc0f0,stub_code,a1,int,ptr,DIRECT,RETURN_PROPAGATED,0x002aff90->0x002bc0f0,ptr_int
0x001ea6f0,0x001ea6f0,stub_code,a1,int,ptr,DIRECT,RETURN_PROPAGATED,0x002afca0->0x001ea6f0,ptr_int
0x002960c0,0x002960c0,stub_code,a1,int,ptr,DIRECT,RETURN_PROPAGATED,0x002afb80->0x002960c0,ptr_int
0x002afa50,0x002afa50,stub_code,a1,Unknown_a1_0_4,int,DIRECT,CALL_PROPAGATED,0x002bc280->0x002afa50,hard
0x002144a0,0x002144a0,stub_code,a1,int,ptr,DIRECT,RETURN_PROPAGATED,0x002aff90->0x002144a0,ptr_int
0x002bcda0,0x002bcda0,stub_code,a1,int,ptr,DIRECT,RETURN_PROPAGATED,0x002af850->0x002bcda0,ptr_int
0x002bce30,0x002bce30,stub_code,a3,int,Unknown_a3_0_4,DIRECT,CALL_PROPAGATED,0x002bcf40->0x002bce30,hard
0x002bce20,0x002bce20,,a1,ptr,int,HEURISTIC,CALL_PROPAGATED,0x002bcf40->0x002bce20,ptr_int
0x002bce20,0x002bce20,,a3,int,Unknown_a3_0_4,CALL_PROPAGATED,CALL_PROPAGATED,0x002bcf40->0x002bce20,hard
0x002969d0,0x002969d0,,a3,int,Unknown_a3_0_4,CALL_PROPAGATED,CALL_PROPAGATED,0x002bcf40->0x002969d0,hard
0x002af850,0x002af850,stub_code,a1,Unknown_a1_0_4,int,DIRECT,CALL_PROPAGATED,0x002bcf40->0x002af850,hard
0x002af850,0x002af850,stub_code,a3,int,Unknown_a3_0_4,DIRECT,CALL_PROPAGATED,0x002bcf40->0x002af850,hard
0x00214420,0x00214420,stub_code,a1,int,ptr,DIRECT,RETURN_PROPAGATED,0x002af850->0x00214420,ptr_int
0x00214420,0x00214420,stub_code,a3,int,Unknown_a3_0_4,DIRECT,CALL_PROPAGATED,0x002bcf40->0x00214420,hard
0x002aff90,0x002aff90,stub_code,a3,int,Unknown_a3_0_4,DIRECT,CALL_PROPAGATED,0x002bcf40->0x002aff90,hard
0x004f2770,0x004f2770,stub_code,a3,int,Unknown_a3_0_4,DIRECT,CALL_PROPAGATED,0x002bcf40->0x004f2770,hard
0x002bd610,0x002bd610,stub_code,a3,int,Unknown_a3_0_4,DIRECT,CALL_PROPAGATED,0x002bcf40->0x002bd610,hard
0x002aee40,0x002aee40,stub_code,a3,int,Unknown_a3_0_4,DIRECT,CALL_PROPAGATED,0x002bcf40->0x002aee40,hard
0x002be5c0,0x002be5c0,stub_code,a3,int,Unknown_a3_0_4,DIRECT,CALL_PROPAGATED,0x002bcf40->0x002be5c0,hard
0x005f9040,0x005f9040,,a3,int,Unknown_a3_0_4,CALL_PROPAGATED,CALL_PROPAGATED,0x002bcf40->0x005f9040,hard
0x002bd580,0x002bd580,stub_code,a3,int,Unknown_a3_0_4,DIRECT,CALL_PROPAGATED,0x002bcf40->0x002bd580,hard
0x002aec40,0x002aec40,stub_code,a3,int,Unknown_a3_0_4,DIRECT,CALL_PROPAGATED,0x002bcf40->0x002aec40,hard
0x00511940,0x00511940,stub_code,a3,int,Unknown_a3_0_4,DIRECT,CALL_PROPAGATED,0x002bcf40->0x00511940,hard
0x002bc0f0,0x002bc0f0,stub_code,a3,int,Unknown_a3_0_4,DIRECT,CALL_PROPAGATED,0x002bcf40->0x002bc0f0,hard
0x00223d80,0x00223d80,,a3,int,Unknown_a3_0_4,CALL_PROPAGATED,CALL_PROPAGATED,0x002bcf40->0x00223d80,hard
0x002afe20,0x002afe20,stub_code,a3,int,Unknown_a3_0_4,DIRECT,CALL_PROPAGATED,0x002bcf40->0x002afe20,hard
0x00513f30,FUN_00513f30,pseudo_stub,a3,int,Unknown_a3_0_4,DIRECT,CALL_PROPAGATED,0x002bcf40->0x00513f30,hard
0x002a40d0,0x002a40d0,,a1,ptr,int,HEURISTIC,CALL_PROPAGATED,0x002bd690->0x002a40d0,ptr_int
0x002a40d0,0x002a40d0,,a2,ptr,int,HEURISTIC,CALL_PROPAGATED,0x002bd690->0x002a40d0,ptr_int
0x002a40e0,0x002a40e0,stub_code,a1,Unknown_a1_0_4,int,DIRECT,CALL_PROPAGATED,0x002bd690->0x002a40e0,hard
0x002a4050,0x002a4050,stub_code,a1,int,ptr,DIRECT,RETURN_PROPAGATED,0x002a40e0->0x002a4050,ptr_int
0x002a3fc0,0x002a3fc0,,a2,ptr,int,HEURISTIC,CALL_PROPAGATED,0x002bd690->0x002a3fc0,ptr_int
0x002a3fc0,0x002a3fc0,,a3,ptr,int,HEURISTIC,CALL_PROPAGATED,0x002bd690->0x002a3fc0,ptr_int
0x002a3eb0,0x002a3eb0,,a2,ptr,int,HEURISTIC,CALL_PROPAGATED,0x002bd690->0x002a3eb0,ptr_int
0x002a3eb0,0x002a3eb0,,a3,ptr,int,HEURISTIC,CALL_PROPAGATED,0x002bd690->0x002a3eb0,ptr_int
0x002a4510,0x002a4510,,a2,ptr,int,HEURISTIC,CALL_PROPAGATED,0x002bd690->0x002a4510,ptr_int
0x001071e0,FUN_001071e0,real_c,a0,Unknown_a0_0_4_8_c_10_14_18_1c_20_24_28_2c_30_34_38_3c,Unknown_a0_14,DIRECT,CALL_PROPAGATED,0x002be3b0->0x001071e0,hard
0x005c0ee0,0x005c0ee0,stub_code,a1,Unknown_a1_8_1c,int,DIRECT,CALL_PROPAGATED,0x002be5c0->0x005c0ee0,hard
0x005c0ee0,0x005c0ee0,stub_code,a2,int,Unknown_a0_8_1c,DIRECT,CALL_PROPAGATED,0x002be5c0->0x005c0ee0,hard
0x00511940,0x00511940,stub_code,a2,int,Unknown_a0_8_1c,DIRECT,CALL_PROPAGATED,0x002be5c0->0x00511940,hard
0x005c0d40,0x005c0d40,stub_code,a2,Unknown_a2_0_4,Unknown_a0_8_1c,CALL_PROPAGATED,CALL_PROPAGATED,0x002be5c0->0x005c0d40,hard
0x003f94c8,0x003f94c8,stub_code,a0,int,ptr,DIRECT,CALL_PROPAGATED,0x002be870->0x003f94c8,ptr_int
0x00171930,0x00171930,stub_code,a0,int,Unknown_a0_2c,DIRECT,CALL_PROPAGATED,0x002c0b90->0x00171930,hard
0x004b9ee0,0x004b9ee0,stub_code,a3,int,Unknown_a0_0_4_8,DIRECT,CALL_PROPAGATED,0x002c0d20->0x004b9ee0,hard
0x00591640,0x00591640,stub_code,a0,int,ptr,DIRECT,RETURN_PROPAGATED,0x0058b090->0x00591640,ptr_int
0x002b5620,0x002b5620,stub_code,a0,int,Unknown_a0_1c,DIRECT,CALL_PROPAGATED,0x002c1880->0x002b5620,hard
0x002c3210,0x002c3210,stub_code,a0,int,Unknown_a0_1c,DIRECT,CALL_PROPAGATED,0x002c1880->0x002c3210,hard
0x002c1a50,0x002c1a50,stub_code,a0,Unknown_a0_0_c,Unknown_a0_1c,DIRECT,CALL_PROPAGATED,0x002c1880->0x002c1a50,hard
0x0058b090,0x0058b090,,a0,Unknown_a0_f38,Unknown_a0_1c,CALL_PROPAGATED,CALL_PROPAGATED,0x002c1880->0x0058b090,hard
0x002c3210,0x002c3210,stub_code,a1,int,Unknown_a0_51,DIRECT,CALL_PROPAGATED,0x002c1910->0x002c3210,hard
0x002c1a50,0x002c1a50,stub_code,a1,int,Unknown_a0_51,DIRECT,CALL_PROPAGATED,0x002c1910->0x002c1a50,hard
0x002b5620,0x002b5620,stub_code,a1,int,Unknown_a0_51,DIRECT,CALL_PROPAGATED,0x002c1910->0x002b5620,hard
0x002c3210,0x002c3210,stub_code,a0,int,ptr,DIRECT,RETURN_PROPAGATED,0x002b3930->0x002c3210,ptr_int
0x0042f5b8,0x0042f5b8,,a1,int,ptr,HEURISTIC,RETURN_PROPAGATED,0x00429068->0x0042f5b8,ptr_int
0x002b39d0,0x002b39d0,,a1,Unknown_a0_51,int,CALL_PROPAGATED,CALL_PROPAGATED,0x002c24a0->0x002b39d0,hard
0x0042f3a0,0x0042f3a0,,a1,Unknown_a1_3c,int,CALL_PROPAGATED,CALL_PROPAGATED,0x002c3210->0x0042f3a0,hard
0x005144a0,0x005144a0,stub_code,a0,int,Unknown_a0_8_c,DIRECT,CALL_PROPAGATED,0x002c3410->0x005144a0,hard
0x002c3410,0x002c3410,stub_code,a0,Unknown_a0_8_c,int,DIRECT,CALL_PROPAGATED,0x002c3560->0x002c3410,hard
0x002c5680,0x002c5680,stub_code,a1,int,ptr,DIRECT,CALL_PROPAGATED,0x002c3f40->0x002c5680,ptr_int
0x002c6200,0x002c6200,stub_code,a1,int,ptr,DIRECT,CALL_PROPAGATED,0x002c3f40->0x002c6200,ptr_int
0x002c6810,0x002c6810,stub_code,a0,Unknown_a0_4_8,Unknown_a0_3c,DIRECT,CALL_PROPAGATED,0x002c41f0->0x002c6810,hard
0x002c4600,0x002c4600,stub_code,a1,int,Unknown_a0_3c,DIRECT,CALL_PROPAGATED,0x002c41f0->0x002c4600,hard
0x002c5ac0,0x002c5ac0,stub_code,a1,int,Unknown_a0_3c,DIRECT,CALL_PROPAGATED,0x002c41f0->0x002c5ac0,hard
0x002c46d0,0x002c46d0,stub_code,a1,int,Unknown_a0_3c,DIRECT,CALL_PROPAGATED,0x002c41f0->0x002c46d0,hard
0x00296ed0,0x00296ed0,stub_code,a1,int,Unknown_a0_3c,DIRECT,CALL_PROPAGATED,0x002c41f0->0x00296ed0,hard
0x00296e30,0x00296e30,stub_code,a1,int,Unknown_a0_3c,DIRECT,CALL_PROPAGATED,0x002c41f0->0x00296e30,hard
0x002c5030,0x002c5030,stub_code,a0,Unknown_a0_0,Unknown_a0_20,DIRECT,CALL_PROPAGATED,0x002c46d0->0x002c5030,hard
0x002be0c0,0x002be0c0,,a2,ptr,int,HEURISTIC,CALL_PROPAGATED,0x002c4780->0x002be0c0,ptr_int
0x002c1a30,0x002c1a30,,a2,int,ptr,CALL_PROPAGATED,RETURN_PROPAGATED,0x005c0d40->0x002c1a30,ptr_int
0x002c1a30,0x002c1a30,,a1,int,Unknown_a0_0,CALL_PROPAGATED,CALL_PROPAGATED,0x002c5030->0x002c1a30,hard
0x005c0ee0,0x005c0ee0,stub_code,a1,Unknown_a1_8_1c,Unknown_a0_0,DIRECT,CALL_PROPAGATED,0x002c5030->0x005c0ee0,hard
0x00511940,0x00511940,stub_code,a1,int,Unknown_a0_0,DIRECT,CALL_PROPAGATED,0x002c5030->0x00511940,hard
0x005c0d40,0x005c0d40,stub_code,a1,int,Unknown_a0_0,DIRECT,CALL_PROPAGATED,0x002c5030->0x005c0d40,hard
0x0055a8a0,0x0055a8a0,,a2,ptr,int,RETURN_PROPAGATED,CALL_PROPAGATED,0x002c5250->0x0055a8a0,ptr_int
0x0055a8a0,0x0055a8a0,,a3,ptr,int,HEURISTIC,CALL_PROPAGATED,0x002c5250->0x0055a8a0,ptr_int
0x0055a8a0,0x0055a8a0,,a1,ptr,int,HEURISTIC,CALL_PROPAGATED,0x002c58b0->0x0055a8a0,ptr_int
0x002c6920,0x002c6920,,a1,int,Unknown_a0_4_8,CALL_PROPAGATED,CALL_PROPAGATED,0x002c6810->0x002c6920,hard
0x0058b0b0,0x0058b0b0,,a0,Unknown_a0_0_50,Unknown_a0_0,CALL_PROPAGATED,CALL_PROPAGATED,0x002c69b0->0x0058b0b0,hard
0x002b8f50,0x002b8f50,stub_code,a0,Unknown_a0_8c,int,DIRECT,CALL_PROPAGATED,0x002c6e00->0x002b8f50,hard
0x00511940,0x00511940,stub_code,a0,Unknown_a0_0_4c,Unknown_a0_4_3c,DIRECT,CALL_PROPAGATED,0x002c7030->0x00511940,hard
0x002c8650,0x002c8650,stub_code,a0,int,Unknown_a0_4_3c,DIRECT,CALL_PROPAGATED,0x002c7030->0x002c8650,hard
0x002c7b10,0x002c7b10,stub_code,a0,int,Unknown_a0_4_3c,DIRECT,CALL_PROPAGATED,0x002c7030->0x002c7b10,hard
0x00511940,0x00511940,stub_code,a0,Unknown_a0_0_4c,Unknown_a0_0_4_8_c_10_14_18_1c_3c,DIRECT,CALL_PROPAGATED,0x002c72a0->0x00511940,hard
0x00511940,0x00511940,stub_code,a2,int,Unknown_a0_0_4_8_c_10_14_18_1c_3c,DIRECT,CALL_PROPAGATED,0x002c72a0->0x00511940,hard
0x005fdca0,0x005fdca0,stub_code,a2,int,Unknown_a0_0_4_8_c_10_14_18_1c_3c,DIRECT,CALL_PROPAGATED,0x002c72a0->0x005fdca0,hard
0x00511940,0x00511940,stub_code,a0,Unknown_a0_0_4c,Unknown_a0_4_30,DIRECT,CALL_PROPAGATED,0x002c7560->0x00511940,hard
0x005faa50,0x005faa50,stub_code,a0,Unknown_a0_20,int,DIRECT,CALL_PROPAGATED,0x002c7b10->0x005faa50,hard
0x005fdeb0,0x005fdeb0,stub_code,a0,Unknown_a0_8,int,DIRECT,CALL_PROPAGATED,0x002c7b60->0x005fdeb0,hard
0x00511940,0x00511940,stub_code,a0,Unknown_a0_0_4c,Unknown_a0_0_4_8_c_10_14_18_1c_28,DIRECT,CALL_PROPAGATED,0x002c7f40->0x00511940,hard
0x002be5c0,0x002be5c0,stub_code,a0,Unknown_a0_8_1c,int,DIRECT,CALL_PROPAGATED,0x002c8240->0x002be5c0,hard
0x00511940,0x00511940,stub_code,a0,Unknown_a0_0_4c,Unknown_a0_4_c,DIRECT,CALL_PROPAGATED,0x002c8400->0x00511940,hard
0x002beab0,0x002beab0,stub_code,a0,Unknown_a0_8_1c,int,DIRECT,CALL_PROPAGATED,0x002c8460->0x002beab0,hard
0x005dbc60,0x005dbc60,,a1,ptr,int,HEURISTIC,CALL_PROPAGATED,0x002c8460->0x005dbc60,ptr_int
0x005dbc70,0x005dbc70,,a1,ptr,int,HEURISTIC,CALL_PROPAGATED,0x002c8460->0x005dbc70,ptr_int
0x0058bac0,0x0058bac0,,a2,ptr,int,HEURISTIC,CALL_PROPAGATED,0x002c8eb0->0x0058bac0,ptr_int
0x0058bac0,0x0058bac0,,a3,ptr,int,HEURISTIC,CALL_PROPAGATED,0x002c8eb0->0x0058bac0,ptr_int
0x002c93b0,0x002c93b0,stub_code,a1,int,ptr,DIRECT,RETURN_PROPAGATED,0x004c4940->0x002c93b0,ptr_int
0x0021dfd0,0x0021dfd0,,a3,Unknown_a3_0_4,int,CALL_PROPAGATED,CALL_PROPAGATED,0x002c8eb0->0x0021dfd0,hard
0x00215780,0x00215780,,a0,ptr,int,HEURISTIC,CALL_PROPAGATED,0x002ca540->0x00215780,ptr_int
0x00215770,0x00215770,,a0,ptr,int,HEURISTIC,CALL_PROPAGATED,0x002ca540->0x00215770,ptr_int
0x004bc880,0x004bc880,stub_code,a1,int,ptr,DIRECT,RETURN_PROPAGATED,0x004c4940->0x004bc880,ptr_int
0x00185090,0x00185090,,a2,ptr,int,HEURISTIC,CALL_PROPAGATED,0x002cc3f0->0x00185090,ptr_int
0x00185090,0x00185090,,a1,ptr,int,HEURISTIC,RETURN_PROPAGATED,0x00151160->0x00185090,ptr_int
0x005fabf0,0x005fabf0,,a1,ptr,int,HEURISTIC,CALL_PROPAGATED,0x002ccad0->0x005fabf0,ptr_int
0x005fabf0,0x005fabf0,,a3,ptr,int,HEURISTIC,CALL_PROPAGATED,0x002ccad0->0x005fabf0,ptr_int
0x0058bac0,0x0058bac0,,a1,ptr,int,HEURISTIC,CALL_PROPAGATED,0x002cd330->0x0058bac0,ptr_int
0x001ffe80,0x001ffe80,stub_code,a0,ptr,int,STRUCT_FIELD,CALL_PROPAGATED,0x002ce0d0->0x001ffe80,ptr_int
0x004d34e0,0x004d34e0,,a1,int,ptr,CALL_PROPAGATED,RETURN_PROPAGATED,0x0050fe00->0x004d34e0,ptr_int
0x004d8990,0x004d8990,stub_code,a0,int,ptr,DIRECT,CALL_PROPAGATED,0x002cfe00->0x004d8990,ptr_int
0x002d46b0,0x002d46b0,,a0,ptr,int,CALL_PROPAGATED,CALL_PROPAGATED,0x002d0200->0x002d46b0,ptr_int
0x002d1d90,0x002d1d90,,a1,int,ptr,HEURISTIC,RETURN_PROPAGATED,0x002d1d80->0x002d1d90,ptr_int
0x002cfe00,0x002cfe00,stub_code,a1,int,ptr,DIRECT,RETURN_PROPAGATED,0x002d1d80->0x002cfe00,ptr_int
0x002d0d30,0x002d0d30,stub_code,a1,int,ptr,DIRECT,RETURN_PROPAGATED,0x002d1d80->0x002d0d30,ptr_int
0x002d46b0,0x002d46b0,,a1,int,ptr,CALL_PROPAGATED,RETURN_PROPAGATED,0x002d1d80->0x002d46b0,ptr_int
0x004d8990,0x004d8990,stub_code,a1,int,ptr,DIRECT,RETURN_PROPAGATED,0x002d1d80->0x004d8990,ptr_int
0x005db8e0,0x005db8e0,stub_code,a1,int,ptr,DIRECT,RETURN_PROPAGATED,0x002d1d80->0x005db8e0,ptr_int
0x00514100,0x00514100,stub_code,a1,int,ptr,DIRECT,RETURN_PROPAGATED,0x002d1d80->0x00514100,ptr_int
0x002d46b0,0x002d46b0,,a2,int,ptr,CALL_PROPAGATED,RETURN_PROPAGATED,0x00514100->0x002d46b0,ptr_int
0x005db8e0,0x005db8e0,stub_code,a2,int,ptr,DIRECT,RETURN_PROPAGATED,0x00514100->0x005db8e0,ptr_int
0x002d0eb0,0x002d0eb0,stub_code,a2,int,ptr,DIRECT,RETURN_PROPAGATED,0x00514100->0x002d0eb0,ptr_int
0x002d1030,0x002d1030,stub_code,a2,int,ptr,DIRECT,RETURN_PROPAGATED,0x00514100->0x002d1030,ptr_int
0x00514420,0x00514420,stub_code,a2,int,ptr,DIRECT,RETURN_PROPAGATED,0x00514100->0x00514420,ptr_int
0x00512ee0,0x00512ee0,stub_code,a0,Unknown_a0_0_4c,Unknown_a0_0_8_10_1c,DIRECT,CALL_PROPAGATED,0x002d0d30->0x00512ee0,hard
0x002d46b0,0x002d46b0,,a0,Unknown_a0_0_8_10_1c,int,CALL_PROPAGATED,CALL_PROPAGATED,0x002d1030->0x002d46b0,hard
0x00506440,0x00506440,,a0,Unknown_a0_0_4_20,Unknown_a0_0_8,CALL_PROPAGATED,CALL_PROPAGATED,0x002d14f0->0x00506440,hard
0x002d4e90,0x002d4e90,stub_code,a0,Unknown_a0_0,int,DIRECT,CALL_PROPAGATED,0x002d14f0->0x002d4e90,hard
0x0033b9a0,0x0033b9a0,stub_code,a1,int,ptr,DIRECT,RETURN_PROPAGATED,0x002d4ac0->0x0033b9a0,ptr_int
0x002d1e00,0x002d1e00,stub_code,a1,int,Unknown_a1_0_4_8,DIRECT,CALL_PROPAGATED,0x002d1dc0->0x002d1e00,hard
0x004f2290,0x004f2290,stub_code,a2,int,ptr,DIRECT,RETURN_PROPAGATED,0x00512ee0->0x004f2290,ptr_int
0x002d26d0,0x002d26d0,stub_code,a1,Unknown_a1_0_4,int,DIRECT,CALL_PROPAGATED,0x002d21c0->0x002d26d0,hard
0x002d26d0,0x002d26d0,stub_code,a2,Unknown_a2_4,int,DIRECT,CALL_PROPAGATED,0x002d21c0->0x002d26d0,hard
0x002d26d0,0x002d26d0,stub_code,a3,Unknown_a3_4,int,DIRECT,CALL_PROPAGATED,0x002d21c0->0x002d26d0,hard
0x00511940,0x00511940,stub_code,a3,int,Unknown_a3_4,DIRECT,CALL_PROPAGATED,0x002d26d0->0x00511940,hard
0x002d2880,0x002d2880,stub_code,a1,int,Unknown_a1_0_4_8,DIRECT,CALL_PROPAGATED,0x002d2840->0x002d2880,hard
0x002d3570,0x002d3570,stub_code,a1,int,ptr,DIRECT,RETURN_PROPAGATED,0x00511940->0x002d3570,ptr_int
0x005111f0,0x005111f0,,a1,int,ptr,CALL_PROPAGATED,CALL_PROPAGATED,0x002d4640->0x005111f0,ptr_int
0x0033c120,0x0033c120,stub_code,a0,int,Unknown_a0_0,DIRECT,CALL_PROPAGATED,0x002d4e90->0x0033c120,hard
0x0033c120,0x0033c120,stub_code,a1,int,Unknown_a0_0,DIRECT,CALL_PROPAGATED,0x002d4e90->0x0033c120,hard
0x002d5050,0x002d5050,,a3,ptr,int,HEURISTIC,CALL_PROPAGATED,0x002d4e90->0x002d5050,ptr_int
0x002d5050,0x002d5050,,a0,ptr,int,HEURISTIC,CALL_PROPAGATED,0x002d4fe0->0x002d5050,ptr_int
0x002d5050,0x002d5050,,a1,ptr,int,HEURISTIC,CALL_PROPAGATED,0x002d4fe0->0x002d5050,ptr_int
0x002d5050,0x002d5050,,a2,ptr,int,HEURISTIC,CALL_PROPAGATED,0x002d4fe0->0x002d5050,ptr_int
0x003f94c8,0x003f94c8,stub_code,a0,int,Unknown_a0_0_8c,DIRECT,CALL_PROPAGATED,0x002d54b0->0x003f94c8,hard
0x0058a7a0,0x0058a7a0,,a0,Unknown_a0_24,int,CALL_PROPAGATED,CALL_PROPAGATED,0x002d6350->0x0058a7a0,hard
0x00511940,0x00511940,stub_code,a0,Unknown_a0_0_4c,Unknown_a0_0_50,DIRECT,CALL_PROPAGATED,0x002d68c0->0x00511940,hard
0x005c1080,0x005c1080,stub_code,a0,Unknown_a0_0_8_10_1c,Unknown_a0_0_50,DIRECT,CALL_PROPAGATED,0x002d68c0->0x005c1080,hard
0x004c6180,0x004c6180,stub_code,a2,int,ptr,DIRECT,RETURN_PROPAGATED,0x004c59b0->0x004c6180,ptr_int
0x004c1840,0x004c1840,stub_code,a2,int,ptr,DIRECT,RETURN_PROPAGATED,0x004c59b0->0x004c1840,ptr_int
0x004c5150,0x004c5150,stub_code,a2,int,ptr,DIRECT,RETURN_PROPAGATED,0x004c59b0->0x004c5150,ptr_int
0x004bc880,0x004bc880,stub_code,a2,int,ptr,DIRECT,RETURN_PROPAGATED,0x004c59b0->0x004bc880,ptr_int
0x004c46b0,0x004c46b0,stub_code,a2,int,ptr,DIRECT,RETURN_PROPAGATED,0x004c59b0->0x004c46b0,ptr_int
0x002ee780,0x002ee780,,a2,int,ptr,CALL_PROPAGATED,RETURN_PROPAGATED,0x002d8560->0x002ee780,ptr_int
0x00512f80,0x00512f80,stub_code,a0,int,Unknown_a0_3c,DIRECT,CALL_PROPAGATED,0x002d8590->0x00512f80,hard
0x002d8ae0,0x002d8ae0,stub_code,a1,int,ptr,DIRECT,RETURN_PROPAGATED,0x00511860->0x002d8ae0,ptr_int
0x002d8a60,0x002d8a60,stub_code,a1,int,ptr,DIRECT,RETURN_PROPAGATED,0x00511860->0x002d8a60,ptr_int
0x004ef390,0x004ef390,stub_code,a1,int,ptr,DIRECT,RETURN_PROPAGATED,0x0050fde0->0x004ef390,ptr_int
0x002d9220,0x002d9220,stub_code,a1,int,ptr,DIRECT,RETURN_PROPAGATED,0x00511860->0x002d9220,ptr_int
0x002d91a0,0x002d91a0,stub_code,a1,int,ptr,DIRECT,RETURN_PROPAGATED,0x00511860->0x002d91a0,ptr_int
0x001178a0,0x001178a0,stub_code,a1,int,ptr,DIRECT,RETURN_PROPAGATED,0x00511860->0x001178a0,ptr_int
0x00504dc0,0x00504dc0,stub_code,a1,int,ptr,DIRECT,RETURN_PROPAGATED,0x0050fde0->0x00504dc0,ptr_int
0x00503ab0,0x00503ab0,stub_code,a1,int,ptr,DIRECT,RETURN_PROPAGATED,0x0050fde0->0x00503ab0,ptr_int
0x002da420,0x002da420,stub_code,a0,Unknown_a0_2c,int,DIRECT,CALL_PROPAGATED,0x002da1e0->0x002da420,hard
0x003f94c8,0x003f94c8,stub_code,a0,int,Unknown_a0_2c,DIRECT,CALL_PROPAGATED,0x002da420->0x003f94c8,hard
0x00107370,0x00107370,stub_code,a1,Unknown_a1_20,int,DIRECT,CALL_PROPAGATED,0x002da420->0x00107370,hard
0x002daa90,0x002daa90,stub_code,a0,Unknown_a0_24,int,DIRECT,CALL_PROPAGATED,0x002da840->0x002daa90,hard
0x002dafe0,0x002dafe0,stub_code,a0,int,Unknown_a0_24,DIRECT,CALL_PROPAGATED,0x002daa90->0x002dafe0,hard
0x003f94c8,0x003f94c8,stub_code,a0,int,Unknown_a0_24,DIRECT,CALL_PROPAGATED,0x002daa90->0x003f94c8,hard
0x002d9a50,0x002d9a50,stub_code,a0,int,ptr,DIRECT,CALL_PROPAGATED,0x002db830->0x002d9a50,ptr_int
0x004f2100,0x004f2100,stub_code,a1,int,ptr,DIRECT,CALL_PROPAGATED,0x002db830->0x004f2100,ptr_int
0x004f2100,0x004f2100,stub_code,a2,int,ptr,DIRECT,CALL_PROPAGATED,0x002db830->0x004f2100,ptr_int
0x00512e00,0x00512e00,stub_code,a1,int,ptr,DIRECT,CALL_PROPAGATED,0x002db830->0x00512e00,ptr_int
0x00512e00,0x00512e00,stub_code,a2,int,ptr,DIRECT,CALL_PROPAGATED,0x002db830->0x00512e00,ptr_int
0x002dbc70,0x002dbc70,stub_code,a1,int,ptr,DIRECT,RETURN_PROPAGATED,0x00511860->0x002dbc70,ptr_int
0x002d75a0,0x002d75a0,stub_code,a1,int,ptr,DIRECT,RETURN_PROPAGATED,0x00511860->0x002d75a0,ptr_int
0x00576490,0x00576490,stub_code,a0,ptr,int,STRUCT_FIELD,CALL_PROPAGATED,0x002dca30->0x00576490,ptr_int
0x002dcee0,0x002dcee0,stub_code,a1,int,ptr,DIRECT,RETURN_PROPAGATED,0x00511860->0x002dcee0,ptr_int
0x002dce60,0x002dce60,stub_code,a1,int,ptr,DIRECT,RETURN_PROPAGATED,0x00511860->0x002dce60,ptr_int
0x001e4380,0x001e4380,stub_code,a1,int,ptr,DIRECT,RETURN_PROPAGATED,0x00511860->0x001e4380,ptr_int
0x002dcde0,0x002dcde0,stub_code,a1,int,ptr,DIRECT,RETURN_PROPAGATED,0x00511860->0x002dcde0,ptr_int
0x00146ab0,0x00146ab0,stub_code,a1,int,ptr,DIRECT,RETURN_PROPAGATED,0x00511860->0x00146ab0,ptr_int
0x002deb40,0x002deb40,stub_code,a1,int,ptr,DIRECT,RETURN_PROPAGATED,0x00511860->0x002deb40,ptr_int
0x00511940,0x00511940,stub_code,a1,int,Unknown_a1_0_4c,DIRECT,CALL_PROPAGATED,0x002df200->0x00511940,hard
0x002e0790,0x002e0790,stub_code,a0,ptr,int,STRUCT_FIELD,CALL_PROPAGATED,0x002df5c0->0x002e0790,ptr_int
0x005c0d40,0x005c0d40,stub_code,a0,ptr,int,STRUCT_FIELD,CALL_PROPAGATED,0x002dfa50->0x005c0d40,ptr_int
0x002df200,0x002df200,stub_code,a1,Unknown_a1_0_4c,int,DIRECT,CALL_PROPAGATED,0x002dfc50->0x002df200,hard
0x00512ee0,0x00512ee0,stub_code,a0,Unknown_a0_0_4c,Unknown_a0_20,DIRECT,CALL_PROPAGATED,0x002e0f90->0x00512ee0,hard
0x002e21b0,0x002e21b0,stub_code,a0,int,Unknown_a0_20,DIRECT,CALL_PROPAGATED,0x002e0f90->0x002e21b0,hard
0x005dbbd0,0x005dbbd0,stub_code,a0,int,Unknown_a0_20,DIRECT,CALL_PROPAGATED,0x002e0f90->0x005dbbd0,hard
0x00107370,0x00107370,stub_code,a0,int,ptr,DIRECT,CALL_PROPAGATED,0x002e21b0->0x00107370,ptr_int
0x004d83b0,0x004d83b0,,a0,ptr,int,HEURISTIC,CALL_PROPAGATED,0x002e33e0->0x004d83b0,ptr_int
0x002e4850,0x002e4850,stub_code,a0,Unknown_a0_4_8,int,DIRECT,CALL_PROPAGATED,0x002e40c0->0x002e4850,hard
0x002e42d0,0x002e42d0,stub_code,a2,int,ptr,DIRECT,CALL_PROPAGATED,0x002e41c0->0x002e42d0,ptr_int
0x002e5f80,0x002e5f80,stub_code,a2,ptr,int,STRUCT_FIELD,CALL_PROPAGATED,0x002e43a0->0x002e5f80,ptr_int
0x0023c7e0,0x0023c7e0,,a1,int,Unknown_a1_0_4_c,HEURISTIC,CALL_PROPAGATED,0x002e47d0->0x0023c7e0,hard
0x00512f80,0x00512f80,stub_code,a1,int,Unknown_a1_c,DIRECT,CALL_PROPAGATED,0x002e50b0->0x00512f80,hard
0x002e3a30,0x002e3a30,stub_code,a1,int,ptr,DIRECT,RETURN_PROPAGATED,0x004c6180->0x002e3a30,ptr_int
0x00513210,0x00513210,,a1,Unknown_a1_24,Unknown_a1_14,CALL_PROPAGATED,CALL_PROPAGATED,0x002e56f0->0x00513210,hard
0x00511940,0x00511940,stub_code,a1,int,Unknown_a1_14,DIRECT,CALL_PROPAGATED,0x002e56f0->0x00511940,hard
0x0059e330,0x0059e330,stub_code,a1,int,Unknown_a1_14,DIRECT,CALL_PROPAGATED,0x002e56f0->0x0059e330,hard
0x001169f0,0x001169f0,,a3,int,ptr,CALL_PROPAGATED,RETURN_PROPAGATED,0x004c31b0->0x001169f0,ptr_int
0x002e50b0,0x002e50b0,stub_code,a0,int,Unknown_a0_d,DIRECT,CALL_PROPAGATED,0x002e5a10->0x002e50b0,hard
0x002e50b0,0x002e50b0,stub_code,a1,Unknown_a1_c,int,DIRECT,CALL_PROPAGATED,0x002e5a10->0x002e50b0,hard
0x002e56f0,0x002e56f0,stub_code,a0,int,Unknown_a0_d,DIRECT,CALL_PROPAGATED,0x002e5a10->0x002e56f0,hard
0x002e56f0,0x002e56f0,stub_code,a1,Unknown_a1_14,int,DIRECT,CALL_PROPAGATED,0x002e5a10->0x002e56f0,hard
0x00512f80,0x00512f80,stub_code,a0,int,Unknown_a0_d,DIRECT,CALL_PROPAGATED,0x002e5a10->0x00512f80,hard
0x0013ee60,0x0013ee60,,a1,int,ptr,CALL_PROPAGATED,CALL_PROPAGATED,0x002e5f80->0x0013ee60,ptr_int
0x0013ee60,0x0013ee60,,a2,int,ptr,CALL_PROPAGATED,CALL_PROPAGATED,0x002e5f80->0x0013ee60,ptr_int
0x002d8550,0x002d8550,,a2,int,ptr,CALL_PROPAGATED,CALL_PROPAGATED,0x002e5f80->0x002d8550,ptr_int
0x002e68d0,0x002e68d0,stub_code,a1,int,ptr,DIRECT,CALL_PROPAGATED,0x002e5f80->0x002e68d0,ptr_int
0x002e5ea0,0x002e5ea0,,a2,int,ptr,CALL_PROPAGATED,CALL_PROPAGATED,0x002e5f80->0x002e5ea0,ptr_int
0x002e68c0,0x002e68c0,,a1,ptr,int,CALL_PROPAGATED,CALL_PROPAGATED,0x002e6540->0x002e68c0,ptr_int
0x0055a8a0,0x0055a8a0,,a0,Unknown_a0_4_28_34,Unknown_a0_e,CALL_PROPAGATED,CALL_PROPAGATED,0x002e68d0->0x0055a8a0,hard
0x002e4fb0,0x002e4fb0,stub_code,a0,ptr,int,STRUCT_FIELD,CALL_PROPAGATED,0x002e6b40->0x002e4fb0,ptr_int
0x002e6e90,0x002e6e90,stub_code,a0,int,Unknown_a0_e,DIRECT,CALL_PROPAGATED,0x002e6b60->0x002e6e90,hard
0x002e6e90,0x002e6e90,stub_code,a1,Unknown_a1_0,int,DIRECT,CALL_PROPAGATED,0x002e6b60->0x002e6e90,hard
0x002e6d60,0x002e6d60,stub_code,a0,int,Unknown_a0_e,DIRECT,CALL_PROPAGATED,0x002e6b60->0x002e6d60,hard
0x00213a70,0x00213a70,,a0,int,Unknown_a1_0,HEURISTIC,CALL_PROPAGATED,0x002e6e90->0x00213a70,hard
0x00213a70,0x00213a70,,a1,int,Unknown_a1_0,CALL_PROPAGATED,CALL_PROPAGATED,0x002e6e90->0x00213a70,hard
0x0055a8a0,0x0055a8a0,,a2,Unknown_a2_34,int,CALL_PROPAGATED,CALL_PROPAGATED,0x002e6e90->0x0055a8a0,hard
0x002e68a0,0x002e68a0,,a2,ptr,int,HEURISTIC,CALL_PROPAGATED,0x002e6e90->0x002e68a0,ptr_int
0x002e68a0,0x002e68a0,,a3,ptr,int,HEURISTIC,CALL_PROPAGATED,0x002e6e90->0x002e68a0,ptr_int
0x002e6880,0x002e6880,,a2,ptr,int,HEURISTIC,CALL_PROPAGATED,0x002e6e90->0x002e6880,ptr_int
0x002e6880,0x002e6880,,a3,ptr,int,HEURISTIC,CALL_PROPAGATED,0x002e6e90->0x002e6880,ptr_int
0x002e68c0,0x002e68c0,,a2,ptr,int,CALL_PROPAGATED,CALL_PROPAGATED,0x002e6e90->0x002e68c0,ptr_int
0x002e77b0,0x002e77b0,stub_code,a0,int,Unknown_a0_d,DIRECT,CALL_PROPAGATED,0x002e71c0->0x002e77b0,hard
0x002f67b0,0x002f67b0,stub_code,a0,Unknown_a0_0_50,Unknown_a0_d,DIRECT,CALL_PROPAGATED,0x002e71c0->0x002f67b0,hard
0x002e7870,FUN_002e7870,pseudo_stub,a2,Unknown_a2_4,int,DIRECT,CALL_PROPAGATED,0x002e7230->0x002e7870,hard
0x002e74d0,0x002e74d0,stub_code,a2,ptr,int,STRUCT_FIELD,CALL_PROPAGATED,0x002e7680->0x002e74d0,ptr_int
0x00585cb0,0x00585cb0,,a1,ptr,int,HEURISTIC,CALL_PROPAGATED,0x002e7710->0x00585cb0,ptr_int
0x00585cb0,0x00585cb0,,a2,ptr,int,HEURISTIC,CALL_PROPAGATED,0x002e7710->0x00585cb0,ptr_int
0x002e7e80,0x002e7e80,,a0,ptr,int,HEURISTIC,CALL_PROPAGATED,0x002e7a30->0x002e7e80,ptr_int
0x002e7e80,0x002e7e80,,a1,ptr,int,HEURISTIC,CALL_PROPAGATED,0x002e7a30->0x002e7e80,ptr_int
0x00520610,0x00520610,stub_code,a0,Unknown_a0_0_80,int,DIRECT,CALL_PROPAGATED,0x002e7fe0->0x00520610,hard
0x00119590,0x00119590,stub_code,a1,int,ptr,DIRECT,RETURN_PROPAGATED,0x00511860->0x00119590,ptr_int
0x00146b30,0x00146b30,stub_code,a1,int,ptr,DIRECT,RETURN_PROPAGATED,0x00511860->0x00146b30,ptr_int
0x001ea3f0,0x001ea3f0,stub_code,a1,int,ptr,DIRECT,RETURN_PROPAGATED,0x00511860->0x001ea3f0,ptr_int
0x00291240,0x00291240,stub_code,a1,int,ptr,DIRECT,RETURN_PROPAGATED,0x00511860->0x00291240,ptr_int
0x00146390,0x00146390,stub_code,a1,int,ptr,DIRECT,RETURN_PROPAGATED,0x00511860->0x00146390,ptr_int
0x002e8b40,0x002e8b40,stub_code,a1,int,ptr,DIRECT,RETURN_PROPAGATED,0x00511860->0x002e8b40,ptr_int
0x005111f0,0x005111f0,,a0,ptr,int,HEURISTIC,CALL_PROPAGATED,0x002e9740->0x005111f0,ptr_int
0x002e9e90,0x002e9e90,stub_code,a3,int,ptr,DIRECT,CALL_PROPAGATED,0x002e9790->0x002e9e90,ptr_int
0x002e9d80,0x002e9d80,stub_code,a0,Unknown_a0_0_8_10_28,int,DIRECT,CALL_PROPAGATED,0x002e9810->0x002e9d80,hard
0x002e9d80,0x002e9d80,stub_code,a1,int,Unknown_a1_8,DIRECT,CALL_PROPAGATED,0x002e9810->0x002e9d80,hard
0x005c0d40,0x005c0d40,stub_code,a1,int,Unknown_a0_0_8_10_28,DIRECT,CALL_PROPAGATED,0x002e9a00->0x005c0d40,hard
0x002e9cb0,0x002e9cb0,stub_code,a2,ptr,int,HEURISTIC,CALL_PROPAGATED,0x002e9a00->0x002e9cb0,ptr_int
0x002e9a90,0x002e9a90,stub_code,a1,int,Unknown_a0_0_8_10_28,DIRECT,CALL_PROPAGATED,0x002e9a00->0x002e9a90,hard
0x005fd3a0,0x005fd3a0,stub_code,a1,int,Unknown_a0_0_8_10_28,DIRECT,CALL_PROPAGATED,0x002e9a90->0x005fd3a0,hard
0x005f9110,0x005f9110,stub_code,a0,int,Unknown_a0_0_8_10_28,DIRECT,CALL_PROPAGATED,0x002e9d80->0x005f9110,hard
0x00513210,0x00513210,,a0,Unknown_a0_1c,Unknown_a0_34,CALL_PROPAGATED,CALL_PROPAGATED,0x002e9e40->0x00513210,hard
0x002ea330,0x002ea330,stub_code,a1,int,Unknown_a1_0_4,DIRECT,CALL_PROPAGATED,0x002e9e90->0x002ea330,hard
0x002ea330,0x002ea330,stub_code,a2,int,Unknown_a1_0_4,DIRECT,CALL_PROPAGATED,0x002e9e90->0x002ea330,hard
0x002eb120,0x002eb120,stub_code,a0,int,Unknown_a0_28_2c_30,DIRECT,CALL_PROPAGATED,0x002e9ed0->0x002eb120,hard
0x002ea260,0x002ea260,stub_code,a0,Unknown_a0_34,Unknown_a0_28_2c_30,DIRECT,CALL_PROPAGATED,0x002e9ed0->0x002ea260,hard
0x00428df8,0x00428df8,,a0,Unknown_a0_8_c,Unknown_a0_34,CALL_PROPAGATED,CALL_PROPAGATED,0x002ea260->0x00428df8,hard
0x00429068,0x00429068,,a0,Unknown_a0_8_c,Unknown_a0_34,CALL_PROPAGATED,CALL_PROPAGATED,0x002ea260->0x00429068,hard
0x00513fe0,0x00513fe0,,a0,Unknown_a0_20_2c,Unknown_a0_8_20,CALL_PROPAGATED,CALL_PROPAGATED,0x002ea330->0x00513fe0,hard
0x0058ab30,FUN_0058ab30,real_logic,a0,Unknown_a0_0_4_8_c_10_14_18_1c_20_24_28_2c_30_34_38_3c,int,DIRECT,CALL_PROPAGATED,0x002ea5b0->0x0058ab30,hard
0x0042f5b8,0x0042f5b8,,a3,int,Unknown_a3_0,CALL_PROPAGATED,CALL_PROPAGATED,0x002eb120->0x0042f5b8,hard
0x00429068,0x00429068,,a1,Unknown_a1_0,Unknown_a3_0,CALL_PROPAGATED,CALL_PROPAGATED,0x002eb120->0x00429068,hard
0x001469b0,0x001469b0,stub_code,a1,int,ptr,DIRECT,RETURN_PROPAGATED,0x00511860->0x001469b0,ptr_int
0x00146a30,0x00146a30,stub_code,a1,int,ptr,DIRECT,RETURN_PROPAGATED,0x00511860->0x00146a30,ptr_int
0x00118cc0,0x00118cc0,stub_code,a1,int,ptr,DIRECT,RETURN_PROPAGATED,0x00511860->0x00118cc0,ptr_int
0x00117820,0x00117820,stub_code,a1,int,ptr,DIRECT,RETURN_PROPAGATED,0x00511860->0x00117820,ptr_int
0x00117920,0x00117920,stub_code,a1,int,ptr,DIRECT,RETURN_PROPAGATED,0x00511860->0x00117920,ptr_int
0x002ebe50,0x002ebe50,stub_code,a1,int,ptr,DIRECT,RETURN_PROPAGATED,0x00511860->0x002ebe50,ptr_int
0x002ebcb0,0x002ebcb0,stub_code,a1,int,ptr,DIRECT,RETURN_PROPAGATED,0x00511860->0x002ebcb0,ptr_int
0x002ecea0,0x002ecea0,stub_code,a1,int,ptr,DIRECT,CALL_PROPAGATED,0x002ec380->0x002ecea0,ptr_int
0x0055a8a0,0x0055a8a0,,a0,Unknown_a0_4_28_34,int,CALL_PROPAGATED,CALL_PROPAGATED,0x002ec380->0x0055a8a0,hard
0x002eca80,0x002eca80,stub_code,a0,ptr,int,STRUCT_FIELD,CALL_PROPAGATED,0x002ed1d0->0x002eca80,ptr_int
0x005758c0,0x005758c0,stub_code,a0,ptr,int,STRUCT_FIELD,CALL_PROPAGATED,0x002edc00->0x005758c0,ptr_int
0x00512ee0,0x00512ee0,stub_code,a0,Unknown_a0_0_4c,Unknown_a0_c,DIRECT,CALL_PROPAGATED,0x002edcf0->0x00512ee0,hard
0x002ee210,0x002ee210,stub_code,a2,int,ptr,DIRECT,RETURN_PROPAGATED,0x00511860->0x002ee210,ptr_int
0x002ee210,0x002ee210,stub_code,a3,int,ptr,DIRECT,RETURN_PROPAGATED,0x00511860->0x002ee210,ptr_int
0x00292920,0x00292920,stub_code,a2,int,ptr,DIRECT,RETURN_PROPAGATED,0x00511860->0x00292920,ptr_int
0x0051c840,0x0051c840,stub_code,a0,Unknown_a0_0_20,int,DIRECT,CALL_PROPAGATED,0x002ef8b0->0x0051c840,hard
0x002f00f0,0x002f00f0,stub_code,a1,int,ptr,DIRECT,RETURN_PROPAGATED,0x00511860->0x002f00f0,ptr_int
0x00151e90,0x00151e90,stub_code,a1,int,ptr,DIRECT,RETURN_PROPAGATED,0x00511860->0x00151e90,ptr_int
0x002f0070,0x002f0070,stub_code,a1,int,ptr,DIRECT,RETURN_PROPAGATED,0x00511860->0x002f0070,ptr_int
0x002efff0,0x002efff0,stub_code,a1,int,ptr,DIRECT,RETURN_PROPAGATED,0x00511860->0x002efff0,ptr_int
0x001b07c0,0x001b07c0,stub_code,a2,int,ptr,DIRECT,RETURN_PROPAGATED,0x00511860->0x001b07c0,ptr_int
0x002eff70,0x002eff70,stub_code,a1,int,ptr,DIRECT,RETURN_PROPAGATED,0x00511860->0x002eff70,ptr_int
0x002eff70,0x002eff70,stub_code,a2,int,ptr,DIRECT,RETURN_PROPAGATED,0x00511860->0x002eff70,ptr_int
0x0028cdf0,0x0028cdf0,stub_code,a2,int,ptr,DIRECT,RETURN_PROPAGATED,0x00511860->0x0028cdf0,ptr_int
0x002f0740,0x002f0740,stub_code,a1,int,ptr,DIRECT,RETURN_PROPAGATED,0x00511860->0x002f0740,ptr_int
0x00292920,0x00292920,stub_code,a1,int,ptr,DIRECT,RETURN_PROPAGATED,0x00511860->0x00292920,ptr_int
0x002f2150,0x002f2150,stub_code,a1,int,ptr,DIRECT,RETURN_PROPAGATED,0x00511860->0x002f2150,ptr_int
0x002f1510,0x002f1510,stub_code,a1,int,ptr,DIRECT,RETURN_PROPAGATED,0x00511860->0x002f1510,ptr_int
0x002f21e0,0x002f21e0,stub_code,a1,int,ptr,DIRECT,RETURN_PROPAGATED,0x00511860->0x002f21e0,ptr_int
0x002f21d0,0x002f21d0,,a1,ptr,int,RETURN_PROPAGATED,CALL_PROPAGATED,0x002f21e0->0x002f21d0,ptr_int
0x00146f30,0x00146f30,stub_code,a2,int,ptr,DIRECT,RETURN_PROPAGATED,0x00511860->0x00146f30,ptr_int
0x002f0740,0x002f0740,stub_code,a2,int,ptr,DIRECT,RETURN_PROPAGATED,0x00511860->0x002f0740,ptr_int
0x002f2f70,0x002f2f70,stub_code,a1,int,ptr,DIRECT,RETURN_PROPAGATED,0x00511860->0x002f2f70,ptr_int
0x002f2f70,0x002f2f70,stub_code,a2,int,ptr,DIRECT,RETURN_PROPAGATED,0x00511860->0x002f2f70,ptr_int
0x0051e5a0,0x0051e5a0,stub_code,a2,int,ptr,DIRECT,RETURN_PROPAGATED,0x00511860->0x0051e5a0,ptr_int
0x005ec490,0x005ec490,stub_code,a0,int,Unknown_a0_c_10,DIRECT,CALL_PROPAGATED,0x002f5210->0x005ec490,hard
0x005ec490,0x005ec490,stub_code,a1,int,Unknown_a0_c_10,DIRECT,CALL_PROPAGATED,0x002f5210->0x005ec490,hard
0x00511940,0x00511940,stub_code,a1,int,Unknown_a0_c_10,DIRECT,CALL_PROPAGATED,0x002f5210->0x00511940,hard
0x00512ee0,0x00512ee0,stub_code,a0,Unknown_a0_0_4c,Unknown_a0_0_80,DIRECT,CALL_PROPAGATED,0x002f5290->0x00512ee0,hard
0x005c1080,0x005c1080,stub_code,a0,Unknown_a0_0_8_10_1c,int,DIRECT,CALL_PROPAGATED,0x002f5440->0x005c1080,hard
0x00512ee0,0x00512ee0,stub_code,a0,Unknown_a0_0_4c,Unknown_a0_0_18_50,DIRECT,CALL_PROPAGATED,0x002f5720->0x00512ee0,hard
0x005c1080,0x005c1080,stub_code,a0,Unknown_a0_0_8_10_1c,Unknown_a0_0_18_50,DIRECT,CALL_PROPAGATED,0x002f5720->0x005c1080,hard
0x0058bac0,0x0058bac0,,a0,ptr,int,HEURISTIC,CALL_PROPAGATED,0x002f58c0->0x0058bac0,ptr_int
0x005ec490,0x005ec490,stub_code,a0,int,Unknown_a0_c,DIRECT,CALL_PROPAGATED,0x002f5c60->0x005ec490,hard
0x00511210,0x00511210,,a0,int,Unknown_a0_0_50,CALL_PROPAGATED,CALL_PROPAGATED,0x002f67b0->0x00511210,hard
0x0042d770,FUN_0042d770,real_logic,a0,Unknown_a0_0_8,Unknown_a0_4_8,DIRECT,CALL_PROPAGATED,0x002f6a10->0x0042d770,hard
0x002f6870,0x002f6870,stub_code,a0,ptr,int,STRUCT_FIELD,CALL_PROPAGATED,0x002f7160->0x002f6870,ptr_int
0x00520610,0x00520610,stub_code,a1,int,ptr,DIRECT,RETURN_PROPAGATED,0x0050fde0->0x00520610,ptr_int
0x002f7fe0,0x002f7fe0,stub_code,a0,int,Unknown_a0_20,DIRECT,CALL_PROPAGATED,0x002f8340->0x002f7fe0,hard
0x0058a7a0,0x0058a7a0,,a0,Unknown_a0_24,Unknown_a0_20,CALL_PROPAGATED,CALL_PROPAGATED,0x002f83c0->0x0058a7a0,hard
0x002f8ef0,0x002f8ef0,stub_code,a0,int,Unknown_a0_2c,DIRECT,CALL_PROPAGATED,0x002f90e0->0x002f8ef0,hard
0x002f8910,0x002f8910,stub_code,a0,Unknown_a0_30_34,Unknown_a0_2c,DIRECT,CALL_PROPAGATED,0x002f90e0->0x002f8910,hard
0x002f8910,0x002f8910,stub_code,a1,ptr,int,STRUCT_FIELD,CALL_PROPAGATED,0x002f90e0->0x002f8910,ptr_int
0x00511940,0x00511940,stub_code,a0,Unknown_a0_0_4c,Unknown_a0_4_44,DIRECT,CALL_PROPAGATED,0x002f95d0->0x00511940,hard
0x005c0e50,0x005c0e50,stub_code,a0,Unknown_a0_8_1c,Unknown_a0_4_44,DIRECT,CALL_PROPAGATED,0x002f95d0->0x005c0e50,hard
0x002f8340,0x002f8340,stub_code,a0,Unknown_a0_20,int,DIRECT,CALL_PROPAGATED,0x002f96e0->0x002f8340,hard
0x002f97b0,0x002f97b0,,a0,ptr,int,HEURISTIC,CALL_PROPAGATED,0x002f96e0->0x002f97b0,ptr_int
0x002fa230,0x002fa230,stub_code,a1,int,ptr,DIRECT,RETURN_PROPAGATED,0x00511860->0x002fa230,ptr_int
0x003f94c8,0x003f94c8,stub_code,a1,int,Unknown_a1_58,DIRECT,CALL_PROPAGATED,0x002fad70->0x003f94c8,hard
0x003f94c8,0x003f94c8,stub_code,a0,int,Unknown_a1_58,DIRECT,CALL_PROPAGATED,0x002fad70->0x003f94c8,hard
0x003f9868,0x003f9868,,a1,Unknown_a1_20,Unknown_a1_58,CALL_PROPAGATED,CALL_PROPAGATED,0x002fad70->0x003f9868,hard
0x002fb810,0x002fb810,stub_code,a1,int,Unknown_a1_58,DIRECT,CALL_PROPAGATED,0x002fad70->0x002fb810,hard
0x002fbe90,0x002fbe90,stub_code,a1,int,ptr,DIRECT,CALL_PROPAGATED,0x002fc2b0->0x002fbe90,ptr_int
0x003f7c10,0x003f7c10,,a0,int,Unknown_a0_0_5c,CALL_PROPAGATED,CALL_PROPAGATED,0x002fc7e0->0x003f7c10,hard
0x003f94c8,0x003f94c8,stub_code,a0,int,Unknown_a0_0_5c,DIRECT,CALL_PROPAGATED,0x002fc7e0->0x003f94c8,hard
0x002fd0c0,0x002fd0c0,stub_code,a1,int,ptr,DIRECT,RETURN_PROPAGATED,0x004c5150->0x002fd0c0,ptr_int
0x00512f80,0x00512f80,stub_code,a1,int,Unknown_a1_10,DIRECT,CALL_PROPAGATED,0x002fdb50->0x00512f80,hard
0x002fdb50,0x002fdb50,stub_code,a0,int,Unknown_a0_2c,DIRECT,CALL_PROPAGATED,0x002fdd20->0x002fdb50,hard
0x002fdb50,0x002fdb50,stub_code,a1,Unknown_a1_10,int,DIRECT,CALL_PROPAGATED,0x002fdd20->0x002fdb50,hard
0x002fce90,0x002fce90,stub_code,a0,int,Unknown_a0_2c,DIRECT,CALL_PROPAGATED,0x002fdd20->0x002fce90,hard
0x00512f80,0x00512f80,stub_code,a0,int,Unknown_a0_2c,DIRECT,CALL_PROPAGATED,0x002fdd20->0x00512f80,hard
0x00513210,0x00513210,,a0,Unknown_a0_1c,Unknown_a0_2c,CALL_PROPAGATED,CALL_PROPAGATED,0x002fdd20->0x00513210,hard
0x002fdd20,0x002fdd20,stub_code,a0,Unknown_a0_2c,int,DIRECT,CALL_PROPAGATED,0x002fe1b0->0x002fdd20,hard
0x002fe5f0,0x002fe5f0,stub_code,a1,int,ptr,DIRECT,RETURN_PROPAGATED,0x00511860->0x002fe5f0,ptr_int
0x002e3810,0x002e3810,stub_code,a1,int,ptr,DIRECT,RETURN_PROPAGATED,0x00511860->0x002e3810,ptr_int
0x002fefa0,0x002fefa0,stub_code,a1,int,ptr,DIRECT,RETURN_PROPAGATED,0x00511860->0x002fefa0,ptr_int
0x00511940,0x00511940,stub_code,a2,int,Unknown_a0_8_20,DIRECT,CALL_PROPAGATED,0x002ff5f0->0x00511940,hard
0x00511940,0x00511940,stub_code,a3,int,Unknown_a0_8_20,DIRECT,CALL_PROPAGATED,0x002ff5f0->0x00511940,hard
0x004c31b0,0x004c31b0,stub_code,a2,int,Unknown_a0_8_20,DIRECT,CALL_PROPAGATED,0x002ff5f0->0x004c31b0,hard
0x004c31b0,0x004c31b0,stub_code,a3,int,Unknown_a0_8_20,DIRECT,CALL_PROPAGATED,0x002ff5f0->0x004c31b0,hard
0x00545430,0x00545430,,a2,int,Unknown_a0_8_20,CALL_PROPAGATED,CALL_PROPAGATED,0x002ff5f0->0x00545430,hard
0x00545430,0x00545430,,a3,int,Unknown_a0_8_20,CALL_PROPAGATED,CALL_PROPAGATED,0x002ff5f0->0x00545430,hard
0x0023c840,0x0023c840,,a2,int,ptr,CALL_PROPAGATED,RETURN_PROPAGATED,0x0020aba0->0x0023c840,ptr_int
0x00513060,0x00513060,stub_code,a0,int,Unknown_a0_30,DIRECT,CALL_PROPAGATED,0x003008e0->0x00513060,hard
0x00513210,0x00513210,,a2,Unknown_a0_8_20,int,CALL_PROPAGATED,CALL_PROPAGATED,0x00301080->0x00513210,hard
0x00513210,0x00513210,,a3,Unknown_a0_8_20,int,CALL_PROPAGATED,CALL_PROPAGATED,0x00301080->0x00513210,hard
0x00300600,0x00300600,stub_code,a0,int,Unknown_a0_54,DIRECT,CALL_PROPAGATED,0x00301390->0x00300600,hard
0x00300600,0x00300600,stub_code,a1,ptr,int,STRUCT_FIELD,CALL_PROPAGATED,0x00301390->0x00300600,ptr_int
0x005dbbd0,0x005dbbd0,stub_code,a0,int,ptr,DIRECT,CALL_PROPAGATED,0x00301660->0x005dbbd0,ptr_int
0x00513210,0x00513210,,a0,Unknown_a0_1c,Unknown_a0_c,CALL_PROPAGATED,CALL_PROPAGATED,0x00301e90->0x00513210,hard
0x00580d70,0x00580d70,stub_code,a0,int,Unknown_a0_c,DIRECT,CALL_PROPAGATED,0x00301e90->0x00580d70,hard
0x00513210,0x00513210,,a1,Unknown_a1_24,Unknown_a1_0,CALL_PROPAGATED,CALL_PROPAGATED,0x00301fa0->0x00513210,hard
0x005a48b0,0x005a48b0,stub_code,a1,int,Unknown_a1_0,DIRECT,CALL_PROPAGATED,0x00301fa0->0x005a48b0,hard
0x002fe490,0x002fe490,stub_code,a1,int,Unknown_a1_0,DIRECT,CALL_PROPAGATED,0x00301fa0->0x002fe490,hard
0x004bdd80,0x004bdd80,stub_code,a1,int,Unknown_a1_0,DIRECT,CALL_PROPAGATED,0x00301fa0->0x004bdd80,hard
0x004c46b0,0x004c46b0,stub_code,a1,int,Unknown_a1_0,DIRECT,CALL_PROPAGATED,0x00301fa0->0x004c46b0,hard
0x004c1840,0x004c1840,stub_code,a1,int,Unknown_a1_0,DIRECT,CALL_PROPAGATED,0x00301fa0->0x004c1840,hard
0x00301fa0,0x00301fa0,stub_code,a1,Unknown_a1_0,int,DIRECT,CALL_PROPAGATED,0x00302600->0x00301fa0,hard
0x00513160,0x00513160,stub_code,a0,int,ptr,DIRECT,CALL_PROPAGATED,0x003028c0->0x00513160,ptr_int
0x004f28b0,0x004f28b0,stub_code,a1,int,ptr,DIRECT,CALL_PROPAGATED,0x003028c0->0x004f28b0,ptr_int
0x00302e40,0x00302e40,stub_code,a1,int,ptr,DIRECT,RETURN_PROPAGATED,0x00511860->0x00302e40,ptr_int
0x00302dc0,0x00302dc0,stub_code,a1,int,ptr,DIRECT,RETURN_PROPAGATED,0x00511860->0x00302dc0,ptr_int
0x0015ef40,0x0015ef40,stub_code,a1,int,ptr,DIRECT,RETURN_PROPAGATED,0x00511860->0x0015ef40,ptr_int
0x00302d40,0x00302d40,stub_code,a1,int,ptr,DIRECT,RETURN_PROPAGATED,0x00511860->0x00302d40,ptr_int
0x00302cc0,0x00302cc0,stub_code,a1,int,ptr,DIRECT,RETURN_PROPAGATED,0x00511860->0x00302cc0,ptr_int
0x0042e160,0x0042e160,,a0,int,Unknown_a0_0_4,CALL_PROPAGATED,CALL_PROPAGATED,0x00304190->0x0042e160,hard
0x00304890,0x00304890,stub_code,a0,Unknown_a0_84,int,DIRECT,CALL_PROPAGATED,0x00304290->0x00304890,hard
0x003044b0,0x003044b0,stub_code,a1,int,ptr,DIRECT,CALL_PROPAGATED,0x00304420->0x003044b0,ptr_int
0x00238120,0x00238120,,a3,Unknown_a3_0,int,CALL_PROPAGATED,CALL_PROPAGATED,0x00304620->0x00238120,hard
0x00303c70,0x00303c70,stub_code,a1,int,ptr,DIRECT,RETURN_PROPAGATED,0x00238120->0x00303c70,ptr_int
0x00508930,0x00508930,,a1,int,ptr,CALL_PROPAGATED,RETURN_PROPAGATED,0x00508930->0x00508930,ptr_int
0x002ee7e0,0x002ee7e0,,a3,ptr,int,HEURISTIC,CALL_PROPAGATED,0x00305920->0x002ee7e0,ptr_int
0x003fad18,0x003fad18,stub_code,a0,int,ptr,DIRECT,CALL_PROPAGATED,0x00305c80->0x003fad18,ptr_int
0x003fad18,0x003fad18,stub_code,a3,int,ptr,DIRECT,CALL_PROPAGATED,0x00305c80->0x003fad18,ptr_int
0x0043aad8,0x0043aad8,stub_code,a0,int,ptr,DIRECT,CALL_PROPAGATED,0x00305c80->0x0043aad8,ptr_int
0x0043aad8,0x0043aad8,stub_code,a3,int,ptr,DIRECT,CALL_PROPAGATED,0x00305c80->0x0043aad8,ptr_int
0x003fb8d0,0x003fb8d0,stub_code,a0,int,ptr,DIRECT,CALL_PROPAGATED,0x00305c80->0x003fb8d0,ptr_int
0x0043a388,0x0043a388,stub_code,a0,int,ptr,DIRECT,CALL_PROPAGATED,0x00305c80->0x0043a388,ptr_int
0x0043a388,0x0043a388,stub_code,a3,int,ptr,DIRECT,CALL_PROPAGATED,0x00305c80->0x0043a388,ptr_int
0x002ecea0,0x002ecea0,stub_code,a2,int,ptr,DIRECT,RETURN_PROPAGATED,0x003fb8d0->0x002ecea0,ptr_int
0x0058a7a0,0x0058a7a0,,a0,Unknown_a0_24,Unknown_a1_0_10_18_34_44,CALL_PROPAGATED,CALL_PROPAGATED,0x003062e0->0x0058a7a0,hard
0x0058a7a0,0x0058a7a0,,a1,Unknown_a1_0_4_8,Unknown_a1_0_10_18_34_44,CALL_PROPAGATED,CALL_PROPAGATED,0x003062e0->0x0058a7a0,hard
0x00108b40,0x00108b40,,a1,int,Unknown_a1_0_10_18_34_44,HEURISTIC,CALL_PROPAGATED,0x003062e0->0x00108b40,hard
0x0055a8a0,0x0055a8a0,,a1,Unknown_a1_0,Unknown_a1_0_10_18_34_44,CALL_PROPAGATED,CALL_PROPAGATED,0x003062e0->0x0055a8a0,hard
0x002ee7b0,0x002ee7b0,,a3,ptr,int,HEURISTIC,CALL_PROPAGATED,0x003062e0->0x002ee7b0,ptr_int
0x0058a7a0,0x0058a7a0,,a0,Unknown_a1_0_10_18_34_44,int,CALL_PROPAGATED,CALL_PROPAGATED,0x003065b0->0x0058a7a0,hard
0x00306f50,0x00306f50,stub_code,a1,int,ptr,DIRECT,RETURN_PROPAGATED,0x00511860->0x00306f50,ptr_int
0x00306da0,0x00306da0,stub_code,a1,int,ptr,DIRECT,RETURN_PROPAGATED,0x00511860->0x00306da0,ptr_int
0x00511940,0x00511940,stub_code,a0,Unknown_a0_0_4c,Unknown_a0_4_1c,DIRECT,CALL_PROPAGATED,0x00307720->0x00511940,hard
0x005cfc40,0x005cfc40,,a1,ptr,int,CALL_PROPAGATED,CALL_PROPAGATED,0x00307720->0x005cfc40,ptr_int
0x00309980,0x00309980,stub_code,a1,int,Unknown_a1_0,DIRECT,CALL_PROPAGATED,0x00307880->0x00309980,hard
0x00511940,0x00511940,stub_code,a0,Unknown_a0_0_4c,Unknown_a0_4_38,DIRECT,CALL_PROPAGATED,0x00307d10->0x00511940,hard
0x00307720,0x00307720,stub_code,a0,Unknown_a0_4_1c,Unknown_a0_4_38,DIRECT,CALL_PROPAGATED,0x00307d10->0x00307720,hard
0x00512ee0,0x00512ee0,stub_code,a0,Unknown_a0_0_4c,Unknown_a0_0_94,DIRECT,CALL_PROPAGATED,0x00308140->0x00512ee0,hard
0x002ff300,0x002ff300,stub_code,a0,int,ptr,DIRECT,CALL_PROPAGATED,0x00308a20->0x002ff300,ptr_int
0x00513160,0x00513160,stub_code,a0,int,Unknown_a0_60,DIRECT,CALL_PROPAGATED,0x00308b20->0x00513160,hard
0x00513160,0x00513160,stub_code,a1,int,Unknown_a0_60,DIRECT,CALL_PROPAGATED,0x00308b20->0x00513160,hard
0x002ff4d0,0x002ff4d0,stub_code,a0,Unknown_a0_30,Unknown_a0_60,DIRECT,CALL_PROPAGATED,0x00308b20->0x002ff4d0,hard
0x002ff4d0,0x002ff4d0,stub_code,a1,int,Unknown_a0_60,DIRECT,CALL_PROPAGATED,0x00308b20->0x002ff4d0,hard
0x00308b60,0x00308b60,stub_code,a1,Unknown_a1_0,int,DIRECT,CALL_PROPAGATED,0x00308f70->0x00308b60,hard
0x003008e0,0x003008e0,stub_code,a0,Unknown_a0_30,int,DIRECT,CALL_PROPAGATED,0x00308f70->0x003008e0,hard
0x0023c840,0x0023c840,,a1,ptr,int,HEURISTIC,CALL_PROPAGATED,0x00309110->0x0023c840,ptr_int
0x0020aba0,0x0020aba0,,a1,Unknown_a0_68,int,CALL_PROPAGATED,CALL_PROPAGATED,0x003092d0->0x0020aba0,hard
0x002e7160,0x002e7160,,a1,ptr,int,HEURISTIC,CALL_PROPAGATED,0x003092d0->0x002e7160,ptr_int
0x00309540,0x00309540,,a2,int,ptr,CALL_PROPAGATED,RETURN_PROPAGATED,0x0020aba0->0x00309540,ptr_int
0x002e7180,0x002e7180,,a1,ptr,int,HEURISTIC,CALL_PROPAGATED,0x003092d0->0x002e7180,ptr_int
0x002e7180,0x002e7180,,a2,int,ptr,HEURISTIC,RETURN_PROPAGATED,0x0020aba0->0x002e7180,ptr_int
0x00272570,0x00272570,,a1,ptr,int,HEURISTIC,CALL_PROPAGATED,0x00309590->0x00272570,ptr_int
0x0058d880,0x0058d880,,a2,ptr,int,HEURISTIC,CALL_PROPAGATED,0x00309590->0x0058d880,ptr_int
0x003f94c8,0x003f94c8,stub_code,a1,int,ptr,DIRECT,RETURN_PROPAGATED,0x003f7c10->0x003f94c8,ptr_int
0x00309ab0,0x00309ab0,stub_code,a1,int,ptr,DIRECT,RETURN_PROPAGATED,0x00511860->0x00309ab0,ptr_int
0x0021cef0,0x0021cef0,,a1,int,ptr,CALL_PROPAGATED,RETURN_PROPAGATED,0x00511860->0x0021cef0,ptr_int
0x004c5150,0x004c5150,stub_code,a1,int,Unknown_a1_0,DIRECT,CALL_PROPAGATED,0x00309f70->0x004c5150,hard
0x00513210,0x00513210,,a0,Unknown_a0_1c,Unknown_a0_8c,CALL_PROPAGATED,CALL_PROPAGATED,0x0030a570->0x00513210,hard
0x00580d70,0x00580d70,stub_code,a0,int,Unknown_a0_8c,DIRECT,CALL_PROPAGATED,0x0030a570->0x00580d70,hard
0x00513160,0x00513160,stub_code,a0,int,Unknown_a0_28,DIRECT,CALL_PROPAGATED,0x0030a890->0x00513160,hard
0x00513160,0x00513160,stub_code,a1,int,Unknown_a0_28,DIRECT,CALL_PROPAGATED,0x0030a890->0x00513160,hard
0x004f28b0,0x004f28b0,stub_code,a1,int,Unknown_a0_28,DIRECT,CALL_PROPAGATED,0x0030a890->0x004f28b0,hard
0x00511940,0x00511940,stub_code,a1,int,Unknown_a0_28,DIRECT,CALL_PROPAGATED,0x0030a890->0x00511940,hard
0x0058d880,0x0058d880,,a0,int,Unknown_a1_0_10_18_34_44,CALL_PROPAGATED,CALL_PROPAGATED,0x0030ae80->0x0058d880,hard
0x0058d880,0x0058d880,,a2,int,Unknown_a1_0_10_18_34_44,CALL_PROPAGATED,CALL_PROPAGATED,0x0030ae80->0x0058d880,hard
0x003f7c10,0x003f7c10,,a0,Unknown_a0_0_5c,Unknown_a0_100,CALL_PROPAGATED,CALL_PROPAGATED,0x0030bad0->0x003f7c10,hard
0x003f94c8,0x003f94c8,stub_code,a0,int,Unknown_a0_100,DIRECT,CALL_PROPAGATED,0x0030bad0->0x003f94c8,hard
0x00513160,0x00513160,stub_code,a0,int,Unknown_a0_80,DIRECT,CALL_PROPAGATED,0x0030cca0->0x00513160,hard
0x00513160,0x00513160,stub_code,a1,int,Unknown_a0_80,DIRECT,CALL_PROPAGATED,0x0030cca0->0x00513160,hard
0x005cfc40,0x005cfc40,,a0,Unknown_a0_28,Unknown_a0_80,CALL_PROPAGATED,CALL_PROPAGATED,0x0030cca0->0x005cfc40,hard
0x0030ccf0,0x0030ccf0,stub_code,a1,Unknown_a1_0,Unknown_a1_10,DIRECT,CALL_PROPAGATED,0x0030d210->0x0030ccf0,hard
0x0030e4f0,0x0030e4f0,,a0,int,ptr,HEURISTIC,RETURN_PROPAGATED,0x0030e0c0->0x0030e4f0,ptr_int
0x0030e0d0,0x0030e0d0,,a0,int,ptr,HEURISTIC,RETURN_PROPAGATED,0x0030e0c0->0x0030e0d0,ptr_int
0x0030e0c0,0x0030e0c0,,a0,int,ptr,HEURISTIC,RETURN_PROPAGATED,0x0030e0c0->0x0030e0c0,ptr_int
0x002d8880,0x002d8880,,a0,int,ptr,HEURISTIC,RETURN_PROPAGATED,0x0030e0c0->0x002d8880,ptr_int
0x002d8880,0x002d8880,,a1,int,ptr,CALL_PROPAGATED,RETURN_PROPAGATED,0x0020aba0->0x002d8880,ptr_int
0x002d8870,0x002d8870,,a1,int,ptr,CALL_PROPAGATED,RETURN_PROPAGATED,0x0020aba0->0x002d8870,ptr_int
0x0030e120,0x0030e120,stub_code,a1,int,ptr,DIRECT,RETURN_PROPAGATED,0x0020aba0->0x0030e120,ptr_int
0x005dbbd0,0x005dbbd0,stub_code,a0,int,Unknown_a0_0_5c,DIRECT,CALL_PROPAGATED,0x0030e550->0x005dbbd0,hard
0x005cfc50,0x005cfc50,,a0,int,Unknown_a0_34,CALL_PROPAGATED,CALL_PROPAGATED,0x0030e6b0->0x005cfc50,hard
0x0030ebc0,0x0030ebc0,stub_code,a1,int,ptr,DIRECT,RETURN_PROPAGATED,0x00511860->0x0030ebc0,ptr_int
0x0030eb40,0x0030eb40,stub_code,a1,int,ptr,DIRECT,RETURN_PROPAGATED,0x00511860->0x0030eb40,ptr_int
0x00513210,0x00513210,,a0,Unknown_a0_1c,Unknown_a0_30,CALL_PROPAGATED,CALL_PROPAGATED,0x0030f390->0x00513210,hard
0x00310b50,0x00310b50,stub_code,a2,int,ptr,DIRECT,RETURN_PROPAGATED,0x00511860->0x00310b50,ptr_int
0x00310b50,0x00310b50,stub_code,a3,int,ptr,DIRECT,RETURN_PROPAGATED,0x00511860->0x00310b50,ptr_int
0x004c8220,0x004c8220,stub_code,a1,int,ptr,DIRECT,RETURN_PROPAGATED,0x004bc880->0x004c8220,ptr_int
0x004bdac0,0x004bdac0,stub_code,a1,int,ptr,DIRECT,RETURN_PROPAGATED,0x004bc880->0x004bdac0,ptr_int
0x004c6b40,0x004c6b40,stub_code,a1,int,ptr,DIRECT,RETURN_PROPAGATED,0x004c6180->0x004c6b40,ptr_int
0x004c0000,0x004c0000,stub_code,a1,int,ptr,DIRECT,RETURN_PROPAGATED,0x004c6b40->0x004c0000,ptr_int
0x00508930,0x00508930,,a0,int,ptr,HEURISTIC,RETURN_PROPAGATED,0x004c1020->0x00508930,ptr_int
0x004c07f0,0x004c07f0,stub_code,a1,int,ptr,DIRECT,RETURN_PROPAGATED,0x004c6b40->0x004c07f0,ptr_int
0x004bcac0,0x004bcac0,stub_code,a1,int,ptr,DIRECT,RETURN_PROPAGATED,0x004c07f0->0x004bcac0,ptr_int
0x004bd3c0,0x004bd3c0,stub_code,a1,int,ptr,DIRECT,RETURN_PROPAGATED,0x004c07f0->0x004bd3c0,ptr_int
0x0021aba0,0x0021aba0,,a1,ptr,int,HEURISTIC,RETURN_PROPAGATED,0x005ad6c0->0x0021aba0,ptr_int
0x003f94c8,0x003f94c8,stub_code,a1,int,Unknown_a1_0_5c,DIRECT,CALL_PROPAGATED,0x00314430->0x003f94c8,hard
0x004ba460,0x004ba460,stub_code,a0,int,ptr,DIRECT,CALL_PROPAGATED,0x00315380->0x004ba460,ptr_int
0x00513160,0x00513160,stub_code,a0,int,Unknown_a0_88,DIRECT,CALL_PROPAGATED,0x00315430->0x00513160,hard
0x00513160,0x00513160,stub_code,a1,int,Unknown_a0_88,DIRECT,CALL_PROPAGATED,0x00315430->0x00513160,hard
0x002ff4d0,0x002ff4d0,stub_code,a0,Unknown_a0_30,Unknown_a0_88,DIRECT,CALL_PROPAGATED,0x00315430->0x002ff4d0,hard
0x002ff4d0,0x002ff4d0,stub_code,a1,int,Unknown_a0_88,DIRECT,CALL_PROPAGATED,0x00315430->0x002ff4d0,hard
0x00315bc0,0x00315bc0,stub_code,a0,ptr,int,STRUCT_FIELD,CALL_PROPAGATED,0x003159d0->0x00315bc0,ptr_int
0x00315bc0,0x00315bc0,stub_code,a1,int,Unknown_a1_0_5c,DIRECT,CALL_PROPAGATED,0x003159d0->0x00315bc0,hard
0x0023c750,0x0023c750,,a2,ptr,int,HEURISTIC,CALL_PROPAGATED,0x00315bc0->0x0023c750,ptr_int
0x003190a0,0x003190a0,stub_code,a1,int,ptr,DIRECT,RETURN_PROPAGATED,0x00511860->0x003190a0,ptr_int
0x00318fb0,0x00318fb0,stub_code,a1,int,ptr,DIRECT,RETURN_PROPAGATED,0x00511860->0x00318fb0,ptr_int
0x00319910,0x00319910,stub_code,a1,int,ptr,DIRECT,RETURN_PROPAGATED,0x00511860->0x00319910,ptr_int
0x003196f0,0x003196f0,stub_code,a1,int,ptr,DIRECT,RETURN_PROPAGATED,0x00511860->0x003196f0,ptr_int
0x00513e80,0x00513e80,stub_code,a0,Unknown_a0_8,Unknown_a0_8_1c,DIRECT,CALL_PROPAGATED,0x00319ef0->0x00513e80,hard
0x0031b9a0,0x0031b9a0,stub_code,a0,Unknown_a0_18,int,DIRECT,CALL_PROPAGATED,0x0031a4e0->0x0031b9a0,hard
0x004f2a20,0x004f2a20,stub_code,a0,Unknown_a0_8,int,DIRECT,CALL_PROPAGATED,0x0031a640->0x004f2a20,hard
0x004f2930,0x004f2930,stub_code,a0,Unknown_a0_8,Unknown_a0_18,DIRECT,CALL_PROPAGATED,0x0031a710->0x004f2930,hard
0x0031acc0,0x0031acc0,,a1,int,Unknown_a0_18,HEURISTIC,CALL_PROPAGATED,0x0031aa90->0x0031acc0,hard
0x0031ac90,0x0031ac90,,a0,Unknown_a0_18,int,CALL_PROPAGATED,CALL_PROPAGATED,0x0031aae0->0x0031ac90,hard
0x0031acc0,0x0031acc0,,a0,Unknown_a0_18,int,CALL_PROPAGATED,CALL_PROPAGATED,0x0031aae0->0x0031acc0,hard
0x00513220,0x00513220,,a1,ptr,int,HEURISTIC,CALL_PROPAGATED,0x0031ab10->0x00513220,ptr_int
0x00513220,0x00513220,,a2,ptr,int,HEURISTIC,CALL_PROPAGATED,0x0031ab10->0x00513220,ptr_int
0x00429068,0x00429068,,a3,Unknown_a3_0,int,CALL_PROPAGATED,CALL_PROPAGATED,0x0031b2e0->0x00429068,hard
0x0051ee30,0x0051ee30,,a0,Unknown_a0_28,int,CALL_PROPAGATED,CALL_PROPAGATED,0x0031b410->0x0051ee30,hard
0x004f2210,0x004f2210,stub_code,a0,Unknown_a0_c,Unknown_a0_0_8_c_10,DIRECT,CALL_PROPAGATED,0x0031b5e0->0x004f2210,hard
0x004f2210,0x004f2210,stub_code,a1,int,Unknown_a0_0_8_c_10,DIRECT,CALL_PROPAGATED,0x0031b5e0->0x004f2210,hard
0x004f28b0,0x004f28b0,stub_code,a0,Unknown_a0_8,Unknown_a0_0_8_c_10,DIRECT,CALL_PROPAGATED,0x0031b6c0->0x004f28b0,hard
0x004f28b0,0x004f28b0,stub_code,a2,int,Unknown_a0_0_8_c_10,DIRECT,CALL_PROPAGATED,0x0031b6c0->0x004f28b0,hard
0x004f28b0,0x004f28b0,stub_code,a3,int,Unknown_a0_0_8_c_10,DIRECT,CALL_PROPAGATED,0x0031b6c0->0x004f28b0,hard
0x00513f30,FUN_00513f30,pseudo_stub,a0,Unknown_a0_0_8_c_10,Unknown_a0_18,DIRECT,CALL_PROPAGATED,0x0031b9a0->0x00513f30,hard
0x0031c700,0x0031c700,,a3,ptr,int,HEURISTIC,CALL_PROPAGATED,0x0031c000->0x0031c700,ptr_int
0x0031c760,0x0031c760,stub_code,a3,int,ptr,DIRECT,RETURN_PROPAGATED,0x0031c700->0x0031c760,ptr_int
0x00428f48,FUN_00428f48,real_c,a3,int,ptr,DIRECT,RETURN_PROPAGATED,0x0031c700->0x00428f48,ptr_int
0x0051e5a0,0x0051e5a0,stub_code,a3,int,ptr,DIRECT,RETURN_PROPAGATED,0x0031c700->0x0051e5a0,ptr_int
0x0031c990,FUN_0031c990,real_logic,a3,int,ptr,DIRECT,RETURN_PROPAGATED,0x0031c700->0x0031c990,ptr_int
0x0031c830,0x0031c830,stub_code,a3,int,ptr,DIRECT,RETURN_PROPAGATED,0x0031c700->0x0031c830,ptr_int
0x0031c760,0x0031c760,stub_code,a3,int,Unknown_a0_28,DIRECT,CALL_PROPAGATED,0x0031c3c0->0x0031c760,hard
0x00319ef0,0x00319ef0,stub_code,a2,int,Unknown_a0_28,DIRECT,CALL_PROPAGATED,0x0031c3c0->0x00319ef0,hard
0x00319ef0,0x00319ef0,stub_code,a3,int,Unknown_a0_28,DIRECT,CALL_PROPAGATED,0x0031c3c0->0x00319ef0,hard
0x0031c830,0x0031c830,stub_code,a0,ptr,int,STRUCT_FIELD,CALL_PROPAGATED,0x0031c450->0x0031c830,ptr_int
0x0058c3a0,0x0058c3a0,stub_code,a1,int,ptr,DIRECT,CALL_PROPAGATED,0x0031c530->0x0058c3a0,ptr_int
0x0031c760,0x0031c760,stub_code,a1,int,ptr,DIRECT,CALL_PROPAGATED,0x0031c530->0x0031c760,ptr_int
0x00513160,0x00513160,stub_code,a0,int,Unknown_a0_38,DIRECT,CALL_PROPAGATED,0x0031c650->0x00513160,hard
0x00513160,0x00513160,stub_code,a1,int,Unknown_a0_38,DIRECT,CALL_PROPAGATED,0x0031c650->0x00513160,hard
0x005111f0,0x005111f0,,a0,int,Unknown_a0_38,CALL_PROPAGATED,CALL_PROPAGATED,0x0031c650->0x005111f0,hard
0x0043cd60,0x0043cd60,,a1,ptr,int,HEURISTIC,CALL_PROPAGATED,0x0031c760->0x0043cd60,ptr_int
0x0043fb68,0x0043fb68,stub_code,a2,int,ptr,DIRECT,RETURN_PROPAGATED,0x0043cd60->0x0043fb68,ptr_int
0x0031dfd0,0x0031dfd0,stub_code,a0,Unknown_a0_0_8_58,int,DIRECT,CALL_PROPAGATED,0x0031ccd0->0x0031dfd0,hard
0x00318c70,0x00318c70,stub_code,a1,int,ptr,DIRECT,RETURN_PROPAGATED,0x0031c920->0x00318c70,ptr_int
0x00318c70,0x00318c70,stub_code,a3,int,ptr,DIRECT,RETURN_PROPAGATED,0x0031c920->0x00318c70,ptr_int
0x0031dbd0,0x0031dbd0,stub_code,a1,int,ptr,DIRECT,RETURN_PROPAGATED,0x0031c920->0x0031dbd0,ptr_int
0x0031dbd0,0x0031dbd0,stub_code,a3,int,ptr,DIRECT,RETURN_PROPAGATED,0x0031c920->0x0031dbd0,ptr_int
0x0031b410,0x0031b410,stub_code,a1,int,Unknown_a1_74,DIRECT,CALL_PROPAGATED,0x0031dca0->0x0031b410,hard
0x0031c700,0x0031c700,,a1,Unknown_a1_74,int,CALL_PROPAGATED,CALL_PROPAGATED,0x0031de40->0x0031c700,hard
0x0059ee70,0x0059ee70,,a0,ptr,int,HEURISTIC,CALL_PROPAGATED,0x0031f8c0->0x0059ee70,ptr_int
0x0031e460,0x0031e460,,a1,int,ptr,CALL_PROPAGATED,RETURN_PROPAGATED,0x0050fe00->0x0031e460,ptr_int
0x003200b0,0x003200b0,stub_code,a1,Unknown_a1_0_10_18_34_44,int,DIRECT,CALL_PROPAGATED,0x0031fd90->0x003200b0,hard
0x001071e0,FUN_001071e0,real_c,a0,Unknown_a0_0_4_8_c_10_14_18_1c_20_24_28_2c_30_34_38_3c,Unknown_a1_0_10_18_34_44,DIRECT,CALL_PROPAGATED,0x003200b0->0x001071e0,hard
0x001071e0,FUN_001071e0,real_c,a1,Unknown_a1_0_4_8_c_10_14_18_1c_20_24_28_2c_30_34_38_3c,Unknown_a1_0_10_18_34_44,DIRECT,CALL_PROPAGATED,0x003200b0->0x001071e0,hard
0x0058a7a0,0x0058a7a0,,a0,Unknown_a1_0_10_18_34_44,Unknown_a0_0_8_10_34_44,CALL_PROPAGATED,CALL_PROPAGATED,0x003203f0->0x0058a7a0,hard
0x0058a7a0,0x0058a7a0,,a1,Unknown_a1_0_4_8,Unknown_a0_0_8_10_34_44,CALL_PROPAGATED,CALL_PROPAGATED,0x003203f0->0x0058a7a0,hard
0x00108b40,0x00108b40,,a1,Unknown_a1_0_10_18_34_44,Unknown_a0_0_8_10_34_44,CALL_PROPAGATED,CALL_PROPAGATED,0x003203f0->0x00108b40,hard
0x005dbaf0,0x005dbaf0,,a0,ptr,int,HEURISTIC,CALL_PROPAGATED,0x00320610->0x005dbaf0,ptr_int
0x0058b0b0,0x0058b0b0,,a0,Unknown_a0_0_50,int,CALL_PROPAGATED,CALL_PROPAGATED,0x00320b10->0x0058b0b0,hard
0x003214f0,0x003214f0,stub_code,a1,int,ptr,DIRECT,RETURN_PROPAGATED,0x00511860->0x003214f0,ptr_int
0x00321470,0x00321470,stub_code,a1,int,ptr,DIRECT,RETURN_PROPAGATED,0x00511860->0x00321470,ptr_int
0x00291320,0x00291320,stub_code,a1,int,ptr,DIRECT,RETURN_PROPAGATED,0x00511860->0x00291320,ptr_int
0x003213f0,0x003213f0,stub_code,a1,int,ptr,DIRECT,RETURN_PROPAGATED,0x00511860->0x003213f0,ptr_int
0x003215b0,0x003215b0,stub_code,a1,int,ptr,DIRECT,RETURN_PROPAGATED,0x00511860->0x003215b0,ptr_int
0x0051a260,0x0051a260,stub_code,a1,int,Unknown_a1_20,DIRECT,CALL_PROPAGATED,0x00322e70->0x0051a260,hard
0x0051a1f0,0x0051a1f0,stub_code,a0,int,Unknown_a1_20,DIRECT,CALL_PROPAGATED,0x00322e70->0x0051a1f0,hard
0x0051a1f0,0x0051a1f0,stub_code,a1,int,Unknown_a1_20,DIRECT,CALL_PROPAGATED,0x00322e70->0x0051a1f0,hard
0x0055a8a0,0x0055a8a0,,a1,Unknown_a1_0_10_18_34_44,int,CALL_PROPAGATED,CALL_PROPAGATED,0x00323020->0x0055a8a0,hard
0x002ee780,0x002ee780,,a3,int,ptr,CALL_PROPAGATED,CALL_PROPAGATED,0x00323020->0x002ee780,ptr_int
0x0058dac0,0x0058dac0,,a3,int,ptr,CALL_PROPAGATED,CALL_PROPAGATED,0x00323020->0x0058dac0,ptr_int
0x003233a0,0x003233a0,stub_code,a3,int,ptr,DIRECT,CALL_PROPAGATED,0x00323020->0x003233a0,ptr_int
0x00510ea0,0x00510ea0,stub_code,a1,int,Unknown_a1_8,DIRECT,CALL_PROPAGATED,0x00323cb0->0x00510ea0,hard
0x00326110,0x00326110,stub_code,a0,ptr,int,STRUCT_FIELD,CALL_PROPAGATED,0x00323cb0->0x00326110,ptr_int
0x00322e70,0x00322e70,stub_code,a1,Unknown_a1_20,int,DIRECT,CALL_PROPAGATED,0x00324410->0x00322e70,hard
0x004c8ad0,0x004c8ad0,stub_code,a2,Unknown_a2_0,int,DIRECT,CALL_PROPAGATED,0x00324780->0x004c8ad0,hard
0x00320f30,0x00320f30,stub_code,a0,int,ptr,DIRECT,CALL_PROPAGATED,0x00325fb0->0x00320f30,ptr_int
0x00320f30,0x00320f30,stub_code,a1,int,ptr,DIRECT,CALL_PROPAGATED,0x00325fb0->0x00320f30,ptr_int
0x00322e70,0x00322e70,stub_code,a0,int,ptr,DIRECT,CALL_PROPAGATED,0x00325fb0->0x00322e70,ptr_int
0x002eddb0,0x002eddb0,,a0,ptr,int,HEURISTIC,CALL_PROPAGATED,0x003265b0->0x002eddb0,ptr_int
0x0050fde0,0x0050fde0,,a1,int,ptr,HEURISTIC,RETURN_PROPAGATED,0x00512e00->0x0050fde0,ptr_int
0x004f28b0,0x004f28b0,stub_code,a2,int,ptr,DIRECT,RETURN_PROPAGATED,0x002eddb0->0x004f28b0,ptr_int
0x005d72f0,0x005d72f0,stub_code,a1,int,ptr,DIRECT,CALL_PROPAGATED,0x0032a0e0->0x005d72f0,ptr_int
0x00585c00,0x00585c00,,a1,ptr,int,HEURISTIC,CALL_PROPAGATED,0x0032a370->0x00585c00,ptr_int
0x00585c00,0x00585c00,,a2,ptr,int,HEURISTIC,CALL_PROPAGATED,0x0032a370->0x00585c00,ptr_int
0x0058d880,0x0058d880,,a1,int,ptr,CALL_PROPAGATED,CALL_PROPAGATED,0x0032ac60->0x0058d880,ptr_int
0x002ecd80,0x002ecd80,stub_code,a1,Unknown_a1_0,int,DIRECT,CALL_PROPAGATED,0x0032b140->0x002ecd80,hard
0x005a1cb0,0x005a1cb0,stub_code,a1,int,ptr,DIRECT,RETURN_PROPAGATED,0x005e5270->0x005a1cb0,ptr_int
0x00328b30,0x00328b30,,a1,int,ptr,CALL_PROPAGATED,RETURN_PROPAGATED,0x005e5270->0x00328b30,ptr_int
0x00314120,0x00314120,,a1,int,ptr,CALL_PROPAGATED,RETURN_PROPAGATED,0x00216960->0x00314120,ptr_int
0x003140c0,0x003140c0,stub_code,a1,int,ptr,DIRECT,RETURN_PROPAGATED,0x00216960->0x003140c0,ptr_int
0x00314090,0x00314090,,a1,int,ptr,HEURISTIC,RETURN_PROPAGATED,0x00216960->0x00314090,ptr_int
0x00314080,0x00314080,,a1,int,ptr,HEURISTIC,RETURN_PROPAGATED,0x00216960->0x00314080,ptr_int
0x005d86d0,0x005d86d0,stub_code,a1,int,ptr,DIRECT,RETURN_PROPAGATED,0x00216960->0x005d86d0,ptr_int
0x0032e9f0,0x0032e9f0,,a0,Unknown_a0_8,int,CALL_PROPAGATED,CALL_PROPAGATED,0x0032e1f0->0x0032e9f0,hard
0x002f9c60,0x002f9c60,stub_code,a2,int,ptr,DIRECT,RETURN_PROPAGATED,0x00511860->0x002f9c60,ptr_int
0x002f9c60,0x002f9c60,stub_code,a3,int,ptr,DIRECT,RETURN_PROPAGATED,0x00511860->0x002f9c60,ptr_int
0x002d9dc0,0x002d9dc0,stub_code,a1,int,ptr,DIRECT,RETURN_PROPAGATED,0x00511860->0x002d9dc0,ptr_int
0x002f9c60,0x002f9c60,stub_code,a1,int,ptr,DIRECT,RETURN_PROPAGATED,0x00511860->0x002f9c60,ptr_int
0x00513210,0x00513210,,a0,Unknown_a0_1c,Unknown_a0_30_34_38,CALL_PROPAGATED,CALL_PROPAGATED,0x0032f060->0x00513210,hard
0x00545430,0x00545430,,a0,Unknown_a0_0_4,Unknown_a0_30_34_38,CALL_PROPAGATED,CALL_PROPAGATED,0x0032f060->0x00545430,hard
0x005111f0,0x005111f0,,a0,Unknown_a0_38,Unknown_a0_0_8c,CALL_PROPAGATED,CALL_PROPAGATED,0x0032fd30->0x005111f0,hard
0x005111f0,0x005111f0,,a1,Unknown_a0_8,int,CALL_PROPAGATED,CALL_PROPAGATED,0x0032fd30->0x005111f0,hard
0x005b7030,0x005b7030,stub_code,a1,Unknown_a1_24,int,DIRECT,CALL_PROPAGATED,0x0032fd80->0x005b7030,hard
0x00557f60,0x00557f60,stub_code,a0,Unknown_a0_14_18_1c,int,DIRECT,CALL_PROPAGATED,0x00330210->0x00557f60,hard
0x003304d0,0x003304d0,stub_code,a1,int,ptr,DIRECT,RETURN_PROPAGATED,0x00511860->0x003304d0,ptr_int
0x00331a60,0x00331a60,stub_code,a1,int,ptr,DIRECT,RETURN_PROPAGATED,0x00511860->0x00331a60,ptr_int
0x00513f30,FUN_00513f30,pseudo_stub,a0,Unknown_a0_0_8_c_10,int,DIRECT,CALL_PROPAGATED,0x00331f20->0x00513f30,hard
0x00511940,0x00511940,stub_code,a0,Unknown_a0_0_4c,Unknown_a0_0_4_8_c_10_14_18_1c,DIRECT,CALL_PROPAGATED,0x00332040->0x00511940,hard
0x00511940,0x00511940,stub_code,a1,int,Unknown_a0_0_4_8_c_10_14_18_1c,DIRECT,CALL_PROPAGATED,0x00332040->0x00511940,hard
0x00511940,0x00511940,stub_code,a2,int,Unknown_a0_0_4_8_c_10_14_18_1c,DIRECT,CALL_PROPAGATED,0x00332040->0x00511940,hard
0x00511940,0x00511940,stub_code,a3,int,Unknown_a0_0_4_8_c_10_14_18_1c,DIRECT,CALL_PROPAGATED,0x00332040->0x00511940,hard
0x0023cf10,0x0023cf10,,a0,Unknown_a0_0_4,int,CALL_PROPAGATED,CALL_PROPAGATED,0x00332350->0x0023cf10,hard
0x005b7aa0,0x005b7aa0,stub_code,a1,Unknown_a1_8_20,int,DIRECT,CALL_PROPAGATED,0x003325a0->0x005b7aa0,hard
0x00513210,0x00513210,,a0,Unknown_a0_30_34_38,int,CALL_PROPAGATED,CALL_PROPAGATED,0x003326c0->0x00513210,hard
0x005b7840,0x005b7840,stub_code,a2,int,ptr,DIRECT,CALL_PROPAGATED,0x00332b30->0x005b7840,ptr_int
0x005b7840,0x005b7840,stub_code,a3,int,ptr,DIRECT,CALL_PROPAGATED,0x00332b30->0x005b7840,ptr_int
0x00511940,0x00511940,stub_code,a1,int,Unknown_a0_0_4_8_c_10,DIRECT,CALL_PROPAGATED,0x00333c70->0x00511940,hard
0x004c5400,0x004c5400,stub_code,a1,int,ptr,DIRECT,RETURN_PROPAGATED,0x004c6180->0x004c5400,ptr_int
0x004c5f10,0x004c5f10,stub_code,a1,int,ptr,DIRECT,RETURN_PROPAGATED,0x004c6180->0x004c5f10,ptr_int
0x004c4190,0x004c4190,stub_code,a1,int,ptr,DIRECT,RETURN_PROPAGATED,0x004c6180->0x004c4190,ptr_int
0x004c4420,0x004c4420,stub_code,a1,int,ptr,DIRECT,RETURN_PROPAGATED,0x004c4190->0x004c4420,ptr_int
0x004c46b0,0x004c46b0,stub_code,a1,int,ptr,DIRECT,RETURN_PROPAGATED,0x004c5150->0x004c46b0,ptr_int
0x004c1840,0x004c1840,stub_code,a1,int,ptr,DIRECT,RETURN_PROPAGATED,0x004c5150->0x004c1840,ptr_int
0x004c56d0,0x004c56d0,stub_code,a1,int,ptr,DIRECT,RETURN_PROPAGATED,0x004c5150->0x004c56d0,ptr_int
0x004f2770,0x004f2770,stub_code,a1,int,ptr,DIRECT,CALL_PROPAGATED,0x003361d0->0x004f2770,ptr_int
0x0033b7e0,0x0033b7e0,stub_code,a0,Unknown_a0_0_1c,int,DIRECT,CALL_PROPAGATED,0x00336600->0x0033b7e0,hard
0x00341750,0x00341750,stub_code,a3,Unknown_a3_0_10,int,DIRECT,CALL_PROPAGATED,0x00336640->0x00341750,hard
0x003589c0,0x003589c0,stub_code,a2,int,ptr,CALL_PROPAGATED,CALL_PROPAGATED,0x003370d0->0x003589c0,ptr_int
0x00380ef0,0x00380ef0,stub_code,a0,int,Unknown_a0_14_64,DIRECT,CALL_PROPAGATED,0x00337430->0x00380ef0,hard
0x0018fbb0,0x0018fbb0,stub_code,a1,Unknown_a1_28c,int,DIRECT,CALL_PROPAGATED,0x00337430->0x0018fbb0,hard
0x003374e0,0x003374e0,stub_code,a1,Unknown_a1_28c,int,DIRECT,CALL_PROPAGATED,0x00338480->0x003374e0,hard
0x00338ca0,0x00338ca0,stub_code,a1,Unknown_a1_0,int,DIRECT,CALL_PROPAGATED,0x00338700->0x00338ca0,hard
0x00338ca0,0x00338ca0,stub_code,a2,Unknown_a2_0,int,DIRECT,CALL_PROPAGATED,0x00338700->0x00338ca0,hard
0x00338ff0,0x00338ff0,stub_code,a1,ptr,int,STRUCT_FIELD,CALL_PROPAGATED,0x00339310->0x00338ff0,ptr_int
0x0033d550,0x0033d550,stub_code,a0,int,ptr,DIRECT,RETURN_PROPAGATED,0x0033baf0->0x0033d550,ptr_int
0x0033baf0,0x0033baf0,stub_code,a0,int,ptr,DIRECT,RETURN_PROPAGATED,0x0033baf0->0x0033baf0,ptr_int
0x0033baf0,0x0033baf0,stub_code,a3,int,ptr,DIRECT,RETURN_PROPAGATED,0x0033d550->0x0033baf0,ptr_int
0x0033d550,0x0033d550,stub_code,a3,int,ptr,DIRECT,RETURN_PROPAGATED,0x0033d550->0x0033d550,ptr_int
0x0033d650,0x0033d650,stub_code,a0,int,Unknown_a0_0,DIRECT,CALL_PROPAGATED,0x0033bb60->0x0033d650,hard
0x0033d650,0x0033d650,stub_code,a2,int,ptr,DIRECT,RETURN_PROPAGATED,0x0033d650->0x0033d650,ptr_int
0x0033d320,0x0033d320,,a2,int,ptr,CALL_PROPAGATED,RETURN_PROPAGATED,0x0033d650->0x0033d320,ptr_int
0x0033d420,0x0033d420,stub_code,a0,Unknown_a0_8,int,DIRECT,CALL_PROPAGATED,0x0033bd60->0x0033d420,hard
0x0033d480,0x0033d480,stub_code,a0,int,ptr,DIRECT,RETURN_PROPAGATED,0x0033d420->0x0033d480,ptr_int
0x0033d480,0x0033d480,stub_code,a1,int,ptr,DIRECT,RETURN_PROPAGATED,0x0033d420->0x0033d480,ptr_int
0x0033db20,0x0033db20,stub_code,a0,Unknown_a0_8,int,DIRECT,CALL_PROPAGATED,0x0033cca0->0x0033db20,hard
0x0033db20,0x0033db20,stub_code,a0,Unknown_a0_8,Unknown_a0_0_8_10,DIRECT,CALL_PROPAGATED,0x0033d0f0->0x0033db20,hard
0x00429538,0x00429538,,a2,int,Unknown_a0_0_8_10,CALL_PROPAGATED,CALL_PROPAGATED,0x0033d0f0->0x00429538,hard
0x0033cca0,0x0033cca0,stub_code,a0,int,Unknown_a0_8_10,DIRECT,CALL_PROPAGATED,0x0033d210->0x0033cca0,hard
0x0042bdb8,FUN_0042bdb8,real_logic,a0,int,Unknown_a0_8_10,DIRECT,CALL_PROPAGATED,0x0033d210->0x0042bdb8,hard
0x0033ce50,0x0033ce50,stub_code,a0,int,Unknown_a0_8,DIRECT,CALL_PROPAGATED,0x0033d290->0x0033ce50,hard
0x0033cb90,0x0033cb90,,a2,Unknown_a0_0_8_10,int,CALL_PROPAGATED,CALL_PROPAGATED,0x0033d2d0->0x0033cb90,hard
0x0033e930,0x0033e930,,a1,int,ptr,CALL_PROPAGATED,RETURN_PROPAGATED,0x003fad18->0x0033e930,ptr_int
0x0033ea30,0x0033ea30,,a1,int,ptr,CALL_PROPAGATED,RETURN_PROPAGATED,0x003fad18->0x0033ea30,ptr_int
0x0033d9b0,0x0033d9b0,stub_code,a1,int,ptr,DIRECT,RETURN_PROPAGATED,0x003fad18->0x0033d9b0,ptr_int
0x0033be20,0x0033be20,stub_code,a0,int,ptr,DIRECT,RETURN_PROPAGATED,0x0033e060->0x0033be20,ptr_int
0x0033be20,0x0033be20,stub_code,a1,int,ptr,DIRECT,RETURN_PROPAGATED,0x0033c1b0->0x0033be20,ptr_int
0x004ba460,0x004ba460,stub_code,a0,int,Unknown_a0_0_8,DIRECT,CALL_PROPAGATED,0x0033e0d0->0x004ba460,hard
0x0033e6f0,0x0033e6f0,stub_code,a0,Unknown_a0_4_8,Unknown_a0_30,DIRECT,CALL_PROPAGATED,0x0033e550->0x0033e6f0,hard
0x0033e6f0,0x0033e6f0,stub_code,a1,int,Unknown_a0_30,DIRECT,CALL_PROPAGATED,0x0033e550->0x0033e6f0,hard
0x0033c3b0,0x0033c3b0,stub_code,a1,int,Unknown_a0_30,DIRECT,CALL_PROPAGATED,0x0033e550->0x0033c3b0,hard
0x0033be20,0x0033be20,stub_code,a0,int,Unknown_a0_4_8,DIRECT,CALL_PROPAGATED,0x0033e6f0->0x0033be20,hard
0x0033be20,0x0033be20,stub_code,a1,int,Unknown_a2_0_4,DIRECT,CALL_PROPAGATED,0x0033e6f0->0x0033be20,hard
0x0033be20,0x0033be20,stub_code,a2,int,Unknown_a2_0_4,DIRECT,CALL_PROPAGATED,0x0033e6f0->0x0033be20,hard
0x00341490,0x00341490,stub_code,a0,Unknown_a0_0,int,DIRECT,CALL_PROPAGATED,0x0033ee30->0x00341490,hard
0x0033eec0,0x0033eec0,stub_code,a0,Unknown_a0_1c,int,DIRECT,CALL_PROPAGATED,0x0033ee30->0x0033eec0,hard
0x003478e0,0x003478e0,stub_code,a0,int,Unknown_a0_1c,DIRECT,CALL_PROPAGATED,0x0033eec0->0x003478e0,hard
0x0035aae0,0x0035aae0,stub_code,a0,int,Unknown_a0_1c,DIRECT,CALL_PROPAGATED,0x0033eec0->0x0035aae0,hard
0x0033c1b0,0x0033c1b0,stub_code,a1,int,ptr,DIRECT,RETURN_PROPAGATED,0x0033c1b0->0x0033c1b0,ptr_int
0x0033f1d0,0x0033f1d0,stub_code,a0,int,ptr,DIRECT,RETURN_PROPAGATED,0x0039a3e0->0x0033f1d0,ptr_int
0x0033fe90,0x0033fe90,stub_code,a0,Unknown_a0_c_10,int,DIRECT,CALL_PROPAGATED,0x0033fde0->0x0033fe90,hard
0x003ad9c0,0x003ad9c0,stub_code,a0,int,Unknown_a0_c_10,DIRECT,CALL_PROPAGATED,0x0033fe90->0x003ad9c0,hard
0x003402d0,0x003402d0,stub_code,a1,int,Unknown_a0_c_10,DIRECT,CALL_PROPAGATED,0x0033fe90->0x003402d0,hard
0x00340310,0x00340310,stub_code,a1,Unknown_a1_0_4_c,int,DIRECT,CALL_PROPAGATED,0x0033ff10->0x00340310,hard
0x00340580,0x00340580,stub_code,a1,Unknown_a1_0_4,int,DIRECT,CALL_PROPAGATED,0x0033ff70->0x00340580,hard
0x00340050,0x00340050,stub_code,a2,int,Unknown_a1_0_4,DIRECT,CALL_PROPAGATED,0x00340050->0x00340050,hard
0x003402c0,0x003402c0,,a2,int,Unknown_a1_0_4,CALL_PROPAGATED,CALL_PROPAGATED,0x00340050->0x003402c0,hard
0x003402b0,0x003402b0,,a2,int,Unknown_a1_0_4,CALL_PROPAGATED,CALL_PROPAGATED,0x00340050->0x003402b0,hard
0x003402a0,0x003402a0,,a2,int,Unknown_a1_0_4,CALL_PROPAGATED,CALL_PROPAGATED,0x00340050->0x003402a0,hard
0x00340290,0x00340290,,a2,int,Unknown_a1_0_4,CALL_PROPAGATED,CALL_PROPAGATED,0x00340050->0x00340290,hard
0x0033c170,FUN_0033c170,pseudo_stub,a0,ptr,int,STRUCT_FIELD,CALL_PROPAGATED,0x00340050->0x0033c170,ptr_int
0x00340050,0x00340050,stub_code,a0,int,Unknown_a0_4,DIRECT,CALL_PROPAGATED,0x003402d0->0x00340050,hard
0x00340050,0x00340050,stub_code,a1,Unknown_a1_0_4,Unknown_a0_4,DIRECT,CALL_PROPAGATED,0x003402d0->0x00340050,hard
0x00340470,0x00340470,stub_code,a1,int,Unknown_a1_0_4_c,DIRECT,CALL_PROPAGATED,0x00340310->0x00340470,hard
0x00340650,0x00340650,stub_code,a0,Unknown_a0_0_4_8,Unknown_a0_8,DIRECT,CALL_PROPAGATED,0x00340580->0x00340650,hard
0x00340650,0x00340650,stub_code,a2,ptr,int,STRUCT_FIELD,CALL_PROPAGATED,0x00340580->0x00340650,ptr_int
0x00341480,0x00341480,,a0,ptr,int,HEURISTIC,CALL_PROPAGATED,0x00341410->0x00341480,ptr_int
0x00341480,0x00341480,,a2,ptr,int,HEURISTIC,CALL_PROPAGATED,0x00341410->0x00341480,ptr_int
0x0033c1b0,0x0033c1b0,stub_code,a0,int,Unknown_a0_0,DIRECT,CALL_PROPAGATED,0x00341490->0x0033c1b0,hard
0x0033c1b0,0x0033c1b0,stub_code,a1,int,Unknown_a0_0,DIRECT,CALL_PROPAGATED,0x00341490->0x0033c1b0,hard
0x003b2b50,0x003b2b50,stub_code,a0,int,Unknown_a0_0,DIRECT,CALL_PROPAGATED,0x00341490->0x003b2b50,hard
0x003b2b50,0x003b2b50,stub_code,a1,int,Unknown_a0_0,DIRECT,CALL_PROPAGATED,0x00341490->0x003b2b50,hard
0x003b0dd0,0x003b0dd0,stub_code,a0,int,Unknown_a0_0,DIRECT,CALL_PROPAGATED,0x00341490->0x003b0dd0,hard
0x003b0dd0,0x003b0dd0,stub_code,a1,int,ptr,DIRECT,RETURN_PROPAGATED,0x003b2b50->0x003b0dd0,ptr_int
0x003af8a0,0x003af8a0,stub_code,a0,int,ptr,DIRECT,RETURN_PROPAGATED,0x003b0dd0->0x003af8a0,ptr_int
0x003af8a0,0x003af8a0,stub_code,a1,int,ptr,DIRECT,RETURN_PROPAGATED,0x003b0dd0->0x003af8a0,ptr_int
0x003b2d60,0x003b2d60,stub_code,a0,int,ptr,DIRECT,RETURN_PROPAGATED,0x003b0dd0->0x003b2d60,ptr_int
0x0039a3e0,0x0039a3e0,stub_code,a0,int,ptr,DIRECT,RETURN_PROPAGATED,0x003af8a0->0x0039a3e0,ptr_int
0x0039a3e0,0x0039a3e0,stub_code,a1,int,ptr,DIRECT,RETURN_PROPAGATED,0x003af8a0->0x0039a3e0,ptr_int
0x00380cf0,0x00380cf0,stub_code,a0,int,ptr,DIRECT,RETURN_PROPAGATED,0x0039a3e0->0x00380cf0,ptr_int
0x00380cf0,0x00380cf0,stub_code,a1,int,ptr,DIRECT,RETURN_PROPAGATED,0x0039a3e0->0x00380cf0,ptr_int
0x0033fda0,0x0033fda0,stub_code,a1,int,ptr,DIRECT,RETURN_PROPAGATED,0x0033c1b0->0x0033fda0,ptr_int
0x0033ff10,0x0033ff10,stub_code,a0,int,ptr,DIRECT,RETURN_PROPAGATED,0x0033c1b0->0x0033ff10,ptr_int
0x003976c0,0x003976c0,stub_code,a1,int,ptr,DIRECT,CALL_PROPAGATED,0x00341750->0x003976c0,ptr_int
0x003976c0,0x003976c0,stub_code,a3,int,Unknown_a3_0_10,DIRECT,CALL_PROPAGATED,0x00341750->0x003976c0,hard
0x0038e150,0x0038e150,stub_code,a1,int,ptr,DIRECT,CALL_PROPAGATED,0x00341750->0x0038e150,ptr_int
0x0038e150,0x0038e150,stub_code,a3,int,Unknown_a3_0_10,DIRECT,CALL_PROPAGATED,0x00341750->0x0038e150,hard
0x00380e80,0x00380e80,stub_code,a1,int,ptr,DIRECT,CALL_PROPAGATED,0x00341750->0x00380e80,ptr_int
0x00380e80,0x00380e80,stub_code,a3,int,Unknown_a3_0_10,DIRECT,CALL_PROPAGATED,0x00341750->0x00380e80,hard
0x0052f160,0x0052f160,stub_code,a0,ptr,int,STRUCT_FIELD,CALL_PROPAGATED,0x003420e0->0x0052f160,ptr_int
0x00342160,0x00342160,,a0,ptr,int,HEURISTIC,CALL_PROPAGATED,0x00342120->0x00342160,ptr_int
0x00342160,0x00342160,,a2,ptr,int,HEURISTIC,CALL_PROPAGATED,0x00342120->0x00342160,ptr_int
0x00342160,0x00342160,,a3,ptr,int,CALL_PROPAGATED,CALL_PROPAGATED,0x00342120->0x00342160,ptr_int
0x005111f0,0x005111f0,,a0,Unknown_a0_0_8c,int,CALL_PROPAGATED,CALL_PROPAGATED,0x003422c0->0x005111f0,hard
0x00342340,0x00342340,,a0,ptr,int,HEURISTIC,CALL_PROPAGATED,0x00342300->0x00342340,ptr_int
0x0023db20,0x0023db20,stub_code,a0,Unknown_a0_4,int,DIRECT,CALL_PROPAGATED,0x00342640->0x0023db20,hard
0x0023dbc0,0x0023dbc0,stub_code,a0,Unknown_a0_4,Unknown_a0_0_28_88,DIRECT,CALL_PROPAGATED,0x00342690->0x0023dbc0,hard
0x0023dbc0,0x0023dbc0,stub_code,a2,ptr,int,HEURISTIC,CALL_PROPAGATED,0x00342690->0x0023dbc0,ptr_int
0x004cdba0,0x004cdba0,stub_code,a2,int,ptr,DIRECT,RETURN_PROPAGATED,0x004cdcd0->0x004cdba0,ptr_int
0x0049dfa8,0x0049dfa8,stub_code,a0,int,Unknown_a0_88,DIRECT,CALL_PROPAGATED,0x00342fd0->0x0049dfa8,hard
0x0046c6a0,0x0046c6a0,stub_code,a0,int,Unknown_a0_8c,DIRECT,CALL_PROPAGATED,0x003430e0->0x0046c6a0,hard
0x0046cd48,FUN_0046cd48,pseudo_stub,a0,int,Unknown_a0_8c,DIRECT,CALL_PROPAGATED,0x003430e0->0x0046cd48,hard
0x0046d2f0,FUN_0046d2f0,pseudo_stub,a0,int,Unknown_a0_8c,DIRECT,CALL_PROPAGATED,0x003430e0->0x0046d2f0,hard
0x0046f168,0x0046f168,,a3,ptr,int,HEURISTIC,CALL_PROPAGATED,0x003430e0->0x0046f168,ptr_int
0x0046c928,0x0046c928,stub_code,a0,int,Unknown_a0_8c,DIRECT,CALL_PROPAGATED,0x003430e0->0x0046c928,hard
0x00498bc8,0x00498bc8,stub_code,a0,int,Unknown_a0_8c,DIRECT,CALL_PROPAGATED,0x003430e0->0x00498bc8,hard
0x0049a848,0x0049a848,stub_code,a0,Unknown_a0_40,Unknown_a0_0_20_88,DIRECT,CALL_PROPAGATED,0x003433c0->0x0049a848,hard
0x0049a2f0,0x0049a2f0,stub_code,a0,Unknown_a0_6c,int,DIRECT,CALL_PROPAGATED,0x003437a0->0x0049a2f0,hard
0x00343350,0x00343350,stub_code,a0,Unknown_a0_8c,int,CALL_PROPAGATED,CALL_PROPAGATED,0x003437a0->0x00343350,hard
0x001119f0,0x001119f0,stub_code,a1,int,ptr,CALL_PROPAGATED,RETURN_PROPAGATED,0x00561aa0->0x001119f0,ptr_int
0x003450d0,0x003450d0,stub_code,a1,int,ptr,DIRECT,RETURN_PROPAGATED,0x00111ab0->0x003450d0,ptr_int
0x0023db20,0x0023db20,stub_code,a0,Unknown_a0_4,Unknown_a0_0,DIRECT,CALL_PROPAGATED,0x00345010->0x0023db20,hard
0x00343890,0x00343890,stub_code,a1,int,ptr,DIRECT,RETURN_PROPAGATED,0x00238120->0x00343890,ptr_int
0x0023dbc0,0x0023dbc0,stub_code,a0,Unknown_a0_4,int,DIRECT,CALL_PROPAGATED,0x003450d0->0x0023dbc0,hard
0x0023dbc0,0x0023dbc0,stub_code,a1,Unknown_a0_0_28_88,int,CALL_PROPAGATED,CALL_PROPAGATED,0x003450d0->0x0023dbc0,hard
0x00444268,0x00444268,stub_code,a3,Unknown_a3_20_28_30_38_58_5b,int,DIRECT,CALL_PROPAGATED,0x00345460->0x00444268,hard
0x0033ea30,0x0033ea30,,a0,Unknown_a0_8,int,CALL_PROPAGATED,CALL_PROPAGATED,0x00345670->0x0033ea30,hard
0x00345a10,0x00345a10,,a1,int,ptr,CALL_PROPAGATED,RETURN_PROPAGATED,0x0033ea30->0x00345a10,ptr_int
0x0033f800,0x0033f800,stub_code,a1,int,ptr,DIRECT,RETURN_PROPAGATED,0x0033ea30->0x0033f800,ptr_int
0x0033f800,0x0033f800,stub_code,a0,int,ptr,DIRECT,RETURN_PROPAGATED,0x00345cc0->0x0033f800,ptr_int
0x0033f800,0x0033f800,stub_code,a2,int,ptr,DIRECT,RETURN_PROPAGATED,0x00345cc0->0x0033f800,ptr_int
0x00345cc0,0x00345cc0,,a2,int,ptr,CALL_PROPAGATED,RETURN_PROPAGATED,0x00345cc0->0x00345cc0,ptr_int
0x0035ac50,0x0035ac50,stub_code,a0,Unknown_a0_c,int,DIRECT,CALL_PROPAGATED,0x00345e90->0x0035ac50,hard
0x00347960,0x00347960,stub_code,a0,Unknown_a0_14,int,DIRECT,CALL_PROPAGATED,0x00345e90->0x00347960,hard
0x003579e0,0x003579e0,stub_code,a1,int,ptr,DIRECT,RETURN_PROPAGATED,0x0035b2b0->0x003579e0,ptr_int
0x0035b4f0,0x0035b4f0,stub_code,a1,int,ptr,DIRECT,RETURN_PROPAGATED,0x0035b2b0->0x0035b4f0,ptr_int
0x00357950,0x00357950,stub_code,a1,int,ptr,DIRECT,RETURN_PROPAGATED,0x0035b160->0x00357950,ptr_int
0x0035b160,0x0035b160,stub_code,a1,int,ptr,DIRECT,RETURN_PROPAGATED,0x0035b160->0x0035b160,ptr_int
0x00347740,0x00347740,stub_code,a0,Unknown_a0_0_1c,int,DIRECT,CALL_PROPAGATED,0x00346610->0x00347740,hard
0x003656d0,0x003656d0,stub_code,a1,int,ptr,DIRECT,RETURN_PROPAGATED,0x0033c1b0->0x003656d0,ptr_int
0x00357950,0x00357950,stub_code,a2,int,ptr,DIRECT,RETURN_PROPAGATED,0x003472f0->0x00357950,ptr_int
0x0035b160,0x0035b160,stub_code,a2,int,ptr,DIRECT,RETURN_PROPAGATED,0x003472f0->0x0035b160,ptr_int
0x0035b2b0,0x0035b2b0,stub_code,a2,int,ptr,DIRECT,RETURN_PROPAGATED,0x003472f0->0x0035b2b0,ptr_int
0x003579e0,0x003579e0,stub_code,a2,int,ptr,DIRECT,RETURN_PROPAGATED,0x003472f0->0x003579e0,ptr_int
0x0035b4f0,0x0035b4f0,stub_code,a2,int,ptr,DIRECT,RETURN_PROPAGATED,0x003472f0->0x0035b4f0,ptr_int
0x0035b460,0x0035b460,stub_code,a2,int,ptr,DIRECT,RETURN_PROPAGATED,0x003472f0->0x0035b460,ptr_int
0x0035af50,0x0035af50,stub_code,a2,int,ptr,DIRECT,RETURN_PROPAGATED,0x003472f0->0x0035af50,ptr_int
0x0035b3e0,0x0035b3e0,stub_code,a2,int,ptr,DIRECT,RETURN_PROPAGATED,0x003472f0->0x0035b3e0,ptr_int
0x0033fda0,0x0033fda0,stub_code,a0,Unknown_a0_0,int,DIRECT,CALL_PROPAGATED,0x003478e0->0x0033fda0,hard
0x0033ea40,0x0033ea40,,a0,int,Unknown_a0_14,CALL_PROPAGATED,CALL_PROPAGATED,0x00347960->0x0033ea40,hard
0x0035a800,0x0035a800,stub_code,a0,Unknown_a0_c,int,DIRECT,CALL_PROPAGATED,0x00347ca0->0x0035a800,hard
0x003457e0,0x003457e0,stub_code,a0,Unknown_a0_0,int,DIRECT,CALL_PROPAGATED,0x00347e50->0x003457e0,hard
0x00348130,0x00348130,stub_code,a0,int,Unknown_a1_0_4,DIRECT,CALL_PROPAGATED,0x00347ed0->0x00348130,hard
0x00348130,0x00348130,stub_code,a1,int,Unknown_a1_0_4,DIRECT,CALL_PROPAGATED,0x00347ed0->0x00348130,hard
0x00347de0,0x00347de0,stub_code,a0,int,Unknown_a1_0_4,DIRECT,CALL_PROPAGATED,0x00347ed0->0x00347de0,hard
0x00347de0,0x00347de0,stub_code,a1,int,Unknown_a1_0_4,DIRECT,CALL_PROPAGATED,0x00347ed0->0x00347de0,hard
0x0033c170,FUN_0033c170,pseudo_stub,a1,int,Unknown_a1_0_4,DIRECT,CALL_PROPAGATED,0x00347ed0->0x0033c170,hard
0x00347ed0,0x00347ed0,stub_code,a0,int,Unknown_a1_0_4,DIRECT,CALL_PROPAGATED,0x00347ed0->0x00347ed0,hard
0x003481c0,0x003481c0,,a0,int,Unknown_a1_0_4,CALL_PROPAGATED,CALL_PROPAGATED,0x00347ed0->0x003481c0,hard
0x0035a800,0x0035a800,stub_code,a2,int,ptr,DIRECT,RETURN_PROPAGATED,0x00345cc0->0x0035a800,ptr_int
0x00357b60,0x00357b60,stub_code,a2,int,ptr,DIRECT,RETURN_PROPAGATED,0x00345cc0->0x00357b60,ptr_int
0x00357bb0,0x00357bb0,stub_code,a2,int,ptr,DIRECT,RETURN_PROPAGATED,0x00345cc0->0x00357bb0,ptr_int
0x003479b0,0x003479b0,,a2,int,ptr,CALL_PROPAGATED,RETURN_PROPAGATED,0x00345cc0->0x003479b0,ptr_int
0x0035ac50,0x0035ac50,stub_code,a2,int,ptr,DIRECT,RETURN_PROPAGATED,0x00345cc0->0x0035ac50,ptr_int
0x003588c0,0x003588c0,stub_code,a2,int,ptr,DIRECT,RETURN_PROPAGATED,0x00345cc0->0x003588c0,ptr_int
0x0033e9f0,0x0033e9f0,,a2,int,ptr,HEURISTIC,RETURN_PROPAGATED,0x00345cc0->0x0033e9f0,ptr_int
0x0038e480,0x0038e480,stub_code,a2,int,ptr,DIRECT,RETURN_PROPAGATED,0x00345cc0->0x0038e480,ptr_int
0x00357950,0x00357950,stub_code,a0,int,Unknown_a0_f0,DIRECT,CALL_PROPAGATED,0x00349e80->0x00357950,hard
0x0035a610,0x0035a610,stub_code,a0,int,ptr,DIRECT,RETURN_PROPAGATED,0x0034a640->0x0035a610,ptr_int
0x0035ad30,0x0035ad30,stub_code,a1,int,ptr,DIRECT,RETURN_PROPAGATED,0x0035ad30->0x0035ad30,ptr_int
0x0035a610,0x0035a610,stub_code,a1,int,ptr,DIRECT,RETURN_PROPAGATED,0x0035ad30->0x0035a610,ptr_int
0x0035acd0,0x0035acd0,stub_code,a1,int,ptr,DIRECT,RETURN_PROPAGATED,0x0035acd0->0x0035acd0,ptr_int
0x0035a590,0x0035a590,stub_code,a0,int,ptr,DIRECT,RETURN_PROPAGATED,0x0034a570->0x0035a590,ptr_int
0x0035a590,0x0035a590,stub_code,a1,int,ptr,DIRECT,RETURN_PROPAGATED,0x0035acd0->0x0035a590,ptr_int
0x0035a470,0x0035a470,stub_code,a0,Unknown_a0_0_f8,Unknown_a0_8_f0,DIRECT,CALL_PROPAGATED,0x0034a810->0x0035a470,hard
0x0035b710,0x0035b710,,a0,int,ptr,HEURISTIC,RETURN_PROPAGATED,0x0033c1b0->0x0035b710,ptr_int
0x0035b710,0x0035b710,,a1,int,ptr,HEURISTIC,RETURN_PROPAGATED,0x0033c1b0->0x0035b710,ptr_int
0x003479b0,0x003479b0,,a1,int,ptr,HEURISTIC,RETURN_PROPAGATED,0x0033c1b0->0x003479b0,ptr_int
0x0035a8d0,0x0035a8d0,stub_code,a2,int,ptr,DIRECT,RETURN_PROPAGATED,0x00345cc0->0x0035a8d0,ptr_int
0x0034afb0,0x0034afb0,stub_code,a2,int,ptr,DIRECT,RETURN_PROPAGATED,0x00345cc0->0x0034afb0,ptr_int
0x00345a10,0x00345a10,,a2,int,ptr,CALL_PROPAGATED,RETURN_PROPAGATED,0x00345cc0->0x00345a10,ptr_int
0x0034a100,0x0034a100,stub_code,a2,int,ptr,DIRECT,RETURN_PROPAGATED,0x00345cc0->0x0034a100,ptr_int
0x0034a960,0x0034a960,stub_code,a2,int,ptr,DIRECT,RETURN_PROPAGATED,0x00345cc0->0x0034a960,ptr_int
0x0035a800,0x0035a800,stub_code,a1,int,ptr,DIRECT,RETURN_PROPAGATED,0x0033f800->0x0035a800,ptr_int
0x00348c00,0x00348c00,stub_code,a1,int,ptr,DIRECT,RETURN_PROPAGATED,0x0035b2b0->0x00348c00,ptr_int
0x0034d850,0x0034d850,,a1,ptr,int,HEURISTIC,CALL_PROPAGATED,0x0034d070->0x0034d850,ptr_int
0x00351d70,0x00351d70,stub_code,a1,int,ptr,DIRECT,RETURN_PROPAGATED,0x0035b2b0->0x00351d70,ptr_int
0x00351f60,0x00351f60,stub_code,a1,int,ptr,DIRECT,RETURN_PROPAGATED,0x0035b160->0x00351f60,ptr_int
0x0034d390,0x0034d390,stub_code,a0,int,Unknown_a0_4_8,DIRECT,CALL_PROPAGATED,0x0034d950->0x0034d390,hard
0x0035d250,0x0035d250,stub_code,a3,ptr,int,HEURISTIC,CALL_PROPAGATED,0x0034dfe0->0x0035d250,ptr_int
0x003472f0,FUN_003472f0,real_c,a2,ptr,int,HEURISTIC,CALL_PROPAGATED,0x0034e3e0->0x003472f0,ptr_int
0x003472f0,FUN_003472f0,real_c,a3,ptr,int,HEURISTIC,CALL_PROPAGATED,0x0034e3e0->0x003472f0,ptr_int
0x0035acd0,0x0035acd0,stub_code,a0,Unknown_a0_c,int,DIRECT,CALL_PROPAGATED,0x0034e9f0->0x0035acd0,hard
0x004ba0d0,0x004ba0d0,stub_code,a0,int,ptr,DIRECT,RETURN_PROPAGATED,0x0033c120->0x004ba0d0,ptr_int
0x0035a610,0x0035a610,stub_code,a3,int,ptr,DIRECT,RETURN_PROPAGATED,0x0033c120->0x0035a610,ptr_int
0x0035acd0,0x0035acd0,stub_code,a3,int,ptr,DIRECT,RETURN_PROPAGATED,0x0033c120->0x0035acd0,ptr_int
0x0033c1b0,0x0033c1b0,stub_code,a3,int,ptr,DIRECT,RETURN_PROPAGATED,0x0033c120->0x0033c1b0,ptr_int
0x003f2f80,0x003f2f80,stub_code,a3,int,ptr,DIRECT,RETURN_PROPAGATED,0x0033c120->0x003f2f80,ptr_int
0x003f3110,0x003f3110,stub_code,a3,int,ptr,DIRECT,RETURN_PROPAGATED,0x0033c120->0x003f3110,ptr_int
0x0033c120,0x0033c120,stub_code,a3,int,ptr,DIRECT,RETURN_PROPAGATED,0x0033c120->0x0033c120,ptr_int
0x004ba0d0,0x004ba0d0,stub_code,a3,int,ptr,DIRECT,RETURN_PROPAGATED,0x0033c120->0x004ba0d0,ptr_int
0x0035a5d0,0x0035a5d0,stub_code,a0,int,ptr,DIRECT,RETURN_PROPAGATED,0x0033c120->0x0035a5d0,ptr_int
0x0035a5d0,0x0035a5d0,stub_code,a3,int,ptr,DIRECT,RETURN_PROPAGATED,0x0033c120->0x0035a5d0,ptr_int
0x003f31f0,0x003f31f0,stub_code,a3,int,ptr,DIRECT,RETURN_PROPAGATED,0x0033c120->0x003f31f0,ptr_int
0x004b9d70,0x004b9d70,stub_code,a3,int,ptr,DIRECT,RETURN_PROPAGATED,0x0033c120->0x004b9d70,ptr_int
0x0033ff10,0x0033ff10,stub_code,a3,int,ptr,DIRECT,RETURN_PROPAGATED,0x0033c120->0x0033ff10,ptr_int
0x0033c170,FUN_0033c170,pseudo_stub,a3,int,ptr,DIRECT,RETURN_PROPAGATED,0x0033c120->0x0033c170,ptr_int
0x00357950,0x00357950,stub_code,a3,int,ptr,DIRECT,RETURN_PROPAGATED,0x0033c120->0x00357950,ptr_int
0x0035a8d0,0x0035a8d0,stub_code,a3,int,ptr,DIRECT,RETURN_PROPAGATED,0x0033c120->0x0035a8d0,ptr_int
0x003579e0,0x003579e0,stub_code,a3,int,ptr,DIRECT,RETURN_PROPAGATED,0x0033c120->0x003579e0,ptr_int
0x0035b360,0x0035b360,stub_code,a1,int,ptr,DIRECT,RETURN_PROPAGATED,0x0035b2b0->0x0035b360,ptr_int
0x00357950,0x00357950,stub_code,a0,int,Unknown_a0_f8,DIRECT,CALL_PROPAGATED,0x0034ff90->0x00357950,hard
0x00364190,0x00364190,stub_code,a0,int,ptr,DIRECT,RETURN_PROPAGATED,0x0033c1b0->0x00364190,ptr_int
0x00364190,0x00364190,stub_code,a1,int,ptr,DIRECT,RETURN_PROPAGATED,0x0033c1b0->0x00364190,ptr_int
0x003f6780,0x003f6780,stub_code,a2,int,ptr,CALL_PROPAGATED,RETURN_PROPAGATED,0x00345cc0->0x003f6780,ptr_int
0x00396f00,0x00396f00,stub_code,a2,int,ptr,DIRECT,RETURN_PROPAGATED,0x00345cc0->0x00396f00,ptr_int
0x00399ca0,0x00399ca0,stub_code,a2,int,ptr,DIRECT,RETURN_PROPAGATED,0x00345cc0->0x00399ca0,ptr_int
0x00399520,0x00399520,stub_code,a2,int,ptr,DIRECT,RETURN_PROPAGATED,0x00345cc0->0x00399520,ptr_int
0x00395920,0x00395920,stub_code,a2,int,ptr,DIRECT,RETURN_PROPAGATED,0x00345cc0->0x00395920,ptr_int
0x00395990,0x00395990,stub_code,a2,int,ptr,DIRECT,RETURN_PROPAGATED,0x00345cc0->0x00395990,ptr_int
0x0033e9f0,0x0033e9f0,,a0,int,Unknown_a0_0_14_fc,HEURISTIC,CALL_PROPAGATED,0x00354860->0x0033e9f0,hard
0x0033e9f0,0x0033e9f0,,a1,ptr,int,RETURN_PROPAGATED,CALL_PROPAGATED,0x00354860->0x0033e9f0,ptr_int
0x00353b00,0x00353b00,stub_code,a2,int,ptr,DIRECT,RETURN_PROPAGATED,0x00345cc0->0x00353b00,ptr_int
0x0038e150,0x0038e150,stub_code,a2,int,ptr,DIRECT,RETURN_PROPAGATED,0x00345cc0->0x0038e150,ptr_int
0x00354310,0x00354310,stub_code,a1,int,ptr,DIRECT,RETURN_PROPAGATED,0x0035b160->0x00354310,ptr_int
0x00355320,0x00355320,,a1,int,ptr,HEURISTIC,RETURN_PROPAGATED,0x0035b160->0x00355320,ptr_int
0x00355320,0x00355320,,a2,ptr,int,HEURISTIC,CALL_PROPAGATED,0x00355380->0x00355320,ptr_int
0x00355320,0x00355320,,a3,ptr,int,HEURISTIC,CALL_PROPAGATED,0x00355380->0x00355320,ptr_int
0x00355310,0x00355310,,a2,ptr,int,HEURISTIC,CALL_PROPAGATED,0x00355380->0x00355310,ptr_int
0x00355310,0x00355310,,a3,ptr,int,HEURISTIC,CALL_PROPAGATED,0x00355380->0x00355310,ptr_int
0x00355300,0x00355300,,a2,ptr,int,HEURISTIC,CALL_PROPAGATED,0x00355380->0x00355300,ptr_int
0x00355300,0x00355300,,a3,ptr,int,HEURISTIC,CALL_PROPAGATED,0x00355380->0x00355300,ptr_int
0x0033ea40,0x0033ea40,,a0,Unknown_a0_14,Unknown_a0_0_14_fc,CALL_PROPAGATED,CALL_PROPAGATED,0x003555c0->0x0033ea40,hard
0x00354860,0x00354860,stub_code,a0,Unknown_a0_0_14_fc,Unknown_a0_0_fc,DIRECT,CALL_PROPAGATED,0x003556e0->0x00354860,hard
0x00355bf0,0x00355bf0,stub_code,a0,Unknown_a0_0,Unknown_a0_c_10,DIRECT,CALL_PROPAGATED,0x00355ab0->0x00355bf0,hard
0x00355bf0,0x00355bf0,stub_code,a1,int,Unknown_a1_0_4_c_10,DIRECT,CALL_PROPAGATED,0x00355ab0->0x00355bf0,hard
0x00340bf0,0x00340bf0,stub_code,a0,Unknown_a0_8,Unknown_a0_0,DIRECT,CALL_PROPAGATED,0x00355bf0->0x00340bf0,hard
0x0033ea40,0x0033ea40,,a0,Unknown_a0_0_14_fc,int,CALL_PROPAGATED,CALL_PROPAGATED,0x00357950->0x0033ea40,hard
0x00357bf0,0x00357bf0,stub_code,a1,Unknown_a1_1,int,DIRECT,CALL_PROPAGATED,0x00357950->0x00357bf0,hard
0x0033ea40,0x0033ea40,,a0,Unknown_a0_0_14_fc,Unknown_a0_0,CALL_PROPAGATED,CALL_PROPAGATED,0x00357a60->0x0033ea40,hard
0x00357bf0,0x00357bf0,stub_code,a0,int,Unknown_a0_0,DIRECT,CALL_PROPAGATED,0x00357a60->0x00357bf0,hard
0x003f8eb8,0x003f8eb8,stub_code,a1,int,Unknown_a1_1,DIRECT,CALL_PROPAGATED,0x00357bf0->0x003f8eb8,hard
0x0033ea40,0x0033ea40,,a1,int,ptr,CALL_PROPAGATED,CALL_PROPAGATED,0x00357cd0->0x0033ea40,ptr_int
0x0033ff10,0x0033ff10,stub_code,a1,int,ptr,DIRECT,RETURN_PROPAGATED,0x003b0dd0->0x0033ff10,ptr_int
0x0033c1b0,0x0033c1b0,stub_code,a2,int,ptr,DIRECT,RETURN_PROPAGATED,0x00345cc0->0x0033c1b0,ptr_int
0x00349bc0,0x00349bc0,stub_code,a2,int,ptr,DIRECT,RETURN_PROPAGATED,0x00345cc0->0x00349bc0,ptr_int
0x00349cf0,0x00349cf0,stub_code,a2,int,ptr,DIRECT,RETURN_PROPAGATED,0x00345cc0->0x00349cf0,ptr_int
0x00347b10,0x00347b10,stub_code,a2,int,ptr,DIRECT,RETURN_PROPAGATED,0x00345cc0->0x00347b10,ptr_int
0x00347ca0,0x00347ca0,stub_code,a2,int,ptr,DIRECT,RETURN_PROPAGATED,0x00345cc0->0x00347ca0,ptr_int
0x00345ae0,0x00345ae0,stub_code,a2,int,ptr,DIRECT,RETURN_PROPAGATED,0x00345cc0->0x00345ae0,ptr_int
0x00345ce0,0x00345ce0,stub_code,a2,int,ptr,DIRECT,RETURN_PROPAGATED,0x00345cc0->0x00345ce0,ptr_int
0x003479c0,0x003479c0,stub_code,a2,int,ptr,DIRECT,RETURN_PROPAGATED,0x00345cc0->0x003479c0,ptr_int
0x003b15c0,0x003b15c0,,a3,ptr,int,HEURISTIC,CALL_PROPAGATED,0x00358ac0->0x003b15c0,ptr_int
0x00359830,0x00359830,stub_code,a0,Unknown_a0_0,Unknown_a0_c_10,DIRECT,CALL_PROPAGATED,0x003596b0->0x00359830,hard
0x00359830,0x00359830,stub_code,a1,int,Unknown_a1_0_4_c_10,DIRECT,CALL_PROPAGATED,0x003596b0->0x00359830,hard
0x00358130,0x00358130,stub_code,a2,int,ptr,DIRECT,RETURN_PROPAGATED,0x00345cc0->0x00358130,ptr_int
0x003b2d60,0x003b2d60,stub_code,a2,int,ptr,DIRECT,RETURN_PROPAGATED,0x00345cc0->0x003b2d60,ptr_int
0x0034dda0,0x0034dda0,stub_code,a2,int,ptr,DIRECT,RETURN_PROPAGATED,0x00345cc0->0x0034dda0,ptr_int
0x0034de30,0x0034de30,stub_code,a2,int,ptr,DIRECT,RETURN_PROPAGATED,0x00345cc0->0x0034de30,ptr_int
0x003508d0,0x003508d0,stub_code,a2,int,ptr,DIRECT,RETURN_PROPAGATED,0x00345cc0->0x003508d0,ptr_int
0x00350a40,0x00350a40,stub_code,a2,int,ptr,DIRECT,RETURN_PROPAGATED,0x00345cc0->0x00350a40,ptr_int
0x0035ad30,0x0035ad30,stub_code,a0,Unknown_a0_c,int,DIRECT,CALL_PROPAGATED,0x0035a610->0x0035ad30,hard
0x00357940,0x00357940,,a0,ptr,int,RETURN_PROPAGATED,CALL_PROPAGATED,0x0035a8d0->0x00357940,ptr_int
0x00357940,0x00357940,,a1,ptr,int,HEURISTIC,CALL_PROPAGATED,0x0035a8d0->0x00357940,ptr_int
0x0033d0f0,0x0033d0f0,stub_code,a0,Unknown_a0_0_8_10,Unknown_a0_c,DIRECT,CALL_PROPAGATED,0x0035ac50->0x0033d0f0,hard
0x0033d210,0x0033d210,stub_code,a0,Unknown_a0_8_10,Unknown_a0_c,DIRECT,CALL_PROPAGATED,0x0035acd0->0x0033d210,hard
0x0033d310,0x0033d310,,a1,ptr,int,HEURISTIC,CALL_PROPAGATED,0x0035acd0->0x0033d310,ptr_int
0x0033d290,0x0033d290,stub_code,a0,Unknown_a0_8,Unknown_a0_c,DIRECT,CALL_PROPAGATED,0x0035ad30->0x0033d290,hard
0x0035b360,0x0035b360,stub_code,a0,Unknown_a0_c,int,DIRECT,CALL_PROPAGATED,0x0035aef0->0x0035b360,hard
0x0035b3e0,0x0035b3e0,stub_code,a0,Unknown_a0_c,int,DIRECT,CALL_PROPAGATED,0x0035af50->0x0035b3e0,hard
0x0035b3e0,0x0035b3e0,stub_code,a1,int,Unknown_a1_0,DIRECT,CALL_PROPAGATED,0x0035af50->0x0035b3e0,hard
0x0043bc40,0x0043bc40,stub_code,a1,int,Unknown_a1_0,DIRECT,CALL_PROPAGATED,0x0035afa0->0x0043bc40,hard
0x0035b3e0,0x0035b3e0,stub_code,a1,int,Unknown_a1_0_4,DIRECT,CALL_PROPAGATED,0x0035b120->0x0035b3e0,hard
0x00357cd0,0x00357cd0,stub_code,a0,int,Unknown_a0_c,DIRECT,CALL_PROPAGATED,0x0035b2b0->0x00357cd0,hard
0x00357cd0,0x00357cd0,stub_code,a1,ptr,int,STRUCT_FIELD,CALL_PROPAGATED,0x0035b2b0->0x00357cd0,ptr_int
0x0033d480,0x0033d480,stub_code,a0,int,Unknown_a0_c,DIRECT,CALL_PROPAGATED,0x0035b360->0x0033d480,hard
0x0033d4e0,0x0033d4e0,stub_code,a0,int,Unknown_a0_c,DIRECT,CALL_PROPAGATED,0x0035b3e0->0x0033d4e0,hard
0x0033d420,0x0033d420,stub_code,a0,Unknown_a0_8,Unknown_a0_c,DIRECT,CALL_PROPAGATED,0x0035b460->0x0033d420,hard
0x0033f800,0x0033f800,stub_code,a0,int,Unknown_a0_4_8,DIRECT,CALL_PROPAGATED,0x0035bc90->0x0033f800,hard
0x0033f800,0x0033f800,stub_code,a1,int,Unknown_a0_4_8,DIRECT,CALL_PROPAGATED,0x0035bc90->0x0033f800,hard
0x0033f800,0x0033f800,stub_code,a2,int,Unknown_a0_4_8,DIRECT,CALL_PROPAGATED,0x0035bc90->0x0033f800,hard
0x0043ae78,0x0043ae78,,a0,int,ptr,CALL_PROPAGATED,RETURN_PROPAGATED,0x0035bda0->0x0043ae78,ptr_int
0x003f68e0,0x003f68e0,stub_code,a1,ptr,int,STRUCT_FIELD,CALL_PROPAGATED,0x0035c180->0x003f68e0,ptr_int
0x003ad9c0,0x003ad9c0,stub_code,a0,int,Unknown_a0_0_c,DIRECT,CALL_PROPAGATED,0x0035c340->0x003ad9c0,hard
0x00338170,0x00338170,stub_code,a0,int,Unknown_a0_0_c,DIRECT,CALL_PROPAGATED,0x0035c340->0x00338170,hard
0x0033c3b0,0x0033c3b0,stub_code,a0,int,Unknown_a0_0_c,DIRECT,CALL_PROPAGATED,0x0035c340->0x0033c3b0,hard
0x0035b0e0,0x0035b0e0,,a1,int,ptr,HEURISTIC,RETURN_PROPAGATED,0x0043a490->0x0035b0e0,ptr_int
0x00348e00,0x00348e00,,a2,ptr,int,HEURISTIC,CALL_PROPAGATED,0x0035e3b0->0x00348e00,ptr_int
0x0035f490,0x0035f490,stub_code,a0,int,ptr,DIRECT,RETURN_PROPAGATED,0x0033c1b0->0x0035f490,ptr_int
0x0035f490,0x0035f490,stub_code,a1,int,ptr,DIRECT,RETURN_PROPAGATED,0x0033c1b0->0x0035f490,ptr_int
0x00345660,0x00345660,,a1,int,ptr,HEURISTIC,RETURN_PROPAGATED,0x0033c1b0->0x00345660,ptr_int
0x00345640,0x00345640,,a1,int,ptr,HEURISTIC,RETURN_PROPAGATED,0x0033c1b0->0x00345640,ptr_int
0x0035c430,0x0035c430,,a2,ptr,int,HEURISTIC,CALL_PROPAGATED,0x0035ea40->0x0035c430,ptr_int
0x0035eff0,0x0035eff0,,a3,ptr,int,HEURISTIC,CALL_PROPAGATED,0x0035ebf0->0x0035eff0,ptr_int
0x0035f6d0,0x0035f6d0,stub_code,a1,int,ptr,DIRECT,RETURN_PROPAGATED,0x0035eff0->0x0035f6d0,ptr_int
0x003b1490,0x003b1490,stub_code,a1,int,ptr,DIRECT,CALL_PROPAGATED,0x0035ed80->0x003b1490,ptr_int
0x003ad9c0,0x003ad9c0,stub_code,a0,int,ptr,DIRECT,CALL_PROPAGATED,0x0035eed0->0x003ad9c0,ptr_int
0x0035f370,0x0035f370,stub_code,a0,Unknown_a0_0,Unknown_a0_0_4_c,DIRECT,CALL_PROPAGATED,0x0035ef40->0x0035f370,hard
0x0035f370,0x0035f370,stub_code,a1,int,Unknown_a1_0,DIRECT,CALL_PROPAGATED,0x0035ef40->0x0035f370,hard
0x0033ffd0,0x0033ffd0,,a1,Unknown_a0_c_10,int,CALL_PROPAGATED,CALL_PROPAGATED,0x0035f2c0->0x0033ffd0,hard
0x00345a10,0x00345a10,,a0,ptr,int,HEURISTIC,CALL_PROPAGATED,0x0035f680->0x00345a10,ptr_int
0x0035f070,0x0035f070,,a0,int,ptr,HEURISTIC,CALL_PROPAGATED,0x0035f6d0->0x0035f070,ptr_int
0x0035f070,0x0035f070,,a1,ptr,int,HEURISTIC,CALL_PROPAGATED,0x0035f6d0->0x0035f070,ptr_int
0x0035f070,0x0035f070,,a2,int,ptr,CALL_PROPAGATED,CALL_PROPAGATED,0x0035f6d0->0x0035f070,ptr_int
0x0035f070,0x0035f070,,a3,int,ptr,CALL_PROPAGATED,CALL_PROPAGATED,0x0035f6d0->0x0035f070,ptr_int
0x0035f7f0,0x0035f7f0,stub_code,a0,Unknown_a0_1c,int,DIRECT,CALL_PROPAGATED,0x0035f730->0x0035f7f0,hard
0x0043a490,0x0043a490,,a0,Unknown_a0_b4,int,CALL_PROPAGATED,CALL_PROPAGATED,0x0035fba0->0x0043a490,hard
0x0035d2c0,0x0035d2c0,stub_code,a3,int,ptr,DIRECT,CALL_PROPAGATED,0x0035fe20->0x0035d2c0,ptr_int
0x0035d170,0x0035d170,stub_code,a0,Unknown_a0_0_c,int,DIRECT,CALL_PROPAGATED,0x003600a0->0x0035d170,hard
0x0043b0b0,0x0043b0b0,,a0,int,ptr,CALL_PROPAGATED,RETURN_PROPAGATED,0x00361f50->0x0043b0b0,ptr_int
0x00120780,0x00120780,,a1,ptr,int,HEURISTIC,CALL_PROPAGATED,0x00360660->0x00120780,ptr_int
0x00120780,0x00120780,,a3,int,Unknown_a3_0_10,CALL_PROPAGATED,CALL_PROPAGATED,0x00360660->0x00120780,hard
0x00361c50,0x00361c50,stub_code,a3,int,Unknown_a3_0_10,DIRECT,CALL_PROPAGATED,0x00360660->0x00361c50,hard
0x0034f830,0x0034f830,,a1,int,Unknown_a0_38,HEURISTIC,CALL_PROPAGATED,0x00360660->0x0034f830,hard
0x0034f830,0x0034f830,,a3,int,Unknown_a3_0_10,CALL_PROPAGATED,CALL_PROPAGATED,0x00360660->0x0034f830,hard
0x0034f830,0x0034f830,,a2,int,Unknown_a0_38,CALL_PROPAGATED,CALL_PROPAGATED,0x00360660->0x0034f830,hard
0x0035b0e0,0x0035b0e0,,a0,int,Unknown_a0_38,CALL_PROPAGATED,CALL_PROPAGATED,0x00360660->0x0035b0e0,hard
0x0043bc40,0x0043bc40,stub_code,a0,int,Unknown_a0_38,DIRECT,CALL_PROPAGATED,0x00360660->0x0043bc40,hard
0x0043bc40,0x0043bc40,stub_code,a1,int,Unknown_a0_38,DIRECT,CALL_PROPAGATED,0x00360660->0x0043bc40,hard
0x00361b70,0x00361b70,stub_code,a0,Unknown_a0_0_14,Unknown_a0_40,DIRECT,CALL_PROPAGATED,0x00360e20->0x00361b70,hard
0x00362580,0x00362580,stub_code,a1,Unknown_a1_c_10,int,DIRECT,CALL_PROPAGATED,0x00361980->0x00362580,hard
0x00361b50,0x00361b50,,a3,int,ptr,CALL_PROPAGATED,RETURN_PROPAGATED,0x00361b50->0x00361b50,ptr_int
0x0034f830,0x0034f830,,a0,Unknown_a0_38,Unknown_a0_0_14,CALL_PROPAGATED,CALL_PROPAGATED,0x00361b70->0x0034f830,hard
0x0034f830,0x0034f830,,a1,Unknown_a0_38,Unknown_a0_0_14,CALL_PROPAGATED,CALL_PROPAGATED,0x00361b70->0x0034f830,hard
0x0033c170,FUN_0033c170,pseudo_stub,a1,int,Unknown_a0_0_14,DIRECT,CALL_PROPAGATED,0x00361b70->0x0033c170,hard
0x00361f40,0x00361f40,,a0,int,Unknown_a0_0,HEURISTIC,CALL_PROPAGATED,0x00361f50->0x00361f40,hard
0x00362f60,0x00362f60,stub_code,a0,int,Unknown_a0_0_4_8_c,DIRECT,CALL_PROPAGATED,0x003621a0->0x00362f60,hard
0x00362f60,0x00362f60,stub_code,a1,Unknown_a1_0_4_8,Unknown_a0_0_4_8_c,DIRECT,CALL_PROPAGATED,0x003621a0->0x00362f60,hard
0x00362f60,0x00362f60,stub_code,a2,int,Unknown_a0_0_4_8_c,DIRECT,CALL_PROPAGATED,0x003621a0->0x00362f60,hard
0x00361b50,0x00361b50,,a1,int,Unknown_a1_c_10,HEURISTIC,CALL_PROPAGATED,0x00362580->0x00361b50,hard
0x00361b50,0x00361b50,,a2,ptr,int,HEURISTIC,CALL_PROPAGATED,0x00362580->0x00361b50,ptr_int
0x00361b50,0x00361b50,,a3,int,Unknown_a1_c_10,CALL_PROPAGATED,CALL_PROPAGATED,0x00362580->0x00361b50,hard
0x00361b30,0x00361b30,,a2,ptr,int,HEURISTIC,CALL_PROPAGATED,0x00362580->0x00361b30,ptr_int
0x00361b50,0x00361b50,,a2,int,Unknown_a2_0_4_8_c_10_14,CALL_PROPAGATED,CALL_PROPAGATED,0x003626a0->0x00361b50,hard
0x00361b30,0x00361b30,,a2,int,Unknown_a2_0_4_8_c_10_14,CALL_PROPAGATED,CALL_PROPAGATED,0x003626a0->0x00361b30,hard
0x00429f38,0x00429f38,stub_code,a2,int,Unknown_a2_0_4_8_c,DIRECT,CALL_PROPAGATED,0x00362970->0x00429f38,hard
0x0042bd70,FUN_0042bd70,real_logic,a2,int,Unknown_a2_0_4_8_c,DIRECT,CALL_PROPAGATED,0x00362970->0x0042bd70,hard
0x0033c120,0x0033c120,stub_code,a0,int,ptr,DIRECT,RETURN_PROPAGATED,0x00362bd0->0x0033c120,ptr_int
0x0033c120,0x0033c120,stub_code,a2,int,Unknown_a2_0_4_8_c,DIRECT,CALL_PROPAGATED,0x00362970->0x0033c120,hard
0x0033c170,FUN_0033c170,pseudo_stub,a2,int,Unknown_a2_0_4_8_c,DIRECT,CALL_PROPAGATED,0x00362970->0x0033c170,hard
0x0035cfb0,0x0035cfb0,stub_code,a0,int,ptr,DIRECT,CALL_PROPAGATED,0x00363b90->0x0035cfb0,ptr_int
0x0035d640,0x0035d640,,a3,ptr,int,CALL_PROPAGATED,CALL_PROPAGATED,0x00364410->0x0035d640,ptr_int
0x0035bc40,FUN_0035bc40,real_c,a1,ptr,int,HEURISTIC,CALL_PROPAGATED,0x00364b40->0x0035bc40,ptr_int
0x00365fa0,0x00365fa0,stub_code,a0,int,Unknown_a0_184,DIRECT,CALL_PROPAGATED,0x00365f60->0x00365fa0,hard
0x00366510,0x00366510,stub_code,a0,int,Unknown_a0_184,DIRECT,CALL_PROPAGATED,0x00365f60->0x00366510,hard
0x00365ff0,0x00365ff0,stub_code,a2,Unknown_a2_4,int,DIRECT,CALL_PROPAGATED,0x00365fa0->0x00365ff0,hard
0x003678e0,0x003678e0,stub_code,a0,Unknown_a0_4_8,int,DIRECT,CALL_PROPAGATED,0x00365ff0->0x003678e0,hard
0x003678e0,0x003678e0,stub_code,a1,int,Unknown_a2_4,DIRECT,CALL_PROPAGATED,0x00365ff0->0x003678e0,hard
0x003678e0,0x003678e0,stub_code,a2,int,Unknown_a2_4,DIRECT,CALL_PROPAGATED,0x00365ff0->0x003678e0,hard
0x003660d0,0x003660d0,,a0,ptr,int,HEURISTIC,CALL_PROPAGATED,0x00366510->0x003660d0,ptr_int
0x003660d0,0x003660d0,,a1,ptr,int,HEURISTIC,CALL_PROPAGATED,0x00366510->0x003660d0,ptr_int
0x00395990,0x00395990,stub_code,a0,Unknown_a0_18_e0_13c_294,int,DIRECT,CALL_PROPAGATED,0x00366c10->0x00395990,hard
0x00395990,0x00395990,stub_code,a1,int,Unknown_a1_18,DIRECT,CALL_PROPAGATED,0x00366c10->0x00395990,hard
0x00395990,0x00395990,stub_code,a2,int,Unknown_a2_18,DIRECT,CALL_PROPAGATED,0x00366c10->0x00395990,hard
0x003f68e0,0x003f68e0,stub_code,a2,int,Unknown_a2_18,CALL_PROPAGATED,CALL_PROPAGATED,0x00366c10->0x003f68e0,hard
0x00366c10,0x00366c10,stub_code,a1,Unknown_a1_18,int,DIRECT,CALL_PROPAGATED,0x00366f00->0x00366c10,hard
0x00366c10,0x00366c10,stub_code,a2,Unknown_a2_18,int,DIRECT,CALL_PROPAGATED,0x00366f00->0x00366c10,hard
0x00429f38,0x00429f38,stub_code,a3,int,Unknown_a3_0_4_8_c,DIRECT,CALL_PROPAGATED,0x003674c0->0x00429f38,hard
0x0042bd70,FUN_0042bd70,real_logic,a3,int,Unknown_a3_0_4_8_c,DIRECT,CALL_PROPAGATED,0x003674c0->0x0042bd70,hard
0x0033c120,0x0033c120,stub_code,a2,int,Unknown_a3_0_4_8_c,DIRECT,CALL_PROPAGATED,0x003674c0->0x0033c120,hard
0x0033c120,0x0033c120,stub_code,a3,int,Unknown_a3_0_4_8_c,DIRECT,CALL_PROPAGATED,0x003674c0->0x0033c120,hard
0x0013e040,0x0013e040,stub_code,a3,int,Unknown_a3_0_4_8_c,DIRECT,CALL_PROPAGATED,0x003674c0->0x0013e040,hard
0x00368250,0x00368250,stub_code,a0,int,Unknown_a0_4_8,DIRECT,CALL_PROPAGATED,0x003678e0->0x00368250,hard
0x00368250,0x00368250,stub_code,a1,int,Unknown_a0_4_8,DIRECT,CALL_PROPAGATED,0x003678e0->0x00368250,hard
0x00368250,0x00368250,stub_code,a2,int,Unknown_a0_4_8,DIRECT,CALL_PROPAGATED,0x003678e0->0x00368250,hard
0x00429f38,0x00429f38,stub_code,a3,int,Unknown_a3_0_4_8_c_10_14,DIRECT,CALL_PROPAGATED,0x00368250->0x00429f38,hard
0x0042bd70,FUN_0042bd70,real_logic,a3,int,Unknown_a3_0_4_8_c_10_14,DIRECT,CALL_PROPAGATED,0x00368250->0x0042bd70,hard
0x0033c1b0,0x0033c1b0,stub_code,a0,int,Unknown_a0_0_8,DIRECT,CALL_PROPAGATED,0x00368990->0x0033c1b0,hard
0x0033c1b0,0x0033c1b0,stub_code,a1,int,Unknown_a0_0_8,DIRECT,CALL_PROPAGATED,0x00368990->0x0033c1b0,hard
0x003ba630,0x003ba630,stub_code,a2,int,Unknown_a0_0_8,DIRECT,CALL_PROPAGATED,0x00368990->0x003ba630,hard
0x003ba630,0x003ba630,stub_code,a3,int,Unknown_a0_0_8,DIRECT,CALL_PROPAGATED,0x00368990->0x003ba630,hard
0x003ba1a0,0x003ba1a0,stub_code,a2,int,Unknown_a0_0_8,DIRECT,CALL_PROPAGATED,0x00368990->0x003ba1a0,hard
0x003ba1a0,0x003ba1a0,stub_code,a3,int,Unknown_a0_0_8,DIRECT,CALL_PROPAGATED,0x00368990->0x003ba1a0,hard
0x0033c120,0x0033c120,stub_code,a1,int,ptr,DIRECT,RETURN_PROPAGATED,0x003ba320->0x0033c120,ptr_int
0x0033c120,0x0033c120,stub_code,a2,int,Unknown_a0_0_8,DIRECT,CALL_PROPAGATED,0x00368990->0x0033c120,hard
0x0033c120,0x0033c120,stub_code,a3,int,Unknown_a0_0_8,DIRECT,CALL_PROPAGATED,0x00368990->0x0033c120,hard
0x0036acf0,0x0036acf0,stub_code,a2,int,Unknown_a0_0_8,DIRECT,CALL_PROPAGATED,0x00368990->0x0036acf0,hard
0x0036acf0,0x0036acf0,stub_code,a3,int,Unknown_a0_0_8,DIRECT,CALL_PROPAGATED,0x00368990->0x0036acf0,hard
0x003ba370,0x003ba370,stub_code,a2,int,Unknown_a0_0_8,DIRECT,CALL_PROPAGATED,0x00368990->0x003ba370,hard
0x003ba370,0x003ba370,stub_code,a3,int,Unknown_a0_0_8,DIRECT,CALL_PROPAGATED,0x00368990->0x003ba370,hard
0x0033c170,FUN_0033c170,pseudo_stub,a2,int,Unknown_a0_0_8,DIRECT,CALL_PROPAGATED,0x00368990->0x0033c170,hard
0x0033c170,FUN_0033c170,pseudo_stub,a3,int,Unknown_a0_0_8,DIRECT,CALL_PROPAGATED,0x00368990->0x0033c170,hard
0x003ba220,0x003ba220,stub_code,a2,int,Unknown_a0_0_8,DIRECT,CALL_PROPAGATED,0x00368990->0x003ba220,hard
0x003ba220,0x003ba220,stub_code,a3,int,Unknown_a0_0_8,DIRECT,CALL_PROPAGATED,0x00368990->0x003ba220,hard
0x003adaf0,0x003adaf0,stub_code,a1,int,Unknown_a0_0_8,DIRECT,CALL_PROPAGATED,0x00368990->0x003adaf0,hard
0x003adaf0,0x003adaf0,stub_code,a2,int,Unknown_a0_0_8,DIRECT,CALL_PROPAGATED,0x00368990->0x003adaf0,hard
0x003adaf0,0x003adaf0,stub_code,a3,int,Unknown_a0_0_8,DIRECT,CALL_PROPAGATED,0x00368990->0x003adaf0,hard
0x0035c430,0x0035c430,,a2,int,Unknown_a0_0_8,CALL_PROPAGATED,CALL_PROPAGATED,0x00368990->0x0035c430,hard
0x0035c430,0x0035c430,,a3,int,Unknown_a0_0_8,CALL_PROPAGATED,CALL_PROPAGATED,0x00368990->0x0035c430,hard
0x003ba710,0x003ba710,stub_code,a1,int,ptr,DIRECT,RETURN_PROPAGATED,0x00337930->0x003ba710,ptr_int
0x00387c40,0x00387c40,stub_code,a0,int,ptr,DIRECT,RETURN_PROPAGATED,0x00387c40->0x00387c40,ptr_int
0x0036c140,0x0036c140,stub_code,a0,Unknown_a0_4,int,DIRECT,CALL_PROPAGATED,0x003691a0->0x0036c140,hard
0x00337930,0x00337930,stub_code,a0,int,ptr,DIRECT,RETURN_PROPAGATED,0x0036acf0->0x00337930,ptr_int
0x0036b240,0x0036b240,stub_code,a0,Unknown_a0_4,int,DIRECT,CALL_PROPAGATED,0x003698d0->0x0036b240,hard
0x0036ae50,0x0036ae50,,a2,ptr,int,HEURISTIC,CALL_PROPAGATED,0x0036a3c0->0x0036ae50,ptr_int
0x0036bf70,0x0036bf70,stub_code,a1,int,ptr,DIRECT,RETURN_PROPAGATED,0x0011c620->0x0036bf70,ptr_int
0x0036b460,0x0036b460,stub_code,a1,int,ptr,DIRECT,RETURN_PROPAGATED,0x0011c620->0x0036b460,ptr_int
0x003688b0,0x003688b0,,a2,ptr,int,HEURISTIC,CALL_PROPAGATED,0x0036a910->0x003688b0,ptr_int
0x0036a7d0,0x0036a7d0,stub_code,a1,int,ptr,DIRECT,RETURN_PROPAGATED,0x003688b0->0x0036a7d0,ptr_int
0x0036a830,0x0036a830,stub_code,a1,int,ptr,DIRECT,RETURN_PROPAGATED,0x003688b0->0x0036a830,ptr_int
0x003ad9c0,0x003ad9c0,stub_code,a1,int,ptr,DIRECT,RETURN_PROPAGATED,0x003688b0->0x003ad9c0,ptr_int
0x00338320,0x00338320,stub_code,a1,int,ptr,DIRECT,RETURN_PROPAGATED,0x003688b0->0x00338320,ptr_int
0x0036b9b0,0x0036b9b0,stub_code,a0,int,Unknown_a0_0,DIRECT,CALL_PROPAGATED,0x0036ac20->0x0036b9b0,hard
0x0036b9b0,0x0036b9b0,stub_code,a1,int,Unknown_a0_0,DIRECT,CALL_PROPAGATED,0x0036ac20->0x0036b9b0,hard
0x0036bd50,0x0036bd50,stub_code,a0,int,Unknown_a0_0,DIRECT,CALL_PROPAGATED,0x0036ac20->0x0036bd50,hard
0x0036bd50,0x0036bd50,stub_code,a1,int,Unknown_a0_0,DIRECT,CALL_PROPAGATED,0x0036ac20->0x0036bd50,hard
0x0036aed0,0x0036aed0,,a2,ptr,int,HEURISTIC,CALL_PROPAGATED,0x0036ac80->0x0036aed0,ptr_int
0x0036aed0,0x0036aed0,,a3,ptr,int,HEURISTIC,CALL_PROPAGATED,0x0036ac80->0x0036aed0,ptr_int
0x0036c950,0x0036c950,stub_code,a2,int,Unknown_a0_0_4_c,DIRECT,CALL_PROPAGATED,0x0036acf0->0x0036c950,hard
0x0036c3b0,0x0036c3b0,stub_code,a2,int,Unknown_a0_4,DIRECT,CALL_PROPAGATED,0x0036b240->0x0036c3b0,hard
0x0036b3e0,0x0036b3e0,stub_code,a1,int,ptr,DIRECT,RETURN_PROPAGATED,0x0036c3b0->0x0036b3e0,ptr_int
0x0036b3e0,0x0036b3e0,stub_code,a2,int,Unknown_a0_4,DIRECT,CALL_PROPAGATED,0x0036b240->0x0036b3e0,hard
0x0036c8c0,0x0036c8c0,stub_code,a0,Unknown_a0_4_8,int,DIRECT,CALL_PROPAGATED,0x0036b460->0x0036c8c0,hard
0x0036a050,0x0036a050,,a3,ptr,int,HEURISTIC,CALL_PROPAGATED,0x0036bd50->0x0036a050,ptr_int
0x0036bd50,0x0036bd50,stub_code,a1,int,ptr,DIRECT,RETURN_PROPAGATED,0x0036bf40->0x0036bd50,ptr_int
0x0036cb50,0x0036cb50,stub_code,a1,int,ptr,DIRECT,RETURN_PROPAGATED,0x0033f800->0x0036cb50,ptr_int
0x003455e0,0x003455e0,stub_code,a1,int,ptr,DIRECT,RETURN_PROPAGATED,0x0033f800->0x003455e0,ptr_int
0x0036d190,0x0036d190,stub_code,a1,Unknown_a1_4_8,int,DIRECT,CALL_PROPAGATED,0x0036c380->0x0036d190,hard
0x0036d1e0,0x0036d1e0,stub_code,a1,Unknown_a1_4_8,int,DIRECT,CALL_PROPAGATED,0x0036c3b0->0x0036d1e0,hard
0x0036b370,0x0036b370,stub_code,a0,int,Unknown_a0_4_8,DIRECT,CALL_PROPAGATED,0x0036c8c0->0x0036b370,hard
0x0036adf0,0x0036adf0,,a2,Unknown_a0_0_4_c,int,CALL_PROPAGATED,CALL_PROPAGATED,0x0036c950->0x0036adf0,hard
0x0033c1b0,0x0033c1b0,stub_code,a0,int,Unknown_a2_4,DIRECT,CALL_PROPAGATED,0x0036cb50->0x0033c1b0,hard
0x0033c1b0,0x0033c1b0,stub_code,a1,int,Unknown_a2_4,DIRECT,CALL_PROPAGATED,0x0036cb50->0x0033c1b0,hard
0x0033c1b0,0x0033c1b0,stub_code,a2,int,Unknown_a2_4,DIRECT,CALL_PROPAGATED,0x0036cb50->0x0033c1b0,hard
0x0036d550,0x0036d550,stub_code,a1,int,Unknown_a1_4_8,DIRECT,CALL_PROPAGATED,0x0036d190->0x0036d550,hard
0x0036d490,0x0036d490,stub_code,a0,int,Unknown_a0_0_4_8,DIRECT,CALL_PROPAGATED,0x0036d1e0->0x0036d490,hard
0x0036d490,0x0036d490,stub_code,a1,int,Unknown_a1_4_8,DIRECT,CALL_PROPAGATED,0x0036d1e0->0x0036d490,hard
0x0035bdf0,0x0035bdf0,,a3,ptr,int,HEURISTIC,CALL_PROPAGATED,0x0036daf0->0x0035bdf0,ptr_int
0x00359220,0x00359220,,a3,ptr,int,HEURISTIC,CALL_PROPAGATED,0x0036daf0->0x00359220,ptr_int
0x0037c050,0x0037c050,stub_code,a0,int,ptr,DIRECT,RETURN_PROPAGATED,0x003660e0->0x0037c050,ptr_int
0x0037c050,0x0037c050,stub_code,a1,int,ptr,DIRECT,RETURN_PROPAGATED,0x00345660->0x0037c050,ptr_int
0x0037c430,0x0037c430,stub_code,a0,int,ptr,DIRECT,RETURN_PROPAGATED,0x0037c050->0x0037c430,ptr_int
0x0037c430,0x0037c430,stub_code,a1,int,ptr,DIRECT,RETURN_PROPAGATED,0x00345660->0x0037c430,ptr_int
0x0037abd0,0x0037abd0,stub_code,a1,int,ptr,DIRECT,RETURN_PROPAGATED,0x00345660->0x0037abd0,ptr_int
0x0034a640,0x0034a640,stub_code,a1,int,ptr,DIRECT,RETURN_PROPAGATED,0x00345660->0x0034a640,ptr_int
0x0037b4e0,0x0037b4e0,stub_code,a1,int,ptr,DIRECT,RETURN_PROPAGATED,0x00345660->0x0037b4e0,ptr_int
0x0036e040,0x0036e040,stub_code,a1,int,ptr,DIRECT,RETURN_PROPAGATED,0x0011c620->0x0036e040,ptr_int
0x0036eb30,0x0036eb30,stub_code,a1,int,ptr,DIRECT,RETURN_PROPAGATED,0x0011c620->0x0036eb30,ptr_int
0x0036eac0,0x0036eac0,stub_code,a1,int,ptr,DIRECT,RETURN_PROPAGATED,0x0011c620->0x0036eac0,ptr_int
0x0036ea60,0x0036ea60,stub_code,a1,int,ptr,DIRECT,RETURN_PROPAGATED,0x0011c620->0x0036ea60,ptr_int
0x003adaf0,0x003adaf0,stub_code,a1,int,ptr,DIRECT,RETURN_PROPAGATED,0x0033f800->0x003adaf0,ptr_int
0x0037bb70,0x0037bb70,stub_code,a1,ptr,int,STRUCT_FIELD,CALL_PROPAGATED,0x0036f780->0x0037bb70,ptr_int
0x0037bb70,0x0037bb70,stub_code,a2,int,ptr,DIRECT,CALL_PROPAGATED,0x0036f780->0x0037bb70,ptr_int
0x003770e0,0x003770e0,stub_code,a1,int,ptr,DIRECT,CALL_PROPAGATED,0x0036f840->0x003770e0,ptr_int
0x0013e1a0,0x0013e1a0,,a0,int,Unknown_a0_20,CALL_PROPAGATED,CALL_PROPAGATED,0x0036f990->0x0013e1a0,hard
0x00366100,0x00366100,stub_code,a1,int,ptr,DIRECT,RETURN_PROPAGATED,0x0033f800->0x00366100,ptr_int
0x0013e1a0,0x0013e1a0,,a3,int,Unknown_a3_0,CALL_PROPAGATED,CALL_PROPAGATED,0x0036fdd0->0x0013e1a0,hard
0x00345660,0x00345660,,a3,int,Unknown_a3_0,CALL_PROPAGATED,CALL_PROPAGATED,0x0036fdd0->0x00345660,hard
0x00345640,0x00345640,,a3,int,Unknown_a3_0,CALL_PROPAGATED,CALL_PROPAGATED,0x0036fdd0->0x00345640,hard
0x00366c10,0x00366c10,stub_code,a3,int,Unknown_a3_0,DIRECT,CALL_PROPAGATED,0x0036fdd0->0x00366c10,hard
0x00367020,0x00367020,,a3,int,Unknown_a3_0,CALL_PROPAGATED,CALL_PROPAGATED,0x0036fdd0->0x00367020,hard
0x00367010,0x00367010,,a3,int,Unknown_a3_0,CALL_PROPAGATED,CALL_PROPAGATED,0x0036fdd0->0x00367010,hard
0x00367440,0x00367440,,a3,int,Unknown_a3_0,CALL_PROPAGATED,CALL_PROPAGATED,0x0036fdd0->0x00367440,hard
0x00379b60,0x00379b60,,a1,int,ptr,CALL_PROPAGATED,RETURN_PROPAGATED,0x003674c0->0x00379b60,ptr_int
0x0013e1a0,0x0013e1a0,,a1,int,ptr,CALL_PROPAGATED,RETURN_PROPAGATED,0x003674c0->0x0013e1a0,ptr_int
0x00370830,0x00370830,stub_code,a0,int,ptr,DIRECT,CALL_PROPAGATED,0x00370200->0x00370830,ptr_int
0x00370830,0x00370830,stub_code,a1,ptr,int,STRUCT_FIELD,CALL_PROPAGATED,0x00370200->0x00370830,ptr_int
0x00370830,0x00370830,stub_code,a2,ptr,int,STRUCT_FIELD,CALL_PROPAGATED,0x00370200->0x00370830,ptr_int
0x003674c0,0x003674c0,stub_code,a2,int,ptr,DIRECT,CALL_PROPAGATED,0x00370200->0x003674c0,ptr_int
0x0013e1a0,0x0013e1a0,,a2,int,ptr,CALL_PROPAGATED,CALL_PROPAGATED,0x00370200->0x0013e1a0,ptr_int
0x00370bf0,0x00370bf0,stub_code,a0,Unknown_a0_14,int,DIRECT,CALL_PROPAGATED,0x00370830->0x00370bf0,hard
0x00370d10,0x00370d10,stub_code,a1,int,ptr,DIRECT,CALL_PROPAGATED,0x00370830->0x00370d10,ptr_int
0x00370d10,0x00370d10,stub_code,a2,int,ptr,DIRECT,CALL_PROPAGATED,0x00370830->0x00370d10,ptr_int
0x00373050,0x00373050,stub_code,a1,int,ptr,DIRECT,CALL_PROPAGATED,0x00370830->0x00373050,ptr_int
0x00371460,0x00371460,stub_code,a2,int,ptr,DIRECT,CALL_PROPAGATED,0x00370830->0x00371460,ptr_int
0x003717f0,0x003717f0,stub_code,a1,int,ptr,DIRECT,CALL_PROPAGATED,0x00370830->0x003717f0,ptr_int
0x003717f0,0x003717f0,stub_code,a2,int,ptr,DIRECT,CALL_PROPAGATED,0x00370830->0x003717f0,ptr_int
0x00374780,0x00374780,stub_code,a2,int,ptr,DIRECT,CALL_PROPAGATED,0x00370830->0x00374780,ptr_int
0x00375a50,0x00375a50,stub_code,a1,int,ptr,DIRECT,CALL_PROPAGATED,0x00370830->0x00375a50,ptr_int
0x00375a50,0x00375a50,stub_code,a2,int,ptr,DIRECT,CALL_PROPAGATED,0x00370830->0x00375a50,ptr_int
0x00372ae0,0x00372ae0,stub_code,a1,int,ptr,DIRECT,CALL_PROPAGATED,0x00370830->0x00372ae0,ptr_int
0x00372ae0,0x00372ae0,stub_code,a2,int,ptr,DIRECT,CALL_PROPAGATED,0x00370830->0x00372ae0,ptr_int
0x00375db0,0x00375db0,stub_code,a1,int,ptr,DIRECT,CALL_PROPAGATED,0x00370830->0x00375db0,ptr_int
0x00375db0,0x00375db0,stub_code,a2,int,ptr,DIRECT,CALL_PROPAGATED,0x00370830->0x00375db0,ptr_int
0x00376250,0x00376250,stub_code,a2,int,ptr,DIRECT,CALL_PROPAGATED,0x00370830->0x00376250,ptr_int
0x00378750,0x00378750,stub_code,a1,int,ptr,DIRECT,CALL_PROPAGATED,0x00370830->0x00378750,ptr_int
0x00378750,0x00378750,stub_code,a2,int,ptr,DIRECT,CALL_PROPAGATED,0x00370830->0x00378750,ptr_int
0x00377720,0x00377720,stub_code,a0,int,Unknown_a0_14,DIRECT,CALL_PROPAGATED,0x00370bf0->0x00377720,hard
0x00377720,0x00377720,stub_code,a1,int,Unknown_a1_1e4_1e8_1ec,DIRECT,CALL_PROPAGATED,0x00370bf0->0x00377720,hard
0x00377720,0x00377720,stub_code,a2,int,ptr,DIRECT,CALL_PROPAGATED,0x00370bf0->0x00377720,ptr_int
0x00378320,0x00378320,stub_code,a0,int,Unknown_a0_14,DIRECT,CALL_PROPAGATED,0x00370bf0->0x00378320,hard
0x00378320,0x00378320,stub_code,a1,int,Unknown_a1_1e4_1e8_1ec,DIRECT,CALL_PROPAGATED,0x00370bf0->0x00378320,hard
0x00378320,0x00378320,stub_code,a2,int,ptr,DIRECT,CALL_PROPAGATED,0x00370bf0->0x00378320,ptr_int
0x00377e80,0x00377e80,stub_code,a0,int,Unknown_a0_14,DIRECT,CALL_PROPAGATED,0x00370bf0->0x00377e80,hard
0x00377e80,0x00377e80,stub_code,a1,int,Unknown_a1_1e4_1e8_1ec,DIRECT,CALL_PROPAGATED,0x00370bf0->0x00377e80,hard
0x00377e80,0x00377e80,stub_code,a2,int,ptr,DIRECT,CALL_PROPAGATED,0x00370bf0->0x00377e80,ptr_int
0x003710a0,0x003710a0,,a1,int,ptr,CALL_PROPAGATED,RETURN_PROPAGATED,0x003674c0->0x003710a0,ptr_int
0x003674c0,0x003674c0,stub_code,a1,int,ptr,DIRECT,RETURN_PROPAGATED,0x003674c0->0x003674c0,ptr_int
0x0037c220,0x0037c220,stub_code,a1,int,ptr,DIRECT,RETURN_PROPAGATED,0x003674c0->0x0037c220,ptr_int
0x00385300,0x00385300,stub_code,a1,int,ptr,DIRECT,RETURN_PROPAGATED,0x0037ae50->0x00385300,ptr_int
0x0037be40,0x0037be40,stub_code,a3,int,ptr,DIRECT,CALL_PROPAGATED,0x003710b0->0x0037be40,ptr_int
0x003710a0,0x003710a0,,a3,int,ptr,CALL_PROPAGATED,CALL_PROPAGATED,0x003710b0->0x003710a0,ptr_int
0x003856e0,0x003856e0,stub_code,a1,int,ptr,DIRECT,RETURN_PROPAGATED,0x0037ae50->0x003856e0,ptr_int
0x00384990,0x00384990,stub_code,a1,int,Unknown_a1_0_24_1e0,DIRECT,CALL_PROPAGATED,0x00371460->0x00384990,hard
0x00384990,0x00384990,stub_code,a3,int,Unknown_a1_0_24_1e0,DIRECT,CALL_PROPAGATED,0x00371460->0x00384990,hard
0x003710a0,0x003710a0,,a1,int,Unknown_a1_0_24_1e0,CALL_PROPAGATED,CALL_PROPAGATED,0x00371460->0x003710a0,hard
0x003674c0,0x003674c0,stub_code,a1,int,Unknown_a1_0_24_1e0,DIRECT,CALL_PROPAGATED,0x00371460->0x003674c0,hard
0x00384f20,0x00384f20,stub_code,a1,int,ptr,DIRECT,RETURN_PROPAGATED,0x0037ae50->0x00384f20,ptr_int
0x00379b70,0x00379b70,,a0,int,ptr,HEURISTIC,RETURN_PROPAGATED,0x003723a0->0x00379b70,ptr_int
0x00372340,0x00372340,stub_code,a1,int,ptr,DIRECT,RETURN_PROPAGATED,0x003674c0->0x00372340,ptr_int
0x002d4fe0,0x002d4fe0,stub_code,a1,int,ptr,DIRECT,RETURN_PROPAGATED,0x003674c0->0x002d4fe0,ptr_int
0x00341410,0x00341410,stub_code,a1,int,ptr,DIRECT,RETURN_PROPAGATED,0x003674c0->0x00341410,ptr_int
0x00395990,0x00395990,stub_code,a1,int,ptr,DIRECT,RETURN_PROPAGATED,0x003674c0->0x00395990,ptr_int
0x00370a20,0x00370a20,stub_code,a1,int,ptr,DIRECT,RETURN_PROPAGATED,0x003674c0->0x00370a20,ptr_int
0x0037ae50,0x0037ae50,stub_code,a1,int,ptr,DIRECT,RETURN_PROPAGATED,0x0037ae50->0x0037ae50,ptr_int
0x003f6840,FUN_003f6840,real_c,a0,ptr,int,STRUCT_FIELD,CALL_PROPAGATED,0x00372480->0x003f6840,ptr_int
0x00372a80,0x00372a80,stub_code,a2,int,ptr,DIRECT,RETURN_PROPAGATED,0x0035bc40->0x00372a80,ptr_int
0x0037a530,0x0037a530,stub_code,a0,int,Unknown_a0_0_4_8,DIRECT,CALL_PROPAGATED,0x00372a80->0x0037a530,hard
0x00345660,0x00345660,,a2,int,ptr,CALL_PROPAGATED,CALL_PROPAGATED,0x00373050->0x00345660,ptr_int
0x00345640,0x00345640,,a2,int,ptr,CALL_PROPAGATED,CALL_PROPAGATED,0x00373050->0x00345640,ptr_int
0x0033c3b0,0x0033c3b0,stub_code,a3,int,ptr,CALL_PROPAGATED,RETURN_PROPAGATED,0x003b5ce0->0x0033c3b0,ptr_int
0x003455e0,0x003455e0,stub_code,a3,int,ptr,DIRECT,RETURN_PROPAGATED,0x003b5ce0->0x003455e0,ptr_int
0x0037c220,0x0037c220,stub_code,a3,int,ptr,DIRECT,RETURN_PROPAGATED,0x003b5ce0->0x0037c220,ptr_int
0x00395990,0x00395990,stub_code,a3,int,ptr,DIRECT,RETURN_PROPAGATED,0x003b5ce0->0x00395990,ptr_int
0x0035bc40,FUN_0035bc40,real_c,a3,int,ptr,CALL_PROPAGATED,RETURN_PROPAGATED,0x003b5ce0->0x0035bc40,ptr_int
0x0034bb20,FUN_0034bb20,real_logic,a3,int,ptr,CALL_PROPAGATED,RETURN_PROPAGATED,0x003b5ce0->0x0034bb20,ptr_int
0x00374820,0x00374820,stub_code,a1,int,Unknown_a1_0_3c,DIRECT,CALL_PROPAGATED,0x00374780->0x00374820,hard
0x00374820,0x00374820,stub_code,a2,Unknown_a2_18,int,DIRECT,CALL_PROPAGATED,0x00374780->0x00374820,hard
0x001206f0,FUN_001206f0,real_logic,a1,ptr,int,HEURISTIC,CALL_PROPAGATED,0x00374820->0x001206f0,ptr_int
0x00379c30,0x00379c30,stub_code,a1,int,ptr,DIRECT,RETURN_PROPAGATED,0x0033f800->0x00379c30,ptr_int
0x003710a0,0x003710a0,,a3,Unknown_a1_0_24_1e0,int,CALL_PROPAGATED,CALL_PROPAGATED,0x00375a50->0x003710a0,hard
0x00353540,0x00353540,,a2,ptr,int,HEURISTIC,CALL_PROPAGATED,0x00375db0->0x00353540,ptr_int
0x00353540,0x00353540,,a3,ptr,int,HEURISTIC,CALL_PROPAGATED,0x00375db0->0x00353540,ptr_int
0x003723a0,0x003723a0,,a3,ptr,int,HEURISTIC,CALL_PROPAGATED,0x00375db0->0x003723a0,ptr_int
0x00379b70,0x00379b70,,a3,ptr,int,HEURISTIC,CALL_PROPAGATED,0x00375db0->0x00379b70,ptr_int
0x00384230,0x00384230,stub_code,a3,Unknown_a3_20,int,DIRECT,CALL_PROPAGATED,0x00375db0->0x00384230,hard
0x00376d50,0x00376d50,stub_code,a0,int,ptr,DIRECT,CALL_PROPAGATED,0x00376b90->0x00376d50,ptr_int
0x00376d50,0x00376d50,stub_code,a1,int,ptr,DIRECT,CALL_PROPAGATED,0x00376b90->0x00376d50,ptr_int
0x00376d50,0x00376d50,stub_code,a2,int,ptr,DIRECT,CALL_PROPAGATED,0x00376b90->0x00376d50,ptr_int
0x00367030,0x00367030,stub_code,a1,int,ptr,DIRECT,CALL_PROPAGATED,0x00376b90->0x00367030,ptr_int
0x00367030,0x00367030,stub_code,a2,int,ptr,DIRECT,CALL_PROPAGATED,0x00376b90->0x00367030,ptr_int
0x00379bc0,0x00379bc0,stub_code,a1,int,ptr,DIRECT,RETURN_PROPAGATED,0x0033f800->0x00379bc0,ptr_int
0x003674c0,0x003674c0,stub_code,a0,int,ptr,DIRECT,CALL_PROPAGATED,0x003770e0->0x003674c0,ptr_int
0x003674c0,0x003674c0,stub_code,a3,Unknown_a3_0_4_8_c,int,DIRECT,CALL_PROPAGATED,0x003771c0->0x003674c0,hard
0x0037a0e0,0x0037a0e0,stub_code,a1,int,ptr,DIRECT,CALL_PROPAGATED,0x00377290->0x0037a0e0,ptr_int
0x0037a0e0,0x0037a0e0,stub_code,a2,int,ptr,DIRECT,CALL_PROPAGATED,0x00377290->0x0037a0e0,ptr_int
0x0037a0e0,0x0037a0e0,stub_code,a3,int,ptr,DIRECT,CALL_PROPAGATED,0x00377290->0x0037a0e0,ptr_int
0x00379ea0,0x00379ea0,stub_code,a1,int,ptr,DIRECT,CALL_PROPAGATED,0x00377290->0x00379ea0,ptr_int
0x00379ea0,0x00379ea0,stub_code,a2,int,ptr,DIRECT,CALL_PROPAGATED,0x00377290->0x00379ea0,ptr_int
0x00379ea0,0x00379ea0,stub_code,a3,int,ptr,DIRECT,CALL_PROPAGATED,0x00377290->0x00379ea0,ptr_int
0x003f6840,FUN_003f6840,real_c,a2,Unknown_a2_18,int,CALL_PROPAGATED,CALL_PROPAGATED,0x00377720->0x003f6840,hard
0x003b39f0,0x003b39f0,stub_code,a1,int,Unknown_a1_0,DIRECT,CALL_PROPAGATED,0x00377b60->0x003b39f0,hard
0x00374770,0x00374770,,a2,ptr,int,HEURISTIC,CALL_PROPAGATED,0x00377b60->0x00374770,ptr_int
0x00374770,0x00374770,,a3,ptr,int,RETURN_PROPAGATED,CALL_PROPAGATED,0x00377e80->0x00374770,ptr_int
0x0036c220,0x0036c220,,a2,int,ptr,CALL_PROPAGATED,RETURN_PROPAGATED,0x0036c220->0x0036c220,ptr_int
0x003723a0,0x003723a0,,a2,ptr,int,HEURISTIC,CALL_PROPAGATED,0x00378750->0x003723a0,ptr_int
0x0037b720,0x0037b720,stub_code,a1,int,ptr,DIRECT,RETURN_PROPAGATED,0x003674c0->0x0037b720,ptr_int
0x003f68e0,0x003f68e0,stub_code,a0,ptr,int,HEURISTIC,CALL_PROPAGATED,0x00378cf0->0x003f68e0,ptr_int
0x0036c220,0x0036c220,,a0,int,Unknown_a0_0,CALL_PROPAGATED,CALL_PROPAGATED,0x00379170->0x0036c220,hard
0x0036c220,0x0036c220,,a2,int,Unknown_a2_0_10_20_30,CALL_PROPAGATED,CALL_PROPAGATED,0x00379170->0x0036c220,hard
0x0036c220,0x0036c220,,a3,int,Unknown_a2_0_10_20_30,CALL_PROPAGATED,CALL_PROPAGATED,0x00379170->0x0036c220,hard
0x00379200,0x00379200,stub_code,a0,int,Unknown_a0_0,DIRECT,CALL_PROPAGATED,0x00379170->0x00379200,hard
0x00379200,0x00379200,stub_code,a2,int,Unknown_a2_0_10_20_30,DIRECT,CALL_PROPAGATED,0x00379170->0x00379200,hard
0x00379200,0x00379200,stub_code,a3,int,Unknown_a2_0_10_20_30,DIRECT,CALL_PROPAGATED,0x00379170->0x00379200,hard
0x00379810,0x00379810,stub_code,a2,int,ptr,DIRECT,RETURN_PROPAGATED,0x0036c220->0x00379810,ptr_int
0x0035b0e0,0x0035b0e0,,a2,int,ptr,CALL_PROPAGATED,RETURN_PROPAGATED,0x0036c220->0x0035b0e0,ptr_int
0x0038a250,0x0038a250,stub_code,a0,Unknown_a0_0,int,DIRECT,CALL_PROPAGATED,0x00379810->0x0038a250,hard
0x003f6840,FUN_003f6840,real_c,a1,int,ptr,DIRECT,RETURN_PROPAGATED,0x0033f800->0x003f6840,ptr_int
0x003674c0,0x003674c0,stub_code,a0,int,Unknown_a0_4_8,DIRECT,CALL_PROPAGATED,0x00379bc0->0x003674c0,hard
0x003674c0,0x003674c0,stub_code,a1,int,Unknown_a0_4_8,DIRECT,CALL_PROPAGATED,0x00379bc0->0x003674c0,hard
0x003674c0,0x003674c0,stub_code,a2,int,Unknown_a0_4_8,DIRECT,CALL_PROPAGATED,0x00379bc0->0x003674c0,hard
0x003f8938,0x003f8938,,a0,int,ptr,CALL_PROPAGATED,RETURN_PROPAGATED,0x0042e160->0x003f8938,ptr_int
0x003f7b98,0x003f7b98,,a0,int,ptr,HEURISTIC,RETURN_PROPAGATED,0x003f8938->0x003f7b98,ptr_int
0x00379ea0,0x00379ea0,stub_code,a0,int,ptr,DIRECT,RETURN_PROPAGATED,0x0037c9b0->0x00379ea0,ptr_int
0x003723e0,0x003723e0,,a1,ptr,int,HEURISTIC,CALL_PROPAGATED,0x0037a5e0->0x003723e0,ptr_int
0x003723e0,0x003723e0,,a2,ptr,int,HEURISTIC,CALL_PROPAGATED,0x0037a5e0->0x003723e0,ptr_int
0x003723e0,0x003723e0,,a3,ptr,int,HEURISTIC,CALL_PROPAGATED,0x0037a5e0->0x003723e0,ptr_int
0x003678d0,0x003678d0,,a2,Unknown_a3_0_4_8_c,int,CALL_PROPAGATED,CALL_PROPAGATED,0x0037abd0->0x003678d0,hard
0x003678d0,0x003678d0,,a3,Unknown_a3_0_4_8_c,int,CALL_PROPAGATED,CALL_PROPAGATED,0x0037abd0->0x003678d0,hard
0x00368720,0x00368720,,a3,ptr,int,HEURISTIC,CALL_PROPAGATED,0x0037b4e0->0x00368720,ptr_int
0x0037dea0,0x0037dea0,stub_code,a0,Unknown_a0_4_8,int,DIRECT,CALL_PROPAGATED,0x0037b7d0->0x0037dea0,hard
0x0037df70,0x0037df70,stub_code,a0,Unknown_a0_4_8,int,DIRECT,CALL_PROPAGATED,0x0037b8b0->0x0037df70,hard
0x0037e050,0x0037e050,stub_code,a0,Unknown_a0_0,Unknown_a0_10,DIRECT,CALL_PROPAGATED,0x0037bb70->0x0037e050,hard
0x0037e050,0x0037e050,stub_code,a1,int,ptr,DIRECT,CALL_PROPAGATED,0x0037bb70->0x0037e050,ptr_int
0x0037e330,0x0037e330,stub_code,a1,int,ptr,DIRECT,RETURN_PROPAGATED,0x0037cff0->0x0037e330,ptr_int
0x0037e390,0x0037e390,stub_code,a1,int,ptr,DIRECT,RETURN_PROPAGATED,0x0037d7f0->0x0037e390,ptr_int
0x003802a0,0x003802a0,stub_code,a0,Unknown_a0_0,Unknown_a0_0_4_10,DIRECT,CALL_PROPAGATED,0x0037cd30->0x003802a0,hard
0x003802a0,0x003802a0,stub_code,a1,int,Unknown_a1_0,DIRECT,CALL_PROPAGATED,0x0037cd30->0x003802a0,hard
0x00379b70,0x00379b70,,a2,ptr,int,HEURISTIC,CALL_PROPAGATED,0x0037ce60->0x00379b70,ptr_int
0x0037f3d0,0x0037f3d0,stub_code,a0,int,ptr,DIRECT,RETURN_PROPAGATED,0x00379b70->0x0037f3d0,ptr_int
0x0037f3d0,0x0037f3d0,stub_code,a2,int,Unknown_a0_4,DIRECT,CALL_PROPAGATED,0x0037ce60->0x0037f3d0,hard
0x003722e0,0x003722e0,stub_code,a1,int,ptr,DIRECT,RETURN_PROPAGATED,0x0037f3d0->0x003722e0,ptr_int
0x003722e0,0x003722e0,stub_code,a2,int,Unknown_a0_4,DIRECT,CALL_PROPAGATED,0x0037ce60->0x003722e0,hard
0x0037d4e0,0x0037d4e0,,a2,ptr,int,HEURISTIC,CALL_PROPAGATED,0x0037d4f0->0x0037d4e0,ptr_int
0x0037cfa0,0x0037cfa0,stub_code,a1,int,Unknown_a0_4,DIRECT,CALL_PROPAGATED,0x0037d6a0->0x0037cfa0,hard
0x0037fd50,0x0037fd50,stub_code,a2,int,Unknown_a0_4,DIRECT,CALL_PROPAGATED,0x0037d6a0->0x0037fd50,hard
0x0037dce0,0x0037dce0,,a2,ptr,int,HEURISTIC,CALL_PROPAGATED,0x0037dcf0->0x0037dce0,ptr_int
0x00372270,0x00372270,stub_code,a0,int,Unknown_a0_4_8,DIRECT,CALL_PROPAGATED,0x0037dea0->0x00372270,hard
0x00372270,0x00372270,stub_code,a1,int,Unknown_a0_4_8,DIRECT,CALL_PROPAGATED,0x0037df70->0x00372270,hard
0x0037e4f0,0x0037e4f0,stub_code,a0,Unknown_a0_0,Unknown_a0_8,DIRECT,CALL_PROPAGATED,0x0037e210->0x0037e4f0,hard
0x0037e4f0,0x0037e4f0,stub_code,a1,ptr,int,STRUCT_FIELD,CALL_PROPAGATED,0x0037e210->0x0037e4f0,ptr_int
0x0037e3f0,0x0037e3f0,stub_code,a1,Unknown_a1_4_8,int,DIRECT,CALL_PROPAGATED,0x0037e2d0->0x0037e3f0,hard
0x0037e570,0x0037e570,stub_code,a1,Unknown_a1_0,int,DIRECT,CALL_PROPAGATED,0x0037e2d0->0x0037e570,hard
0x0037ebd0,0x0037ebd0,stub_code,a0,int,Unknown_a0_8,DIRECT,CALL_PROPAGATED,0x0037e330->0x0037ebd0,hard
0x0037e6b0,0x0037e6b0,stub_code,a0,int,Unknown_a0_8,DIRECT,CALL_PROPAGATED,0x0037e390->0x0037e6b0,hard
0x0037f0f0,0x0037f0f0,stub_code,a0,int,Unknown_a0_0_4_8,DIRECT,CALL_PROPAGATED,0x0037e3f0->0x0037f0f0,hard
0x0037f0f0,0x0037f0f0,stub_code,a1,int,Unknown_a1_4_8,DIRECT,CALL_PROPAGATED,0x0037e3f0->0x0037f0f0,hard
0x00380700,0x00380700,,a1,int,Unknown_a1_0,HEURISTIC,CALL_PROPAGATED,0x0037e570->0x00380700,hard
0x00380700,0x00380700,,a2,Unknown_a0_0,int,CALL_PROPAGATED,CALL_PROPAGATED,0x0037e570->0x00380700,hard
0x0037f2f0,0x0037f2f0,stub_code,a0,Unknown_a0_0_4_8_c_10_14_18_1c_20,int,DIRECT,CALL_PROPAGATED,0x0037f1c0->0x0037f2f0,hard
0x0037f2f0,0x0037f2f0,stub_code,a1,Unknown_a1_0_4_8_c_10_14_18_1c_20,int,DIRECT,CALL_PROPAGATED,0x0037f1c0->0x0037f2f0,hard
0x00380a30,0x00380a30,stub_code,a0,Unknown_a0_0,int,DIRECT,CALL_PROPAGATED,0x0037fa80->0x00380a30,hard
0x00380a30,0x00380a30,stub_code,a1,int,Unknown_a1_4_8,DIRECT,CALL_PROPAGATED,0x0037fa80->0x00380a30,hard
0x00380a30,0x00380a30,stub_code,a2,int,Unknown_a1_4_8,DIRECT,CALL_PROPAGATED,0x0037fa80->0x00380a30,hard
0x0037f3c0,0x0037f3c0,,a1,Unknown_a1_0_4_8_c_10_14_18_1c_20,int,CALL_PROPAGATED,CALL_PROPAGATED,0x0037fcc0->0x0037f3c0,hard
0x0037fa80,0x0037fa80,stub_code,a1,Unknown_a1_4_8,int,DIRECT,CALL_PROPAGATED,0x0037fd50->0x0037fa80,hard
0x00395990,0x00395990,stub_code,a3,int,Unknown_a3_20,DIRECT,CALL_PROPAGATED,0x00383070->0x00395990,hard
0x00385c10,0x00385c10,stub_code,a0,Unknown_a0_0,int,DIRECT,CALL_PROPAGATED,0x00383070->0x00385c10,hard
0x00384d70,0x00384d70,stub_code,a3,int,Unknown_a3_20,DIRECT,CALL_PROPAGATED,0x00383070->0x00384d70,hard
0x0035bc40,FUN_0035bc40,real_c,a3,int,Unknown_a3_20,CALL_PROPAGATED,CALL_PROPAGATED,0x00383070->0x0035bc40,hard
0x00381030,FUN_00381030,real_c,a3,int,Unknown_a3_20,DIRECT,CALL_PROPAGATED,0x00383070->0x00381030,hard
0x00120750,FUN_00120750,real_logic,a3,int,Unknown_a3_20,CALL_PROPAGATED,CALL_PROPAGATED,0x00383070->0x00120750,hard
0x001206c0,0x001206c0,,a2,ptr,int,HEURISTIC,CALL_PROPAGATED,0x00383640->0x001206c0,ptr_int
0x001206c0,0x001206c0,,a3,int,Unknown_a3_20,CALL_PROPAGATED,CALL_PROPAGATED,0x00383640->0x001206c0,hard
0x001206f0,FUN_001206f0,real_logic,a3,int,Unknown_a3_20,CALL_PROPAGATED,CALL_PROPAGATED,0x00383c30->0x001206f0,hard
0x001207b0,0x001207b0,,a3,int,Unknown_a3_20,CALL_PROPAGATED,CALL_PROPAGATED,0x00383c30->0x001207b0,hard
0x0035b6e0,0x0035b6e0,,a2,ptr,int,HEURISTIC,CALL_PROPAGATED,0x00384d70->0x0035b6e0,ptr_int
0x0035b6e0,0x0035b6e0,,a3,ptr,int,HEURISTIC,CALL_PROPAGATED,0x00384d70->0x0035b6e0,ptr_int
0x0035bfa0,0x0035bfa0,,a1,int,ptr,CALL_PROPAGATED,CALL_PROPAGATED,0x00384f20->0x0035bfa0,ptr_int
0x0035bfa0,0x0035bfa0,,a2,int,ptr,CALL_PROPAGATED,CALL_PROPAGATED,0x00384f20->0x0035bfa0,ptr_int
0x0035bfa0,0x0035bfa0,,a3,int,ptr,CALL_PROPAGATED,CALL_PROPAGATED,0x00384f20->0x0035bfa0,ptr_int
0x0035bc40,FUN_0035bc40,real_c,a2,int,ptr,HEURISTIC,RETURN_PROPAGATED,0x00395990->0x0035bc40,ptr_int
0x00395990,0x00395990,stub_code,a1,int,Unknown_a1_0,DIRECT,CALL_PROPAGATED,0x00385c40->0x00395990,hard
0x0035b6e0,0x0035b6e0,,a1,int,Unknown_a1_0,HEURISTIC,CALL_PROPAGATED,0x00385c40->0x0035b6e0,hard
0x0038cd30,0x0038cd30,stub_code,a1,Unknown_a1_0_4_8_10_14_18_20_24_28,Unknown_a1_0,DIRECT,CALL_PROPAGATED,0x00386170->0x0038cd30,hard
0x0038cd30,0x0038cd30,stub_code,a2,int,Unknown_a0_0_10_20,DIRECT,CALL_PROPAGATED,0x00386170->0x0038cd30,hard
0x00338e50,0x00338e50,,a2,ptr,int,HEURISTIC,CALL_PROPAGATED,0x00387230->0x00338e50,ptr_int
0x00338e50,0x00338e50,,a3,ptr,int,HEURISTIC,CALL_PROPAGATED,0x00387230->0x00338e50,ptr_int
0x00338e30,0x00338e30,,a2,ptr,int,HEURISTIC,CALL_PROPAGATED,0x00387230->0x00338e30,ptr_int
0x00338e30,0x00338e30,,a3,ptr,int,HEURISTIC,CALL_PROPAGATED,0x00387230->0x00338e30,ptr_int
0x00345660,0x00345660,,a0,Unknown_a0_4,int,CALL_PROPAGATED,CALL_PROPAGATED,0x00387c40->0x00345660,hard
0x00387e70,0x00387e70,stub_code,a1,int,ptr,DIRECT,RETURN_PROPAGATED,0x0033f800->0x00387e70,ptr_int
0x003885d0,0x003885d0,stub_code,a0,int,Unknown_a0_0_4,DIRECT,CALL_PROPAGATED,0x00389170->0x003885d0,hard
0x003885d0,0x003885d0,stub_code,a1,int,Unknown_a0_0_4,DIRECT,CALL_PROPAGATED,0x00389170->0x003885d0,hard
0x0033c3b0,0x0033c3b0,stub_code,a0,int,Unknown_a0_0_4,DIRECT,CALL_PROPAGATED,0x00389170->0x0033c3b0,hard
0x0033c3b0,0x0033c3b0,stub_code,a1,int,Unknown_a0_0_4,DIRECT,CALL_PROPAGATED,0x00389170->0x0033c3b0,hard
0x003885d0,0x003885d0,stub_code,a2,int,Unknown_a0_0_4,DIRECT,CALL_PROPAGATED,0x00389170->0x003885d0,hard
0x00389300,0x00389300,stub_code,a0,int,Unknown_a0_0_4,DIRECT,CALL_PROPAGATED,0x00389170->0x00389300,hard
0x00389300,0x00389300,stub_code,a1,int,Unknown_a0_0_4,DIRECT,CALL_PROPAGATED,0x00389170->0x00389300,hard
0x00389300,0x00389300,stub_code,a2,int,Unknown_a0_0_4,DIRECT,CALL_PROPAGATED,0x00389170->0x00389300,hard
0x0033ca40,0x0033ca40,stub_code,a0,Unknown_a0_8,int,DIRECT,CALL_PROPAGATED,0x003894e0->0x0033ca40,hard
0x00345a10,0x00345a10,,a1,Unknown_a0_0_1c_20_24_28_30_34_38,int,CALL_PROPAGATED,CALL_PROPAGATED,0x00389570->0x00345a10,hard
0x00345a10,0x00345a10,,a3,int,ptr,CALL_PROPAGATED,CALL_PROPAGATED,0x00389570->0x00345a10,ptr_int
0x00389570,0x00389570,stub_code,a0,int,ptr,DIRECT,CALL_PROPAGATED,0x00389570->0x00389570,ptr_int
0x00389570,0x00389570,stub_code,a1,int,ptr,DIRECT,RETURN_PROPAGATED,0x0033f800->0x00389570,ptr_int
0x00345cc0,0x00345cc0,,a3,int,ptr,CALL_PROPAGATED,CALL_PROPAGATED,0x00389570->0x00345cc0,ptr_int
0x0033f800,0x0033f800,stub_code,a3,int,ptr,DIRECT,CALL_PROPAGATED,0x00389570->0x0033f800,ptr_int
0x00389570,0x00389570,stub_code,a2,int,ptr,DIRECT,RETURN_PROPAGATED,0x00345cc0->0x00389570,ptr_int
0x00387850,0x00387850,,a1,int,ptr,CALL_PROPAGATED,RETURN_PROPAGATED,0x0033f800->0x00387850,ptr_int
0x00389950,0x00389950,stub_code,a1,int,ptr,DIRECT,RETURN_PROPAGATED,0x0033f800->0x00389950,ptr_int
0x00389950,0x00389950,stub_code,a2,int,ptr,DIRECT,RETURN_PROPAGATED,0x00345cc0->0x00389950,ptr_int
0x0035b0e0,0x0035b0e0,,a2,int,Unknown_a2_0,CALL_PROPAGATED,CALL_PROPAGATED,0x00389bf0->0x0035b0e0,hard
0x001206f0,FUN_001206f0,real_logic,a2,int,Unknown_a2_0,CALL_PROPAGATED,CALL_PROPAGATED,0x00389bf0->0x001206f0,hard
0x00389bb0,0x00389bb0,stub_code,a2,Unknown_a2_0,int,DIRECT,CALL_PROPAGATED,0x0038a010->0x00389bb0,hard
0x003f6780,0x003f6780,stub_code,a1,Unknown_a1_0_10,int,DIRECT,CALL_PROPAGATED,0x0038b350->0x003f6780,hard
0x0038ed80,0x0038ed80,stub_code,a1,int,ptr,DIRECT,RETURN_PROPAGATED,0x00345660->0x0038ed80,ptr_int
0x0038edf0,0x0038edf0,stub_code,a1,int,ptr,DIRECT,RETURN_PROPAGATED,0x00345660->0x0038edf0,ptr_int
0x0043ae78,0x0043ae78,,a1,int,ptr,CALL_PROPAGATED,RETURN_PROPAGATED,0x00345660->0x0043ae78,ptr_int
0x0033c3b0,0x0033c3b0,stub_code,a2,Unknown_a0_0_4,int,CALL_PROPAGATED,CALL_PROPAGATED,0x0038df00->0x0033c3b0,hard
0x00345a10,0x00345a10,,a1,Unknown_a0_0_1c_20_24_28_30_34_38,Unknown_a0_4_24_28,CALL_PROPAGATED,CALL_PROPAGATED,0x0038e150->0x00345a10,hard
0x00345a10,0x00345a10,,a2,int,Unknown_a0_4_24_28,CALL_PROPAGATED,CALL_PROPAGATED,0x0038e150->0x00345a10,hard
0x0033f800,0x0033f800,stub_code,a1,int,Unknown_a0_4_24_28,DIRECT,CALL_PROPAGATED,0x0038e150->0x0033f800,hard
0x0033f800,0x0033f800,stub_code,a2,int,Unknown_a0_4_24_28,DIRECT,CALL_PROPAGATED,0x0038e150->0x0033f800,hard
0x003adaf0,0x003adaf0,stub_code,a2,int,Unknown_a0_4_24_28,DIRECT,CALL_PROPAGATED,0x0038e150->0x003adaf0,hard
0x0035c430,0x0035c430,,a2,Unknown_a0_0_8,Unknown_a0_4_24_28,CALL_PROPAGATED,CALL_PROPAGATED,0x0038e150->0x0035c430,hard
0x0035f070,0x0035f070,,a0,Unknown_a0_184,Unknown_a0_4_24_28,CALL_PROPAGATED,CALL_PROPAGATED,0x0038e2a0->0x0035f070,hard
0x0035f070,0x0035f070,,a1,int,Unknown_a0_4_24_28,CALL_PROPAGATED,CALL_PROPAGATED,0x0038e2a0->0x0035f070,hard
0x0038efd0,0x0038efd0,stub_code,a0,int,ptr,DIRECT,CALL_PROPAGATED,0x0038e480->0x0038efd0,ptr_int
0x0038efd0,0x0038efd0,stub_code,a1,int,ptr,DIRECT,CALL_PROPAGATED,0x0038e480->0x0038efd0,ptr_int
0x0038eb40,0x0038eb40,stub_code,a1,int,ptr,DIRECT,CALL_PROPAGATED,0x0038e480->0x0038eb40,ptr_int
0x0035c430,0x0035c430,,a2,Unknown_a0_4_24_28,int,CALL_PROPAGATED,CALL_PROPAGATED,0x0038e480->0x0035c430,hard
0x003b15c0,0x003b15c0,,a0,int,ptr,HEURISTIC,CALL_PROPAGATED,0x0038e7c0->0x003b15c0,ptr_int
0x003b15c0,0x003b15c0,,a1,ptr,int,HEURISTIC,CALL_PROPAGATED,0x0038e7c0->0x003b15c0,ptr_int
0x003b15c0,0x003b15c0,,a2,ptr,int,HEURISTIC,CALL_PROPAGATED,0x0038e7c0->0x003b15c0,ptr_int
0x0035bc90,0x0035bc90,stub_code,a0,Unknown_a0_4_8,int,DIRECT,CALL_PROPAGATED,0x0038e8b0->0x0035bc90,hard
0x0038eb40,0x0038eb40,stub_code,a0,int,ptr,DIRECT,RETURN_PROPAGATED,0x0038f8b0->0x0038eb40,ptr_int
0x0038fcb0,0x0038fcb0,stub_code,a0,int,Unknown_a0_4_8,DIRECT,CALL_PROPAGATED,0x0038ed80->0x0038fcb0,hard
0x0038fcb0,0x0038fcb0,stub_code,a1,int,Unknown_a0_4_8,DIRECT,CALL_PROPAGATED,0x0038ed80->0x0038fcb0,hard
0x0038fcb0,0x0038fcb0,stub_code,a2,int,Unknown_a0_4_8,DIRECT,CALL_PROPAGATED,0x0038ed80->0x0038fcb0,hard
0x003902a0,0x003902a0,stub_code,a2,int,Unknown_a0_4,DIRECT,CALL_PROPAGATED,0x0038edf0->0x003902a0,hard
0x00372a10,0x00372a10,stub_code,a1,int,ptr,DIRECT,RETURN_PROPAGATED,0x003902a0->0x00372a10,ptr_int
0x00372a10,0x00372a10,stub_code,a2,int,Unknown_a0_4,DIRECT,CALL_PROPAGATED,0x0038edf0->0x00372a10,hard
0x0033c170,FUN_0033c170,pseudo_stub,a3,int,Unknown_a3_0_4_8_c,DIRECT,CALL_PROPAGATED,0x0038efd0->0x0033c170,hard
0x00390820,0x00390820,stub_code,a0,Unknown_a0_4_8,int,DIRECT,CALL_PROPAGATED,0x0038f470->0x00390820,hard
0x0038f550,0x0038f550,,a0,ptr,int,HEURISTIC,CALL_PROPAGATED,0x0038f4e0->0x0038f550,ptr_int
0x0038f550,0x0038f550,,a1,ptr,int,HEURISTIC,CALL_PROPAGATED,0x0038f4e0->0x0038f550,ptr_int
0x0038f550,0x0038f550,,a2,ptr,int,HEURISTIC,CALL_PROPAGATED,0x0038f4e0->0x0038f550,ptr_int
0x0038f550,0x0038f550,,a3,Unknown_a3_0_4_8_c,int,CALL_PROPAGATED,CALL_PROPAGATED,0x0038f4e0->0x0038f550,hard
0x0038f8a0,0x0038f8a0,,a0,Unknown_a0_4,int,CALL_PROPAGATED,CALL_PROPAGATED,0x0038f8b0->0x0038f8a0,hard
0x0038f8a0,0x0038f8a0,,a1,ptr,int,CALL_PROPAGATED,CALL_PROPAGATED,0x0038f8b0->0x0038f8a0,ptr_int
0x0038f8a0,0x0038f8a0,,a2,ptr,int,HEURISTIC,CALL_PROPAGATED,0x0038f8b0->0x0038f8a0,ptr_int
0x003908a0,0x003908a0,stub_code,a1,Unknown_a1_4_8,int,DIRECT,CALL_PROPAGATED,0x00390270->0x003908a0,hard
0x0037e3f0,0x0037e3f0,stub_code,a0,Unknown_a0_0_4_8,int,DIRECT,CALL_PROPAGATED,0x003907b0->0x0037e3f0,hard
0x00372980,0x00372980,stub_code,a0,int,Unknown_a0_4_8,DIRECT,CALL_PROPAGATED,0x00390820->0x00372980,hard
0x003908f0,0x003908f0,stub_code,a1,int,Unknown_a1_4_8,DIRECT,CALL_PROPAGATED,0x003908a0->0x003908f0,hard
0x00390e80,0x00390e80,stub_code,a2,Unknown_a2_0,int,DIRECT,CALL_PROPAGATED,0x00390cf0->0x00390e80,hard
0x00395990,0x00395990,stub_code,a1,int,Unknown_a1_0_2_4_18_24_1e0,DIRECT,CALL_PROPAGATED,0x00390f40->0x00395990,hard
0x003687a0,0x003687a0,stub_code,a0,int,Unknown_a0_1e4,DIRECT,CALL_PROPAGATED,0x00391100->0x003687a0,hard
0x00368990,0x00368990,stub_code,a0,Unknown_a0_0_8,Unknown_a0_1e4,DIRECT,CALL_PROPAGATED,0x00391100->0x00368990,hard
0x00368830,0x00368830,stub_code,a0,int,Unknown_a0_1e4,DIRECT,CALL_PROPAGATED,0x00391100->0x00368830,hard
0x003687a0,0x003687a0,stub_code,a0,int,ptr,DIRECT,CALL_PROPAGATED,0x00391160->0x003687a0,ptr_int
0x00368ef0,0x00368ef0,stub_code,a0,int,ptr,DIRECT,CALL_PROPAGATED,0x00391160->0x00368ef0,ptr_int
0x00368d90,0x00368d90,stub_code,a0,int,ptr,DIRECT,CALL_PROPAGATED,0x00391160->0x00368d90,ptr_int
0x003687a0,0x003687a0,stub_code,a0,int,Unknown_a0_1ec,DIRECT,CALL_PROPAGATED,0x003911c0->0x003687a0,hard
0x003691a0,0x003691a0,stub_code,a0,int,Unknown_a0_1ec,DIRECT,CALL_PROPAGATED,0x003911c0->0x003691a0,hard
0x00369040,0x00369040,stub_code,a0,int,Unknown_a0_1ec,DIRECT,CALL_PROPAGATED,0x003911c0->0x00369040,hard
0x003687a0,0x003687a0,stub_code,a0,int,Unknown_a0_1f0,DIRECT,CALL_PROPAGATED,0x00391220->0x003687a0,hard
0x00369310,0x00369310,stub_code,a0,int,Unknown_a0_1f0,DIRECT,CALL_PROPAGATED,0x00391220->0x00369310,hard
0x003687a0,0x003687a0,stub_code,a0,int,Unknown_a0_1f4,DIRECT,CALL_PROPAGATED,0x00391280->0x003687a0,hard
0x003698d0,0x003698d0,stub_code,a0,int,Unknown_a0_1f4,DIRECT,CALL_PROPAGATED,0x00391280->0x003698d0,hard
0x00369740,0x00369740,stub_code,a0,int,Unknown_a0_1f4,DIRECT,CALL_PROPAGATED,0x00391280->0x00369740,hard
0x0035bc10,0x0035bc10,,a1,Unknown_a1_0_2_4_18_24_1e0,int,CALL_PROPAGATED,CALL_PROPAGATED,0x00392bd0->0x0035bc10,hard
0x0035bc10,0x0035bc10,,a2,Unknown_a1_0_2_4_18_24_1e0,int,CALL_PROPAGATED,CALL_PROPAGATED,0x00392bd0->0x0035bc10,hard
0x0035bc10,0x0035bc10,,a3,Unknown_a1_0_2_4_18_24_1e0,int,CALL_PROPAGATED,CALL_PROPAGATED,0x00392bd0->0x0035bc10,hard
0x003b71a0,0x003b71a0,stub_code,a0,Unknown_a0_0,Unknown_a0_1e4,DIRECT,CALL_PROPAGATED,0x00392f00->0x003b71a0,hard
0x003b71a0,0x003b71a0,stub_code,a1,int,Unknown_a0_1e4,DIRECT,CALL_PROPAGATED,0x00392f00->0x003b71a0,hard
0x0043b088,0x0043b088,,a0,Unknown_a0_38,int,CALL_PROPAGATED,CALL_PROPAGATED,0x00392f30->0x0043b088,hard
0x0035bc40,FUN_0035bc40,real_c,a0,Unknown_a0_0,int,DIRECT,CALL_PROPAGATED,0x00393130->0x0035bc40,hard
0x00338e10,0x00338e10,,a3,ptr,int,HEURISTIC,CALL_PROPAGATED,0x00393680->0x00338e10,ptr_int
0x00365450,FUN_00365450,real_logic,a3,ptr,int,HEURISTIC,CALL_PROPAGATED,0x00393680->0x00365450,ptr_int
0x00393680,0x00393680,stub_code,a2,int,ptr,DIRECT,RETURN_PROPAGATED,0x00345cc0->0x00393680,ptr_int
0x003472f0,FUN_003472f0,real_c,a1,ptr,int,HEURISTIC,CALL_PROPAGATED,0x00393b20->0x003472f0,ptr_int
0x00395990,0x00395990,stub_code,a1,int,Unknown_a1_f0,DIRECT,CALL_PROPAGATED,0x00394090->0x00395990,hard
0x00365d80,FUN_00365d80,real_c,a2,int,ptr,DIRECT,CALL_PROPAGATED,0x003944d0->0x00365d80,ptr_int
0x00347330,0x00347330,,a3,ptr,int,HEURISTIC,CALL_PROPAGATED,0x00394790->0x00347330,ptr_int
0x00395920,0x00395920,stub_code,a0,ptr,int,STRUCT_FIELD,CALL_PROPAGATED,0x003958c0->0x00395920,ptr_int
0x00395920,0x00395920,stub_code,a1,int,ptr,DIRECT,CALL_PROPAGATED,0x003958c0->0x00395920,ptr_int
0x00399520,0x00399520,stub_code,a0,Unknown_a0_18,int,DIRECT,CALL_PROPAGATED,0x003958c0->0x00399520,hard
0x00399520,0x00399520,stub_code,a1,int,ptr,DIRECT,CALL_PROPAGATED,0x003958c0->0x00399520,ptr_int
0x003f6840,FUN_003f6840,real_c,a1,int,Unknown_a0_18_e0_13c_294,DIRECT,CALL_PROPAGATED,0x00395990->0x003f6840,hard
0x0035bc40,FUN_0035bc40,real_c,a0,Unknown_a0_0,Unknown_a0_14,DIRECT,CALL_PROPAGATED,0x00395bc0->0x0035bc40,hard
0x00395cb0,0x00395cb0,stub_code,a1,Unknown_a1_0_4_8_10_14_18_20_24_28,int,DIRECT,CALL_PROPAGATED,0x00395d70->0x00395cb0,hard
0x0038d950,0x0038d950,stub_code,a0,Unknown_a0_0,int,DIRECT,CALL_PROPAGATED,0x00395f10->0x0038d950,hard
0x003967e0,0x003967e0,,a0,int,ptr,HEURISTIC,RETURN_PROPAGATED,0x0034d5f0->0x003967e0,ptr_int
0x0043b088,0x0043b088,,a1,Unknown_a0_38,int,CALL_PROPAGATED,CALL_PROPAGATED,0x00396a90->0x0043b088,hard
0x0043b088,0x0043b088,,a2,ptr,int,HEURISTIC,CALL_PROPAGATED,0x00396a90->0x0043b088,ptr_int
0x0043b088,0x0043b088,,a3,ptr,int,HEURISTIC,CALL_PROPAGATED,0x00396a90->0x0043b088,ptr_int
0x003969e0,0x003969e0,stub_code,a1,Unknown_a1_0_4_8_10_14_18_20_24_28,int,DIRECT,CALL_PROPAGATED,0x00396a90->0x003969e0,hard
0x00120720,FUN_00120720,real_logic,a0,Unknown_a0_0,int,DIRECT,CALL_PROPAGATED,0x00396fc0->0x00120720,hard
0x003f6780,0x003f6780,stub_code,a1,Unknown_a1_0_10,Unknown_a1_0,DIRECT,CALL_PROPAGATED,0x003975c0->0x003f6780,hard
0x003f6780,0x003f6780,stub_code,a2,int,Unknown_a2_0_10,CALL_PROPAGATED,CALL_PROPAGATED,0x003975c0->0x003f6780,hard
0x003f6b20,FUN_003f6b20,real_c,a2,int,Unknown_a2_0_10,CALL_PROPAGATED,CALL_PROPAGATED,0x003975c0->0x003f6b20,hard
0x0034bb20,FUN_0034bb20,real_logic,a0,Unknown_a0_0,int,DIRECT,CALL_PROPAGATED,0x003976c0->0x0034bb20,hard
0x00120780,0x00120780,,a1,int,Unknown_a1_0_4_8_c_10_14,CALL_PROPAGATED,CALL_PROPAGATED,0x00397ca0->0x00120780,hard
0x00360df0,0x00360df0,,a1,int,Unknown_a1_0_4_8_c_10_14,CALL_PROPAGATED,CALL_PROPAGATED,0x00397ca0->0x00360df0,hard
0x00360df0,0x00360df0,,a3,Unknown_a3_0_10,int,CALL_PROPAGATED,CALL_PROPAGATED,0x00397ca0->0x00360df0,hard
0x00397200,0x00397200,stub_code,a1,int,ptr,DIRECT,RETURN_PROPAGATED,0x0033f800->0x00397200,ptr_int
0x00395650,0x00395650,stub_code,a1,int,ptr,DIRECT,CALL_PROPAGATED,0x003981c0->0x00395650,ptr_int
0x00394850,0x00394850,stub_code,a0,int,ptr,DIRECT,CALL_PROPAGATED,0x003981c0->0x00394850,ptr_int
0x00394850,0x00394850,stub_code,a1,int,ptr,DIRECT,CALL_PROPAGATED,0x003981c0->0x00394850,ptr_int
0x00394850,0x00394850,stub_code,a2,int,ptr,DIRECT,CALL_PROPAGATED,0x003981c0->0x00394850,ptr_int
0x001207c0,FUN_001207c0,real_logic,a1,Unknown_a0_38,int,CALL_PROPAGATED,CALL_PROPAGATED,0x00398930->0x001207c0,hard
0x00397200,0x00397200,stub_code,a0,Unknown_a0_1b0,Unknown_a0_18,DIRECT,CALL_PROPAGATED,0x00399520->0x00397200,hard
0x0033c120,0x0033c120,stub_code,a0,int,Unknown_a0_18,DIRECT,CALL_PROPAGATED,0x00399520->0x0033c120,hard
0x0033c120,0x0033c120,stub_code,a1,int,Unknown_a0_18,DIRECT,CALL_PROPAGATED,0x00399520->0x0033c120,hard
0x00365d80,FUN_00365d80,real_c,a1,int,ptr,DIRECT,CALL_PROPAGATED,0x00399e40->0x00365d80,ptr_int
0x00338df0,0x00338df0,,a2,ptr,int,HEURISTIC,CALL_PROPAGATED,0x00399ed0->0x00338df0,ptr_int
0x00338df0,0x00338df0,,a3,ptr,int,HEURISTIC,CALL_PROPAGATED,0x00399ed0->0x00338df0,ptr_int
0x0038dec0,0x0038dec0,,a3,ptr,int,HEURISTIC,CALL_PROPAGATED,0x0039a3e0->0x0038dec0,ptr_int
0x00397ca0,0x00397ca0,stub_code,a0,Unknown_a0_30_34_38,Unknown_a0_0_18_30_34_54,DIRECT,CALL_PROPAGATED,0x0039a9a0->0x00397ca0,hard
0x00397ea0,0x00397ea0,stub_code,a0,int,Unknown_a0_0_18_30_34_54,DIRECT,CALL_PROPAGATED,0x0039ab30->0x00397ea0,hard
0x0038ea50,0x0038ea50,stub_code,a0,ptr,int,STRUCT_FIELD,CALL_PROPAGATED,0x0039adb0->0x0038ea50,ptr_int
0x0035b6e0,0x0035b6e0,,a1,Unknown_a1_0,Unknown_a1_f0,CALL_PROPAGATED,CALL_PROPAGATED,0x0039ba30->0x0035b6e0,hard
0x003f6270,0x003f6270,,a1,int,ptr,HEURISTIC,CALL_PROPAGATED,0x0039bed0->0x003f6270,ptr_int
0x0039cb30,0x0039cb30,stub_code,a0,int,Unknown_a1_0_4,DIRECT,CALL_PROPAGATED,0x0039cd90->0x0039cb30,hard
0x0039cb30,0x0039cb30,stub_code,a1,int,Unknown_a1_0_4,DIRECT,CALL_PROPAGATED,0x0039cd90->0x0039cb30,hard
0x0039cba0,0x0039cba0,stub_code,a0,int,Unknown_a1_0_4,DIRECT,CALL_PROPAGATED,0x0039cd90->0x0039cba0,hard
0x0039cd90,0x0039cd90,stub_code,a0,int,Unknown_a1_0_4,DIRECT,CALL_PROPAGATED,0x0039cd90->0x0039cd90,hard
0x0039cfe0,0x0039cfe0,,a0,int,Unknown_a1_0_4,CALL_PROPAGATED,CALL_PROPAGATED,0x0039cd90->0x0039cfe0,hard
0x0039d3c0,0x0039d3c0,stub_code,a0,Unknown_a0_0,Unknown_a0_c,DIRECT,CALL_PROPAGATED,0x0039d010->0x0039d3c0,hard
0x0039d3c0,0x0039d3c0,stub_code,a1,int,Unknown_a1_0_4_c,DIRECT,CALL_PROPAGATED,0x0039d010->0x0039d3c0,hard
0x0039d5b0,0x0039d5b0,stub_code,a0,int,Unknown_a0_0_4_8,DIRECT,CALL_PROPAGATED,0x0039d4f0->0x0039d5b0,hard
0x0039d5b0,0x0039d5b0,stub_code,a1,int,Unknown_a1_0_4_8,DIRECT,CALL_PROPAGATED,0x0039d4f0->0x0039d5b0,hard
0x0039d5b0,0x0039d5b0,stub_code,a0,int,ptr,DIRECT,RETURN_PROPAGATED,0x0033c120->0x0039d5b0,ptr_int
0x00364600,0x00364600,,a2,int,Unknown_a2_c,HEURISTIC,CALL_PROPAGATED,0x0039e540->0x00364600,hard
0x0039e350,0x0039e350,stub_code,a2,int,Unknown_a2_c,DIRECT,CALL_PROPAGATED,0x0039e540->0x0039e350,hard
0x0039e350,0x0039e350,stub_code,a0,Unknown_a0_0,Unknown_a0_c_10,DIRECT,CALL_PROPAGATED,0x0039f330->0x0039e350,hard
0x0039e310,0x0039e310,,a3,ptr,int,HEURISTIC,CALL_PROPAGATED,0x0039f330->0x0039e310,ptr_int
0x0039e2c0,0x0039e2c0,,a3,ptr,int,HEURISTIC,CALL_PROPAGATED,0x0039f330->0x0039e2c0,ptr_int
0x00364600,0x00364600,,a2,Unknown_a2_c,Unknown_a0_c_10,CALL_PROPAGATED,CALL_PROPAGATED,0x0039f330->0x00364600,hard
0x0039dc10,0x0039dc10,,a2,ptr,int,CALL_PROPAGATED,CALL_PROPAGATED,0x003a0170->0x0039dc10,ptr_int
0x0043b068,0x0043b068,,a0,Unknown_a0_8,Unknown_a0_0_4_8_c,CALL_PROPAGATED,CALL_PROPAGATED,0x003a0cb0->0x0043b068,hard
0x00364600,0x00364600,,a1,ptr,int,HEURISTIC,CALL_PROPAGATED,0x003a2910->0x00364600,ptr_int
0x004b9ee0,0x004b9ee0,stub_code,a0,int,ptr,DIRECT,RETURN_PROPAGATED,0x0039e4a0->0x004b9ee0,ptr_int
0x003a89d0,0x003a89d0,stub_code,a3,Unknown_a3_0,int,DIRECT,CALL_PROPAGATED,0x003a2910->0x003a89d0,hard
0x00364600,0x00364600,,a2,Unknown_a0_c_10,int,CALL_PROPAGATED,CALL_PROPAGATED,0x003a3300->0x00364600,hard
0x0043bc40,0x0043bc40,stub_code,a0,int,Unknown_a1_0_4_8_c,DIRECT,CALL_PROPAGATED,0x003a4230->0x0043bc40,hard
0x0043bc40,0x0043bc40,stub_code,a1,int,Unknown_a1_0_4_8_c,DIRECT,CALL_PROPAGATED,0x003a4230->0x0043bc40,hard
0x0043bc40,0x0043bc40,stub_code,a2,int,Unknown_a1_0_4_8_c,DIRECT,CALL_PROPAGATED,0x003a4230->0x0043bc40,hard
0x0043bc40,0x0043bc40,stub_code,a3,int,Unknown_a1_0_4_8_c,DIRECT,CALL_PROPAGATED,0x003a4230->0x0043bc40,hard
0x0043b320,0x0043b320,,a0,Unknown_a0_0_4_8_c_10,Unknown_a1_0_4_8_c,CALL_PROPAGATED,CALL_PROPAGATED,0x003a4230->0x0043b320,hard
0x0043b320,0x0043b320,,a1,Unknown_a1_0_4_8_c_10_14_18,Unknown_a1_0_4_8_c,CALL_PROPAGATED,CALL_PROPAGATED,0x003a4230->0x0043b320,hard
0x0043b320,0x0043b320,,a2,Unknown_a0_0_4_8_c_10,Unknown_a1_0_4_8_c,CALL_PROPAGATED,CALL_PROPAGATED,0x003a4230->0x0043b320,hard
0x0043b320,0x0043b320,,a3,Unknown_a1_0_4_8_c_10_14_18,Unknown_a1_0_4_8_c,CALL_PROPAGATED,CALL_PROPAGATED,0x003a4230->0x0043b320,hard
0x0039f1d0,0x0039f1d0,,a3,int,Unknown_a1_0_4_8_c,CALL_PROPAGATED,CALL_PROPAGATED,0x003a4230->0x0039f1d0,hard
0x00364600,0x00364600,,a2,Unknown_a0_c_10,Unknown_a0_c_10_200,CALL_PROPAGATED,CALL_PROPAGATED,0x003a4880->0x00364600,hard
0x0039e310,0x0039e310,,a2,Unknown_a0_c_10,Unknown_a0_c_10_200,CALL_PROPAGATED,CALL_PROPAGATED,0x003a4880->0x0039e310,hard
0x003a0150,0x003a0150,,a2,Unknown_a0_c_10,Unknown_a0_c_10_200,CALL_PROPAGATED,CALL_PROPAGATED,0x003a4880->0x003a0150,hard
0x0039f1d0,0x0039f1d0,,a2,int,Unknown_a0_c_10_200,HEURISTIC,CALL_PROPAGATED,0x003a4880->0x0039f1d0,hard
0x0039dbf0,0x0039dbf0,,a2,Unknown_a0_c_10,Unknown_a0_c_10_200,CALL_PROPAGATED,CALL_PROPAGATED,0x003a4880->0x0039dbf0,hard
0x003a57a0,0x003a57a0,stub_code,a0,int,Unknown_a0_c_10_200,DIRECT,CALL_PROPAGATED,0x003a50a0->0x003a57a0,hard
0x003a5350,0x003a5350,stub_code,a0,int,Unknown_a0_c_10_200,DIRECT,CALL_PROPAGATED,0x003a50a0->0x003a5350,hard
0x0039dc10,0x0039dc10,,a0,Unknown_a0_c_10,Unknown_a0_c_10_200,CALL_PROPAGATED,CALL_PROPAGATED,0x003a50a0->0x0039dc10,hard
0x00364600,0x00364600,,a2,Unknown_a0_c_10_200,int,CALL_PROPAGATED,CALL_PROPAGATED,0x003a5350->0x00364600,hard
0x0039e310,0x0039e310,,a2,Unknown_a0_c_10_200,int,CALL_PROPAGATED,CALL_PROPAGATED,0x003a5350->0x0039e310,hard
0x0039ebb0,0x0039ebb0,,a2,Unknown_a0_c_10_200,int,CALL_PROPAGATED,CALL_PROPAGATED,0x003a5350->0x0039ebb0,hard
0x0039dbf0,0x0039dbf0,,a2,Unknown_a0_c_10_200,int,CALL_PROPAGATED,CALL_PROPAGATED,0x003a5350->0x0039dbf0,hard
0x00364600,0x00364600,,a0,ptr,int,HEURISTIC,CALL_PROPAGATED,0x003a57a0->0x00364600,ptr_int
0x0039e310,0x0039e310,,a0,ptr,int,HEURISTIC,CALL_PROPAGATED,0x003a57a0->0x0039e310,ptr_int
0x0039ebb0,0x0039ebb0,,a0,ptr,int,HEURISTIC,CALL_PROPAGATED,0x003a57a0->0x0039ebb0,ptr_int
0x003a89d0,0x003a89d0,stub_code,a2,ptr,int,STRUCT_FIELD,CALL_PROPAGATED,0x003a57a0->0x003a89d0,ptr_int
0x003a5080,0x003a5080,,a3,ptr,int,HEURISTIC,CALL_PROPAGATED,0x003a5ba0->0x003a5080,ptr_int
0x0039e350,0x0039e350,stub_code,a0,Unknown_a0_0,int,DIRECT,CALL_PROPAGATED,0x003a6f20->0x0039e350,hard
0x003a7ed0,0x003a7ed0,,a1,ptr,int,HEURISTIC,CALL_PROPAGATED,0x003a6f20->0x003a7ed0,ptr_int
0x0043b068,0x0043b068,,a0,Unknown_a0_0_4_8_c,int,CALL_PROPAGATED,CALL_PROPAGATED,0x003a7f40->0x0043b068,hard
0x0043b068,0x0043b068,,a1,int,Unknown_a1_0,CALL_PROPAGATED,CALL_PROPAGATED,0x003a7f40->0x0043b068,hard
0x0039f1d0,0x0039f1d0,,a1,int,Unknown_a1_0,CALL_PROPAGATED,CALL_PROPAGATED,0x003a7f40->0x0039f1d0,hard
0x003a87b0,0x003a87b0,stub_code,a1,int,ptr,DIRECT,CALL_PROPAGATED,0x003a82f0->0x003a87b0,ptr_int
0x0033be20,0x0033be20,stub_code,a1,int,Unknown_a0_14,DIRECT,CALL_PROPAGATED,0x003a8430->0x0033be20,hard
0x0033be20,0x0033be20,stub_code,a2,int,Unknown_a0_14,DIRECT,CALL_PROPAGATED,0x003a8430->0x0033be20,hard
0x0033eaf0,0x0033eaf0,,a0,int,Unknown_a0_0,CALL_PROPAGATED,CALL_PROPAGATED,0x003a8720->0x0033eaf0,hard
0x003a92c0,0x003a92c0,stub_code,a2,int,ptr,DIRECT,RETURN_PROPAGATED,0x003a8d80->0x003a92c0,ptr_int
0x003af4f0,0x003af4f0,stub_code,a1,int,ptr,DIRECT,RETURN_PROPAGATED,0x003a92c0->0x003af4f0,ptr_int
0x003a99a0,0x003a99a0,stub_code,a0,Unknown_a0_0,Unknown_a0_0_4_c,DIRECT,CALL_PROPAGATED,0x003a9210->0x003a99a0,hard
0x003a99a0,0x003a99a0,stub_code,a1,int,Unknown_a1_0,DIRECT,CALL_PROPAGATED,0x003a9210->0x003a99a0,hard
0x003a9960,0x003a9960,,a0,ptr,int,HEURISTIC,CALL_PROPAGATED,0x003a96f0->0x003a9960,ptr_int
0x003a9960,0x003a9960,,a1,ptr,int,HEURISTIC,CALL_PROPAGATED,0x003a96f0->0x003a9960,ptr_int
0x003a9960,0x003a9960,,a2,ptr,int,HEURISTIC,CALL_PROPAGATED,0x003a96f0->0x003a9960,ptr_int
0x003a9960,0x003a9960,,a3,Unknown_a3_0_4_8_c,int,CALL_PROPAGATED,CALL_PROPAGATED,0x003a96f0->0x003a9960,hard
0x003aae30,0x003aae30,stub_code,a0,Unknown_a0_4,Unknown_a1_4_8,DIRECT,CALL_PROPAGATED,0x003aa0c0->0x003aae30,hard
0x003aae30,0x003aae30,stub_code,a1,int,Unknown_a1_4_8,DIRECT,CALL_PROPAGATED,0x003aa0c0->0x003aae30,hard
0x003a9c10,0x003a9c10,stub_code,a0,int,Unknown_a1_4_8,DIRECT,CALL_PROPAGATED,0x003aa0c0->0x003a9c10,hard
0x003ac0c0,0x003ac0c0,stub_code,a0,int,Unknown_a1_4_8,DIRECT,CALL_PROPAGATED,0x003aa0c0->0x003ac0c0,hard
0x003aa9b0,0x003aa9b0,stub_code,a1,Unknown_a1_0_4_8_10_14_18_20_24_28,int,DIRECT,CALL_PROPAGATED,0x003aa620->0x003aa9b0,hard
0x001206c0,0x001206c0,,a3,Unknown_a3_20,Unknown_a3_0_4_8,CALL_PROPAGATED,CALL_PROPAGATED,0x003aaa60->0x001206c0,hard
0x003aa190,0x003aa190,stub_code,a1,int,ptr,DIRECT,CALL_PROPAGATED,0x003aaa60->0x003aa190,ptr_int
0x003aa190,0x003aa190,stub_code,a3,int,ptr,DIRECT,CALL_PROPAGATED,0x003aaa60->0x003aa190,ptr_int
0x003aa620,0x003aa620,stub_code,a1,int,ptr,DIRECT,CALL_PROPAGATED,0x003aaa60->0x003aa620,ptr_int
0x003aa620,0x003aa620,stub_code,a3,int,ptr,DIRECT,CALL_PROPAGATED,0x003aaa60->0x003aa620,ptr_int
0x003ab0a0,0x003ab0a0,stub_code,a2,int,Unknown_a0_4,DIRECT,CALL_PROPAGATED,0x003aae30->0x003ab0a0,hard
0x0035bc90,0x0035bc90,stub_code,a1,int,Unknown_a1_4,DIRECT,CALL_PROPAGATED,0x003ab780->0x0035bc90,hard
0x00396fc0,0x00396fc0,stub_code,a3,int,Unknown_a3_0,DIRECT,CALL_PROPAGATED,0x003ac1d0->0x00396fc0,hard
0x00120780,0x00120780,,a3,Unknown_a3_0_10,Unknown_a3_0,CALL_PROPAGATED,CALL_PROPAGATED,0x003ac1d0->0x00120780,hard
0x003ac360,0x003ac360,stub_code,a0,Unknown_a0_0,int,DIRECT,CALL_PROPAGATED,0x003ac490->0x003ac360,hard
0x0036e250,0x0036e250,,a2,ptr,int,HEURISTIC,CALL_PROPAGATED,0x003ac490->0x0036e250,ptr_int
0x003a8da0,0x003a8da0,stub_code,a1,int,Unknown_a1_4,DIRECT,CALL_PROPAGATED,0x003ac5a0->0x003a8da0,hard
0x003a9120,0x003a9120,stub_code,a1,int,Unknown_a1_4,DIRECT,CALL_PROPAGATED,0x003ac5a0->0x003a9120,hard
0x0034bb20,FUN_0034bb20,real_logic,a1,int,ptr,HEURISTIC,CALL_PROPAGATED,0x003ac800->0x0034bb20,ptr_int
0x0034bb20,FUN_0034bb20,real_logic,a2,int,ptr,CALL_PROPAGATED,CALL_PROPAGATED,0x003ac800->0x0034bb20,ptr_int
0x003ad1e0,0x003ad1e0,stub_code,a0,Unknown_a0_4_8,int,DIRECT,CALL_PROPAGATED,0x003acc50->0x003ad1e0,hard
0x003ad1e0,0x003ad1e0,stub_code,a1,int,Unknown_a1_4,DIRECT,CALL_PROPAGATED,0x003acc50->0x003ad1e0,hard
0x003acda0,0x003acda0,stub_code,a2,Unknown_a2_0,int,DIRECT,CALL_PROPAGATED,0x003acc50->0x003acda0,hard
0x003ab780,0x003ab780,stub_code,a0,int,ptr,DIRECT,RETURN_PROPAGATED,0x003f6030->0x003ab780,ptr_int
0x0035c3f0,FUN_0035c3f0,real_c,a3,int,ptr,CALL_PROPAGATED,CALL_PROPAGATED,0x003ace70->0x0035c3f0,ptr_int
0x003ad430,0x003ad430,stub_code,a0,int,Unknown_a0_4_8,DIRECT,CALL_PROPAGATED,0x003ad1e0->0x003ad430,hard
0x003ad430,0x003ad430,stub_code,a1,int,Unknown_a0_4_8,DIRECT,CALL_PROPAGATED,0x003ad1e0->0x003ad430,hard
0x003ad430,0x003ad430,stub_code,a2,int,Unknown_a0_4_8,DIRECT,CALL_PROPAGATED,0x003ad1e0->0x003ad430,hard
0x0033c170,FUN_0033c170,pseudo_stub,a1,int,Unknown_a1_8,DIRECT,CALL_PROPAGATED,0x003adc80->0x0033c170,hard
0x0033c170,FUN_0033c170,pseudo_stub,a2,int,Unknown_a2_4_8,DIRECT,CALL_PROPAGATED,0x003adc80->0x0033c170,hard
0x0033c120,0x0033c120,stub_code,a0,int,Unknown_a1_8,DIRECT,CALL_PROPAGATED,0x003adc80->0x0033c120,hard
0x0033c120,0x0033c120,stub_code,a1,int,Unknown_a2_4_8,DIRECT,CALL_PROPAGATED,0x003adc80->0x0033c120,hard
0x0033c120,0x0033c120,stub_code,a2,int,Unknown_a2_4_8,DIRECT,CALL_PROPAGATED,0x003adc80->0x0033c120,hard
0x0033baf0,0x0033baf0,stub_code,a1,int,ptr,DIRECT,RETURN_PROPAGATED,0x0033c120->0x0033baf0,ptr_int
0x003ae0e0,FUN_003ae0e0,real_c,a0,ptr,int,STRUCT_FIELD,CALL_PROPAGATED,0x003ae550->0x003ae0e0,ptr_int
0x003adc80,0x003adc80,stub_code,a1,Unknown_a1_8,int,DIRECT,CALL_PROPAGATED,0x003af080->0x003adc80,hard
0x00348e00,0x00348e00,,a0,int,Unknown_a0_0_8,CALL_PROPAGATED,CALL_PROPAGATED,0x003af2f0->0x00348e00,hard
0x00345a10,0x00345a10,,a0,Unknown_a0_0_8,int,CALL_PROPAGATED,CALL_PROPAGATED,0x003af4f0->0x00345a10,hard
0x0034a640,0x0034a640,stub_code,a0,Unknown_a0_0,int,DIRECT,CALL_PROPAGATED,0x003af4f0->0x0034a640,hard
0x00345a10,0x00345a10,,a0,Unknown_a0_0_8,Unknown_a0_10_18,CALL_PROPAGATED,CALL_PROPAGATED,0x003af730->0x00345a10,hard
0x0033f800,0x0033f800,stub_code,a0,int,Unknown_a0_10_18,DIRECT,CALL_PROPAGATED,0x003af730->0x0033f800,hard
0x003b1600,0x003b1600,stub_code,a1,int,Unknown_a1_1c,DIRECT,CALL_PROPAGATED,0x003af8e0->0x003b1600,hard
0x003b1600,0x003b1600,stub_code,a3,int,Unknown_a1_1c,DIRECT,CALL_PROPAGATED,0x003af8e0->0x003b1600,hard
0x0039a6f0,0x0039a6f0,stub_code,a0,ptr,int,STRUCT_FIELD,CALL_PROPAGATED,0x003af8e0->0x0039a6f0,ptr_int
0x0039a6f0,0x0039a6f0,stub_code,a1,int,Unknown_a1_1c,DIRECT,CALL_PROPAGATED,0x003af8e0->0x0039a6f0,hard
0x003b1b20,0x003b1b20,stub_code,a1,Unknown_a1_58,Unknown_a1_70,DIRECT,CALL_PROPAGATED,0x003af920->0x003b1b20,hard
0x00381010,0x00381010,,a1,ptr,int,HEURISTIC,CALL_PROPAGATED,0x003afe10->0x00381010,ptr_int
0x00381010,0x00381010,,a3,ptr,int,HEURISTIC,CALL_PROPAGATED,0x003afe10->0x00381010,ptr_int
0x00345660,0x00345660,,a0,Unknown_a0_4,Unknown_a0_70,CALL_PROPAGATED,CALL_PROPAGATED,0x003afe10->0x00345660,hard
0x0037e3f0,0x0037e3f0,stub_code,a2,int,ptr,DIRECT,RETURN_PROPAGATED,0x00345cc0->0x0037e3f0,ptr_int
0x00359220,0x00359220,,a2,int,ptr,HEURISTIC,RETURN_PROPAGATED,0x00345cc0->0x00359220,ptr_int
0x003b06d0,0x003b06d0,stub_code,a2,int,ptr,DIRECT,RETURN_PROPAGATED,0x00345cc0->0x003b06d0,ptr_int
0x003b0bb0,0x003b0bb0,stub_code,a2,int,ptr,DIRECT,RETURN_PROPAGATED,0x00345cc0->0x003b0bb0,ptr_int
0x00379bc0,0x00379bc0,stub_code,a2,int,ptr,DIRECT,RETURN_PROPAGATED,0x00345cc0->0x00379bc0,ptr_int
0x0013e040,0x0013e040,stub_code,a2,int,ptr,DIRECT,RETURN_PROPAGATED,0x00345cc0->0x0013e040,ptr_int
0x0013e040,0x0013e040,stub_code,a1,int,ptr,DIRECT,RETURN_PROPAGATED,0x003674c0->0x0013e040,ptr_int
0x0013dfd0,0x0013dfd0,stub_code,a1,int,ptr,DIRECT,RETURN_PROPAGATED,0x003674c0->0x0013dfd0,ptr_int
0x003b11f0,0x003b11f0,stub_code,a0,Unknown_a0_0_c,int,DIRECT,CALL_PROPAGATED,0x003b0b40->0x003b11f0,hard
0x0037ae50,0x0037ae50,stub_code,a0,int,Unknown_a0_4_8,DIRECT,CALL_PROPAGATED,0x003b0bb0->0x0037ae50,hard
0x0037ae50,0x0037ae50,stub_code,a1,int,Unknown_a0_4_8,DIRECT,CALL_PROPAGATED,0x003b0bb0->0x0037ae50,hard
0x0037ae50,0x0037ae50,stub_code,a2,int,Unknown_a0_4_8,DIRECT,CALL_PROPAGATED,0x003b0bb0->0x0037ae50,hard
0x003b0c90,0x003b0c90,stub_code,a0,int,Unknown_a0_4_8,DIRECT,CALL_PROPAGATED,0x003b0bb0->0x003b0c90,hard
0x003b0c90,0x003b0c90,stub_code,a1,int,Unknown_a0_4_8,DIRECT,CALL_PROPAGATED,0x003b0bb0->0x003b0c90,hard
0x003b0c90,0x003b0c90,stub_code,a2,int,Unknown_a0_4_8,DIRECT,CALL_PROPAGATED,0x003b0bb0->0x003b0c90,hard
0x0039c4b0,0x0039c4b0,stub_code,a0,int,ptr,DIRECT,RETURN_PROPAGATED,0x00345660->0x0039c4b0,ptr_int
0x0039c4b0,0x0039c4b0,stub_code,a1,int,ptr,DIRECT,RETURN_PROPAGATED,0x00345660->0x0039c4b0,ptr_int
0x00365080,0x00365080,stub_code,a1,int,ptr,DIRECT,RETURN_PROPAGATED,0x0039c4b0->0x00365080,ptr_int
0x003adaf0,0x003adaf0,stub_code,a2,int,ptr,DIRECT,CALL_PROPAGATED,0x003b1390->0x003adaf0,ptr_int
0x003b2660,0x003b2660,stub_code,a1,int,ptr,DIRECT,RETURN_PROPAGATED,0x00337930->0x003b2660,ptr_int
0x00381000,0x00381000,,a1,ptr,int,HEURISTIC,CALL_PROPAGATED,0x003b1960->0x00381000,ptr_int
0x00381000,0x00381000,,a2,ptr,int,RETURN_PROPAGATED,CALL_PROPAGATED,0x003b1960->0x00381000,ptr_int
0x00381000,0x00381000,,a3,ptr,int,HEURISTIC,CALL_PROPAGATED,0x003b1960->0x00381000,ptr_int
0x003ac5a0,0x003ac5a0,stub_code,a1,Unknown_a1_4,int,DIRECT,CALL_PROPAGATED,0x003b1960->0x003ac5a0,hard
0x003771c0,0x003771c0,stub_code,a0,int,Unknown_a1_58,DIRECT,CALL_PROPAGATED,0x003b1b20->0x003771c0,hard
0x003771c0,0x003771c0,stub_code,a1,int,Unknown_a1_58,DIRECT,CALL_PROPAGATED,0x003b1b20->0x003771c0,hard
0x0043b0b0,0x0043b0b0,,a0,int,Unknown_a0_4,CALL_PROPAGATED,CALL_PROPAGATED,0x003b21e0->0x0043b0b0,hard
0x0043ae78,0x0043ae78,,a0,int,Unknown_a0_4,CALL_PROPAGATED,CALL_PROPAGATED,0x003b21e0->0x0043ae78,hard
0x00345cc0,0x00345cc0,,a0,ptr,int,HEURISTIC,CALL_PROPAGATED,0x003b2390->0x00345cc0,ptr_int
0x00345cc0,0x00345cc0,,a1,ptr,int,HEURISTIC,CALL_PROPAGATED,0x003b2390->0x00345cc0,ptr_int
0x00376d10,0x00376d10,stub_code,a0,int,ptr,DIRECT,CALL_PROPAGATED,0x003b2590->0x00376d10,ptr_int
0x00380f80,0x00380f80,,a0,int,Unknown_a0_70,HEURISTIC,CALL_PROPAGATED,0x003b2600->0x00380f80,hard
0x00380f80,0x00380f80,,a1,ptr,int,HEURISTIC,CALL_PROPAGATED,0x003b2600->0x00380f80,ptr_int
0x00380f80,0x00380f80,,a2,ptr,int,HEURISTIC,CALL_PROPAGATED,0x003b2600->0x00380f80,ptr_int
0x00380f80,0x00380f80,,a3,ptr,int,HEURISTIC,CALL_PROPAGATED,0x003b2600->0x00380f80,ptr_int
0x0033e990,0x0033e990,stub_code,a2,int,ptr,DIRECT,RETURN_PROPAGATED,0x00345660->0x0033e990,ptr_int
0x0043b0b0,0x0043b0b0,,a0,Unknown_a0_4,Unknown_a0_24,CALL_PROPAGATED,CALL_PROPAGATED,0x003b2db0->0x0043b0b0,hard
0x0043ae78,0x0043ae78,,a0,Unknown_a0_4,Unknown_a0_24,CALL_PROPAGATED,CALL_PROPAGATED,0x003b2db0->0x0043ae78,hard
0x003b2ea0,0x003b2ea0,stub_code,a3,int,Unknown_a2_0,DIRECT,CALL_PROPAGATED,0x003b2ea0->0x003b2ea0,hard
0x003b2ea0,0x003b2ea0,stub_code,a0,int,Unknown_a0_44,DIRECT,CALL_PROPAGATED,0x003b39f0->0x003b2ea0,hard
0x003b2ea0,0x003b2ea0,stub_code,a2,Unknown_a2_0,int,DIRECT,CALL_PROPAGATED,0x003b39f0->0x003b2ea0,hard
0x003b50f0,0x003b50f0,stub_code,a3,int,Unknown_a2_0,DIRECT,CALL_PROPAGATED,0x003b50f0->0x003b50f0,hard
0x003b50f0,0x003b50f0,stub_code,a0,int,ptr,DIRECT,CALL_PROPAGATED,0x003b5ce0->0x003b50f0,ptr_int
0x003b50f0,0x003b50f0,stub_code,a2,Unknown_a2_0,int,DIRECT,CALL_PROPAGATED,0x003b5ce0->0x003b50f0,hard
0x003b5d40,0x003b5d40,stub_code,a0,int,Unknown_a0_0,DIRECT,CALL_PROPAGATED,0x003b6850->0x003b5d40,hard
0x003b5d40,0x003b5d40,stub_code,a2,Unknown_a2_0,int,DIRECT,CALL_PROPAGATED,0x003b6850->0x003b5d40,hard
0x003b6920,0x003b6920,stub_code,a0,int,Unknown_a0_0,DIRECT,CALL_PROPAGATED,0x003b71a0->0x003b6920,hard
0x003b6920,0x003b6920,stub_code,a2,Unknown_a2_0,int,DIRECT,CALL_PROPAGATED,0x003b71a0->0x003b6920,hard
0x003b7900,0x003b7900,stub_code,a0,Unknown_a0_0,Unknown_a0_0_4_8,DIRECT,CALL_PROPAGATED,0x003b72a0->0x003b7900,hard
0x003b7900,0x003b7900,stub_code,a1,int,Unknown_a0_0_4_8,DIRECT,CALL_PROPAGATED,0x003b72a0->0x003b7900,hard
0x003b7900,0x003b7900,stub_code,a2,int,Unknown_a0_0_4_8,DIRECT,CALL_PROPAGATED,0x003b72a0->0x003b7900,hard
0x003b7900,0x003b7900,stub_code,a3,int,Unknown_a0_0_4_8,DIRECT,CALL_PROPAGATED,0x003b72a0->0x003b7900,hard
0x0033c120,0x0033c120,stub_code,a0,int,Unknown_a0_4,DIRECT,CALL_PROPAGATED,0x003b7970->0x0033c120,hard
0x0033eaf0,0x0033eaf0,,a0,Unknown_a0_0,Unknown_a0_4,CALL_PROPAGATED,CALL_PROPAGATED,0x003b7970->0x0033eaf0,hard
0x0033c170,FUN_0033c170,pseudo_stub,a1,int,ptr,DIRECT,RETURN_PROPAGATED,0x0033eaf0->0x0033c170,ptr_int
0x003b8400,0x003b8400,stub_code,a2,int,ptr,DIRECT,CALL_PROPAGATED,0x003b7f50->0x003b8400,ptr_int
0x003b7e50,0x003b7e50,,a0,ptr,int,CALL_PROPAGATED,CALL_PROPAGATED,0x003b8710->0x003b7e50,ptr_int
0x003b7e50,0x003b7e50,,a2,ptr,int,CALL_PROPAGATED,CALL_PROPAGATED,0x003b8710->0x003b7e50,ptr_int
0x003b8580,0x003b8580,,a2,ptr,int,CALL_PROPAGATED,CALL_PROPAGATED,0x003b8710->0x003b8580,ptr_int
0x003b8520,0x003b8520,,a2,ptr,int,CALL_PROPAGATED,CALL_PROPAGATED,0x003b8710->0x003b8520,ptr_int
0x003b9290,0x003b9290,stub_code,a0,int,ptr,DIRECT,CALL_PROPAGATED,0x003b8b20->0x003b9290,ptr_int
0x003b9860,0x003b9860,,a0,int,ptr,CALL_PROPAGATED,CALL_PROPAGATED,0x003b8b20->0x003b9860,ptr_int
0x003b99c0,0x003b99c0,stub_code,a0,int,ptr,DIRECT,CALL_PROPAGATED,0x003b8b20->0x003b99c0,ptr_int
0x003b72a0,0x003b72a0,stub_code,a0,Unknown_a0_0_4_8,Unknown_a0_c,DIRECT,CALL_PROPAGATED,0x003b91c0->0x003b72a0,hard
0x003b72a0,0x003b72a0,stub_code,a1,int,Unknown_a1_10,DIRECT,CALL_PROPAGATED,0x003b91c0->0x003b72a0,hard
0x003b72a0,0x003b72a0,stub_code,a1,int,ptr,DIRECT,RETURN_PROPAGATED,0x003b72a0->0x003b72a0,ptr_int
0x003b7660,0x003b7660,stub_code,a1,int,ptr,DIRECT,RETURN_PROPAGATED,0x003b7660->0x003b7660,ptr_int
0x003b72a0,0x003b72a0,stub_code,a0,Unknown_a0_0_4_8,Unknown_a0_4_c,DIRECT,CALL_PROPAGATED,0x003b93c0->0x003b72a0,hard
0x003b72a0,0x003b72a0,stub_code,a1,int,Unknown_a0_4_c,DIRECT,CALL_PROPAGATED,0x003b93c0->0x003b72a0,hard
0x003b7300,0x003b7300,stub_code,a0,Unknown_a0_0_4_8,Unknown_a0_4_c,DIRECT,CALL_PROPAGATED,0x003b9690->0x003b7300,hard
0x003b7300,0x003b7300,stub_code,a1,int,ptr,DIRECT,CALL_PROPAGATED,0x003b9690->0x003b7300,ptr_int
0x003b7300,0x003b7300,stub_code,a2,int,ptr,DIRECT,CALL_PROPAGATED,0x003b9690->0x003b7300,ptr_int
0x003b7300,0x003b7300,stub_code,a3,int,ptr,DIRECT,CALL_PROPAGATED,0x003b9690->0x003b7300,ptr_int
0x003b7360,0x003b7360,stub_code,a0,Unknown_a0_0_4_8,Unknown_a0_4_c,DIRECT,CALL_PROPAGATED,0x003b9690->0x003b7360,hard
0x003b7360,0x003b7360,stub_code,a1,int,ptr,DIRECT,CALL_PROPAGATED,0x003b9690->0x003b7360,ptr_int
0x003b7360,0x003b7360,stub_code,a2,int,ptr,DIRECT,CALL_PROPAGATED,0x003b9690->0x003b7360,ptr_int
0x003b7360,0x003b7360,stub_code,a3,int,ptr,DIRECT,CALL_PROPAGATED,0x003b9690->0x003b7360,ptr_int
0x003b7410,0x003b7410,stub_code,a0,Unknown_a0_0_4_8,Unknown_a0_4_c,DIRECT,CALL_PROPAGATED,0x003b9690->0x003b7410,hard
0x003b7410,0x003b7410,stub_code,a1,int,ptr,DIRECT,CALL_PROPAGATED,0x003b9690->0x003b7410,ptr_int
0x003b7410,0x003b7410,stub_code,a2,int,ptr,DIRECT,CALL_PROPAGATED,0x003b9690->0x003b7410,ptr_int
0x003b7410,0x003b7410,stub_code,a3,int,ptr,DIRECT,CALL_PROPAGATED,0x003b9690->0x003b7410,ptr_int
0x003b7510,0x003b7510,stub_code,a0,Unknown_a0_0_4_8,Unknown_a0_4_c,DIRECT,CALL_PROPAGATED,0x003b9690->0x003b7510,hard
0x003b7510,0x003b7510,stub_code,a1,int,ptr,DIRECT,CALL_PROPAGATED,0x003b9690->0x003b7510,ptr_int
0x003b7510,0x003b7510,stub_code,a2,int,ptr,DIRECT,CALL_PROPAGATED,0x003b9690->0x003b7510,ptr_int
0x003b7510,0x003b7510,stub_code,a3,int,ptr,DIRECT,CALL_PROPAGATED,0x003b9690->0x003b7510,ptr_int
0x003b7760,0x003b7760,stub_code,a0,Unknown_a0_0_4_8,Unknown_a0_4_c,DIRECT,CALL_PROPAGATED,0x003b9690->0x003b7760,hard
0x003b7760,0x003b7760,stub_code,a1,int,ptr,DIRECT,CALL_PROPAGATED,0x003b9690->0x003b7760,ptr_int
0x003b7760,0x003b7760,stub_code,a2,int,ptr,DIRECT,CALL_PROPAGATED,0x003b9690->0x003b7760,ptr_int
0x003b7760,0x003b7760,stub_code,a3,int,ptr,DIRECT,CALL_PROPAGATED,0x003b9690->0x003b7760,ptr_int
0x003b7360,0x003b7360,stub_code,a2,int,Unknown_a0_4_c,DIRECT,CALL_PROPAGATED,0x003b97d0->0x003b7360,hard
0x003b7410,0x003b7410,stub_code,a2,int,Unknown_a0_4_c,DIRECT,CALL_PROPAGATED,0x003b97d0->0x003b7410,hard
0x003b7510,0x003b7510,stub_code,a1,int,Unknown_a0_4_c,DIRECT,CALL_PROPAGATED,0x003b97d0->0x003b7510,hard
0x003b7510,0x003b7510,stub_code,a2,int,Unknown_a0_4_c,DIRECT,CALL_PROPAGATED,0x003b97d0->0x003b7510,hard
0x003b7760,0x003b7760,stub_code,a1,int,Unknown_a0_4_c,DIRECT,CALL_PROPAGATED,0x003b97d0->0x003b7760,hard
0x003b7760,0x003b7760,stub_code,a2,int,Unknown_a0_4_c,DIRECT,CALL_PROPAGATED,0x003b97d0->0x003b7760,hard
0x003fb150,0x003fb150,stub_code,a0,int,ptr,DIRECT,RETURN_PROPAGATED,0x003fb748->0x003fb150,ptr_int
0x003fb748,0x003fb748,stub_code,a0,int,ptr,DIRECT,RETURN_PROPAGATED,0x003fb748->0x003fb748,ptr_int
0x0043a4e8,0x0043a4e8,stub_code,a0,int,ptr,DIRECT,RETURN_PROPAGATED,0x003fb748->0x0043a4e8,ptr_int
0x003fb800,0x003fb800,stub_code,a0,int,ptr,DIRECT,RETURN_PROPAGATED,0x003fb748->0x003fb800,ptr_int
0x003b8520,0x003b8520,,a1,ptr,int,HEURISTIC,CALL_PROPAGATED,0x003b9f10->0x003b8520,ptr_int
0x003b8520,0x003b8520,,a3,ptr,int,HEURISTIC,CALL_PROPAGATED,0x003b9f10->0x003b8520,ptr_int
0x003b8330,0x003b8330,,a1,ptr,int,HEURISTIC,CALL_PROPAGATED,0x003b9f10->0x003b8330,ptr_int
0x003b8330,0x003b8330,,a3,ptr,int,HEURISTIC,CALL_PROPAGATED,0x003b9f10->0x003b8330,ptr_int
0x003b8580,0x003b8580,,a1,ptr,int,HEURISTIC,CALL_PROPAGATED,0x003b9f10->0x003b8580,ptr_int
0x003b8580,0x003b8580,,a3,ptr,int,HEURISTIC,CALL_PROPAGATED,0x003b9f10->0x003b8580,ptr_int
0x003b7f50,0x003b7f50,stub_code,a3,ptr,int,STRUCT_FIELD,CALL_PROPAGATED,0x003b9f10->0x003b7f50,ptr_int
0x003bd520,0x003bd520,,a0,ptr,int,HEURISTIC,CALL_PROPAGATED,0x003ba1a0->0x003bd520,ptr_int
0x003bd520,0x003bd520,,a1,ptr,int,HEURISTIC,CALL_PROPAGATED,0x003ba1a0->0x003bd520,ptr_int
0x003bd520,0x003bd520,,a2,Unknown_a0_0_8,int,CALL_PROPAGATED,CALL_PROPAGATED,0x003ba1a0->0x003bd520,hard
0x003bd520,0x003bd520,,a3,Unknown_a0_0_8,int,CALL_PROPAGATED,CALL_PROPAGATED,0x003ba1a0->0x003bd520,hard
0x003bb2f0,0x003bb2f0,,a1,ptr,int,HEURISTIC,CALL_PROPAGATED,0x003ba1a0->0x003bb2f0,ptr_int
0x003bb2f0,0x003bb2f0,,a2,Unknown_a0_0_8,int,CALL_PROPAGATED,CALL_PROPAGATED,0x003ba1a0->0x003bb2f0,hard
0x003bb2f0,0x003bb2f0,,a3,Unknown_a0_0_8,int,CALL_PROPAGATED,CALL_PROPAGATED,0x003ba1a0->0x003bb2f0,hard
0x003b7250,0x003b7250,stub_code,a1,int,Unknown_a1_0_c,DIRECT,CALL_PROPAGATED,0x003ba370->0x003b7250,hard
0x003bb0a0,0x003bb0a0,stub_code,a0,int,ptr,DIRECT,CALL_PROPAGATED,0x003bae20->0x003bb0a0,ptr_int
0x003bb0a0,0x003bb0a0,stub_code,a1,int,ptr,DIRECT,CALL_PROPAGATED,0x003bae20->0x003bb0a0,ptr_int
0x003bba30,0x003bba30,stub_code,a1,int,ptr,DIRECT,CALL_PROPAGATED,0x003bbce0->0x003bba30,ptr_int
0x0034d950,0x0034d950,stub_code,a1,int,ptr,DIRECT,CALL_PROPAGATED,0x003bd590->0x0034d950,ptr_int
0x00345660,0x00345660,,a1,int,Unknown_a1_80,CALL_PROPAGATED,CALL_PROPAGATED,0x003bdc60->0x00345660,hard
0x00345640,0x00345640,,a1,int,Unknown_a1_80,CALL_PROPAGATED,CALL_PROPAGATED,0x003bdc60->0x00345640,hard
0x003be4f0,0x003be4f0,stub_code,a1,int,ptr,DIRECT,RETURN_PROPAGATED,0x0033f800->0x003be4f0,ptr_int
0x003f7b98,0x003f7b98,,a1,int,ptr,HEURISTIC,RETURN_PROPAGATED,0x0033f800->0x003f7b98,ptr_int
0x003be860,0x003be860,stub_code,a1,int,ptr,DIRECT,RETURN_PROPAGATED,0x0033f800->0x003be860,ptr_int
0x0034d1e0,0x0034d1e0,,a2,ptr,int,HEURISTIC,CALL_PROPAGATED,0x003be580->0x0034d1e0,ptr_int
0x003a9010,0x003a9010,,a2,ptr,int,HEURISTIC,CALL_PROPAGATED,0x003be580->0x003a9010,ptr_int
0x00429f38,0x00429f38,stub_code,a3,int,ptr,DIRECT,CALL_PROPAGATED,0x003beb00->0x00429f38,ptr_int
0x0042bd70,FUN_0042bd70,real_logic,a3,int,ptr,DIRECT,CALL_PROPAGATED,0x003beb00->0x0042bd70,ptr_int
0x003bf4c0,0x003bf4c0,stub_code,a0,int,Unknown_a0_4,DIRECT,CALL_PROPAGATED,0x003bfde0->0x003bf4c0,hard
0x003bf4c0,0x003bf4c0,stub_code,a2,int,Unknown_a0_4,DIRECT,CALL_PROPAGATED,0x003bfde0->0x003bf4c0,hard
0x003bfe90,0x003bfe90,stub_code,a0,int,Unknown_a0_4,DIRECT,CALL_PROPAGATED,0x003bfde0->0x003bfe90,hard
0x003bfc20,0x003bfc20,stub_code,a1,int,ptr,DIRECT,RETURN_PROPAGATED,0x002d4ac0->0x003bfc20,ptr_int
0x003c0620,0x003c0620,stub_code,a1,int,ptr,DIRECT,RETURN_PROPAGATED,0x002d4ac0->0x003c0620,ptr_int
0x0033c120,0x0033c120,stub_code,a1,int,Unknown_a0_4,DIRECT,CALL_PROPAGATED,0x003c0620->0x0033c120,hard
0x003c1050,0x003c1050,stub_code,a0,int,Unknown_a0_4,DIRECT,CALL_PROPAGATED,0x003c0620->0x003c1050,hard
0x003c1050,0x003c1050,stub_code,a1,int,Unknown_a0_4,DIRECT,CALL_PROPAGATED,0x003c0620->0x003c1050,hard
0x0033c170,FUN_0033c170,pseudo_stub,a1,int,Unknown_a0_4,DIRECT,CALL_PROPAGATED,0x003c0620->0x0033c170,hard
0x00372460,0x00372460,,a1,int,Unknown_a0_4,HEURISTIC,CALL_PROPAGATED,0x003c0620->0x00372460,hard
0x003be570,0x003be570,,a1,Unknown_a1_84,int,CALL_PROPAGATED,CALL_PROPAGATED,0x003c0830->0x003be570,hard
0x003be770,0x003be770,,a3,ptr,int,HEURISTIC,CALL_PROPAGATED,0x003c0830->0x003be770,ptr_int
0x003be740,0x003be740,,a3,ptr,int,HEURISTIC,CALL_PROPAGATED,0x003c0830->0x003be740,ptr_int
0x003f2d20,0x003f2d20,stub_code,a0,int,Unknown_a3_0,DIRECT,CALL_PROPAGATED,0x003c1050->0x003f2d20,hard
0x003f2d20,0x003f2d20,stub_code,a2,int,Unknown_a2_0,DIRECT,CALL_PROPAGATED,0x003c1050->0x003f2d20,hard
0x003f2d20,0x003f2d20,stub_code,a3,int,Unknown_a3_0,DIRECT,CALL_PROPAGATED,0x003c1050->0x003f2d20,hard
0x003e74e0,0x003e74e0,stub_code,a0,int,Unknown_a3_0,DIRECT,CALL_PROPAGATED,0x003c1050->0x003e74e0,hard
0x003e74e0,0x003e74e0,stub_code,a2,int,Unknown_a2_0,DIRECT,CALL_PROPAGATED,0x003c1050->0x003e74e0,hard
0x003e74e0,0x003e74e0,stub_code,a3,int,Unknown_a3_0,DIRECT,CALL_PROPAGATED,0x003c1050->0x003e74e0,hard
0x0033c120,0x0033c120,stub_code,a0,int,Unknown_a3_0,DIRECT,CALL_PROPAGATED,0x003c1050->0x0033c120,hard
0x0033c120,0x0033c120,stub_code,a2,int,Unknown_a2_0,DIRECT,CALL_PROPAGATED,0x003c1050->0x0033c120,hard
0x0033c120,0x0033c120,stub_code,a3,int,Unknown_a3_0,DIRECT,CALL_PROPAGATED,0x003c1050->0x0033c120,hard
0x003e4150,0x003e4150,stub_code,a1,int,ptr,DIRECT,RETURN_PROPAGATED,0x003f2d20->0x003e4150,ptr_int
0x003e4150,0x003e4150,stub_code,a2,int,Unknown_a2_0,DIRECT,CALL_PROPAGATED,0x003c1050->0x003e4150,hard
0x003e4150,0x003e4150,stub_code,a3,int,Unknown_a3_0,DIRECT,CALL_PROPAGATED,0x003c1050->0x003e4150,hard
0x003e1300,FUN_003e1300,pseudo_stub,a0,int,ptr,DIRECT,RETURN_PROPAGATED,0x003f2d20->0x003e1300,ptr_int
0x003e1300,FUN_003e1300,pseudo_stub,a1,int,ptr,DIRECT,RETURN_PROPAGATED,0x003f2d20->0x003e1300,ptr_int
0x003e1300,FUN_003e1300,pseudo_stub,a2,int,Unknown_a2_0,DIRECT,CALL_PROPAGATED,0x003c1050->0x003e1300,hard
0x003e1300,FUN_003e1300,pseudo_stub,a3,int,Unknown_a3_0,DIRECT,CALL_PROPAGATED,0x003c1050->0x003e1300,hard
0x003ed1c0,0x003ed1c0,stub_code,a1,int,ptr,DIRECT,RETURN_PROPAGATED,0x003f2d20->0x003ed1c0,ptr_int
0x003ed1c0,0x003ed1c0,stub_code,a2,int,Unknown_a2_0,DIRECT,CALL_PROPAGATED,0x003c1050->0x003ed1c0,hard
0x003ed1c0,0x003ed1c0,stub_code,a3,int,Unknown_a3_0,DIRECT,CALL_PROPAGATED,0x003c1050->0x003ed1c0,hard
0x003c92d0,0x003c92d0,stub_code,a1,int,ptr,DIRECT,RETURN_PROPAGATED,0x003f2d20->0x003c92d0,ptr_int
0x003c92d0,0x003c92d0,stub_code,a2,int,Unknown_a2_0,DIRECT,CALL_PROPAGATED,0x003c1050->0x003c92d0,hard
0x003c92d0,0x003c92d0,stub_code,a3,int,Unknown_a3_0,DIRECT,CALL_PROPAGATED,0x003c1050->0x003c92d0,hard
0x003d8990,0x003d8990,stub_code,a2,int,Unknown_a2_0,DIRECT,CALL_PROPAGATED,0x003c1050->0x003d8990,hard
0x003d8990,0x003d8990,stub_code,a3,int,Unknown_a3_0,DIRECT,CALL_PROPAGATED,0x003c1050->0x003d8990,hard
0x003fb1a8,0x003fb1a8,stub_code,a1,int,ptr,DIRECT,RETURN_PROPAGATED,0x003fb210->0x003fb1a8,ptr_int
0x003fad18,0x003fad18,stub_code,a1,int,ptr,DIRECT,RETURN_PROPAGATED,0x003fb210->0x003fad18,ptr_int
0x003fb8d0,0x003fb8d0,stub_code,a1,int,ptr,DIRECT,RETURN_PROPAGATED,0x003fb210->0x003fb8d0,ptr_int
0x003f2f30,0x003f2f30,,a3,ptr,int,HEURISTIC,CALL_PROPAGATED,0x003c1f70->0x003f2f30,ptr_int
0x003c75f0,0x003c75f0,,a2,ptr,int,HEURISTIC,CALL_PROPAGATED,0x003c2900->0x003c75f0,ptr_int
0x003c75f0,0x003c75f0,,a3,ptr,int,HEURISTIC,CALL_PROPAGATED,0x003c2900->0x003c75f0,ptr_int
0x003fad18,0x003fad18,stub_code,a0,int,Unknown_a0_0,DIRECT,CALL_PROPAGATED,0x003c2900->0x003fad18,hard
0x003fad18,0x003fad18,stub_code,a1,int,Unknown_a1_0,DIRECT,CALL_PROPAGATED,0x003c2900->0x003fad18,hard
0x003fb210,0x003fb210,stub_code,a0,int,Unknown_a0_0,DIRECT,CALL_PROPAGATED,0x003c2900->0x003fb210,hard
0x003fb210,0x003fb210,stub_code,a1,int,Unknown_a1_0,DIRECT,CALL_PROPAGATED,0x003c2900->0x003fb210,hard
0x003fb498,0x003fb498,stub_code,a1,int,Unknown_a1_0,DIRECT,CALL_PROPAGATED,0x003c2900->0x003fb498,hard
0x003eceb0,0x003eceb0,stub_code,a3,int,Unknown_a3_0,DIRECT,CALL_PROPAGATED,0x003c2a00->0x003eceb0,hard
0x003c1000,0x003c1000,stub_code,a3,int,Unknown_a3_0,DIRECT,CALL_PROPAGATED,0x003c2a00->0x003c1000,hard
0x003f2f30,0x003f2f30,,a2,ptr,int,HEURISTIC,CALL_PROPAGATED,0x003c2a00->0x003f2f30,ptr_int
0x003f2f30,0x003f2f30,,a3,int,Unknown_a3_0,CALL_PROPAGATED,CALL_PROPAGATED,0x003c2a00->0x003f2f30,hard
0x003d8610,0x003d8610,stub_code,a3,int,Unknown_a3_0,DIRECT,CALL_PROPAGATED,0x003c2a00->0x003d8610,hard
0x003c2a00,0x003c2a00,stub_code,a0,int,Unknown_a0_20,DIRECT,CALL_PROPAGATED,0x003c2af0->0x003c2a00,hard
0x003c2a00,0x003c2a00,stub_code,a3,Unknown_a3_0,int,DIRECT,CALL_PROPAGATED,0x003c2af0->0x003c2a00,hard
0x003c11c0,0x003c11c0,stub_code,a0,int,Unknown_a0_20,DIRECT,CALL_PROPAGATED,0x003c2af0->0x003c11c0,hard
0x003c11c0,0x003c11c0,stub_code,a1,Unknown_a1_0_4_c,int,DIRECT,CALL_PROPAGATED,0x003c2af0->0x003c11c0,hard
0x003c3110,0x003c3110,stub_code,a0,int,Unknown_a0_20,DIRECT,CALL_PROPAGATED,0x003c2af0->0x003c3110,hard
0x003d88b0,0x003d88b0,stub_code,a0,int,Unknown_a0_20,DIRECT,CALL_PROPAGATED,0x003c2af0->0x003d88b0,hard
0x003c11c0,0x003c11c0,stub_code,a0,int,ptr,DIRECT,CALL_PROPAGATED,0x003c2b70->0x003c11c0,ptr_int
0x003d8610,0x003d8610,stub_code,a0,int,ptr,DIRECT,CALL_PROPAGATED,0x003c31f0->0x003d8610,ptr_int
0x003d8610,0x003d8610,stub_code,a3,int,ptr,DIRECT,CALL_PROPAGATED,0x003c31f0->0x003d8610,ptr_int
0x003c1000,0x003c1000,stub_code,a3,int,ptr,DIRECT,CALL_PROPAGATED,0x003c31f0->0x003c1000,ptr_int
0x003eaca0,0x003eaca0,stub_code,a3,int,ptr,DIRECT,CALL_PROPAGATED,0x003c31f0->0x003eaca0,ptr_int
0x003c39d0,0x003c39d0,stub_code,a3,int,ptr,DIRECT,CALL_PROPAGATED,0x003c31f0->0x003c39d0,ptr_int
0x003c1000,0x003c1000,stub_code,a2,int,Unknown_a2_0,DIRECT,CALL_PROPAGATED,0x003c42d0->0x003c1000,hard
0x003f2f30,0x003f2f30,,a2,int,Unknown_a2_0,CALL_PROPAGATED,CALL_PROPAGATED,0x003c42d0->0x003f2f30,hard
0x003f2f30,0x003f2f30,,a0,int,ptr,HEURISTIC,RETURN_PROPAGATED,0x003fad18->0x003f2f30,ptr_int
0x003c42d0,0x003c42d0,stub_code,a2,Unknown_a2_0,int,DIRECT,CALL_PROPAGATED,0x003c4f60->0x003c42d0,hard
0x003c8830,0x003c8830,stub_code,a3,Unknown_a3_0,int,DIRECT,CALL_PROPAGATED,0x003c5740->0x003c8830,hard
0x003eceb0,0x003eceb0,stub_code,a2,int,Unknown_a2_0,DIRECT,CALL_PROPAGATED,0x003c6630->0x003eceb0,hard
0x003edb50,0x003edb50,stub_code,a1,Unknown_a1_1,Unknown_a2_0,DIRECT,CALL_PROPAGATED,0x003c6630->0x003edb50,hard
0x003edb50,0x003edb50,stub_code,a2,int,Unknown_a2_0,DIRECT,CALL_PROPAGATED,0x003c6630->0x003edb50,hard
0x003eceb0,0x003eceb0,stub_code,a1,int,Unknown_a2_0,DIRECT,CALL_PROPAGATED,0x003c6630->0x003eceb0,hard
0x003eac30,0x003eac30,stub_code,a1,int,Unknown_a2_0,DIRECT,CALL_PROPAGATED,0x003c6630->0x003eac30,hard
0x003eac30,0x003eac30,stub_code,a2,int,Unknown_a2_0,DIRECT,CALL_PROPAGATED,0x003c6630->0x003eac30,hard
0x003c11c0,0x003c11c0,stub_code,a2,Unknown_a2_0,int,DIRECT,CALL_PROPAGATED,0x003c6b00->0x003c11c0,hard
0x003c1000,0x003c1000,stub_code,a0,ptr,int,HEURISTIC,CALL_PROPAGATED,0x003c6d90->0x003c1000,ptr_int
0x0033eb00,0x0033eb00,,a0,Unknown_a0_0_18_30_34_54,int,CALL_PROPAGATED,CALL_PROPAGATED,0x003c6f70->0x0033eb00,hard
0x0033eb00,0x0033eb00,,a1,ptr,int,HEURISTIC,CALL_PROPAGATED,0x003c6f70->0x0033eb00,ptr_int
0x0033eb00,0x0033eb00,,a2,ptr,int,HEURISTIC,CALL_PROPAGATED,0x003c6f70->0x0033eb00,ptr_int
0x003c7400,0x003c7400,stub_code,a0,int,ptr,DIRECT,RETURN_PROPAGATED,0x0033c120->0x003c7400,ptr_int
0x003c51a0,0x003c51a0,,a1,ptr,int,HEURISTIC,CALL_PROPAGATED,0x003c7c80->0x003c51a0,ptr_int
0x003c51a0,0x003c51a0,,a2,int,Unknown_a2_0,HEURISTIC,CALL_PROPAGATED,0x003c8280->0x003c51a0,hard
0x003fad18,0x003fad18,stub_code,a2,int,Unknown_a2_0,DIRECT,CALL_PROPAGATED,0x003c8280->0x003fad18,hard
0x003ed040,0x003ed040,stub_code,a3,int,Unknown_a3_0,DIRECT,CALL_PROPAGATED,0x003c8830->0x003ed040,hard
0x003c6630,0x003c6630,stub_code,a3,int,Unknown_a3_0,DIRECT,CALL_PROPAGATED,0x003c8830->0x003c6630,hard
0x003ed9d0,0x003ed9d0,stub_code,a2,int,ptr,DIRECT,CALL_PROPAGATED,0x003c8ee0->0x003ed9d0,ptr_int
0x003e3dc0,0x003e3dc0,stub_code,a2,int,ptr,DIRECT,CALL_PROPAGATED,0x003c8ee0->0x003e3dc0,ptr_int
0x003e4100,0x003e4100,stub_code,a2,int,ptr,DIRECT,CALL_PROPAGATED,0x003c8ee0->0x003e4100,ptr_int
0x003d88b0,0x003d88b0,stub_code,a2,int,ptr,DIRECT,CALL_PROPAGATED,0x003c8ee0->0x003d88b0,ptr_int
0x003ec5c0,0x003ec5c0,stub_code,a2,int,ptr,DIRECT,CALL_PROPAGATED,0x003c8ee0->0x003ec5c0,ptr_int
0x003c8ee0,0x003c8ee0,stub_code,a2,ptr,int,STRUCT_FIELD,CALL_PROPAGATED,0x003c92d0->0x003c8ee0,ptr_int
0x003ce5a0,0x003ce5a0,stub_code,a2,int,ptr,DIRECT,RETURN_PROPAGATED,0x00429538->0x003ce5a0,ptr_int
0x003c1000,0x003c1000,stub_code,a2,int,ptr,DIRECT,RETURN_PROPAGATED,0x00429538->0x003c1000,ptr_int
0x003ce6c0,0x003ce6c0,stub_code,a2,int,ptr,DIRECT,RETURN_PROPAGATED,0x00429538->0x003ce6c0,ptr_int
0x003ce5a0,0x003ce5a0,stub_code,a1,int,ptr,DIRECT,RETURN_PROPAGATED,0x003fb8d0->0x003ce5a0,ptr_int
0x003ce720,0x003ce720,stub_code,a1,int,ptr,DIRECT,RETURN_PROPAGATED,0x003fb8d0->0x003ce720,ptr_int
0x0033eb70,0x0033eb70,stub_code,a0,int,ptr,DIRECT,RETURN_PROPAGATED,0x003fb8d0->0x0033eb70,ptr_int
0x003c7670,0x003c7670,,a0,int,ptr,HEURISTIC,RETURN_PROPAGATED,0x003c75f0->0x003c7670,ptr_int
0x003c7670,0x003c7670,,a1,ptr,int,HEURISTIC,CALL_PROPAGATED,0x003cde20->0x003c7670,ptr_int
0x003c7670,0x003c7670,,a2,ptr,int,HEURISTIC,CALL_PROPAGATED,0x003cde20->0x003c7670,ptr_int
0x003c7670,0x003c7670,,a3,ptr,int,HEURISTIC,CALL_PROPAGATED,0x003cde20->0x003c7670,ptr_int
0x0033e990,0x0033e990,stub_code,a0,int,ptr,DIRECT,RETURN_PROPAGATED,0x00429068->0x0033e990,ptr_int
0x003e8190,0x003e8190,stub_code,a0,int,ptr,DIRECT,RETURN_PROPAGATED,0x003eceb0->0x003e8190,ptr_int
0x003e74e0,0x003e74e0,stub_code,a0,int,ptr,DIRECT,RETURN_PROPAGATED,0x003eceb0->0x003e74e0,ptr_int
0x003e3810,0x003e3810,stub_code,a0,int,ptr,DIRECT,RETURN_PROPAGATED,0x003eceb0->0x003e3810,ptr_int
0x003eceb0,0x003eceb0,stub_code,a2,int,ptr,DIRECT,RETURN_PROPAGATED,0x003eceb0->0x003eceb0,ptr_int
0x003d8520,0x003d8520,stub_code,a0,ptr,int,STRUCT_FIELD,CALL_PROPAGATED,0x003ceb80->0x003d8520,ptr_int
0x003ed1c0,0x003ed1c0,stub_code,a0,Unknown_a0_0,int,DIRECT,RETURN_PROPAGATED,0x0042d770->0x003ed1c0,hard
0x003ed1c0,0x003ed1c0,stub_code,a2,int,ptr,DIRECT,RETURN_PROPAGATED,0x003eceb0->0x003ed1c0,ptr_int
0x003ed040,0x003ed040,stub_code,a1,int,Unknown_a1_3d,DIRECT,CALL_PROPAGATED,0x003cf900->0x003ed040,hard
0x003ed040,0x003ed040,stub_code,a1,int,Unknown_a1_10,DIRECT,CALL_PROPAGATED,0x003cff10->0x003ed040,hard
0x003ebb50,0x003ebb50,stub_code,a1,int,Unknown_a1_10,DIRECT,CALL_PROPAGATED,0x003cff10->0x003ebb50,hard
0x003d8520,0x003d8520,stub_code,a1,int,Unknown_a1_10,DIRECT,CALL_PROPAGATED,0x003cff10->0x003d8520,hard
0x0042d770,FUN_0042d770,real_logic,a1,ptr,int,STRUCT_FIELD,CALL_PROPAGATED,0x003d0100->0x0042d770,ptr_int
0x003eceb0,0x003eceb0,stub_code,a0,int,Unknown_a0_c,DIRECT,CALL_PROPAGATED,0x003d0690->0x003eceb0,hard
0x003ed040,0x003ed040,stub_code,a0,int,Unknown_a0_c,DIRECT,CALL_PROPAGATED,0x003d0690->0x003ed040,hard
0x003ec060,0x003ec060,,a1,ptr,int,HEURISTIC,CALL_PROPAGATED,0x003d0690->0x003ec060,ptr_int
0x003ec060,0x003ec060,,a2,ptr,int,HEURISTIC,CALL_PROPAGATED,0x003d0690->0x003ec060,ptr_int
0x003d8310,0x003d8310,,a2,int,ptr,HEURISTIC,RETURN_PROPAGATED,0x003c3110->0x003d8310,ptr_int
0x003d8520,0x003d8520,stub_code,a2,int,Unknown_a2_0,DIRECT,CALL_PROPAGATED,0x003d2a80->0x003d8520,hard
0x003fb150,0x003fb150,stub_code,a2,int,Unknown_a2_0,DIRECT,CALL_PROPAGATED,0x003d2a80->0x003fb150,hard
0x003fb498,0x003fb498,stub_code,a2,int,Unknown_a2_0,DIRECT,CALL_PROPAGATED,0x003d2a80->0x003fb498,hard
0x003fb8d0,0x003fb8d0,stub_code,a2,int,Unknown_a2_0,DIRECT,CALL_PROPAGATED,0x003d2a80->0x003fb8d0,hard
0x00237c90,0x00237c90,stub_code,a2,int,Unknown_a2_0,DIRECT,CALL_PROPAGATED,0x003d2a80->0x00237c90,hard
0x00237ce0,0x00237ce0,stub_code,a2,int,Unknown_a2_0,DIRECT,CALL_PROPAGATED,0x003d2a80->0x00237ce0,hard
0x003cff10,0x003cff10,stub_code,a1,Unknown_a1_10,int,DIRECT,CALL_PROPAGATED,0x003d2da0->0x003cff10,hard
0x003cff10,0x003cff10,stub_code,a2,int,ptr,DIRECT,CALL_PROPAGATED,0x003d3150->0x003cff10,ptr_int
0x003cff10,0x003cff10,stub_code,a3,int,ptr,DIRECT,CALL_PROPAGATED,0x003d3150->0x003cff10,ptr_int
0x003e8190,0x003e8190,stub_code,a2,int,ptr,DIRECT,CALL_PROPAGATED,0x003d3150->0x003e8190,ptr_int
0x003e8190,0x003e8190,stub_code,a3,int,ptr,DIRECT,CALL_PROPAGATED,0x003d3150->0x003e8190,ptr_int
0x003d5950,0x003d5950,stub_code,a1,Unknown_a1_3d,int,DIRECT,CALL_PROPAGATED,0x003d32c0->0x003d5950,hard
0x003c11c0,0x003c11c0,stub_code,a1,Unknown_a1_0_4_c,Unknown_a1_3d,DIRECT,CALL_PROPAGATED,0x003d3310->0x003c11c0,hard
0x003c3110,0x003c3110,stub_code,a1,int,Unknown_a1_3d,DIRECT,CALL_PROPAGATED,0x003d3310->0x003c3110,hard
0x003d36c0,0x003d36c0,stub_code,a3,ptr,int,STRUCT_FIELD,CALL_PROPAGATED,0x003d3310->0x003d36c0,ptr_int
0x003fad18,0x003fad18,stub_code,a2,int,ptr,DIRECT,CALL_PROPAGATED,0x003d36c0->0x003fad18,ptr_int
0x00237c70,0x00237c70,stub_code,a2,int,ptr,DIRECT,CALL_PROPAGATED,0x003d36c0->0x00237c70,ptr_int
0x00237c70,0x00237c70,stub_code,a3,int,ptr,DIRECT,CALL_PROPAGATED,0x003d36c0->0x00237c70,ptr_int
0x003c3110,0x003c3110,stub_code,a2,int,ptr,DIRECT,CALL_PROPAGATED,0x003d36c0->0x003c3110,ptr_int
0x003c3110,0x003c3110,stub_code,a3,int,ptr,DIRECT,CALL_PROPAGATED,0x003d36c0->0x003c3110,ptr_int
0x003d88b0,0x003d88b0,stub_code,a3,int,ptr,DIRECT,CALL_PROPAGATED,0x003d36c0->0x003d88b0,ptr_int
0x003e4150,0x003e4150,stub_code,a0,Unknown_a0_20,int,DIRECT,CALL_PROPAGATED,0x003d4570->0x003e4150,hard
0x003d61b0,0x003d61b0,stub_code,a1,Unknown_a1_c,Unknown_a1_34,DIRECT,CALL_PROPAGATED,0x003d4800->0x003d61b0,hard
0x003ec9e0,0x003ec9e0,stub_code,a2,int,Unknown_a1_34,DIRECT,CALL_PROPAGATED,0x003d4ae0->0x003ec9e0,hard
0x003d61b0,0x003d61b0,stub_code,a2,Unknown_a2_c,Unknown_a1_34,DIRECT,CALL_PROPAGATED,0x003d4ae0->0x003d61b0,hard
0x003d3150,0x003d3150,stub_code,a3,ptr,int,STRUCT_FIELD,CALL_PROPAGATED,0x003d5c30->0x003d3150,ptr_int
0x003c2900,0x003c2900,stub_code,a0,Unknown_a0_0,Unknown_a1_c,DIRECT,CALL_PROPAGATED,0x003d61b0->0x003c2900,hard
0x003c2900,0x003c2900,stub_code,a1,Unknown_a1_0,Unknown_a2_c,DIRECT,CALL_PROPAGATED,0x003d61b0->0x003c2900,hard
0x003c2900,0x003c2900,stub_code,a2,int,Unknown_a2_c,DIRECT,CALL_PROPAGATED,0x003d61b0->0x003c2900,hard
0x003eceb0,0x003eceb0,stub_code,a0,int,Unknown_a1_c,DIRECT,CALL_PROPAGATED,0x003d61b0->0x003eceb0,hard
0x003eceb0,0x003eceb0,stub_code,a1,int,Unknown_a2_c,DIRECT,CALL_PROPAGATED,0x003d61b0->0x003eceb0,hard
0x003eceb0,0x003eceb0,stub_code,a2,int,Unknown_a2_c,DIRECT,CALL_PROPAGATED,0x003d61b0->0x003eceb0,hard
0x003c1000,0x003c1000,stub_code,a2,int,Unknown_a2_c,DIRECT,CALL_PROPAGATED,0x003d61b0->0x003c1000,hard
0x003d8310,0x003d8310,,a0,ptr,int,HEURISTIC,CALL_PROPAGATED,0x003d6610->0x003d8310,ptr_int
0x00237ce0,0x00237ce0,stub_code,a1,int,ptr,DIRECT,RETURN_PROPAGATED,0x0043a490->0x00237ce0,ptr_int
0x003c2cf0,0x003c2cf0,,a3,int,Unknown_a3_0,CALL_PROPAGATED,CALL_PROPAGATED,0x003d6e10->0x003c2cf0,hard
0x003d6610,0x003d6610,stub_code,a3,int,Unknown_a3_0,DIRECT,CALL_PROPAGATED,0x003d6e10->0x003d6610,hard
0x003d6e10,0x003d6e10,stub_code,a0,Unknown_a0_50,int,DIRECT,CALL_PROPAGATED,0x003d6f40->0x003d6e10,hard
0x003d6e10,0x003d6e10,stub_code,a2,Unknown_a2_0,int,DIRECT,CALL_PROPAGATED,0x003d6f40->0x003d6e10,hard
0x003d6e10,0x003d6e10,stub_code,a3,Unknown_a3_0,int,DIRECT,CALL_PROPAGATED,0x003d6f40->0x003d6e10,hard
0x003eceb0,0x003eceb0,stub_code,a2,int,Unknown_a2_8,DIRECT,CALL_PROPAGATED,0x003d77b0->0x003eceb0,hard
0x003ceb80,0x003ceb80,stub_code,a2,int,Unknown_a2_8,DIRECT,CALL_PROPAGATED,0x003d77b0->0x003ceb80,hard
0x003c1000,0x003c1000,stub_code,a2,int,Unknown_a2_8,DIRECT,CALL_PROPAGATED,0x003d77b0->0x003c1000,hard
0x003e8190,0x003e8190,stub_code,a2,int,Unknown_a2_8,DIRECT,CALL_PROPAGATED,0x003d77b0->0x003e8190,hard
0x003cff10,0x003cff10,stub_code,a2,int,Unknown_a2_8,DIRECT,CALL_PROPAGATED,0x003d77b0->0x003cff10,hard
0x003ed040,0x003ed040,stub_code,a2,int,Unknown_a2_8,DIRECT,CALL_PROPAGATED,0x003d77b0->0x003ed040,hard
0x003edc40,0x003edc40,stub_code,a2,int,Unknown_a2_8,DIRECT,CALL_PROPAGATED,0x003d77b0->0x003edc40,hard
0x003e6920,0x003e6920,stub_code,a1,int,Unknown_a2_8,DIRECT,CALL_PROPAGATED,0x003d77b0->0x003e6920,hard
0x003e6920,0x003e6920,stub_code,a2,int,Unknown_a2_8,DIRECT,CALL_PROPAGATED,0x003d77b0->0x003e6920,hard
0x0033c170,FUN_0033c170,pseudo_stub,a1,int,Unknown_a1_0,DIRECT,CALL_PROPAGATED,0x003d8990->0x0033c170,hard
0x00428998,0x00428998,,a1,Unknown_a0_0_1c,Unknown_a1_0,CALL_PROPAGATED,CALL_PROPAGATED,0x003d8990->0x00428998,hard
0x003d9c70,0x003d9c70,stub_code,a0,ptr,int,STRUCT_FIELD,CALL_PROPAGATED,0x003d9060->0x003d9c70,ptr_int
0x003d9c70,0x003d9c70,stub_code,a3,ptr,int,STRUCT_FIELD,CALL_PROPAGATED,0x003d9060->0x003d9c70,ptr_int
0x003de110,0x003de110,stub_code,a0,int,ptr,DIRECT,RETURN_PROPAGATED,0x003fad18->0x003de110,ptr_int
0x003ec880,0x003ec880,,a1,ptr,int,HEURISTIC,CALL_PROPAGATED,0x003d98d0->0x003ec880,ptr_int
0x003ec880,0x003ec880,,a3,ptr,int,HEURISTIC,CALL_PROPAGATED,0x003d98d0->0x003ec880,ptr_int
0x003c11c0,0x003c11c0,stub_code,a3,int,ptr,DIRECT,CALL_PROPAGATED,0x003d9c70->0x003c11c0,ptr_int
0x003d98d0,0x003d98d0,stub_code,a1,int,ptr,DIRECT,CALL_PROPAGATED,0x003d9fc0->0x003d98d0,ptr_int
0x003eceb0,0x003eceb0,stub_code,a0,int,ptr,DIRECT,CALL_PROPAGATED,0x003da0e0->0x003eceb0,ptr_int
0x003ec0d0,0x003ec0d0,stub_code,a1,int,Unknown_a0_10,DIRECT,CALL_PROPAGATED,0x003da270->0x003ec0d0,hard
0x003eceb0,0x003eceb0,stub_code,a1,int,Unknown_a0_10,DIRECT,CALL_PROPAGATED,0x003da270->0x003eceb0,hard
0x003e6560,0x003e6560,stub_code,a2,int,ptr,DIRECT,RETURN_PROPAGATED,0x003eceb0->0x003e6560,ptr_int
0x003db2f0,0x003db2f0,stub_code,a2,int,ptr,DIRECT,RETURN_PROPAGATED,0x003eceb0->0x003db2f0,ptr_int
0x003c11c0,0x003c11c0,stub_code,a0,int,Unknown_a1_14,DIRECT,CALL_PROPAGATED,0x003da560->0x003c11c0,hard
0x003c11c0,0x003c11c0,stub_code,a1,Unknown_a1_0_4_c,Unknown_a1_14,DIRECT,CALL_PROPAGATED,0x003da560->0x003c11c0,hard
0x003c2b70,0x003c2b70,stub_code,a1,int,Unknown_a1_14,DIRECT,CALL_PROPAGATED,0x003da560->0x003c2b70,hard
0x003c2b70,0x003c2b70,stub_code,a3,ptr,int,STRUCT_FIELD,CALL_PROPAGATED,0x003da560->0x003c2b70,ptr_int
0x003eceb0,0x003eceb0,stub_code,a0,int,Unknown_a0_20,DIRECT,CALL_PROPAGATED,0x003da670->0x003eceb0,hard
0x003da560,0x003da560,stub_code,a0,int,Unknown_a0_20,DIRECT,CALL_PROPAGATED,0x003da670->0x003da560,hard
0x003da560,0x003da560,stub_code,a1,Unknown_a1_14,int,DIRECT,CALL_PROPAGATED,0x003da670->0x003da560,hard
0x003d98d0,0x003d98d0,stub_code,a0,ptr,int,STRUCT_FIELD,CALL_PROPAGATED,0x003da860->0x003d98d0,ptr_int
0x003eceb0,0x003eceb0,stub_code,a1,int,Unknown_a1_3d,DIRECT,CALL_PROPAGATED,0x003dadf0->0x003eceb0,hard
0x0042d770,FUN_0042d770,real_logic,a0,Unknown_a0_0_8,int,DIRECT,RETURN_PROPAGATED,0x0042d770->0x0042d770,hard
0x003debf0,0x003debf0,stub_code,a1,int,Unknown_a1_0_4_8_f,DIRECT,CALL_PROPAGATED,0x003db0d0->0x003debf0,hard
0x003eceb0,0x003eceb0,stub_code,a0,int,Unknown_a1_0_4_8_f,DIRECT,CALL_PROPAGATED,0x003db0d0->0x003eceb0,hard
0x003eceb0,0x003eceb0,stub_code,a1,int,Unknown_a0_3d,DIRECT,CALL_PROPAGATED,0x003db4c0->0x003eceb0,hard
0x003e1200,0x003e1200,stub_code,a1,int,Unknown_a0_3d,DIRECT,CALL_PROPAGATED,0x003db4c0->0x003e1200,hard
0x003ebfc0,0x003ebfc0,,a1,int,ptr,CALL_PROPAGATED,CALL_PROPAGATED,0x003db8d0->0x003ebfc0,ptr_int
0x003eceb0,0x003eceb0,stub_code,a1,int,ptr,DIRECT,CALL_PROPAGATED,0x003db8d0->0x003eceb0,ptr_int
0x003d88b0,0x003d88b0,stub_code,a0,int,ptr,DIRECT,CALL_PROPAGATED,0x003dba50->0x003d88b0,ptr_int
0x003e9580,0x003e9580,stub_code,a2,int,ptr,DIRECT,CALL_PROPAGATED,0x003dba50->0x003e9580,ptr_int
0x003e9580,0x003e9580,stub_code,a3,int,ptr,DIRECT,CALL_PROPAGATED,0x003dba50->0x003e9580,ptr_int
0x003d9fc0,0x003d9fc0,stub_code,a2,int,ptr,DIRECT,CALL_PROPAGATED,0x003dba50->0x003d9fc0,ptr_int
0x003d9fc0,0x003d9fc0,stub_code,a3,int,ptr,DIRECT,CALL_PROPAGATED,0x003dba50->0x003d9fc0,ptr_int
0x003dcd00,0x003dcd00,stub_code,a2,int,ptr,DIRECT,CALL_PROPAGATED,0x003dba50->0x003dcd00,ptr_int
0x003dcd00,0x003dcd00,stub_code,a3,int,ptr,DIRECT,CALL_PROPAGATED,0x003dba50->0x003dcd00,ptr_int
0x003eceb0,0x003eceb0,stub_code,a3,int,ptr,DIRECT,CALL_PROPAGATED,0x003dba50->0x003eceb0,ptr_int
0x003df5a0,0x003df5a0,stub_code,a0,int,ptr,DIRECT,CALL_PROPAGATED,0x003dba50->0x003df5a0,ptr_int
0x003df5a0,0x003df5a0,stub_code,a2,int,ptr,DIRECT,CALL_PROPAGATED,0x003dba50->0x003df5a0,ptr_int
0x003df5a0,0x003df5a0,stub_code,a3,int,ptr,DIRECT,CALL_PROPAGATED,0x003dba50->0x003df5a0,ptr_int
0x003ebfc0,0x003ebfc0,,a2,int,ptr,CALL_PROPAGATED,CALL_PROPAGATED,0x003dba50->0x003ebfc0,ptr_int
0x003ebfc0,0x003ebfc0,,a3,int,ptr,CALL_PROPAGATED,CALL_PROPAGATED,0x003dba50->0x003ebfc0,ptr_int
0x003ebb50,0x003ebb50,stub_code,a2,int,ptr,DIRECT,CALL_PROPAGATED,0x003dba50->0x003ebb50,ptr_int
0x003ebb50,0x003ebb50,stub_code,a3,int,ptr,DIRECT,CALL_PROPAGATED,0x003dba50->0x003ebb50,ptr_int
0x003da670,0x003da670,stub_code,a3,int,ptr,DIRECT,CALL_PROPAGATED,0x003dba50->0x003da670,ptr_int
0x003da670,0x003da670,stub_code,a0,Unknown_a0_20,Unknown_a0_3d,DIRECT,CALL_PROPAGATED,0x003dbd30->0x003da670,hard
0x003fad18,0x003fad18,stub_code,a0,int,Unknown_a0_3d,DIRECT,CALL_PROPAGATED,0x003dbd30->0x003fad18,hard
0x003fb210,0x003fb210,stub_code,a0,int,Unknown_a0_3d,DIRECT,CALL_PROPAGATED,0x003dbd30->0x003fb210,hard
0x00237c90,0x00237c90,stub_code,a0,int,Unknown_a0_3d,DIRECT,CALL_PROPAGATED,0x003dbd30->0x00237c90,hard
0x003f2f30,0x003f2f30,,a0,int,Unknown_a1_3d,CALL_PROPAGATED,CALL_PROPAGATED,0x003dc040->0x003f2f30,hard
0x003db4c0,0x003db4c0,stub_code,a3,ptr,int,STRUCT_FIELD,CALL_PROPAGATED,0x003dc040->0x003db4c0,ptr_int
0x003dcd00,0x003dcd00,stub_code,a0,Unknown_a0_3d,int,DIRECT,CALL_PROPAGATED,0x003dc1e0->0x003dcd00,hard
0x003e13e0,0x003e13e0,,a1,ptr,int,CALL_PROPAGATED,CALL_PROPAGATED,0x003dc4c0->0x003e13e0,ptr_int
0x003e13e0,0x003e13e0,,a2,ptr,int,HEURISTIC,CALL_PROPAGATED,0x003dc4c0->0x003e13e0,ptr_int
0x003df610,0x003df610,,a1,ptr,int,CALL_PROPAGATED,CALL_PROPAGATED,0x003dc4c0->0x003df610,ptr_int
0x003df610,0x003df610,,a2,ptr,int,HEURISTIC,CALL_PROPAGATED,0x003dc4c0->0x003df610,ptr_int
0x003e4bd0,0x003e4bd0,stub_code,a0,int,ptr,DIRECT,CALL_PROPAGATED,0x003dc5c0->0x003e4bd0,ptr_int
0x003ebea0,FUN_003ebea0,pseudo_stub,a2,Unknown_a2_0,int,DIRECT,CALL_PROPAGATED,0x003dc5c0->0x003ebea0,hard
0x003ebea0,FUN_003ebea0,pseudo_stub,a0,Unknown_a0_0,int,DIRECT,CALL_PROPAGATED,0x003dc840->0x003ebea0,hard
0x003ebea0,FUN_003ebea0,pseudo_stub,a1,int,ptr,DIRECT,CALL_PROPAGATED,0x003dc840->0x003ebea0,ptr_int
0x003ebb50,0x003ebb50,stub_code,a1,int,ptr,DIRECT,CALL_PROPAGATED,0x003dc840->0x003ebb50,ptr_int
0x003d9b60,0x003d9b60,stub_code,a1,int,Unknown_a1_34,DIRECT,CALL_PROPAGATED,0x003dcbb0->0x003d9b60,hard
0x003db4c0,0x003db4c0,stub_code,a1,int,ptr,DIRECT,CALL_PROPAGATED,0x003dd2d0->0x003db4c0,ptr_int
0x003db4c0,0x003db4c0,stub_code,a2,int,ptr,DIRECT,CALL_PROPAGATED,0x003dd2d0->0x003db4c0,ptr_int
0x003ecd40,0x003ecd40,stub_code,a0,int,ptr,DIRECT,CALL_PROPAGATED,0x003dd2d0->0x003ecd40,ptr_int
0x003ecd40,0x003ecd40,stub_code,a1,int,ptr,DIRECT,CALL_PROPAGATED,0x003dd2d0->0x003ecd40,ptr_int
0x003ecd40,0x003ecd40,stub_code,a2,int,ptr,DIRECT,CALL_PROPAGATED,0x003dd2d0->0x003ecd40,ptr_int
0x003ecd40,0x003ecd40,stub_code,a3,int,ptr,DIRECT,CALL_PROPAGATED,0x003dd2d0->0x003ecd40,ptr_int
0x003db4c0,0x003db4c0,stub_code,a0,Unknown_a0_3d,Unknown_a1_4_28,DIRECT,CALL_PROPAGATED,0x003dd460->0x003db4c0,hard
0x003db4c0,0x003db4c0,stub_code,a1,int,Unknown_a1_4_28,DIRECT,CALL_PROPAGATED,0x003dd460->0x003db4c0,hard
0x003ecd40,0x003ecd40,stub_code,a1,int,Unknown_a1_4_28,DIRECT,CALL_PROPAGATED,0x003dd460->0x003ecd40,hard
0x003ebb50,0x003ebb50,stub_code,a1,int,Unknown_a1_4_28,DIRECT,CALL_PROPAGATED,0x003dd460->0x003ebb50,hard
0x003e4070,0x003e4070,stub_code,a0,Unknown_a0_4_24,Unknown_a0_0_4_8,DIRECT,CALL_PROPAGATED,0x003dd5b0->0x003e4070,hard
0x003e4070,0x003e4070,stub_code,a1,int,ptr,DIRECT,CALL_PROPAGATED,0x003dd5b0->0x003e4070,ptr_int
0x003e4070,0x003e4070,stub_code,a2,int,Unknown_a0_0_4_8,DIRECT,CALL_PROPAGATED,0x003dd5b0->0x003e4070,hard
0x003e4070,0x003e4070,stub_code,a3,int,Unknown_a0_0_4_8,DIRECT,CALL_PROPAGATED,0x003dd5b0->0x003e4070,hard
0x003ebb50,0x003ebb50,stub_code,a0,int,ptr,DIRECT,CALL_PROPAGATED,0x003dd5b0->0x003ebb50,ptr_int
0x003ebb50,0x003ebb50,stub_code,a2,int,Unknown_a0_0_4_8,DIRECT,CALL_PROPAGATED,0x003dd5b0->0x003ebb50,hard
0x003ebb50,0x003ebb50,stub_code,a3,int,Unknown_a0_0_4_8,DIRECT,CALL_PROPAGATED,0x003dd5b0->0x003ebb50,hard
0x003de0a0,0x003de0a0,stub_code,a0,Unknown_a0_4,int,DIRECT,CALL_PROPAGATED,0x003dd6b0->0x003de0a0,hard
0x003de0a0,0x003de0a0,stub_code,a2,int,Unknown_a2_17,DIRECT,CALL_PROPAGATED,0x003dd6b0->0x003de0a0,hard
0x003eba10,0x003eba10,stub_code,a2,int,Unknown_a2_17,DIRECT,CALL_PROPAGATED,0x003dd6b0->0x003eba10,hard
0x003ec2b0,0x003ec2b0,,a1,ptr,int,HEURISTIC,CALL_PROPAGATED,0x003ddb40->0x003ec2b0,ptr_int
0x003ec2b0,0x003ec2b0,,a2,int,Unknown_a2_20,CALL_PROPAGATED,CALL_PROPAGATED,0x003ddb40->0x003ec2b0,hard
0x003ebf30,0x003ebf30,stub_code,a1,int,ptr,DIRECT,CALL_PROPAGATED,0x003ddf10->0x003ebf30,ptr_int
0x003e80d0,0x003e80d0,stub_code,a0,int,ptr,DIRECT,CALL_PROPAGATED,0x003ddf10->0x003e80d0,ptr_int
0x003ed7e0,0x003ed7e0,stub_code,a0,int,ptr,DIRECT,CALL_PROPAGATED,0x003ddf10->0x003ed7e0,ptr_int
0x003ed7e0,0x003ed7e0,stub_code,a1,int,ptr,DIRECT,CALL_PROPAGATED,0x003ddf10->0x003ed7e0,ptr_int
0x003e1470,0x003e1470,,a1,ptr,int,HEURISTIC,CALL_PROPAGATED,0x003de0a0->0x003e1470,ptr_int
0x003e1470,0x003e1470,,a2,ptr,int,HEURISTIC,CALL_PROPAGATED,0x003de0a0->0x003e1470,ptr_int
0x003e1470,0x003e1470,,a3,ptr,int,HEURISTIC,CALL_PROPAGATED,0x003de0a0->0x003e1470,ptr_int
0x003df690,0x003df690,,a1,ptr,int,HEURISTIC,CALL_PROPAGATED,0x003de0a0->0x003df690,ptr_int
0x003df690,0x003df690,,a2,ptr,int,HEURISTIC,CALL_PROPAGATED,0x003de0a0->0x003df690,ptr_int
0x003df690,0x003df690,,a3,ptr,int,HEURISTIC,CALL_PROPAGATED,0x003de0a0->0x003df690,ptr_int
0x003dba50,0x003dba50,stub_code,a0,ptr,int,STRUCT_FIELD,CALL_PROPAGATED,0x003de110->0x003dba50,ptr_int
0x003de3d0,0x003de3d0,stub_code,a1,ptr,int,STRUCT_FIELD,CALL_PROPAGATED,0x003de110->0x003de3d0,ptr_int
0x003ddf10,0x003ddf10,stub_code,a0,ptr,int,STRUCT_FIELD,CALL_PROPAGATED,0x003de340->0x003ddf10,ptr_int
0x003da270,0x003da270,stub_code,a0,Unknown_a0_10,int,DIRECT,CALL_PROPAGATED,0x003de340->0x003da270,hard
0x003f2f50,0x003f2f50,,a2,ptr,int,HEURISTIC,CALL_PROPAGATED,0x003de560->0x003f2f50,ptr_int
0x003ec660,FUN_003ec660,real_c,a0,Unknown_a0_0_4,Unknown_a0_0,DIRECT,CALL_PROPAGATED,0x003de780->0x003ec660,hard
0x003ec660,FUN_003ec660,real_c,a1,int,Unknown_a1_0_4_8_f,CALL_PROPAGATED,CALL_PROPAGATED,0x003de780->0x003ec660,hard
0x003ec1b0,0x003ec1b0,stub_code,a1,int,Unknown_a1_0_4_8_f,DIRECT,CALL_PROPAGATED,0x003de780->0x003ec1b0,hard
0x003e4070,0x003e4070,stub_code,a0,Unknown_a0_4_24,Unknown_a1_0_4_8_f,DIRECT,CALL_PROPAGATED,0x003de780->0x003e4070,hard
0x003e4070,0x003e4070,stub_code,a1,int,Unknown_a1_0_4_8_f,DIRECT,CALL_PROPAGATED,0x003de780->0x003e4070,hard
0x003e4070,0x003e4070,stub_code,a2,int,Unknown_a1_0_4_8_f,DIRECT,CALL_PROPAGATED,0x003de780->0x003e4070,hard
0x003eba10,0x003eba10,stub_code,a0,Unknown_a0_0_4,Unknown_a1_0_4_8_f,DIRECT,CALL_PROPAGATED,0x003de780->0x003eba10,hard
0x003eba10,0x003eba10,stub_code,a1,int,Unknown_a1_0_4_8_f,DIRECT,CALL_PROPAGATED,0x003de780->0x003eba10,hard
0x003eba10,0x003eba10,stub_code,a2,int,Unknown_a1_0_4_8_f,DIRECT,CALL_PROPAGATED,0x003de780->0x003eba10,hard
0x003de780,0x003de780,stub_code,a1,Unknown_a1_0_4_8_f,int,DIRECT,CALL_PROPAGATED,0x003de910->0x003de780,hard
0x003de780,0x003de780,stub_code,a2,int,Unknown_a2_4,DIRECT,CALL_PROPAGATED,0x003de910->0x003de780,hard
0x003c1000,0x003c1000,stub_code,a2,int,Unknown_a2_4,DIRECT,CALL_PROPAGATED,0x003de910->0x003c1000,hard
0x003db8d0,0x003db8d0,stub_code,a2,int,Unknown_a2_4,DIRECT,CALL_PROPAGATED,0x003de910->0x003db8d0,hard
0x003ec2b0,0x003ec2b0,,a2,Unknown_a2_20,Unknown_a2_4,CALL_PROPAGATED,CALL_PROPAGATED,0x003de910->0x003ec2b0,hard
0x003de3d0,0x003de3d0,stub_code,a2,int,Unknown_a2_4,DIRECT,CALL_PROPAGATED,0x003de910->0x003de3d0,hard
0x003ebb50,0x003ebb50,stub_code,a2,int,Unknown_a2_4,DIRECT,CALL_PROPAGATED,0x003de910->0x003ebb50,hard
0x003eceb0,0x003eceb0,stub_code,a2,int,Unknown_a2_4,DIRECT,CALL_PROPAGATED,0x003de910->0x003eceb0,hard
0x003c2900,0x003c2900,stub_code,a0,Unknown_a0_0,int,DIRECT,CALL_PROPAGATED,0x003debf0->0x003c2900,hard
0x003e2be0,0x003e2be0,stub_code,a0,Unknown_a0_3d,int,DIRECT,CALL_PROPAGATED,0x003df0f0->0x003e2be0,hard
0x003df4e0,0x003df4e0,stub_code,a1,ptr,int,STRUCT_FIELD,CALL_PROPAGATED,0x003df3c0->0x003df4e0,ptr_int
0x003ec620,0x003ec620,,a1,int,ptr,HEURISTIC,CALL_PROPAGATED,0x003df4e0->0x003ec620,ptr_int
0x003ec510,0x003ec510,stub_code,a0,Unknown_a0_0,Unknown_a0_4_24,DIRECT,CALL_PROPAGATED,0x003e0370->0x003ec510,hard
0x003dff70,0x003dff70,stub_code,a1,ptr,int,STRUCT_FIELD,CALL_PROPAGATED,0x003e0710->0x003dff70,ptr_int
0x003e10a0,0x003e10a0,stub_code,a0,int,ptr,DIRECT,CALL_PROPAGATED,0x003e0710->0x003e10a0,ptr_int
0x003e0120,0x003e0120,,a0,int,Unknown_a0_20,CALL_PROPAGATED,CALL_PROPAGATED,0x003e0920->0x003e0120,hard
0x003eac30,0x003eac30,stub_code,a1,int,Unknown_a1_4,DIRECT,CALL_PROPAGATED,0x003e0920->0x003eac30,hard
0x003e0920,0x003e0920,stub_code,a1,Unknown_a1_4,int,DIRECT,CALL_PROPAGATED,0x003e0cf0->0x003e0920,hard
0x003f2f30,0x003f2f30,,a0,Unknown_a1_3d,Unknown_a0_3d,CALL_PROPAGATED,CALL_PROPAGATED,0x003e2be0->0x003f2f30,hard
0x003dfa90,0x003dfa90,stub_code,a0,ptr,int,STRUCT_FIELD,CALL_PROPAGATED,0x003e36f0->0x003dfa90,ptr_int
0x003e65f0,0x003e65f0,stub_code,a0,int,ptr,DIRECT,RETURN_PROPAGATED,0x003ed040->0x003e65f0,ptr_int
0x003ec9e0,0x003ec9e0,stub_code,a0,int,ptr,DIRECT,RETURN_PROPAGATED,0x003ed040->0x003ec9e0,ptr_int
0x003df610,0x003df610,,a0,int,ptr,CALL_PROPAGATED,RETURN_PROPAGATED,0x003ed040->0x003df610,ptr_int
0x003ebfc0,0x003ebfc0,,a1,Unknown_a1_4_28,int,CALL_PROPAGATED,CALL_PROPAGATED,0x003e4070->0x003ebfc0,hard
0x003e1470,0x003e1470,,a0,Unknown_a0_4,int,CALL_PROPAGATED,CALL_PROPAGATED,0x003e4100->0x003e1470,hard
0x003ec510,0x003ec510,stub_code,a0,Unknown_a0_0,int,DIRECT,CALL_PROPAGATED,0x003e4100->0x003ec510,hard
0x003ed040,0x003ed040,stub_code,a0,int,Unknown_a0_20,DIRECT,CALL_PROPAGATED,0x003e4150->0x003ed040,hard
0x003c11c0,0x003c11c0,stub_code,a0,int,Unknown_a0_4_2c,DIRECT,CALL_PROPAGATED,0x003e4ae0->0x003c11c0,hard
0x003e6880,0x003e6880,stub_code,a0,int,ptr,DIRECT,RETURN_PROPAGATED,0x003e6880->0x003e6880,ptr_int
0x003e7300,0x003e7300,,a0,ptr,int,HEURISTIC,CALL_PROPAGATED,0x003e52a0->0x003e7300,ptr_int
0x003c31f0,0x003c31f0,stub_code,a0,ptr,int,STRUCT_FIELD,CALL_PROPAGATED,0x003e52a0->0x003c31f0,ptr_int
0x00237c90,0x00237c90,stub_code,a1,int,ptr,DIRECT,RETURN_PROPAGATED,0x003fb8d0->0x00237c90,ptr_int
0x003c6630,0x003c6630,stub_code,a2,Unknown_a2_0,int,DIRECT,CALL_PROPAGATED,0x003e56a0->0x003c6630,hard
0x003c75f0,0x003c75f0,,a1,Unknown_a1_0,int,CALL_PROPAGATED,CALL_PROPAGATED,0x003e56a0->0x003c75f0,hard
0x003e65f0,0x003e65f0,stub_code,a1,int,Unknown_a1_3d,DIRECT,CALL_PROPAGATED,0x003e5b20->0x003e65f0,hard
0x003df690,0x003df690,,a0,Unknown_a0_4,int,CALL_PROPAGATED,CALL_PROPAGATED,0x003e5b20->0x003df690,hard
0x003df690,0x003df690,,a1,int,Unknown_a1_3d,CALL_PROPAGATED,CALL_PROPAGATED,0x003e5b20->0x003df690,hard
0x003f2f60,0x003f2f60,,a3,ptr,int,HEURISTIC,CALL_PROPAGATED,0x003e5b20->0x003f2f60,ptr_int
0x003e0120,0x003e0120,,a3,int,Unknown_a3_4,CALL_PROPAGATED,CALL_PROPAGATED,0x003e5d00->0x003e0120,hard
0x00428998,0x00428998,,a0,Unknown_a0_8c,int,CALL_PROPAGATED,CALL_PROPAGATED,0x003e65f0->0x00428998,hard
0x003e1300,FUN_003e1300,pseudo_stub,a0,int,Unknown_a0_0_4,DIRECT,CALL_PROPAGATED,0x003e6920->0x003e1300,hard
0x003e1300,FUN_003e1300,pseudo_stub,a3,int,Unknown_a3_4,DIRECT,CALL_PROPAGATED,0x003e6920->0x003e1300,hard
0x003c1000,0x003c1000,stub_code,a3,int,Unknown_a3_4,DIRECT,CALL_PROPAGATED,0x003e6920->0x003c1000,hard
0x003f2f30,0x003f2f30,,a0,Unknown_a1_3d,Unknown_a0_0_4,CALL_PROPAGATED,CALL_PROPAGATED,0x003e6920->0x003f2f30,hard
0x003f2f30,0x003f2f30,,a3,Unknown_a3_0,Unknown_a3_4,CALL_PROPAGATED,CALL_PROPAGATED,0x003e6920->0x003f2f30,hard
0x003e7a70,0x003e7a70,stub_code,a3,ptr,int,STRUCT_FIELD,CALL_PROPAGATED,0x003e74e0->0x003e7a70,ptr_int
0x003d32c0,0x003d32c0,stub_code,a3,int,ptr,DIRECT,CALL_PROPAGATED,0x003e7a70->0x003d32c0,ptr_int
0x003e9580,0x003e9580,stub_code,a0,int,ptr,DIRECT,CALL_PROPAGATED,0x003e7dd0->0x003e9580,ptr_int
0x003d98d0,0x003d98d0,stub_code,a2,int,ptr,DIRECT,CALL_PROPAGATED,0x003e7f70->0x003d98d0,ptr_int
0x003ec620,0x003ec620,,a2,int,ptr,HEURISTIC,CALL_PROPAGATED,0x003e7f70->0x003ec620,ptr_int
0x003e80d0,0x003e80d0,stub_code,a0,int,Unknown_a0_0,DIRECT,CALL_PROPAGATED,0x003e8080->0x003e80d0,hard
0x003e80d0,0x003e80d0,stub_code,a1,Unknown_a1_14,int,DIRECT,CALL_PROPAGATED,0x003e8080->0x003e80d0,hard
0x003ed7e0,0x003ed7e0,stub_code,a0,int,Unknown_a0_0,DIRECT,CALL_PROPAGATED,0x003e8080->0x003ed7e0,hard
0x003ec8d0,0x003ec8d0,stub_code,a1,int,Unknown_a1_14,DIRECT,CALL_PROPAGATED,0x003e80d0->0x003ec8d0,hard
0x003ebb50,0x003ebb50,stub_code,a1,int,Unknown_a1_14,DIRECT,CALL_PROPAGATED,0x003e80d0->0x003ebb50,hard
0x003e8ef0,0x003e8ef0,stub_code,a0,ptr,int,STRUCT_FIELD,CALL_PROPAGATED,0x003e8290->0x003e8ef0,ptr_int
0x0033c790,0x0033c790,stub_code,a0,int,ptr,DIRECT,RETURN_PROPAGATED,0x003eceb0->0x0033c790,ptr_int
0x003e1300,FUN_003e1300,pseudo_stub,a2,int,ptr,DIRECT,CALL_PROPAGATED,0x003e8ef0->0x003e1300,ptr_int
0x003e9aa0,0x003e9aa0,stub_code,a2,int,ptr,DIRECT,CALL_PROPAGATED,0x003e8ef0->0x003e9aa0,ptr_int
0x0033c790,0x0033c790,stub_code,a2,int,ptr,DIRECT,RETURN_PROPAGATED,0x003e1300->0x0033c790,ptr_int
0x00237bb0,FUN_00237bb0,pseudo_stub,a2,int,ptr,DIRECT,RETURN_PROPAGATED,0x003e1300->0x00237bb0,ptr_int
0x0033c7d0,0x0033c7d0,stub_code,a2,int,ptr,DIRECT,RETURN_PROPAGATED,0x003e1300->0x0033c7d0,ptr_int
0x003e13e0,0x003e13e0,,a2,int,Unknown_a2_0,CALL_PROPAGATED,CALL_PROPAGATED,0x003e95d0->0x003e13e0,hard
0x003e13e0,0x003e13e0,,a3,int,Unknown_a3_0,CALL_PROPAGATED,CALL_PROPAGATED,0x003e95d0->0x003e13e0,hard
0x003df610,0x003df610,,a2,int,Unknown_a2_0,CALL_PROPAGATED,CALL_PROPAGATED,0x003e95d0->0x003df610,hard
0x003df610,0x003df610,,a3,int,Unknown_a3_0,CALL_PROPAGATED,CALL_PROPAGATED,0x003e95d0->0x003df610,hard
0x003f2f50,0x003f2f50,,a3,int,Unknown_a3_0,HEURISTIC,CALL_PROPAGATED,0x003e95d0->0x003f2f50,hard
0x003c11c0,0x003c11c0,stub_code,a3,int,Unknown_a3_0,DIRECT,CALL_PROPAGATED,0x003e95d0->0x003c11c0,hard
0x003eac30,0x003eac30,stub_code,a3,int,Unknown_a3_0,DIRECT,CALL_PROPAGATED,0x003e95d0->0x003eac30,hard
0x003f2f60,0x003f2f60,,a3,int,Unknown_a3_0,CALL_PROPAGATED,CALL_PROPAGATED,0x003e95d0->0x003f2f60,hard
0x003e7140,0x003e7140,stub_code,a0,int,ptr,DIRECT,RETURN_PROPAGATED,0x003e1300->0x003e7140,ptr_int
0x003e7140,0x003e7140,stub_code,a2,int,ptr,DIRECT,RETURN_PROPAGATED,0x003e1300->0x003e7140,ptr_int
0x003e7140,0x003e7140,stub_code,a3,int,Unknown_a3_0,DIRECT,CALL_PROPAGATED,0x003e95d0->0x003e7140,hard
0x003c1610,0x003c1610,stub_code,a3,int,ptr,DIRECT,RETURN_PROPAGATED,0x003c1f70->0x003c1610,ptr_int
0x003eac30,0x003eac30,stub_code,a3,int,ptr,DIRECT,RETURN_PROPAGATED,0x003c1f70->0x003eac30,ptr_int
0x003ebd10,0x003ebd10,stub_code,a3,int,ptr,DIRECT,RETURN_PROPAGATED,0x003c1f70->0x003ebd10,ptr_int
0x003ea320,0x003ea320,stub_code,a3,int,ptr,DIRECT,RETURN_PROPAGATED,0x003c1f70->0x003ea320,ptr_int
0x003ec8d0,0x003ec8d0,stub_code,a1,int,Unknown_a1_4,DIRECT,CALL_PROPAGATED,0x003ebbf0->0x003ec8d0,hard
0x004287e0,0x004287e0,,a0,Unknown_a0_4_8_c,Unknown_a1_4,CALL_PROPAGATED,CALL_PROPAGATED,0x003ebbf0->0x004287e0,hard
0x004287e0,0x004287e0,,a2,Unknown_a1_0,Unknown_a1_4,CALL_PROPAGATED,CALL_PROPAGATED,0x003ebbf0->0x004287e0,hard
0x003ec6e0,0x003ec6e0,stub_code,a1,int,Unknown_a0_0_4,DIRECT,CALL_PROPAGATED,0x003ebd10->0x003ec6e0,hard
0x003c1000,0x003c1000,stub_code,a2,int,Unknown_a0_4,DIRECT,CALL_PROPAGATED,0x003ebdb0->0x003c1000,hard
0x003ecc40,0x003ecc40,stub_code,a2,int,Unknown_a0_4,DIRECT,CALL_PROPAGATED,0x003ebdb0->0x003ecc40,hard
0x003f2f30,0x003f2f30,,a2,Unknown_a2_0,Unknown_a0_4,CALL_PROPAGATED,CALL_PROPAGATED,0x003ebdb0->0x003f2f30,hard
0x003ec8d0,0x003ec8d0,stub_code,a0,int,Unknown_a0_4,DIRECT,CALL_PROPAGATED,0x003ebf30->0x003ec8d0,hard
0x004287e0,0x004287e0,,a0,Unknown_a0_4_8_c,Unknown_a0_4,CALL_PROPAGATED,CALL_PROPAGATED,0x003ebf30->0x004287e0,hard
0x004287e0,0x004287e0,,a3,Unknown_a3_0_4_8_c,Unknown_a0_4,CALL_PROPAGATED,CALL_PROPAGATED,0x003ebf30->0x004287e0,hard
0x00428748,0x00428748,,a0,int,Unknown_a0_0_4,CALL_PROPAGATED,CALL_PROPAGATED,0x003ec350->0x00428748,hard
0x00428748,0x00428748,,a1,int,Unknown_a1_0,CALL_PROPAGATED,CALL_PROPAGATED,0x003ec350->0x00428748,hard
0x00428748,0x00428748,,a2,int,Unknown_a1_0,CALL_PROPAGATED,CALL_PROPAGATED,0x003ec350->0x00428748,hard
0x003d88b0,0x003d88b0,stub_code,a0,int,Unknown_a0_0,DIRECT,CALL_PROPAGATED,0x003ec5c0->0x003d88b0,hard
0x003d88b0,0x003d88b0,stub_code,a1,int,Unknown_a0_0,DIRECT,CALL_PROPAGATED,0x003ec5c0->0x003d88b0,hard
0x003ec8d0,0x003ec8d0,stub_code,a0,int,Unknown_a0_0_4,DIRECT,CALL_PROPAGATED,0x003ec6e0->0x003ec8d0,hard
0x004287e0,0x004287e0,,a1,Unknown_a3_0_4_8_c,Unknown_a0_0_4,CALL_PROPAGATED,CALL_PROPAGATED,0x003ec6e0->0x004287e0,hard
0x003ed5e0,0x003ed5e0,stub_code,a0,int,Unknown_a0_0,DIRECT,CALL_PROPAGATED,0x003ed1c0->0x003ed5e0,hard
0x003ec6e0,0x003ec6e0,stub_code,a1,int,Unknown_a1_1,DIRECT,CALL_PROPAGATED,0x003edb50->0x003ec6e0,hard
0x003c1000,0x003c1000,stub_code,a0,Unknown_a0_0,int,CALL_PROPAGATED,CALL_PROPAGATED,0x003f2d20->0x003c1000,hard
0x0042bfa8,FUN_0042bfa8,real_logic,a0,Unknown_a0_0,int,DIRECT,CALL_PROPAGATED,0x003f2d20->0x0042bfa8,hard
0x0033c120,0x0033c120,stub_code,a0,int,Unknown_a0_1c,DIRECT,CALL_PROPAGATED,0x003f3110->0x0033c120,hard
0x0033eaf0,0x0033eaf0,,a1,ptr,int,HEURISTIC,CALL_PROPAGATED,0x003f3110->0x0033eaf0,ptr_int
0x0033c120,0x0033c120,stub_code,a0,int,Unknown_a0_28,DIRECT,CALL_PROPAGATED,0x003f31f0->0x0033c120,hard
0x0033eaf0,0x0033eaf0,,a3,int,ptr,CALL_PROPAGATED,RETURN_PROPAGATED,0x0033c120->0x0033eaf0,ptr_int
0x0035be10,0x0035be10,stub_code,a1,Unknown_a1_0_4_8,Unknown_a2_0_4_8,DIRECT,CALL_PROPAGATED,0x003f39d0->0x0035be10,hard
0x0035be10,0x0035be10,stub_code,a3,ptr,int,HEURISTIC,CALL_PROPAGATED,0x003f39d0->0x0035be10,ptr_int
0x00120720,FUN_00120720,real_logic,a2,Unknown_a2_0,Unknown_a2_0_4_8,CALL_PROPAGATED,CALL_PROPAGATED,0x003f39d0->0x00120720,hard
0x003f39d0,0x003f39d0,stub_code,a0,Unknown_a0_0_4_8,int,DIRECT,CALL_PROPAGATED,0x003f4030->0x003f39d0,hard
0x003f39d0,0x003f39d0,stub_code,a1,Unknown_a1_0_4_8,int,DIRECT,CALL_PROPAGATED,0x003f4030->0x003f39d0,hard
0x003f39d0,0x003f39d0,stub_code,a2,Unknown_a2_0_4_8,int,DIRECT,CALL_PROPAGATED,0x003f4030->0x003f39d0,hard
0x003f36a0,0x003f36a0,stub_code,a0,Unknown_a0_0_4_8,int,DIRECT,CALL_PROPAGATED,0x003f4030->0x003f36a0,hard
0x003f36a0,0x003f36a0,stub_code,a2,Unknown_a2_0_4_8,int,DIRECT,CALL_PROPAGATED,0x003f4030->0x003f36a0,hard
0x003f4030,0x003f4030,stub_code,a0,int,Unknown_a1_0_4,DIRECT,CALL_PROPAGATED,0x003f42e0->0x003f4030,hard
0x003f4030,0x003f4030,stub_code,a1,int,Unknown_a1_0_4,DIRECT,CALL_PROPAGATED,0x003f42e0->0x003f4030,hard
0x00120720,FUN_00120720,real_logic,a1,ptr,int,HEURISTIC,CALL_PROPAGATED,0x003f54f0->0x00120720,ptr_int
0x003fb150,0x003fb150,stub_code,a2,int,ptr,DIRECT,CALL_PROPAGATED,0x003f62b0->0x003fb150,ptr_int
0x00237d00,0x00237d00,stub_code,a1,int,ptr,DIRECT,CALL_PROPAGATED,0x003f62b0->0x00237d00,ptr_int
0x00237d00,0x00237d00,stub_code,a2,int,ptr,DIRECT,CALL_PROPAGATED,0x003f62b0->0x00237d00,ptr_int
0x0042c1e8,FUN_0042c1e8,real_logic,a3,int,ptr,DIRECT,CALL_PROPAGATED,0x003f9d58->0x0042c1e8,ptr_int
0x003f98c0,0x003f98c0,,a1,int,ptr,CALL_PROPAGATED,RETURN_PROPAGATED,0x003f9990->0x003f98c0,ptr_int
0x003f98c0,0x003f98c0,,a2,int,ptr,HEURISTIC,CALL_PROPAGATED,0x003f9d58->0x003f98c0,ptr_int
0x003f98c0,0x003f98c0,,a3,int,ptr,CALL_PROPAGATED,CALL_PROPAGATED,0x003f9d58->0x003f98c0,ptr_int
0x003f98c0,0x003f98c0,,a0,int,ptr,HEURISTIC,RETURN_PROPAGATED,0x003f9990->0x003f98c0,ptr_int
0x003f9990,0x003f9990,stub_code,a2,int,ptr,CALL_PROPAGATED,CALL_PROPAGATED,0x003f9e38->0x003f9990,ptr_int
0x003f9990,0x003f9990,stub_code,a3,ptr,int,CALL_PROPAGATED,CALL_PROPAGATED,0x003f9e38->0x003f9990,ptr_int
0x003fad58,0x003fad58,,a2,ptr,int,HEURISTIC,CALL_PROPAGATED,0x003fb210->0x003fad58,ptr_int
0x003fad58,0x003fad58,,a0,ptr,int,HEURISTIC,CALL_PROPAGATED,0x003fb8a0->0x003fad58,ptr_int
0x0042bd70,FUN_0042bd70,real_logic,a0,int,Unknown_a0_0,DIRECT,CALL_PROPAGATED,0x003fc830->0x0042bd70,hard
0x003fb9c8,0x003fb9c8,,a1,int,ptr,HEURISTIC,RETURN_PROPAGATED,0x003fb9c8->0x003fb9c8,ptr_int
0x0042c1e8,FUN_0042c1e8,real_logic,a0,int,ptr,DIRECT,RETURN_PROPAGATED,0x003fb9c8->0x0042c1e8,ptr_int
0x0042bd70,FUN_0042bd70,real_logic,a2,int,ptr,DIRECT,RETURN_PROPAGATED,0x003fb9c8->0x0042bd70,ptr_int
0x003fc720,0x003fc720,stub_code,a0,Unknown_a0_4,int,DIRECT,CALL_PROPAGATED,0x003fcda0->0x003fc720,hard
0x003fc950,0x003fc950,stub_code,a3,Unknown_a3_0,int,DIRECT,CALL_PROPAGATED,0x003fcda0->0x003fc950,hard
0x003fe388,0x003fe388,stub_code,a1,int,Unknown_a1_0,DIRECT,CALL_PROPAGATED,0x003fde60->0x003fe388,hard
0x003fe388,0x003fe388,stub_code,a0,int,Unknown_a1_0,DIRECT,CALL_PROPAGATED,0x003fea00->0x003fe388,hard
0x004ba460,0x004ba460,stub_code,a0,int,Unknown_a0_0_4,DIRECT,CALL_PROPAGATED,0x003ff0d0->0x004ba460,hard
0x003ff1e0,0x003ff1e0,stub_code,a1,Unknown_a1_0_8,int,DIRECT,CALL_PROPAGATED,0x003ff160->0x003ff1e0,hard
0x003ff370,0x003ff370,stub_code,a1,int,Unknown_a1_0_8,DIRECT,CALL_PROPAGATED,0x003ff1e0->0x003ff370,hard
0x004ba240,0x004ba240,stub_code,a1,int,Unknown_a1_0_8,DIRECT,CALL_PROPAGATED,0x003ff1e0->0x004ba240,hard
0x004bab00,0x004bab00,stub_code,a1,int,Unknown_a1_0_8,DIRECT,CALL_PROPAGATED,0x003ff1e0->0x004bab00,hard
0x00400870,0x00400870,stub_code,a1,int,Unknown_a0_8_c_7755,DIRECT,CALL_PROPAGATED,0x003ff3e0->0x00400870,hard
0x004020f0,0x004020f0,stub_code,a1,int,Unknown_a0_8_c_7755,DIRECT,CALL_PROPAGATED,0x003ff3e0->0x004020f0,hard
0x00400d40,0x00400d40,stub_code,a1,int,Unknown_a0_8_c_7755,DIRECT,CALL_PROPAGATED,0x003ff3e0->0x00400d40,hard
0x003fa920,0x003fa920,stub_code,a1,int,Unknown_a0_8_c_7755,DIRECT,CALL_PROPAGATED,0x003ff3e0->0x003fa920,hard
0x004009b0,0x004009b0,stub_code,a1,int,Unknown_a0_8_c_7755,DIRECT,CALL_PROPAGATED,0x003ff910->0x004009b0,hard
0x004031d0,0x004031d0,stub_code,a1,int,Unknown_a0_8_c_7755,DIRECT,CALL_PROPAGATED,0x003ff910->0x004031d0,hard
0x004010c0,0x004010c0,stub_code,a1,int,Unknown_a0_8_c_7755,DIRECT,CALL_PROPAGATED,0x003ff910->0x004010c0,hard
0x004287e0,0x004287e0,,a1,Unknown_a3_0_4_8_c,Unknown_a0_14_18,CALL_PROPAGATED,CALL_PROPAGATED,0x004000f0->0x004287e0,hard
0x004287e0,0x004287e0,,a0,Unknown_a0_4_8_c,Unknown_a0_8_c,CALL_PROPAGATED,CALL_PROPAGATED,0x00400230->0x004287e0,hard
0x00403300,0x00403300,stub_code,a0,Unknown_a0_0,int,DIRECT,CALL_PROPAGATED,0x00400380->0x00403300,hard
0x00403300,0x00403300,stub_code,a1,Unknown_a1_0,int,DIRECT,CALL_PROPAGATED,0x00400380->0x00403300,hard
0x00400990,0x00400990,stub_code,a1,Unknown_a1_20,int,DIRECT,CALL_PROPAGATED,0x00400870->0x00400990,hard
0x004ba240,0x004ba240,stub_code,a1,int,ptr,DIRECT,RETURN_PROPAGATED,0x00403bd0->0x004ba240,ptr_int
0x003ff010,0x003ff010,,a0,ptr,int,HEURISTIC,CALL_PROPAGATED,0x00400990->0x003ff010,ptr_int
0x003ff010,0x003ff010,,a1,int,Unknown_a1_20,CALL_PROPAGATED,CALL_PROPAGATED,0x00400990->0x003ff010,hard
0x004299a0,FUN_004299a0,real_logic,a0,int,Unknown_a0_0_24_38,DIRECT,CALL_PROPAGATED,0x004012f0->0x004299a0,hard
0x00403450,0x00403450,stub_code,a1,int,Unknown_a2_0_8,DIRECT,CALL_PROPAGATED,0x004013b0->0x00403450,hard
0x00403450,0x00403450,stub_code,a2,int,Unknown_a2_0_8,DIRECT,CALL_PROPAGATED,0x004013b0->0x00403450,hard
0x004bab00,0x004bab00,stub_code,a1,int,Unknown_a2_0_8,DIRECT,CALL_PROPAGATED,0x004013b0->0x004bab00,hard
0x004bab00,0x004bab00,stub_code,a2,int,Unknown_a2_0_8,DIRECT,CALL_PROPAGATED,0x004013b0->0x004bab00,hard
0x0042a0d0,0x0042a0d0,stub_code,a2,int,Unknown_a2_0_8,DIRECT,CALL_PROPAGATED,0x004013b0->0x0042a0d0,hard
0x00403450,0x00403450,stub_code,a1,int,Unknown_a1_0_18_2c,DIRECT,CALL_PROPAGATED,0x00401570->0x00403450,hard
0x0042bb70,FUN_0042bb70,real_logic,a2,int,ptr,DIRECT,RETURN_PROPAGATED,0x004287e0->0x0042bb70,ptr_int
0x004bab00,0x004bab00,stub_code,a2,int,ptr,DIRECT,RETURN_PROPAGATED,0x004287e0->0x004bab00,ptr_int
0x00403a10,0x00403a10,stub_code,a2,int,ptr,DIRECT,RETURN_PROPAGATED,0x004287e0->0x00403a10,ptr_int
0x0042acd0,FUN_0042acd0,real_logic,a0,int,ptr,DIRECT,CALL_PROPAGATED,0x00401c50->0x0042acd0,ptr_int
0x0042acd0,FUN_0042acd0,real_logic,a1,int,ptr,DIRECT,CALL_PROPAGATED,0x00401c50->0x0042acd0,ptr_int
0x004035f0,0x004035f0,stub_code,a0,Unknown_a0_4_24,Unknown_a0_24,DIRECT,CALL_PROPAGATED,0x00401ed0->0x004035f0,hard
0x003ff010,0x003ff010,,a0,int,Unknown_a0_0_4_8_c_10_14_18,CALL_PROPAGATED,CALL_PROPAGATED,0x004020f0->0x003ff010,hard
0x004044f0,0x004044f0,stub_code,a1,int,Unknown_a2_0_8,DIRECT,CALL_PROPAGATED,0x004023f0->0x004044f0,hard
0x004044f0,0x004044f0,stub_code,a2,int,Unknown_a2_0_8,DIRECT,CALL_PROPAGATED,0x004023f0->0x004044f0,hard
0x004044f0,0x004044f0,stub_code,a1,int,Unknown_a1_0_18_2c,DIRECT,CALL_PROPAGATED,0x004025b0->0x004044f0,hard
0x004033a0,0x004033a0,stub_code,a0,Unknown_a0_4_24,Unknown_a0_24,DIRECT,CALL_PROPAGATED,0x00402f90->0x004033a0,hard
0x003ff1e0,0x003ff1e0,stub_code,a1,Unknown_a1_0_8,Unknown_a1_0,DIRECT,CALL_PROPAGATED,0x00403300->0x003ff1e0,hard
0x004ba240,0x004ba240,stub_code,a1,int,Unknown_a1_0,DIRECT,CALL_PROPAGATED,0x00403300->0x004ba240,hard
0x0042a980,FUN_0042a980,real_logic,a0,int,Unknown_a0_4_24,DIRECT,CALL_PROPAGATED,0x004033a0->0x0042a980,hard
0x00405260,0x00405260,stub_code,a1,Unknown_a1_0_4_8,int,DIRECT,CALL_PROPAGATED,0x00403bd0->0x00405260,hard
0x00405930,0x00405930,stub_code,a0,int,ptr,DIRECT,CALL_PROPAGATED,0x00404ed0->0x00405930,ptr_int
0x004058b0,0x004058b0,stub_code,a0,Unknown_a0_4_8,Unknown_a0_4,DIRECT,CALL_PROPAGATED,0x00405260->0x004058b0,hard
0x003fa920,0x003fa920,stub_code,a0,int,Unknown_a1_0_4_8,DIRECT,CALL_PROPAGATED,0x00405260->0x003fa920,hard
0x004baac0,0x004baac0,stub_code,a0,Unknown_a0_0_8,Unknown_a1_0_4_8,DIRECT,CALL_PROPAGATED,0x00405260->0x004baac0,hard
0x00407390,0x00407390,stub_code,a0,Unknown_a0_4_8,int,DIRECT,CALL_PROPAGATED,0x00405480->0x00407390,hard
0x00407470,0x00407470,stub_code,a0,Unknown_a0_4_8,int,DIRECT,CALL_PROPAGATED,0x00405670->0x00407470,hard
0x00405fa0,0x00405fa0,stub_code,a0,int,Unknown_a0_4_8,DIRECT,CALL_PROPAGATED,0x004058b0->0x00405fa0,hard
0x00405fa0,0x00405fa0,stub_code,a1,int,Unknown_a0_4_8,DIRECT,CALL_PROPAGATED,0x004058b0->0x00405fa0,hard
0x00405fa0,0x00405fa0,stub_code,a2,int,Unknown_a0_4_8,DIRECT,CALL_PROPAGATED,0x004058b0->0x00405fa0,hard
0x004075f0,FUN_004075f0,real_c,a1,int,Unknown_a0_4_8,DIRECT,CALL_PROPAGATED,0x00407390->0x004075f0,hard
0x004075f0,FUN_004075f0,real_c,a2,int,Unknown_a0_4_8,DIRECT,CALL_PROPAGATED,0x00407390->0x004075f0,hard
0x004075f0,FUN_004075f0,real_c,a3,Unknown_a3_0,int,DIRECT,CALL_PROPAGATED,0x00407390->0x004075f0,hard
0x00407550,FUN_00407550,real_c,a0,Unknown_a0_0,Unknown_a0_4_8,DIRECT,CALL_PROPAGATED,0x00407470->0x00407550,hard
0x00407550,FUN_00407550,real_c,a1,int,Unknown_a0_4_8,DIRECT,CALL_PROPAGATED,0x00407470->0x00407550,hard
0x00407550,FUN_00407550,real_c,a2,int,Unknown_a0_4_8,DIRECT,CALL_PROPAGATED,0x00407470->0x00407550,hard
0x00407550,FUN_00407550,real_c,a3,Unknown_a3_0,int,DIRECT,CALL_PROPAGATED,0x00407470->0x00407550,hard
0x00429068,0x00429068,,a0,Unknown_a0_8_c,Unknown_a0_0_4_8,CALL_PROPAGATED,CALL_PROPAGATED,0x00407b10->0x00429068,hard
0x00408120,0x00408120,stub_code,a0,int,Unknown_a0_0_4_8,DIRECT,CALL_PROPAGATED,0x00407b10->0x00408120,hard
0x00407c20,0x00407c20,stub_code,a0,Unknown_a0_0,Unknown_a0_0_4_8,DIRECT,CALL_PROPAGATED,0x00407b10->0x00407c20,hard
0x00407c20,0x00407c20,stub_code,a0,Unknown_a0_0,Unknown_a0_0_4,DIRECT,CALL_PROPAGATED,0x00408390->0x00407c20,hard
0x00407c20,0x00407c20,stub_code,a2,int,Unknown_a0_0_4,DIRECT,CALL_PROPAGATED,0x00408390->0x00407c20,hard
0x0040e180,0x0040e180,stub_code,a0,int,Unknown_a1_0_4_8_c,DIRECT,CALL_PROPAGATED,0x00409b00->0x0040e180,hard
0x0040e180,0x0040e180,stub_code,a1,int,Unknown_a1_0_4_8_c,DIRECT,CALL_PROPAGATED,0x00409b00->0x0040e180,hard
0x00101840,0x00101840,stub_code,a0,int,Unknown_a1_0_4_8_c,DIRECT,CALL_PROPAGATED,0x00409b00->0x00101840,hard
0x00101840,0x00101840,stub_code,a1,int,Unknown_a1_0_4_8_c,DIRECT,CALL_PROPAGATED,0x00409b00->0x00101840,hard
0x00423a40,0x00423a40,stub_code,a3,int,Unknown_a3_0_4_8_c,DIRECT,CALL_PROPAGATED,0x0040a5d0->0x00423a40,hard
0x00417000,0x00417000,stub_code,a0,int,ptr,DIRECT,RETURN_PROPAGATED,0x00423b20->0x00417000,ptr_int
0x00417000,0x00417000,stub_code,a3,int,ptr,DIRECT,RETURN_PROPAGATED,0x00423b20->0x00417000,ptr_int
0x0040ad60,0x0040ad60,stub_code,a3,int,ptr,DIRECT,RETURN_PROPAGATED,0x00423b20->0x0040ad60,ptr_int
0x0042aac8,0x0042aac8,stub_code,a3,int,ptr,DIRECT,RETURN_PROPAGATED,0x00429068->0x0042aac8,ptr_int
0x0040b9c0,0x0040b9c0,stub_code,a3,int,ptr,DIRECT,RETURN_PROPAGATED,0x00429068->0x0040b9c0,ptr_int
0x00429068,0x00429068,,a0,Unknown_a0_0_4_8,int,CALL_PROPAGATED,CALL_PROPAGATED,0x0040b8c0->0x00429068,hard
0x0053bc20,0x0053bc20,stub_code,a0,int,ptr,DIRECT,RETURN_PROPAGATED,0x00429068->0x0053bc20,ptr_int
0x00422ce0,0x00422ce0,,a0,int,ptr,CALL_PROPAGATED,RETURN_PROPAGATED,0x004238e0->0x00422ce0,ptr_int
0x0043d690,0x0043d690,stub_code,a0,int,ptr,DIRECT,RETURN_PROPAGATED,0x004238e0->0x0043d690,ptr_int
0x0043c7e0,0x0043c7e0,,a0,int,ptr,HEURISTIC,RETURN_PROPAGATED,0x004238e0->0x0043c7e0,ptr_int
0x0043d5c0,0x0043d5c0,stub_code,a0,int,ptr,DIRECT,RETURN_PROPAGATED,0x004238e0->0x0043d5c0,ptr_int
0x00421cb0,0x00421cb0,stub_code,a0,int,ptr,DIRECT,RETURN_PROPAGATED,0x004238e0->0x00421cb0,ptr_int
0x0040e390,0x0040e390,stub_code,a0,Unknown_a0_14,int,DIRECT,CALL_PROPAGATED,0x0040e3e0->0x0040e390,hard
0x00427120,0x00427120,,a1,ptr,int,HEURISTIC,CALL_PROPAGATED,0x0040e6d0->0x00427120,ptr_int
0x00421590,0x00421590,stub_code,a1,ptr,int,STRUCT_FIELD,CALL_PROPAGATED,0x0040ea40->0x00421590,ptr_int
0x00101ec0,0x00101ec0,stub_code,a0,ptr,int,HEURISTIC,CALL_PROPAGATED,0x0040ef10->0x00101ec0,ptr_int
0x00417790,0x00417790,,a0,ptr,int,HEURISTIC,CALL_PROPAGATED,0x0040f4e0->0x00417790,ptr_int
0x00417790,0x00417790,,a3,ptr,int,HEURISTIC,CALL_PROPAGATED,0x0040f4e0->0x00417790,ptr_int
0x0041da70,0x0041da70,stub_code,a0,int,ptr,DIRECT,CALL_PROPAGATED,0x00410ae0->0x0041da70,ptr_int
0x0041e3f0,0x0041e3f0,stub_code,a0,int,ptr,DIRECT,CALL_PROPAGATED,0x00410ae0->0x0041e3f0,ptr_int
0x0041f170,0x0041f170,stub_code,a0,int,ptr,DIRECT,CALL_PROPAGATED,0x00410ae0->0x0041f170,ptr_int
0x00100bc0,0x00100bc0,stub_code,a0,int,ptr,DIRECT,CALL_PROPAGATED,0x00410ae0->0x00100bc0,ptr_int
0x00100bc0,0x00100bc0,stub_code,a1,int,ptr,DIRECT,CALL_PROPAGATED,0x00410ae0->0x00100bc0,ptr_int
0x00101f40,0x00101f40,stub_code,a0,int,ptr,DIRECT,CALL_PROPAGATED,0x00410ae0->0x00101f40,ptr_int
0x00101f40,0x00101f40,stub_code,a1,int,ptr,DIRECT,CALL_PROPAGATED,0x00410ae0->0x00101f40,ptr_int
0x0040e180,0x0040e180,stub_code,a1,int,ptr,DIRECT,CALL_PROPAGATED,0x00410ae0->0x0040e180,ptr_int
0x0040e180,0x0040e180,stub_code,a3,int,ptr,DIRECT,CALL_PROPAGATED,0x00410ae0->0x0040e180,ptr_int
0x00101840,0x00101840,stub_code,a1,int,ptr,DIRECT,CALL_PROPAGATED,0x00410ae0->0x00101840,ptr_int
0x00101840,0x00101840,stub_code,a3,int,ptr,DIRECT,CALL_PROPAGATED,0x00410ae0->0x00101840,ptr_int
0x00417790,0x00417790,,a1,ptr,int,HEURISTIC,CALL_PROPAGATED,0x00416e40->0x00417790,ptr_int
0x00417f50,0x00417f50,,a1,ptr,int,HEURISTIC,CALL_PROPAGATED,0x00417d70->0x00417f50,ptr_int
0x00417f50,0x00417f50,,a3,ptr,int,HEURISTIC,CALL_PROPAGATED,0x00417d70->0x00417f50,ptr_int
0x003fb498,0x003fb498,stub_code,a0,int,ptr,DIRECT,RETURN_PROPAGATED,0x003fb210->0x003fb498,ptr_int
0x0041a5b0,0x0041a5b0,,a2,ptr,int,HEURISTIC,CALL_PROPAGATED,0x0041a300->0x0041a5b0,ptr_int
0x0041b0f0,0x0041b0f0,stub_code,a0,Unknown_a0_0_4_8_c_10_14_18_1c_20_24_28_2c_30_34_38_3c,int,DIRECT,CALL_PROPAGATED,0x0041b350->0x0041b0f0,hard
0x0041f170,0x0041f170,stub_code,a0,int,Unknown_a0_9,DIRECT,CALL_PROPAGATED,0x0041bd70->0x0041f170,hard
0x00100bc0,0x00100bc0,stub_code,a0,int,Unknown_a0_4,DIRECT,CALL_PROPAGATED,0x0041cda0->0x00100bc0,hard
0x00101f40,0x00101f40,stub_code,a0,int,Unknown_a0_4,DIRECT,CALL_PROPAGATED,0x0041cda0->0x00101f40,hard
0x0040e180,0x0040e180,stub_code,a0,int,Unknown_a0_4,DIRECT,CALL_PROPAGATED,0x0041cda0->0x0040e180,hard
0x00101840,0x00101840,stub_code,a0,int,Unknown_a0_4,DIRECT,CALL_PROPAGATED,0x0041cda0->0x00101840,hard
0x0041b6a0,0x0041b6a0,,a1,int,ptr,HEURISTIC,RETURN_PROPAGATED,0x0041b780->0x0041b6a0,ptr_int
0x0041b840,0x0041b840,,a2,int,ptr,HEURISTIC,RETURN_PROPAGATED,0x0041b780->0x0041b840,ptr_int
0x0041b8f0,0x0041b8f0,,a2,int,ptr,CALL_PROPAGATED,RETURN_PROPAGATED,0x0041b780->0x0041b8f0,ptr_int
0x0041b840,0x0041b840,,a3,int,ptr,CALL_PROPAGATED,RETURN_PROPAGATED,0x0041b780->0x0041b840,ptr_int
0x0053bc20,0x0053bc20,stub_code,a0,int,Unknown_a0_60,DIRECT,CALL_PROPAGATED,0x00420540->0x0053bc20,hard
0x0053bc20,0x0053bc20,stub_code,a1,int,Unknown_a0_60,DIRECT,CALL_PROPAGATED,0x00420540->0x0053bc20,hard
0x003fb748,0x003fb748,stub_code,a1,int,Unknown_a0_60,DIRECT,CALL_PROPAGATED,0x00420540->0x003fb748,hard
0x0043bb30,0x0043bb30,stub_code,a0,int,ptr,DIRECT,RETURN_PROPAGATED,0x0053bc20->0x0043bb30,ptr_int
0x0043bb30,0x0043bb30,stub_code,a1,int,Unknown_a0_60,DIRECT,CALL_PROPAGATED,0x00420540->0x0043bb30,hard
0x003fb800,0x003fb800,stub_code,a1,int,Unknown_a0_60,DIRECT,CALL_PROPAGATED,0x00420540->0x003fb800,hard
0x00423850,0x00423850,stub_code,a0,int,ptr,DIRECT,RETURN_PROPAGATED,0x004238e0->0x00423850,ptr_int
0x00423850,0x00423850,stub_code,a1,int,ptr,DIRECT,RETURN_PROPAGATED,0x004238e0->0x00423850,ptr_int
0x00423850,0x00423850,stub_code,a2,int,ptr,DIRECT,RETURN_PROPAGATED,0x004238e0->0x00423850,ptr_int
0x004238e0,0x004238e0,stub_code,a0,int,ptr,DIRECT,RETURN_PROPAGATED,0x00423850->0x004238e0,ptr_int
0x004238e0,0x004238e0,stub_code,a1,int,ptr,DIRECT,RETURN_PROPAGATED,0x004238e0->0x004238e0,ptr_int
0x004238e0,0x004238e0,stub_code,a2,int,ptr,DIRECT,RETURN_PROPAGATED,0x004238e0->0x004238e0,ptr_int
0x0040f4e0,0x0040f4e0,stub_code,a0,int,ptr,DIRECT,RETURN_PROPAGATED,0x00423850->0x0040f4e0,ptr_int
0x0040f4e0,0x0040f4e0,stub_code,a1,int,ptr,DIRECT,RETURN_PROPAGATED,0x004238e0->0x0040f4e0,ptr_int
0x0040f4e0,0x0040f4e0,stub_code,a2,int,ptr,DIRECT,RETURN_PROPAGATED,0x004238e0->0x0040f4e0,ptr_int
0x0053bc20,0x0053bc20,stub_code,a1,int,ptr,DIRECT,CALL_PROPAGATED,0x00421590->0x0053bc20,ptr_int
0x0053bc20,0x0053bc20,stub_code,a2,int,ptr,DIRECT,CALL_PROPAGATED,0x00421590->0x0053bc20,ptr_int
0x00445720,0x00445720,,a2,int,ptr,CALL_PROPAGATED,CALL_PROPAGATED,0x00421590->0x00445720,ptr_int
0x00445768,0x00445768,,a2,int,ptr,CALL_PROPAGATED,CALL_PROPAGATED,0x00421590->0x00445768,ptr_int
0x0040e8b0,0x0040e8b0,stub_code,a0,int,ptr,DIRECT,RETURN_PROPAGATED,0x00445720->0x0040e8b0,ptr_int
0x0053bc60,0x0053bc60,stub_code,a1,int,ptr,DIRECT,RETURN_PROPAGATED,0x0053bc20->0x0053bc60,ptr_int
0x0043cae0,0x0043cae0,,a1,ptr,int,HEURISTIC,CALL_PROPAGATED,0x00422db0->0x0043cae0,ptr_int
0x0043cae0,0x0043cae0,,a2,ptr,int,HEURISTIC,CALL_PROPAGATED,0x00422db0->0x0043cae0,ptr_int
0x0043cb10,0x0043cb10,,a1,ptr,int,CALL_PROPAGATED,CALL_PROPAGATED,0x004239f0->0x0043cb10,ptr_int
0x00104390,0x00104390,stub_code,a0,int,Unknown_a0_46_48,DIRECT,CALL_PROPAGATED,0x00424d70->0x00104390,hard
0x00104390,0x00104390,stub_code,a0,int,ptr,DIRECT,CALL_PROPAGATED,0x00425860->0x00104390,ptr_int
0x00104390,0x00104390,stub_code,a3,int,ptr,DIRECT,CALL_PROPAGATED,0x00425860->0x00104390,ptr_int
0x00424d40,0x00424d40,,a0,int,ptr,HEURISTIC,RETURN_PROPAGATED,0x00104940->0x00424d40,ptr_int
0x00424d40,0x00424d40,,a2,int,ptr,HEURISTIC,RETURN_PROPAGATED,0x00104940->0x00424d40,ptr_int
0x00104b90,0x00104b90,stub_code,a1,int,Unknown_a0_46_48,DIRECT,CALL_PROPAGATED,0x00426730->0x00104b90,hard
0x00423b30,0x00423b30,,a3,ptr,int,HEURISTIC,CALL_PROPAGATED,0x00426860->0x00423b30,ptr_int
0x0043c7c0,0x0043c7c0,,a3,ptr,int,HEURISTIC,CALL_PROPAGATED,0x00426bd0->0x0043c7c0,ptr_int
0x00429068,0x00429068,,a2,int,Unknown_a2_0,CALL_PROPAGATED,CALL_PROPAGATED,0x00427610->0x00429068,hard
0x00433090,FUN_00433090,real_logic,a0,int,Unknown_a0_8,DIRECT,CALL_PROPAGATED,0x0042a748->0x00433090,hard
0x00431130,0x00431130,,a1,ptr,int,CALL_PROPAGATED,CALL_PROPAGATED,0x0042beb8->0x00431130,ptr_int
0x0042c980,0x0042c980,,a1,ptr,int,RETURN_PROPAGATED,CALL_PROPAGATED,0x0042d238->0x0042c980,ptr_int
0x0042d238,0x0042d238,stub_code,a0,Unknown_a0_10,int,DIRECT,CALL_PROPAGATED,0x0042d550->0x0042d238,hard
0x003fb210,0x003fb210,stub_code,a1,int,Unknown_a0_0,DIRECT,CALL_PROPAGATED,0x0042d610->0x003fb210,hard
0x003fb498,0x003fb498,stub_code,a1,int,ptr,DIRECT,RETURN_PROPAGATED,0x003fb748->0x003fb498,ptr_int
0x003fb498,0x003fb498,stub_code,a3,int,ptr,DIRECT,RETURN_PROPAGATED,0x003fb210->0x003fb498,ptr_int
0x003fb210,0x003fb210,stub_code,a3,int,ptr,DIRECT,RETURN_PROPAGATED,0x003fb210->0x003fb210,ptr_int
0x003fb6f8,0x003fb6f8,stub_code,a3,int,ptr,DIRECT,RETURN_PROPAGATED,0x003fb210->0x003fb6f8,ptr_int
0x003fb150,0x003fb150,stub_code,a3,int,ptr,DIRECT,RETURN_PROPAGATED,0x003fb210->0x003fb150,ptr_int
0x0042c848,FUN_0042c848,real_logic,a3,int,ptr,DIRECT,RETURN_PROPAGATED,0x003fb210->0x0042c848,ptr_int
0x0042d3d0,FUN_0042d3d0,real_logic,a0,int,ptr,DIRECT,RETURN_PROPAGATED,0x0042c660->0x0042d3d0,ptr_int
0x0042cac8,FUN_0042cac8,real_logic,a0,int,ptr,DIRECT,RETURN_PROPAGATED,0x0042c660->0x0042cac8,ptr_int
0x00431920,FUN_00431920,real_logic,a1,int,ptr,DIRECT,RETURN_PROPAGATED,0x003fb1a8->0x00431920,ptr_int
0x00431b18,0x00431b18,stub_code,a1,int,ptr,DIRECT,RETURN_PROPAGATED,0x003fb1a8->0x00431b18,ptr_int
0x003fb800,0x003fb800,stub_code,a1,int,ptr,DIRECT,RETURN_PROPAGATED,0x003fb1a8->0x003fb800,ptr_int
0x003fb6f8,0x003fb6f8,stub_code,a0,int,ptr,DIRECT,RETURN_PROPAGATED,0x003fb210->0x003fb6f8,ptr_int
0x00432818,FUN_00432818,real_c,a2,int,ptr,DIRECT,RETURN_PROPAGATED,0x003fb1a8->0x00432818,ptr_int
0x0043a920,0x0043a920,stub_code,a0,int,ptr,DIRECT,RETURN_PROPAGATED,0x003fb1a8->0x0043a920,ptr_int
0x003fb6f8,0x003fb6f8,stub_code,a0,int,Unknown_a0_8,DIRECT,CALL_PROPAGATED,0x0043a6f8->0x003fb6f8,hard
0x0043a340,0x0043a340,,a0,int,ptr,CALL_PROPAGATED,RETURN_PROPAGATED,0x003fb210->0x0043a340,ptr_int
0x0043a6f8,0x0043a6f8,stub_code,a0,Unknown_a0_8,int,DIRECT,CALL_PROPAGATED,0x0043b498->0x0043a6f8,hard
0x00437628,0x00437628,,a1,ptr,int,HEURISTIC,CALL_PROPAGATED,0x0043c0a8->0x00437628,ptr_int
0x0043cf10,0x0043cf10,,a0,ptr,int,HEURISTIC,CALL_PROPAGATED,0x0043db88->0x0043cf10,ptr_int
0x003f95b0,0x003f95b0,stub_code,a0,int,ptr,DIRECT,RETURN_PROPAGATED,0x003fb1a8->0x003f95b0,ptr_int
0x0043c810,0x0043c810,,a1,ptr,int,HEURISTIC,CALL_PROPAGATED,0x0043eed8->0x0043c810,ptr_int
0x00445768,0x00445768,,a2,Unknown_a2_0,int,CALL_PROPAGATED,CALL_PROPAGATED,0x0043f4f0->0x00445768,hard
0x0043f5b8,FUN_0043f5b8,real_logic,a0,ptr,int,STRUCT_FIELD,CALL_PROPAGATED,0x0043f6e0->0x0043f5b8,ptr_int
0x0043caf0,0x0043caf0,,a1,ptr,int,HEURISTIC,CALL_PROPAGATED,0x0043f740->0x0043caf0,ptr_int
0x0043cae0,0x0043cae0,,a0,ptr,int,HEURISTIC,CALL_PROPAGATED,0x00440248->0x0043cae0,ptr_int
0x0043f328,0x0043f328,,a0,ptr,int,HEURISTIC,CALL_PROPAGATED,0x004408c0->0x0043f328,ptr_int
0x004407e8,0x004407e8,,a0,int,ptr,CALL_PROPAGATED,RETURN_PROPAGATED,0x00440370->0x004407e8,ptr_int
0x0043cb00,FUN_0043cb00,real_logic,a1,int,ptr,HEURISTIC,RETURN_PROPAGATED,0x0043cae0->0x0043cb00,ptr_int
0x0043fb68,0x0043fb68,stub_code,a1,int,ptr,DIRECT,RETURN_PROPAGATED,0x0043cae0->0x0043fb68,ptr_int
0x004407e8,0x004407e8,,a1,int,ptr,CALL_PROPAGATED,RETURN_PROPAGATED,0x0043cae0->0x004407e8,ptr_int
0x0043f278,0x0043f278,,a1,int,ptr,CALL_PROPAGATED,RETURN_PROPAGATED,0x0043cae0->0x0043f278,ptr_int
0x00440370,0x00440370,stub_code,a2,int,ptr,DIRECT,CALL_PROPAGATED,0x004416f0->0x00440370,ptr_int
0x004407b8,0x004407b8,stub_code,a2,int,ptr,DIRECT,CALL_PROPAGATED,0x004416f0->0x004407b8,ptr_int
0x004408c0,0x004408c0,stub_code,a0,int,ptr,DIRECT,RETURN_PROPAGATED,0x00440370->0x004408c0,ptr_int
0x004408c0,0x004408c0,stub_code,a2,int,ptr,DIRECT,CALL_PROPAGATED,0x004416f0->0x004408c0,ptr_int
0x004407e8,0x004407e8,,a2,int,ptr,CALL_PROPAGATED,CALL_PROPAGATED,0x004416f0->0x004407e8,ptr_int
0x0043cb20,0x0043cb20,,a2,int,ptr,CALL_PROPAGATED,CALL_PROPAGATED,0x004416f0->0x0043cb20,ptr_int
0x0043cb00,FUN_0043cb00,real_logic,a2,int,ptr,CALL_PROPAGATED,CALL_PROPAGATED,0x004416f0->0x0043cb00,ptr_int
0x0043cae0,0x0043cae0,,a3,int,ptr,CALL_PROPAGATED,CALL_PROPAGATED,0x004416f0->0x0043cae0,ptr_int
0x0043f278,0x0043f278,,a2,int,ptr,CALL_PROPAGATED,CALL_PROPAGATED,0x004416f0->0x0043f278,ptr_int
0x0043f278,0x0043f278,,a3,int,ptr,CALL_PROPAGATED,CALL_PROPAGATED,0x004416f0->0x0043f278,ptr_int
0x0043fb68,0x0043fb68,stub_code,a3,int,ptr,DIRECT,CALL_PROPAGATED,0x004416f0->0x0043fb68,ptr_int
0x0043caf0,0x0043caf0,,a2,int,ptr,CALL_PROPAGATED,CALL_PROPAGATED,0x004416f0->0x0043caf0,ptr_int
0x0043caf0,0x0043caf0,,a3,int,ptr,CALL_PROPAGATED,CALL_PROPAGATED,0x004416f0->0x0043caf0,ptr_int
0x004407e8,0x004407e8,,a3,int,ptr,CALL_PROPAGATED,CALL_PROPAGATED,0x004416f0->0x004407e8,ptr_int
0x0043cb20,0x0043cb20,,a3,int,ptr,CALL_PROPAGATED,CALL_PROPAGATED,0x004416f0->0x0043cb20,ptr_int
0x0043fb68,0x0043fb68,stub_code,a2,int,Unknown_a2_0,DIRECT,CALL_PROPAGATED,0x00443b58->0x0043fb68,hard
0x00443e98,0x00443e98,stub_code,a3,int,Unknown_a3_20_28_30_38_58_5b,DIRECT,CALL_PROPAGATED,0x00444060->0x00443e98,hard
0x00443f98,0x00443f98,stub_code,a3,int,Unknown_a3_20_28_30_38_58_5b,DIRECT,CALL_PROPAGATED,0x00444060->0x00443f98,hard
0x004287e0,0x004287e0,,a2,Unknown_a1_0,Unknown_a3_20_28_30_38_58_5b,CALL_PROPAGATED,CALL_PROPAGATED,0x00444060->0x004287e0,hard
0x004287e0,0x004287e0,,a3,Unknown_a3_0_4_8_c,Unknown_a3_20_28_30_38_58_5b,CALL_PROPAGATED,CALL_PROPAGATED,0x00444060->0x004287e0,hard
0x0043fb68,0x0043fb68,stub_code,a2,int,Unknown_a3_20_28_30_38_58_5b,DIRECT,CALL_PROPAGATED,0x00444060->0x0043fb68,hard
0x0043fb68,0x0043fb68,stub_code,a3,int,Unknown_a3_20_28_30_38_58_5b,DIRECT,CALL_PROPAGATED,0x00444060->0x0043fb68,hard
0x00444060,0x00444060,stub_code,a3,Unknown_a3_20_28_30_38_58_5b,int,DIRECT,CALL_PROPAGATED,0x00444630->0x00444060,hard
0x0043cef0,0x0043cef0,,a2,ptr,int,HEURISTIC,CALL_PROPAGATED,0x00444bf8->0x0043cef0,ptr_int
0x004460d8,0x004460d8,,a2,int,ptr,HEURISTIC,RETURN_PROPAGATED,0x004460d8->0x004460d8,ptr_int
0x0043eb80,0x0043eb80,stub_code,a1,int,ptr,DIRECT,RETURN_PROPAGATED,0x00448018->0x0043eb80,ptr_int
0x00446fa8,0x00446fa8,stub_code,a1,int,ptr,DIRECT,RETURN_PROPAGATED,0x00448018->0x00446fa8,ptr_int
0x00447548,0x00447548,,a2,int,Unknown_a2_0,CALL_PROPAGATED,CALL_PROPAGATED,0x00447b28->0x00447548,hard
0x00448a10,0x00448a10,stub_code,a0,Unknown_a0_0,int,DIRECT,CALL_PROPAGATED,0x004480f0->0x00448a10,hard
0x004490b0,FUN_004490b0,pseudo_stub,a0,Unknown_a0_1a0,int,DIRECT,CALL_PROPAGATED,0x004481e0->0x004490b0,hard
0x00448fb0,0x00448fb0,stub_code,a0,int,Unknown_a0_1a0,DIRECT,CALL_PROPAGATED,0x00448340->0x00448fb0,hard
0x00448fb0,0x00448fb0,stub_code,a1,int,Unknown_a0_1a0,DIRECT,CALL_PROPAGATED,0x00448340->0x00448fb0,hard
0x00449160,FUN_00449160,pseudo_stub,a0,ptr,int,STRUCT_FIELD,CALL_PROPAGATED,0x004488e0->0x00449160,ptr_int
0x00448c50,0x00448c50,stub_code,a0,int,Unknown_a0_0,DIRECT,CALL_PROPAGATED,0x00448a10->0x00448c50,hard
0x00448c90,0x00448c90,stub_code,a0,int,Unknown_a0_4,DIRECT,CALL_PROPAGATED,0x00448a60->0x00448c90,hard
0x004287e0,0x004287e0,,a2,Unknown_a3_20_28_30_38_58_5b,int,CALL_PROPAGATED,CALL_PROPAGATED,0x00448aa0->0x004287e0,hard
0x00448aa0,0x00448aa0,stub_code,a0,Unknown_a0_f0,int,DIRECT,CALL_PROPAGATED,0x00448bd0->0x00448aa0,hard
0x00246ad0,0x00246ad0,,a3,Unknown_a3_0,int,CALL_PROPAGATED,CALL_PROPAGATED,0x004492d0->0x00246ad0,hard
0x0044a790,0x0044a790,stub_code,a0,Unknown_a0_10,Unknown_a0_100,DIRECT,CALL_PROPAGATED,0x00449550->0x0044a790,hard
0x004586e0,0x004586e0,stub_code,a0,Unknown_a0_3c,Unknown_a0_2c,DIRECT,CALL_PROPAGATED,0x00449b40->0x004586e0,hard
0x00448a10,0x00448a10,stub_code,a0,Unknown_a0_0,Unknown_a0_2c,DIRECT,CALL_PROPAGATED,0x00449b90->0x00448a10,hard
0x004544a0,0x004544a0,stub_code,a0,Unknown_a0_84,Unknown_a0_2c,DIRECT,CALL_PROPAGATED,0x00449b90->0x004544a0,hard
0x0044a790,0x0044a790,stub_code,a0,Unknown_a0_10,Unknown_a0_2c,DIRECT,CALL_PROPAGATED,0x00449b90->0x0044a790,hard
0x004543d0,0x004543d0,,a0,int,Unknown_a0_2c,HEURISTIC,CALL_PROPAGATED,0x00449b90->0x004543d0,hard
0x00246af0,0x00246af0,,a3,Unknown_a3_0,int,CALL_PROPAGATED,CALL_PROPAGATED,0x00449b90->0x00246af0,hard
0x00449200,0x00449200,stub_code,a3,int,ptr,DIRECT,RETURN_PROPAGATED,0x00457c60->0x00449200,ptr_int
0x0044bf20,0x0044bf20,stub_code,a3,int,ptr,DIRECT,RETURN_PROPAGATED,0x00449200->0x0044bf20,ptr_int
0x00457860,0x00457860,stub_code,a3,int,ptr,DIRECT,RETURN_PROPAGATED,0x00449200->0x00457860,ptr_int
0x00458370,0x00458370,stub_code,a3,int,ptr,DIRECT,RETURN_PROPAGATED,0x00449200->0x00458370,ptr_int
0x004544a0,0x004544a0,stub_code,a0,Unknown_a0_84,int,DIRECT,CALL_PROPAGATED,0x00449ea0->0x004544a0,hard
0x0044a790,0x0044a790,stub_code,a0,Unknown_a0_10,int,DIRECT,CALL_PROPAGATED,0x00449ea0->0x0044a790,hard
0x00448a10,0x00448a10,stub_code,a0,Unknown_a0_0,Unknown_a0_10,DIRECT,CALL_PROPAGATED,0x0044a790->0x00448a10,hard
0x00448a60,0x00448a60,stub_code,a0,Unknown_a0_4,Unknown_a0_14,DIRECT,CALL_PROPAGATED,0x0044a840->0x00448a60,hard
0x00237bf0,0x00237bf0,stub_code,a1,int,ptr,DIRECT,RETURN_PROPAGATED,0x0043a490->0x00237bf0,ptr_int
0x0043b700,0x0043b700,stub_code,a1,int,ptr,DIRECT,RETURN_PROPAGATED,0x0043a490->0x0043b700,ptr_int
0x003fb928,0x003fb928,stub_code,a1,int,ptr,DIRECT,RETURN_PROPAGATED,0x0043a490->0x003fb928,ptr_int
0x00237bf0,0x00237bf0,stub_code,a0,int,ptr,DIRECT,RETURN_PROPAGATED,0x003fb928->0x00237bf0,ptr_int
0x00237bf0,0x00237bf0,stub_code,a2,int,ptr,DIRECT,RETURN_PROPAGATED,0x00237bf0->0x00237bf0,ptr_int
0x00237bf0,0x00237bf0,stub_code,a3,int,ptr,DIRECT,RETURN_PROPAGATED,0x00237bf0->0x00237bf0,ptr_int
0x003fb498,0x003fb498,stub_code,a2,int,ptr,DIRECT,RETURN_PROPAGATED,0x00237bf0->0x003fb498,ptr_int
0x0043b700,0x0043b700,stub_code,a2,int,ptr,DIRECT,RETURN_PROPAGATED,0x00237bf0->0x0043b700,ptr_int
0x0043b700,0x0043b700,stub_code,a3,int,ptr,DIRECT,RETURN_PROPAGATED,0x00237bf0->0x0043b700,ptr_int
0x003fb210,0x003fb210,stub_code,a2,int,ptr,DIRECT,RETURN_PROPAGATED,0x00237bf0->0x003fb210,ptr_int
0x003fb928,0x003fb928,stub_code,a2,int,ptr,DIRECT,RETURN_PROPAGATED,0x00237bf0->0x003fb928,ptr_int
0x003fb928,0x003fb928,stub_code,a3,int,ptr,DIRECT,RETURN_PROPAGATED,0x00237bf0->0x003fb928,ptr_int
0x0044f6b0,0x0044f6b0,,a1,int,ptr,HEURISTIC,RETURN_PROPAGATED,0x00459f20->0x0044f6b0,ptr_int
0x00237c70,0x00237c70,stub_code,a0,int,ptr,DIRECT,CALL_PROPAGATED,0x00453a60->0x00237c70,ptr_int
0x004490b0,FUN_004490b0,pseudo_stub,a3,int,ptr,DIRECT,RETURN_PROPAGATED,0x003fb928->0x004490b0,ptr_int
0x00237ce0,0x00237ce0,stub_code,a3,int,ptr,DIRECT,RETURN_PROPAGATED,0x003fb928->0x00237ce0,ptr_int
0x0043b700,0x0043b700,stub_code,a0,int,ptr,DIRECT,RETURN_PROPAGATED,0x003fb928->0x0043b700,ptr_int
0x003fb928,0x003fb928,stub_code,a0,int,ptr,DIRECT,RETURN_PROPAGATED,0x003fb928->0x003fb928,ptr_int
0x004482b0,0x004482b0,stub_code,a0,Unknown_a0_f0,int,DIRECT,CALL_PROPAGATED,0x00454450->0x004482b0,hard
0x00454450,0x00454450,stub_code,a0,int,Unknown_a0_84,DIRECT,CALL_PROPAGATED,0x004544a0->0x00454450,hard
0x004545a0,0x004545a0,stub_code,a0,Unknown_a0_f0,Unknown_a0_84,DIRECT,CALL_PROPAGATED,0x004544a0->0x004545a0,hard
0x00448c10,0x00448c10,stub_code,a0,int,Unknown_a0_84,DIRECT,CALL_PROPAGATED,0x004544a0->0x00448c10,hard
0x00448bd0,0x00448bd0,stub_code,a0,int,Unknown_a0_84,DIRECT,CALL_PROPAGATED,0x004544a0->0x00448bd0,hard
0x0044a790,0x0044a790,stub_code,a0,Unknown_a0_10,Unknown_a0_f0,DIRECT,CALL_PROPAGATED,0x004545a0->0x0044a790,hard
0x00246af0,0x00246af0,,a2,Unknown_a3_0,int,CALL_PROPAGATED,CALL_PROPAGATED,0x00454650->0x00246af0,hard
0x00449160,FUN_00449160,pseudo_stub,a1,int,ptr,DIRECT,RETURN_PROPAGATED,0x004490b0->0x00449160,ptr_int
0x00448a10,0x00448a10,stub_code,a0,Unknown_a0_0,Unknown_a0_28,DIRECT,CALL_PROPAGATED,0x004549d0->0x00448a10,hard
0x00454450,0x00454450,stub_code,a0,int,Unknown_a0_28,DIRECT,CALL_PROPAGATED,0x004549d0->0x00454450,hard
0x004544a0,0x004544a0,stub_code,a0,Unknown_a0_84,Unknown_a0_28,DIRECT,CALL_PROPAGATED,0x004549d0->0x004544a0,hard
0x004543d0,0x004543d0,,a0,Unknown_a0_2c,Unknown_a0_28,CALL_PROPAGATED,CALL_PROPAGATED,0x004549d0->0x004543d0,hard
0x00448a60,0x00448a60,stub_code,a0,Unknown_a0_4,Unknown_a0_28,DIRECT,CALL_PROPAGATED,0x00454d10->0x00448a60,hard
0x004481e0,0x004481e0,stub_code,a0,int,Unknown_a0_28,DIRECT,CALL_PROPAGATED,0x00454d10->0x004481e0,hard
0x00448400,0x00448400,,a0,int,Unknown_a0_28,CALL_PROPAGATED,CALL_PROPAGATED,0x00454d10->0x00448400,hard
0x00459480,0x00459480,stub_code,a0,int,Unknown_a0_28,DIRECT,CALL_PROPAGATED,0x00455220->0x00459480,hard
0x004490b0,FUN_004490b0,pseudo_stub,a0,Unknown_a0_1a0,Unknown_a0_28,DIRECT,CALL_PROPAGATED,0x00455f20->0x004490b0,hard
0x00429068,0x00429068,,a0,Unknown_a0_0_4_8,Unknown_a0_28,CALL_PROPAGATED,CALL_PROPAGATED,0x004572a0->0x00429068,hard
0x004596e0,0x004596e0,stub_code,a0,int,Unknown_a0_28,DIRECT,CALL_PROPAGATED,0x004572a0->0x004596e0,hard
0x00454650,0x00454650,stub_code,a0,int,Unknown_a0_28,DIRECT,CALL_PROPAGATED,0x00457400->0x00454650,hard
0x00448bd0,0x00448bd0,stub_code,a2,int,ptr,DIRECT,CALL_PROPAGATED,0x00457770->0x00448bd0,ptr_int
0x00449260,0x00449260,stub_code,a0,int,ptr,DIRECT,CALL_PROPAGATED,0x00458370->0x00449260,ptr_int
0x004490b0,FUN_004490b0,pseudo_stub,a1,int,ptr,DIRECT,CALL_PROPAGATED,0x00459a40->0x004490b0,ptr_int
0x0043caf0,0x0043caf0,,a0,ptr,int,HEURISTIC,CALL_PROPAGATED,0x0045b230->0x0043caf0,ptr_int
0x0043cb00,FUN_0043cb00,real_logic,a0,ptr,int,HEURISTIC,CALL_PROPAGATED,0x0045b668->0x0043cb00,ptr_int
0x0043cea0,0x0043cea0,,a0,ptr,int,HEURISTIC,CALL_PROPAGATED,0x0045d1a0->0x0043cea0,ptr_int
0x0043ce80,0x0043ce80,,a0,ptr,int,HEURISTIC,CALL_PROPAGATED,0x0045d1a0->0x0043ce80,ptr_int
0x0045df20,0x0045df20,,a1,ptr,int,HEURISTIC,CALL_PROPAGATED,0x0045d4f8->0x0045df20,ptr_int
0x0045df20,0x0045df20,,a2,ptr,int,HEURISTIC,CALL_PROPAGATED,0x0045d4f8->0x0045df20,ptr_int
0x0043cb30,0x0043cb30,,a0,ptr,int,HEURISTIC,CALL_PROPAGATED,0x0045d720->0x0043cb30,ptr_int
0x0043cb30,0x0043cb30,,a1,int,ptr,CALL_PROPAGATED,CALL_PROPAGATED,0x0045dab8->0x0043cb30,ptr_int
0x0043cb00,FUN_0043cb00,real_logic,a3,int,ptr,CALL_PROPAGATED,CALL_PROPAGATED,0x0045dab8->0x0043cb00,ptr_int
0x0043cb30,0x0043cb30,,a2,int,ptr,CALL_PROPAGATED,CALL_PROPAGATED,0x0045dc20->0x0043cb30,ptr_int
0x0043cb30,0x0043cb30,,a3,int,Unknown_a3_20,CALL_PROPAGATED,CALL_PROPAGATED,0x0045dd38->0x0043cb30,hard
0x0043cd60,0x0043cd60,,a0,int,Unknown_a3_20,CALL_PROPAGATED,CALL_PROPAGATED,0x0045dd38->0x0043cd60,hard
0x0043cd60,0x0043cd60,,a3,int,Unknown_a3_20,CALL_PROPAGATED,CALL_PROPAGATED,0x0045dd38->0x0043cd60,hard
0x0043fd58,0x0043fd58,,a0,int,ptr,CALL_PROPAGATED,RETURN_PROPAGATED,0x0043fd58->0x0043fd58,ptr_int
0x0043f278,0x0043f278,,a0,int,ptr,CALL_PROPAGATED,CALL_PROPAGATED,0x0045e248->0x0043f278,ptr_int
0x0043fb68,0x0043fb68,stub_code,a0,int,ptr,DIRECT,CALL_PROPAGATED,0x0045e248->0x0043fb68,ptr_int
0x0045ef40,0x0045ef40,stub_code,a2,int,Unknown_a1_0,DIRECT,CALL_PROPAGATED,0x0045ecf0->0x0045ef40,hard
0x004637b8,0x004637b8,stub_code,a2,int,Unknown_a1_0,DIRECT,CALL_PROPAGATED,0x0045ecf0->0x004637b8,hard
0x00464618,FUN_00464618,pseudo_stub,a1,Unknown_a1_0,int,DIRECT,CALL_PROPAGATED,0x00460a60->0x00464618,hard
0x00461da8,0x00461da8,stub_code,a3,Unknown_a3_0,int,DIRECT,CALL_PROPAGATED,0x00460c60->0x00461da8,hard
0x00462028,0x00462028,stub_code,a3,Unknown_a3_0,int,DIRECT,CALL_PROPAGATED,0x00460e08->0x00462028,hard
0x00464e50,0x00464e50,,a0,ptr,int,HEURISTIC,CALL_PROPAGATED,0x00460e08->0x00464e50,ptr_int
0x00464e50,0x00464e50,,a2,Unknown_a1_0,int,CALL_PROPAGATED,CALL_PROPAGATED,0x00460e08->0x00464e50,hard
0x00464e88,0x00464e88,stub_code,a0,ptr,int,STRUCT_FIELD,CALL_PROPAGATED,0x00461020->0x00464e88,ptr_int
0x00461340,0x00461340,stub_code,a0,ptr,int,STRUCT_FIELD,CALL_PROPAGATED,0x00461150->0x00461340,ptr_int
0x00464e88,0x00464e88,stub_code,a2,int,Unknown_a2_0,DIRECT,CALL_PROPAGATED,0x00461340->0x00464e88,hard
0x00464e88,0x00464e88,stub_code,a3,int,Unknown_a3_0_4,DIRECT,CALL_PROPAGATED,0x00461340->0x00464e88,hard
0x00464668,0x00464668,stub_code,a3,int,Unknown_a3_0,DIRECT,CALL_PROPAGATED,0x00461da8->0x00464668,hard
0x00461cf8,0x00461cf8,stub_code,a1,int,Unknown_a3_0,DIRECT,CALL_PROPAGATED,0x00462028->0x00461cf8,hard
0x00461cf8,0x00461cf8,stub_code,a3,int,Unknown_a3_0,DIRECT,CALL_PROPAGATED,0x00462028->0x00461cf8,hard
0x00461c20,0x00461c20,,a0,ptr,int,HEURISTIC,CALL_PROPAGATED,0x004629a0->0x00461c20,ptr_int
0x0042aa40,0x0042aa40,stub_code,a0,int,ptr,DIRECT,CALL_PROPAGATED,0x00463008->0x0042aa40,ptr_int
0x00464e88,0x00464e88,stub_code,a2,int,ptr,DIRECT,CALL_PROPAGATED,0x00463008->0x00464e88,ptr_int
0x00464e88,0x00464e88,stub_code,a3,int,ptr,DIRECT,CALL_PROPAGATED,0x00463008->0x00464e88,ptr_int
0x004630a8,0x004630a8,stub_code,a0,ptr,int,STRUCT_FIELD,CALL_PROPAGATED,0x004634f0->0x004630a8,ptr_int
0x0043d6f8,0x0043d6f8,stub_code,a0,int,ptr,DIRECT,RETURN_PROPAGATED,0x0043c800->0x0043d6f8,ptr_int
0x00464548,0x00464548,stub_code,a0,ptr,int,STRUCT_FIELD,CALL_PROPAGATED,0x004641d8->0x00464548,ptr_int
0x004647f0,0x004647f0,stub_code,a0,int,Unknown_a0_40_b0_d8_dc_e0_e4,DIRECT,CALL_PROPAGATED,0x00464458->0x004647f0,hard
0x004647f0,0x004647f0,stub_code,a3,int,Unknown_a0_40_b0_d8_dc_e0_e4,DIRECT,CALL_PROPAGATED,0x00464458->0x004647f0,hard
0x00464618,FUN_00464618,pseudo_stub,a0,ptr,int,STRUCT_FIELD,CALL_PROPAGATED,0x00464668->0x00464618,ptr_int
0x00464a78,0x00464a78,stub_code,a3,ptr,int,STRUCT_FIELD,CALL_PROPAGATED,0x004647f0->0x00464a78,ptr_int
0x00464ac0,0x00464ac0,stub_code,a0,int,ptr,DIRECT,CALL_PROPAGATED,0x00464a78->0x00464ac0,ptr_int
0x00464ac0,0x00464ac0,stub_code,a3,int,ptr,DIRECT,CALL_PROPAGATED,0x00464a78->0x00464ac0,ptr_int
0x00464960,0x00464960,stub_code,a0,int,ptr,DIRECT,CALL_PROPAGATED,0x00464a78->0x00464960,ptr_int
0x00464960,0x00464960,stub_code,a3,int,ptr,DIRECT,CALL_PROPAGATED,0x00464a78->0x00464960,ptr_int
0x00462118,0x00462118,stub_code,a0,int,ptr,DIRECT,RETURN_PROPAGATED,0x00462118->0x00462118,ptr_int
0x00461c50,0x00461c50,stub_code,a0,int,ptr,DIRECT,RETURN_PROPAGATED,0x00462118->0x00461c50,ptr_int
0x004654b0,0x004654b0,stub_code,a0,int,ptr,DIRECT,RETURN_PROPAGATED,0x00462118->0x004654b0,ptr_int
0x00462528,0x00462528,,a0,int,ptr,CALL_PROPAGATED,RETURN_PROPAGATED,0x00462118->0x00462528,ptr_int
0x00469a80,0x00469a80,stub_code,a1,int,ptr,DIRECT,CALL_PROPAGATED,0x00465e60->0x00469a80,ptr_int
0x00466420,0x00466420,stub_code,a0,Unknown_a0_1,int,DIRECT,CALL_PROPAGATED,0x00466448->0x00466420,hard
0x00477a08,0x00477a08,,a0,int,Unknown_a0_2_3,CALL_PROPAGATED,CALL_PROPAGATED,0x00466ea0->0x00477a08,hard
0x00467b20,0x00467b20,,a3,Unknown_a3_0_100,int,CALL_PROPAGATED,CALL_PROPAGATED,0x00467d18->0x00467b20,hard
0x00467b60,0x00467b60,stub_code,a3,Unknown_a3_0_100,int,DIRECT,CALL_PROPAGATED,0x00467d18->0x00467b60,hard
0x00477800,0x00477800,stub_code,a1,int,Unknown_a1_0,DIRECT,CALL_PROPAGATED,0x00467da8->0x00477800,hard
0x00467b20,0x00467b20,,a1,int,Unknown_a1_0,CALL_PROPAGATED,CALL_PROPAGATED,0x00467da8->0x00467b20,hard
0x00467fa8,0x00467fa8,stub_code,a0,int,ptr,DIRECT,CALL_PROPAGATED,0x00467e68->0x00467fa8,ptr_int
0x00467fa8,0x00467fa8,stub_code,a2,int,ptr,DIRECT,CALL_PROPAGATED,0x00467e68->0x00467fa8,ptr_int
0x00477948,0x00477948,,a0,ptr,int,HEURISTIC,CALL_PROPAGATED,0x00468550->0x00477948,ptr_int
0x00477a90,0x00477a90,stub_code,a0,ptr,int,STRUCT_FIELD,CALL_PROPAGATED,0x004687e8->0x00477a90,ptr_int
0x00468d08,0x00468d08,stub_code,a0,ptr,int,STRUCT_FIELD,CALL_PROPAGATED,0x00468db8->0x00468d08,ptr_int
0x00469f08,0x00469f08,,a2,ptr,int,HEURISTIC,CALL_PROPAGATED,0x00469f80->0x00469f08,ptr_int
0x0046f168,0x0046f168,,a0,Unknown_a0_8c,int,CALL_PROPAGATED,CALL_PROPAGATED,0x0046bc10->0x0046f168,hard
0x0046f168,0x0046f168,,a1,ptr,int,HEURISTIC,CALL_PROPAGATED,0x0046bc10->0x0046f168,ptr_int
0x0046f168,0x0046f168,,a2,ptr,int,HEURISTIC,CALL_PROPAGATED,0x0046bc10->0x0046f168,ptr_int
0x004736a8,0x004736a8,,a0,ptr,int,HEURISTIC,CALL_PROPAGATED,0x0046ca30->0x004736a8,ptr_int
0x00469ac0,0x00469ac0,stub_code,a3,ptr,int,CALL_PROPAGATED,CALL_PROPAGATED,0x0046ca30->0x00469ac0,ptr_int
0x00469ac0,0x00469ac0,stub_code,a2,ptr,int,CALL_PROPAGATED,CALL_PROPAGATED,0x0046cbc0->0x00469ac0,ptr_int
0x00469ac0,0x00469ac0,stub_code,a0,ptr,int,CALL_PROPAGATED,CALL_PROPAGATED,0x0046d5b0->0x00469ac0,ptr_int
0x00469ac0,0x00469ac0,stub_code,a1,ptr,int,CALL_PROPAGATED,CALL_PROPAGATED,0x0046d5b0->0x00469ac0,ptr_int
0x00484408,0x00484408,stub_code,a0,int,ptr,DIRECT,RETURN_PROPAGATED,0x0046e880->0x00484408,ptr_int
0x004844d8,0x004844d8,stub_code,a2,Unknown_a2_0,int,DIRECT,CALL_PROPAGATED,0x0046d8e8->0x004844d8,hard
0x00481c78,0x00481c78,stub_code,a1,ptr,int,STRUCT_FIELD,CALL_PROPAGATED,0x0046d9d8->0x00481c78,ptr_int
0x00472de0,0x00472de0,stub_code,a1,int,ptr,DIRECT,RETURN_PROPAGATED,0x00481c78->0x00472de0,ptr_int
0x00472ac0,0x00472ac0,stub_code,a1,int,ptr,DIRECT,RETURN_PROPAGATED,0x00481c78->0x00472ac0,ptr_int
0x00473138,0x00473138,stub_code,a1,int,ptr,DIRECT,RETURN_PROPAGATED,0x00481c78->0x00473138,ptr_int
0x0043c970,0x0043c970,,a0,ptr,int,HEURISTIC,CALL_PROPAGATED,0x0046dbd8->0x0043c970,ptr_int
0x0046e360,0x0046e360,,a0,ptr,int,HEURISTIC,CALL_PROPAGATED,0x0046dcd0->0x0046e360,ptr_int
0x0043c9e0,0x0043c9e0,,a0,ptr,int,HEURISTIC,CALL_PROPAGATED,0x0046e2f8->0x0043c9e0,ptr_int
0x0043c9e0,0x0043c9e0,,a2,ptr,int,HEURISTIC,CALL_PROPAGATED,0x0046e2f8->0x0043c9e0,ptr_int
0x0043c8e0,0x0043c8e0,,a0,ptr,int,HEURISTIC,CALL_PROPAGATED,0x0046e428->0x0043c8e0,ptr_int
0x0043c900,0x0043c900,,a0,ptr,int,HEURISTIC,CALL_PROPAGATED,0x0046e428->0x0043c900,ptr_int
0x004848b8,0x004848b8,stub_thunk,a0,ptr,int,HEURISTIC,CALL_PROPAGATED,0x0046e7b0->0x004848b8,ptr_int
0x004846e8,0x004846e8,,a2,ptr,int,HEURISTIC,CALL_PROPAGATED,0x0046ea70->0x004846e8,ptr_int
0x00484700,0x00484700,,a2,ptr,int,HEURISTIC,CALL_PROPAGATED,0x0046ea70->0x00484700,ptr_int
0x00467da8,0x00467da8,stub_code,a1,Unknown_a1_0,int,DIRECT,CALL_PROPAGATED,0x0046fb90->0x00467da8,hard
0x00467e68,0x00467e68,stub_code,a0,ptr,int,STRUCT_FIELD,CALL_PROPAGATED,0x0046fc20->0x00467e68,ptr_int
0x00466670,0x00466670,stub_code,a0,Unknown_a0_b0,int,DIRECT,CALL_PROPAGATED,0x0046fe08->0x00466670,hard
0x0046fbe8,0x0046fbe8,,a0,ptr,int,HEURISTIC,CALL_PROPAGATED,0x0046feb0->0x0046fbe8,ptr_int
0x0046fbe8,0x0046fbe8,,a3,ptr,int,RETURN_PROPAGATED,CALL_PROPAGATED,0x0046feb0->0x0046fbe8,ptr_int
0x004830d8,0x004830d8,,a2,ptr,int,HEURISTIC,CALL_PROPAGATED,0x00470438->0x004830d8,ptr_int
0x00470738,0x00470738,stub_code,a0,Unknown_a0_1,int,DIRECT,CALL_PROPAGATED,0x00470778->0x00470738,hard
0x00470bc0,0x00470bc0,,a3,Unknown_a3_0_100,int,CALL_PROPAGATED,CALL_PROPAGATED,0x00470db8->0x00470bc0,hard
0x00470c00,0x00470c00,stub_code,a3,Unknown_a3_0_100,int,DIRECT,CALL_PROPAGATED,0x00470db8->0x00470c00,hard
0x004715b8,0x004715b8,stub_code,a2,int,ptr,DIRECT,CALL_PROPAGATED,0x00471808->0x004715b8,ptr_int
0x00471050,0x00471050,stub_code,a3,Unknown_a3_0,int,DIRECT,CALL_PROPAGATED,0x00471eb0->0x00471050,hard
0x00471050,0x00471050,stub_code,a0,int,ptr,DIRECT,CALL_PROPAGATED,0x00472090->0x00471050,ptr_int
0x00471050,0x00471050,stub_code,a1,int,ptr,DIRECT,RETURN_PROPAGATED,0x00471050->0x00471050,ptr_int
0x00471050,0x00471050,stub_code,a2,int,ptr,DIRECT,RETURN_PROPAGATED,0x00471050->0x00471050,ptr_int
0x00471380,0x00471380,stub_code,a2,ptr,int,STRUCT_FIELD,CALL_PROPAGATED,0x00472c18->0x00471380,ptr_int
0x004730f8,0x004730f8,stub_code,a0,Unknown_a0_1,int,DIRECT,CALL_PROPAGATED,0x00473138->0x004730f8,hard
0x004830d8,0x004830d8,,a1,ptr,int,HEURISTIC,CALL_PROPAGATED,0x00473900->0x004830d8,ptr_int
0x0046b718,0x0046b718,,a2,ptr,int,HEURISTIC,CALL_PROPAGATED,0x00473c48->0x0046b718,ptr_int
0x004736f8,0x004736f8,,a0,ptr,int,HEURISTIC,CALL_PROPAGATED,0x00473e90->0x004736f8,ptr_int
0x004789c0,0x004789c0,stub_code,a0,int,Unknown_a0_8,DIRECT,CALL_PROPAGATED,0x00473f20->0x004789c0,hard
0x004738a8,0x004738a8,,a2,ptr,int,HEURISTIC,CALL_PROPAGATED,0x00474ac8->0x004738a8,ptr_int
0x004736b0,0x004736b0,,a1,ptr,int,HEURISTIC,CALL_PROPAGATED,0x00474ac8->0x004736b0,ptr_int
0x004736b0,0x004736b0,,a2,ptr,int,HEURISTIC,CALL_PROPAGATED,0x00474ac8->0x004736b0,ptr_int
0x00470908,0x00470908,stub_thunk,a1,ptr,int,HEURISTIC,CALL_PROPAGATED,0x00474dd8->0x00470908,ptr_int
0x00470890,0x00470890,stub_thunk,a0,Unknown_a0_4,int,DIRECT,CALL_PROPAGATED,0x00474ea0->0x00470890,hard
0x00470a50,0x00470a50,stub_code,a2,int,ptr,DIRECT,CALL_PROPAGATED,0x004754b0->0x00470a50,ptr_int
0x0046b6c0,0x0046b6c0,stub_code,a2,int,ptr,DIRECT,CALL_PROPAGATED,0x004754b0->0x0046b6c0,ptr_int
0x0046b6c0,0x0046b6c0,stub_code,a3,int,ptr,DIRECT,CALL_PROPAGATED,0x004754b0->0x0046b6c0,ptr_int
0x004709f8,0x004709f8,stub_code,a0,int,Unknown_a0_4,DIRECT,CALL_PROPAGATED,0x004756c8->0x004709f8,hard
0x00470a50,0x00470a50,stub_code,a0,int,Unknown_a0_4,DIRECT,CALL_PROPAGATED,0x004756e8->0x00470a50,hard
0x00470968,0x00470968,stub_thunk,a0,Unknown_a0_4,int,DIRECT,CALL_PROPAGATED,0x004762f0->0x00470968,hard
0x00470980,FUN_00470980,pseudo_stub,a0,Unknown_a0_4,int,DIRECT,CALL_PROPAGATED,0x004762f0->0x00470980,hard
0x004709b0,0x004709b0,stub_thunk,a0,Unknown_a0_4,int,DIRECT,CALL_PROPAGATED,0x004762f0->0x004709b0,hard
0x00470b38,0x00470b38,stub_thunk,a0,Unknown_a0_4,int,DIRECT,CALL_PROPAGATED,0x004762f0->0x00470b38,hard
0x004708a8,0x004708a8,stub_thunk,a0,Unknown_a0_4,int,DIRECT,CALL_PROPAGATED,0x004765b8->0x004708a8,hard
0x0046fa58,0x0046fa58,,a3,ptr,int,CALL_PROPAGATED,CALL_PROPAGATED,0x004765b8->0x0046fa58,ptr_int
0x0046fa58,0x0046fa58,,a1,int,ptr,CALL_PROPAGATED,RETURN_PROPAGATED,0x0046fa58->0x0046fa58,ptr_int
0x0046f978,0x0046f978,,a0,ptr,int,HEURISTIC,CALL_PROPAGATED,0x00476e28->0x0046f978,ptr_int
0x004708d8,0x004708d8,stub_thunk,a0,Unknown_a0_4,int,DIRECT,CALL_PROPAGATED,0x00476e28->0x004708d8,hard
0x0046fe00,0x0046fe00,,a0,ptr,int,HEURISTIC,CALL_PROPAGATED,0x00476e28->0x0046fe00,ptr_int
0x0046fe00,0x0046fe00,,a1,ptr,int,HEURISTIC,CALL_PROPAGATED,0x00476e28->0x0046fe00,ptr_int
0x0046fe00,0x0046fe00,,a2,ptr,int,HEURISTIC,CALL_PROPAGATED,0x00476e28->0x0046fe00,ptr_int
0x00429370,0x00429370,,a1,int,ptr,HEURISTIC,RETURN_PROPAGATED,0x00429068->0x00429370,ptr_int
0x00478540,0x00478540,stub_code,a1,Unknown_a1_0,int,DIRECT,CALL_PROPAGATED,0x004783a0->0x00478540,hard
0x00478540,0x00478540,stub_code,a2,ptr,int,STRUCT_FIELD,CALL_PROPAGATED,0x004783a0->0x00478540,ptr_int
0x00477c70,0x00477c70,stub_code,a1,int,ptr,DIRECT,RETURN_PROPAGATED,0x00429068->0x00477c70,ptr_int
0x00477c70,0x00477c70,stub_code,a2,int,ptr,DIRECT,RETURN_PROPAGATED,0x004287e0->0x00477c70,ptr_int
0x00479a08,0x00479a08,stub_code,a1,int,ptr,DIRECT,RETURN_PROPAGATED,0x00429068->0x00479a08,ptr_int
0x00484070,0x00484070,stub_thunk,a0,int,ptr,HEURISTIC,RETURN_PROPAGATED,0x0047ac78->0x00484070,ptr_int
0x0045c8f0,0x0045c8f0,stub_code,a0,int,ptr,DIRECT,RETURN_PROPAGATED,0x0047ac78->0x0045c8f0,ptr_int
0x0047ac78,0x0047ac78,,a0,int,ptr,CALL_PROPAGATED,RETURN_PROPAGATED,0x0047ac78->0x0047ac78,ptr_int
0x0045bd70,0x0045bd70,stub_code,a0,int,ptr,DIRECT,RETURN_PROPAGATED,0x0045c988->0x0045bd70,ptr_int
0x0047ac78,0x0047ac78,,a1,int,ptr,CALL_PROPAGATED,RETURN_PROPAGATED,0x0047ac78->0x0047ac78,ptr_int
0x0045bd70,0x0045bd70,stub_code,a1,int,ptr,DIRECT,RETURN_PROPAGATED,0x0047ac78->0x0045bd70,ptr_int
0x0047a340,0x0047a340,stub_code,a0,int,ptr,DIRECT,RETURN_PROPAGATED,0x0047ac78->0x0047a340,ptr_int
0x0047a340,0x0047a340,stub_code,a1,int,ptr,DIRECT,RETURN_PROPAGATED,0x0047ac78->0x0047a340,ptr_int
0x0047af10,0x0047af10,stub_code,a1,int,ptr,DIRECT,RETURN_PROPAGATED,0x0047ac78->0x0047af10,ptr_int
0x0043eb80,0x0043eb80,stub_code,a1,int,Unknown_a1_0,DIRECT,CALL_PROPAGATED,0x0047a900->0x0043eb80,hard
0x0047a900,0x0047a900,stub_code,a1,Unknown_a1_0,int,DIRECT,CALL_PROPAGATED,0x0047a968->0x0047a900,hard
0x004416f0,0x004416f0,stub_code,a2,ptr,int,STRUCT_FIELD,CALL_PROPAGATED,0x0047af10->0x004416f0,ptr_int
0x0047ad98,FUN_0047ad98,pseudo_stub,a3,ptr,int,HEURISTIC,CALL_PROPAGATED,0x0047af10->0x0047ad98,ptr_int
0x00481b40,0x00481b40,stub_code,a0,int,Unknown_a0_40,DIRECT,CALL_PROPAGATED,0x0047b528->0x00481b40,hard
0x00481b40,0x00481b40,stub_code,a0,int,Unknown_a0_3c,DIRECT,CALL_PROPAGATED,0x0047b618->0x00481b40,hard
0x0043fd98,0x0043fd98,stub_code,a0,ptr,int,STRUCT_FIELD,CALL_PROPAGATED,0x0047b7d0->0x0043fd98,ptr_int
0x0042aa40,0x0042aa40,stub_code,a0,int,Unknown_a0_0,DIRECT,CALL_PROPAGATED,0x0047b930->0x0042aa40,hard
0x00483fc8,0x00483fc8,stub_thunk,a3,int,Unknown_a3_0,CALL_PROPAGATED,CALL_PROPAGATED,0x0047bed0->0x00483fc8,hard
0x0047aff0,0x0047aff0,stub_code,a0,int,ptr,DIRECT,RETURN_PROPAGATED,0x0047ac78->0x0047aff0,ptr_int
0x0047ae58,0x0047ae58,stub_code,a0,int,ptr,DIRECT,RETURN_PROPAGATED,0x0047ac78->0x0047ae58,ptr_int
0x0047af88,0x0047af88,stub_code,a0,int,ptr,DIRECT,RETURN_PROPAGATED,0x0047dc30->0x0047af88,ptr_int
0x0047e538,0x0047e538,stub_code,a0,Unknown_a0_8_28,int,DIRECT,CALL_PROPAGATED,0x0047e5a0->0x0047e538,hard
0x0047de28,0x0047de28,stub_code,a0,int,ptr,DIRECT,RETURN_PROPAGATED,0x0043eb80->0x0047de28,ptr_int
0x0043eb80,0x0043eb80,stub_code,a0,int,ptr,DIRECT,RETURN_PROPAGATED,0x0043eb80->0x0043eb80,ptr_int
0x004802a0,0x004802a0,stub_code,a0,Unknown_a0_40,int,DIRECT,CALL_PROPAGATED,0x0047f998->0x004802a0,hard
0x0047fe50,0x0047fe50,stub_code,a2,int,ptr,DIRECT,CALL_PROPAGATED,0x0047fa58->0x0047fe50,ptr_int
0x0047fe50,0x0047fe50,stub_code,a1,int,ptr,DIRECT,CALL_PROPAGATED,0x0047fa58->0x0047fe50,ptr_int
0x0042baa8,0x0042baa8,,a1,ptr,int,HEURISTIC,CALL_PROPAGATED,0x0047fe50->0x0042baa8,ptr_int
0x004800e8,0x004800e8,stub_code,a0,int,Unknown_a0_40,DIRECT,CALL_PROPAGATED,0x004802a0->0x004800e8,hard
0x00480198,0x00480198,stub_code,a0,int,Unknown_a0_40,DIRECT,CALL_PROPAGATED,0x004802a0->0x00480198,hard
0x004829b8,0x004829b8,stub_code,a0,int,ptr,DIRECT,RETURN_PROPAGATED,0x0043eb80->0x004829b8,ptr_int
0x0047bed0,0x0047bed0,stub_code,a0,int,ptr,DIRECT,RETURN_PROPAGATED,0x004439d0->0x0047bed0,ptr_int
0x0047bed0,0x0047bed0,stub_code,a3,Unknown_a3_0,int,DIRECT,CALL_PROPAGATED,0x00480e50->0x0047bed0,hard
0x00428998,0x00428998,,a0,Unknown_a0_8c,Unknown_a0_60,CALL_PROPAGATED,CALL_PROPAGATED,0x00481058->0x00428998,hard
0x0043eb80,0x0043eb80,stub_code,a0,int,Unknown_a0_60,DIRECT,CALL_PROPAGATED,0x00481058->0x0043eb80,hard
0x00481b40,0x00481b40,stub_code,a1,int,Unknown_a0_0_18,DIRECT,CALL_PROPAGATED,0x00482bf8->0x00481b40,hard
0x004830d8,0x004830d8,,a0,int,Unknown_a0_0_18,HEURISTIC,CALL_PROPAGATED,0x00482bf8->0x004830d8,hard
0x00481b80,0x00481b80,stub_code,a0,int,Unknown_a0_0_18,HEURISTIC,CALL_PROPAGATED,0x00482bf8->0x00481b80,hard
0x00481b80,0x00481b80,stub_code,a1,int,Unknown_a0_0_18,HEURISTIC,CALL_PROPAGATED,0x00482bf8->0x00481b80,hard
0x00481b40,0x00481b40,stub_code,a1,int,Unknown_a0_10,DIRECT,CALL_PROPAGATED,0x00482e88->0x00481b40,hard
0x00429370,0x00429370,,a0,int,Unknown_a0_0_4,CALL_PROPAGATED,CALL_PROPAGATED,0x00483318->0x00429370,hard
0x004831d0,0x004831d0,,a1,ptr,int,HEURISTIC,CALL_PROPAGATED,0x00483318->0x004831d0,ptr_int
0x00481b40,0x00481b40,stub_code,a1,int,ptr,DIRECT,CALL_PROPAGATED,0x00483810->0x00481b40,ptr_int
0x00481b40,0x00481b40,stub_code,a0,int,ptr,DIRECT,CALL_PROPAGATED,0x00483810->0x00481b40,ptr_int
0x00481b40,0x00481b40,stub_code,a2,int,ptr,DIRECT,CALL_PROPAGATED,0x00483810->0x00481b40,ptr_int
0x00428998,0x00428998,,a1,Unknown_a0_0_1c,Unknown_a1_14,CALL_PROPAGATED,CALL_PROPAGATED,0x00483d88->0x00428998,hard
0x0047bed0,0x0047bed0,stub_code,a1,int,Unknown_a1_14,DIRECT,CALL_PROPAGATED,0x00483d88->0x0047bed0,hard
0x0043eb80,0x0043eb80,stub_code,a1,int,Unknown_a1_14,DIRECT,CALL_PROPAGATED,0x00483d88->0x0043eb80,hard
0x003f82a8,0x003f82a8,,a0,ptr,int,HEURISTIC,CALL_PROPAGATED,0x00484260->0x003f82a8,ptr_int
0x003f82a8,0x003f82a8,,a2,ptr,int,HEURISTIC,CALL_PROPAGATED,0x00484260->0x003f82a8,ptr_int
0x003f82a8,0x003f82a8,,a3,ptr,int,HEURISTIC,CALL_PROPAGATED,0x00484260->0x003f82a8,ptr_int
0x00483fc8,0x00483fc8,stub_thunk,a1,int,Unknown_a1_0_4,CALL_PROPAGATED,CALL_PROPAGATED,0x00484408->0x00483fc8,hard
0x004841a0,0x004841a0,stub_code,a1,int,Unknown_a1_0_4,DIRECT,CALL_PROPAGATED,0x00484408->0x004841a0,hard
0x00483fe0,0x00483fe0,stub_thunk,a1,int,Unknown_a1_0_4,CALL_PROPAGATED,CALL_PROPAGATED,0x00484408->0x00483fe0,hard
0x004841a0,0x004841a0,stub_code,a2,int,Unknown_a2_0,DIRECT,CALL_PROPAGATED,0x004844d8->0x004841a0,hard
0x00483fc8,0x00483fc8,stub_thunk,a2,int,Unknown_a2_0,CALL_PROPAGATED,CALL_PROPAGATED,0x004844d8->0x00483fc8,hard
0x00483fe0,0x00483fe0,stub_thunk,a0,ptr,int,HEURISTIC,CALL_PROPAGATED,0x00484a88->0x00483fe0,ptr_int
0x004861b8,0x004861b8,stub_code,a0,int,Unknown_a1_0_4_8,DIRECT,CALL_PROPAGATED,0x0048b018->0x004861b8,hard
0x004861b8,0x004861b8,stub_code,a1,int,Unknown_a1_0_4_8,DIRECT,CALL_PROPAGATED,0x0048b018->0x004861b8,hard
0x004861b8,0x004861b8,stub_code,a3,int,Unknown_a1_0_4_8,DIRECT,CALL_PROPAGATED,0x0048b018->0x004861b8,hard
0x004917b0,0x004917b0,,a0,int,ptr,CALL_PROPAGATED,CALL_PROPAGATED,0x0048c4d8->0x004917b0,ptr_int
0x0048c5e0,0x0048c5e0,stub_code,a0,int,ptr,DIRECT,CALL_PROPAGATED,0x0048c4d8->0x0048c5e0,ptr_int
0x0048cad8,0x0048cad8,stub_code,a0,ptr,int,STRUCT_FIELD,CALL_PROPAGATED,0x0048c5e0->0x0048cad8,ptr_int
0x0048d660,0x0048d660,stub_code,a0,ptr,int,STRUCT_FIELD,CALL_PROPAGATED,0x0048c5e0->0x0048d660,ptr_int
0x0048c870,0x0048c870,stub_code,a0,int,ptr,DIRECT,CALL_PROPAGATED,0x0048cad8->0x0048c870,ptr_int
0x0048c870,0x0048c870,stub_code,a3,int,ptr,DIRECT,CALL_PROPAGATED,0x0048cad8->0x0048c870,ptr_int
0x0048c7a8,0x0048c7a8,,a3,ptr,int,CALL_PROPAGATED,CALL_PROPAGATED,0x0048d660->0x0048c7a8,ptr_int
0x003fb748,0x003fb748,stub_code,a2,int,ptr,DIRECT,CALL_PROPAGATED,0x0048d660->0x003fb748,ptr_int
0x0048c870,0x0048c870,stub_code,a1,int,ptr,DIRECT,CALL_PROPAGATED,0x0048d660->0x0048c870,ptr_int
0x0048c870,0x0048c870,stub_code,a2,int,ptr,DIRECT,CALL_PROPAGATED,0x0048d660->0x0048c870,ptr_int
0x0048cad0,0x0048cad0,,a1,int,ptr,HEURISTIC,CALL_PROPAGATED,0x0048d660->0x0048cad0,ptr_int
0x0048cad0,0x0048cad0,,a2,int,ptr,HEURISTIC,CALL_PROPAGATED,0x0048d660->0x0048cad0,ptr_int
0x0048cad0,0x0048cad0,,a3,ptr,int,CALL_PROPAGATED,CALL_PROPAGATED,0x0048d660->0x0048cad0,ptr_int
0x0048c7a8,0x0048c7a8,,a1,int,ptr,HEURISTIC,CALL_PROPAGATED,0x0048d660->0x0048c7a8,ptr_int
0x0048c7a8,0x0048c7a8,,a2,int,ptr,HEURISTIC,CALL_PROPAGATED,0x0048d660->0x0048c7a8,ptr_int
0x0048c420,0x0048c420,stub_code,a0,ptr,int,STRUCT_FIELD,CALL_PROPAGATED,0x00491590->0x0048c420,ptr_int
0x00493b20,0x00493b20,stub_code,a0,Unknown_a0_0_8,int,DIRECT,CALL_PROPAGATED,0x00493a10->0x00493b20,hard
0x00496870,0x00496870,stub_code,a0,ptr,int,STRUCT_FIELD,CALL_PROPAGATED,0x00494e68->0x00496870,ptr_int
0x00496718,0x00496718,stub_code,a0,int,ptr,DIRECT,CALL_PROPAGATED,0x00496870->0x00496718,ptr_int
0x00496718,0x00496718,stub_code,a1,int,ptr,DIRECT,CALL_PROPAGATED,0x00496870->0x00496718,ptr_int
0x00496718,0x00496718,stub_code,a2,int,ptr,DIRECT,CALL_PROPAGATED,0x00496870->0x00496718,ptr_int
0x00496940,0x00496940,stub_code,a0,int,ptr,DIRECT,CALL_PROPAGATED,0x00496870->0x00496940,ptr_int
0x00496f88,0x00496f88,,a1,int,ptr,CALL_PROPAGATED,RETURN_PROPAGATED,0x00496df0->0x00496f88,ptr_int
0x00496e40,0x00496e40,stub_code,a1,int,ptr,DIRECT,RETURN_PROPAGATED,0x00496df0->0x00496e40,ptr_int
0x004af418,0x004af418,stub_code,a1,int,ptr,DIRECT,CALL_PROPAGATED,0x00497898->0x004af418,ptr_int
0x004af418,0x004af418,stub_code,a2,int,ptr,DIRECT,CALL_PROPAGATED,0x00497898->0x004af418,ptr_int
0x004af418,0x004af418,stub_code,a3,int,ptr,DIRECT,CALL_PROPAGATED,0x00497898->0x004af418,ptr_int
0x0049a3e0,0x0049a3e0,stub_code,a1,int,ptr,DIRECT,CALL_PROPAGATED,0x00497898->0x0049a3e0,ptr_int
0x0049a3e0,0x0049a3e0,stub_code,a2,int,ptr,DIRECT,CALL_PROPAGATED,0x00497898->0x0049a3e0,ptr_int
0x0049a3e0,0x0049a3e0,stub_code,a3,int,ptr,DIRECT,CALL_PROPAGATED,0x00497898->0x0049a3e0,ptr_int
0x0049f028,0x0049f028,,a1,int,ptr,CALL_PROPAGATED,CALL_PROPAGATED,0x00497898->0x0049f028,ptr_int
0x0049f028,0x0049f028,,a2,int,ptr,CALL_PROPAGATED,CALL_PROPAGATED,0x00497898->0x0049f028,ptr_int
0x0049f028,0x0049f028,,a3,int,ptr,CALL_PROPAGATED,CALL_PROPAGATED,0x00497898->0x0049f028,ptr_int
0x00498e90,0x00498e90,stub_code,a1,int,Unknown_a1_8_c,DIRECT,CALL_PROPAGATED,0x00497968->0x00498e90,hard
0x00498e90,0x00498e90,stub_code,a3,int,Unknown_a1_8_c,DIRECT,CALL_PROPAGATED,0x00497968->0x00498e90,hard
0x004976b0,0x004976b0,stub_code,a0,int,ptr,DIRECT,CALL_PROPAGATED,0x00497a10->0x004976b0,ptr_int
0x004976b0,0x004976b0,stub_code,a1,int,ptr,DIRECT,CALL_PROPAGATED,0x00497a10->0x004976b0,ptr_int
0x004976b0,0x004976b0,stub_code,a2,int,Unknown_a2_0,DIRECT,CALL_PROPAGATED,0x00497a10->0x004976b0,hard
0x00498e90,0x00498e90,stub_code,a0,int,Unknown_a2_0,DIRECT,CALL_PROPAGATED,0x00497a10->0x00498e90,hard
0x00498e90,0x00498e90,stub_code,a1,int,ptr,DIRECT,CALL_PROPAGATED,0x00497a10->0x00498e90,ptr_int
0x00498e90,0x00498e90,stub_code,a2,int,ptr,DIRECT,CALL_PROPAGATED,0x00497a10->0x00498e90,ptr_int
0x00497490,0x00497490,,a3,ptr,int,HEURISTIC,CALL_PROPAGATED,0x00497b00->0x00497490,ptr_int
0x00497700,0x00497700,,a3,ptr,int,HEURISTIC,CALL_PROPAGATED,0x00497b00->0x00497700,ptr_int
0x00497720,0x00497720,,a3,ptr,int,HEURISTIC,CALL_PROPAGATED,0x00497b00->0x00497720,ptr_int
0x004b06b0,0x004b06b0,stub_code,a0,int,Unknown_a0_40,DIRECT,CALL_PROPAGATED,0x00498358->0x004b06b0,hard
0x004b06b0,0x004b06b0,stub_code,a1,int,Unknown_a0_40,DIRECT,CALL_PROPAGATED,0x00498358->0x004b06b0,hard
0x004b06b0,0x004b06b0,stub_code,a2,int,Unknown_a0_40,DIRECT,CALL_PROPAGATED,0x00498358->0x004b06b0,hard
0x003fb748,0x003fb748,stub_code,a0,int,Unknown_a0_40,DIRECT,CALL_PROPAGATED,0x00498358->0x003fb748,hard
0x003fb748,0x003fb748,stub_code,a1,int,Unknown_a0_40,DIRECT,CALL_PROPAGATED,0x00498358->0x003fb748,hard
0x003fb748,0x003fb748,stub_code,a2,int,Unknown_a0_40,DIRECT,CALL_PROPAGATED,0x00498358->0x003fb748,hard
0x003fb150,0x003fb150,stub_code,a0,int,Unknown_a0_40,DIRECT,CALL_PROPAGATED,0x00498358->0x003fb150,hard
0x003fb150,0x003fb150,stub_code,a1,int,Unknown_a0_40,DIRECT,CALL_PROPAGATED,0x00498358->0x003fb150,hard
0x003fb150,0x003fb150,stub_code,a2,int,Unknown_a0_40,DIRECT,CALL_PROPAGATED,0x00498358->0x003fb150,hard
0x003fb800,0x003fb800,stub_code,a0,int,Unknown_a0_40,DIRECT,CALL_PROPAGATED,0x00498358->0x003fb800,hard
0x003fb800,0x003fb800,stub_code,a1,int,Unknown_a0_40,DIRECT,CALL_PROPAGATED,0x00498358->0x003fb800,hard
0x003fb800,0x003fb800,stub_code,a2,int,Unknown_a0_40,DIRECT,CALL_PROPAGATED,0x00498358->0x003fb800,hard
0x003fb6f8,0x003fb6f8,stub_code,a0,int,Unknown_a0_40,DIRECT,CALL_PROPAGATED,0x00498358->0x003fb6f8,hard
0x003fb6f8,0x003fb6f8,stub_code,a1,int,Unknown_a0_40,DIRECT,CALL_PROPAGATED,0x00498358->0x003fb6f8,hard
0x003fb6f8,0x003fb6f8,stub_code,a2,int,Unknown_a0_40,DIRECT,CALL_PROPAGATED,0x00498358->0x003fb6f8,hard
0x004b06b0,0x004b06b0,stub_code,a1,int,ptr,DIRECT,RETURN_PROPAGATED,0x003fb748->0x004b06b0,ptr_int
0x004aeea0,0x004aeea0,stub_code,a0,int,Unknown_a0_40,DIRECT,CALL_PROPAGATED,0x00498358->0x004aeea0,hard
0x004aeea0,0x004aeea0,stub_code,a1,int,Unknown_a0_40,DIRECT,CALL_PROPAGATED,0x00498358->0x004aeea0,hard
0x004aeea0,0x004aeea0,stub_code,a2,int,Unknown_a0_40,DIRECT,CALL_PROPAGATED,0x00498358->0x004aeea0,hard
0x004a5578,0x004a5578,stub_code,a2,int,Unknown_a0_40,DIRECT,CALL_PROPAGATED,0x00498358->0x004a5578,hard
0x0049a3e0,0x0049a3e0,stub_code,a2,int,Unknown_a0_40,DIRECT,CALL_PROPAGATED,0x00498358->0x0049a3e0,hard
0x004981b0,0x004981b0,stub_code,a2,int,Unknown_a0_40,DIRECT,CALL_PROPAGATED,0x00498358->0x004981b0,hard
0x00497b00,0x00497b00,stub_code,a2,int,ptr,DIRECT,RETURN_PROPAGATED,0x00499f68->0x00497b00,ptr_int
0x004981b0,0x004981b0,stub_code,a2,int,ptr,DIRECT,RETURN_PROPAGATED,0x00499f68->0x004981b0,ptr_int
0x00499f68,0x00499f68,,a2,ptr,int,HEURISTIC,CALL_PROPAGATED,0x004988e8->0x00499f68,ptr_int
0x0049f028,0x0049f028,,a2,Unknown_a0_40,int,CALL_PROPAGATED,CALL_PROPAGATED,0x00498990->0x0049f028,hard
0x0049c4d0,0x0049c4d0,,a1,ptr,int,HEURISTIC,CALL_PROPAGATED,0x004989f8->0x0049c4d0,ptr_int
0x0049d260,0x0049d260,stub_code,a0,ptr,int,STRUCT_FIELD,CALL_PROPAGATED,0x00498ac0->0x0049d260,ptr_int
0x00499f68,0x00499f68,,a1,ptr,int,HEURISTIC,CALL_PROPAGATED,0x00498e48->0x00499f68,ptr_int
0x0049d9c0,0x0049d9c0,stub_thunk,a0,Unknown_a0_a8,int,DIRECT,CALL_PROPAGATED,0x00499318->0x0049d9c0,hard
0x0049a220,0x0049a220,stub_code,a0,int,ptr,DIRECT,CALL_PROPAGATED,0x00499518->0x0049a220,ptr_int
0x0049a220,0x0049a220,stub_code,a1,int,Unknown_a1_4_38,DIRECT,CALL_PROPAGATED,0x00499518->0x0049a220,hard
0x0049a220,0x0049a220,stub_code,a1,int,ptr,DIRECT,CALL_PROPAGATED,0x004996a8->0x0049a220,ptr_int
0x004b4770,0x004b4770,stub_code,a0,Unknown_a0_4,int,DIRECT,CALL_PROPAGATED,0x00499838->0x004b4770,hard
0x004b9968,0x004b9968,stub_code,a1,int,Unknown_a1_4_38,DIRECT,CALL_PROPAGATED,0x00499910->0x004b9968,hard
0x00428998,0x00428998,,a1,Unknown_a0_0_1c,Unknown_a1_4_38,CALL_PROPAGATED,CALL_PROPAGATED,0x00499910->0x00428998,hard
0x004b0d18,0x004b0d18,stub_code,a0,int,Unknown_a0_40,DIRECT,CALL_PROPAGATED,0x00499da8->0x004b0d18,hard
0x004b4fa8,0x004b4fa8,stub_code,a0,Unknown_a0_4,int,DIRECT,CALL_PROPAGATED,0x00499e60->0x004b4fa8,hard
0x0049b7d0,FUN_0049b7d0,pseudo_stub,a0,Unknown_a0_40,Unknown_a0_0,DIRECT,CALL_PROPAGATED,0x0049a288->0x0049b7d0,hard
0x00499f68,0x00499f68,,a0,int,Unknown_a0_6c,HEURISTIC,CALL_PROPAGATED,0x0049a2f0->0x00499f68,hard
0x00498ac0,0x00498ac0,stub_code,a0,int,Unknown_a0_6c,DIRECT,CALL_PROPAGATED,0x0049a2f0->0x00498ac0,hard
0x0049ee70,0x0049ee70,stub_code,a0,int,Unknown_a0_6c,DIRECT,CALL_PROPAGATED,0x0049a2f0->0x0049ee70,hard
0x0049eec0,0x0049eec0,stub_code,a0,int,Unknown_a0_6c,DIRECT,CALL_PROPAGATED,0x0049a2f0->0x0049eec0,hard
0x0047ff70,0x0047ff70,stub_code,a0,int,Unknown_a0_6c,DIRECT,CALL_PROPAGATED,0x0049a2f0->0x0047ff70,hard
0x0049a4d8,0x0049a4d8,stub_code,a0,int,Unknown_a0_6c,DIRECT,CALL_PROPAGATED,0x0049a2f0->0x0049a4d8,hard
0x00482968,0x00482968,stub_code,a0,int,Unknown_a0_6c,DIRECT,CALL_PROPAGATED,0x0049a2f0->0x00482968,hard
0x00482968,0x00482968,stub_code,a1,ptr,int,HEURISTIC,CALL_PROPAGATED,0x0049a2f0->0x00482968,ptr_int
0x00481c28,0x00481c28,stub_code,a0,int,Unknown_a0_6c,DIRECT,CALL_PROPAGATED,0x0049a2f0->0x00481c28,hard
0x00481c28,0x00481c28,stub_code,a1,ptr,int,HEURISTIC,CALL_PROPAGATED,0x0049a2f0->0x00481c28,ptr_int
0x00482170,0x00482170,stub_code,a0,int,Unknown_a0_6c,DIRECT,CALL_PROPAGATED,0x0049a2f0->0x00482170,hard
0x00482170,0x00482170,stub_code,a1,ptr,int,HEURISTIC,CALL_PROPAGATED,0x0049a2f0->0x00482170,ptr_int
0x004ad5f0,0x004ad5f0,stub_code,a0,int,Unknown_a0_40,DIRECT,CALL_PROPAGATED,0x0049a738->0x004ad5f0,hard
0x004af1b0,0x004af1b0,stub_code,a0,int,Unknown_a0_40,DIRECT,CALL_PROPAGATED,0x0049a7b8->0x004af1b0,hard
0x004ad3f0,0x004ad3f0,stub_code,a0,int,Unknown_a0_40,DIRECT,CALL_PROPAGATED,0x0049a848->0x004ad3f0,hard
0x00499910,0x00499910,stub_code,a1,Unknown_a1_4_38,int,DIRECT,CALL_PROPAGATED,0x0049a8a8->0x00499910,hard
0x0049d2f0,0x0049d2f0,,a1,ptr,int,HEURISTIC,CALL_PROPAGATED,0x0049a8a8->0x0049d2f0,ptr_int
0x0049d2f0,0x0049d2f0,,a2,ptr,int,HEURISTIC,CALL_PROPAGATED,0x0049a8a8->0x0049d2f0,ptr_int
0x0049d2f0,0x0049d2f0,,a3,ptr,int,HEURISTIC,CALL_PROPAGATED,0x0049a8a8->0x0049d2f0,ptr_int
0x0049ffe0,0x0049ffe0,stub_code,a2,ptr,int,STRUCT_FIELD,CALL_PROPAGATED,0x0049aef0->0x0049ffe0,ptr_int
0x00446c30,FUN_00446c30,pseudo_stub,a0,Unknown_a0_0,int,DIRECT,CALL_PROPAGATED,0x0049b2e8->0x00446c30,hard
0x00446c30,FUN_00446c30,pseudo_stub,a1,int,ptr,DIRECT,RETURN_PROPAGATED,0x00446660->0x00446c30,ptr_int
0x0046f2b0,0x0046f2b0,,a0,Unknown_a0_8c,int,CALL_PROPAGATED,CALL_PROPAGATED,0x0049b368->0x0046f2b0,hard
0x0049b8d8,0x0049b8d8,,a2,int,ptr,CALL_PROPAGATED,RETURN_PROPAGATED,0x0049b438->0x0049b8d8,ptr_int
0x0049c7a0,0x0049c7a0,stub_code,a0,Unknown_a0_88,int,DIRECT,CALL_PROPAGATED,0x0049c728->0x0049c7a0,hard
0x0049c7a0,0x0049c7a0,stub_code,a1,int,ptr,DIRECT,CALL_PROPAGATED,0x0049c728->0x0049c7a0,ptr_int
0x0049c810,0x0049c810,stub_code,a0,Unknown_a0_8c,int,DIRECT,CALL_PROPAGATED,0x0049c728->0x0049c810,hard
0x0049c810,0x0049c810,stub_code,a1,int,ptr,DIRECT,CALL_PROPAGATED,0x0049c728->0x0049c810,ptr_int
0x0049c880,0x0049c880,stub_code,a1,int,ptr,DIRECT,CALL_PROPAGATED,0x0049c728->0x0049c880,ptr_int
0x0049d1d8,0x0049d1d8,,a0,ptr,int,HEURISTIC,CALL_PROPAGATED,0x0049d200->0x0049d1d8,ptr_int
0x0049d1d8,0x0049d1d8,,a1,ptr,int,HEURISTIC,CALL_PROPAGATED,0x0049d200->0x0049d1d8,ptr_int
0x00483318,0x00483318,stub_code,a0,Unknown_a0_0_4,int,DIRECT,CALL_PROPAGATED,0x0049d3e0->0x00483318,hard
0x004b8860,0x004b8860,stub_code,a0,Unknown_a0_20_2c,int,DIRECT,CALL_PROPAGATED,0x0049d730->0x004b8860,hard
0x004b8860,0x004b8860,stub_code,a1,Unknown_a1_4c,int,DIRECT,CALL_PROPAGATED,0x0049d730->0x004b8860,hard
0x004b8898,0x004b8898,stub_code,a0,Unknown_a0_2c,int,DIRECT,CALL_PROPAGATED,0x0049d7f8->0x004b8898,hard
0x0047f688,0x0047f688,,a1,ptr,int,HEURISTIC,CALL_PROPAGATED,0x0049e0f8->0x0047f688,ptr_int
0x0047fd18,FUN_0047fd18,pseudo_stub,a0,int,Unknown_a0_4c,DIRECT,CALL_PROPAGATED,0x0049e3c0->0x0047fd18,hard
0x004a58a8,0x004a58a8,stub_code,a0,int,ptr,DIRECT,CALL_PROPAGATED,0x0049e570->0x004a58a8,ptr_int
0x004a58a8,0x004a58a8,stub_code,a1,int,ptr,DIRECT,CALL_PROPAGATED,0x0049e570->0x004a58a8,ptr_int
0x0049ece8,0x0049ece8,,a0,int,Unknown_a0_4,CALL_PROPAGATED,CALL_PROPAGATED,0x0049e668->0x0049ece8,hard
0x0049ecf8,0x0049ecf8,,a0,int,Unknown_a0_4,CALL_PROPAGATED,CALL_PROPAGATED,0x0049e668->0x0049ecf8,hard
0x0049ed18,0x0049ed18,stub_code,a0,int,ptr,DIRECT,CALL_PROPAGATED,0x0049eba0->0x0049ed18,ptr_int
0x0049e828,0x0049e828,stub_code,a0,int,ptr,DIRECT,CALL_PROPAGATED,0x0049eba0->0x0049e828,ptr_int
0x00484408,0x00484408,stub_code,a1,Unknown_a1_0_4,int,DIRECT,CALL_PROPAGATED,0x0049ed98->0x00484408,hard
0x00484550,0x00484550,,a0,ptr,int,RETURN_PROPAGATED,CALL_PROPAGATED,0x0049ee30->0x00484550,ptr_int
0x00484550,0x00484550,,a1,ptr,int,RETURN_PROPAGATED,CALL_PROPAGATED,0x0049ee30->0x00484550,ptr_int
0x0049f260,0x0049f260,stub_code,a0,Unknown_a0_1ec,int,DIRECT,CALL_PROPAGATED,0x0049f1c0->0x0049f260,hard
0x0049acd8,0x0049acd8,,a0,int,ptr,HEURISTIC,RETURN_PROPAGATED,0x0049e880->0x0049acd8,ptr_int
0x004a3628,0x004a3628,stub_code,a0,int,ptr,DIRECT,RETURN_PROPAGATED,0x0049e880->0x004a3628,ptr_int
0x0049fb70,0x0049fb70,,a2,ptr,int,HEURISTIC,CALL_PROPAGATED,0x0049fa30->0x0049fb70,ptr_int
0x0049fb70,0x0049fb70,,a3,ptr,int,HEURISTIC,CALL_PROPAGATED,0x0049fa30->0x0049fb70,ptr_int
0x0049fb80,0x0049fb80,,a2,ptr,int,HEURISTIC,CALL_PROPAGATED,0x0049fa30->0x0049fb80,ptr_int
0x0049fb80,0x0049fb80,,a3,ptr,int,HEURISTIC,CALL_PROPAGATED,0x0049fa30->0x0049fb80,ptr_int
0x0049fb78,0x0049fb78,,a1,ptr,int,HEURISTIC,CALL_PROPAGATED,0x0049fb90->0x0049fb78,ptr_int
0x004736b0,0x004736b0,,a0,ptr,int,HEURISTIC,CALL_PROPAGATED,0x0049fd08->0x004736b0,ptr_int
0x00473f08,0x00473f08,,a0,ptr,int,HEURISTIC,CALL_PROPAGATED,0x0049fd08->0x00473f08,ptr_int
0x00473f08,0x00473f08,,a1,int,ptr,CALL_PROPAGATED,RETURN_PROPAGATED,0x004736b0->0x00473f08,ptr_int
0x0043b5b8,0x0043b5b8,stub_code,a0,int,ptr,DIRECT,CALL_PROPAGATED,0x004a0098->0x0043b5b8,ptr_int
0x0046d908,0x0046d908,,a0,Unknown_a0_6c,int,CALL_PROPAGATED,CALL_PROPAGATED,0x004a0250->0x0046d908,hard
0x004a0eb0,0x004a0eb0,stub_thunk,a0,Unknown_a0_1b80,int,DIRECT,CALL_PROPAGATED,0x004a0308->0x004a0eb0,hard
0x004a0fc8,0x004a0fc8,stub_code,a0,ptr,int,STRUCT_FIELD,CALL_PROPAGATED,0x004a0308->0x004a0fc8,ptr_int
0x004a0e30,0x004a0e30,stub_code,a0,Unknown_a0_1b7c,int,DIRECT,CALL_PROPAGATED,0x004a03b0->0x004a0e30,hard
0x004a0e78,0x004a0e78,stub_code,a0,Unknown_a0_1b7c,int,DIRECT,CALL_PROPAGATED,0x004a03b0->0x004a0e78,hard
0x004830d8,0x004830d8,,a1,Unknown_a0_0_18,int,CALL_PROPAGATED,CALL_PROPAGATED,0x004a0458->0x004830d8,hard
0x004a0428,0x004a0428,stub_code,a1,int,ptr,DIRECT,CALL_PROPAGATED,0x004a04e0->0x004a0428,ptr_int
0x004a0458,0x004a0458,stub_code,a1,int,ptr,DIRECT,CALL_PROPAGATED,0x004a04e0->0x004a0458,ptr_int
0x004b1488,0x004b1488,stub_code,a0,ptr,int,STRUCT_FIELD,CALL_PROPAGATED,0x004a0598->0x004b1488,ptr_int
0x004760a0,0x004760a0,,a2,ptr,int,HEURISTIC,CALL_PROPAGATED,0x004a07f8->0x004760a0,ptr_int
0x00476008,0x00476008,stub_code,a0,int,ptr,DIRECT,CALL_PROPAGATED,0x004a0880->0x00476008,ptr_int
0x00476008,0x00476008,stub_code,a2,Unknown_a2_0,int,DIRECT,CALL_PROPAGATED,0x004a0880->0x00476008,hard
0x004a0958,0x004a0958,stub_code,a0,int,ptr,DIRECT,CALL_PROPAGATED,0x004a0880->0x004a0958,ptr_int
0x004a5238,0x004a5238,,a0,ptr,int,CALL_PROPAGATED,CALL_PROPAGATED,0x004a0a78->0x004a5238,ptr_int
0x004a0c78,0x004a0c78,stub_code,a0,Unknown_a0_1b74,int,DIRECT,CALL_PROPAGATED,0x004a0bd0->0x004a0c78,hard
0x00474d70,FUN_00474d70,pseudo_stub,a0,int,Unknown_a0_1b74,DIRECT,CALL_PROPAGATED,0x004a0c78->0x00474d70,hard
0x004a0ec8,0x004a0ec8,stub_code,a0,Unknown_a0_1b80,int,DIRECT,CALL_PROPAGATED,0x004a0ca0->0x004a0ec8,hard
0x004a0e98,0x004a0e98,stub_thunk,a0,Unknown_a0_1b7c,int,DIRECT,CALL_PROPAGATED,0x004a0ca0->0x004a0e98,hard
0x004a28a0,0x004a28a0,stub_code,a0,Unknown_a0_4_14,Unknown_a0_1b7c,DIRECT,CALL_PROPAGATED,0x004a0e30->0x004a28a0,hard
0x004a19e0,0x004a19e0,,a0,int,Unknown_a0_1b80,CALL_PROPAGATED,CALL_PROPAGATED,0x004a0ec8->0x004a19e0,hard
0x004a19e0,0x004a19e0,,a1,int,Unknown_a0_1b80,CALL_PROPAGATED,CALL_PROPAGATED,0x004a0ec8->0x004a19e0,hard
0x004a0fa0,0x004a0fa0,stub_code,a0,int,Unknown_a0_1b80,DIRECT,CALL_PROPAGATED,0x004a0ec8->0x004a0fa0,hard
0x004a0fa0,0x004a0fa0,stub_code,a1,int,Unknown_a0_1b80,DIRECT,CALL_PROPAGATED,0x004a0ec8->0x004a0fa0,hard
0x00475370,FUN_00475370,pseudo_stub,a0,int,Unknown_a0_1b80,DIRECT,CALL_PROPAGATED,0x004a0ec8->0x00475370,hard
0x00475370,FUN_00475370,pseudo_stub,a1,int,Unknown_a0_1b80,DIRECT,CALL_PROPAGATED,0x004a0ec8->0x00475370,hard
0x00475320,FUN_00475320,pseudo_stub,a0,int,Unknown_a0_1b80,DIRECT,CALL_PROPAGATED,0x004a0ec8->0x00475320,hard
0x00475320,FUN_00475320,pseudo_stub,a1,int,Unknown_a0_1b80,DIRECT,CALL_PROPAGATED,0x004a0ec8->0x00475320,hard
0x004753c0,FUN_004753c0,pseudo_stub,a0,int,Unknown_a0_1b80,DIRECT,CALL_PROPAGATED,0x004a0ec8->0x004753c0,hard
0x004753c0,FUN_004753c0,pseudo_stub,a1,int,Unknown_a0_1b80,DIRECT,CALL_PROPAGATED,0x004a0ec8->0x004753c0,hard
0x004b09a0,0x004b09a0,,a0,int,ptr,CALL_PROPAGATED,CALL_PROPAGATED,0x004a0fc8->0x004b09a0,ptr_int
0x004a1188,0x004a1188,stub_code,a3,ptr,int,STRUCT_FIELD,CALL_PROPAGATED,0x004a1030->0x004a1188,ptr_int
0x004a54c8,0x004a54c8,stub_code,a3,int,ptr,DIRECT,CALL_PROPAGATED,0x004a1188->0x004a54c8,ptr_int
0x004b09a0,0x004b09a0,,a3,int,ptr,CALL_PROPAGATED,CALL_PROPAGATED,0x004a1188->0x004b09a0,ptr_int
0x004b3028,0x004b3028,stub_code,a3,int,ptr,DIRECT,CALL_PROPAGATED,0x004a1188->0x004b3028,ptr_int
0x004a17a8,0x004a17a8,stub_code,a0,ptr,int,STRUCT_FIELD,CALL_PROPAGATED,0x004a1670->0x004a17a8,ptr_int
0x004a17f8,0x004a17f8,stub_code,a0,ptr,int,STRUCT_FIELD,CALL_PROPAGATED,0x004a16b8->0x004a17f8,ptr_int
0x004a19e0,0x004a19e0,,a2,int,ptr,CALL_PROPAGATED,CALL_PROPAGATED,0x004a18d0->0x004a19e0,ptr_int
0x0046d9d8,0x0046d9d8,stub_code,a1,int,ptr,DIRECT,CALL_PROPAGATED,0x004a18d0->0x0046d9d8,ptr_int
0x0046d9d8,0x0046d9d8,stub_code,a2,int,ptr,DIRECT,CALL_PROPAGATED,0x004a18d0->0x0046d9d8,ptr_int
0x0046d9d8,0x0046d9d8,stub_code,a3,int,ptr,DIRECT,CALL_PROPAGATED,0x004a18d0->0x0046d9d8,ptr_int
0x004a5780,0x004a5780,stub_code,a0,int,Unknown_a0_4_14,CALL_PROPAGATED,CALL_PROPAGATED,0x004a28a0->0x004a5780,hard
0x004a28a0,0x004a28a0,stub_code,a0,Unknown_a0_4_14,int,DIRECT,CALL_PROPAGATED,0x004a35d8->0x004a28a0,hard
0x004b07d8,0x004b07d8,stub_code,a0,ptr,int,STRUCT_FIELD,CALL_PROPAGATED,0x004a3628->0x004b07d8,ptr_int
0x00497370,0x00497370,,a2,ptr,int,HEURISTIC,CALL_PROPAGATED,0x004a3948->0x00497370,ptr_int
0x004a4678,0x004a4678,stub_code,a1,ptr,int,STRUCT_FIELD,CALL_PROPAGATED,0x004a3b98->0x004a4678,ptr_int
0x004a3ec8,0x004a3ec8,stub_code,a0,int,ptr,DIRECT,RETURN_PROPAGATED,0x004a3d48->0x004a3ec8,ptr_int
0x004a4678,0x004a4678,stub_code,a0,int,ptr,DIRECT,RETURN_PROPAGATED,0x004a3d48->0x004a4678,ptr_int
0x004917d8,0x004917d8,stub_code,a1,ptr,int,STRUCT_FIELD,CALL_PROPAGATED,0x004a3f80->0x004917d8,ptr_int
0x004936a0,0x004936a0,stub_code,a0,ptr,int,STRUCT_FIELD,CALL_PROPAGATED,0x004a40d8->0x004936a0,ptr_int
0x004940a0,0x004940a0,stub_code,a1,int,ptr,DIRECT,CALL_PROPAGATED,0x004a4678->0x004940a0,ptr_int
0x004917d8,0x004917d8,stub_code,a0,ptr,int,STRUCT_FIELD,CALL_PROPAGATED,0x004a5320->0x004917d8,ptr_int
0x004a5498,0x004a5498,stub_code,a0,Unknown_a0_0_4_8_10,int,DIRECT,CALL_PROPAGATED,0x004a5320->0x004a5498,hard
0x004a5bb0,0x004a5bb0,stub_code,a0,Unknown_a0_1af4,int,DIRECT,CALL_PROPAGATED,0x004a5a78->0x004a5bb0,hard
0x004a5b48,0x004a5b48,stub_code,a0,Unknown_a0_1af4,int,DIRECT,CALL_PROPAGATED,0x004a5a78->0x004a5b48,hard
0x004a28a0,0x004a28a0,stub_code,a0,Unknown_a0_4_14,Unknown_a0_1af4,DIRECT,CALL_PROPAGATED,0x004a5b48->0x004a28a0,hard
0x004a2998,0x004a2998,stub_thunk,a0,Unknown_a0_1b7c,Unknown_a0_1af4,CALL_PROPAGATED,CALL_PROPAGATED,0x004a5bb0->0x004a2998,hard
0x004a5e90,0x004a5e90,stub_code,a0,ptr,int,STRUCT_FIELD,CALL_PROPAGATED,0x004a5d70->0x004a5e90,ptr_int
0x004ad1e0,0x004ad1e0,stub_code,a2,ptr,int,STRUCT_FIELD,CALL_PROPAGATED,0x004a6260->0x004ad1e0,ptr_int
0x004af590,0x004af590,stub_code,a3,Unknown_a3_0,int,DIRECT,CALL_PROPAGATED,0x004a6758->0x004af590,hard
0x004a6df0,0x004a6df0,stub_code,a0,ptr,int,STRUCT_FIELD,CALL_PROPAGATED,0x004a6b20->0x004a6df0,ptr_int
0x004a6ea0,0x004a6ea0,stub_code,a0,ptr,int,STRUCT_FIELD,CALL_PROPAGATED,0x004a6b20->0x004a6ea0,ptr_int
0x004a6f38,0x004a6f38,stub_code,a1,Unknown_a1_0_4_8_c_10_14_18_1c_20,int,DIRECT,CALL_PROPAGATED,0x004a6b20->0x004a6f38,hard
0x004a3558,0x004a3558,,a0,Unknown_a0_1ab4,int,CALL_PROPAGATED,CALL_PROPAGATED,0x004a6c68->0x004a3558,hard
0x004a5ef0,0x004a5ef0,,a0,ptr,int,CALL_PROPAGATED,CALL_PROPAGATED,0x004a6cc8->0x004a5ef0,ptr_int
0x004937b8,0x004937b8,stub_code,a0,int,ptr,DIRECT,CALL_PROPAGATED,0x004a6df0->0x004937b8,ptr_int
0x00493748,0x00493748,stub_code,a0,int,ptr,DIRECT,CALL_PROPAGATED,0x004a6ea0->0x00493748,ptr_int
0x004937b8,0x004937b8,stub_code,a2,int,ptr,DIRECT,CALL_PROPAGATED,0x004a6ea0->0x004937b8,ptr_int
0x004a7450,0x004a7450,stub_code,a1,int,Unknown_a1_0_4_8_c_10_14_18_1c_20,DIRECT,CALL_PROPAGATED,0x004a6f38->0x004a7450,hard
0x00491d78,0x00491d78,stub_code,a1,int,Unknown_a1_0,DIRECT,CALL_PROPAGATED,0x004a73b0->0x00491d78,hard
0x004a7ca0,0x004a7ca0,stub_thunk,a0,Unknown_a0_1b3c,int,DIRECT,CALL_PROPAGATED,0x004a7b98->0x004a7ca0,hard
0x004a7dc8,0x004a7dc8,stub_code,a1,ptr,int,STRUCT_FIELD,CALL_PROPAGATED,0x004a7d68->0x004a7dc8,ptr_int
0x004ab920,0x004ab920,stub_code,a1,int,ptr,DIRECT,CALL_PROPAGATED,0x004a7dc8->0x004ab920,ptr_int
0x004a8e98,0x004a8e98,stub_thunk,a0,Unknown_a0_1b38,int,DIRECT,CALL_PROPAGATED,0x004a7e10->0x004a8e98,hard
0x004a2e00,0x004a2e00,,a3,ptr,int,HEURISTIC,CALL_PROPAGATED,0x004a7e10->0x004a2e00,ptr_int
0x004b3008,0x004b3008,,a0,Unknown_a0_0_4_8_c_14,int,CALL_PROPAGATED,CALL_PROPAGATED,0x004a7e10->0x004b3008,hard
0x004a7fc8,0x004a7fc8,stub_code,a0,Unknown_a0_1b3c,int,DIRECT,CALL_PROPAGATED,0x004a7f20->0x004a7fc8,hard
0x004a8058,0x004a8058,stub_code,a0,int,Unknown_a0_1b3c,DIRECT,CALL_PROPAGATED,0x004a7fc8->0x004a8058,hard
0x004a8058,0x004a8058,stub_code,a1,int,Unknown_a0_1b3c,DIRECT,CALL_PROPAGATED,0x004a7fc8->0x004a8058,hard
0x004a87c0,0x004a87c0,stub_code,a0,int,Unknown_a0_1b3c,DIRECT,CALL_PROPAGATED,0x004a7fc8->0x004a87c0,hard
0x004a2dc0,0x004a2dc0,,a2,ptr,int,HEURISTIC,CALL_PROPAGATED,0x004a8478->0x004a2dc0,ptr_int
0x00493f08,0x00493f08,,a3,int,ptr,CALL_PROPAGATED,RETURN_PROPAGATED,0x00493fa0->0x00493f08,ptr_int
0x00493fa0,0x00493fa0,stub_code,a3,int,ptr,DIRECT,RETURN_PROPAGATED,0x00493fa0->0x00493fa0,ptr_int
0x004a8a18,0x004a8a18,stub_code,a0,Unknown_a0_1b38,int,DIRECT,CALL_PROPAGATED,0x004a87c0->0x004a8a18,hard
0x004a28a0,0x004a28a0,stub_code,a0,Unknown_a0_4_14,Unknown_a0_1b38,DIRECT,CALL_PROPAGATED,0x004a8a18->0x004a28a0,hard
0x004b1d38,0x004b1d38,stub_code,a3,int,ptr,DIRECT,CALL_PROPAGATED,0x004a8c38->0x004b1d38,ptr_int
0x004a8e30,0x004a8e30,stub_code,a0,Unknown_a0_1b38,int,DIRECT,CALL_PROPAGATED,0x004a8d70->0x004a8e30,hard
0x004a8e98,0x004a8e98,stub_thunk,a1,int,Unknown_a0_1b38,CALL_PROPAGATED,CALL_PROPAGATED,0x004a8e30->0x004a8e98,hard
0x004917d8,0x004917d8,stub_code,a2,int,ptr,DIRECT,RETURN_PROPAGATED,0x004ab8c0->0x004917d8,ptr_int
0x004917d8,0x004917d8,stub_code,a3,int,ptr,DIRECT,RETURN_PROPAGATED,0x004ab8c0->0x004917d8,ptr_int
0x004aa0c0,0x004aa0c0,stub_code,a0,ptr,int,STRUCT_FIELD,CALL_PROPAGATED,0x004a9ea8->0x004aa0c0,ptr_int
0x004a9ff8,0x004a9ff8,stub_code,a0,ptr,int,STRUCT_FIELD,CALL_PROPAGATED,0x004a9ea8->0x004a9ff8,ptr_int
0x00494d88,0x00494d88,stub_code,a0,int,ptr,DIRECT,CALL_PROPAGATED,0x004a9ff8->0x00494d88,ptr_int
0x0048bb50,0x0048bb50,stub_code,a0,int,ptr,DIRECT,CALL_PROPAGATED,0x004aa0c0->0x0048bb50,ptr_int
0x0048bb50,0x0048bb50,stub_code,a1,int,ptr,DIRECT,CALL_PROPAGATED,0x004aa0c0->0x0048bb50,ptr_int
0x0048bb50,0x0048bb50,stub_code,a2,int,ptr,DIRECT,CALL_PROPAGATED,0x004aa0c0->0x0048bb50,ptr_int
0x004828e0,0x004828e0,,a1,ptr,int,HEURISTIC,CALL_PROPAGATED,0x004aa378->0x004828e0,ptr_int
0x004aa750,0x004aa750,stub_code,a1,ptr,int,STRUCT_FIELD,CALL_PROPAGATED,0x004aa4c0->0x004aa750,ptr_int
0x004aec38,0x004aec38,stub_code,a1,int,ptr,DIRECT,RETURN_PROPAGATED,0x00496f08->0x004aec38,ptr_int
0x004ab9c0,0x004ab9c0,stub_code,a1,int,ptr,DIRECT,CALL_PROPAGATED,0x004aa750->0x004ab9c0,ptr_int
0x004aad40,0x004aad40,stub_code,a0,Unknown_a0_1b38,int,DIRECT,CALL_PROPAGATED,0x004aac68->0x004aad40,hard
0x004a2998,0x004a2998,stub_thunk,a0,Unknown_a0_1b7c,Unknown_a0_1b38,CALL_PROPAGATED,CALL_PROPAGATED,0x004aad40->0x004a2998,hard
0x004b09a0,0x004b09a0,,a1,int,ptr,HEURISTIC,RETURN_PROPAGATED,0x004b09a0->0x004b09a0,ptr_int
0x004ab6c8,0x004ab6c8,stub_code,a2,ptr,int,STRUCT_FIELD,CALL_PROPAGATED,0x004ab678->0x004ab6c8,ptr_int
0x004ab7d0,0x004ab7d0,stub_code,a0,ptr,int,STRUCT_FIELD,CALL_PROPAGATED,0x004ab760->0x004ab7d0,ptr_int
0x004ab8c0,0x004ab8c0,,a0,int,ptr,CALL_PROPAGATED,CALL_PROPAGATED,0x004ab7d0->0x004ab8c0,ptr_int
0x004b22e0,0x004b22e0,stub_code,a0,ptr,int,STRUCT_FIELD,CALL_PROPAGATED,0x004abbc0->0x004b22e0,ptr_int
0x004abdd0,0x004abdd0,,a2,ptr,int,HEURISTIC,CALL_PROPAGATED,0x004ac1d8->0x004abdd0,ptr_int
0x004a54c8,0x004a54c8,stub_code,a2,int,Unknown_a2_1b30,DIRECT,CALL_PROPAGATED,0x004acb90->0x004a54c8,hard
0x004ac1d8,0x004ac1d8,stub_code,a2,int,ptr,DIRECT,CALL_PROPAGATED,0x004acc98->0x004ac1d8,ptr_int
0x004ac3d8,0x004ac3d8,stub_code,a0,int,Unknown_a2_1b30,DIRECT,CALL_PROPAGATED,0x004acd18->0x004ac3d8,hard
0x004ac3d8,0x004ac3d8,stub_code,a2,int,Unknown_a2_1b30,DIRECT,CALL_PROPAGATED,0x004acd18->0x004ac3d8,hard
0x004ac4d8,0x004ac4d8,stub_code,a0,int,Unknown_a2_1b30,DIRECT,CALL_PROPAGATED,0x004acd40->0x004ac4d8,hard
0x004ac4d8,0x004ac4d8,stub_code,a2,int,Unknown_a2_1b30,DIRECT,CALL_PROPAGATED,0x004acd40->0x004ac4d8,hard
0x004940a0,0x004940a0,stub_code,a2,int,ptr,DIRECT,CALL_PROPAGATED,0x004ad1e0->0x004940a0,ptr_int
0x004b9b38,0x004b9b38,,a1,ptr,int,HEURISTIC,CALL_PROPAGATED,0x004ad900->0x004b9b38,ptr_int
0x004b9b38,0x004b9b38,,a2,ptr,int,HEURISTIC,CALL_PROPAGATED,0x004ad900->0x004b9b38,ptr_int
0x004ada98,0x004ada98,stub_code,a0,ptr,int,STRUCT_FIELD,CALL_PROPAGATED,0x004ada70->0x004ada98,ptr_int
0x004adf58,0x004adf58,stub_code,a1,ptr,int,STRUCT_FIELD,CALL_PROPAGATED,0x004adae0->0x004adf58,ptr_int
0x004ae588,0x004ae588,stub_code,a1,int,ptr,DIRECT,CALL_PROPAGATED,0x004adf58->0x004ae588,ptr_int
0x004ae588,0x004ae588,stub_code,a2,int,ptr,DIRECT,CALL_PROPAGATED,0x004adf58->0x004ae588,ptr_int
0x004b16c8,0x004b16c8,,a0,ptr,int,HEURISTIC,CALL_PROPAGATED,0x004ae1f0->0x004b16c8,ptr_int
0x004ae518,0x004ae518,stub_code,a0,ptr,int,STRUCT_FIELD,CALL_PROPAGATED,0x004ae4a8->0x004ae518,ptr_int
0x004ae650,0x004ae650,stub_code,a1,ptr,int,STRUCT_FIELD,CALL_PROPAGATED,0x004ae4a8->0x004ae650,ptr_int
0x004b1378,0x004b1378,stub_code,a1,int,ptr,DIRECT,CALL_PROPAGATED,0x004ae650->0x004b1378,ptr_int
0x004b1378,0x004b1378,stub_code,a2,int,ptr,DIRECT,CALL_PROPAGATED,0x004ae650->0x004b1378,ptr_int
0x004af1b0,0x004af1b0,stub_code,a0,int,ptr,DIRECT,CALL_PROPAGATED,0x004aefe8->0x004af1b0,ptr_int
0x004a4830,0x004a4830,,a0,int,ptr,CALL_PROPAGATED,CALL_PROPAGATED,0x004aefe8->0x004a4830,ptr_int
0x004a35b8,0x004a35b8,,a0,int,Unknown_a0_1ab4,CALL_PROPAGATED,CALL_PROPAGATED,0x004af308->0x004a35b8,hard
0x004a56e8,0x004a56e8,,a0,int,Unknown_a0_0_4_8_10,CALL_PROPAGATED,CALL_PROPAGATED,0x004af418->0x004a56e8,hard
0x004a4818,0x004a4818,,a1,ptr,int,HEURISTIC,CALL_PROPAGATED,0x004af968->0x004a4818,ptr_int
0x004a4818,0x004a4818,,a2,ptr,int,HEURISTIC,CALL_PROPAGATED,0x004af968->0x004a4818,ptr_int
0x004a4818,0x004a4818,,a3,ptr,int,HEURISTIC,CALL_PROPAGATED,0x004af968->0x004a4818,ptr_int
0x004afba8,0x004afba8,,a0,ptr,int,HEURISTIC,CALL_PROPAGATED,0x004aff30->0x004afba8,ptr_int
0x00497370,0x00497370,,a1,ptr,int,HEURISTIC,CALL_PROPAGATED,0x004b0040->0x00497370,ptr_int
0x004b05d0,0x004b05d0,stub_code,a0,ptr,int,STRUCT_FIELD,CALL_PROPAGATED,0x004b02d0->0x004b05d0,ptr_int
0x00497370,0x00497370,,a0,int,ptr,CALL_PROPAGATED,CALL_PROPAGATED,0x004b05d0->0x00497370,ptr_int
0x004b0828,0x004b0828,stub_code,a0,ptr,int,STRUCT_FIELD,CALL_PROPAGATED,0x004b06b0->0x004b0828,ptr_int
0x004b0878,0x004b0878,stub_code,a0,int,ptr,DIRECT,CALL_PROPAGATED,0x004b07d8->0x004b0878,ptr_int
0x004a56e8,0x004a56e8,,a3,int,Unknown_a3_0,CALL_PROPAGATED,CALL_PROPAGATED,0x004b1638->0x004a56e8,hard
0x004b2160,0x004b2160,,a2,ptr,int,HEURISTIC,CALL_PROPAGATED,0x004b2080->0x004b2160,ptr_int
0x004b20e0,0x004b20e0,stub_code,a0,ptr,int,STRUCT_FIELD,CALL_PROPAGATED,0x004b2080->0x004b20e0,ptr_int
0x004b2128,0x004b2128,stub_code,a0,ptr,int,STRUCT_FIELD,CALL_PROPAGATED,0x004b2080->0x004b2128,ptr_int
0x004b2468,0x004b2468,stub_code,a0,int,ptr,DIRECT,CALL_PROPAGATED,0x004b22e0->0x004b2468,ptr_int
0x004b2468,0x004b2468,stub_code,a3,int,ptr,DIRECT,CALL_PROPAGATED,0x004b22e0->0x004b2468,ptr_int
0x004b25b8,0x004b25b8,stub_code,a0,ptr,int,STRUCT_FIELD,CALL_PROPAGATED,0x004b2468->0x004b25b8,ptr_int
0x004b2a58,0x004b2a58,stub_code,a2,int,Unknown_a2_0,DIRECT,CALL_PROPAGATED,0x004b2958->0x004b2a58,hard
0x004b3750,0x004b3750,,a2,ptr,int,HEURISTIC,CALL_PROPAGATED,0x004b36f0->0x004b3750,ptr_int
0x0042aa40,0x0042aa40,stub_code,a1,int,ptr,DIRECT,RETURN_PROPAGATED,0x003fb210->0x0042aa40,ptr_int
0x004b3fb0,0x004b3fb0,stub_code,a0,Unknown_a0_0_4_c,int,DIRECT,CALL_PROPAGATED,0x004b3f38->0x004b3fb0,hard
0x004b3fb0,0x004b3fb0,stub_code,a1,int,Unknown_a1_0,DIRECT,CALL_PROPAGATED,0x004b3f38->0x004b3fb0,hard
0x004a27d0,0x004a27d0,,a1,int,Unknown_a1_0,HEURISTIC,CALL_PROPAGATED,0x004b3f38->0x004a27d0,hard
0x004b4610,0x004b4610,stub_code,a0,int,Unknown_a0_4,DIRECT,CALL_PROPAGATED,0x004b4770->0x004b4610,hard
0x004b50d0,0x004b50d0,stub_code,a0,Unknown_a0_4,int,DIRECT,CALL_PROPAGATED,0x004b47e0->0x004b50d0,hard
0x00428998,0x00428998,,a0,Unknown_a0_8c,Unknown_a0_4,CALL_PROPAGATED,CALL_PROPAGATED,0x004b48f8->0x00428998,hard
0x004b4610,0x004b4610,stub_code,a0,int,ptr,DIRECT,CALL_PROPAGATED,0x004b4968->0x004b4610,ptr_int
0x004b4658,0x004b4658,,a0,int,Unknown_a0_4,CALL_PROPAGATED,CALL_PROPAGATED,0x004b49d8->0x004b4658,hard
0x004b49d8,0x004b49d8,stub_code,a0,Unknown_a0_4,int,DIRECT,CALL_PROPAGATED,0x004b4a68->0x004b49d8,hard
0x004b6120,0x004b6120,stub_code,a0,Unknown_a0_4,int,DIRECT,CALL_PROPAGATED,0x004b5da8->0x004b6120,hard
0x004b88e0,0x004b88e0,,a1,ptr,int,HEURISTIC,CALL_PROPAGATED,0x004b6408->0x004b88e0,ptr_int
0x004b88e0,0x004b88e0,,a2,ptr,int,HEURISTIC,CALL_PROPAGATED,0x004b6408->0x004b88e0,ptr_int
0x0048b018,0x0048b018,stub_code,a1,Unknown_a1_0_4_8,int,DIRECT,CALL_PROPAGATED,0x004b6d60->0x0048b018,hard
0x004b8968,0x004b8968,,a1,ptr,int,HEURISTIC,CALL_PROPAGATED,0x004b6e20->0x004b8968,ptr_int
0x004b6ff8,0x004b6ff8,,a2,ptr,int,HEURISTIC,CALL_PROPAGATED,0x004b6ee8->0x004b6ff8,ptr_int
0x004b8620,0x004b8620,stub_code,a0,Unknown_a0_4,int,CALL_PROPAGATED,CALL_PROPAGATED,0x004b7988->0x004b8620,hard
0x004b7b60,0x004b7b60,stub_code,a0,ptr,int,STRUCT_FIELD,CALL_PROPAGATED,0x004b79e8->0x004b7b60,ptr_int
0x004b8ba8,0x004b8ba8,stub_code,a0,Unknown_a0_8_c_10,int,DIRECT,CALL_PROPAGATED,0x004b8748->0x004b8ba8,hard
0x004b8df0,0x004b8df0,stub_code,a0,Unknown_a0_28_2c_30,int,DIRECT,CALL_PROPAGATED,0x004b8ce8->0x004b8df0,hard
0x00483318,0x00483318,stub_code,a0,Unknown_a0_0_4,Unknown_a0_28_2c_30,DIRECT,CALL_PROPAGATED,0x004b8df0->0x00483318,hard
0x004b9230,0x004b9230,stub_code,a0,ptr,int,STRUCT_FIELD,CALL_PROPAGATED,0x004b91e0->0x004b9230,ptr_int
0x004b9230,0x004b9230,stub_code,a2,Unknown_a2_0,int,DIRECT,CALL_PROPAGATED,0x004b91e0->0x004b9230,hard
0x004b8e70,0x004b8e70,stub_code,a1,int,Unknown_a1_0,DIRECT,CALL_PROPAGATED,0x004b9230->0x004b8e70,hard
0x004b8e70,0x004b8e70,stub_code,a2,int,Unknown_a2_0,DIRECT,CALL_PROPAGATED,0x004b9230->0x004b8e70,hard
0x004b8e70,0x004b8e70,stub_code,a3,ptr,int,STRUCT_FIELD,CALL_PROPAGATED,0x004b9230->0x004b8e70,ptr_int
0x003fb1a8,0x003fb1a8,stub_code,a1,int,Unknown_a1_0,DIRECT,CALL_PROPAGATED,0x004b9230->0x003fb1a8,hard
0x003fb1a8,0x003fb1a8,stub_code,a2,int,Unknown_a2_0,DIRECT,CALL_PROPAGATED,0x004b9230->0x003fb1a8,hard
0x003fb210,0x003fb210,stub_code,a2,int,Unknown_a2_0,DIRECT,CALL_PROPAGATED,0x004b9230->0x003fb210,hard
0x003fb748,0x003fb748,stub_code,a1,int,Unknown_a1_0,DIRECT,CALL_PROPAGATED,0x004b9230->0x003fb748,hard
0x003fb748,0x003fb748,stub_code,a2,int,Unknown_a2_0,DIRECT,CALL_PROPAGATED,0x004b9230->0x003fb748,hard
0x003fb928,0x003fb928,stub_code,a2,int,Unknown_a2_0,DIRECT,CALL_PROPAGATED,0x004b9230->0x003fb928,hard
0x004b94a0,0x004b94a0,stub_code,a0,Unknown_a0_40,int,DIRECT,CALL_PROPAGATED,0x004b9450->0x004b94a0,hard
0x004b9728,0x004b9728,,a2,Unknown_a2_0,int,CALL_PROPAGATED,CALL_PROPAGATED,0x004b94a0->0x004b9728,hard
0x004bab00,0x004bab00,stub_code,a0,Unknown_a0_14,int,DIRECT,CALL_PROPAGATED,0x004ba240->0x004bab00,hard
0x004baac0,0x004baac0,stub_code,a0,Unknown_a0_0_8,Unknown_a0_14,DIRECT,CALL_PROPAGATED,0x004bab00->0x004baac0,hard
0x00520430,0x00520430,stub_code,a0,Unknown_a0_0_80,int,DIRECT,CALL_PROPAGATED,0x004bd5c0->0x00520430,hard
0x005207f0,0x005207f0,stub_code,a0,Unknown_a0_0_80,int,DIRECT,CALL_PROPAGATED,0x004c3e10->0x005207f0,hard
0x004f49c0,0x004f49c0,stub_code,a0,Unknown_a0_0_80,int,DIRECT,CALL_PROPAGATED,0x004c5e00->0x004f49c0,hard
0x0051c2c0,0x0051c2c0,stub_code,a0,Unknown_a0_0_80,int,DIRECT,CALL_PROPAGATED,0x004c8150->0x0051c2c0,hard
0x0051c2c0,0x0051c2c0,stub_code,a1,int,ptr,DIRECT,RETURN_PROPAGATED,0x0050fde0->0x0051c2c0,ptr_int
0x0051c2c0,0x0051c2c0,stub_code,a3,ptr,int,HEURISTIC,CALL_PROPAGATED,0x004c8150->0x0051c2c0,ptr_int
0x004c9080,0x004c9080,stub_code,a1,int,Unknown_a1_0_54,DIRECT,CALL_PROPAGATED,0x004c89a0->0x004c9080,hard
0x004c8ad0,0x004c8ad0,stub_code,a1,int,Unknown_a1_0_54,DIRECT,CALL_PROPAGATED,0x004c89a0->0x004c8ad0,hard
0x00511940,0x00511940,stub_code,a1,int,Unknown_a1_0_54,DIRECT,CALL_PROPAGATED,0x004c89a0->0x00511940,hard
0x0050fbd0,0x0050fbd0,stub_code,a0,Unknown_a0_2c,Unknown_a0_0_4c,DIRECT,CALL_PROPAGATED,0x004c92e0->0x0050fbd0,hard
0x003fb8d0,0x003fb8d0,stub_code,a0,int,Unknown_a0_30,DIRECT,CALL_PROPAGATED,0x004c9610->0x003fb8d0,hard
0x0058db10,0x0058db10,,a1,ptr,int,HEURISTIC,CALL_PROPAGATED,0x004c96f0->0x0058db10,ptr_int
0x0056ebc0,0x0056ebc0,stub_code,a0,ptr,int,STRUCT_FIELD,CALL_PROPAGATED,0x004c99f0->0x0056ebc0,ptr_int
0x0056ec60,0x0056ec60,stub_code,a0,ptr,int,STRUCT_FIELD,CALL_PROPAGATED,0x004c99f0->0x0056ec60,ptr_int
0x0056f880,0x0056f880,stub_code,a0,ptr,int,STRUCT_FIELD,CALL_PROPAGATED,0x004ca010->0x0056f880,ptr_int
0x004cb120,0x004cb120,stub_code,a2,int,ptr,DIRECT,RETURN_PROPAGATED,0x00545e60->0x004cb120,ptr_int
0x00513210,0x00513210,,a0,Unknown_a0_30_34_38,Unknown_a0_14_18_1c,CALL_PROPAGATED,CALL_PROPAGATED,0x004ca6c0->0x00513210,hard
0x00545e60,0x00545e60,stub_code,a0,int,Unknown_a0_14_18_1c,DIRECT,CALL_PROPAGATED,0x004ca6c0->0x00545e60,hard
0x0058cb30,0x0058cb30,,a2,ptr,int,HEURISTIC,CALL_PROPAGATED,0x004cae30->0x0058cb30,ptr_int
0x00513210,0x00513210,,a0,Unknown_a0_30_34_38,Unknown_a0_30,CALL_PROPAGATED,CALL_PROPAGATED,0x004cb120->0x00513210,hard
0x00545e60,0x00545e60,stub_code,a0,int,Unknown_a0_30,DIRECT,CALL_PROPAGATED,0x004cb120->0x00545e60,hard
0x00567110,0x00567110,stub_code,a0,ptr,int,STRUCT_FIELD,CALL_PROPAGATED,0x004cb980->0x00567110,ptr_int
0x00567430,0x00567430,stub_code,a0,ptr,int,STRUCT_FIELD,CALL_PROPAGATED,0x004cb980->0x00567430,ptr_int
0x004cb980,0x004cb980,stub_code,a0,int,Unknown_a0_10_18,DIRECT,CALL_PROPAGATED,0x004cbbc0->0x004cb980,hard
0x004cb980,0x004cb980,stub_code,a2,int,Unknown_a0_10_18,DIRECT,CALL_PROPAGATED,0x004cbbc0->0x004cb980,hard
0x00511280,0x00511280,,a0,Unknown_a0_0_4c,Unknown_a0_0_64,CALL_PROPAGATED,CALL_PROPAGATED,0x004cbc00->0x00511280,hard
0x00511280,0x00511280,,a1,ptr,int,HEURISTIC,CALL_PROPAGATED,0x004cbc00->0x00511280,ptr_int
0x0056aef0,0x0056aef0,stub_code,a2,Unknown_a2_0_4_8_c,int,DIRECT,CALL_PROPAGATED,0x004cbd30->0x0056aef0,hard
0x00511940,0x00511940,stub_code,a1,int,Unknown_a0_10,DIRECT,CALL_PROPAGATED,0x004cbf00->0x00511940,hard
0x00511940,0x00511940,stub_code,a1,int,Unknown_a0_c,DIRECT,CALL_PROPAGATED,0x004cd130->0x00511940,hard
0x00513210,0x00513210,,a0,Unknown_a0_30_34_38,Unknown_a0_c,CALL_PROPAGATED,CALL_PROPAGATED,0x004cd2e0->0x00513210,hard
0x004bf7e0,0x004bf7e0,stub_code,a0,int,Unknown_a0_c,DIRECT,CALL_PROPAGATED,0x004cd2e0->0x004bf7e0,hard
0x0056f030,0x0056f030,stub_code,a0,Unknown_a0_0,int,DIRECT,CALL_PROPAGATED,0x004cd440->0x0056f030,hard
0x004cdcd0,0x004cdcd0,,a0,ptr,int,HEURISTIC,CALL_PROPAGATED,0x004cd6e0->0x004cdcd0,ptr_int
0x00511940,0x00511940,stub_code,a1,int,Unknown_a0_24,DIRECT,CALL_PROPAGATED,0x004cdd40->0x00511940,hard
0x00512fc0,0x00512fc0,stub_code,a0,int,ptr,DIRECT,CALL_PROPAGATED,0x004cf810->0x00512fc0,ptr_int
0x00513160,0x00513160,stub_code,a0,int,Unknown_a0_10,DIRECT,CALL_PROPAGATED,0x004cf960->0x00513160,hard
0x00513160,0x00513160,stub_code,a1,int,Unknown_a0_10,DIRECT,CALL_PROPAGATED,0x004cf960->0x00513160,hard
0x00511280,0x00511280,,a0,Unknown_a0_0_4c,Unknown_a0_10,CALL_PROPAGATED,CALL_PROPAGATED,0x004cf960->0x00511280,hard
0x00511280,0x00511280,,a1,int,Unknown_a0_10,CALL_PROPAGATED,CALL_PROPAGATED,0x004cf960->0x00511280,hard
0x005112f0,0x005112f0,stub_code,a0,Unknown_a0_0_4_6,int,DIRECT,CALL_PROPAGATED,0x004d07b0->0x005112f0,hard
0x00520990,0x00520990,stub_code,a1,int,ptr,DIRECT,RETURN_PROPAGATED,0x00512e00->0x00520990,ptr_int
0x004f08a0,0x004f08a0,stub_code,a1,int,ptr,DIRECT,RETURN_PROPAGATED,0x00512e00->0x004f08a0,ptr_int
0x00520990,0x00520990,stub_code,a0,Unknown_a0_0_80,int,DIRECT,CALL_PROPAGATED,0x004d9f40->0x00520990,hard
0x004f08a0,0x004f08a0,stub_code,a0,Unknown_a0_0_80,int,DIRECT,CALL_PROPAGATED,0x004da340->0x004f08a0,hard
0x00515610,0x00515610,stub_code,a0,Unknown_a0_0_4_20,int,DIRECT,CALL_PROPAGATED,0x004dbf20->0x00515610,hard
0x004e3cf0,0x004e3cf0,,a0,ptr,int,HEURISTIC,CALL_PROPAGATED,0x004e3de0->0x004e3cf0,ptr_int
0x004e3cf0,0x004e3cf0,,a1,ptr,int,RETURN_PROPAGATED,CALL_PROPAGATED,0x004e3de0->0x004e3cf0,ptr_int
0x004e2500,0x004e2500,,a1,int,ptr,CALL_PROPAGATED,RETURN_PROPAGATED,0x0050fe00->0x004e2500,ptr_int
0x004df880,0x004df880,,a1,int,ptr,CALL_PROPAGATED,RETURN_PROPAGATED,0x0050fe00->0x004df880,ptr_int
0x004d1cf0,0x004d1cf0,,a1,int,ptr,CALL_PROPAGATED,RETURN_PROPAGATED,0x0050fe00->0x004d1cf0,ptr_int
0x004d16e0,0x004d16e0,,a1,int,ptr,HEURISTIC,RETURN_PROPAGATED,0x0050fe00->0x004d16e0,ptr_int
0x004dca90,0x004dca90,,a1,int,ptr,CALL_PROPAGATED,RETURN_PROPAGATED,0x0050fe00->0x004dca90,ptr_int
0x004ddda0,0x004ddda0,,a1,int,ptr,HEURISTIC,RETURN_PROPAGATED,0x0050fe00->0x004ddda0,ptr_int
0x004e89e0,0x004e89e0,,a1,int,ptr,HEURISTIC,RETURN_PROPAGATED,0x0050fe00->0x004e89e0,ptr_int
0x004e89e0,0x004e89e0,,a2,ptr,int,HEURISTIC,CALL_PROPAGATED,0x004e7460->0x004e89e0,ptr_int
0x004ecec0,0x004ecec0,stub_code,a0,Unknown_a0_14,int,DIRECT,CALL_PROPAGATED,0x004ecb20->0x004ecec0,hard
0x00536b00,0x00536b00,stub_code,a0,int,Unknown_a0_14,DIRECT,CALL_PROPAGATED,0x004ecec0->0x00536b00,hard
0x004ba460,0x004ba460,stub_code,a0,int,Unknown_a0_14,DIRECT,CALL_PROPAGATED,0x004ecec0->0x004ba460,hard
0x0050a440,0x0050a440,stub_code,a0,Unknown_a0_0_13c,Unknown_a0_14,DIRECT,CALL_PROPAGATED,0x004ecec0->0x0050a440,hard
0x004f08a0,0x004f08a0,stub_code,a2,ptr,int,HEURISTIC,CALL_PROPAGATED,0x004ecec0->0x004f08a0,ptr_int
0x00504220,0x00504220,,a1,ptr,int,HEURISTIC,CALL_PROPAGATED,0x004ed3c0->0x00504220,ptr_int
0x00504220,0x00504220,,a0,ptr,int,HEURISTIC,CALL_PROPAGATED,0x004ed5c0->0x00504220,ptr_int
0x00504040,0x00504040,stub_code,a0,Unknown_a0_0_4_8_c,int,DIRECT,CALL_PROPAGATED,0x004ed5c0->0x00504040,hard
0x00518d90,0x00518d90,stub_code,a1,int,ptr,DIRECT,RETURN_PROPAGATED,0x00504170->0x00518d90,ptr_int
0x00518530,0x00518530,stub_code,a1,int,ptr,DIRECT,RETURN_PROPAGATED,0x00504170->0x00518530,ptr_int
0x004ea110,0x004ea110,stub_code,a1,int,ptr,DIRECT,RETURN_PROPAGATED,0x00504170->0x004ea110,ptr_int
0x00506400,0x00506400,,a1,int,ptr,HEURISTIC,RETURN_PROPAGATED,0x00504170->0x00506400,ptr_int
0x0051eba0,0x0051eba0,stub_code,a1,int,ptr,DIRECT,RETURN_PROPAGATED,0x00519590->0x0051eba0,ptr_int
0x0051ee90,0x0051ee90,stub_code,a1,int,ptr,DIRECT,RETURN_PROPAGATED,0x00519590->0x0051ee90,ptr_int
0x0051de00,0x0051de00,stub_code,a1,int,ptr,DIRECT,RETURN_PROPAGATED,0x00519590->0x0051de00,ptr_int
0x0051b810,0x0051b810,stub_code,a0,Unknown_a0_8_c,Unknown_a0_40,DIRECT,CALL_PROPAGATED,0x004ede20->0x0051b810,hard
0x005065c0,0x005065c0,stub_code,a0,Unknown_a0_0_e4,Unknown_a0_34,DIRECT,CALL_PROPAGATED,0x004ee5c0->0x005065c0,hard
0x0050fde0,0x0050fde0,,a2,ptr,int,HEURISTIC,CALL_PROPAGATED,0x004ee6d0->0x0050fde0,ptr_int
0x0050e8f0,0x0050e8f0,stub_code,a1,Unknown_a1_0,int,DIRECT,CALL_PROPAGATED,0x004ee6d0->0x0050e8f0,hard
0x005065c0,0x005065c0,stub_code,a1,int,ptr,DIRECT,RETURN_PROPAGATED,0x00504040->0x005065c0,ptr_int
0x00429538,0x00429538,,a1,int,Unknown_a1_0,CALL_PROPAGATED,CALL_PROPAGATED,0x004eeff0->0x00429538,hard
0x004f2100,0x004f2100,stub_code,a0,Unknown_a0_0_4c,Unknown_a0_8_10,DIRECT,CALL_PROPAGATED,0x004ef3f0->0x004f2100,hard
0x004f2100,0x004f2100,stub_code,a1,int,Unknown_a0_8_10,DIRECT,CALL_PROPAGATED,0x004ef3f0->0x004f2100,hard
0x004f2100,0x004f2100,stub_code,a2,int,Unknown_a0_8_10,DIRECT,CALL_PROPAGATED,0x004ef3f0->0x004f2100,hard
0x004f2210,0x004f2210,stub_code,a0,Unknown_a0_c,Unknown_a0_8_c_10,DIRECT,CALL_PROPAGATED,0x004ef450->0x004f2210,hard
0x004f2100,0x004f2100,stub_code,a2,int,Unknown_a0_8_c_10,DIRECT,CALL_PROPAGATED,0x004ef450->0x004f2100,hard
0x004f2210,0x004f2210,stub_code,a2,int,Unknown_a0_8_c_10,DIRECT,CALL_PROPAGATED,0x004ef450->0x004f2210,hard
0x004f2210,0x004f2210,stub_code,a0,Unknown_a0_c,Unknown_a1_0_8_c_10,DIRECT,CALL_PROPAGATED,0x004ef5a0->0x004f2210,hard
0x004f2210,0x004f2210,stub_code,a1,int,Unknown_a1_0_8_c_10,DIRECT,CALL_PROPAGATED,0x004ef5a0->0x004f2210,hard
0x004f2210,0x004f2210,stub_code,a3,int,Unknown_a1_0_8_c_10,DIRECT,CALL_PROPAGATED,0x004ef5a0->0x004f2210,hard
0x004f2210,0x004f2210,stub_code,a2,int,Unknown_a1_0_8_c_10,DIRECT,CALL_PROPAGATED,0x004ef5a0->0x004f2210,hard
0x00513210,0x00513210,,a1,Unknown_a1_24,Unknown_a1_1,CALL_PROPAGATED,CALL_PROPAGATED,0x004efbe0->0x00513210,hard
0x00511940,0x00511940,stub_code,a1,int,Unknown_a1_1,DIRECT,CALL_PROPAGATED,0x004efbe0->0x00511940,hard
0x004e6fc0,0x004e6fc0,stub_code,a1,int,Unknown_a1_1,DIRECT,CALL_PROPAGATED,0x004efbe0->0x004e6fc0,hard
0x004f2100,0x004f2100,stub_code,a1,int,Unknown_a1_1,DIRECT,CALL_PROPAGATED,0x004efbe0->0x004f2100,hard
0x004f2210,0x004f2210,stub_code,a1,int,Unknown_a1_1,DIRECT,CALL_PROPAGATED,0x004efbe0->0x004f2210,hard
0x004f2210,0x004f2210,stub_code,a1,int,Unknown_a0_c,DIRECT,CALL_PROPAGATED,0x004efdc0->0x004f2210,hard
0x004e89e0,0x004e89e0,,a0,int,Unknown_a0_34,CALL_PROPAGATED,CALL_PROPAGATED,0x004f0690->0x004e89e0,hard
0x0042aa40,0x0042aa40,stub_code,a2,int,Unknown_a2_0,DIRECT,CALL_PROPAGATED,0x004f07c0->0x0042aa40,hard
0x00504220,0x00504220,,a2,int,Unknown_a2_0,CALL_PROPAGATED,CALL_PROPAGATED,0x004f07c0->0x00504220,hard
0x00504040,0x00504040,stub_code,a2,int,Unknown_a2_0,DIRECT,CALL_PROPAGATED,0x004f07c0->0x00504040,hard
0x00504170,0x00504170,stub_code,a2,int,Unknown_a2_0,DIRECT,CALL_PROPAGATED,0x004f07c0->0x00504170,hard
0x00513010,0x00513010,stub_code,a1,int,Unknown_a1_0_50,DIRECT,CALL_PROPAGATED,0x004f1850->0x00513010,hard
0x004e79c0,0x004e79c0,stub_code,a0,int,Unknown_a0_8,DIRECT,CALL_PROPAGATED,0x004f1b10->0x004e79c0,hard
0x004f1e40,0x004f1e40,stub_code,a0,Unknown_a0_8,int,DIRECT,CALL_PROPAGATED,0x004f1f20->0x004f1e40,hard
0x0050f930,0x0050f930,,a0,ptr,int,HEURISTIC,CALL_PROPAGATED,0x004f1f20->0x0050f930,ptr_int
0x00513160,0x00513160,stub_code,a0,int,Unknown_a0_0_4c,DIRECT,CALL_PROPAGATED,0x004f2100->0x00513160,hard
0x0050fde0,0x0050fde0,,a0,int,Unknown_a0_0_4c,CALL_PROPAGATED,CALL_PROPAGATED,0x004f2100->0x0050fde0,hard
0x004f2100,0x004f2100,stub_code,a0,Unknown_a0_0_4c,Unknown_a0_c,DIRECT,CALL_PROPAGATED,0x004f2210->0x004f2100,hard
0x004f2100,0x004f2100,stub_code,a1,int,Unknown_a0_c,DIRECT,CALL_PROPAGATED,0x004f2210->0x004f2100,hard
0x00428890,0x00428890,,a3,Unknown_a3_0,Unknown_a0_8,CALL_PROPAGATED,CALL_PROPAGATED,0x004f2420->0x00428890,hard
0x004f2210,0x004f2210,stub_code,a0,Unknown_a0_c,Unknown_a0_8,DIRECT,CALL_PROPAGATED,0x004f25a0->0x004f2210,hard
0x00428890,0x00428890,,a2,int,Unknown_a0_8,CALL_PROPAGATED,CALL_PROPAGATED,0x004f2800->0x00428890,hard
0x00514420,0x00514420,stub_code,a1,int,Unknown_a1_4,DIRECT,CALL_PROPAGATED,0x004f2b10->0x00514420,hard
0x00514420,0x00514420,stub_code,a3,int,Unknown_a0_0_8_10,DIRECT,CALL_PROPAGATED,0x004f2b10->0x00514420,hard
0x00513f30,FUN_00513f30,pseudo_stub,a0,Unknown_a0_0_8_c_10,Unknown_a0_0_8_10,DIRECT,CALL_PROPAGATED,0x004f2b10->0x00513f30,hard
0x00513f30,FUN_00513f30,pseudo_stub,a3,int,Unknown_a0_0_8_10,DIRECT,CALL_PROPAGATED,0x004f2b10->0x00513f30,hard
0x004f2690,0x004f2690,stub_code,a0,int,Unknown_a0_0_8_10,DIRECT,CALL_PROPAGATED,0x004f2b10->0x004f2690,hard
0x004f2690,0x004f2690,stub_code,a1,int,Unknown_a1_4,DIRECT,CALL_PROPAGATED,0x004f2b10->0x004f2690,hard
0x004f2690,0x004f2690,stub_code,a3,int,Unknown_a0_0_8_10,DIRECT,CALL_PROPAGATED,0x004f2b10->0x004f2690,hard
0x004f2e40,0x004f2e40,stub_code,a0,Unknown_a0_10_18,Unknown_a0_0_8_c_10,DIRECT,CALL_PROPAGATED,0x004f2c50->0x004f2e40,hard
0x004f2e40,0x004f2e40,stub_code,a1,int,Unknown_a0_0_8_c_10,DIRECT,CALL_PROPAGATED,0x004f2c50->0x004f2e40,hard
0x004f2e40,0x004f2e40,stub_code,a2,int,Unknown_a0_0_8_c_10,DIRECT,CALL_PROPAGATED,0x004f2c50->0x004f2e40,hard
0x004f2cf0,0x004f2cf0,stub_code,a0,int,Unknown_a0_0_8_c_10,DIRECT,CALL_PROPAGATED,0x004f2c50->0x004f2cf0,hard
0x004f2cf0,0x004f2cf0,stub_code,a1,int,Unknown_a0_0_8_c_10,DIRECT,CALL_PROPAGATED,0x004f2c50->0x004f2cf0,hard
0x004f2cf0,0x004f2cf0,stub_code,a2,int,Unknown_a0_0_8_c_10,DIRECT,CALL_PROPAGATED,0x004f2c50->0x004f2cf0,hard
0x00513f90,0x00513f90,,a0,ptr,int,HEURISTIC,CALL_PROPAGATED,0x004f2cf0->0x00513f90,ptr_int
0x00513f90,0x00513f90,,a2,ptr,int,HEURISTIC,CALL_PROPAGATED,0x004f2cf0->0x00513f90,ptr_int
0x00513210,0x00513210,,a0,Unknown_a0_30_34_38,Unknown_a0_10_18,CALL_PROPAGATED,CALL_PROPAGATED,0x004f2e40->0x00513210,hard
0x004e5100,0x004e5100,stub_code,a0,int,Unknown_a0_10_18,DIRECT,CALL_PROPAGATED,0x004f2e40->0x004e5100,hard
0x0053cef0,0x0053cef0,,a2,int,ptr,CALL_PROPAGATED,RETURN_PROPAGATED,0x0053cef0->0x0053cef0,ptr_int
0x004f2e40,0x004f2e40,stub_code,a2,int,Unknown_a0_8_c,DIRECT,CALL_PROPAGATED,0x004f3340->0x004f2e40,hard
0x004f2cf0,0x004f2cf0,stub_code,a2,int,Unknown_a0_8_c,DIRECT,CALL_PROPAGATED,0x004f3340->0x004f2cf0,hard
0x0051b550,0x0051b550,stub_code,a0,int,Unknown_a0_20,DIRECT,CALL_PROPAGATED,0x004f3790->0x0051b550,hard
0x004f3850,0x004f3850,,a0,ptr,int,CALL_PROPAGATED,CALL_PROPAGATED,0x004f3910->0x004f3850,ptr_int
0x005144a0,0x005144a0,stub_code,a0,int,Unknown_a0_1c,DIRECT,CALL_PROPAGATED,0x004f3bf0->0x005144a0,hard
0x004f28b0,0x004f28b0,stub_code,a3,int,ptr,DIRECT,CALL_PROPAGATED,0x004f3c30->0x004f28b0,ptr_int
0x00513f30,FUN_00513f30,pseudo_stub,a0,Unknown_a0_0_8_c_10,Unknown_a0_1c,DIRECT,CALL_PROPAGATED,0x004f3d10->0x00513f30,hard
0x004f3e60,0x004f3e60,stub_code,a0,int,Unknown_a0_0_a0,DIRECT,CALL_PROPAGATED,0x004f3ed0->0x004f3e60,hard
0x004f3890,0x004f3890,stub_code,a0,ptr,int,STRUCT_FIELD,CALL_PROPAGATED,0x004f3fd0->0x004f3890,ptr_int
0x004e2500,0x004e2500,,a0,int,Unknown_a0_34,CALL_PROPAGATED,CALL_PROPAGATED,0x004f4860->0x004e2500,hard
0x00511280,0x00511280,,a0,Unknown_a0_0_4c,int,CALL_PROPAGATED,CALL_PROPAGATED,0x004f4b80->0x00511280,hard
0x00513210,0x00513210,,a0,Unknown_a0_30_34_38,Unknown_a0_0_c_10,CALL_PROPAGATED,CALL_PROPAGATED,0x004f4c00->0x00513210,hard
0x0031c380,0x0031c380,,a2,ptr,int,HEURISTIC,CALL_PROPAGATED,0x004f51b0->0x0031c380,ptr_int
0x0031c380,0x0031c380,,a3,ptr,int,RETURN_PROPAGATED,CALL_PROPAGATED,0x004f51b0->0x0031c380,ptr_int
0x004f5cc0,0x004f5cc0,,a0,int,Unknown_a0_0_1,CALL_PROPAGATED,CALL_PROPAGATED,0x004f6010->0x004f5cc0,hard
0x00429068,0x00429068,,a0,Unknown_a0_0_4_8,Unknown_a0_0_1,CALL_PROPAGATED,CALL_PROPAGATED,0x004f6010->0x00429068,hard
0x004f6830,0x004f6830,stub_code,a1,Unknown_a1_c,Unknown_a1_0_c,DIRECT,CALL_PROPAGATED,0x004f6580->0x004f6830,hard
0x004f51b0,0x004f51b0,stub_code,a0,Unknown_a0_0_4_c_10,int,DIRECT,CALL_PROPAGATED,0x004f6580->0x004f51b0,hard
0x00513210,0x00513210,,a1,Unknown_a1_24,Unknown_a1_c,CALL_PROPAGATED,CALL_PROPAGATED,0x004f6830->0x00513210,hard
0x004d4350,0x004d4350,stub_code,a1,int,Unknown_a1_c,DIRECT,CALL_PROPAGATED,0x004f6830->0x004d4350,hard
0x004d4350,0x004d4350,stub_code,a0,int,Unknown_a0_8,DIRECT,CALL_PROPAGATED,0x004f76c0->0x004d4350,hard
0x004e40d0,0x004e40d0,stub_code,a0,int,Unknown_a0_0_4,DIRECT,CALL_PROPAGATED,0x004f77d0->0x004e40d0,hard
0x004d4350,0x004d4350,stub_code,a0,int,Unknown_a0_0_4,DIRECT,CALL_PROPAGATED,0x004f77d0->0x004d4350,hard
0x004d4350,0x004d4350,stub_code,a0,int,ptr,DIRECT,CALL_PROPAGATED,0x004f7980->0x004d4350,ptr_int
0x004e40d0,0x004e40d0,stub_code,a0,int,ptr,DIRECT,CALL_PROPAGATED,0x004f7980->0x004e40d0,ptr_int
0x004e1750,0x004e1750,,a1,ptr,int,HEURISTIC,CALL_PROPAGATED,0x004f7b80->0x004e1750,ptr_int
0x0051ef60,0x0051ef60,stub_code,a2,int,Unknown_a0_8,DIRECT,CALL_PROPAGATED,0x004f7eb0->0x0051ef60,hard
0x0051eb80,0x0051eb80,,a2,ptr,int,HEURISTIC,CALL_PROPAGATED,0x004f7fd0->0x0051eb80,ptr_int
0x0051eb90,0x0051eb90,,a2,ptr,int,HEURISTIC,CALL_PROPAGATED,0x004f7fd0->0x0051eb90,ptr_int
0x0051eba0,0x0051eba0,stub_code,a1,int,Unknown_a0_2c,DIRECT,CALL_PROPAGATED,0x004f7fd0->0x0051eba0,hard
0x0051eb80,0x0051eb80,,a1,int,Unknown_a0_2c,HEURISTIC,CALL_PROPAGATED,0x004f7fd0->0x0051eb80,hard
0x004ef3f0,0x004ef3f0,stub_code,a1,int,Unknown_a0_2c,DIRECT,CALL_PROPAGATED,0x004f7fd0->0x004ef3f0,hard
0x00504260,0x00504260,stub_code,a1,int,Unknown_a0_2c,DIRECT,CALL_PROPAGATED,0x004f7fd0->0x00504260,hard
0x004f2100,0x004f2100,stub_code,a1,int,Unknown_a0_2c,DIRECT,CALL_PROPAGATED,0x004f7fd0->0x004f2100,hard
0x004f2100,0x004f2100,stub_code,a2,int,Unknown_a0_2c,DIRECT,CALL_PROPAGATED,0x004f7fd0->0x004f2100,hard
0x0051ec00,0x0051ec00,stub_code,a0,Unknown_a0_8_c_10,Unknown_a0_8,DIRECT,CALL_PROPAGATED,0x004f8150->0x0051ec00,hard
0x0051ecb0,0x0051ecb0,stub_code,a0,int,Unknown_a0_20_2c,DIRECT,CALL_PROPAGATED,0x004f8230->0x0051ecb0,hard
0x004ef520,0x004ef520,stub_code,a1,Unknown_a1_0_54,int,DIRECT,CALL_PROPAGATED,0x004f8230->0x004ef520,hard
0x0051ef60,0x0051ef60,stub_code,a0,int,Unknown_a1_0,DIRECT,CALL_PROPAGATED,0x004f82c0->0x0051ef60,hard
0x004fcc70,0x004fcc70,stub_code,a0,int,Unknown_a0_8_4c,DIRECT,CALL_PROPAGATED,0x004fa720->0x004fcc70,hard
0x004f7e90,0x004f7e90,,a0,ptr,int,HEURISTIC,CALL_PROPAGATED,0x004facd0->0x004f7e90,ptr_int
0x004f7e90,0x004f7e90,,a1,ptr,int,RETURN_PROPAGATED,CALL_PROPAGATED,0x004facd0->0x004f7e90,ptr_int
0x004f7e90,0x004f7e90,,a2,ptr,int,HEURISTIC,CALL_PROPAGATED,0x004facd0->0x004f7e90,ptr_int
0x00516500,0x00516500,stub_code,a0,int,ptr,DIRECT,RETURN_PROPAGATED,0x00429068->0x00516500,ptr_int
0x00516730,0x00516730,stub_code,a0,int,ptr,DIRECT,RETURN_PROPAGATED,0x00429068->0x00516730,ptr_int
0x00513210,0x00513210,,a1,Unknown_a1_24,Unknown_a1_8,CALL_PROPAGATED,CALL_PROPAGATED,0x004fc7b0->0x00513210,hard
0x004de7c0,0x004de7c0,stub_code,a1,int,Unknown_a1_8,DIRECT,CALL_PROPAGATED,0x004fc7b0->0x004de7c0,hard
0x004fce80,0x004fce80,,a0,ptr,int,HEURISTIC,CALL_PROPAGATED,0x004fcc70->0x004fce80,ptr_int
0x00506610,0x00506610,,a0,ptr,int,HEURISTIC,CALL_PROPAGATED,0x004fce30->0x00506610,ptr_int
0x00506610,0x00506610,,a1,ptr,int,HEURISTIC,CALL_PROPAGATED,0x004fce30->0x00506610,ptr_int
0x004fcf80,0x004fcf80,,a1,ptr,int,HEURISTIC,CALL_PROPAGATED,0x004fd050->0x004fcf80,ptr_int
0x00504170,0x00504170,stub_code,a1,int,ptr,DIRECT,CALL_PROPAGATED,0x004fd0d0->0x00504170,ptr_int
0x00511280,0x00511280,,a0,Unknown_a0_0_4c,Unknown_a0_0_50,CALL_PROPAGATED,CALL_PROPAGATED,0x004fd700->0x00511280,hard
0x004f3850,0x004f3850,,a1,int,ptr,CALL_PROPAGATED,CALL_PROPAGATED,0x004fd740->0x004f3850,ptr_int
0x004f3d50,0x004f3d50,,a1,int,ptr,HEURISTIC,CALL_PROPAGATED,0x004fd7a0->0x004f3d50,ptr_int
0x00428c50,FUN_00428c50,real_c,a1,int,Unknown_a1_0,DIRECT,CALL_PROPAGATED,0x004fdf60->0x00428c50,hard
0x00429068,0x00429068,,a0,Unknown_a0_0_4_8,Unknown_a0_0,CALL_PROPAGATED,CALL_PROPAGATED,0x004fdf60->0x00429068,hard
0x00429068,0x00429068,,a1,Unknown_a1_0,Unknown_a0_0,CALL_PROPAGATED,CALL_PROPAGATED,0x004fdf60->0x00429068,hard
0x00428f48,FUN_00428f48,real_c,a0,int,Unknown_a0_0,DIRECT,CALL_PROPAGATED,0x004fdf60->0x00428f48,hard
0x00429538,0x00429538,,a1,Unknown_a1_0,Unknown_a0_0,CALL_PROPAGATED,CALL_PROPAGATED,0x004fdf60->0x00429538,hard
0x00428df8,0x00428df8,,a0,Unknown_a0_8_c,Unknown_a0_0,CALL_PROPAGATED,CALL_PROPAGATED,0x004fdf60->0x00428df8,hard
0x004df880,0x004df880,,a0,int,Unknown_a0_34,CALL_PROPAGATED,CALL_PROPAGATED,0x004fe150->0x004df880,hard
0x00428df8,0x00428df8,,a0,Unknown_a0_8_c,Unknown_a0_14,CALL_PROPAGATED,CALL_PROPAGATED,0x004fe7e0->0x00428df8,hard
0x00429068,0x00429068,,a0,Unknown_a0_0_4_8,Unknown_a0_14,CALL_PROPAGATED,CALL_PROPAGATED,0x004fe7e0->0x00429068,hard
0x004fe510,0x004fe510,stub_code,a1,int,Unknown_a1_5c,DIRECT,CALL_PROPAGATED,0x004fe8e0->0x004fe510,hard
0x00511940,0x00511940,stub_code,a1,int,Unknown_a1_5c,DIRECT,CALL_PROPAGATED,0x004fe8e0->0x00511940,hard
0x004fe7e0,0x004fe7e0,stub_code,a1,int,Unknown_a1_5c,DIRECT,CALL_PROPAGATED,0x004fe8e0->0x004fe7e0,hard
0x004e4d10,0x004e4d10,stub_code,a0,int,Unknown_a1_100,DIRECT,CALL_PROPAGATED,0x004fea00->0x004e4d10,hard
0x004e4d10,0x004e4d10,stub_code,a1,int,Unknown_a1_100,DIRECT,CALL_PROPAGATED,0x004fea00->0x004e4d10,hard
0x00511940,0x00511940,stub_code,a1,int,Unknown_a1_100,DIRECT,CALL_PROPAGATED,0x004fea00->0x00511940,hard
0x004e6fc0,0x004e6fc0,stub_code,a0,int,ptr,DIRECT,CALL_PROPAGATED,0x004fec60->0x004e6fc0,ptr_int
0x004e6fc0,0x004e6fc0,stub_code,a1,int,ptr,DIRECT,CALL_PROPAGATED,0x004fec60->0x004e6fc0,ptr_int
0x00511e50,0x00511e50,stub_code,a0,Unknown_a0_0_4c,int,DIRECT,CALL_PROPAGATED,0x004ff7d0->0x00511e50,hard
0x00511e50,0x00511e50,stub_code,a1,int,ptr,DIRECT,CALL_PROPAGATED,0x004ff7d0->0x00511e50,ptr_int
0x004fe760,0x004fe760,stub_code,a0,ptr,int,STRUCT_FIELD,CALL_PROPAGATED,0x004ffc80->0x004fe760,ptr_int
0x004fe760,0x004fe760,stub_code,a1,int,Unknown_a1_b0,DIRECT,CALL_PROPAGATED,0x004ffc80->0x004fe760,hard
0x004f3fd0,0x004f3fd0,stub_code,a1,int,Unknown_a1_8_1c,DIRECT,CALL_PROPAGATED,0x004ffd70->0x004f3fd0,hard
0x004fe8e0,0x004fe8e0,stub_code,a1,Unknown_a1_5c,int,DIRECT,CALL_PROPAGATED,0x004ffdd0->0x004fe8e0,hard
0x004ffd70,0x004ffd70,stub_code,a1,Unknown_a1_8_1c,int,DIRECT,CALL_PROPAGATED,0x004ffdd0->0x004ffd70,hard
0x005035b0,0x005035b0,stub_code,a1,ptr,int,STRUCT_FIELD,CALL_PROPAGATED,0x00500230->0x005035b0,ptr_int
0x005035b0,0x005035b0,stub_code,a2,int,Unknown_a1_70,DIRECT,CALL_PROPAGATED,0x00500460->0x005035b0,hard
0x004e5100,0x004e5100,stub_code,a1,int,ptr,DIRECT,CALL_PROPAGATED,0x00501510->0x004e5100,ptr_int
0x00501190,0x00501190,,a1,ptr,int,HEURISTIC,CALL_PROPAGATED,0x00501900->0x00501190,ptr_int
0x004fe4b0,0x004fe4b0,stub_code,a1,Unknown_a1_4,int,DIRECT,CALL_PROPAGATED,0x00501900->0x004fe4b0,hard
0x005035b0,0x005035b0,stub_code,a2,int,ptr,DIRECT,CALL_PROPAGATED,0x00501a20->0x005035b0,ptr_int
0x004e4920,0x004e4920,stub_code,a2,int,ptr,DIRECT,CALL_PROPAGATED,0x00501a20->0x004e4920,ptr_int
0x004e4920,0x004e4920,stub_code,a3,int,ptr,DIRECT,CALL_PROPAGATED,0x00501a20->0x004e4920,ptr_int
0x004f2100,0x004f2100,stub_code,a3,int,ptr,DIRECT,CALL_PROPAGATED,0x00501a20->0x004f2100,ptr_int
0x004e6fc0,0x004e6fc0,stub_code,a3,int,Unknown_a1_0_5c_60,DIRECT,CALL_PROPAGATED,0x00501d90->0x004e6fc0,hard
0x00511940,0x00511940,stub_code,a3,int,Unknown_a1_0_5c_60,DIRECT,CALL_PROPAGATED,0x00501d90->0x00511940,hard
0x004f2100,0x004f2100,stub_code,a3,int,Unknown_a1_0_5c_60,DIRECT,CALL_PROPAGATED,0x00501d90->0x004f2100,hard
0x004f2210,0x004f2210,stub_code,a3,int,Unknown_a1_0_5c_60,DIRECT,CALL_PROPAGATED,0x00501d90->0x004f2210,hard
0x004f3890,0x004f3890,stub_code,a2,int,ptr,DIRECT,CALL_PROPAGATED,0x00502790->0x004f3890,ptr_int
0x004f3890,0x004f3890,stub_code,a3,int,ptr,DIRECT,CALL_PROPAGATED,0x00502790->0x004f3890,ptr_int
0x00504220,0x00504220,,a3,int,ptr,CALL_PROPAGATED,CALL_PROPAGATED,0x005028a0->0x00504220,ptr_int
0x00504040,0x00504040,stub_code,a3,int,ptr,DIRECT,CALL_PROPAGATED,0x005028a0->0x00504040,ptr_int
0x00504170,0x00504170,stub_code,a3,int,ptr,DIRECT,CALL_PROPAGATED,0x005028a0->0x00504170,ptr_int
0x0051ae30,0x0051ae30,stub_code,a3,int,ptr,DIRECT,CALL_PROPAGATED,0x005028a0->0x0051ae30,ptr_int
0x00502530,0x00502530,stub_code,a0,ptr,int,STRUCT_FIELD,CALL_PROPAGATED,0x00502c30->0x00502530,ptr_int
0x00502500,0x00502500,stub_code,a0,Unknown_a0_b0,int,DIRECT,CALL_PROPAGATED,0x00502c30->0x00502500,hard
0x004f3890,0x004f3890,stub_code,a1,int,ptr,DIRECT,CALL_PROPAGATED,0x00502c70->0x004f3890,ptr_int
0x00502d20,0x00502d20,stub_code,a1,int,ptr,DIRECT,CALL_PROPAGATED,0x005032e0->0x00502d20,ptr_int
0x0051c100,0x0051c100,stub_code,a1,int,ptr,DIRECT,CALL_PROPAGATED,0x005032e0->0x0051c100,ptr_int
0x004fd810,0x004fd810,stub_code,a0,int,Unknown_a0_0_4c,DIRECT,CALL_PROPAGATED,0x00503740->0x004fd810,hard
0x00510320,0x00510320,,a0,int,Unknown_a0_0_4c,CALL_PROPAGATED,CALL_PROPAGATED,0x00503740->0x00510320,hard
0x0050fe00,0x0050fe00,,a0,int,Unknown_a0_0_4c,CALL_PROPAGATED,CALL_PROPAGATED,0x00503830->0x0050fe00,hard
0x004ddda0,0x004ddda0,,a0,Unknown_a0_94,Unknown_a0_34,CALL_PROPAGATED,CALL_PROPAGATED,0x005038a0->0x004ddda0,hard
0x004ddda0,0x004ddda0,,a1,Unknown_a1_4,int,CALL_PROPAGATED,CALL_PROPAGATED,0x005038a0->0x004ddda0,hard
0x00511140,0x00511140,stub_code,a0,Unknown_a0_0_4_6,int,DIRECT,CALL_PROPAGATED,0x00503af0->0x00511140,hard
0x00428df8,0x00428df8,,a3,Unknown_a1_0_5c_60,int,CALL_PROPAGATED,CALL_PROPAGATED,0x00503ca0->0x00428df8,hard
0x00506620,0x00506620,,a0,Unknown_a0_8,Unknown_a0_8_c,CALL_PROPAGATED,CALL_PROPAGATED,0x00503db0->0x00506620,hard
0x00503bb0,0x00503bb0,stub_code,a0,Unknown_a0_8,Unknown_a0_8_c,DIRECT,CALL_PROPAGATED,0x00503db0->0x00503bb0,hard
0x00504130,0x00504130,stub_code,a0,Unknown_a0_4,int,DIRECT,CALL_PROPAGATED,0x005040d0->0x00504130,hard
0x0051e430,0x0051e430,stub_code,a0,int,Unknown_a0_4,DIRECT,CALL_PROPAGATED,0x00504130->0x0051e430,hard
0x0051eb80,0x0051eb80,,a2,int,Unknown_a0_8_10,CALL_PROPAGATED,CALL_PROPAGATED,0x00504260->0x0051eb80,hard
0x0051eb90,0x0051eb90,,a2,int,Unknown_a0_8_10,CALL_PROPAGATED,CALL_PROPAGATED,0x00504260->0x0051eb90,hard
0x0051eba0,0x0051eba0,stub_code,a2,int,Unknown_a0_8_10,DIRECT,CALL_PROPAGATED,0x00504260->0x0051eba0,hard
0x004f2210,0x004f2210,stub_code,a0,Unknown_a0_c,Unknown_a1_8_c_10,DIRECT,CALL_PROPAGATED,0x00504400->0x004f2210,hard
0x004f2210,0x004f2210,stub_code,a2,int,Unknown_a1_8_c_10,DIRECT,CALL_PROPAGATED,0x00504400->0x004f2210,hard
0x0051ee30,0x0051ee30,,a3,int,Unknown_a3_0,CALL_PROPAGATED,CALL_PROPAGATED,0x00504460->0x0051ee30,hard
0x00429538,0x00429538,,a3,int,Unknown_a3_0,CALL_PROPAGATED,CALL_PROPAGATED,0x00504460->0x00429538,hard
0x00504250,0x00504250,,a0,ptr,int,HEURISTIC,CALL_PROPAGATED,0x00504b30->0x00504250,ptr_int
0x00504250,0x00504250,,a1,Unknown_a0_2c,int,CALL_PROPAGATED,CALL_PROPAGATED,0x00504b30->0x00504250,hard
0x004dca90,0x004dca90,,a0,int,Unknown_a0_34,CALL_PROPAGATED,CALL_PROPAGATED,0x00504c60->0x004dca90,hard
0x004fdc60,FUN_004fdc60,pseudo_stub,a0,Unknown_a0_0,int,DIRECT,CALL_PROPAGATED,0x00504fa0->0x004fdc60,hard
0x004fdc60,FUN_004fdc60,pseudo_stub,a1,int,ptr,DIRECT,CALL_PROPAGATED,0x00504fa0->0x004fdc60,ptr_int
0x004fdf30,0x004fdf30,stub_code,a1,int,ptr,DIRECT,CALL_PROPAGATED,0x00504fa0->0x004fdf30,ptr_int
0x00428b18,FUN_00428b18,real_c,a2,int,ptr,DIRECT,CALL_PROPAGATED,0x00504fa0->0x00428b18,ptr_int
0x00504e00,0x00504e00,stub_code,a2,int,ptr,DIRECT,CALL_PROPAGATED,0x00504fa0->0x00504e00,ptr_int
0x00504040,0x00504040,stub_code,a2,int,ptr,DIRECT,CALL_PROPAGATED,0x00504fa0->0x00504040,ptr_int
0x00504170,0x00504170,stub_code,a2,int,ptr,DIRECT,CALL_PROPAGATED,0x00504fa0->0x00504170,ptr_int
0x00505730,0x00505730,,a2,ptr,int,HEURISTIC,CALL_PROPAGATED,0x00505990->0x00505730,ptr_int
0x00505730,0x00505730,,a3,ptr,int,RETURN_PROPAGATED,CALL_PROPAGATED,0x00505990->0x00505730,ptr_int
0x00506440,0x00506440,,a0,Unknown_a0_0_4_20,int,CALL_PROPAGATED,CALL_PROPAGATED,0x00506520->0x00506440,hard
0x00508a90,0x00508a90,stub_code,a0,int,Unknown_a0_0_e4,DIRECT,CALL_PROPAGATED,0x005065c0->0x00508a90,hard
0x00506400,0x00506400,,a0,ptr,int,HEURISTIC,CALL_PROPAGATED,0x005066e0->0x00506400,ptr_int
0x004287e0,0x004287e0,,a0,Unknown_a0_4_8_c,Unknown_a1_e8_ec_f0_f4_f8,CALL_PROPAGATED,CALL_PROPAGATED,0x00507810->0x004287e0,hard
0x00511940,0x00511940,stub_code,a1,int,Unknown_a1_50,DIRECT,CALL_PROPAGATED,0x00507b50->0x00511940,hard
0x00512ee0,0x00512ee0,stub_code,a3,Unknown_a1_e8_ec_f0_f4_f8,int,CALL_PROPAGATED,CALL_PROPAGATED,0x00507b50->0x00512ee0,hard
0x005144a0,0x005144a0,stub_code,a1,int,Unknown_a1_0,DIRECT,CALL_PROPAGATED,0x00508350->0x005144a0,hard
0x005144a0,0x005144a0,stub_code,a2,int,Unknown_a2_0,DIRECT,CALL_PROPAGATED,0x00508350->0x005144a0,hard
0x00506620,0x00506620,,a0,Unknown_a0_8_c,int,CALL_PROPAGATED,CALL_PROPAGATED,0x005094b0->0x00506620,hard
0x004fccd0,0x004fccd0,stub_code,a1,int,ptr,DIRECT,RETURN_PROPAGATED,0x00506620->0x004fccd0,ptr_int
0x004fccd0,0x004fccd0,stub_code,a3,int,ptr,DIRECT,RETURN_PROPAGATED,0x00429068->0x004fccd0,ptr_int
0x00428998,0x00428998,,a1,Unknown_a0_0_1c,Unknown_a0_4_8,CALL_PROPAGATED,CALL_PROPAGATED,0x0050a0a0->0x00428998,hard
0x00428998,0x00428998,,a0,Unknown_a0_8c,Unknown_a0_0_13c,CALL_PROPAGATED,CALL_PROPAGATED,0x0050a440->0x00428998,hard
0x00428998,0x00428998,,a2,Unknown_a0_0_4_8,Unknown_a0_0_13c,CALL_PROPAGATED,CALL_PROPAGATED,0x0050a440->0x00428998,hard
0x004287e0,0x004287e0,,a2,Unknown_a3_20_28_30_38_58_5b,Unknown_a0_0_13c,CALL_PROPAGATED,CALL_PROPAGATED,0x0050a440->0x004287e0,hard
0x00508840,0x00508840,,a2,ptr,int,HEURISTIC,CALL_PROPAGATED,0x0050a740->0x00508840,ptr_int
0x005193b0,0x005193b0,stub_code,a1,int,ptr,DIRECT,RETURN_PROPAGATED,0x004e9c20->0x005193b0,ptr_int
0x004e9c80,0x004e9c80,stub_code,a1,int,ptr,DIRECT,RETURN_PROPAGATED,0x004e9c20->0x004e9c80,ptr_int
0x005088c0,0x005088c0,stub_code,a0,int,ptr,DIRECT,CALL_PROPAGATED,0x0050b170->0x005088c0,ptr_int
0x005088b0,0x005088b0,,a0,ptr,int,HEURISTIC,CALL_PROPAGATED,0x0050b270->0x005088b0,ptr_int
0x005088b0,0x005088b0,,a1,ptr,int,HEURISTIC,CALL_PROPAGATED,0x0050b270->0x005088b0,ptr_int
0x005088b0,0x005088b0,,a2,ptr,int,HEURISTIC,CALL_PROPAGATED,0x0050b270->0x005088b0,ptr_int
0x004e0b30,0x004e0b30,stub_code,a1,int,ptr,DIRECT,RETURN_PROPAGATED,0x004e0b30->0x004e0b30,ptr_int
0x004f7eb0,0x004f7eb0,stub_code,a0,Unknown_a0_8,Unknown_a0_0_134,DIRECT,CALL_PROPAGATED,0x0050c210->0x004f7eb0,hard
0x004f7f40,0x004f7f40,stub_code,a0,Unknown_a0_8,Unknown_a0_0_134,DIRECT,CALL_PROPAGATED,0x0050c5a0->0x004f7f40,hard
0x004dabb0,0x004dabb0,,a1,ptr,int,HEURISTIC,CALL_PROPAGATED,0x0050d020->0x004dabb0,ptr_int
0x0050df60,0x0050df60,stub_code,a2,Unknown_a2_0,int,DIRECT,CALL_PROPAGATED,0x0050d090->0x0050df60,hard
0x00512ee0,0x00512ee0,stub_code,a0,Unknown_a0_0_4c,Unknown_a0_3c,DIRECT,CALL_PROPAGATED,0x0050d1f0->0x00512ee0,hard
0x0050da70,0x0050da70,stub_code,a1,ptr,int,STRUCT_FIELD,CALL_PROPAGATED,0x0050d340->0x0050da70,ptr_int
0x0050d4e0,0x0050d4e0,stub_code,a0,Unknown_a0_42,Unknown_a0_35,DIRECT,CALL_PROPAGATED,0x0050d3d0->0x0050d4e0,hard
0x005065c0,0x005065c0,stub_code,a0,Unknown_a0_0_e4,Unknown_a0_35,DIRECT,CALL_PROPAGATED,0x0050d3d0->0x005065c0,hard
0x0050d4e0,0x0050d4e0,stub_code,a0,Unknown_a0_42,int,DIRECT,CALL_PROPAGATED,0x0050d5b0->0x0050d4e0,hard
0x00516500,0x00516500,stub_code,a1,int,Unknown_a1_0,DIRECT,CALL_PROPAGATED,0x0050d890->0x00516500,hard
0x00516730,0x00516730,stub_code,a1,int,Unknown_a1_0,DIRECT,CALL_PROPAGATED,0x0050d890->0x00516730,hard
0x00506620,0x00506620,,a1,int,Unknown_a1_0,HEURISTIC,CALL_PROPAGATED,0x0050d890->0x00506620,hard
0x00512630,0x00512630,stub_code,a0,Unknown_a0_0_4c,Unknown_a1_0,DIRECT,CALL_PROPAGATED,0x0050d890->0x00512630,hard
0x00506620,0x00506620,,a0,Unknown_a0_8_c,Unknown_a0_3c,CALL_PROPAGATED,CALL_PROPAGATED,0x0050d990->0x00506620,hard
0x00512ee0,0x00512ee0,stub_code,a0,Unknown_a0_0_4c,Unknown_a0_26,DIRECT,CALL_PROPAGATED,0x0050dcb0->0x00512ee0,hard
0x004f4250,0x004f4250,stub_code,a1,int,Unknown_a1_0,DIRECT,CALL_PROPAGATED,0x0050dcb0->0x004f4250,hard
0x005129c0,0x005129c0,stub_code,a0,int,Unknown_a0_3c,DIRECT,CALL_PROPAGATED,0x0050de40->0x005129c0,hard
0x004ddda0,0x004ddda0,,a0,Unknown_a0_94,int,CALL_PROPAGATED,CALL_PROPAGATED,0x0050df60->0x004ddda0,hard
0x004ddda0,0x004ddda0,,a2,int,Unknown_a2_0,HEURISTIC,CALL_PROPAGATED,0x0050df60->0x004ddda0,hard
0x00506620,0x00506620,,a2,int,Unknown_a2_0,CALL_PROPAGATED,CALL_PROPAGATED,0x0050e040->0x00506620,hard
0x0050e810,0x0050e810,stub_code,a0,Unknown_a0_0_58,int,DIRECT,CALL_PROPAGATED,0x0050e8a0->0x0050e810,hard
0x004287e0,0x004287e0,,a0,Unknown_a0_4_8_c,Unknown_a0_14,CALL_PROPAGATED,CALL_PROPAGATED,0x0050ebd0->0x004287e0,hard
0x004287e0,0x004287e0,,a2,Unknown_a3_20_28_30_38_58_5b,Unknown_a0_14,CALL_PROPAGATED,CALL_PROPAGATED,0x0050ec40->0x004287e0,hard
0x005113f0,0x005113f0,stub_code,a0,Unknown_a0_0_4_6,Unknown_a0_24,DIRECT,CALL_PROPAGATED,0x0050fa30->0x005113f0,hard
0x0050ea30,0x0050ea30,stub_code,a0,Unknown_a0_0_50,int,DIRECT,CALL_PROPAGATED,0x0050fd50->0x0050ea30,hard
0x004eee20,0x004eee20,stub_code,a2,ptr,int,HEURISTIC,CALL_PROPAGATED,0x0050ff70->0x004eee20,ptr_int
0x004eee20,0x004eee20,stub_code,a3,ptr,int,HEURISTIC,CALL_PROPAGATED,0x0050ff70->0x004eee20,ptr_int
0x00510280,0x00510280,stub_code,a0,ptr,int,STRUCT_FIELD,CALL_PROPAGATED,0x005101b0->0x00510280,ptr_int
0x0050ea30,0x0050ea30,stub_code,a0,Unknown_a0_0_50,Unknown_a0_24,DIRECT,CALL_PROPAGATED,0x00510490->0x0050ea30,hard
0x0050ea30,0x0050ea30,stub_code,a1,int,ptr,CALL_PROPAGATED,CALL_PROPAGATED,0x00510490->0x0050ea30,ptr_int
0x0050ea30,0x0050ea30,stub_code,a2,int,Unknown_a0_24,CALL_PROPAGATED,CALL_PROPAGATED,0x00510490->0x0050ea30,hard
0x00503fb0,0x00503fb0,stub_code,a1,int,ptr,DIRECT,CALL_PROPAGATED,0x00510490->0x00503fb0,ptr_int
0x00503fb0,0x00503fb0,stub_code,a2,int,Unknown_a0_24,DIRECT,CALL_PROPAGATED,0x00510490->0x00503fb0,hard
0x00510280,0x00510280,stub_code,a1,int,ptr,DIRECT,CALL_PROPAGATED,0x00510490->0x00510280,ptr_int
0x00510280,0x00510280,stub_code,a2,int,Unknown_a0_24,DIRECT,CALL_PROPAGATED,0x00510490->0x00510280,hard
0x005101b0,0x005101b0,stub_code,a1,int,ptr,DIRECT,CALL_PROPAGATED,0x00510490->0x005101b0,ptr_int
0x005101b0,0x005101b0,stub_code,a2,int,Unknown_a0_24,DIRECT,CALL_PROPAGATED,0x00510490->0x005101b0,hard
0x00503db0,0x00503db0,stub_code,a1,int,ptr,DIRECT,CALL_PROPAGATED,0x00510490->0x00503db0,ptr_int
0x00503db0,0x00503db0,stub_code,a2,int,Unknown_a0_24,DIRECT,CALL_PROPAGATED,0x00510490->0x00503db0,hard
0x00510490,0x00510490,stub_code,a0,Unknown_a0_24,int,DIRECT,CALL_PROPAGATED,0x00510560->0x00510490,hard
0x00510490,0x00510490,stub_code,a1,ptr,int,STRUCT_FIELD,CALL_PROPAGATED,0x00510560->0x00510490,ptr_int
0x0050fde0,0x0050fde0,,a0,Unknown_a0_0_4c,Unknown_a0_4_34,CALL_PROPAGATED,CALL_PROPAGATED,0x005105f0->0x0050fde0,hard
0x00510320,0x00510320,,a0,Unknown_a0_0_4c,Unknown_a0_4_34,CALL_PROPAGATED,CALL_PROPAGATED,0x005105f0->0x00510320,hard
0x004f2690,0x004f2690,stub_code,a0,int,Unknown_a0_8,DIRECT,CALL_PROPAGATED,0x00510690->0x004f2690,hard
0x004f2690,0x004f2690,stub_code,a2,int,Unknown_a0_8,DIRECT,CALL_PROPAGATED,0x00510690->0x004f2690,hard
0x004eed30,0x004eed30,,a2,ptr,int,HEURISTIC,CALL_PROPAGATED,0x00510830->0x004eed30,ptr_int
0x004eed30,0x004eed30,,a3,ptr,int,HEURISTIC,CALL_PROPAGATED,0x00510830->0x004eed30,ptr_int
0x004287e0,0x004287e0,,a0,Unknown_a0_4_8_c,Unknown_a1_60,CALL_PROPAGATED,CALL_PROPAGATED,0x00510910->0x004287e0,hard
0x00428b18,FUN_00428b18,real_c,a2,int,Unknown_a2_0,DIRECT,CALL_PROPAGATED,0x00510ad0->0x00428b18,hard
0x004d9c40,0x004d9c40,stub_code,a2,int,Unknown_a2_0,DIRECT,CALL_PROPAGATED,0x00510ad0->0x004d9c40,hard
0x00511940,0x00511940,stub_code,a2,int,Unknown_a2_0,DIRECT,CALL_PROPAGATED,0x00510ad0->0x00511940,hard
0x0050fb00,0x0050fb00,stub_code,a2,int,Unknown_a2_0,DIRECT,CALL_PROPAGATED,0x00510ad0->0x0050fb00,hard
0x0050fc60,0x0050fc60,stub_code,a2,int,Unknown_a2_0,DIRECT,CALL_PROPAGATED,0x00510ad0->0x0050fc60,hard
0x00510830,0x00510830,stub_code,a2,int,Unknown_a2_0,DIRECT,CALL_PROPAGATED,0x00510ad0->0x00510830,hard
0x0051efb0,0x0051efb0,stub_code,a2,int,Unknown_a2_0,DIRECT,CALL_PROPAGATED,0x00510ad0->0x0051efb0,hard
0x004fd810,0x004fd810,stub_code,a0,int,Unknown_a0_0_8_10_14,DIRECT,CALL_PROPAGATED,0x00510f40->0x004fd810,hard
0x004fd810,0x004fd810,stub_code,a2,int,Unknown_a0_0_8_10_14,DIRECT,CALL_PROPAGATED,0x00510f40->0x004fd810,hard
0x00503740,0x00503740,stub_code,a0,Unknown_a0_0_4c,Unknown_a0_0_8_10_14,DIRECT,CALL_PROPAGATED,0x00510f40->0x00503740,hard
0x00503740,0x00503740,stub_code,a2,int,Unknown_a0_0_8_10_14,DIRECT,CALL_PROPAGATED,0x00510f40->0x00503740,hard
0x005112f0,0x005112f0,stub_code,a0,Unknown_a0_0_4_6,Unknown_a0_0,DIRECT,CALL_PROPAGATED,0x00511100->0x005112f0,hard
0x00512f40,0x00512f40,stub_code,a0,Unknown_a0_0_4c,Unknown_a0_0_4_6,DIRECT,CALL_PROPAGATED,0x00511140->0x00512f40,hard
0x00508a90,0x00508a90,stub_code,a0,int,Unknown_a0_0_4_6,DIRECT,CALL_PROPAGATED,0x00511140->0x00508a90,hard
0x00508a90,0x00508a90,stub_code,a1,int,Unknown_a0_0_4_6,CALL_PROPAGATED,CALL_PROPAGATED,0x00511140->0x00508a90,hard
0x00508a90,0x00508a90,stub_code,a3,int,Unknown_a0_0_4_6,CALL_PROPAGATED,CALL_PROPAGATED,0x00511140->0x00508a90,hard
0x00508bc0,0x00508bc0,stub_code,a0,Unknown_a0_0_68,Unknown_a0_0_4_6,DIRECT,CALL_PROPAGATED,0x00511140->0x00508bc0,hard
0x00508bc0,0x00508bc0,stub_code,a1,int,Unknown_a0_0_4_6,DIRECT,CALL_PROPAGATED,0x00511140->0x00508bc0,hard
0x00508bc0,0x00508bc0,stub_code,a3,int,Unknown_a0_0_4_6,DIRECT,CALL_PROPAGATED,0x00511140->0x00508bc0,hard
0x00511a30,0x00511a30,stub_code,a0,Unknown_a0_0_4c,Unknown_a0_0_4_6,DIRECT,CALL_PROPAGATED,0x005112f0->0x00511a30,hard
0x00511b00,0x00511b00,stub_code,a0,Unknown_a0_0_4c,Unknown_a0_0_4_6,DIRECT,CALL_PROPAGATED,0x005112f0->0x00511b00,hard
0x00511c50,0x00511c50,stub_code,a0,Unknown_a0_0_4c,Unknown_a0_0_4_6,DIRECT,CALL_PROPAGATED,0x005112f0->0x00511c50,hard
0x00511c50,0x00511c50,stub_code,a1,int,Unknown_a0_0_4_6,DIRECT,CALL_PROPAGATED,0x005112f0->0x00511c50,hard
0x00511c50,0x00511c50,stub_code,a3,int,Unknown_a0_0_4_6,DIRECT,CALL_PROPAGATED,0x005112f0->0x00511c50,hard
0x00503fb0,0x00503fb0,stub_code,a1,int,Unknown_a0_0_4_6,DIRECT,CALL_PROPAGATED,0x005112f0->0x00503fb0,hard
0x00503fb0,0x00503fb0,stub_code,a3,int,Unknown_a0_0_4_6,DIRECT,CALL_PROPAGATED,0x005112f0->0x00503fb0,hard
0x00520610,0x00520610,stub_code,a2,ptr,int,HEURISTIC,CALL_PROPAGATED,0x00511630->0x00520610,ptr_int
0x0050fd10,0x0050fd10,,a2,ptr,int,HEURISTIC,CALL_PROPAGATED,0x00511630->0x0050fd10,ptr_int
0x0050fd10,0x0050fd10,,a3,ptr,int,HEURISTIC,CALL_PROPAGATED,0x00511630->0x0050fd10,ptr_int
0x00512f40,0x00512f40,stub_code,a1,Unknown_a0_0_4_6,int,CALL_PROPAGATED,CALL_PROPAGATED,0x00511940->0x00512f40,hard
0x00512f40,0x00512f40,stub_code,a3,Unknown_a0_0_4_6,int,CALL_PROPAGATED,CALL_PROPAGATED,0x00511940->0x00512f40,hard
0x00510690,0x00510690,stub_code,a0,Unknown_a0_8,Unknown_a0_0_4c,DIRECT,CALL_PROPAGATED,0x00511f20->0x00510690,hard
0x004ddda0,0x004ddda0,,a0,Unknown_a0_94,Unknown_a0_0_4c,CALL_PROPAGATED,CALL_PROPAGATED,0x005120c0->0x004ddda0,hard
0x00510320,0x00510320,,a1,int,Unknown_a1_0_4c,CALL_PROPAGATED,CALL_PROPAGATED,0x005129c0->0x00510320,hard
0x0050f370,0x0050f370,,a1,int,Unknown_a1_0_4c,CALL_PROPAGATED,CALL_PROPAGATED,0x00512bc0->0x0050f370,hard
0x00513210,0x00513210,,a0,Unknown_a0_30_34_38,Unknown_a0_0_4c,CALL_PROPAGATED,CALL_PROPAGATED,0x00512e00->0x00513210,hard
0x0050f930,0x0050f930,,a0,int,Unknown_a0_0_4c,CALL_PROPAGATED,CALL_PROPAGATED,0x00512e00->0x0050f930,hard
0x00512da0,FUN_00512da0,pseudo_stub,a0,int,Unknown_a0_0_4c,DIRECT,CALL_PROPAGATED,0x00512e00->0x00512da0,hard
0x00512e00,0x00512e00,stub_code,a0,Unknown_a0_0_4c,int,DIRECT,CALL_PROPAGATED,0x00513300->0x00512e00,hard
0x00511f20,0x00511f20,stub_code,a1,int,Unknown_a1_0_60,DIRECT,CALL_PROPAGATED,0x00513a10->0x00511f20,hard
0x00513830,0x00513830,stub_code,a0,int,Unknown_a0_0_18_4c,DIRECT,CALL_PROPAGATED,0x00513a80->0x00513830,hard
0x00511480,0x00511480,stub_code,a1,Unknown_a1_3c,int,DIRECT,CALL_PROPAGATED,0x00513b70->0x00511480,hard
0x005123d0,0x005123d0,stub_code,a0,Unknown_a0_0_4c,Unknown_a0_18,DIRECT,CALL_PROPAGATED,0x00513c60->0x005123d0,hard
0x005123d0,0x005123d0,stub_code,a1,int,Unknown_a1_0_60,DIRECT,CALL_PROPAGATED,0x00513c60->0x005123d0,hard
0x00510310,0x00510310,,a0,int,Unknown_a0_2c,HEURISTIC,CALL_PROPAGATED,0x00513ce0->0x00510310,hard
0x00511940,0x00511940,stub_code,a2,int,Unknown_a1_8,DIRECT,CALL_PROPAGATED,0x005141e0->0x00511940,hard
0x004f28b0,0x004f28b0,stub_code,a2,int,Unknown_a1_8,DIRECT,CALL_PROPAGATED,0x005141e0->0x004f28b0,hard
0x00511940,0x00511940,stub_code,a1,int,Unknown_a0_8,DIRECT,CALL_PROPAGATED,0x005142e0->0x00511940,hard
0x004f28b0,0x004f28b0,stub_code,a1,int,Unknown_a0_8,DIRECT,CALL_PROPAGATED,0x005142e0->0x004f28b0,hard
0x00503d80,0x00503d80,,a2,ptr,int,HEURISTIC,CALL_PROPAGATED,0x005144a0->0x00503d80,ptr_int
0x00514690,0x00514690,,a1,ptr,int,HEURISTIC,CALL_PROPAGATED,0x00514600->0x00514690,ptr_int
0x004d83b0,0x004d83b0,,a0,int,Unknown_a0_40,CALL_PROPAGATED,CALL_PROPAGATED,0x00514930->0x004d83b0,hard
0x004d83b0,0x004d83b0,,a1,ptr,int,RETURN_PROPAGATED,CALL_PROPAGATED,0x00514930->0x004d83b0,ptr_int
0x00511940,0x00511940,stub_code,a0,Unknown_a0_0_4c,Unknown_a1_0_4,DIRECT,CALL_PROPAGATED,0x005149a0->0x00511940,hard
0x00513210,0x00513210,,a0,Unknown_a0_30_34_38,Unknown_a0_34,CALL_PROPAGATED,CALL_PROPAGATED,0x00514af0->0x00513210,hard
0x005149a0,0x005149a0,stub_code,a1,Unknown_a1_0_4,int,DIRECT,CALL_PROPAGATED,0x00514af0->0x005149a0,hard
0x005149a0,0x005149a0,stub_code,a0,Unknown_a0_8,int,DIRECT,CALL_PROPAGATED,0x00514d90->0x005149a0,hard
0x00511940,0x00511940,stub_code,a0,Unknown_a0_0_4c,Unknown_a0_0_4_20,DIRECT,CALL_PROPAGATED,0x00515610->0x00511940,hard
0x005175d0,0x005175d0,stub_code,a2,Unknown_a2_0,int,DIRECT,CALL_PROPAGATED,0x00515690->0x005175d0,hard
0x00515540,0x00515540,stub_code,a1,Unknown_a1_0_4,int,DIRECT,CALL_PROPAGATED,0x005156f0->0x00515540,hard
0x00511bb0,0x00511bb0,stub_code,a0,Unknown_a0_0_4c,Unknown_a1_0,DIRECT,CALL_PROPAGATED,0x00515880->0x00511bb0,hard
0x00511bb0,0x00511bb0,stub_code,a1,int,Unknown_a1_0,DIRECT,CALL_PROPAGATED,0x00515880->0x00511bb0,hard
0x00512910,0x00512910,stub_code,a0,Unknown_a0_0_4c,Unknown_a1_0,DIRECT,CALL_PROPAGATED,0x005159f0->0x00512910,hard
0x00512910,0x00512910,stub_code,a1,int,Unknown_a2_0,DIRECT,CALL_PROPAGATED,0x005159f0->0x00512910,hard
0x00512910,0x00512910,stub_code,a2,int,Unknown_a2_0,DIRECT,CALL_PROPAGATED,0x005159f0->0x00512910,hard
0x00512e00,0x00512e00,stub_code,a0,Unknown_a0_0_4c,Unknown_a1_0,DIRECT,CALL_PROPAGATED,0x005159f0->0x00512e00,hard
0x00512e00,0x00512e00,stub_code,a1,int,Unknown_a2_0,DIRECT,CALL_PROPAGATED,0x005159f0->0x00512e00,hard
0x00512e00,0x00512e00,stub_code,a2,int,Unknown_a2_0,DIRECT,CALL_PROPAGATED,0x005159f0->0x00512e00,hard
0x00515540,0x00515540,stub_code,a0,Unknown_a0_8,Unknown_a1_0,DIRECT,CALL_PROPAGATED,0x005159f0->0x00515540,hard
0x00515540,0x00515540,stub_code,a1,Unknown_a1_0_4,Unknown_a2_0,DIRECT,CALL_PROPAGATED,0x005159f0->0x00515540,hard
0x00515540,0x00515540,stub_code,a2,int,Unknown_a2_0,DIRECT,CALL_PROPAGATED,0x005159f0->0x00515540,hard
0x00511940,0x00511940,stub_code,a0,Unknown_a0_0_4c,Unknown_a1_0,DIRECT,CALL_PROPAGATED,0x005159f0->0x00511940,hard
0x00511940,0x00511940,stub_code,a1,int,Unknown_a2_0,DIRECT,CALL_PROPAGATED,0x005159f0->0x00511940,hard
0x00516500,0x00516500,stub_code,a3,int,Unknown_a1_0,DIRECT,CALL_PROPAGATED,0x00515b10->0x00516500,hard
0x00516730,0x00516730,stub_code,a3,int,Unknown_a1_0,DIRECT,CALL_PROPAGATED,0x00515b10->0x00516730,hard
0x00512630,0x00512630,stub_code,a1,int,Unknown_a1_0,DIRECT,CALL_PROPAGATED,0x00515b10->0x00512630,hard
0x00512630,0x00512630,stub_code,a3,int,Unknown_a1_0,DIRECT,CALL_PROPAGATED,0x00515b10->0x00512630,hard
0x00512ca0,0x00512ca0,stub_code,a0,int,Unknown_a1_0,DIRECT,CALL_PROPAGATED,0x00515ba0->0x00512ca0,hard
0x00512ca0,0x00512ca0,stub_code,a1,int,Unknown_a1_0,DIRECT,CALL_PROPAGATED,0x00515ba0->0x00512ca0,hard
0x00512bc0,0x00512bc0,stub_code,a0,int,Unknown_a1_0,DIRECT,CALL_PROPAGATED,0x00515c00->0x00512bc0,hard
0x00512bc0,0x00512bc0,stub_code,a1,Unknown_a1_0_4c,Unknown_a2_0,DIRECT,CALL_PROPAGATED,0x00515c00->0x00512bc0,hard
0x00512bc0,0x00512bc0,stub_code,a2,int,Unknown_a2_0,DIRECT,CALL_PROPAGATED,0x00515c00->0x00512bc0,hard
0x005129c0,0x005129c0,stub_code,a0,int,Unknown_a1_0,DIRECT,CALL_PROPAGATED,0x00515c60->0x005129c0,hard
0x005129c0,0x005129c0,stub_code,a1,Unknown_a1_0_4c,Unknown_a2_0,DIRECT,CALL_PROPAGATED,0x00515c60->0x005129c0,hard
0x005129c0,0x005129c0,stub_code,a2,int,Unknown_a2_0,DIRECT,CALL_PROPAGATED,0x00515c60->0x005129c0,hard
0x00512ac0,0x00512ac0,stub_code,a0,int,Unknown_a1_0,DIRECT,CALL_PROPAGATED,0x00515cc0->0x00512ac0,hard
0x00512ac0,0x00512ac0,stub_code,a1,Unknown_a1_0_4c,Unknown_a2_0,DIRECT,CALL_PROPAGATED,0x00515cc0->0x00512ac0,hard
0x00512ac0,0x00512ac0,stub_code,a2,int,Unknown_a2_0,DIRECT,CALL_PROPAGATED,0x00515cc0->0x00512ac0,hard
0x00515e60,0x00515e60,stub_code,a0,Unknown_a0_8,int,DIRECT,CALL_PROPAGATED,0x00515e10->0x00515e60,hard
0x00511940,0x00511940,stub_code,a0,Unknown_a0_0_4c,Unknown_a0_0_4_8_10,DIRECT,CALL_PROPAGATED,0x00515f50->0x00511940,hard
0x00511940,0x00511940,stub_code,a2,int,Unknown_a0_0_4_8_10,DIRECT,CALL_PROPAGATED,0x00515f50->0x00511940,hard
0x00512da0,FUN_00512da0,pseudo_stub,a0,int,Unknown_a0_8,DIRECT,CALL_PROPAGATED,0x005163d0->0x00512da0,hard
0x00512da0,FUN_00512da0,pseudo_stub,a1,int,Unknown_a1_8,DIRECT,CALL_PROPAGATED,0x005163d0->0x00512da0,hard
0x00512da0,FUN_00512da0,pseudo_stub,a2,int,Unknown_a1_8,DIRECT,CALL_PROPAGATED,0x005163d0->0x00512da0,hard
0x0042a798,0x0042a798,stub_code,a3,int,ptr,DIRECT,RETURN_PROPAGATED,0x0043c688->0x0042a798,ptr_int
0x005075d0,0x005075d0,stub_code,a3,int,ptr,DIRECT,RETURN_PROPAGATED,0x0043c688->0x005075d0,ptr_int
0x0042ba78,FUN_0042ba78,real_logic,a3,int,ptr,DIRECT,RETURN_PROPAGATED,0x0043c688->0x0042ba78,ptr_int
0x00432fc0,FUN_00432fc0,real_c,a3,int,ptr,DIRECT,RETURN_PROPAGATED,0x0043c688->0x00432fc0,ptr_int
0x00518450,0x00518450,stub_code,a0,Unknown_a0_0_4_8_10,int,DIRECT,CALL_PROPAGATED,0x00516bc0->0x00518450,hard
0x00516500,0x00516500,stub_code,a2,int,Unknown_a0_8_c,DIRECT,CALL_PROPAGATED,0x00517460->0x00516500,hard
0x00516730,0x00516730,stub_code,a2,int,Unknown_a0_8_c,DIRECT,CALL_PROPAGATED,0x00517460->0x00516730,hard
0x004f4430,0x004f4430,stub_code,a0,int,ptr,DIRECT,CALL_PROPAGATED,0x005174a0->0x004f4430,ptr_int
0x004f4430,0x004f4430,stub_code,a1,int,Unknown_a1_0,DIRECT,CALL_PROPAGATED,0x005174a0->0x004f4430,hard
0x00428998,0x00428998,,a0,Unknown_a0_0_13c,Unknown_a0_0_8_58,CALL_PROPAGATED,CALL_PROPAGATED,0x00517550->0x00428998,hard
0x004ddda0,0x004ddda0,,a0,Unknown_a0_0_4c,int,CALL_PROPAGATED,CALL_PROPAGATED,0x005175d0->0x004ddda0,hard
0x00511940,0x00511940,stub_code,a3,int,Unknown_a0_0_4_8_10,DIRECT,CALL_PROPAGATED,0x00518450->0x00511940,hard
0x00519b50,0x00519b50,stub_code,a0,Unknown_a0_0_4_10,int,DIRECT,CALL_PROPAGATED,0x00518530->0x00519b50,hard
0x0051da50,0x0051da50,stub_code,a1,int,ptr,DIRECT,RETURN_PROPAGATED,0x00519b50->0x0051da50,ptr_int
0x0051da50,0x0051da50,stub_code,a2,Unknown_a2_8,int,DIRECT,CALL_PROPAGATED,0x005189e0->0x0051da50,hard
0x004d4350,0x004d4350,stub_code,a1,int,ptr,DIRECT,RETURN_PROPAGATED,0x00519b50->0x004d4350,ptr_int
0x0051d5e0,0x0051d5e0,,a2,ptr,int,HEURISTIC,CALL_PROPAGATED,0x00518d90->0x0051d5e0,ptr_int
0x0051d5e0,0x0051d5e0,,a3,ptr,int,HEURISTIC,CALL_PROPAGATED,0x00518d90->0x0051d5e0,ptr_int
0x00513e80,0x00513e80,stub_code,a0,Unknown_a0_8,Unknown_a0_0_4_8_10,DIRECT,CALL_PROPAGATED,0x005196e0->0x00513e80,hard
0x00513e80,0x00513e80,stub_code,a1,int,Unknown_a0_0_4_8_10,DIRECT,CALL_PROPAGATED,0x005196e0->0x00513e80,hard
0x0051dc40,0x0051dc40,,a1,ptr,int,HEURISTIC,CALL_PROPAGATED,0x00519b50->0x0051dc40,ptr_int
0x0051a910,0x0051a910,stub_code,a0,Unknown_a0_8,int,DIRECT,CALL_PROPAGATED,0x0051a620->0x0051a910,hard
0x00513210,0x00513210,,a0,Unknown_a0_30_34_38,Unknown_a0_8,CALL_PROPAGATED,CALL_PROPAGATED,0x0051a910->0x00513210,hard
0x004e2c00,0x004e2c00,stub_code,a0,int,Unknown_a0_8,DIRECT,CALL_PROPAGATED,0x0051a910->0x004e2c00,hard
0x0051b450,0x0051b450,stub_code,a1,int,ptr,DIRECT,CALL_PROPAGATED,0x0051aa80->0x0051b450,ptr_int
0x005170a0,0x005170a0,stub_code,a3,int,Unknown_a0_18,DIRECT,CALL_PROPAGATED,0x0051ac80->0x005170a0,hard
0x00511940,0x00511940,stub_code,a3,int,Unknown_a0_18,DIRECT,CALL_PROPAGATED,0x0051ac80->0x00511940,hard
0x00511940,0x00511940,stub_code,a0,Unknown_a0_0_4c,Unknown_a0_0_4_8_c_10,DIRECT,CALL_PROPAGATED,0x0051b710->0x00511940,hard
0x00511940,0x00511940,stub_code,a2,int,Unknown_a0_0_4_8_c_10,DIRECT,CALL_PROPAGATED,0x0051b710->0x00511940,hard
0x004f3d70,0x004f3d70,,a1,ptr,int,HEURISTIC,CALL_PROPAGATED,0x0051b900->0x004f3d70,ptr_int
0x0051a620,0x0051a620,stub_code,a0,int,Unknown_a0_24,DIRECT,CALL_PROPAGATED,0x0051c100->0x0051a620,hard
0x004d4820,0x004d4820,,a1,ptr,int,RETURN_PROPAGATED,CALL_PROPAGATED,0x0051c300->0x004d4820,ptr_int
0x0051c980,0x0051c980,stub_code,a2,Unknown_a2_0,int,DIRECT,CALL_PROPAGATED,0x0051c370->0x0051c980,hard
0x0051cbd0,0x0051cbd0,stub_code,a1,Unknown_a1_0,int,DIRECT,CALL_PROPAGATED,0x0051c410->0x0051cbd0,hard
0x00504220,0x00504220,,a0,int,Unknown_a0_35,CALL_PROPAGATED,CALL_PROPAGATED,0x0051c4c0->0x00504220,hard
0x00504040,0x00504040,stub_code,a0,Unknown_a0_0_4_8_c,Unknown_a0_35,DIRECT,CALL_PROPAGATED,0x0051c4c0->0x00504040,hard
0x00504040,0x00504040,stub_code,a1,int,Unknown_a1_0,DIRECT,CALL_PROPAGATED,0x0051c4c0->0x00504040,hard
0x00504170,0x00504170,stub_code,a1,int,Unknown_a1_0,DIRECT,CALL_PROPAGATED,0x0051c4c0->0x00504170,hard
0x0051e5a0,0x0051e5a0,stub_code,a0,Unknown_a0_0,Unknown_a1_0,DIRECT,CALL_PROPAGATED,0x0051c4c0->0x0051e5a0,hard
0x0051e5a0,0x0051e5a0,stub_code,a1,int,Unknown_a1_0,DIRECT,CALL_PROPAGATED,0x0051c4c0->0x0051e5a0,hard
0x00504220,0x00504220,,a1,Unknown_a1_0,int,CALL_PROPAGATED,CALL_PROPAGATED,0x0051c610->0x00504220,hard
0x0051c780,0x0051c780,stub_code,a1,Unknown_a1_0,int,DIRECT,CALL_PROPAGATED,0x0051c6c0->0x0051c780,hard
0x0051e5a0,0x0051e5a0,stub_code,a2,int,Unknown_a2_0,DIRECT,CALL_PROPAGATED,0x0051c780->0x0051e5a0,hard
0x00504220,0x00504220,,a0,Unknown_a0_35,Unknown_a0_0_20,CALL_PROPAGATED,CALL_PROPAGATED,0x0051c840->0x00504220,hard
0x0051e5a0,0x0051e5a0,stub_code,a0,Unknown_a0_0,Unknown_a0_0_20,DIRECT,CALL_PROPAGATED,0x0051c840->0x0051e5a0,hard
0x0051e5a0,0x0051e5a0,stub_code,a1,int,Unknown_a0_0_20,DIRECT,CALL_PROPAGATED,0x0051c840->0x0051e5a0,hard
0x00506400,0x00506400,,a2,int,Unknown_a2_0,HEURISTIC,CALL_PROPAGATED,0x0051c980->0x00506400,hard
0x00429068,0x00429068,,a0,Unknown_a0_0_4_8,Unknown_a1_0,CALL_PROPAGATED,CALL_PROPAGATED,0x0051cbd0->0x00429068,hard
0x004ddda0,0x004ddda0,,a0,Unknown_a0_0_4c,Unknown_a1_0,CALL_PROPAGATED,CALL_PROPAGATED,0x0051cbd0->0x004ddda0,hard
0x004ddda0,0x004ddda0,,a1,Unknown_a1_4,Unknown_a1_0,CALL_PROPAGATED,CALL_PROPAGATED,0x0051cbd0->0x004ddda0,hard
0x0051c780,0x0051c780,stub_code,a2,Unknown_a2_0,int,DIRECT,CALL_PROPAGATED,0x0051ccc0->0x0051c780,hard
0x0051c780,0x0051c780,stub_code,a0,Unknown_a0_8,Unknown_a0_35,DIRECT,CALL_PROPAGATED,0x0051cf50->0x0051c780,hard
0x00512f80,0x00512f80,stub_code,a0,int,Unknown_a0_8,DIRECT,CALL_PROPAGATED,0x0051d290->0x00512f80,hard
0x0051d290,0x0051d290,stub_code,a0,Unknown_a0_8,int,DIRECT,CALL_PROPAGATED,0x0051d330->0x0051d290,hard
0x0051d390,0x0051d390,stub_code,a0,Unknown_a0_8,int,DIRECT,CALL_PROPAGATED,0x0051d330->0x0051d390,hard
0x00513160,0x00513160,stub_code,a0,int,Unknown_a0_8,DIRECT,CALL_PROPAGATED,0x0051d390->0x00513160,hard
0x00513160,0x00513160,stub_code,a1,int,Unknown_a0_8,DIRECT,CALL_PROPAGATED,0x0051d390->0x00513160,hard
0x00513160,0x00513160,stub_code,a2,int,ptr,DIRECT,RETURN_PROPAGATED,0x004287e0->0x00513160,ptr_int
0x0051d330,0x0051d330,stub_code,a0,int,Unknown_a0_0_8,DIRECT,CALL_PROPAGATED,0x0051d810->0x0051d330,hard
0x0051d330,0x0051d330,stub_code,a2,int,Unknown_a0_0_8,DIRECT,CALL_PROPAGATED,0x0051d810->0x0051d330,hard
0x004d4350,0x004d4350,stub_code,a0,int,Unknown_a0_c,DIRECT,CALL_PROPAGATED,0x0051d960->0x004d4350,hard
0x00504220,0x00504220,,a0,Unknown_a0_0_20,Unknown_a2_8,CALL_PROPAGATED,CALL_PROPAGATED,0x0051da50->0x00504220,hard
0x00504220,0x00504220,,a2,Unknown_a2_0,Unknown_a2_8,CALL_PROPAGATED,CALL_PROPAGATED,0x0051da50->0x00504220,hard
0x00504040,0x00504040,stub_code,a0,Unknown_a0_0_4_8_c,Unknown_a2_8,DIRECT,CALL_PROPAGATED,0x0051da50->0x00504040,hard
0x00504040,0x00504040,stub_code,a2,int,Unknown_a2_8,DIRECT,CALL_PROPAGATED,0x0051da50->0x00504040,hard
0x00504170,0x00504170,stub_code,a2,int,Unknown_a2_8,DIRECT,CALL_PROPAGATED,0x0051da50->0x00504170,hard
0x0051e5a0,0x0051e5a0,stub_code,a2,int,Unknown_a2_8,DIRECT,CALL_PROPAGATED,0x0051da50->0x0051e5a0,hard
0x005131b0,0x005131b0,stub_code,a2,int,Unknown_a2_8,DIRECT,CALL_PROPAGATED,0x0051da50->0x005131b0,hard
0x0031bf70,0x0031bf70,stub_code,a2,int,Unknown_a2_8,DIRECT,CALL_PROPAGATED,0x0051da50->0x0031bf70,hard
0x00429068,0x00429068,,a2,Unknown_a2_0,Unknown_a2_8,CALL_PROPAGATED,CALL_PROPAGATED,0x0051da50->0x00429068,hard
0x005065c0,0x005065c0,stub_code,a2,int,Unknown_a2_8,DIRECT,CALL_PROPAGATED,0x0051da50->0x005065c0,hard
0x005040d0,0x005040d0,stub_code,a0,int,Unknown_a0_8,DIRECT,CALL_PROPAGATED,0x0051dd10->0x005040d0,hard
0x005065c0,0x005065c0,stub_code,a0,Unknown_a0_0_e4,int,DIRECT,CALL_PROPAGATED,0x0051dda0->0x005065c0,hard
0x00428890,0x00428890,,a0,int,Unknown_a0_10,CALL_PROPAGATED,CALL_PROPAGATED,0x0051e260->0x00428890,hard
0x00428890,0x00428890,,a2,Unknown_a0_8,Unknown_a0_10,CALL_PROPAGATED,CALL_PROPAGATED,0x0051e260->0x00428890,hard
0x0051e940,0x0051e940,,a0,Unknown_a0_0_4_8_c,int,CALL_PROPAGATED,CALL_PROPAGATED,0x0051e490->0x0051e940,hard
0x0051e3d0,0x0051e3d0,,a3,ptr,int,HEURISTIC,CALL_PROPAGATED,0x0051e490->0x0051e3d0,ptr_int
0x0051dff0,0x0051dff0,stub_code,a0,int,Unknown_a0_0,DIRECT,CALL_PROPAGATED,0x0051e5a0->0x0051dff0,hard
0x0051e7e0,0x0051e7e0,stub_code,a1,ptr,int,STRUCT_FIELD,CALL_PROPAGATED,0x0051e5a0->0x0051e7e0,ptr_int
0x0051e090,0x0051e090,stub_code,a2,int,ptr,DIRECT,RETURN_PROPAGATED,0x00429068->0x0051e090,ptr_int
0x0051ed30,0x0051ed30,stub_code,a1,Unknown_a1_0_8_c_10,int,DIRECT,CALL_PROPAGATED,0x0051ecb0->0x0051ed30,hard
0x0051efb0,0x0051efb0,stub_code,a0,ptr,int,STRUCT_FIELD,CALL_PROPAGATED,0x0051ef60->0x0051efb0,ptr_int
0x0051eb90,0x0051eb90,,a0,ptr,int,HEURISTIC,CALL_PROPAGATED,0x0051f2f0->0x0051eb90,ptr_int
0x0051eb90,0x0051eb90,,a1,Unknown_a0_2c,int,CALL_PROPAGATED,CALL_PROPAGATED,0x0051f2f0->0x0051eb90,hard
0x004f2100,0x004f2100,stub_code,a0,Unknown_a0_0_4c,Unknown_a0_8_1c,DIRECT,CALL_PROPAGATED,0x0051f5f0->0x004f2100,hard
0x004f2100,0x004f2100,stub_code,a1,int,Unknown_a0_8_1c,DIRECT,CALL_PROPAGATED,0x0051f5f0->0x004f2100,hard
0x004f2100,0x004f2100,stub_code,a2,int,Unknown_a0_8_1c,DIRECT,CALL_PROPAGATED,0x0051f5f0->0x004f2100,hard
0x0051eb80,0x0051eb80,,a2,Unknown_a0_8_10,Unknown_a0_8_1c,CALL_PROPAGATED,CALL_PROPAGATED,0x0051f5f0->0x0051eb80,hard
0x0051eb90,0x0051eb90,,a2,Unknown_a0_8_10,Unknown_a0_8_1c,CALL_PROPAGATED,CALL_PROPAGATED,0x0051f5f0->0x0051eb90,hard
0x0051eba0,0x0051eba0,stub_code,a2,int,Unknown_a0_8_1c,DIRECT,CALL_PROPAGATED,0x0051f5f0->0x0051eba0,hard
0x0051ef60,0x0051ef60,stub_code,a0,int,Unknown_a0_8_1c,DIRECT,CALL_PROPAGATED,0x0051fb50->0x0051ef60,hard
0x0051ef60,0x0051ef60,stub_code,a1,int,Unknown_a1_0,DIRECT,CALL_PROPAGATED,0x0051fb50->0x0051ef60,hard
0x004d1cf0,0x004d1cf0,,a0,int,Unknown_a0_34,CALL_PROPAGATED,CALL_PROPAGATED,0x005202c0->0x004d1cf0,hard
0x00504220,0x00504220,,a0,Unknown_a0_0_20,int,CALL_PROPAGATED,CALL_PROPAGATED,0x00520390->0x00504220,hard
0x004d16e0,0x004d16e0,,a0,int,Unknown_a0_34,CALL_PROPAGATED,CALL_PROPAGATED,0x00520470->0x004d16e0,hard
0x004d1000,0x004d1000,,a1,ptr,int,RETURN_PROPAGATED,CALL_PROPAGATED,0x00520650->0x004d1000,ptr_int
0x004d0920,0x004d0920,,a1,ptr,int,RETURN_PROPAGATED,CALL_PROPAGATED,0x00520830->0x004d0920,ptr_int
0x00536b00,0x00536b00,stub_code,a0,int,ptr,DIRECT,CALL_PROPAGATED,0x00520a10->0x00536b00,ptr_int
0x0051a110,0x0051a110,stub_code,a1,int,ptr,DIRECT,CALL_PROPAGATED,0x00520a10->0x0051a110,ptr_int
0x0051a110,0x0051a110,stub_code,a2,int,ptr,DIRECT,CALL_PROPAGATED,0x00520a10->0x0051a110,ptr_int
0x0051a110,0x0051a110,stub_code,a3,int,ptr,DIRECT,CALL_PROPAGATED,0x00520a10->0x0051a110,ptr_int
0x0051a110,0x0051a110,stub_code,a1,int,Unknown_a1_0_3,DIRECT,CALL_PROPAGATED,0x00520ed0->0x0051a110,hard
0x0051a110,0x0051a110,stub_code,a3,int,Unknown_a0_8_2c_7e0,DIRECT,CALL_PROPAGATED,0x00520ed0->0x0051a110,hard
0x00520ed0,0x00520ed0,stub_code,a0,Unknown_a0_8_2c_7e0,Unknown_a1_0_3,DIRECT,CALL_PROPAGATED,0x00521200->0x00520ed0,hard
0x00520ed0,0x00520ed0,stub_code,a0,Unknown_a0_8_2c_7e0,Unknown_a0_8_2c,DIRECT,CALL_PROPAGATED,0x00521840->0x00520ed0,hard
0x00520ed0,0x00520ed0,stub_code,a1,Unknown_a1_0_3,int,DIRECT,CALL_PROPAGATED,0x00521840->0x00520ed0,hard
0x00521200,0x00521200,stub_code,a3,int,ptr,DIRECT,RETURN_PROPAGATED,0x0051a110->0x00521200,ptr_int
0x00521c70,0x00521c70,stub_code,a0,Unknown_a0_8_2c_7e0,int,DIRECT,CALL_PROPAGATED,0x00522160->0x00521c70,hard
0x00521c70,0x00521c70,stub_code,a1,Unknown_a1_0_3,int,DIRECT,CALL_PROPAGATED,0x00522160->0x00521c70,hard
0x00521200,0x00521200,stub_code,a2,int,ptr,DIRECT,CALL_PROPAGATED,0x00522200->0x00521200,ptr_int
0x00521840,0x00521840,stub_code,a1,int,ptr,DIRECT,CALL_PROPAGATED,0x00522200->0x00521840,ptr_int
0x00521840,0x00521840,stub_code,a3,int,ptr,DIRECT,CALL_PROPAGATED,0x00522200->0x00521840,ptr_int
0x00520ed0,0x00520ed0,stub_code,a2,int,ptr,DIRECT,CALL_PROPAGATED,0x00522200->0x00520ed0,ptr_int
0x00520ed0,0x00520ed0,stub_code,a3,int,ptr,DIRECT,CALL_PROPAGATED,0x00522200->0x00520ed0,ptr_int
0x005232c0,0x005232c0,stub_code,a1,ptr,int,STRUCT_FIELD,CALL_PROPAGATED,0x00523270->0x005232c0,ptr_int
0x00523470,0x00523470,stub_code,a3,int,ptr,DIRECT,CALL_PROPAGATED,0x005232c0->0x00523470,ptr_int
0x00522160,0x00522160,stub_code,a0,int,ptr,DIRECT,CALL_PROPAGATED,0x00523820->0x00522160,ptr_int
0x00522160,0x00522160,stub_code,a2,int,ptr,DIRECT,CALL_PROPAGATED,0x00523820->0x00522160,ptr_int
0x00522160,0x00522160,stub_code,a3,int,ptr,DIRECT,CALL_PROPAGATED,0x00523820->0x00522160,ptr_int
0x005289b0,0x005289b0,stub_code,a2,int,ptr,DIRECT,CALL_PROPAGATED,0x00523820->0x005289b0,ptr_int
0x00522200,0x00522200,stub_code,a3,int,ptr,DIRECT,CALL_PROPAGATED,0x00525000->0x00522200,ptr_int
0x00525610,0x00525610,stub_code,a1,ptr,int,STRUCT_FIELD,CALL_PROPAGATED,0x00525460->0x00525610,ptr_int
0x00525610,0x00525610,stub_code,a3,int,ptr,DIRECT,CALL_PROPAGATED,0x00525460->0x00525610,ptr_int
0x00428890,0x00428890,,a1,int,ptr,CALL_PROPAGATED,RETURN_PROPAGATED,0x00522200->0x00428890,ptr_int
0x00521840,0x00521840,stub_code,a2,int,ptr,DIRECT,RETURN_PROPAGATED,0x00522200->0x00521840,ptr_int
0x00522200,0x00522200,stub_code,a1,int,ptr,DIRECT,RETURN_PROPAGATED,0x00522200->0x00522200,ptr_int
0x00522200,0x00522200,stub_code,a2,int,ptr,DIRECT,RETURN_PROPAGATED,0x00522200->0x00522200,ptr_int
0x005289b0,0x005289b0,stub_code,a3,int,ptr,DIRECT,RETURN_PROPAGATED,0x00525bd0->0x005289b0,ptr_int
0x00529760,0x00529760,stub_code,a0,Unknown_a0_68,int,DIRECT,CALL_PROPAGATED,0x0052ce90->0x00529760,hard
0x00525000,0x00525000,stub_code,a0,ptr,int,STRUCT_FIELD,CALL_PROPAGATED,0x0052ce90->0x00525000,ptr_int
0x0052ce90,0x0052ce90,stub_code,a0,int,ptr,DIRECT,CALL_PROPAGATED,0x0052cf70->0x0052ce90,ptr_int
0x0051a1f0,0x0051a1f0,stub_code,a1,int,ptr,DIRECT,CALL_PROPAGATED,0x0052e7b0->0x0051a1f0,ptr_int
0x0051a1f0,0x0051a1f0,stub_code,a2,int,ptr,DIRECT,CALL_PROPAGATED,0x0052e7b0->0x0051a1f0,ptr_int
0x00529760,0x00529760,stub_code,a0,Unknown_a0_68,Unknown_a0_50,DIRECT,CALL_PROPAGATED,0x0052e9f0->0x00529760,hard
0x00533ec0,0x00533ec0,stub_code,a1,Unknown_a1_0_50,int,DIRECT,CALL_PROPAGATED,0x00530270->0x00533ec0,hard
0x00513160,0x00513160,stub_code,a1,int,Unknown_a1_50,DIRECT,CALL_PROPAGATED,0x00530530->0x00513160,hard
0x005305c0,0x005305c0,,a0,ptr,int,HEURISTIC,CALL_PROPAGATED,0x00530600->0x005305c0,ptr_int
0x005305c0,0x005305c0,,a2,ptr,int,HEURISTIC,CALL_PROPAGATED,0x00530600->0x005305c0,ptr_int
0x00429538,0x00429538,,a0,Unknown_a0_0,int,CALL_PROPAGATED,CALL_PROPAGATED,0x00530c30->0x00429538,hard
0x00530e00,0x00530e00,,a2,Unknown_a2_0,int,CALL_PROPAGATED,CALL_PROPAGATED,0x00530f20->0x00530e00,hard
0x00516500,0x00516500,stub_code,a1,int,Unknown_a0_4c,DIRECT,CALL_PROPAGATED,0x005311b0->0x00516500,hard
0x00516730,0x00516730,stub_code,a1,int,Unknown_a0_4c,DIRECT,CALL_PROPAGATED,0x005311b0->0x00516730,hard
0x005305c0,0x005305c0,,a1,int,Unknown_a0_4c,HEURISTIC,CALL_PROPAGATED,0x005311b0->0x005305c0,hard
0x00531230,0x00531230,stub_code,a1,int,Unknown_a0_4c,DIRECT,CALL_PROPAGATED,0x005311b0->0x00531230,hard
0x00516730,0x00516730,stub_code,a2,int,ptr,DIRECT,RETURN_PROPAGATED,0x00516500->0x00516730,ptr_int
0x00516500,0x00516500,stub_code,a2,int,ptr,DIRECT,RETURN_PROPAGATED,0x00516500->0x00516500,ptr_int
0x00516500,0x00516500,stub_code,a1,int,Unknown_a0_5c,DIRECT,CALL_PROPAGATED,0x005313b0->0x00516500,hard
0x00516730,0x00516730,stub_code,a1,int,Unknown_a0_5c,DIRECT,CALL_PROPAGATED,0x005313b0->0x00516730,hard
0x00531430,0x00531430,stub_code,a1,int,Unknown_a0_5c,DIRECT,CALL_PROPAGATED,0x005313b0->0x00531430,hard
0x00531430,0x00531430,stub_code,a2,ptr,int,STRUCT_FIELD,CALL_PROPAGATED,0x005313b0->0x00531430,ptr_int
0x00516500,0x00516500,stub_code,a1,int,ptr,DIRECT,CALL_PROPAGATED,0x00531430->0x00516500,ptr_int
0x00516730,0x00516730,stub_code,a1,int,ptr,DIRECT,CALL_PROPAGATED,0x00531430->0x00516730,ptr_int
0x005319d0,0x005319d0,stub_code,a0,Unknown_a0_0_c_70,int,DIRECT,CALL_PROPAGATED,0x00531a40->0x005319d0,hard
0x00508bc0,0x00508bc0,stub_code,a0,Unknown_a0_0_68,int,DIRECT,CALL_PROPAGATED,0x00531a40->0x00508bc0,hard
0x00531a00,0x00531a00,stub_code,a3,ptr,int,HEURISTIC,CALL_PROPAGATED,0x00531ed0->0x00531a00,ptr_int
0x00428998,0x00428998,,a0,Unknown_a0_0_8_58,Unknown_a0_0_b4,CALL_PROPAGATED,CALL_PROPAGATED,0x00532400->0x00428998,hard
0x00428998,0x00428998,,a0,Unknown_a0_0_8_58,Unknown_a0_0_b8,CALL_PROPAGATED,CALL_PROPAGATED,0x00532460->0x00428998,hard
0x00531a00,0x00531a00,stub_code,a2,ptr,int,HEURISTIC,CALL_PROPAGATED,0x005324c0->0x00531a00,ptr_int
0x00531a00,0x00531a00,stub_code,a1,int,ptr,DIRECT,RETURN_PROPAGATED,0x00531a00->0x00531a00,ptr_int
0x00531990,0x00531990,stub_code,a0,ptr,int,STRUCT_FIELD,CALL_PROPAGATED,0x00532bb0->0x00531990,ptr_int
0x00531a00,0x00531a00,stub_code,a0,Unknown_a0_0_c_70,int,DIRECT,CALL_PROPAGATED,0x00532bb0->0x00531a00,hard
0x00508c50,0x00508c50,,a0,int,Unknown_a0_8,HEURISTIC,CALL_PROPAGATED,0x00533ae0->0x00508c50,hard
0x00508c50,0x00508c50,,a1,int,ptr,CALL_PROPAGATED,CALL_PROPAGATED,0x00533ae0->0x00508c50,ptr_int
0x00504220,0x00504220,,a1,Unknown_a1_0,Unknown_a1_0_50,CALL_PROPAGATED,CALL_PROPAGATED,0x00533ec0->0x00504220,hard
0x00504040,0x00504040,stub_code,a1,int,Unknown_a1_0_50,DIRECT,CALL_PROPAGATED,0x00533ec0->0x00504040,hard
0x00504170,0x00504170,stub_code,a1,int,Unknown_a1_0_50,DIRECT,CALL_PROPAGATED,0x00533ec0->0x00504170,hard
0x00512f80,0x00512f80,stub_code,a1,int,ptr,DIRECT,CALL_PROPAGATED,0x00534090->0x00512f80,ptr_int
0x004287e0,0x004287e0,,a0,Unknown_a0_4_8_c,Unknown_a0_0_b4,CALL_PROPAGATED,CALL_PROPAGATED,0x00534840->0x004287e0,hard
0x004287e0,0x004287e0,,a0,Unknown_a0_4_8_c,Unknown_a0_0_b8,CALL_PROPAGATED,CALL_PROPAGATED,0x00534900->0x004287e0,hard
0x00512f80,0x00512f80,stub_code,a0,int,Unknown_a0_18,DIRECT,CALL_PROPAGATED,0x00535210->0x00512f80,hard
0x00513160,0x00513160,stub_code,a0,int,Unknown_a0_24,DIRECT,CALL_PROPAGATED,0x00535240->0x00513160,hard
0x00513160,0x00513160,stub_code,a1,int,Unknown_a0_24,DIRECT,CALL_PROPAGATED,0x00535240->0x00513160,hard
0x00428998,0x00428998,,a0,Unknown_a0_0_8_58,int,CALL_PROPAGATED,CALL_PROPAGATED,0x00536030->0x00428998,hard
0x005369e0,0x005369e0,stub_code,a0,int,ptr,DIRECT,RETURN_PROPAGATED,0x00536900->0x005369e0,ptr_int
0x00536900,0x00536900,,a0,int,Unknown_a1_0,CALL_PROPAGATED,CALL_PROPAGATED,0x005366b0->0x00536900,hard
0x00536900,0x00536900,,a1,int,Unknown_a1_0,CALL_PROPAGATED,CALL_PROPAGATED,0x005366b0->0x00536900,hard
0x004f2210,0x004f2210,stub_code,a0,Unknown_a0_c,Unknown_a0_8_c,DIRECT,CALL_PROPAGATED,0x00536b60->0x004f2210,hard
0x004f2210,0x004f2210,stub_code,a1,int,Unknown_a0_8_c,DIRECT,CALL_PROPAGATED,0x00536b60->0x004f2210,hard
0x004fdc60,FUN_004fdc60,pseudo_stub,a2,int,Unknown_a2_0,DIRECT,CALL_PROPAGATED,0x00536c50->0x004fdc60,hard
0x004fdcc0,0x004fdcc0,stub_code,a2,int,Unknown_a2_0,DIRECT,CALL_PROPAGATED,0x00536c50->0x004fdcc0,hard
0x004fdf30,0x004fdf30,stub_code,a2,int,Unknown_a2_0,DIRECT,CALL_PROPAGATED,0x00536c50->0x004fdf30,hard
0x004fdf60,0x004fdf60,stub_code,a2,int,Unknown_a2_0,DIRECT,CALL_PROPAGATED,0x00536c50->0x004fdf60,hard
0x00440b90,0x00440b90,stub_code,a2,int,Unknown_a2_0,DIRECT,CALL_PROPAGATED,0x00536c50->0x00440b90,hard
0x00440f98,0x00440f98,stub_code,a2,int,Unknown_a2_0,DIRECT,CALL_PROPAGATED,0x00536c50->0x00440f98,hard
0x00440f98,0x00440f98,stub_code,a2,int,ptr,DIRECT,RETURN_PROPAGATED,0x00440b90->0x00440f98,ptr_int
0x004411d0,0x004411d0,stub_code,a2,int,ptr,DIRECT,RETURN_PROPAGATED,0x00440b90->0x004411d0,ptr_int
0x00440e18,0x00440e18,stub_code,a0,int,ptr,DIRECT,CALL_PROPAGATED,0x00536f60->0x00440e18,ptr_int
0x00440f98,0x00440f98,stub_code,a0,int,Unknown_a0_18,DIRECT,CALL_PROPAGATED,0x005373e0->0x00440f98,hard
0x00537230,0x00537230,,a1,ptr,int,HEURISTIC,CALL_PROPAGATED,0x005373e0->0x00537230,ptr_int
0x00537230,0x00537230,,a2,ptr,int,RETURN_PROPAGATED,CALL_PROPAGATED,0x005373e0->0x00537230,ptr_int
0x004411d0,0x004411d0,stub_code,a0,int,ptr,DIRECT,CALL_PROPAGATED,0x00537900->0x004411d0,ptr_int
0x00440f98,0x00440f98,stub_code,a0,int,ptr,DIRECT,CALL_PROPAGATED,0x00537d00->0x00440f98,ptr_int
0x004283f0,0x004283f0,,a3,ptr,int,HEURISTIC,CALL_PROPAGATED,0x00537eb0->0x004283f0,ptr_int
0x00442390,0x00442390,stub_code,a0,int,Unknown_a1_8,DIRECT,CALL_PROPAGATED,0x00538140->0x00442390,hard
0x00442390,0x00442390,stub_code,a1,int,Unknown_a1_8,DIRECT,CALL_PROPAGATED,0x00538140->0x00442390,hard
0x004d3bf0,0x004d3bf0,stub_code,a1,int,Unknown_a1_8,DIRECT,CALL_PROPAGATED,0x00538140->0x004d3bf0,hard
0x004d4350,0x004d4350,stub_code,a1,int,Unknown_a1_8,DIRECT,CALL_PROPAGATED,0x00538140->0x004d4350,hard
0x00504220,0x00504220,,a1,Unknown_a1_0_50,Unknown_a1_8,CALL_PROPAGATED,CALL_PROPAGATED,0x005385a0->0x00504220,hard
0x00504040,0x00504040,stub_code,a1,int,Unknown_a1_8,DIRECT,CALL_PROPAGATED,0x005385a0->0x00504040,hard
0x00504170,0x00504170,stub_code,a1,int,Unknown_a1_8,DIRECT,CALL_PROPAGATED,0x005385a0->0x00504170,hard
0x00429068,0x00429068,,a0,Unknown_a0_0_4_8,Unknown_a0_8,CALL_PROPAGATED,CALL_PROPAGATED,0x00538730->0x00429068,hard
0x005186b0,0x005186b0,stub_code,a1,int,ptr,DIRECT,RETURN_PROPAGATED,0x005066e0->0x005186b0,ptr_int
0x00538730,0x00538730,stub_code,a1,int,ptr,DIRECT,RETURN_PROPAGATED,0x005066e0->0x00538730,ptr_int
0x00537d90,0x00537d90,stub_code,a0,int,ptr,DIRECT,RETURN_PROPAGATED,0x00506400->0x00537d90,ptr_int
0x00440b90,0x00440b90,stub_code,a0,int,ptr,DIRECT,RETURN_PROPAGATED,0x00506400->0x00440b90,ptr_int
0x00440b90,0x00440b90,stub_code,a1,int,ptr,DIRECT,RETURN_PROPAGATED,0x00537d90->0x00440b90,ptr_int
0x00440e18,0x00440e18,stub_code,a1,int,ptr,DIRECT,RETURN_PROPAGATED,0x00537d90->0x00440e18,ptr_int
0x00537d90,0x00537d90,stub_code,a1,int,ptr,DIRECT,RETURN_PROPAGATED,0x00537d90->0x00537d90,ptr_int
0x0043cb20,0x0043cb20,,a0,int,Unknown_a0_c,CALL_PROPAGATED,CALL_PROPAGATED,0x00539030->0x0043cb20,hard
0x0043cb20,0x0043cb20,,a0,Unknown_a0_c,Unknown_a1_10,CALL_PROPAGATED,CALL_PROPAGATED,0x00539290->0x0043cb20,hard
0x0043cb20,0x0043cb20,,a1,int,Unknown_a1_10,CALL_PROPAGATED,CALL_PROPAGATED,0x00539290->0x0043cb20,hard
0x0043d3d8,0x0043d3d8,stub_code,a1,int,Unknown_a1_10,DIRECT,CALL_PROPAGATED,0x00539290->0x0043d3d8,hard
0x005065c0,0x005065c0,stub_code,a0,Unknown_a0_0_e4,Unknown_a0_8_c_1c,DIRECT,CALL_PROPAGATED,0x00539640->0x005065c0,hard
0x00506610,0x00506610,,a0,int,Unknown_a0_8_c_1c,CALL_PROPAGATED,CALL_PROPAGATED,0x00539640->0x00506610,hard
0x005111f0,0x005111f0,,a0,Unknown_a0_0_8c,Unknown_a0_8_c_1c,CALL_PROPAGATED,CALL_PROPAGATED,0x00539640->0x005111f0,hard
0x00504f90,0x00504f90,,a0,ptr,int,HEURISTIC,CALL_PROPAGATED,0x005396a0->0x00504f90,ptr_int
0x005064a0,0x005064a0,,a1,int,ptr,CALL_PROPAGATED,CALL_PROPAGATED,0x00539820->0x005064a0,ptr_int
0x005064a0,0x005064a0,,a2,int,ptr,CALL_PROPAGATED,CALL_PROPAGATED,0x00539820->0x005064a0,ptr_int
0x00428c50,FUN_00428c50,real_c,a2,int,Unknown_a2_0,DIRECT,CALL_PROPAGATED,0x00539a30->0x00428c50,hard
0x00429068,0x00429068,,a0,Unknown_a0_0_4_8,Unknown_a2_0,CALL_PROPAGATED,CALL_PROPAGATED,0x00539a30->0x00429068,hard
0x00429068,0x00429068,,a1,Unknown_a1_0,Unknown_a2_0,CALL_PROPAGATED,CALL_PROPAGATED,0x00539a30->0x00429068,hard
0x0042f498,0x0042f498,,a2,int,Unknown_a2_0,CALL_PROPAGATED,CALL_PROPAGATED,0x00539a30->0x0042f498,hard
0x0051d330,0x0051d330,stub_code,a2,int,Unknown_a2_0,DIRECT,CALL_PROPAGATED,0x00539a30->0x0051d330,hard
0x0051d3d0,0x0051d3d0,stub_code,a2,int,Unknown_a2_0,DIRECT,CALL_PROPAGATED,0x00539a30->0x0051d3d0,hard
0x004283f0,0x004283f0,,a2,int,Unknown_a2_0,HEURISTIC,CALL_PROPAGATED,0x00539a30->0x004283f0,hard
0x00539110,0x00539110,stub_code,a2,int,ptr,DIRECT,RETURN_PROPAGATED,0x00429068->0x00539110,ptr_int
0x0043d3d8,0x0043d3d8,stub_code,a0,int,Unknown_a0_0_4_8_c_10_14_18_1c_20,DIRECT,CALL_PROPAGATED,0x0053a250->0x0043d3d8,hard
0x00539110,0x00539110,stub_code,a2,int,Unknown_a0_0_4_8_c_10_14_18_1c_20,DIRECT,CALL_PROPAGATED,0x0053a250->0x00539110,hard
0x0043caf0,0x0043caf0,,a0,int,Unknown_a1_c,CALL_PROPAGATED,CALL_PROPAGATED,0x0053a7a0->0x0043caf0,hard
0x0043caf0,0x0043caf0,,a1,int,Unknown_a1_c,CALL_PROPAGATED,CALL_PROPAGATED,0x0053a7a0->0x0043caf0,hard
0x0043cb10,0x0043cb10,,a0,int,Unknown_a1_c,HEURISTIC,CALL_PROPAGATED,0x0053a890->0x0043cb10,hard
0x0053b8d0,0x0053b8d0,stub_code,a1,int,Unknown_a1_c,DIRECT,CALL_PROPAGATED,0x0053a900->0x0053b8d0,hard
0x0043cb20,0x0043cb20,,a1,Unknown_a1_10,Unknown_a1_c,CALL_PROPAGATED,CALL_PROPAGATED,0x0053a900->0x0043cb20,hard
0x0043cb20,0x0043cb20,,a0,Unknown_a0_c,Unknown_a1_c,CALL_PROPAGATED,CALL_PROPAGATED,0x0053a9c0->0x0043cb20,hard
0x00512fc0,0x00512fc0,stub_code,a0,int,Unknown_a0_0_9c,DIRECT,CALL_PROPAGATED,0x0053ad40->0x00512fc0,hard
0x004271e0,0x004271e0,,a0,ptr,int,HEURISTIC,CALL_PROPAGATED,0x0053ae80->0x004271e0,ptr_int
0x004271e0,0x004271e0,,a2,ptr,int,CALL_PROPAGATED,CALL_PROPAGATED,0x0053ae80->0x004271e0,ptr_int
0x0043c9d0,0x0043c9d0,,a1,int,Unknown_a1_2c,CALL_PROPAGATED,CALL_PROPAGATED,0x0053af40->0x0043c9d0,hard
0x0053b920,0x0053b920,,a0,Unknown_a0_2c,int,CALL_PROPAGATED,CALL_PROPAGATED,0x0053af40->0x0053b920,hard
0x0053b920,0x0053b920,,a1,int,Unknown_a1_2c,CALL_PROPAGATED,CALL_PROPAGATED,0x0053af40->0x0053b920,hard
0x0043ca10,0x0043ca10,,a1,int,Unknown_a1_3c,HEURISTIC,CALL_PROPAGATED,0x0053b080->0x0043ca10,hard
0x0043ca50,0x0043ca50,,a1,int,Unknown_a1_3c,HEURISTIC,CALL_PROPAGATED,0x0053b0d0->0x0043ca50,hard
0x0043ca70,0x0043ca70,,a1,int,Unknown_a1_3c,HEURISTIC,CALL_PROPAGATED,0x0053b120->0x0043ca70,hard
0x0043c970,0x0043c970,,a1,ptr,int,RETURN_PROPAGATED,CALL_PROPAGATED,0x0053b170->0x0043c970,ptr_int
0x0043d990,0x0043d990,stub_code,a1,int,Unknown_a1_3c,DIRECT,CALL_PROPAGATED,0x0053b370->0x0043d990,hard
0x0043daa8,0x0043daa8,stub_code,a1,int,Unknown_a1_3c,DIRECT,CALL_PROPAGATED,0x0053b3c0->0x0043daa8,hard
0x00428998,0x00428998,,a1,Unknown_a0_0_1c,Unknown_a1_28,CALL_PROPAGATED,CALL_PROPAGATED,0x0053b520->0x00428998,hard
0x0043c9e0,0x0043c9e0,,a0,int,Unknown_a0_3c,CALL_PROPAGATED,CALL_PROPAGATED,0x0053b6d0->0x0043c9e0,hard
0x0053b920,0x0053b920,,a0,Unknown_a0_2c,Unknown_a0_39,CALL_PROPAGATED,CALL_PROPAGATED,0x0053b8a0->0x0053b920,hard
0x0043c9d0,0x0043c9d0,,a1,Unknown_a1_2c,Unknown_a1_4,CALL_PROPAGATED,CALL_PROPAGATED,0x0053ba50->0x0043c9d0,hard
0x003f82a8,0x003f82a8,,a0,int,Unknown_a0_0_54,CALL_PROPAGATED,CALL_PROPAGATED,0x0053bf30->0x003f82a8,hard
0x003f82a8,0x003f82a8,,a1,ptr,int,HEURISTIC,CALL_PROPAGATED,0x0053bf30->0x003f82a8,ptr_int
0x003f9420,0x003f9420,stub_code,a0,int,Unknown_a0_0_54,DIRECT,CALL_PROPAGATED,0x0053bf30->0x003f9420,hard
0x003fb748,0x003fb748,stub_code,a0,int,Unknown_a0_0_54,DIRECT,CALL_PROPAGATED,0x0053bf30->0x003fb748,hard
0x003f9420,0x003f9420,stub_code,a0,int,ptr,DIRECT,RETURN_PROPAGATED,0x003fb748->0x003f9420,ptr_int
0x003f82a8,0x003f82a8,,a0,Unknown_a0_0_54,Unknown_a0_0_5c,CALL_PROPAGATED,CALL_PROPAGATED,0x0053c020->0x003f82a8,hard
0x003f9420,0x003f9420,stub_code,a0,int,Unknown_a0_0_5c,DIRECT,CALL_PROPAGATED,0x0053c020->0x003f9420,hard
0x003fb748,0x003fb748,stub_code,a0,int,Unknown_a0_0_5c,DIRECT,CALL_PROPAGATED,0x0053c020->0x003fb748,hard
0x003f82a8,0x003f82a8,,a0,Unknown_a0_0_54,Unknown_a0_0_80,CALL_PROPAGATED,CALL_PROPAGATED,0x0053c290->0x003f82a8,hard
0x003f9420,0x003f9420,stub_code,a0,int,Unknown_a0_0_80,DIRECT,CALL_PROPAGATED,0x0053c290->0x003f9420,hard
0x003fb748,0x003fb748,stub_code,a0,int,Unknown_a0_0_80,DIRECT,CALL_PROPAGATED,0x0053c290->0x003fb748,hard
0x00504220,0x00504220,,a1,Unknown_a1_0_50,int,CALL_PROPAGATED,CALL_PROPAGATED,0x0053c370->0x00504220,hard
0x00540210,0x00540210,,a0,int,Unknown_a0_40,CALL_PROPAGATED,CALL_PROPAGATED,0x00540350->0x00540210,hard
0x00447b28,0x00447b28,stub_code,a3,int,ptr,DIRECT,RETURN_PROPAGATED,0x004479b0->0x00447b28,ptr_int
0x00540a50,0x00540a50,stub_code,a3,int,ptr,DIRECT,RETURN_PROPAGATED,0x004479b0->0x00540a50,ptr_int
0x00447a68,0x00447a68,stub_code,a2,int,ptr,DIRECT,CALL_PROPAGATED,0x005407f0->0x00447a68,ptr_int
0x00512fc0,0x00512fc0,stub_code,a2,int,ptr,DIRECT,RETURN_PROPAGATED,0x00539080->0x00512fc0,ptr_int
0x00539110,0x00539110,stub_code,a3,int,ptr,DIRECT,CALL_PROPAGATED,0x00541470->0x00539110,ptr_int
0x00538ad0,0x00538ad0,stub_code,a2,int,ptr,DIRECT,CALL_PROPAGATED,0x00541c60->0x00538ad0,ptr_int
0x0043ef40,0x0043ef40,,a0,int,ptr,HEURISTIC,CALL_PROPAGATED,0x00541c60->0x0043ef40,ptr_int
0x0043ef40,0x0043ef40,,a2,int,ptr,HEURISTIC,CALL_PROPAGATED,0x00541c60->0x0043ef40,ptr_int
0x00539080,0x00539080,stub_code,a2,int,ptr,DIRECT,CALL_PROPAGATED,0x00541c60->0x00539080,ptr_int
0x00540990,0x00540990,stub_code,a0,Unknown_a0_c,int,DIRECT,CALL_PROPAGATED,0x005427a0->0x00540990,hard
0x00540990,0x00540990,stub_code,a1,Unknown_a1_0,int,DIRECT,CALL_PROPAGATED,0x005427a0->0x00540990,hard
0x00545470,0x00545470,,a0,ptr,int,HEURISTIC,CALL_PROPAGATED,0x00545550->0x00545470,ptr_int
0x00545470,0x00545470,,a1,ptr,int,HEURISTIC,CALL_PROPAGATED,0x00545550->0x00545470,ptr_int
0x004dabb0,0x004dabb0,,a0,Unknown_a0_4c,int,CALL_PROPAGATED,CALL_PROPAGATED,0x005455a0->0x004dabb0,hard
0x0050d310,0x0050d310,stub_code,a1,int,ptr,DIRECT,RETURN_PROPAGATED,0x0050fe00->0x0050d310,ptr_int
0x00548670,0x00548670,,a1,int,ptr,CALL_PROPAGATED,RETURN_PROPAGATED,0x0050fe00->0x00548670,ptr_int
0x004e1540,0x004e1540,,a2,ptr,int,HEURISTIC,CALL_PROPAGATED,0x00549e60->0x004e1540,ptr_int
0x00551f60,0x00551f60,stub_code,a0,Unknown_a0_c,int,DIRECT,CALL_PROPAGATED,0x00551aa0->0x00551f60,hard
0x00551e60,0x00551e60,stub_code,a0,Unknown_a0_1d,Unknown_a0_0_58,DIRECT,CALL_PROPAGATED,0x00551ba0->0x00551e60,hard
0x00513160,0x00513160,stub_code,a0,int,Unknown_a0_14,DIRECT,CALL_PROPAGATED,0x00551f20->0x00513160,hard
0x00513160,0x00513160,stub_code,a1,int,Unknown_a0_14,DIRECT,CALL_PROPAGATED,0x00551f20->0x00513160,hard
0x005130b0,0x005130b0,stub_code,a0,int,Unknown_a0_c,DIRECT,CALL_PROPAGATED,0x00551f60->0x005130b0,hard
0x005130b0,0x005130b0,stub_code,a3,int,Unknown_a0_c,DIRECT,CALL_PROPAGATED,0x00551f60->0x005130b0,hard
0x00552590,0x00552590,stub_code,a3,int,ptr,DIRECT,RETURN_PROPAGATED,0x004d4350->0x00552590,ptr_int
0x0051d3d0,0x0051d3d0,stub_code,a3,int,ptr,DIRECT,RETURN_PROPAGATED,0x004d4350->0x0051d3d0,ptr_int
0x00510ea0,0x00510ea0,stub_code,a3,int,ptr,DIRECT,RETURN_PROPAGATED,0x004d4350->0x00510ea0,ptr_int
0x00510320,0x00510320,,a3,int,ptr,CALL_PROPAGATED,RETURN_PROPAGATED,0x004d4350->0x00510320,ptr_int
0x005560b0,0x005560b0,stub_code,a1,ptr,int,HEURISTIC,CALL_PROPAGATED,0x00553bd0->0x005560b0,ptr_int
0x00553b50,0x00553b50,stub_code,a2,int,ptr,DIRECT,RETURN_PROPAGATED,0x0054bbd0->0x00553b50,ptr_int
0x0050e290,0x0050e290,stub_code,a1,Unknown_a1_0_8_c_10,int,DIRECT,CALL_PROPAGATED,0x00554250->0x0050e290,hard
0x00556cf0,0x00556cf0,,a0,ptr,int,HEURISTIC,CALL_PROPAGATED,0x00554a30->0x00556cf0,ptr_int
0x00556cf0,0x00556cf0,,a1,ptr,int,HEURISTIC,CALL_PROPAGATED,0x00554a30->0x00556cf0,ptr_int
0x00556cf0,0x00556cf0,,a2,ptr,int,HEURISTIC,CALL_PROPAGATED,0x00554a30->0x00556cf0,ptr_int
0x00556cf0,0x00556cf0,,a3,ptr,int,HEURISTIC,CALL_PROPAGATED,0x00554a30->0x00556cf0,ptr_int
0x005552b0,0x005552b0,stub_code,a0,Unknown_a0_2c,Unknown_a0_34,DIRECT,CALL_PROPAGATED,0x00555230->0x005552b0,hard
0x00512fc0,0x00512fc0,stub_code,a0,int,Unknown_a0_34,DIRECT,CALL_PROPAGATED,0x00555400->0x00512fc0,hard
0x00512fc0,0x00512fc0,stub_code,a0,int,Unknown_a0_0_94,DIRECT,CALL_PROPAGATED,0x00555a80->0x00512fc0,hard
0x00504220,0x00504220,,a0,Unknown_a0_0_20,Unknown_a0_34,CALL_PROPAGATED,CALL_PROPAGATED,0x00555ce0->0x00504220,hard
0x00553400,0x00553400,stub_code,a1,Unknown_a1_0,int,DIRECT,CALL_PROPAGATED,0x00555ce0->0x00553400,hard
0x005065c0,0x005065c0,stub_code,a1,int,Unknown_a0_38,DIRECT,CALL_PROPAGATED,0x00556050->0x005065c0,hard
0x00556fc0,0x00556fc0,,a0,Unknown_a0_2c,int,CALL_PROPAGATED,CALL_PROPAGATED,0x00556810->0x00556fc0,hard
0x00556cf0,0x00556cf0,,a0,int,Unknown_a0_2c,CALL_PROPAGATED,CALL_PROPAGATED,0x005570d0->0x00556cf0,hard
0x005552a0,0x005552a0,,a1,ptr,int,HEURISTIC,CALL_PROPAGATED,0x00557250->0x005552a0,ptr_int
0x0021a770,0x0021a770,,a0,int,ptr,HEURISTIC,CALL_PROPAGATED,0x00558390->0x0021a770,ptr_int
0x0022c980,0x0022c980,,a0,int,ptr,HEURISTIC,CALL_PROPAGATED,0x00558390->0x0022c980,ptr_int
0x00561aa0,0x00561aa0,stub_code,a0,int,Unknown_a0_18_1c,DIRECT,CALL_PROPAGATED,0x005584c0->0x00561aa0,hard
0x005065c0,0x005065c0,stub_code,a0,Unknown_a0_0_e4,Unknown_a0_24,DIRECT,CALL_PROPAGATED,0x005592e0->0x005065c0,hard
0x00511940,0x00511940,stub_code,a0,Unknown_a0_0_4c,Unknown_a0_4_2c,DIRECT,CALL_PROPAGATED,0x005594a0->0x00511940,hard
0x00513060,0x00513060,stub_code,a0,int,Unknown_a0_8,DIRECT,CALL_PROPAGATED,0x0055ad60->0x00513060,hard
0x00513060,0x00513060,stub_code,a2,int,ptr,DIRECT,RETURN_PROPAGATED,0x00506620->0x00513060,ptr_int
0x00428998,0x00428998,,a0,Unknown_a0_0_8_58,Unknown_a0_8,CALL_PROPAGATED,CALL_PROPAGATED,0x0055ad60->0x00428998,hard
0x005065c0,0x005065c0,stub_code,a2,int,ptr,DIRECT,RETURN_PROPAGATED,0x00513210->0x005065c0,ptr_int
0x00513210,0x00513210,,a0,Unknown_a0_30_34_38,Unknown_a0_0_58,CALL_PROPAGATED,CALL_PROPAGATED,0x0055b1f0->0x00513210,hard
0x00513fe0,0x00513fe0,,a0,Unknown_a0_20_2c,Unknown_a1_0_10,CALL_PROPAGATED,CALL_PROPAGATED,0x0055c2a0->0x00513fe0,hard
0x00513fe0,0x00513fe0,,a1,int,Unknown_a1_0_10,HEURISTIC,CALL_PROPAGATED,0x0055c2a0->0x00513fe0,hard
0x00512ee0,0x00512ee0,stub_code,a0,Unknown_a0_0_4c,Unknown_a1_0_10,DIRECT,CALL_PROPAGATED,0x0055c2a0->0x00512ee0,hard
0x0055fbd0,0x0055fbd0,stub_code,a0,int,Unknown_a1_0_10,DIRECT,CALL_PROPAGATED,0x0055c2a0->0x0055fbd0,hard
0x00545430,0x00545430,,a0,Unknown_a0_30_34_38,int,CALL_PROPAGATED,CALL_PROPAGATED,0x0055c410->0x00545430,hard
0x005440e0,0x005440e0,stub_code,a0,int,Unknown_a0_c,DIRECT,CALL_PROPAGATED,0x0055cb60->0x005440e0,hard
0x0055c1d0,0x0055c1d0,stub_code,a0,int,Unknown_a0_c,DIRECT,CALL_PROPAGATED,0x0055dad0->0x0055c1d0,hard
0x0055f820,0x0055f820,stub_code,a0,Unknown_a0_0_c_4c,Unknown_a0_c,DIRECT,CALL_PROPAGATED,0x0055f180->0x0055f820,hard
0x0055f8f0,0x0055f8f0,stub_code,a0,Unknown_a0_0_c_4c,Unknown_a0_c,DIRECT,CALL_PROPAGATED,0x0055f1b0->0x0055f8f0,hard
0x0055c1d0,0x0055c1d0,stub_code,a1,int,ptr,DIRECT,RETURN_PROPAGATED,0x0055c1d0->0x0055c1d0,ptr_int
0x00511940,0x00511940,stub_code,a0,Unknown_a0_0_4c,Unknown_a0_4_34,DIRECT,CALL_PROPAGATED,0x00560930->0x00511940,hard
0x0058a7f0,0x0058a7f0,stub_code,a2,int,ptr,DIRECT,RETURN_PROPAGATED,0x0058c3a0->0x0058a7f0,ptr_int
0x005e83a0,0x005e83a0,,a0,int,ptr,CALL_PROPAGATED,CALL_PROPAGATED,0x00561160->0x005e83a0,ptr_int
0x00560a60,0x00560a60,,a0,ptr,int,HEURISTIC,CALL_PROPAGATED,0x00561b40->0x00560a60,ptr_int
0x00511940,0x00511940,stub_code,a0,Unknown_a0_0_4c,Unknown_a1_4_e8,DIRECT,CALL_PROPAGATED,0x00561d40->0x00511940,hard
0x00511940,0x00511940,stub_code,a1,int,Unknown_a1_4_e8,DIRECT,CALL_PROPAGATED,0x00561d40->0x00511940,hard
0x00513060,0x00513060,stub_code,a0,int,Unknown_a0_c_10,DIRECT,CALL_PROPAGATED,0x00561fa0->0x00513060,hard
0x00513160,0x00513160,stub_code,a0,int,Unknown_a0_c_10,DIRECT,CALL_PROPAGATED,0x00561fa0->0x00513160,hard
0x004dfea0,0x004dfea0,stub_code,a0,int,Unknown_a0_34,DIRECT,CALL_PROPAGATED,0x005625c0->0x004dfea0,hard
0x0054bbd0,0x0054bbd0,stub_code,a2,int,ptr,DIRECT,RETURN_PROPAGATED,0x00512fc0->0x0054bbd0,ptr_int
0x00448d40,FUN_00448d40,pseudo_stub,a1,ptr,int,STRUCT_FIELD,CALL_PROPAGATED,0x00562f20->0x00448d40,ptr_int
0x00448ce0,0x00448ce0,,a1,ptr,int,HEURISTIC,CALL_PROPAGATED,0x00562f20->0x00448ce0,ptr_int
0x00563100,0x00563100,stub_code,a0,ptr,int,STRUCT_FIELD,CALL_PROPAGATED,0x00563180->0x00563100,ptr_int
0x00563180,0x00563180,stub_code,a0,int,Unknown_a0_18,DIRECT,CALL_PROPAGATED,0x005631e0->0x00563180,hard
0x00506610,0x00506610,,a2,int,ptr,CALL_PROPAGATED,RETURN_PROPAGATED,0x00506660->0x00506610,ptr_int
0x005065b0,0x005065b0,,a1,ptr,int,HEURISTIC,CALL_PROPAGATED,0x005640e0->0x005065b0,ptr_int
0x00506660,0x00506660,,a0,int,ptr,CALL_PROPAGATED,RETURN_PROPAGATED,0x00428998->0x00506660,ptr_int
0x00506660,0x00506660,,a1,int,ptr,CALL_PROPAGATED,CALL_PROPAGATED,0x00564270->0x00506660,ptr_int
0x00506660,0x00506660,,a2,int,ptr,CALL_PROPAGATED,CALL_PROPAGATED,0x00564270->0x00506660,ptr_int
0x00425fe0,0x00425fe0,stub_code,a0,int,ptr,DIRECT,CALL_PROPAGATED,0x00564360->0x00425fe0,ptr_int
0x00425fe0,0x00425fe0,stub_code,a2,int,ptr,DIRECT,CALL_PROPAGATED,0x00564360->0x00425fe0,ptr_int
0x00425c30,0x00425c30,stub_code,a1,int,ptr,DIRECT,CALL_PROPAGATED,0x00564360->0x00425c30,ptr_int
0x004279e0,0x004279e0,stub_code,a0,int,ptr,DIRECT,CALL_PROPAGATED,0x00564360->0x004279e0,ptr_int
0x004279e0,0x004279e0,stub_code,a1,int,ptr,DIRECT,CALL_PROPAGATED,0x00564360->0x004279e0,ptr_int
0x004279e0,0x004279e0,stub_code,a2,int,ptr,DIRECT,CALL_PROPAGATED,0x00564360->0x004279e0,ptr_int
0x004279e0,0x004279e0,stub_code,a3,int,ptr,DIRECT,CALL_PROPAGATED,0x00564360->0x004279e0,ptr_int
0x005653a0,0x005653a0,stub_code,a1,int,ptr,DIRECT,CALL_PROPAGATED,0x00564360->0x005653a0,ptr_int
0x005653a0,0x005653a0,stub_code,a2,int,ptr,DIRECT,CALL_PROPAGATED,0x00564360->0x005653a0,ptr_int
0x005653a0,0x005653a0,stub_code,a3,int,ptr,DIRECT,CALL_PROPAGATED,0x00564360->0x005653a0,ptr_int
0x00426110,0x00426110,stub_code,a1,int,ptr,DIRECT,CALL_PROPAGATED,0x005644b0->0x00426110,ptr_int
0x00426110,0x00426110,stub_code,a2,int,ptr,DIRECT,CALL_PROPAGATED,0x005644b0->0x00426110,ptr_int
0x00425c30,0x00425c30,stub_code,a2,int,ptr,DIRECT,CALL_PROPAGATED,0x005644b0->0x00425c30,ptr_int
0x00420fd0,0x00420fd0,stub_code,a0,int,ptr,DIRECT,CALL_PROPAGATED,0x00564cc0->0x00420fd0,ptr_int
0x00420fd0,0x00420fd0,stub_code,a1,int,ptr,DIRECT,RETURN_PROPAGATED,0x00560a70->0x00420fd0,ptr_int
0x00420fd0,0x00420fd0,stub_code,a2,int,ptr,DIRECT,RETURN_PROPAGATED,0x00560a70->0x00420fd0,ptr_int
0x00420a80,0x00420a80,stub_code,a0,int,ptr,DIRECT,CALL_PROPAGATED,0x00564cc0->0x00420a80,ptr_int
0x00420a80,0x00420a80,stub_code,a1,int,ptr,DIRECT,RETURN_PROPAGATED,0x00560a70->0x00420a80,ptr_int
0x00420a80,0x00420a80,stub_code,a2,int,ptr,DIRECT,RETURN_PROPAGATED,0x00560a70->0x00420a80,ptr_int
0x00513160,0x00513160,stub_code,a2,int,Unknown_a2_34,DIRECT,CALL_PROPAGATED,0x00564cc0->0x00513160,hard
0x00513160,0x00513160,stub_code,a3,int,Unknown_a2_34,DIRECT,CALL_PROPAGATED,0x00564cc0->0x00513160,hard
0x00557250,0x00557250,stub_code,a1,int,ptr,DIRECT,RETURN_PROPAGATED,0x00560a70->0x00557250,ptr_int
0x00557250,0x00557250,stub_code,a2,int,Unknown_a2_34,DIRECT,CALL_PROPAGATED,0x00564cc0->0x00557250,hard
0x00557250,0x00557250,stub_code,a3,int,Unknown_a2_34,DIRECT,CALL_PROPAGATED,0x00564cc0->0x00557250,hard
0x00409c30,0x00409c30,stub_code,a0,int,ptr,DIRECT,CALL_PROPAGATED,0x005653a0->0x00409c30,ptr_int
0x00409c30,0x00409c30,stub_code,a1,int,ptr,DIRECT,CALL_PROPAGATED,0x005653a0->0x00409c30,ptr_int
0x00409c30,0x00409c30,stub_code,a2,int,ptr,DIRECT,CALL_PROPAGATED,0x005653a0->0x00409c30,ptr_int
0x00409c30,0x00409c30,stub_code,a3,int,ptr,DIRECT,CALL_PROPAGATED,0x005653a0->0x00409c30,ptr_int
0x00565dc0,0x00565dc0,stub_code,a3,int,ptr,DIRECT,CALL_PROPAGATED,0x00565920->0x00565dc0,ptr_int
0x005065c0,0x005065c0,stub_code,a3,int,ptr,DIRECT,CALL_PROPAGATED,0x00565920->0x005065c0,ptr_int
0x00506660,0x00506660,,a3,int,ptr,CALL_PROPAGATED,CALL_PROPAGATED,0x00565920->0x00506660,ptr_int
0x00426100,0x00426100,,a2,int,ptr,CALL_PROPAGATED,CALL_PROPAGATED,0x00565c60->0x00426100,ptr_int
0x0040f130,0x0040f130,stub_code,a2,int,ptr,DIRECT,CALL_PROPAGATED,0x00565c60->0x0040f130,ptr_int
0x00426860,0x00426860,stub_code,a2,int,ptr,DIRECT,CALL_PROPAGATED,0x00565dc0->0x00426860,ptr_int
0x005065c0,0x005065c0,stub_code,a0,Unknown_a0_0_e4,Unknown_a0_4c,DIRECT,CALL_PROPAGATED,0x00566430->0x005065c0,hard
0x00573c40,0x00573c40,stub_code,a0,Unknown_a0_0_13c,Unknown_a0_4c,DIRECT,CALL_PROPAGATED,0x00566430->0x00573c40,hard
0x0040db40,0x0040db40,stub_code,a0,int,Unknown_a0_4c,DIRECT,CALL_PROPAGATED,0x00566430->0x0040db40,hard
0x00560930,0x00560930,stub_code,a0,Unknown_a0_4_34,Unknown_a0_4c,DIRECT,CALL_PROPAGATED,0x00566430->0x00560930,hard
0x00560a60,0x00560a60,,a1,int,Unknown_a1_0_70,HEURISTIC,CALL_PROPAGATED,0x005664c0->0x00560a60,hard
0x004d4350,0x004d4350,stub_code,a1,int,Unknown_a1_0_70,DIRECT,CALL_PROPAGATED,0x005664c0->0x004d4350,hard
0x005e8360,0x005e8360,,a0,ptr,int,CALL_PROPAGATED,CALL_PROPAGATED,0x005664c0->0x005e8360,ptr_int
0x00506420,0x00506420,,a2,int,ptr,HEURISTIC,RETURN_PROPAGATED,0x00506660->0x00506420,ptr_int
0x00506420,0x00506420,,a3,ptr,int,HEURISTIC,CALL_PROPAGATED,0x00567110->0x00506420,ptr_int
0x004e6fc0,0x004e6fc0,stub_code,a2,int,ptr,DIRECT,RETURN_PROPAGATED,0x00506660->0x004e6fc0,ptr_int
0x0040e3e0,0x0040e3e0,stub_code,a0,int,ptr,DIRECT,CALL_PROPAGATED,0x00567270->0x0040e3e0,ptr_int
0x0040e3e0,0x0040e3e0,stub_code,a1,int,ptr,DIRECT,CALL_PROPAGATED,0x00567270->0x0040e3e0,ptr_int
0x0040e3e0,0x0040e3e0,stub_code,a3,int,ptr,DIRECT,CALL_PROPAGATED,0x00567270->0x0040e3e0,ptr_int
0x00506610,0x00506610,,a3,int,ptr,CALL_PROPAGATED,CALL_PROPAGATED,0x00567270->0x00506610,ptr_int
0x0040a5a0,0x0040a5a0,,a1,int,Unknown_a0_44,CALL_PROPAGATED,CALL_PROPAGATED,0x00567470->0x0040a5a0,hard
0x0040dfd0,0x0040dfd0,stub_code,a0,int,ptr,DIRECT,CALL_PROPAGATED,0x00567580->0x0040dfd0,ptr_int
0x004f4bb0,0x004f4bb0,,a0,ptr,int,HEURISTIC,CALL_PROPAGATED,0x005675b0->0x004f4bb0,ptr_int
0x00100260,0x00100260,stub_code,a3,int,Unknown_a0_3a4,DIRECT,CALL_PROPAGATED,0x00567bf0->0x00100260,hard
0x005674d0,0x005674d0,stub_code,a3,int,Unknown_a0_3a4,DIRECT,CALL_PROPAGATED,0x00567bf0->0x005674d0,hard
0x001057e0,0x001057e0,stub_code,a0,Unknown_a0_3a8,Unknown_a0_3a4,DIRECT,CALL_PROPAGATED,0x00567bf0->0x001057e0,hard
0x005720b0,0x005720b0,stub_code,a1,Unknown_a1_8_c,int,DIRECT,CALL_PROPAGATED,0x00567f50->0x005720b0,hard
0x00545430,0x00545430,,a0,Unknown_a0_30_34_38,Unknown_a0_0_68,CALL_PROPAGATED,CALL_PROPAGATED,0x005680b0->0x00545430,hard
0x00409110,0x00409110,,a1,ptr,int,HEURISTIC,CALL_PROPAGATED,0x00568450->0x00409110,ptr_int
0x00409110,0x00409110,,a3,ptr,int,HEURISTIC,CALL_PROPAGATED,0x00568450->0x00409110,ptr_int
0x00557320,0x00557320,stub_code,a0,Unknown_a0_2c,Unknown_a0_18,DIRECT,CALL_PROPAGATED,0x00568580->0x00557320,hard
0x00556c80,0x00556c80,,a0,Unknown_a0_0_94,int,CALL_PROPAGATED,CALL_PROPAGATED,0x00568b50->0x00556c80,hard
0x00409110,0x00409110,,a2,int,ptr,HEURISTIC,CALL_PROPAGATED,0x0056a100->0x00409110,ptr_int
0x004083e0,0x004083e0,stub_code,a0,int,ptr,DIRECT,CALL_PROPAGATED,0x0056a850->0x004083e0,ptr_int
0x0056b740,0x0056b740,stub_code,a0,int,ptr,DIRECT,CALL_PROPAGATED,0x0056ab40->0x0056b740,ptr_int
0x0056b740,0x0056b740,stub_code,a3,int,ptr,DIRECT,CALL_PROPAGATED,0x0056ab40->0x0056b740,ptr_int
0x0056b740,0x0056b740,stub_code,a2,int,Unknown_a2_0_4_8_c,DIRECT,CALL_PROPAGATED,0x0056acb0->0x0056b740,hard
0x0056b740,0x0056b740,stub_code,a2,int,ptr,DIRECT,CALL_PROPAGATED,0x0056b330->0x0056b740,ptr_int
0x0056b740,0x0056b740,stub_code,a2,int,Unknown_a2_0_4_8,DIRECT,CALL_PROPAGATED,0x0056b460->0x0056b740,hard
0x0041ada0,0x0041ada0,stub_code,a1,int,ptr,DIRECT,RETURN_PROPAGATED,0x0041ada0->0x0041ada0,ptr_int
0x005e7bf0,0x005e7bf0,stub_code,a1,int,ptr,DIRECT,RETURN_PROPAGATED,0x0041ada0->0x005e7bf0,ptr_int
0x005e7cf0,0x005e7cf0,stub_code,a1,int,ptr,DIRECT,RETURN_PROPAGATED,0x0041ada0->0x005e7cf0,ptr_int
0x00561160,0x00561160,stub_code,a0,ptr,int,STRUCT_FIELD,CALL_PROPAGATED,0x0056e120->0x00561160,ptr_int
0x0056ea90,FUN_0056ea90,pseudo_stub,a1,int,ptr,DIRECT,RETURN_PROPAGATED,0x0056f8e0->0x0056ea90,ptr_int
0x00564850,FUN_00564850,pseudo_stub,a1,int,ptr,DIRECT,RETURN_PROPAGATED,0x0056f8e0->0x00564850,ptr_int
0x00408430,0x00408430,stub_code,a0,int,ptr,DIRECT,CALL_PROPAGATED,0x0056e990->0x00408430,ptr_int
0x0056ef00,0x0056ef00,stub_code,a0,ptr,int,STRUCT_FIELD,CALL_PROPAGATED,0x0056ed10->0x0056ef00,ptr_int
0x004090e0,0x004090e0,,a3,ptr,int,HEURISTIC,CALL_PROPAGATED,0x0056ef00->0x004090e0,ptr_int
0x00408490,0x00408490,,a1,ptr,int,HEURISTIC,CALL_PROPAGATED,0x0056f030->0x00408490,ptr_int
0x00408490,0x00408490,,a2,ptr,int,HEURISTIC,CALL_PROPAGATED,0x0056f030->0x00408490,ptr_int
0x004083e0,0x004083e0,stub_code,a0,int,Unknown_a0_0,DIRECT,CALL_PROPAGATED,0x0056f030->0x004083e0,hard
0x00408430,0x00408430,stub_code,a0,int,Unknown_a0_0,DIRECT,CALL_PROPAGATED,0x0056f030->0x00408430,hard
0x00409b00,0x00409b00,stub_code,a0,int,ptr,DIRECT,CALL_PROPAGATED,0x0056f600->0x00409b00,ptr_int
0x00546c80,0x00546c80,stub_code,a0,int,Unknown_a0_8,DIRECT,CALL_PROPAGATED,0x0056f9b0->0x00546c80,hard
0x005584c0,0x005584c0,stub_code,a0,Unknown_a0_18_1c,Unknown_a0_50,DIRECT,CALL_PROPAGATED,0x0056fbd0->0x005584c0,hard
0x00561aa0,0x00561aa0,stub_code,a0,int,Unknown_a0_50,DIRECT,CALL_PROPAGATED,0x0056fbd0->0x00561aa0,hard
0x00558fc0,0x00558fc0,stub_code,a0,Unknown_a0_18_1c,Unknown_a0_50,DIRECT,CALL_PROPAGATED,0x0056fcf0->0x00558fc0,hard
0x0040f100,0x0040f100,,a3,ptr,int,HEURISTIC,CALL_PROPAGATED,0x0056fcf0->0x0040f100,ptr_int
0x0021b3b0,0x0021b3b0,,a0,ptr,int,HEURISTIC,CALL_PROPAGATED,0x0056fef0->0x0021b3b0,ptr_int
0x0040f130,0x0040f130,stub_code,a0,int,Unknown_a0_50,DIRECT,CALL_PROPAGATED,0x0056ffc0->0x0040f130,hard
0x0041bd70,0x0041bd70,stub_code,a0,Unknown_a0_9,int,DIRECT,CALL_PROPAGATED,0x00570210->0x0041bd70,hard
0x0041bd70,0x0041bd70,stub_code,a1,int,ptr,DIRECT,RETURN_PROPAGATED,0x00513210->0x0041bd70,ptr_int
0x0041c210,0x0041c210,stub_code,a0,Unknown_a0_0_4_8_10,int,DIRECT,CALL_PROPAGATED,0x00570210->0x0041c210,hard
0x0041c210,0x0041c210,stub_code,a1,int,ptr,DIRECT,RETURN_PROPAGATED,0x00513210->0x0041c210,ptr_int
0x0041c690,0x0041c690,,a0,ptr,int,HEURISTIC,CALL_PROPAGATED,0x00570210->0x0041c690,ptr_int
0x0041c7d0,0x0041c7d0,,a0,ptr,int,HEURISTIC,CALL_PROPAGATED,0x00570210->0x0041c7d0,ptr_int
0x0041c940,0x0041c940,,a0,ptr,int,HEURISTIC,CALL_PROPAGATED,0x00570210->0x0041c940,ptr_int
0x00513210,0x00513210,,a0,Unknown_a0_30_34_38,Unknown_a0_50,CALL_PROPAGATED,CALL_PROPAGATED,0x00570460->0x00513210,hard
0x0040f130,0x0040f130,stub_code,a0,int,Unknown_a0_58,DIRECT,CALL_PROPAGATED,0x005705b0->0x0040f130,hard
0x005065c0,0x005065c0,stub_code,a0,Unknown_a0_0_e4,Unknown_a0_58,DIRECT,CALL_PROPAGATED,0x005705b0->0x005065c0,hard
0x00559a40,0x00559a40,stub_code,a0,int,ptr,DIRECT,CALL_PROPAGATED,0x00570650->0x00559a40,ptr_int
0x0055a460,0x0055a460,stub_code,a0,int,ptr,DIRECT,CALL_PROPAGATED,0x00570aa0->0x0055a460,ptr_int
0x0055a4e0,0x0055a4e0,stub_code,a0,int,ptr,DIRECT,CALL_PROPAGATED,0x00570af0->0x0055a4e0,ptr_int
0x0055c0f0,0x0055c0f0,stub_code,a1,int,Unknown_a1_80,DIRECT,CALL_PROPAGATED,0x00570dc0->0x0055c0f0,hard
0x00560a80,0x00560a80,,a0,ptr,int,CALL_PROPAGATED,CALL_PROPAGATED,0x00573540->0x00560a80,ptr_int
0x00560a80,0x00560a80,,a1,int,ptr,CALL_PROPAGATED,RETURN_PROPAGATED,0x00560a80->0x00560a80,ptr_int
0x005e8380,0x005e8380,,a1,int,ptr,HEURISTIC,RETURN_PROPAGATED,0x00560a80->0x005e8380,ptr_int
0x0051d690,0x0051d690,,a1,int,ptr,CALL_PROPAGATED,RETURN_PROPAGATED,0x00560a80->0x0051d690,ptr_int
0x005065c0,0x005065c0,stub_code,a2,int,Unknown_a0_0_13c,DIRECT,CALL_PROPAGATED,0x00573c40->0x005065c0,hard
0x00506610,0x00506610,,a2,int,Unknown_a0_0_13c,CALL_PROPAGATED,CALL_PROPAGATED,0x00573c40->0x00506610,hard
0x00511940,0x00511940,stub_code,a2,int,Unknown_a0_0_13c,DIRECT,CALL_PROPAGATED,0x00573c40->0x00511940,hard
0x00565920,0x00565920,stub_code,a2,int,Unknown_a0_0_13c,DIRECT,CALL_PROPAGATED,0x00573c40->0x00565920,hard
0x00573ed0,0x00573ed0,stub_code,a2,int,Unknown_a0_0_13c,DIRECT,CALL_PROPAGATED,0x00573c40->0x00573ed0,hard
0x0040d770,0x0040d770,,a3,ptr,int,HEURISTIC,CALL_PROPAGATED,0x00573e40->0x0040d770,ptr_int
0x00556cf0,0x00556cf0,,a0,Unknown_a0_2c,Unknown_a1_0,CALL_PROPAGATED,CALL_PROPAGATED,0x00574970->0x00556cf0,hard
0x00556cf0,0x00556cf0,,a1,int,Unknown_a1_0,CALL_PROPAGATED,CALL_PROPAGATED,0x00574970->0x00556cf0,hard
0x00565dc0,0x00565dc0,stub_code,a1,int,ptr,DIRECT,CALL_PROPAGATED,0x00574d80->0x00565dc0,ptr_int
0x00426730,0x00426730,stub_code,a1,int,ptr,DIRECT,CALL_PROPAGATED,0x00574d80->0x00426730,ptr_int
0x00426730,0x00426730,stub_code,a3,int,ptr,DIRECT,CALL_PROPAGATED,0x00574d80->0x00426730,ptr_int
0x00426100,0x00426100,,a1,int,ptr,CALL_PROPAGATED,CALL_PROPAGATED,0x00574d80->0x00426100,ptr_int
0x00426100,0x00426100,,a3,int,ptr,CALL_PROPAGATED,CALL_PROPAGATED,0x00574d80->0x00426100,ptr_int
0x0040f130,0x0040f130,stub_code,a1,int,ptr,DIRECT,CALL_PROPAGATED,0x00574d80->0x0040f130,ptr_int
0x0040f130,0x0040f130,stub_code,a3,int,ptr,DIRECT,CALL_PROPAGATED,0x00574d80->0x0040f130,ptr_int
0x00426860,0x00426860,stub_code,a1,int,ptr,DIRECT,CALL_PROPAGATED,0x00574d80->0x00426860,ptr_int
0x00426860,0x00426860,stub_code,a3,int,ptr,DIRECT,CALL_PROPAGATED,0x00574d80->0x00426860,ptr_int
0x00565920,0x00565920,stub_code,a2,int,ptr,DIRECT,CALL_PROPAGATED,0x00574ed0->0x00565920,ptr_int
0x005738c0,0x005738c0,stub_code,a2,int,ptr,DIRECT,CALL_PROPAGATED,0x00574ed0->0x005738c0,ptr_int
0x00554250,0x00554250,stub_code,a1,int,ptr,DIRECT,CALL_PROPAGATED,0x00575180->0x00554250,ptr_int
0x00560a70,0x00560a70,,a1,int,ptr,CALL_PROPAGATED,CALL_PROPAGATED,0x00575180->0x00560a70,ptr_int
0x00565a50,0x00565a50,stub_code,a0,int,ptr,DIRECT,CALL_PROPAGATED,0x00575180->0x00565a50,ptr_int
0x00565a50,0x00565a50,stub_code,a1,int,ptr,DIRECT,CALL_PROPAGATED,0x00575180->0x00565a50,ptr_int
0x00565c60,0x00565c60,stub_code,a1,int,ptr,DIRECT,CALL_PROPAGATED,0x00575180->0x00565c60,ptr_int
0x00424a10,0x00424a10,,a2,ptr,int,HEURISTIC,CALL_PROPAGATED,0x005758c0->0x00424a10,ptr_int
0x00424a10,0x00424a10,,a3,ptr,int,HEURISTIC,CALL_PROPAGATED,0x005758c0->0x00424a10,ptr_int
0x00560a40,0x00560a40,,a0,ptr,int,CALL_PROPAGATED,CALL_PROPAGATED,0x00576070->0x00560a40,ptr_int
0x00560a40,0x00560a40,,a1,ptr,int,CALL_PROPAGATED,CALL_PROPAGATED,0x00576070->0x00560a40,ptr_int
0x00560a40,0x00560a40,,a2,ptr,int,RETURN_PROPAGATED,CALL_PROPAGATED,0x00576070->0x00560a40,ptr_int
0x00576320,0x00576320,stub_code,a2,int,ptr,DIRECT,CALL_PROPAGATED,0x00576490->0x00576320,ptr_int
0x00576320,0x00576320,stub_code,a3,int,ptr,DIRECT,CALL_PROPAGATED,0x00576490->0x00576320,ptr_int
0x00424760,0x00424760,stub_code,a2,int,ptr,DIRECT,CALL_PROPAGATED,0x00576490->0x00424760,ptr_int
0x00424760,0x00424760,stub_code,a3,int,ptr,DIRECT,CALL_PROPAGATED,0x00576490->0x00424760,ptr_int
0x0055b1f0,0x0055b1f0,stub_code,a0,Unknown_a0_0_58,Unknown_a0_c,DIRECT,CALL_PROPAGATED,0x005766f0->0x0055b1f0,hard
0x0055b1f0,0x0055b1f0,stub_code,a1,int,ptr,DIRECT,RETURN_PROPAGATED,0x00513210->0x0055b1f0,ptr_int
0x0055b1f0,0x0055b1f0,stub_code,a2,int,ptr,DIRECT,RETURN_PROPAGATED,0x00513210->0x0055b1f0,ptr_int
0x005767a0,0x005767a0,stub_code,a0,Unknown_a0_0_58,Unknown_a0_c,DIRECT,CALL_PROPAGATED,0x005766f0->0x005767a0,hard
0x005767a0,0x005767a0,stub_code,a1,int,ptr,DIRECT,RETURN_PROPAGATED,0x00513210->0x005767a0,ptr_int
0x005767a0,0x005767a0,stub_code,a2,int,ptr,DIRECT,RETURN_PROPAGATED,0x00513210->0x005767a0,ptr_int
0x0040f130,0x0040f130,stub_code,a0,int,Unknown_a0_14,DIRECT,CALL_PROPAGATED,0x005771a0->0x0040f130,hard
0x005768e0,0x005768e0,stub_code,a0,Unknown_a0_4_38,Unknown_a0_14,DIRECT,CALL_PROPAGATED,0x005771a0->0x005768e0,hard
0x0055ad60,0x0055ad60,stub_code,a0,Unknown_a0_8,Unknown_a0_14,DIRECT,CALL_PROPAGATED,0x00577250->0x0055ad60,hard
0x0055afc0,0x0055afc0,stub_code,a0,int,Unknown_a0_14,DIRECT,CALL_PROPAGATED,0x00577250->0x0055afc0,hard
0x005767a0,0x005767a0,stub_code,a0,Unknown_a0_0_58,Unknown_a0_14,DIRECT,CALL_PROPAGATED,0x00577250->0x005767a0,hard
0x005773d0,0x005773d0,stub_code,a0,int,ptr,DIRECT,CALL_PROPAGATED,0x00577870->0x005773d0,ptr_int
0x00577620,0x00577620,stub_code,a1,int,ptr,DIRECT,CALL_PROPAGATED,0x00577870->0x00577620,ptr_int
0x005773d0,0x005773d0,stub_code,a1,int,ptr,DIRECT,CALL_PROPAGATED,0x00577870->0x005773d0,ptr_int
0x00577790,0x00577790,stub_code,a1,int,ptr,DIRECT,CALL_PROPAGATED,0x00577870->0x00577790,ptr_int
0x00570dc0,0x00570dc0,stub_code,a1,Unknown_a1_80,int,DIRECT,CALL_PROPAGATED,0x00577d00->0x00570dc0,hard
0x00579010,0x00579010,stub_code,a1,Unknown_a1_14,int,DIRECT,CALL_PROPAGATED,0x00577d00->0x00579010,hard
0x00513210,0x00513210,,a0,Unknown_a0_30_34_38,Unknown_a0_14,CALL_PROPAGATED,CALL_PROPAGATED,0x00577f70->0x00513210,hard
0x00544600,0x00544600,stub_code,a0,int,Unknown_a0_14,DIRECT,CALL_PROPAGATED,0x00577f70->0x00544600,hard
0x0055c2a0,0x0055c2a0,stub_code,a1,Unknown_a1_0_10,int,DIRECT,CALL_PROPAGATED,0x00577f70->0x0055c2a0,hard
0x004e67a0,0x004e67a0,stub_code,a0,int,ptr,DIRECT,CALL_PROPAGATED,0x00578200->0x004e67a0,ptr_int
0x00544cf0,0x00544cf0,stub_code,a2,int,ptr,DIRECT,CALL_PROPAGATED,0x00578200->0x00544cf0,ptr_int
0x00570dc0,0x00570dc0,stub_code,a2,int,ptr,DIRECT,CALL_PROPAGATED,0x00578200->0x00570dc0,ptr_int
0x0055c0f0,0x0055c0f0,stub_code,a2,int,ptr,DIRECT,CALL_PROPAGATED,0x00578200->0x0055c0f0,ptr_int
0x0040de50,0x0040de50,,a2,int,ptr,HEURISTIC,CALL_PROPAGATED,0x00578200->0x0040de50,ptr_int
0x0055c0f0,0x0055c0f0,stub_code,a0,int,Unknown_a0_18,DIRECT,CALL_PROPAGATED,0x005788f0->0x0055c0f0,hard
0x0040a4b0,0x0040a4b0,stub_code,a1,int,ptr,DIRECT,RETURN_PROPAGATED,0x0040a4b0->0x0040a4b0,ptr_int
0x0055c0f0,0x0055c0f0,stub_code,a1,int,Unknown_a1_14,DIRECT,CALL_PROPAGATED,0x00579010->0x0055c0f0,hard
0x00578ad0,0x00578ad0,,a0,ptr,int,HEURISTIC,CALL_PROPAGATED,0x00579010->0x00578ad0,ptr_int
0x00578ad0,0x00578ad0,,a2,ptr,int,HEURISTIC,CALL_PROPAGATED,0x00579010->0x00578ad0,ptr_int
0x0055c160,0x0055c160,stub_code,a1,int,Unknown_a1_14,DIRECT,CALL_PROPAGATED,0x00579010->0x0055c160,hard
0x00511940,0x00511940,stub_code,a3,int,Unknown_a1_14,DIRECT,CALL_PROPAGATED,0x00579010->0x00511940,hard
0x00584360,0x00584360,stub_code,a1,int,Unknown_a1_14,DIRECT,CALL_PROPAGATED,0x00579010->0x00584360,hard
0x00584360,0x00584360,stub_code,a3,int,Unknown_a1_14,DIRECT,CALL_PROPAGATED,0x00579010->0x00584360,hard
0x004f2210,0x004f2210,stub_code,a1,int,Unknown_a1_14,DIRECT,CALL_PROPAGATED,0x00579010->0x004f2210,hard
0x004f2210,0x004f2210,stub_code,a3,int,Unknown_a1_14,DIRECT,CALL_PROPAGATED,0x00579010->0x004f2210,hard
0x00544cf0,0x00544cf0,stub_code,a1,int,Unknown_a1_14,DIRECT,CALL_PROPAGATED,0x00579010->0x00544cf0,hard
0x00544cf0,0x00544cf0,stub_code,a3,int,Unknown_a1_14,DIRECT,CALL_PROPAGATED,0x00579010->0x00544cf0,hard
0x00513f30,FUN_00513f30,pseudo_stub,a3,int,Unknown_a1_14,DIRECT,CALL_PROPAGATED,0x00579010->0x00513f30,hard
0x0055c0f0,0x0055c0f0,stub_code,a3,int,Unknown_a1_14,DIRECT,CALL_PROPAGATED,0x00579010->0x0055c0f0,hard
0x0055c0f0,0x0055c0f0,stub_code,a1,int,ptr,DIRECT,RETURN_PROPAGATED,0x0055c0f0->0x0055c0f0,ptr_int
0x0055c160,0x0055c160,stub_code,a2,int,ptr,DIRECT,RETURN_PROPAGATED,0x0055c0f0->0x0055c160,ptr_int
0x0055c160,0x0055c160,stub_code,a3,int,Unknown_a1_14,DIRECT,CALL_PROPAGATED,0x00579010->0x0055c160,hard
0x00584360,0x00584360,stub_code,a2,int,ptr,DIRECT,RETURN_PROPAGATED,0x0055c0f0->0x00584360,ptr_int
0x00578a90,0x00578a90,,a3,int,Unknown_a1_14,CALL_PROPAGATED,CALL_PROPAGATED,0x00579010->0x00578a90,hard
0x0055f8f0,0x0055f8f0,stub_code,a3,int,Unknown_a1_14,CALL_PROPAGATED,CALL_PROPAGATED,0x00579010->0x0055f8f0,hard
0x00579520,0x00579520,stub_code,a3,int,Unknown_a1_14,DIRECT,CALL_PROPAGATED,0x00579010->0x00579520,hard
0x00409f40,0x00409f40,,a3,ptr,int,HEURISTIC,CALL_PROPAGATED,0x00579520->0x00409f40,ptr_int
0x0040a4b0,0x0040a4b0,stub_code,a0,int,Unknown_a1_8_c_10,DIRECT,CALL_PROPAGATED,0x00579520->0x0040a4b0,hard
0x0040a4b0,0x0040a4b0,stub_code,a2,int,Unknown_a2_c_10,DIRECT,CALL_PROPAGATED,0x00579520->0x0040a4b0,hard
0x0055a800,0x0055a800,,a3,ptr,int,HEURISTIC,CALL_PROPAGATED,0x00579fc0->0x0055a800,ptr_int
0x002fb7b0,0x002fb7b0,,a1,ptr,int,HEURISTIC,CALL_PROPAGATED,0x0057a230->0x002fb7b0,ptr_int
0x002fb7b0,0x002fb7b0,,a2,ptr,int,HEURISTIC,CALL_PROPAGATED,0x0057a230->0x002fb7b0,ptr_int
0x002fb7f0,0x002fb7f0,,a1,ptr,int,HEURISTIC,CALL_PROPAGATED,0x0057a230->0x002fb7f0,ptr_int
0x002fb640,0x002fb640,,a1,ptr,int,HEURISTIC,CALL_PROPAGATED,0x0057a230->0x002fb640,ptr_int
0x002fb640,0x002fb640,,a2,ptr,int,HEURISTIC,CALL_PROPAGATED,0x0057a230->0x002fb640,ptr_int
0x002fb630,0x002fb630,,a1,ptr,int,HEURISTIC,CALL_PROPAGATED,0x0057a230->0x002fb630,ptr_int
0x002fb630,0x002fb630,,a2,ptr,int,HEURISTIC,CALL_PROPAGATED,0x0057a230->0x002fb630,ptr_int
0x0055a820,0x0055a820,,a1,ptr,int,HEURISTIC,CALL_PROPAGATED,0x0057a230->0x0055a820,ptr_int
0x0055a820,0x0055a820,,a3,ptr,int,HEURISTIC,CALL_PROPAGATED,0x0057a230->0x0055a820,ptr_int
0x002fb650,0x002fb650,,a1,ptr,int,HEURISTIC,CALL_PROPAGATED,0x0057a520->0x002fb650,ptr_int
0x002fb650,0x002fb650,,a2,ptr,int,HEURISTIC,CALL_PROPAGATED,0x0057a520->0x002fb650,ptr_int
0x0055a800,0x0055a800,,a1,ptr,int,HEURISTIC,CALL_PROPAGATED,0x0057a520->0x0055a800,ptr_int
0x002fb6b0,0x002fb6b0,,a1,ptr,int,HEURISTIC,CALL_PROPAGATED,0x0057aaa0->0x002fb6b0,ptr_int
0x002fb6b0,0x002fb6b0,,a2,ptr,int,HEURISTIC,CALL_PROPAGATED,0x0057aaa0->0x002fb6b0,ptr_int
0x002fb750,0x002fb750,,a1,ptr,int,HEURISTIC,CALL_PROPAGATED,0x0057aaa0->0x002fb750,ptr_int
0x002fb750,0x002fb750,,a2,ptr,int,HEURISTIC,CALL_PROPAGATED,0x0057aaa0->0x002fb750,ptr_int
0x002fb760,0x002fb760,,a1,ptr,int,HEURISTIC,CALL_PROPAGATED,0x0057ad60->0x002fb760,ptr_int
0x002fb760,0x002fb760,,a2,ptr,int,HEURISTIC,CALL_PROPAGATED,0x0057ad60->0x002fb760,ptr_int
0x002fb800,0x002fb800,,a1,ptr,int,HEURISTIC,CALL_PROPAGATED,0x0057ca10->0x002fb800,ptr_int
0x00581800,0x00581800,,a2,ptr,int,HEURISTIC,CALL_PROPAGATED,0x005818f0->0x00581800,ptr_int
0x00581800,0x00581800,,a1,int,ptr,HEURISTIC,RETURN_PROPAGATED,0x0050fe00->0x00581800,ptr_int
0x00580270,0x00580270,,a1,int,ptr,HEURISTIC,RETURN_PROPAGATED,0x0050fe00->0x00580270,ptr_int
0x0057ffa0,0x0057ffa0,,a1,int,ptr,CALL_PROPAGATED,RETURN_PROPAGATED,0x0050fe00->0x0057ffa0,ptr_int
0x005808d0,0x005808d0,,a1,int,ptr,CALL_PROPAGATED,RETURN_PROPAGATED,0x0050fe00->0x005808d0,ptr_int
0x00580ba0,0x00580ba0,,a1,int,ptr,CALL_PROPAGATED,RETURN_PROPAGATED,0x0050fe00->0x00580ba0,ptr_int
0x0058d880,0x0058d880,,a0,Unknown_a1_0_10_18_34_44,Unknown_a2_0_4_8_10_14_18_20_24_28,CALL_PROPAGATED,CALL_PROPAGATED,0x00584fe0->0x0058d880,hard
0x0058d880,0x0058d880,,a2,Unknown_a1_0_10_18_34_44,Unknown_a2_0_4_8_10_14_18_20_24_28,CALL_PROPAGATED,CALL_PROPAGATED,0x00584fe0->0x0058d880,hard
0x0058d880,0x0058d880,,a3,int,Unknown_a2_0_4_8_10_14_18_20_24_28,CALL_PROPAGATED,CALL_PROPAGATED,0x00584fe0->0x0058d880,hard
0x00586eb0,0x00586eb0,stub_code,a0,int,Unknown_a0_8_14,DIRECT,CALL_PROPAGATED,0x00585670->0x00586eb0,hard
0x00586eb0,0x00586eb0,stub_code,a1,Unknown_a1_8_14,int,DIRECT,CALL_PROPAGATED,0x00585670->0x00586eb0,hard
0x0058a490,0x0058a490,stub_code,a0,Unknown_a0_0_4c,Unknown_a0_8_14,DIRECT,CALL_PROPAGATED,0x005856c0->0x0058a490,hard
0x005859a0,0x005859a0,,a0,int,Unknown_a0_8_14,CALL_PROPAGATED,CALL_PROPAGATED,0x005858b0->0x005859a0,hard
0x005854d0,0x005854d0,stub_code,a0,int,Unknown_a0_8_14,DIRECT,CALL_PROPAGATED,0x005858b0->0x005854d0,hard
0x00585c00,0x00585c00,,a0,ptr,int,HEURISTIC,CALL_PROPAGATED,0x00585a20->0x00585c00,ptr_int
0x0058d690,0x0058d690,,a0,ptr,int,HEURISTIC,CALL_PROPAGATED,0x00585d50->0x0058d690,ptr_int
0x0058d690,0x0058d690,,a3,Unknown_a1_0_4_8,Unknown_a3_0_4_8,CALL_PROPAGATED,CALL_PROPAGATED,0x00585d50->0x0058d690,hard
0x00581800,0x00581800,,a0,int,Unknown_a0_34,CALL_PROPAGATED,CALL_PROPAGATED,0x00586730->0x00581800,hard
0x004df880,0x004df880,,a0,Unknown_a0_34,Unknown_a0_14,CALL_PROPAGATED,CALL_PROPAGATED,0x005867b0->0x004df880,hard
0x0058d880,0x0058d880,,a1,Unknown_a2_0_4_8_10_14_18_20_24_28,int,CALL_PROPAGATED,CALL_PROPAGATED,0x00586c80->0x0058d880,hard
0x0058d710,0x0058d710,,a2,int,Unknown_a2_0_4_8,CALL_PROPAGATED,CALL_PROPAGATED,0x00586d80->0x0058d710,hard
0x00584ed0,0x00584ed0,,a0,Unknown_a0_8_14,int,CALL_PROPAGATED,CALL_PROPAGATED,0x00586eb0->0x00584ed0,hard
0x00584ed0,0x00584ed0,,a1,int,Unknown_a1_8_14,CALL_PROPAGATED,CALL_PROPAGATED,0x00586eb0->0x00584ed0,hard
0x005875f0,0x005875f0,,a0,Unknown_a0_8_14,int,CALL_PROPAGATED,CALL_PROPAGATED,0x00586eb0->0x005875f0,hard
0x005875f0,0x005875f0,,a0,Unknown_a0_8_14,Unknown_a0_8_c_10_14,CALL_PROPAGATED,CALL_PROPAGATED,0x005870a0->0x005875f0,hard
0x005875f0,0x005875f0,,a3,int,Unknown_a0_8_c_10_14,CALL_PROPAGATED,CALL_PROPAGATED,0x005870a0->0x005875f0,hard
0x005875f0,0x005875f0,,a0,Unknown_a0_8_c_10_14,int,CALL_PROPAGATED,CALL_PROPAGATED,0x005871a0->0x005875f0,hard
0x005875f0,0x005875f0,,a2,ptr,int,HEURISTIC,CALL_PROPAGATED,0x005871a0->0x005875f0,ptr_int
0x00584e00,0x00584e00,,a0,ptr,int,HEURISTIC,CALL_PROPAGATED,0x005876a0->0x00584e00,ptr_int
0x00584e00,0x00584e00,,a2,ptr,int,HEURISTIC,CALL_PROPAGATED,0x005876a0->0x00584e00,ptr_int
0x00584e00,0x00584e00,,a3,ptr,int,HEURISTIC,CALL_PROPAGATED,0x005876a0->0x00584e00,ptr_int
0x0058a610,0x0058a610,stub_code,a0,Unknown_a0_0_4c,int,DIRECT,CALL_PROPAGATED,0x005876a0->0x0058a610,hard
0x00587640,0x00587640,,a0,Unknown_a0_8_c_10,int,CALL_PROPAGATED,CALL_PROPAGATED,0x00587760->0x00587640,hard
0x0058a490,0x0058a490,stub_code,a0,Unknown_a0_0_4c,Unknown_a0_14,DIRECT,CALL_PROPAGATED,0x00587fa0->0x0058a490,hard
0x0058a440,0x0058a440,stub_code,a0,Unknown_a0_0_4c,Unknown_a0_14,DIRECT,CALL_PROPAGATED,0x005881b0->0x0058a440,hard
0x0058a500,0x0058a500,stub_code,a0,Unknown_a0_0_4c,Unknown_a0_14,DIRECT,CALL_PROPAGATED,0x005881b0->0x0058a500,hard
0x0058a5c0,0x0058a5c0,stub_code,a0,Unknown_a0_0_4c,int,DIRECT,CALL_PROPAGATED,0x005885b0->0x0058a5c0,hard
0x00580270,0x00580270,,a0,int,Unknown_a0_34,CALL_PROPAGATED,CALL_PROPAGATED,0x00588aa0->0x00580270,hard
0x00510130,0x00510130,,a1,ptr,int,HEURISTIC,CALL_PROPAGATED,0x00589320->0x00510130,ptr_int
0x0058a910,0x0058a910,,a1,ptr,int,HEURISTIC,CALL_PROPAGATED,0x0058b8d0->0x0058a910,ptr_int
0x0058b9d0,0x0058b9d0,,a0,Unknown_a0_f38,int,CALL_PROPAGATED,CALL_PROPAGATED,0x0058b950->0x0058b9d0,hard
0x0058b9d0,0x0058b9d0,,a1,Unknown_a0_f38,int,CALL_PROPAGATED,CALL_PROPAGATED,0x0058b950->0x0058b9d0,hard
0x0058c4a0,0x0058c4a0,stub_code,a1,Unknown_a1_0_4_8_c_10_14_18_1c_20_24_28_2c_30_34_38_3c,int,DIRECT,CALL_PROPAGATED,0x0058c3a0->0x0058c4a0,hard
0x0058d7c0,FUN_0058d7c0,real_c,a0,Unknown_a0_0_4,int,DIRECT,CALL_PROPAGATED,0x0058d9b0->0x0058d7c0,hard
0x0058d7c0,FUN_0058d7c0,real_c,a1,Unknown_a1_0_4_8,int,DIRECT,CALL_PROPAGATED,0x0058d9b0->0x0058d7c0,hard
0x004d9c40,0x004d9c40,stub_code,a1,int,ptr,DIRECT,RETURN_PROPAGATED,0x0050fe00->0x004d9c40,ptr_int
0x00515610,0x00515610,stub_code,a1,int,ptr,DIRECT,RETURN_PROPAGATED,0x0050fe00->0x00515610,ptr_int
0x00591460,0x00591460,,a1,ptr,int,HEURISTIC,CALL_PROPAGATED,0x00591550->0x00591460,ptr_int
0x00595790,0x00595790,,a0,ptr,int,HEURISTIC,CALL_PROPAGATED,0x00595880->0x00595790,ptr_int
0x00595790,0x00595790,,a1,ptr,int,HEURISTIC,CALL_PROPAGATED,0x00595880->0x00595790,ptr_int
0x00595790,0x00595790,,a2,ptr,int,HEURISTIC,CALL_PROPAGATED,0x00595880->0x00595790,ptr_int
0x002ef730,0x002ef730,,a1,ptr,int,RETURN_PROPAGATED,CALL_PROPAGATED,0x00598b60->0x002ef730,ptr_int
0x001f2330,0x001f2330,,a1,ptr,int,RETURN_PROPAGATED,CALL_PROPAGATED,0x00598b60->0x001f2330,ptr_int
0x0059e430,0x0059e430,,a0,ptr,int,HEURISTIC,CALL_PROPAGATED,0x0059e330->0x0059e430,ptr_int
0x00321570,0x00321570,,a1,ptr,int,RETURN_PROPAGATED,CALL_PROPAGATED,0x005a1070->0x00321570,ptr_int
0x005ab510,0x005ab510,stub_code,a1,Unknown_a1_0_54,int,DIRECT,CALL_PROPAGATED,0x005ab300->0x005ab510,hard
0x005ab270,0x005ab270,stub_code,a0,Unknown_a0_8_14,int,DIRECT,CALL_PROPAGATED,0x005ab300->0x005ab270,hard
0x005ae8d0,0x005ae8d0,stub_code,a0,int,ptr,DIRECT,CALL_PROPAGATED,0x005aba30->0x005ae8d0,ptr_int
0x005ae8d0,0x005ae8d0,stub_code,a1,int,ptr,DIRECT,RETURN_PROPAGATED,0x005ab7c0->0x005ae8d0,ptr_int
0x00108a80,0x00108a80,stub_code,a0,int,ptr,DIRECT,CALL_PROPAGATED,0x005aba30->0x00108a80,ptr_int
0x00108a80,0x00108a80,stub_code,a3,int,ptr,DIRECT,CALL_PROPAGATED,0x005aba30->0x00108a80,ptr_int
0x003f7b98,0x003f7b98,,a3,int,ptr,CALL_PROPAGATED,CALL_PROPAGATED,0x005aba30->0x003f7b98,ptr_int
0x003f9868,0x003f9868,,a3,int,ptr,CALL_PROPAGATED,CALL_PROPAGATED,0x005aba30->0x003f9868,ptr_int
0x005ae8d0,0x005ae8d0,stub_code,a3,int,ptr,DIRECT,CALL_PROPAGATED,0x005aba30->0x005ae8d0,ptr_int
0x003f94c8,0x003f94c8,stub_code,a3,int,ptr,DIRECT,CALL_PROPAGATED,0x005aba30->0x003f94c8,ptr_int
0x005ab930,0x005ab930,stub_code,a3,int,ptr,DIRECT,CALL_PROPAGATED,0x005aba30->0x005ab930,ptr_int
0x005ada00,0x005ada00,stub_code,a3,int,ptr,DIRECT,CALL_PROPAGATED,0x005aba30->0x005ada00,ptr_int
0x005aba30,0x005aba30,stub_code,a1,int,Unknown_a1_0_5c,DIRECT,CALL_PROPAGATED,0x005ac400->0x005aba30,hard
0x00513f30,FUN_00513f30,pseudo_stub,a2,int,Unknown_a0_0_8_10,DIRECT,CALL_PROPAGATED,0x005acd10->0x00513f30,hard
0x005ad0e0,0x005ad0e0,stub_code,a0,ptr,int,STRUCT_FIELD,CALL_PROPAGATED,0x005ad610->0x005ad0e0,ptr_int
0x005d88b0,0x005d88b0,stub_code,a1,int,ptr,DIRECT,CALL_PROPAGATED,0x005ad6c0->0x005d88b0,ptr_int
0x005ad980,0x005ad980,stub_code,a0,int,ptr,DIRECT,CALL_PROPAGATED,0x005ad6c0->0x005ad980,ptr_int
0x005ad980,0x005ad980,stub_code,a1,int,ptr,DIRECT,CALL_PROPAGATED,0x005ad6c0->0x005ad980,ptr_int
0x005ad900,0x005ad900,stub_code,a1,int,ptr,DIRECT,CALL_PROPAGATED,0x005ad6c0->0x005ad900,ptr_int
0x005ad8e0,0x005ad8e0,,a1,ptr,int,CALL_PROPAGATED,CALL_PROPAGATED,0x005ada00->0x005ad8e0,ptr_int
0x00116990,0x00116990,,a1,ptr,int,HEURISTIC,CALL_PROPAGATED,0x005ada00->0x00116990,ptr_int
0x005ad610,0x005ad610,stub_code,a1,int,Unknown_a1_c,DIRECT,CALL_PROPAGATED,0x005ade60->0x005ad610,hard
0x003f9868,0x003f9868,,a0,Unknown_a0_0_8c,int,CALL_PROPAGATED,CALL_PROPAGATED,0x005ae8d0->0x003f9868,hard
0x005aefe0,0x005aefe0,stub_code,a1,int,ptr,DIRECT,RETURN_PROPAGATED,0x004e4d10->0x005aefe0,ptr_int
0x00513060,0x00513060,stub_code,a0,int,Unknown_a0_38,DIRECT,CALL_PROPAGATED,0x005aefe0->0x00513060,hard
0x005d3a70,0x005d3a70,stub_code,a0,int,Unknown_a0_38,DIRECT,CALL_PROPAGATED,0x005aefe0->0x005d3a70,hard
0x00511940,0x00511940,stub_code,a1,int,Unknown_a0_8_24,DIRECT,CALL_PROPAGATED,0x005b0110->0x00511940,hard
0x00107370,0x00107370,stub_code,a3,int,Unknown_a1_8_a,DIRECT,CALL_PROPAGATED,0x005b05d0->0x00107370,hard
0x003fad18,0x003fad18,stub_code,a2,int,Unknown_a2_0_4_8,DIRECT,CALL_PROPAGATED,0x005b0690->0x003fad18,hard
0x00237c90,0x00237c90,stub_code,a2,int,Unknown_a2_0_4_8,DIRECT,CALL_PROPAGATED,0x005b0690->0x00237c90,hard
0x00237c90,0x00237c90,stub_code,a2,int,ptr,DIRECT,RETURN_PROPAGATED,0x00237c90->0x00237c90,ptr_int
0x0058d690,0x0058d690,,a3,Unknown_a1_0_4_8,int,CALL_PROPAGATED,CALL_PROPAGATED,0x005b0ba0->0x0058d690,hard
0x00428998,0x00428998,,a0,Unknown_a0_0_8_58,Unknown_a0_0_4_8_c_10_14_18_1c_20_24_28_2c_30_34_38_3c,CALL_PROPAGATED,CALL_PROPAGATED,0x005b0df0->0x00428998,hard
0x004f2210,0x004f2210,stub_code,a0,Unknown_a0_c,Unknown_a0_14,DIRECT,CALL_PROPAGATED,0x005b0f50->0x004f2210,hard
0x004f2210,0x004f2210,stub_code,a1,int,Unknown_a0_14,DIRECT,CALL_PROPAGATED,0x005b0f50->0x004f2210,hard
0x004bdea0,0x004bdea0,,a1,int,Unknown_a0_0_8_10_34_44,CALL_PROPAGATED,CALL_PROPAGATED,0x005b1c00->0x004bdea0,hard
0x004bdea0,0x004bdea0,,a2,int,Unknown_a0_0_8_10_34_44,CALL_PROPAGATED,CALL_PROPAGATED,0x005b1c00->0x004bdea0,hard
0x005b0f50,0x005b0f50,stub_code,a2,int,Unknown_a0_0_8_10_34_44,DIRECT,CALL_PROPAGATED,0x005b1c00->0x005b0f50,hard
0x005b2290,0x005b2290,stub_code,a0,Unknown_a0_20,int,DIRECT,CALL_PROPAGATED,0x005b2150->0x005b2290,hard
0x005b2380,0x005b2380,stub_code,a0,ptr,int,STRUCT_FIELD,CALL_PROPAGATED,0x005b2150->0x005b2380,ptr_int
0x005b2380,0x005b2380,stub_code,a1,Unknown_a1_34,int,DIRECT,CALL_PROPAGATED,0x005b2150->0x005b2380,hard
0x005b01f0,0x005b01f0,stub_code,a0,int,ptr,DIRECT,CALL_PROPAGATED,0x005b2380->0x005b01f0,ptr_int
0x005dbaf0,0x005dbaf0,,a1,ptr,int,HEURISTIC,CALL_PROPAGATED,0x005b2420->0x005dbaf0,ptr_int
0x005b54a0,0x005b54a0,,a0,ptr,int,HEURISTIC,CALL_PROPAGATED,0x005b56d0->0x005b54a0,ptr_int
0x005b54a0,0x005b54a0,,a1,ptr,int,HEURISTIC,CALL_PROPAGATED,0x005b56d0->0x005b54a0,ptr_int
0x0051d530,0x0051d530,stub_code,a0,Unknown_a0_8,int,DIRECT,CALL_PROPAGATED,0x005b5970->0x0051d530,hard
0x005cd360,0x005cd360,stub_code,a0,Unknown_a0_44,Unknown_a0_0_5c,DIRECT,CALL_PROPAGATED,0x005b5de0->0x005cd360,hard
0x005cd360,0x005cd360,stub_code,a1,int,Unknown_a1_14,DIRECT,CALL_PROPAGATED,0x005b5de0->0x005cd360,hard
0x005b7030,0x005b7030,stub_code,a0,int,Unknown_a0_0_5c,DIRECT,CALL_PROPAGATED,0x005b5de0->0x005b7030,hard
0x005b7030,0x005b7030,stub_code,a1,Unknown_a1_24,Unknown_a1_14,DIRECT,CALL_PROPAGATED,0x005b5de0->0x005b7030,hard
0x005ce190,0x005ce190,stub_code,a0,Unknown_a0_34,Unknown_a0_0_5c,DIRECT,CALL_PROPAGATED,0x005b5e50->0x005ce190,hard
0x005ce190,0x005ce190,stub_code,a1,int,Unknown_a1_14,DIRECT,CALL_PROPAGATED,0x005b5e50->0x005ce190,hard
0x0058d880,0x0058d880,,a1,Unknown_a2_0_4_8_10_14_18_20_24_28,Unknown_a0_0_8_10_14_18_34_44,CALL_PROPAGATED,CALL_PROPAGATED,0x005b5ee0->0x0058d880,hard
0x0058d880,0x0058d880,,a2,Unknown_a1_0_10_18_34_44,Unknown_a0_0_8_10_14_18_34_44,CALL_PROPAGATED,CALL_PROPAGATED,0x005b5ee0->0x0058d880,hard
0x005ce7d0,0x005ce7d0,stub_code,a2,int,Unknown_a0_0_8_10_14_18_34_44,DIRECT,CALL_PROPAGATED,0x005b5ee0->0x005ce7d0,hard
0x005b7030,0x005b7030,stub_code,a2,int,Unknown_a0_0_8_10_14_18_34_44,DIRECT,CALL_PROPAGATED,0x005b5ee0->0x005b7030,hard
0x005dbbd0,0x005dbbd0,stub_code,a2,int,ptr,DIRECT,CALL_PROPAGATED,0x005b60c0->0x005dbbd0,ptr_int
0x005cbe10,0x005cbe10,stub_code,a1,int,ptr,DIRECT,CALL_PROPAGATED,0x005b66a0->0x005cbe10,ptr_int
0x005cbe10,0x005cbe10,stub_code,a2,int,ptr,DIRECT,CALL_PROPAGATED,0x005b66a0->0x005cbe10,ptr_int
0x004f2210,0x004f2210,stub_code,a0,Unknown_a0_c,Unknown_a1_0_8_a_10_20,DIRECT,CALL_PROPAGATED,0x005b6be0->0x004f2210,hard
0x004f2210,0x004f2210,stub_code,a2,int,Unknown_a1_0_8_a_10_20,DIRECT,CALL_PROPAGATED,0x005b6be0->0x004f2210,hard
0x00107370,0x00107370,stub_code,a0,int,Unknown_a1_0_8_a_10_20,DIRECT,CALL_PROPAGATED,0x005b6be0->0x00107370,hard
0x005af790,0x005af790,,a2,int,ptr,CALL_PROPAGATED,CALL_PROPAGATED,0x005b6be0->0x005af790,ptr_int
0x00107370,0x00107370,stub_code,a3,int,Unknown_a1_0_8_a_10_20,DIRECT,CALL_PROPAGATED,0x005b6be0->0x00107370,hard
0x004f2210,0x004f2210,stub_code,a1,int,Unknown_a0_0_8_c_10_1c_30_34_44,DIRECT,CALL_PROPAGATED,0x005b6e20->0x004f2210,hard
0x00107370,0x00107370,stub_code,a1,Unknown_a1_20,Unknown_a0_0_8_c_10_1c_30_34_44,DIRECT,CALL_PROPAGATED,0x005b6e20->0x00107370,hard
0x00107370,0x00107370,stub_code,a2,int,Unknown_a0_0_8_c_10_1c_30_34_44,DIRECT,CALL_PROPAGATED,0x005b6e20->0x00107370,hard
0x00107370,0x00107370,stub_code,a0,int,Unknown_a0_0_8_c_10_1c_30_34_44,DIRECT,CALL_PROPAGATED,0x005b6e20->0x00107370,hard
0x005d8050,0x005d8050,stub_code,a0,int,Unknown_a0_44,DIRECT,CALL_PROPAGATED,0x005b7840->0x005d8050,hard
0x005d8050,0x005d8050,stub_code,a1,int,ptr,DIRECT,CALL_PROPAGATED,0x005b7840->0x005d8050,ptr_int
0x004f2770,0x004f2770,stub_code,a0,int,ptr,DIRECT,CALL_PROPAGATED,0x005b79e0->0x004f2770,ptr_int
0x005cc200,0x005cc200,stub_code,a2,int,Unknown_a0_0_8_10_14_18_34_44,DIRECT,CALL_PROPAGATED,0x005b7b60->0x005cc200,hard
0x005db8e0,0x005db8e0,stub_code,a2,int,Unknown_a0_0_8_10_14_18_34_44,DIRECT,CALL_PROPAGATED,0x005b7b60->0x005db8e0,hard
0x005b2150,0x005b2150,stub_code,a0,int,Unknown_a0_34,DIRECT,CALL_PROPAGATED,0x005b7c80->0x005b2150,hard
0x005b2e50,0x005b2e50,stub_code,a0,Unknown_a0_0_20_58,Unknown_a0_34,DIRECT,CALL_PROPAGATED,0x005b7ce0->0x005b2e50,hard
0x00107470,0x00107470,stub_code,a0,Unknown_a0_0_8_10_1c_44,Unknown_a0_34,DIRECT,CALL_PROPAGATED,0x005b7ce0->0x00107470,hard
0x005d8260,0x005d8260,stub_code,a0,Unknown_a0_78,Unknown_a0_0_8_c_10_1c_30_34_44,DIRECT,CALL_PROPAGATED,0x005b7d40->0x005d8260,hard
0x005d8260,0x005d8260,stub_code,a1,int,Unknown_a0_0_8_c_10_1c_30_34_44,DIRECT,CALL_PROPAGATED,0x005b7d40->0x005d8260,hard
0x005d8260,0x005d8260,stub_code,a2,int,Unknown_a0_0_8_c_10_1c_30_34_44,DIRECT,CALL_PROPAGATED,0x005b7d40->0x005d8260,hard
0x005d3370,0x005d3370,stub_code,a1,int,ptr,DIRECT,CALL_PROPAGATED,0x005b81c0->0x005d3370,ptr_int
0x005d3370,0x005d3370,stub_code,a2,int,ptr,DIRECT,CALL_PROPAGATED,0x005b81c0->0x005d3370,ptr_int
0x00108b40,0x00108b40,,a1,Unknown_a1_0_10_18_34_44,Unknown_a0_0_8_10_14_18_34_44,CALL_PROPAGATED,CALL_PROPAGATED,0x005b8360->0x00108b40,hard
0x005d8150,0x005d8150,stub_code,a0,ptr,int,STRUCT_FIELD,CALL_PROPAGATED,0x005b8600->0x005d8150,ptr_int
0x005d8260,0x005d8260,stub_code,a0,Unknown_a0_78,int,DIRECT,CALL_PROPAGATED,0x005b8600->0x005d8260,hard
0x005b5ba0,0x005b5ba0,stub_code,a1,int,Unknown_a1_8,DIRECT,CALL_PROPAGATED,0x005b8900->0x005b5ba0,hard
0x005b57f0,0x005b57f0,,a2,ptr,int,HEURISTIC,CALL_PROPAGATED,0x005b8900->0x005b57f0,ptr_int
0x005db8e0,0x005db8e0,stub_code,a0,Unknown_a0_8,int,DIRECT,CALL_PROPAGATED,0x005b8900->0x005db8e0,hard
0x005d8e60,0x005d8e60,stub_code,a1,int,ptr,DIRECT,RETURN_PROPAGATED,0x003f7c10->0x005d8e60,ptr_int
0x00513210,0x00513210,,a1,Unknown_a1_24,Unknown_a0_3c,CALL_PROPAGATED,CALL_PROPAGATED,0x005b9180->0x00513210,hard
0x004c0d40,0x004c0d40,stub_code,a1,int,Unknown_a0_3c,DIRECT,CALL_PROPAGATED,0x005b9180->0x004c0d40,hard
0x005a1890,0x005a1890,stub_code,a1,int,Unknown_a0_3c,DIRECT,CALL_PROPAGATED,0x005b9180->0x005a1890,hard
0x00511940,0x00511940,stub_code,a1,int,Unknown_a0_3c,DIRECT,CALL_PROPAGATED,0x005b9180->0x00511940,hard
0x005b4fb0,0x005b4fb0,stub_code,a1,int,ptr,DIRECT,RETURN_PROPAGATED,0x005a1890->0x005b4fb0,ptr_int
0x005d5800,0x005d5800,,a0,ptr,int,HEURISTIC,CALL_PROPAGATED,0x005b9370->0x005d5800,ptr_int
0x005db9c0,0x005db9c0,,a2,ptr,int,HEURISTIC,CALL_PROPAGATED,0x005b9370->0x005db9c0,ptr_int
0x005b9430,0x005b9430,stub_code,a1,Unknown_a1_0_5c,int,DIRECT,CALL_PROPAGATED,0x005b93e0->0x005b9430,hard
0x005b9920,0x005b9920,stub_code,a1,Unknown_a1_60,int,DIRECT,CALL_PROPAGATED,0x005b93e0->0x005b9920,hard
0x005b9920,0x005b9920,stub_code,a2,Unknown_a2_34,int,DIRECT,CALL_PROPAGATED,0x005b93e0->0x005b9920,hard
0x004c0d40,0x004c0d40,stub_code,a1,int,Unknown_a1_0_5c,DIRECT,CALL_PROPAGATED,0x005b9430->0x004c0d40,hard
0x005a1890,0x005a1890,stub_code,a1,int,Unknown_a1_0_5c,DIRECT,CALL_PROPAGATED,0x005b9430->0x005a1890,hard
0x005dbbd0,0x005dbbd0,stub_code,a2,int,Unknown_a2_34,DIRECT,CALL_PROPAGATED,0x005b9920->0x005dbbd0,hard
0x005b03b0,0x005b03b0,stub_code,a0,Unknown_a0_0_8_10_1c_44,int,DIRECT,CALL_PROPAGATED,0x005b9920->0x005b03b0,hard
0x005b03b0,0x005b03b0,stub_code,a2,int,Unknown_a2_34,DIRECT,CALL_PROPAGATED,0x005b9920->0x005b03b0,hard
0x005b0450,0x005b0450,stub_code,a0,Unknown_a0_0_8_10_1c_44,int,DIRECT,CALL_PROPAGATED,0x005b9920->0x005b0450,hard
0x005b0450,0x005b0450,stub_code,a2,int,Unknown_a1_60,DIRECT,CALL_PROPAGATED,0x005b9920->0x005b0450,hard
0x005b93e0,0x005b93e0,stub_code,a0,int,ptr,DIRECT,CALL_PROPAGATED,0x005b99b0->0x005b93e0,ptr_int
0x00513f30,FUN_00513f30,pseudo_stub,a0,Unknown_a0_0_8_c_10,Unknown_a0_1f4,DIRECT,CALL_PROPAGATED,0x005ba490->0x00513f30,hard
0x004c0d40,0x004c0d40,stub_code,a0,int,Unknown_a0_34_1f0,DIRECT,CALL_PROPAGATED,0x005ba4e0->0x004c0d40,hard
0x005a1890,0x005a1890,stub_code,a0,int,Unknown_a0_34_1f0,DIRECT,CALL_PROPAGATED,0x005ba4e0->0x005a1890,hard
0x001072a0,0x001072a0,stub_code,a1,Unknown_a1_8_a,int,DIRECT,CALL_PROPAGATED,0x005ba4e0->0x001072a0,hard
0x00107470,0x00107470,stub_code,a1,Unknown_a1_8_a,int,DIRECT,CALL_PROPAGATED,0x005ba4e0->0x00107470,hard
0x004c6580,0x004c6580,stub_code,a0,int,Unknown_a0_34_1f0,DIRECT,CALL_PROPAGATED,0x005ba600->0x004c6580,hard
0x005ba850,0x005ba850,stub_code,a0,ptr,int,STRUCT_FIELD,CALL_PROPAGATED,0x005baad0->0x005ba850,ptr_int
0x005c0e50,0x005c0e50,stub_code,a0,Unknown_a0_8_1c,int,DIRECT,CALL_PROPAGATED,0x005bab30->0x005c0e50,hard
0x00512ee0,0x00512ee0,stub_code,a2,Unknown_a1_0_8_10,int,CALL_PROPAGATED,CALL_PROPAGATED,0x005bab60->0x00512ee0,hard
0x00512ee0,0x00512ee0,stub_code,a0,Unknown_a0_0_4c,Unknown_a0_8_20,DIRECT,CALL_PROPAGATED,0x005bb270->0x00512ee0,hard
0x005a0ce0,0x005a0ce0,stub_code,a0,int,Unknown_a0_8_20,DIRECT,CALL_PROPAGATED,0x005bb270->0x005a0ce0,hard
0x005a1030,0x005a1030,stub_code,a0,int,ptr,DIRECT,CALL_PROPAGATED,0x005bb640->0x005a1030,ptr_int
0x005bc9d0,0x005bc9d0,stub_code,a0,Unknown_a0_2c,Unknown_a0_8_1c,DIRECT,CALL_PROPAGATED,0x005bcb20->0x005bc9d0,hard
0x005d8260,0x005d8260,stub_code,a1,int,ptr,DIRECT,CALL_PROPAGATED,0x005bded0->0x005d8260,ptr_int
0x005d8260,0x005d8260,stub_code,a2,int,ptr,DIRECT,CALL_PROPAGATED,0x005bded0->0x005d8260,ptr_int
0x00513210,0x00513210,,a0,Unknown_a0_30_34_38,Unknown_a0_0_c4,CALL_PROPAGATED,CALL_PROPAGATED,0x005be380->0x00513210,hard
0x004c7df0,0x004c7df0,stub_code,a0,int,Unknown_a0_0_c4,DIRECT,CALL_PROPAGATED,0x005be380->0x004c7df0,hard
0x005bfeb0,0x005bfeb0,stub_code,a0,int,ptr,DIRECT,CALL_PROPAGATED,0x005c02c0->0x005bfeb0,ptr_int
0x005c0ba0,0x005c0ba0,,a0,ptr,int,HEURISTIC,CALL_PROPAGATED,0x005c0b70->0x005c0ba0,ptr_int
0x005c0ba0,0x005c0ba0,,a1,ptr,int,HEURISTIC,CALL_PROPAGATED,0x005c0b70->0x005c0ba0,ptr_int
0x005cfc40,0x005cfc40,,a1,Unknown_a0_28,int,CALL_PROPAGATED,CALL_PROPAGATED,0x005c0e50->0x005cfc40,hard
0x00511940,0x00511940,stub_code,a1,int,Unknown_a1_8_1c,DIRECT,CALL_PROPAGATED,0x005c0ee0->0x00511940,hard
0x004f28b0,0x004f28b0,stub_code,a1,int,Unknown_a1_8_1c,DIRECT,CALL_PROPAGATED,0x005c0ee0->0x004f28b0,hard
0x005c0ee0,0x005c0ee0,stub_code,a0,int,Unknown_a0_0_8_10_1c,DIRECT,CALL_PROPAGATED,0x005c1080->0x005c0ee0,hard
0x005c1140,0x005c1140,stub_code,a0,Unknown_a0_0_6c,int,DIRECT,CALL_PROPAGATED,0x005c1140->0x005c1140,hard
0x004f2690,0x004f2690,stub_code,a1,int,ptr,DIRECT,RETURN_PROPAGATED,0x005c13a0->0x004f2690,ptr_int
0x00515540,0x00515540,stub_code,a0,Unknown_a0_8,int,DIRECT,CALL_PROPAGATED,0x005c29d0->0x00515540,hard
0x005182a0,0x005182a0,stub_code,a0,int,Unknown_a1_1c,DIRECT,CALL_PROPAGATED,0x005c5d30->0x005182a0,hard
0x005182a0,0x005182a0,stub_code,a1,int,Unknown_a1_1c,DIRECT,CALL_PROPAGATED,0x005c5d30->0x005182a0,hard
0x00518850,0x00518850,stub_code,a1,int,Unknown_a1_1c,DIRECT,CALL_PROPAGATED,0x005c5d30->0x00518850,hard
0x0031c380,0x0031c380,,a1,Unknown_a1_0_8_c_10,int,CALL_PROPAGATED,CALL_PROPAGATED,0x005c6450->0x0031c380,hard
0x005c69e0,0x005c69e0,stub_code,a1,ptr,int,STRUCT_FIELD,CALL_PROPAGATED,0x005c81f0->0x005c69e0,ptr_int
0x005d4210,0x005d4210,stub_code,a1,ptr,int,STRUCT_FIELD,CALL_PROPAGATED,0x005c81f0->0x005d4210,ptr_int
0x005c1c80,0x005c1c80,stub_code,a0,int,Unknown_a0_14,DIRECT,CALL_PROPAGATED,0x005c8500->0x005c1c80,hard
0x005c1e20,0x005c1e20,stub_code,a0,int,Unknown_a0_14,DIRECT,CALL_PROPAGATED,0x005c8500->0x005c1e20,hard
0x00519570,0x00519570,,a1,ptr,int,RETURN_PROPAGATED,CALL_PROPAGATED,0x005c8500->0x00519570,ptr_int
0x00512f80,0x00512f80,stub_code,a2,int,ptr,DIRECT,RETURN_PROPAGATED,0x004dfea0->0x00512f80,ptr_int
0x0051d330,0x0051d330,stub_code,a2,int,ptr,DIRECT,RETURN_PROPAGATED,0x004dfea0->0x0051d330,ptr_int
0x00508930,0x00508930,,a1,int,Unknown_a1_0_8,CALL_PROPAGATED,CALL_PROPAGATED,0x005c9e70->0x00508930,hard
0x00513f30,FUN_00513f30,pseudo_stub,a1,Unknown_a1_4,Unknown_a1_8_1c,DIRECT,CALL_PROPAGATED,0x005cb750->0x00513f30,hard
0x005dbbd0,0x005dbbd0,stub_code,a0,int,Unknown_a0_8,DIRECT,CALL_PROPAGATED,0x005cb860->0x005dbbd0,hard
0x005ca8a0,0x005ca8a0,,a1,Unknown_a1_8_1c,int,CALL_PROPAGATED,CALL_PROPAGATED,0x005cb860->0x005ca8a0,hard
0x00512ee0,0x00512ee0,stub_code,a0,Unknown_a0_0_4c,Unknown_a0_8,DIRECT,CALL_PROPAGATED,0x005cba30->0x00512ee0,hard
0x0058a7a0,0x0058a7a0,,a0,Unknown_a1_0_10_18_34_44,Unknown_a0_0_90,CALL_PROPAGATED,CALL_PROPAGATED,0x005cbe10->0x0058a7a0,hard
0x00511940,0x00511940,stub_code,a0,Unknown_a0_0_4c,Unknown_a0_4_24,DIRECT,CALL_PROPAGATED,0x005cc4c0->0x00511940,hard
0x005c1310,0x005c1310,stub_code,a0,Unknown_a0_8_1c,int,DIRECT,CALL_PROPAGATED,0x005cc570->0x005c1310,hard
0x00513210,0x00513210,,a0,Unknown_a0_30_34_38,Unknown_a0_28_2c_30,CALL_PROPAGATED,CALL_PROPAGATED,0x005cc5b0->0x00513210,hard
0x00545e60,0x00545e60,stub_code,a0,int,Unknown_a0_28_2c_30,DIRECT,CALL_PROPAGATED,0x005cc5b0->0x00545e60,hard
0x004e5860,0x004e5860,stub_code,a0,int,Unknown_a0_30,DIRECT,CALL_PROPAGATED,0x005cc6e0->0x004e5860,hard
0x005c08d0,0x005c08d0,stub_code,a0,Unknown_a0_8_20,int,DIRECT,CALL_PROPAGATED,0x005cdf80->0x005c08d0,hard
0x004c7df0,0x004c7df0,stub_code,a1,int,ptr,DIRECT,CALL_PROPAGATED,0x005ced50->0x004c7df0,ptr_int
0x005d3ac0,0x005d3ac0,,a0,ptr,int,HEURISTIC,CALL_PROPAGATED,0x005ced50->0x005d3ac0,ptr_int
0x004c6b40,0x004c6b40,stub_code,a3,int,ptr,DIRECT,RETURN_PROPAGATED,0x004c0000->0x004c6b40,ptr_int
0x004bd3c0,0x004bd3c0,stub_code,a3,int,ptr,DIRECT,RETURN_PROPAGATED,0x004c0000->0x004bd3c0,ptr_int
0x004f28b0,0x004f28b0,stub_code,a0,Unknown_a0_8,Unknown_a0_0_8_10,DIRECT,CALL_PROPAGATED,0x005cfb00->0x004f28b0,hard
0x004f28b0,0x004f28b0,stub_code,a3,int,Unknown_a0_0_8_10,DIRECT,CALL_PROPAGATED,0x005cfb00->0x004f28b0,hard
0x0050fbd0,0x0050fbd0,stub_code,a0,Unknown_a0_2c,int,DIRECT,CALL_PROPAGATED,0x005cff70->0x0050fbd0,hard
0x004c2bc0,0x004c2bc0,stub_code,a1,int,ptr,DIRECT,RETURN_PROPAGATED,0x004c6180->0x004c2bc0,ptr_int
0x004bed80,0x004bed80,stub_code,a1,int,ptr,DIRECT,RETURN_PROPAGATED,0x004c6180->0x004bed80,ptr_int
0x00513f30,FUN_00513f30,pseudo_stub,a0,Unknown_a0_0_8_c_10,Unknown_a0_54,DIRECT,CALL_PROPAGATED,0x005d0390->0x00513f30,hard
0x00108b40,0x00108b40,,a2,int,ptr,CALL_PROPAGATED,CALL_PROPAGATED,0x005d0670->0x00108b40,ptr_int
0x005b05d0,0x005b05d0,stub_code,a2,int,ptr,DIRECT,CALL_PROPAGATED,0x005d0670->0x005b05d0,ptr_int
0x005d8150,0x005d8150,stub_code,a1,int,Unknown_a1_34_44,DIRECT,CALL_PROPAGATED,0x005d18b0->0x005d8150,hard
0x005d18b0,0x005d18b0,stub_code,a0,int,Unknown_a1_34_44,DIRECT,CALL_PROPAGATED,0x005d1a70->0x005d18b0,hard
0x005d1c90,0x005d1c90,stub_code,a0,Unknown_a0_8_1c,Unknown_a1_34_44,DIRECT,CALL_PROPAGATED,0x005d1a70->0x005d1c90,hard
0x005d1c30,0x005d1c30,stub_code,a0,Unknown_a0_ec,Unknown_a1_34_44,DIRECT,CALL_PROPAGATED,0x005d1a70->0x005d1c30,hard
0x005d8260,0x005d8260,stub_code,a0,Unknown_a0_78,Unknown_a1_34_44,DIRECT,CALL_PROPAGATED,0x005d1a70->0x005d8260,hard
0x005db8e0,0x005db8e0,stub_code,a0,Unknown_a0_8,Unknown_a0_8_1c,DIRECT,CALL_PROPAGATED,0x005d1c90->0x005db8e0,hard
0x00108b40,0x00108b40,,a0,Unknown_a0_e,int,CALL_PROPAGATED,CALL_PROPAGATED,0x005d1da0->0x00108b40,hard
0x005d09d0,0x005d09d0,stub_code,a0,int,Unknown_a0_68,DIRECT,CALL_PROPAGATED,0x005d1f90->0x005d09d0,hard
0x005d13b0,0x005d13b0,stub_code,a0,int,Unknown_a0_68,DIRECT,CALL_PROPAGATED,0x005d1f90->0x005d13b0,hard
0x005d1a70,0x005d1a70,stub_code,a0,int,Unknown_a0_68,DIRECT,CALL_PROPAGATED,0x005d1f90->0x005d1a70,hard
0x00503830,0x00503830,stub_code,a0,Unknown_a0_0_4c,int,DIRECT,CALL_PROPAGATED,0x005d2040->0x00503830,hard
0x005d2280,0x005d2280,stub_code,a0,int,Unknown_a0_20,DIRECT,CALL_PROPAGATED,0x005d3370->0x005d2280,hard
0x005d2920,0x005d2920,stub_code,a0,Unknown_a0_88,Unknown_a0_20,DIRECT,CALL_PROPAGATED,0x005d3370->0x005d2920,hard
0x005d3110,0x005d3110,stub_code,a0,int,Unknown_a0_20,DIRECT,CALL_PROPAGATED,0x005d3370->0x005d3110,hard
0x00513fe0,0x00513fe0,,a0,Unknown_a0_20_2c,Unknown_a0_8,CALL_PROPAGATED,CALL_PROPAGATED,0x005d3bf0->0x00513fe0,hard
0x00513f30,FUN_00513f30,pseudo_stub,a0,Unknown_a0_0_8_c_10,Unknown_a0_8,DIRECT,CALL_PROPAGATED,0x005d3d00->0x00513f30,hard
0x005144a0,0x005144a0,stub_code,a0,int,Unknown_a0_c,DIRECT,CALL_PROPAGATED,0x005d42c0->0x005144a0,hard
0x005144a0,0x005144a0,stub_code,a0,int,Unknown_a0_14,DIRECT,CALL_PROPAGATED,0x005d4700->0x005144a0,hard
0x005e7ab0,0x005e7ab0,stub_code,a0,Unknown_a0_8,Unknown_a0_30,DIRECT,CALL_PROPAGATED,0x005d4bd0->0x005e7ab0,hard
0x00513f30,FUN_00513f30,pseudo_stub,a0,Unknown_a0_0_8_c_10,Unknown_a1_20,DIRECT,CALL_PROPAGATED,0x005d4ee0->0x00513f30,hard
0x00513f30,FUN_00513f30,pseudo_stub,a1,Unknown_a1_4,Unknown_a1_20,DIRECT,CALL_PROPAGATED,0x005d4ee0->0x00513f30,hard
0x00512ac0,0x00512ac0,stub_code,a1,Unknown_a1_0_4c,int,DIRECT,CALL_PROPAGATED,0x005d4fc0->0x00512ac0,hard
0x001071e0,FUN_001071e0,real_c,a0,Unknown_a0_0_4_8_c_10_14_18_1c_20_24_28_2c_30_34_38_3c,Unknown_a0_0_54,DIRECT,CALL_PROPAGATED,0x005d5070->0x001071e0,hard
0x005db8e0,0x005db8e0,stub_code,a0,Unknown_a0_8,Unknown_a0_c,DIRECT,CALL_PROPAGATED,0x005d5590->0x005db8e0,hard
0x005d72f0,0x005d72f0,stub_code,a0,int,ptr,DIRECT,CALL_PROPAGATED,0x005d5710->0x005d72f0,ptr_int
0x005d5e70,0x005d5e70,stub_code,a0,int,ptr,DIRECT,CALL_PROPAGATED,0x005d6330->0x005d5e70,ptr_int
0x005d5e70,0x005d5e70,stub_code,a1,int,ptr,DIRECT,CALL_PROPAGATED,0x005d6330->0x005d5e70,ptr_int
0x005d5e70,0x005d5e70,stub_code,a2,int,ptr,DIRECT,CALL_PROPAGATED,0x005d6330->0x005d5e70,ptr_int
0x005d70d0,0x005d70d0,stub_code,a0,ptr,int,STRUCT_FIELD,CALL_PROPAGATED,0x005d6500->0x005d70d0,ptr_int
0x005d5800,0x005d5800,,a0,int,Unknown_a0_80,CALL_PROPAGATED,CALL_PROPAGATED,0x005d6650->0x005d5800,hard
0x00513fe0,0x00513fe0,,a0,Unknown_a0_20_2c,Unknown_a0_8_18,CALL_PROPAGATED,CALL_PROPAGATED,0x005d8770->0x00513fe0,hard
0x00513210,0x00513210,,a0,Unknown_a0_30_34_38,Unknown_a0_8_18,CALL_PROPAGATED,CALL_PROPAGATED,0x005d8770->0x00513210,hard
0x00511bb0,0x00511bb0,stub_code,a0,Unknown_a0_0_4c,Unknown_a0_8,DIRECT,CALL_PROPAGATED,0x005d88b0->0x00511bb0,hard
0x00511bb0,0x00511bb0,stub_code,a3,int,Unknown_a0_8,DIRECT,CALL_PROPAGATED,0x005d88b0->0x00511bb0,hard
0x0043b498,0x0043b498,stub_code,a0,int,ptr,DIRECT,CALL_PROPAGATED,0x005d8b50->0x0043b498,ptr_int
0x0058b090,0x0058b090,,a0,Unknown_a0_f38,int,CALL_PROPAGATED,CALL_PROPAGATED,0x005d8d40->0x0058b090,hard
0x00237c90,0x00237c90,stub_code,a0,int,Unknown_a0_28,DIRECT,CALL_PROPAGATED,0x005d8e60->0x00237c90,hard
0x003fb1a8,0x003fb1a8,stub_code,a0,int,Unknown_a0_28,DIRECT,CALL_PROPAGATED,0x005d8e60->0x003fb1a8,hard
0x003fb498,0x003fb498,stub_code,a0,int,Unknown_a0_28,DIRECT,CALL_PROPAGATED,0x005d8e60->0x003fb498,hard
0x0043a4e8,0x0043a4e8,stub_code,a0,int,Unknown_a0_28,DIRECT,CALL_PROPAGATED,0x005d8e60->0x0043a4e8,hard
0x003fb800,0x003fb800,stub_code,a0,int,Unknown_a0_28,DIRECT,CALL_PROPAGATED,0x005d8e60->0x003fb800,hard
0x00237c90,0x00237c90,stub_code,a0,int,Unknown_a0_8,DIRECT,CALL_PROPAGATED,0x005d9050->0x00237c90,hard
0x0058d220,0x0058d220,,a0,int,Unknown_a0_c_10,HEURISTIC,CALL_PROPAGATED,0x005d94d0->0x0058d220,hard
0x0058c700,0x0058c700,,a2,ptr,int,HEURISTIC,CALL_PROPAGATED,0x005d99b0->0x0058c700,ptr_int
0x0058d3a0,0x0058d3a0,stub_code,a0,int,ptr,DIRECT,RETURN_PROPAGATED,0x0058cee0->0x0058d3a0,ptr_int
0x004f2290,0x004f2290,stub_code,a0,int,Unknown_a0_0_10_38,DIRECT,CALL_PROPAGATED,0x005d9c10->0x004f2290,hard
0x00513210,0x00513210,,a0,Unknown_a0_30_34_38,Unknown_a0_48,CALL_PROPAGATED,CALL_PROPAGATED,0x005d9fd0->0x00513210,hard
0x00513210,0x00513210,,a3,Unknown_a0_8_20,Unknown_a0_48,CALL_PROPAGATED,CALL_PROPAGATED,0x005d9fd0->0x00513210,hard
0x00584360,0x00584360,stub_code,a0,int,Unknown_a0_48,DIRECT,CALL_PROPAGATED,0x005d9fd0->0x00584360,hard
0x00584360,0x00584360,stub_code,a3,int,Unknown_a0_48,DIRECT,CALL_PROPAGATED,0x005d9fd0->0x00584360,hard
0x00511940,0x00511940,stub_code,a3,int,Unknown_a0_48,DIRECT,CALL_PROPAGATED,0x005d9fd0->0x00511940,hard
0x004f2210,0x004f2210,stub_code,a3,int,Unknown_a0_48,DIRECT,CALL_PROPAGATED,0x005d9fd0->0x004f2210,hard
0x00584360,0x00584360,stub_code,a1,int,ptr,DIRECT,RETURN_PROPAGATED,0x00584360->0x00584360,ptr_int
0x0043bf68,0x0043bf68,stub_code,a0,int,Unknown_a0_0_10_38,DIRECT,CALL_PROPAGATED,0x005daab0->0x0043bf68,hard
0x0043bf68,0x0043bf68,stub_code,a2,int,Unknown_a2_0,DIRECT,CALL_PROPAGATED,0x005daab0->0x0043bf68,hard
0x0043bf68,0x0043bf68,stub_code,a3,int,Unknown_a3_0,DIRECT,CALL_PROPAGATED,0x005daab0->0x0043bf68,hard
0x005db8e0,0x005db8e0,stub_code,a0,Unknown_a0_8,Unknown_a0_0_50,DIRECT,CALL_PROPAGATED,0x005db9d0->0x005db8e0,hard
0x00512ee0,0x00512ee0,stub_code,a0,Unknown_a0_0_4c,Unknown_a1_8_20,DIRECT,CALL_PROPAGATED,0x005dc2d0->0x00512ee0,hard
0x00545430,0x00545430,,a1,int,ptr,CALL_PROPAGATED,CALL_PROPAGATED,0x005dc390->0x00545430,ptr_int
0x004ca2c0,0x004ca2c0,stub_code,a1,int,ptr,DIRECT,CALL_PROPAGATED,0x005dc390->0x004ca2c0,ptr_int
0x004ca2c0,0x004ca2c0,stub_code,a3,int,ptr,DIRECT,CALL_PROPAGATED,0x005dc390->0x004ca2c0,ptr_int
0x00513210,0x00513210,,a1,Unknown_a1_24,Unknown_a1_0_4c,CALL_PROPAGATED,CALL_PROPAGATED,0x005dc540->0x00513210,hard
0x004c7df0,0x004c7df0,stub_code,a1,int,Unknown_a1_0_4c,DIRECT,CALL_PROPAGATED,0x005dc540->0x004c7df0,hard
0x004c7170,0x004c7170,stub_code,a1,int,Unknown_a1_0_4c,DIRECT,CALL_PROPAGATED,0x005dc540->0x004c7170,hard
0x00513fe0,0x00513fe0,,a1,Unknown_a1_0_10,Unknown_a1_0_4c,CALL_PROPAGATED,CALL_PROPAGATED,0x005dc540->0x00513fe0,hard
0x00513210,0x00513210,,a1,Unknown_a1_0_4c,int,CALL_PROPAGATED,CALL_PROPAGATED,0x005dce20->0x00513210,hard
0x004e67a0,0x004e67a0,stub_code,a1,int,ptr,DIRECT,CALL_PROPAGATED,0x005ddc90->0x004e67a0,ptr_int
0x004f2210,0x004f2210,stub_code,a1,int,Unknown_a1_8_c,DIRECT,CALL_PROPAGATED,0x005de980->0x004f2210,hard
0x005de720,0x005de720,stub_code,a1,int,Unknown_a1_8_c,DIRECT,CALL_PROPAGATED,0x005de980->0x005de720,hard
0x004f28b0,0x004f28b0,stub_code,a0,Unknown_a0_8,int,DIRECT,CALL_PROPAGATED,0x005de980->0x004f28b0,hard
0x004f28b0,0x004f28b0,stub_code,a1,int,Unknown_a1_8_c,DIRECT,CALL_PROPAGATED,0x005de980->0x004f28b0,hard
0x004ca2c0,0x004ca2c0,stub_code,a0,int,ptr,DIRECT,CALL_PROPAGATED,0x005dea40->0x004ca2c0,ptr_int
0x00513210,0x00513210,,a1,Unknown_a1_0_4c,Unknown_a1_c,CALL_PROPAGATED,CALL_PROPAGATED,0x005dec20->0x00513210,hard
0x004e6fc0,0x004e6fc0,stub_code,a1,int,Unknown_a1_c,DIRECT,CALL_PROPAGATED,0x005dec20->0x004e6fc0,hard
0x004f2210,0x004f2210,stub_code,a1,int,Unknown_a1_c,DIRECT,CALL_PROPAGATED,0x005dec20->0x004f2210,hard
0x00513210,0x00513210,,a2,Unknown_a0_8_20,Unknown_a1_c,CALL_PROPAGATED,CALL_PROPAGATED,0x005dec20->0x00513210,hard
0x004e6fc0,0x004e6fc0,stub_code,a2,int,Unknown_a1_c,DIRECT,CALL_PROPAGATED,0x005dec20->0x004e6fc0,hard
0x004f2100,0x004f2100,stub_code,a1,int,Unknown_a1_c,DIRECT,CALL_PROPAGATED,0x005dec20->0x004f2100,hard
0x004f2100,0x004f2100,stub_code,a2,int,Unknown_a1_c,DIRECT,CALL_PROPAGATED,0x005dec20->0x004f2100,hard
0x005de980,0x005de980,stub_code,a2,int,Unknown_a1_c,DIRECT,CALL_PROPAGATED,0x005dec20->0x005de980,hard
0x00511940,0x00511940,stub_code,a2,int,Unknown_a1_c,DIRECT,CALL_PROPAGATED,0x005dec20->0x00511940,hard
0x00545430,0x00545430,,a2,Unknown_a0_8_20,Unknown_a1_c,CALL_PROPAGATED,CALL_PROPAGATED,0x005dec20->0x00545430,hard
0x00513210,0x00513210,,a1,Unknown_a1_0_4c,Unknown_a1_10,CALL_PROPAGATED,CALL_PROPAGATED,0x005e0300->0x00513210,hard
0x004c31b0,0x004c31b0,stub_code,a1,int,Unknown_a1_10,DIRECT,CALL_PROPAGATED,0x005e0300->0x004c31b0,hard
0x0058d690,0x0058d690,,a3,Unknown_a1_0_4_8,Unknown_a3_0,CALL_PROPAGATED,CALL_PROPAGATED,0x005e0800->0x0058d690,hard
0x0043b068,0x0043b068,,a3,int,Unknown_a3_0,CALL_PROPAGATED,CALL_PROPAGATED,0x005e0800->0x0043b068,hard
0x003fad18,0x003fad18,stub_code,a3,int,Unknown_a3_0,DIRECT,CALL_PROPAGATED,0x005e0800->0x003fad18,hard
0x00237ce0,0x00237ce0,stub_code,a3,int,Unknown_a3_0,DIRECT,CALL_PROPAGATED,0x005e0800->0x00237ce0,hard
0x0055a8a0,0x0055a8a0,,a1,Unknown_a1_0_10_18_34_44,Unknown_a1_0_4_c_10,CALL_PROPAGATED,CALL_PROPAGATED,0x005e0d60->0x0055a8a0,hard
0x00511940,0x00511940,stub_code,a1,int,Unknown_a1_0_4_c_10,DIRECT,CALL_PROPAGATED,0x005e0d60->0x00511940,hard
0x005e0ae0,0x005e0ae0,stub_code,a1,int,Unknown_a1_0_4_c_10,DIRECT,CALL_PROPAGATED,0x005e0d60->0x005e0ae0,hard
0x005e0ae0,0x005e0ae0,stub_code,a2,int,Unknown_a1_0_4_c_10,DIRECT,CALL_PROPAGATED,0x005e0d60->0x005e0ae0,hard
0x00511940,0x00511940,stub_code,a2,int,Unknown_a1_0_4_c_10,DIRECT,CALL_PROPAGATED,0x005e0d60->0x00511940,hard
0x003fad18,0x003fad18,stub_code,a1,int,Unknown_a1_0_4_c_10,DIRECT,CALL_PROPAGATED,0x005e0d60->0x003fad18,hard
0x003fad18,0x003fad18,stub_code,a2,int,Unknown_a1_0_4_c_10,DIRECT,CALL_PROPAGATED,0x005e0d60->0x003fad18,hard
0x00237ce0,0x00237ce0,stub_code,a2,int,Unknown_a1_0_4_c_10,DIRECT,CALL_PROPAGATED,0x005e0d60->0x00237ce0,hard
0x00513210,0x00513210,,a0,Unknown_a0_30_34_38,Unknown_a0_0_70,CALL_PROPAGATED,CALL_PROPAGATED,0x005e1aa0->0x00513210,hard
0x00513210,0x00513210,,a1,Unknown_a1_0_4c,Unknown_a1_14,CALL_PROPAGATED,CALL_PROPAGATED,0x005e1aa0->0x00513210,hard
0x00513210,0x00513210,,a2,Unknown_a0_8_20,Unknown_a1_14,CALL_PROPAGATED,CALL_PROPAGATED,0x005e1aa0->0x00513210,hard
0x00545430,0x00545430,,a0,Unknown_a0_30_34_38,Unknown_a0_0_70,CALL_PROPAGATED,CALL_PROPAGATED,0x005e1aa0->0x00545430,hard
0x00545430,0x00545430,,a2,Unknown_a0_8_20,Unknown_a1_14,CALL_PROPAGATED,CALL_PROPAGATED,0x005e1aa0->0x00545430,hard
0x004c1020,0x004c1020,,a1,ptr,int,RETURN_PROPAGATED,CALL_PROPAGATED,0x005e2170->0x004c1020,ptr_int
0x004ce1e0,0x004ce1e0,,a1,int,ptr,CALL_PROPAGATED,RETURN_PROPAGATED,0x004cdcd0->0x004ce1e0,ptr_int
0x004be830,0x004be830,stub_code,a1,int,ptr,DIRECT,RETURN_PROPAGATED,0x004cdcd0->0x004be830,ptr_int
0x005bdb70,0x005bdb70,stub_code,a0,ptr,int,STRUCT_FIELD,CALL_PROPAGATED,0x005e2c90->0x005bdb70,ptr_int
0x004bdac0,0x004bdac0,stub_code,a0,int,ptr,DIRECT,CALL_PROPAGATED,0x005e3b50->0x004bdac0,ptr_int
0x0050fe00,0x0050fe00,,a1,int,Unknown_a1_0_4,HEURISTIC,CALL_PROPAGATED,0x005e7540->0x0050fe00,hard
0x00504220,0x00504220,,a1,Unknown_a1_0_50,Unknown_a1_0_4,CALL_PROPAGATED,CALL_PROPAGATED,0x005e7540->0x00504220,hard
0x00504040,0x00504040,stub_code,a1,int,Unknown_a1_0_4,DIRECT,CALL_PROPAGATED,0x005e7540->0x00504040,hard
0x00504170,0x00504170,stub_code,a1,int,Unknown_a1_0_4,DIRECT,CALL_PROPAGATED,0x005e7540->0x00504170,hard
0x00510310,0x00510310,,a0,Unknown_a0_2c,Unknown_a0_10,CALL_PROPAGATED,CALL_PROPAGATED,0x005e7950->0x00510310,hard
0x00513f30,FUN_00513f30,pseudo_stub,a0,Unknown_a0_0_8_c_10,Unknown_a0_14,DIRECT,CALL_PROPAGATED,0x005e7a90->0x00513f30,hard
0x005e7a80,0x005e7a80,,a0,ptr,int,HEURISTIC,CALL_PROPAGATED,0x005e7bb0->0x005e7a80,ptr_int
0x005e7a80,0x005e7a80,,a1,ptr,int,HEURISTIC,CALL_PROPAGATED,0x005e7bb0->0x005e7a80,ptr_int
0x005e7b30,0x005e7b30,stub_code,a1,Unknown_a1_8,int,DIRECT,CALL_PROPAGATED,0x005e7bb0->0x005e7b30,hard
0x004f2210,0x004f2210,stub_code,a1,int,Unknown_a0_8,DIRECT,CALL_PROPAGATED,0x005e7bf0->0x004f2210,hard
0x001071e0,FUN_001071e0,real_c,a0,Unknown_a0_0_4_8_c_10_14_18_1c_20_24_28_2c_30_34_38_3c,Unknown_a0_8,DIRECT,CALL_PROPAGATED,0x005e7bf0->0x001071e0,hard
0x001071e0,FUN_001071e0,real_c,a1,Unknown_a1_0_4_8_c_10_14_18_1c_20_24_28_2c_30_34_38_3c,Unknown_a0_8,DIRECT,CALL_PROPAGATED,0x005e7bf0->0x001071e0,hard
0x001071e0,FUN_001071e0,real_c,a2,int,Unknown_a0_8,DIRECT,CALL_PROPAGATED,0x005e7bf0->0x001071e0,hard
0x004f2210,0x004f2210,stub_code,a2,int,Unknown_a0_8,DIRECT,CALL_PROPAGATED,0x005e7bf0->0x004f2210,hard
0x0058a910,0x0058a910,,a2,int,Unknown_a0_8,CALL_PROPAGATED,CALL_PROPAGATED,0x005e7bf0->0x0058a910,hard
0x004df460,0x004df460,,a0,ptr,int,HEURISTIC,CALL_PROPAGATED,0x005eb6c0->0x004df460,ptr_int
0x004df460,0x004df460,,a1,ptr,int,HEURISTIC,CALL_PROPAGATED,0x005eb6c0->0x004df460,ptr_int
0x005ed3f0,0x005ed3f0,,a0,ptr,int,HEURISTIC,CALL_PROPAGATED,0x005eba40->0x005ed3f0,ptr_int
0x005ed3f0,0x005ed3f0,,a1,ptr,int,HEURISTIC,CALL_PROPAGATED,0x005eba40->0x005ed3f0,ptr_int
0x005ed3f0,0x005ed3f0,,a2,ptr,int,HEURISTIC,CALL_PROPAGATED,0x005eba40->0x005ed3f0,ptr_int
0x005ed3f0,0x005ed3f0,,a3,ptr,int,HEURISTIC,CALL_PROPAGATED,0x005eba40->0x005ed3f0,ptr_int
0x005ec0a0,FUN_005ec0a0,real_c,a0,Unknown_a0_0_8_10,int,DIRECT,CALL_PROPAGATED,0x005ebfe0->0x005ec0a0,hard
0x004f2b10,0x004f2b10,stub_code,a1,Unknown_a1_4,int,DIRECT,CALL_PROPAGATED,0x005ebfe0->0x004f2b10,hard
0x004f3250,0x004f3250,,a0,ptr,int,HEURISTIC,CALL_PROPAGATED,0x005ec040->0x004f3250,ptr_int
0x004f3250,0x004f3250,,a2,ptr,int,HEURISTIC,CALL_PROPAGATED,0x005ec040->0x004f3250,ptr_int
0x00513f30,FUN_00513f30,pseudo_stub,a0,Unknown_a0_0_8_c_10,Unknown_a0_68,DIRECT,CALL_PROPAGATED,0x005ec330->0x00513f30,hard
0x005ec380,0x005ec380,stub_code,a0,int,ptr,DIRECT,CALL_PROPAGATED,0x005ec3e0->0x005ec380,ptr_int
0x005fd710,0x005fd710,stub_code,a0,ptr,int,STRUCT_FIELD,CALL_PROPAGATED,0x005ec440->0x005fd710,ptr_int
0x005eba40,0x005eba40,stub_code,a0,int,Unknown_a0_14,DIRECT,CALL_PROPAGATED,0x005eca00->0x005eba40,hard
0x00514420,0x00514420,stub_code,a0,Unknown_a0_0_8_10,Unknown_a2_c,DIRECT,CALL_PROPAGATED,0x005ecfe0->0x00514420,hard
0x00514420,0x00514420,stub_code,a2,int,Unknown_a2_c,DIRECT,CALL_PROPAGATED,0x005ecfe0->0x00514420,hard
0x005141e0,0x005141e0,stub_code,a1,Unknown_a1_8,Unknown_a2_c,DIRECT,CALL_PROPAGATED,0x005ed100->0x005141e0,hard
0x005141e0,0x005141e0,stub_code,a2,int,Unknown_a2_c,DIRECT,CALL_PROPAGATED,0x005ed100->0x005141e0,hard
0x005f6a70,0x005f6a70,,a1,int,ptr,CALL_PROPAGATED,RETURN_PROPAGATED,0x0050fe00->0x005f6a70,ptr_int
0x004ba920,0x004ba920,,a0,Unknown_a0_3e0,Unknown_a0_8_c_10_14,CALL_PROPAGATED,CALL_PROPAGATED,0x005f7800->0x004ba920,hard
0x005f7d30,0x005f7d30,stub_code,a0,Unknown_a0_1c,int,DIRECT,CALL_PROPAGATED,0x005f7890->0x005f7d30,hard
0x005f7d30,0x005f7d30,stub_code,a0,Unknown_a0_1c,Unknown_a0_10,DIRECT,CALL_PROPAGATED,0x005f7920->0x005f7d30,hard
0x005f7d30,0x005f7d30,stub_code,a1,int,Unknown_a1_c,DIRECT,CALL_PROPAGATED,0x005f7920->0x005f7d30,hard
0x005f7ad0,0x005f7ad0,stub_code,a1,int,Unknown_a1_c,DIRECT,CALL_PROPAGATED,0x005f7920->0x005f7ad0,hard
0x004f24a0,0x004f24a0,stub_code,a0,Unknown_a0_8,Unknown_a0_1c,DIRECT,CALL_PROPAGATED,0x005f7d30->0x004f24a0,hard
0x005fabd0,0x005fabd0,,a0,Unknown_a0_8c,int,CALL_PROPAGATED,CALL_PROPAGATED,0x005f80c0->0x005fabd0,hard
0x005fabd0,0x005fabd0,,a2,int,ptr,CALL_PROPAGATED,CALL_PROPAGATED,0x005f80c0->0x005fabd0,ptr_int
0x00513210,0x00513210,,a0,Unknown_a0_30_34_38,Unknown_a0_0_8_10_1c_24,CALL_PROPAGATED,CALL_PROPAGATED,0x005f82a0->0x00513210,hard
0x00590fd0,0x00590fd0,stub_code,a0,int,Unknown_a0_0_8_10_1c_24,DIRECT,CALL_PROPAGATED,0x005f82a0->0x00590fd0,hard
0x005c0d40,0x005c0d40,stub_code,a1,int,Unknown_a0_0_8_10_1c_24,DIRECT,CALL_PROPAGATED,0x005f82a0->0x005c0d40,hard
0x005fdeb0,0x005fdeb0,stub_code,a1,int,Unknown_a0_0_8_10_1c_24,DIRECT,CALL_PROPAGATED,0x005f82a0->0x005fdeb0,hard
0x00511940,0x00511940,stub_code,a1,int,Unknown_a0_0_8_10_1c_24,DIRECT,CALL_PROPAGATED,0x005f82a0->0x00511940,hard
0x005f8920,0x005f8920,stub_code,a1,int,ptr,DIRECT,CALL_PROPAGATED,0x005f85a0->0x005f8920,ptr_int
0x005f8920,0x005f8920,stub_code,a2,int,ptr,DIRECT,CALL_PROPAGATED,0x005f85a0->0x005f8920,ptr_int
0x005f8680,0x005f8680,stub_code,a1,int,ptr,DIRECT,CALL_PROPAGATED,0x005f85a0->0x005f8680,ptr_int
0x005f8680,0x005f8680,stub_code,a2,int,ptr,DIRECT,CALL_PROPAGATED,0x005f85a0->0x005f8680,ptr_int
0x005f8800,0x005f8800,stub_code,a1,int,ptr,DIRECT,CALL_PROPAGATED,0x005f85a0->0x005f8800,ptr_int
0x005f8800,0x005f8800,stub_code,a2,int,ptr,DIRECT,CALL_PROPAGATED,0x005f85a0->0x005f8800,ptr_int
0x004f2690,0x004f2690,stub_code,a1,int,Unknown_a0_0_8_10_1c_24,DIRECT,CALL_PROPAGATED,0x005f8680->0x004f2690,hard
0x00513210,0x00513210,,a1,Unknown_a1_0_4c,Unknown_a0_0_8_10_1c_24,CALL_PROPAGATED,CALL_PROPAGATED,0x005f8680->0x00513210,hard
0x005f5670,0x005f5670,stub_code,a1,int,Unknown_a0_0_8_10_1c_24,DIRECT,CALL_PROPAGATED,0x005f8680->0x005f5670,hard
0x005fdeb0,0x005fdeb0,stub_code,a1,int,ptr,DIRECT,CALL_PROPAGATED,0x005f8920->0x005fdeb0,ptr_int
0x005f90c0,0x005f90c0,,a0,Unknown_a0_0_8_10_28,int,CALL_PROPAGATED,CALL_PROPAGATED,0x005f93a0->0x005f90c0,hard
0x005f9620,0x005f9620,stub_code,a0,ptr,int,STRUCT_FIELD,CALL_PROPAGATED,0x005f95a0->0x005f9620,ptr_int
0x005f96d0,0x005f96d0,stub_code,a0,Unknown_a0_0_10,int,DIRECT,CALL_PROPAGATED,0x005f95a0->0x005f96d0,hard
0x005f96d0,0x005f96d0,stub_code,a1,int,Unknown_a1_8,DIRECT,CALL_PROPAGATED,0x005f95a0->0x005f96d0,hard
0x005f9110,0x005f9110,stub_code,a0,int,Unknown_a0_0_10,DIRECT,CALL_PROPAGATED,0x005f96d0->0x005f9110,hard
0x00513210,0x00513210,,a1,Unknown_a0_0_8_10_1c_24,int,CALL_PROPAGATED,CALL_PROPAGATED,0x005f9740->0x00513210,hard
0x005fdeb0,0x005fdeb0,stub_code,a0,Unknown_a0_8,Unknown_a0_20,DIRECT,CALL_PROPAGATED,0x005fa9e0->0x005fdeb0,hard
0x00511220,0x00511220,,a0,Unknown_a0_0_50,int,CALL_PROPAGATED,CALL_PROPAGATED,0x005faab0->0x00511220,hard
0x005fd3a0,0x005fd3a0,stub_code,a0,Unknown_a0_0_10_54,Unknown_a0_c,DIRECT,CALL_PROPAGATED,0x005fb000->0x005fd3a0,hard
0x005fd3a0,0x005fd3a0,stub_code,a2,int,Unknown_a0_c,CALL_PROPAGATED,CALL_PROPAGATED,0x005fb000->0x005fd3a0,hard
0x005fd3a0,0x005fd3a0,stub_code,a0,Unknown_a0_0_10_54,Unknown_a0_d,DIRECT,CALL_PROPAGATED,0x005fb050->0x005fd3a0,hard
0x005fd3a0,0x005fd3a0,stub_code,a2,Unknown_a0_c,Unknown_a0_d,CALL_PROPAGATED,CALL_PROPAGATED,0x005fb050->0x005fd3a0,hard
0x005fd3a0,0x005fd3a0,stub_code,a0,Unknown_a0_0_10_54,Unknown_a0_e,DIRECT,CALL_PROPAGATED,0x005fb0a0->0x005fd3a0,hard
0x005fd3a0,0x005fd3a0,stub_code,a2,Unknown_a0_c,Unknown_a0_e,CALL_PROPAGATED,CALL_PROPAGATED,0x005fb0a0->0x005fd3a0,hard
0x005fd3a0,0x005fd3a0,stub_code,a0,Unknown_a0_0_10_54,Unknown_a0_10_14_18,DIRECT,CALL_PROPAGATED,0x005fb140->0x005fd3a0,hard
0x005fd3a0,0x005fd3a0,stub_code,a0,Unknown_a0_0_10_54,Unknown_a0_1c,DIRECT,CALL_PROPAGATED,0x005fb1e0->0x005fd3a0,hard
0x005fd3a0,0x005fd3a0,stub_code,a2,Unknown_a0_c,Unknown_a0_1c,CALL_PROPAGATED,CALL_PROPAGATED,0x005fb1e0->0x005fd3a0,hard
0x005fb7a0,0x005fb7a0,stub_code,a1,Unknown_a1_8_14,int,DIRECT,CALL_PROPAGATED,0x005fb320->0x005fb7a0,hard
0x0058bac0,0x0058bac0,,a0,int,Unknown_a1_0_8,CALL_PROPAGATED,CALL_PROPAGATED,0x005fb3e0->0x0058bac0,hard
0x0058bac0,0x0058bac0,,a1,int,Unknown_a1_0_8,CALL_PROPAGATED,CALL_PROPAGATED,0x005fb3e0->0x0058bac0,hard
0x0058d880,0x0058d880,,a1,Unknown_a2_0_4_8_10_14_18_20_24_28,Unknown_a1_8,CALL_PROPAGATED,CALL_PROPAGATED,0x005fb5d0->0x0058d880,hard
0x005fc210,0x005fc210,stub_code,a1,int,Unknown_a1_8,DIRECT,CALL_PROPAGATED,0x005fb5d0->0x005fc210,hard
0x0058c3a0,0x0058c3a0,stub_code,a2,int,ptr,DIRECT,CALL_PROPAGATED,0x005fb5d0->0x0058c3a0,ptr_int
0x005fc2b0,0x005fc2b0,stub_code,a2,int,ptr,DIRECT,CALL_PROPAGATED,0x005fb5d0->0x005fc2b0,ptr_int
0x0058c3a0,0x0058c3a0,stub_code,a0,int,ptr,DIRECT,CALL_PROPAGATED,0x005fb5d0->0x0058c3a0,ptr_int
0x00513210,0x00513210,,a0,Unknown_a0_30_34_38,Unknown_a0_18,CALL_PROPAGATED,CALL_PROPAGATED,0x005fb7a0->0x00513210,hard
0x00513210,0x00513210,,a1,Unknown_a0_0_8_10_1c_24,Unknown_a1_8_14,CALL_PROPAGATED,CALL_PROPAGATED,0x005fb7a0->0x00513210,hard
0x0059e820,0x0059e820,stub_code,a0,int,Unknown_a0_18,DIRECT,CALL_PROPAGATED,0x005fb7a0->0x0059e820,hard
0x0059e820,0x0059e820,stub_code,a1,int,Unknown_a1_8_14,DIRECT,CALL_PROPAGATED,0x005fb7a0->0x0059e820,hard
0x00511940,0x00511940,stub_code,a1,int,Unknown_a1_8_14,DIRECT,CALL_PROPAGATED,0x005fb7a0->0x00511940,hard
0x005c09a0,0x005c09a0,stub_code,a1,int,Unknown_a1_8_14,DIRECT,CALL_PROPAGATED,0x005fb7a0->0x005c09a0,hard
0x005ca760,0x005ca760,stub_code,a0,ptr,int,STRUCT_FIELD,CALL_PROPAGATED,0x005fb8a0->0x005ca760,ptr_int
0x005ca760,0x005ca760,stub_code,a1,int,ptr,DIRECT,CALL_PROPAGATED,0x005fb8a0->0x005ca760,ptr_int
0x005fabd0,0x005fabd0,,a1,int,ptr,CALL_PROPAGATED,CALL_PROPAGATED,0x005fba30->0x005fabd0,ptr_int
0x005fc2b0,0x005fc2b0,stub_code,a1,int,ptr,DIRECT,CALL_PROPAGATED,0x005fba30->0x005fc2b0,ptr_int
0x005fc2b0,0x005fc2b0,stub_code,a2,int,Unknown_a1_8,DIRECT,CALL_PROPAGATED,0x005fba30->0x005fc2b0,hard
0x005fbe10,FUN_005fbe10,pseudo_stub,a2,int,Unknown_a1_8,DIRECT,CALL_PROPAGATED,0x005fba30->0x005fbe10,hard
0x005fbd90,0x005fbd90,stub_code,a2,int,Unknown_a1_8,DIRECT,CALL_PROPAGATED,0x005fba30->0x005fbd90,hard
0x005fbd90,0x005fbd90,stub_code,a1,int,ptr,DIRECT,CALL_PROPAGATED,0x005fba30->0x005fbd90,ptr_int
0x005fabe0,0x005fabe0,,a3,int,ptr,CALL_PROPAGATED,CALL_PROPAGATED,0x005fba30->0x005fabe0,ptr_int
0x005fac00,0x005fac00,,a3,int,ptr,CALL_PROPAGATED,CALL_PROPAGATED,0x005fba30->0x005fac00,ptr_int
0x005fabd0,0x005fabd0,,a2,Unknown_a1_8,int,CALL_PROPAGATED,CALL_PROPAGATED,0x005fc540->0x005fabd0,hard
0x005fac10,0x005fac10,,a1,ptr,int,CALL_PROPAGATED,CALL_PROPAGATED,0x005fc730->0x005fac10,ptr_int
0x005fac10,0x005fac10,,a2,Unknown_a1_8,int,CALL_PROPAGATED,CALL_PROPAGATED,0x005fc730->0x005fac10,hard
0x005fac10,0x005fac10,,a3,ptr,int,CALL_PROPAGATED,CALL_PROPAGATED,0x005fc730->0x005fac10,ptr_int
0x005fd3a0,0x005fd3a0,stub_code,a0,Unknown_a0_0_10_54,Unknown_a0_c_10,DIRECT,CALL_PROPAGATED,0x005fc800->0x005fd3a0,hard
0x004bdd80,0x004bdd80,stub_code,a0,int,ptr,DIRECT,CALL_PROPAGATED,0x005fcf50->0x004bdd80,ptr_int
0x004bdd80,0x004bdd80,stub_code,a1,int,ptr,DIRECT,CALL_PROPAGATED,0x005fcf50->0x004bdd80,ptr_int
0x005f7f90,0x005f7f90,stub_code,a2,int,ptr,DIRECT,CALL_PROPAGATED,0x005fd8a0->0x005f7f90,ptr_int
0x005fddc0,0x005fddc0,stub_code,a2,int,ptr,DIRECT,CALL_PROPAGATED,0x005fd8a0->0x005fddc0,ptr_int
0x005fddc0,0x005fddc0,stub_code,a1,int,ptr,DIRECT,CALL_PROPAGATED,0x005fda60->0x005fddc0,ptr_int
0x005fd8a0,0x005fd8a0,stub_code,a0,ptr,int,STRUCT_FIELD,CALL_PROPAGATED,0x005fdb50->0x005fd8a0,ptr_int
0x005fd8a0,0x005fd8a0,stub_code,a1,int,Unknown_a1_0_8,DIRECT,CALL_PROPAGATED,0x005fdb50->0x005fd8a0,hard
0x005fda60,0x005fda60,stub_code,a0,ptr,int,STRUCT_FIELD,CALL_PROPAGATED,0x005fdb50->0x005fda60,ptr_int
0x005fda60,0x005fda60,stub_code,a1,int,Unknown_a1_0_8,DIRECT,CALL_PROPAGATED,0x005fdb50->0x005fda60,hard
0x005fae70,0x005fae70,stub_code,a0,ptr,int,STRUCT_FIELD,CALL_PROPAGATED,0x005fdb50->0x005fae70,ptr_int
0x005fae70,0x005fae70,stub_code,a1,Unknown_a1_8,Unknown_a1_0_8,DIRECT,CALL_PROPAGATED,0x005fdb50->0x005fae70,hard
0x005fd3a0,0x005fd3a0,stub_code,a3,int,ptr,CALL_PROPAGATED,CALL_PROPAGATED,0x005fde60->0x005fd3a0,ptr_int
0x005fd2d0,0x005fd2d0,stub_code,a0,int,Unknown_a0_8,DIRECT,CALL_PROPAGATED,0x005fdeb0->0x005fd2d0,hard
0x00511220,0x00511220,,a0,Unknown_a0_0_50,Unknown_a0_8,CALL_PROPAGATED,CALL_PROPAGATED,0x005fdf10->0x00511220,hard
0x00076460,0x00076460,,a2,Unknown_a2_8,int,CALL_PROPAGATED,CALL_PROPAGATED,0x00659308->0x00076460,hard
0x0035be10,0x0035be10,stub_code,a2,Unknown_a2_0_4_8,int,CALL_PROPAGATED,CALL_PROPAGATED,0x006c9740->0x0035be10,hard
0x0012c650,0x0012c650,,a2,Unknown_a0_8_c,int,CALL_PROPAGATED,CALL_PROPAGATED,0x0012d570->0x0012c650,hard
0x00108b40,0x00108b40,,a2,Unknown_a0_8,int,CALL_PROPAGATED,CALL_PROPAGATED,0x00107570->0x00108b40,hard
0x0026c150,0x0026c150,,a0,Unknown_a0_0_8_10_14,Unknown_a0_4,CALL_PROPAGATED,CALL_PROPAGATED,0x0010e060->0x0026c150,hard
0x002618a0,0x002618a0,,a0,Unknown_a0_4_30,int,CALL_PROPAGATED,CALL_PROPAGATED,0x00112d60->0x002618a0,hard
0x0012d930,0x0012d930,,a1,Unknown_a1_c_10,int,CALL_PROPAGATED,CALL_PROPAGATED,0x001137f0->0x0012d930,hard
0x00116b80,0x00116b80,,a1,Unknown_a0_4_8b4,int,CALL_PROPAGATED,CALL_PROPAGATED,0x00116a80->0x00116b80,hard
0x0010e770,0x0010e770,,a0,Unknown_a0_4_8_10,Unknown_a0_c,CALL_PROPAGATED,CALL_PROPAGATED,0x0012e230->0x0010e770,hard
0x0010e770,0x0010e770,,a0,Unknown_a0_4_8_10,Unknown_a0_10,CALL_PROPAGATED,CALL_PROPAGATED,0x00131310->0x0010e770,hard
0x0010e610,0x0010e610,,a0,Unknown_a1_c_10,Unknown_a0_10,CALL_PROPAGATED,CALL_PROPAGATED,0x00131310->0x0010e610,hard
0x0010e770,0x0010e770,,a0,Unknown_a0_4_8_10,Unknown_a0_14,CALL_PROPAGATED,CALL_PROPAGATED,0x00138770->0x0010e770,hard
0x00120720,FUN_00120720,real_logic,a2,Unknown_a2_0_4_8,int,CALL_PROPAGATED,CALL_PROPAGATED,0x0013cc10->0x00120720,hard
0x001206c0,0x001206c0,,a3,Unknown_a3_0_4_8,int,CALL_PROPAGATED,CALL_PROPAGATED,0x0013cc10->0x001206c0,hard
0x0010e770,0x0010e770,,a0,Unknown_a0_4_8_10,Unknown_a0_80,CALL_PROPAGATED,CALL_PROPAGATED,0x00157fd0->0x0010e770,hard
0x00134e50,0x00134e50,,a2,Unknown_a1_0_4_8_c_10_14_18,Unknown_a0_0,CALL_PROPAGATED,CALL_PROPAGATED,0x0015e100->0x00134e50,hard
0x00134e50,0x00134e50,,a3,Unknown_a1_0_4_8_c_10_14_18,Unknown_a0_0,CALL_PROPAGATED,CALL_PROPAGATED,0x0015e100->0x00134e50,hard
0x0011b5d0,0x0011b5d0,,a0,Unknown_a0_8_14_68,int,CALL_PROPAGATED,CALL_PROPAGATED,0x0016b740->0x0011b5d0,hard
0x001606e0,0x001606e0,,a0,Unknown_a2_4_8,int,CALL_PROPAGATED,CALL_PROPAGATED,0x00170d60->0x001606e0,hard
0x00134e50,0x00134e50,,a3,Unknown_a1_0_4_8_c_10_14_18,Unknown_a3_0,CALL_PROPAGATED,CALL_PROPAGATED,0x0017b730->0x00134e50,hard
0x00134e50,0x00134e50,,a2,Unknown_a1_0_4_8_c_10_14_18,Unknown_a0_54,CALL_PROPAGATED,CALL_PROPAGATED,0x001819e0->0x00134e50,hard
0x001329d0,0x001329d0,,a2,Unknown_a1_0_4_8_c_10_14_18,Unknown_a0_54,CALL_PROPAGATED,CALL_PROPAGATED,0x001819e0->0x001329d0,hard
0x001329d0,0x001329d0,,a3,Unknown_a1_0_4_8_c_10_14_18,Unknown_a0_54,CALL_PROPAGATED,CALL_PROPAGATED,0x001819e0->0x001329d0,hard
0x0010e770,0x0010e770,,a0,Unknown_a0_4_8_10,Unknown_a0_3a0,CALL_PROPAGATED,CALL_PROPAGATED,0x00199330->0x0010e770,hard
0x00545430,0x00545430,,a1,Unknown_a1_14,int,CALL_PROPAGATED,CALL_PROPAGATED,0x001afc30->0x00545430,hard
0x0010e770,0x0010e770,,a0,Unknown_a0_4_8_10,Unknown_a0_8,CALL_PROPAGATED,CALL_PROPAGATED,0x001b11f0->0x0010e770,hard
0x0010e610,0x0010e610,,a0,Unknown_a1_c_10,Unknown_a0_8,CALL_PROPAGATED,CALL_PROPAGATED,0x001b11f0->0x0010e610,hard
0x00201fb0,0x00201fb0,,a3,Unknown_a0_0_4_8,int,CALL_PROPAGATED,CALL_PROPAGATED,0x001ce090->0x00201fb0,hard
0x00429068,0x00429068,,a0,Unknown_a0_0_4_8,Unknown_a0_4_44,CALL_PROPAGATED,CALL_PROPAGATED,0x0023e250->0x00429068,hard
0x00429068,0x00429068,,a0,Unknown_a0_0_4_8,Unknown_a0_4_10,CALL_PROPAGATED,CALL_PROPAGATED,0x0024e310->0x00429068,hard
0x0026c150,0x0026c150,,a0,Unknown_a0_0_8_10_14,Unknown_a0_20,CALL_PROPAGATED,CALL_PROPAGATED,0x002652a0->0x0026c150,hard
0x00513210,0x00513210,,a1,Unknown_a0_0_8_10_1c_24,Unknown_a1_24,CALL_PROPAGATED,CALL_PROPAGATED,0x00278c30->0x00513210,hard
0x00513210,0x00513210,,a1,Unknown_a0_0_8_10_1c_24,Unknown_a1_14,CALL_PROPAGATED,CALL_PROPAGATED,0x002e56f0->0x00513210,hard
0x002e68c0,0x002e68c0,,a1,Unknown_a1_0,int,CALL_PROPAGATED,CALL_PROPAGATED,0x002e6540->0x002e68c0,hard
0x005111f0,0x005111f0,,a0,Unknown_a0_8_c_1c,int,CALL_PROPAGATED,CALL_PROPAGATED,0x002e9740->0x005111f0,hard
0x00429068,0x00429068,,a0,Unknown_a0_0_4_8,Unknown_a0_34,CALL_PROPAGATED,CALL_PROPAGATED,0x002ea260->0x00429068,hard
0x0058a7a0,0x0058a7a0,,a0,Unknown_a1_0_10_18_34_44,Unknown_a0_20,CALL_PROPAGATED,CALL_PROPAGATED,0x002f83c0->0x0058a7a0,hard
0x00513210,0x00513210,,a0,Unknown_a0_30_34_38,Unknown_a0_2c,CALL_PROPAGATED,CALL_PROPAGATED,0x002fdd20->0x00513210,hard
0x00513210,0x00513210,,a1,Unknown_a0_0_8_10_1c_24,Unknown_a1_0,CALL_PROPAGATED,CALL_PROPAGATED,0x00301fa0->0x00513210,hard
0x00513210,0x00513210,,a0,Unknown_a0_30_34_38,Unknown_a0_8c,CALL_PROPAGATED,CALL_PROPAGATED,0x0030a570->0x00513210,hard
0x005111f0,0x005111f0,,a0,Unknown_a0_8_c_1c,Unknown_a0_38,CALL_PROPAGATED,CALL_PROPAGATED,0x0031c650->0x005111f0,hard
0x005af790,0x005af790,,a2,Unknown_a0_0_8_c_10_1c_30_34_44,int,CALL_PROPAGATED,CALL_PROPAGATED,0x003361d0->0x005af790,hard
0x00428998,0x00428998,,a0,Unknown_a0_0_8_58,Unknown_a0_8c,CALL_PROPAGATED,CALL_PROPAGATED,0x003430e0->0x00428998,hard
0x00364600,0x00364600,,a2,Unknown_a0_c_10_200,Unknown_a2_c,CALL_PROPAGATED,CALL_PROPAGATED,0x0039e540->0x00364600,hard
0x0039dc10,0x0039dc10,,a2,Unknown_a2_0,int,CALL_PROPAGATED,CALL_PROPAGATED,0x003a0170->0x0039dc10,hard
0x003f2f30,0x003f2f30,,a0,Unknown_a0_0_4,int,CALL_PROPAGATED,CALL_PROPAGATED,0x003c1f70->0x003f2f30,hard
0x003f2f50,0x003f2f50,,a2,Unknown_a2_0,int,CALL_PROPAGATED,CALL_PROPAGATED,0x003de560->0x003f2f50,hard
0x003f2f30,0x003f2f30,,a0,Unknown_a0_0_4,Unknown_a0_3d,CALL_PROPAGATED,CALL_PROPAGATED,0x003e2be0->0x003f2f30,hard
0x004287e0,0x004287e0,,a2,Unknown_a3_20_28_30_38_58_5b,Unknown_a1_4,CALL_PROPAGATED,CALL_PROPAGATED,0x003ebbf0->0x004287e0,hard
0x0043cb00,FUN_0043cb00,real_logic,a1,Unknown_a1_c,int,CALL_PROPAGATED,CALL_PROPAGATED,0x003fc0d8->0x0043cb00,hard
0x0043cae0,0x0043cae0,,a1,Unknown_a1_c,int,CALL_PROPAGATED,CALL_PROPAGATED,0x00422db0->0x0043cae0,hard
0x0043cb10,0x0043cb10,,a1,Unknown_a1_c,int,CALL_PROPAGATED,CALL_PROPAGATED,0x004239f0->0x0043cb10,hard
0x0043cb00,FUN_0043cb00,real_logic,a0,Unknown_a1_c,int,CALL_PROPAGATED,CALL_PROPAGATED,0x0045b668->0x0043cb00,hard
0x0043cb30,0x0043cb30,,a1,Unknown_a1_c,int,CALL_PROPAGATED,CALL_PROPAGATED,0x0045b830->0x0043cb30,hard
0x00428998,0x00428998,,a0,Unknown_a0_0_8_58,Unknown_a0_60,CALL_PROPAGATED,CALL_PROPAGATED,0x00481058->0x00428998,hard
0x00428998,0x00428998,,a0,Unknown_a0_0_8_58,Unknown_a0_4,CALL_PROPAGATED,CALL_PROPAGATED,0x004b48f8->0x00428998,hard
0x00513210,0x00513210,,a1,Unknown_a0_0_8_10_1c_24,Unknown_a1_1,CALL_PROPAGATED,CALL_PROPAGATED,0x004efbe0->0x00513210,hard
0x00513210,0x00513210,,a1,Unknown_a0_0_8_10_1c_24,Unknown_a1_c,CALL_PROPAGATED,CALL_PROPAGATED,0x004f6830->0x00513210,hard
0x00513210,0x00513210,,a1,Unknown_a0_0_8_10_1c_24,Unknown_a1_8,CALL_PROPAGATED,CALL_PROPAGATED,0x004fc7b0->0x00513210,hard
0x004ddda0,0x004ddda0,,a0,Unknown_a0_0_4c,Unknown_a0_34,CALL_PROPAGATED,CALL_PROPAGATED,0x005038a0->0x004ddda0,hard
0x00409110,0x00409110,,a1,Unknown_a0_0,int,CALL_PROPAGATED,CALL_PROPAGATED,0x00568450->0x00409110,hard
0x00409110,0x00409110,,a3,Unknown_a0_0,int,CALL_PROPAGATED,CALL_PROPAGATED,0x00568450->0x00409110,hard
0x00513210,0x00513210,,a1,Unknown_a0_0_8_10_1c_24,Unknown_a0_3c,CALL_PROPAGATED,CALL_PROPAGATED,0x005b9180->0x00513210,hard
0x00513210,0x00513210,,a1,Unknown_a0_0_8_10_1c_24,Unknown_a1_10,CALL_PROPAGATED,CALL_PROPAGATED,0x005e0300->0x00513210,hard
